StationID,TimeStamp,magn@var,magn@power,magn@skew,magn@kurt,magn@abs_max,magn@abs_mean,magn@abs_max_top5p,magn@abs_max_top10p,magn@energy_sstd,magn@energy_smax,magn@power_0_5,magn@power_5_10,magn@power_10_15,magn@power_15_20,magn@power_20_25,magn@power_25_30,magn@power_30_35,magn@power_35_40,magn@power_40_60,magn@power_140_160,magn@power_other,magn@frequency_center,magn@mean_square_frequency,magn@variance_frequency,magn@frequency_entropy,magn@level4d_abs_mean,magn@level4d_energy,magn@level4d_energy_smax,magn@level4d_energy_sstd,magn@level5d_abs_mean,magn@level5d_energy,magn@level5d_energy_smax,magn@level5d_energy_sstd,magn@level6a_abs_mean,magn@level6a_energy,magn@level6a_energy_smax,magn@level6a_energy_sstd,magn@level6d_abs_mean,magn@level6d_energy,magn@level6d_energy_smax,magn@level6d_energy_sstd,magn@ulf_abs_mean,magn@ulf_var,magn@ulf_power,magn@ulf_skew,magn@ulf_kurt,magn@ulf_abs_max,magn@ulf_abs_max_top5p,magn@ulf_abs_max_top10p,magn@ulf_energy_sstd,magn@ulf_energy_smax
147,1708790400,0.893762186,0.893775819,-0.00518207619,-1.5468684400000001,1.42365597,0.8638297749999999,1.3189152800000001,1.24755055,0.01131377744,0.37700690400000003,1.440688385e-05,1.3439138200000001e-06,4.16881052e-06,1.650132364e-06,2.195694777e-06,8.1565704e-06,1.9348966300000002e-05,1.0974717040000001e-05,0.437440185,0.00931184585,8.006989910000001e-05,72.56158769999999,52.110353499999995,2.9720851900000002e-05,6.21850853,0.0151360161,10.1578599,0.000977854244,8.905387245e-05,0.0307194851,38.8595007,0.000977854244,8.905387245e-05,0.005275390069999999,19.52971604,0.000977854244,8.905387245e-05,0.0026018194400000004,19.463693929999998,0.000977854244,8.905387245e-05,0.00466637278,1.9089818399999997e-05,3.276679910000001e-05,-0.03865477208000001,-0.5568292560000001,0.011072213459999999,0.0032743146200000005,0.0020330293450000004,1.133689228e-06,1.65797653e-05
147,1708791000,1.1418611969999999,1.141874958,-0.0053723278600000006,-1.5633894,1.59391117,0.9730050020000001,1.45984458,1.38465477,0.029892563500000004,0.502700771,1.444540745e-05,1.1405437490000001e-06,3.17150158e-06,1.918747433e-06,1.97634689e-06,2.9871093359999997e-06,1.20065739e-05,8.448218869999999e-06,0.5629249929999999,0.00790624849,6.676688739999999e-05,69.97315189999999,51.5109285,3.8007795000000005e-05,5.67520069,0.016821969,12.320608,0.001469620117,0.00013411476707,0.034410623200000004,49.2685188,0.001469620117,0.00013411476707,0.00547766929,26.795706589999998,0.001469620117,0.00013411476707,0.0028577751500000006,26.998768859999995,0.001469620117,0.00013411476707,0.00425189996,1.3377093250000001e-05,2.70088718e-05,-0.0555424446,-0.35273030550000006,0.01073110175,0.00213431388,0.0010155946689999998,1.3576592839999998e-06,1.5182857e-05
147,1708791600,0.9495390460000002,0.9495527240000001,-0.005887323080000001,-1.58372699,1.4298436799999998,0.8934782890000001,1.3329406700000002,1.26956375,0.009914975730000001,0.39928965,1.5193808900000003e-05,1.8691038669999998e-06,3.3652006600000003e-06,2.579038393e-06,3.4935469199999996e-06,5.3631032670000005e-06,1.071769313e-05,1.623373574e-05,0.46667517100000006,0.007964017299999999,8.48389232e-05,68.2133523,51.7121745,3.15641638e-05,6.20085405,0.0154090589,10.153661,0.0006786565949000001,6.163892171e-05,0.031620850500000006,41.1362545,0.0006786565949000001,6.163892171e-05,0.0051694568199999996,16.573233109999997,0.0006786565949000001,6.163892171e-05,0.00239829606,16.32679142,0.0006786565949000001,6.163892171e-05,0.00389978613,7.4914928499999994e-06,2.1200459299999997e-05,0.0040571461546,-0.40983276,0.00617871729,0.0006265490010000001,-0.00020198260700000003,8.159904679999998e-07,1.0927751299999998e-05
147,1708792200,0.8494552370000001,0.8494687630000002,-0.00627433588,-1.5938603900000001,1.35491635,0.848389633,1.25658837,1.19527398,0.0082849773,0.35449283400000003,1.4910143950000001e-05,1.79199732e-06,2.8314594500000004e-06,2.43562907e-06,2.965784419e-06,3.873037394999999e-06,9.5676093e-06,1.292948002e-05,0.416481428,0.00814364528,6.468026010000001e-05,70.00694720000001,51.9690608,2.8247467399999996e-05,6.16572326,0.0144214541,8.876781500000002,0.0005281650707,4.786321627e-05,0.02975773,36.32451679999999,0.0005281650707,4.786321627e-05,0.00501192072,14.33106122,0.0005281650707,4.786321627e-05,0.0022182466699999996,13.95751384,0.0005281650707,4.786321627e-05,0.0038281040500000004,6.5184018100000006e-06,2.0082024700000002e-05,0.01053831234,-0.37502897799999996,0.0056634706100000005,0.000364133244,-0.00042022720699999995,8.08059643e-07,1.03724715e-05
147,1708792800,0.791247731,0.79126136,-0.00671673481,-1.62351734,1.2934519500000001,0.8193365029999999,1.18972379,1.13527215,0.010771955429999999,0.33759746,1.5409019e-05,2.050527545e-06,2.805373565e-06,3.1198882330000004e-06,3.547919524e-06,4.8666978959999995e-06,8.93328222e-06,1.5241896600000003e-05,0.387700194,0.0078118208800000005,6.927805949999999e-05,68.6634026,52.07833359999999,2.63021691e-05,6.26984968,0.014060622649999998,8.431305009999999,0.0004708678405,4.264633276999999e-05,0.028768267799999997,34.2770386,0.0004708678405,4.264633276999999e-05,0.0048267312800000005,11.7006933,0.0004708678405,4.264633276999999e-05,0.00195240726,11.39822049,0.0004708678405,4.264633276999999e-05,0.00381012331,5.095701170000001e-06,1.8660689500000004e-05,0.013566359590000002,0.3925156530000001,0.00601148121,-0.00015428779000000006,-0.000969016566,1.10361776e-06,1.054983995e-05
147,1708793400,0.733646751,0.7336603480000001,-0.007294088580000001,-1.6384429600000001,1.2355127,0.793044072,1.14123484,1.08618315,0.00828331475,0.306580686,1.5669118399999998e-05,2.36362728e-06,2.4901067980000004e-06,3.2297647049999997e-06,4.00015218e-06,5.246048307e-06,8.74965289e-06,1.5931993739999997e-05,0.358867722,0.007842178939999998,6.90859273e-05,69.0510079,52.1928493,2.4377070900000003e-05,6.429308229999999,0.0134828697,7.6515491099999995,0.0006089817898,5.5278342049999986e-05,0.0276570222,31.4059489,0.0006089817898,5.5278342049999986e-05,0.00495819804,13.81446206,0.0006089817898,5.5278342049999986e-05,0.0020271279699999997,13.539147880000002,0.0006089817898,5.5278342049999986e-05,0.00372509361,2.86831818e-06,1.64995973e-05,0.0331484008,0.500063844,0.00393505649,-0.0009259053049999998,-0.001579037037,8.417900250000001e-07,8.965594799999999e-06
147,1708794000,0.7604526069999998,0.760466381,-0.00730906979,-1.6205466999999998,1.28062659,0.803437754,1.1651980599999998,1.10917136,0.012240580939999999,0.32959089399999997,1.506038125e-05,1.5230623589999998e-06,1.645011951e-06,2.45474843e-06,2.873120084e-06,3.766232409e-06,7.06802005e-06,1.29470582e-05,0.37217419599999996,0.007948295040000001,7.01092185e-05,71.26096820000001,52.15676030000001,2.52711924e-05,6.258535880000001,0.01380016155,8.063328379999998,0.0005909476277999999,5.361705949e-05,0.0283088862,33.1198806,0.0005909476277999999,5.361705949e-05,0.00495202401,13.405916020000001,0.0005909476277999999,5.361705949e-05,0.0019972630300000003,13.135821920000001,0.0005909476277999999,5.361705949e-05,0.00376662938,3.331980769999999e-06,1.7043275799999998e-05,0.006670984285000001,0.650481643,0.004648918619999999,-0.000735520264,-0.0015184700729999998,1.2184902309999999e-06,9.90964774e-06
147,1708794600,0.895762624,0.895776344,-0.00648347296,-1.6057649999999999,1.36897927,0.8692025360000001,1.28321419,1.21451209,0.013521794659999998,0.374144326,1.4801237000000001e-05,1.361952824e-06,1.377000691e-06,1.881128688e-06,2.648357835e-06,3.480049355e-06,6.50123956e-06,1.2732730049999999e-05,0.439618194,0.008163328289999999,6.8630511e-05,69.7716658,51.8881459,2.9780996100000002e-05,6.18434495,0.014982447699999998,9.53225475,0.0005910622445000002,5.3598733770000006e-05,0.030688091299999998,38.8842157,0.0005910622445000002,5.3598733770000006e-05,0.00506346858,14.461848320000001,0.0005910622445000002,5.3598733770000006e-05,0.0021700792900000002,14.146559929999999,0.0005910622445000002,5.3598733770000006e-05,0.00372891951,2.49677992e-06,1.6238574000000003e-05,0.03083422865,1.218534798,0.00580474599,-0.0011170896669999999,-0.0017523833200000002,7.238174959999999e-07,8.8988352e-06
147,1708795200,1.1670911899999998,1.16710483,-0.0062704115599999995,-1.57926631,1.5597476000000001,0.9896378350000001,1.47529504,1.4087304999999999,0.007268566470000001,0.4847720379999999,1.62530673e-05,3.005884095e-06,3.14403219e-06,3.98846142e-06,5.362902460000001e-06,7.12724743e-06,1.2055342889999999e-05,2.3466991699999997e-05,0.57591918,0.007468585969999999,9.70792477e-05,66.6189794,51.323783000000006,3.87910241e-05,6.494901919999999,0.0169176713,12.098442449999999,0.0011551380054,0.00010527685342000002,0.0350018109,50.228446700000006,0.0011551380054,0.00010527685342000002,0.0053346480800000005,23.284853020000003,0.0011551380054,0.00010527685342000002,0.0025759033800000003,23.278133566,0.0011551380054,0.00010527685342000002,0.00374118517,2.9496608100000002e-06,1.6698279799999998e-05,0.0394301317,0.47354076330000006,0.00433161473,-0.0008515383625999999,-0.001563093065,7.93174108e-07,8.88816702e-06
147,1708795800,1.02690057,1.026914204,-0.00558906726,-1.54565208,1.4841828,0.918492613,1.3986802299999996,1.3258905200000002,0.01257508153,0.423135289,1.5831844749999997e-05,2.5617306589999995e-06,2.6977294686000002e-06,3.7555700309999995e-06,4.5442083259999995e-06,5.929891624e-06,1.0163153740000002e-05,1.970901993e-05,0.505399111,0.00791330883,8.625741960000001e-05,69.3962,51.7308728,3.41352437e-05,6.30105533,0.0158048523,10.83168066,0.0008497626770000001,7.72970323e-05,0.0326747089,44.4842719,0.0008497626770000001,7.72970323e-05,0.005187073049999999,17.94829391,0.0008497626770000001,7.72970323e-05,0.0023669586,17.81438782,0.0008497626770000001,7.72970323e-05,0.00377104059,3.60675924e-06,1.72730752e-05,0.05203759100000001,1.095384721,0.006378644409999999,-0.0006049338969999999,-0.001365314754,1.0419875780000002e-06,9.952224010000002e-06
147,1708796400,0.5513524590000001,0.551366037,-0.005576613659999999,-1.54959744,1.12814691,0.681694205,1.0458694400000002,0.98001742,0.00406959516,0.22648131000000005,1.46718164e-05,1.284920131e-06,1.3452690219999997e-06,1.7644835269999999e-06,2.224076879e-06,2.8637691449999998e-06,5.43501833e-06,9.483620880000001e-06,0.26625183900000005,0.0093473003,5.130013449999999e-05,71.6581682,53.4283726,1.83245665e-05,6.306292879999999,0.011578855349999998,5.81042877,0.0004914618369999999,4.451272313e-05,0.023892409799999997,23.4064362,0.0004914618369999999,4.451272313e-05,0.004870202380000001,11.119487340000001,0.0004914618369999999,4.451272313e-05,0.0018493500600000004,10.825478020000002,0.0004914618369999999,4.451272313e-05,0.00370226594,2.12467608e-06,1.5679422500000003e-05,0.05422459853,1.3275486109999999,0.00406226858,-0.00130422518,-0.0019276936799999997,8.08892025e-07,8.81028938e-06
147,1708797000,0.859273595,0.8592872459999998,-0.00646995423,-1.56397191,1.37719203,0.845080076,1.2711762700000002,1.2015741969999998,0.012729687879999998,0.36577119799999996,1.5597913900000002e-05,2.221941384e-06,2.3498128715999997e-06,3.33678723e-06,3.7415100109999997e-06,4.808343545e-06,8.342539409999998e-06,1.491274635e-05,0.420195395,0.0093421243,5.7468563199999996e-05,70.0546659,52.3474296,2.8569345e-05,6.04412229,0.014429392099999999,9.02112858,0.0014942068620000001,0.00013639384808,0.0297362731,36.760289,0.0014942068620000001,0.00013639384808,0.00551402929,26.954163219999998,0.0014942068620000001,0.00013639384808,0.00265679675,27.24618277,0.0014942068620000001,0.00013639384808,0.00376355273,3.6600912299999996e-06,1.7237583300000004e-05,0.019767737814000003,2.6275339429999995,0.007155464689999999,-0.0005865166560000001,-0.001383627421,1.330514732e-06,1.11052135e-05
147,1708797600,0.695538112,0.695551616,-0.007333475140000001,-1.6704236100000003,1.1862362199999998,0.7759210559999999,1.0945459300000002,1.0338690750000001,0.01368515166,0.29558444700000003,1.5105213049999999e-05,1.880488334e-06,1.961599799e-06,2.5478042579999995e-06,3.2905012799999997e-06,4.3708312300000006e-06,7.57570335e-06,1.425528593e-05,0.33709821599999995,0.010568021600000001,6.531877420000001e-05,71.32948250000001,53.120922300000004,2.3110819999999997e-05,6.5512716,0.0131339743,7.20302781,0.0009415396604999999,8.57468472e-05,0.026701982899999997,29.334350399999998,0.0009415396604999999,8.57468472e-05,0.00508566053,16.972412159999998,0.0009415396604999999,8.57468472e-05,0.0021522381599999997,16.99858588,0.0009415396604999999,8.57468472e-05,0.0036982266800000005,2.24731802e-06,1.5768607500000004e-05,0.03882925903,1.1177705390000001,0.00456414638,-0.0012257823499999998,-0.0018341803100000002,7.848040610000001e-07,8.831874e-06
147,1708798200,0.6133976720000001,0.6134110700000001,-0.00858428977,-1.65594594,1.13538467,0.729235056,1.04515691,0.987030117,0.0060073379199999995,0.261313907,1.4410157199999999e-05,1.181142463e-06,1.2202508294000001e-06,1.7347588240000002e-06,2.114144059e-06,2.699687812e-06,4.9154703299999995e-06,8.746773459999999e-06,0.29657349800000005,0.010054714000000001,4.69023364e-05,73.98163249999999,53.307976499999995,2.0395833200000002e-05,6.055252599999999,0.0124732878,6.54412839,0.00038318700439999995,3.4686835490000005e-05,0.0252415301,26.166276500000002,0.00038318700439999995,3.4686835490000005e-05,0.00470486505,9.90737572,0.00038318700439999995,3.4686835490000005e-05,0.00171377056,9.516617100000001,0.00038318700439999995,3.4686835490000005e-05,0.0036918253799999995,2.33086374e-06,1.577783975e-05,0.03874990282,0.7926539562,0.004341744119999999,-0.001156613313,-0.0017952636800000002,8.40181447e-07,8.74946452e-06
147,1708798800,0.565113205,0.5651268,-0.01098412015,-1.5368639599999998,1.13624721,0.68856159,1.0545321699999999,0.986617596,0.007611684289999999,0.23891998399999997,1.43743468e-05,9.479819790000002e-07,1.0443627966e-06,1.7968735530000002e-06,1.74562234e-06,2.347648438e-06,4.54563311e-06,8.01134435e-06,0.272073768,0.010410687249999998,5.064913969999999e-05,76.009018,53.7550301,1.8784616299999998e-05,6.13623642,0.011645914299999999,5.9166374699999995,0.0005286508129999999,4.7928957859999995e-05,0.024080405800000003,23.837029100000002,0.0005286508129999999,4.7928957859999995e-05,0.00485222462,11.60902878,0.0005286508129999999,4.7928957859999995e-05,0.0018424914099999998,11.38291839,0.0005286508129999999,4.7928957859999995e-05,0.0037545951100000003,3.33981919e-06,1.6870016699999998e-05,0.08112364958,45.519253068,0.01191974798,-0.000915046475,-0.0015785905399999997,1.7333173220000001e-06,1.7674051850000002e-05
147,1708799400,0.5473079829999999,0.5473216329999999,-0.0108790985,-1.44067888,1.1587478900000001,0.6683276570000001,1.07440781,1.0028556199999998,0.0069409840700000005,0.22938903099999997,1.4079123150000002e-05,5.44816332e-07,4.98870776e-07,9.417532939999999e-07,9.999358699999998e-07,1.19230293e-06,2.774532614e-06,4.36565551e-06,0.263108188,0.010496866899999999,3.70590942e-05,78.6405985,53.87466920000001,1.82093171e-05,5.945465620000001,0.0114172293,5.823668080000001,0.0005909337664000001,5.3646870330000005e-05,0.023750679999999996,23.146680600000003,0.0005909337664000001,5.3646870330000005e-05,0.004985691,12.472178329999998,0.0005909337664000001,5.3646870330000005e-05,0.0019437771699999998,12.20842523,0.0005909337664000001,5.3646870330000005e-05,0.0037319194399999998,2.46864582e-06,1.6157502e-05,0.023840697900000003,3.763393249,0.007297694039999999,-0.001149119382,-0.00183942123,1.119306248e-06,1.26082064e-05
147,1708800000,0.593908851,0.5939225629999999,-0.009986062099999998,-1.5146125700000002,1.17982349,0.704615312,1.09428341,1.022881207,0.00816268057,0.250981326,1.4913469699999999e-05,1.410008259e-06,1.456851529e-06,2.05158118e-06,2.438903525e-06,3.13091418e-06,5.70064207e-06,9.863284880000002e-06,0.286491717,0.01038588155,4.94582575e-05,73.6684701,53.549734799999996,1.9740307700000002e-05,6.32453139,0.011951804799999998,6.26201171,0.000668385725,6.072131043999999e-05,0.024734430199999997,25.145307,0.000668385725,6.072131043999999e-05,0.004968013110000001,13.12795282,0.000668385725,6.072131043999999e-05,0.00194345901,12.96607114,0.000668385725,6.072131043999999e-05,0.0037369812099999995,2.5347255900000003e-06,1.62501372e-05,0.0796954889,4.725229926999999,0.00807882672,-0.0011321900500000002,-0.0018261965700000003,1.100952568e-06,1.148670698e-05
147,1708800600,0.501684716,0.5016982459999999,-0.0106753374,-1.5367557299999999,1.10343368,0.650010778,1.001655569,0.93415351,0.0050751823300000005,0.21471177499999997,1.4489989200000002e-05,1.1084119420000002e-06,1.2036102930000002e-06,2.035136645e-06,1.929839215e-06,2.441010401e-06,4.73338799e-06,7.7718372e-06,0.240569431,0.010207478899999999,4.321020110000001e-05,75.25626509999998,54.1176713,1.6676386100000002e-05,6.2571052400000005,0.0109626178,5.25478723,0.0005540190936,5.0250211150000006e-05,0.022681272,21.103166,0.0005540190936,5.0250211150000006e-05,0.0048353678099999995,10.915887860000002,0.0005540190936,5.0250211150000006e-05,0.00180159137,10.68666321,0.0005540190936,5.0250211150000006e-05,0.0037520972299999998,3.11422081e-06,1.6667525900000002e-05,0.0444839463,1.2823460309999999,0.005696279424999999,-0.0009114664464,-0.001587606094,1.110659192e-06,9.571438570000002e-06
147,1708801200,0.6957775620000001,0.69579108,-0.008845043850000001,-1.5170009599999998,1.2741013799999998,0.7559945960000001,1.17828597,1.0903082659999999,0.018712742499999997,0.301637355,1.51204366e-05,1.829439334e-06,1.938289768e-06,2.480553274e-06,3.1773104449999997e-06,4.144615513e-06,7.13495614e-06,1.320658727e-05,0.337968162,0.0098274491,5.751932029999999e-05,71.26709009999999,53.0808212,2.31189793e-05,6.1248507199999995,0.0128622354,7.3077115699999995,0.00014331967359999998,1.2597793699999999e-05,0.0266247845,29.677415600000007,0.00014331967359999998,1.2597793699999999e-05,0.00464305357,6.982189619999998,0.00014331967359999998,1.2597793699999999e-05,0.00167378595,6.48268682,0.00014331967359999998,1.2597793699999999e-05,0.00370799408,2.34482598e-06,1.58791055e-05,0.02583412379999999,3.883400837,0.00843435963,-0.001226401174,-0.00184334741,8.675050459999999e-07,1.065945438e-05
147,1708801800,0.5551755519999999,0.555189127,-0.009978075199999999,-1.55981491,1.1204591999999998,0.685090723,1.04541937,0.977392343,0.00397502429,0.22764695299999999,1.4128364000000002e-05,7.271092440000001e-07,8.110290430000002e-07,1.5658239389999998e-06,1.5688658339999997e-06,2.084244304e-06,4.278713869999999e-06,7.95017045e-06,0.26721005900000006,0.0103036855,5.4227840100000004e-05,77.0657046,53.7546837,1.84484215e-05,6.39897754,0.01163875045,5.907392150000001,0.0006703418845,6.09072643e-05,0.023961255400000003,23.5706083,0.0006703418845,6.09072643e-05,0.00499065026,13.108951440000002,0.0006703418845,6.09072643e-05,0.00198060843,12.955652849999998,0.0006703418845,6.09072643e-05,0.0037440901399999997,3.0840529000000005e-06,1.6619178500000003e-05,0.04896918215,0.817606391,0.00375539176,-0.000958226154,-0.0016079787999999998,1.027897748e-06,9.34103475e-06
147,1708802400,0.514589556,0.5146031069999999,-0.010460316,-1.57084111,1.07572031,0.661951743,1.002593123,0.9375286140000002,0.00380067468,0.212811154,1.43181839e-05,9.213076889999999e-07,9.454593249999999e-07,1.444499866e-06,1.694636073e-06,2.2097198819999997e-06,4.294286687e-06,7.535874950000001e-06,0.247209404,0.01001996445,4.53885642e-05,74.525891,53.9357529,1.71044448e-05,6.03695317,0.011198335649999999,5.42246968,0.0005060206819999999,4.58507358e-05,0.0230141883,21.7228114,0.0005060206819999999,4.58507358e-05,0.0047789535000000005,10.698566930000002,0.0005060206819999999,4.58507358e-05,0.00173911725,10.46056958,0.0005060206819999999,4.58507358e-05,0.00370014071,2.1246221200000006e-06,1.5693984800000005e-05,0.03543549962,0.7662089799999999,0.00367692467,-0.00126611103,-0.0018879596000000002,7.5218933e-07,8.437677589999999e-06
147,1708803000,0.535918637,0.5359320320000001,-0.0105034773,-1.51890277,1.12135921,0.6698175820000001,1.0410692799999999,0.9714296609999999,0.005314930819999999,0.224284201,1.4472580199999998e-05,1.256714387e-06,1.2756000689999998e-06,1.7654198619999995e-06,2.071090169e-06,2.6693536029999997e-06,4.768836616000001e-06,8.27093084e-06,0.25792256999999996,0.0099689775,4.43584289e-05,75.67700210000001,53.7751313,1.7813958999999997e-05,6.254926169999999,0.01139719965,5.6889579,0.00031051196460000005,2.7933749150000005e-05,0.023513765699999998,22.720435000000002,0.00031051196460000005,2.7933749150000005e-05,0.00465122522,7.76601628,0.00031051196460000005,2.7933749150000005e-05,0.0016338190300000002,7.432351785,0.00031051196460000005,2.7933749150000005e-05,0.0036816570899999997,2.1000837099999996e-06,1.5543180800000002e-05,0.01263794557,0.8354939050000001,0.0035244507799999996,-0.001287704833,-0.00189437035,8.41950962e-07,8.408508699999999e-06
147,1708803600,0.6467067880000001,0.6467202110000001,-0.0086395615,-1.55906347,1.21158696,0.737686437,1.1197091599999998,1.0530696599999998,0.0060189718,0.274919009,1.49443618e-05,1.758609692e-06,1.8839538824e-06,2.747565252e-06,3.031434536e-06,3.907607898e-06,7.07284824e-06,1.269426994e-05,0.31445601,0.008805704000000001,5.6919455900000004e-05,69.7571634,52.7730407,2.14884471e-05,6.19268553,0.01261773065,6.88580268,0.0002800562574,2.512873115e-05,0.025784181100000005,27.309199200000002,0.0002800562574,2.512873115e-05,0.00466168205,7.92091413,0.0002800562574,2.512873115e-05,0.0017124903100000002,7.536266600000002,0.0002800562574,2.512873115e-05,0.00372710957,3.08763738e-06,1.64938773e-05,0.02368770254,1.1703203930000001,0.005018018899999999,-0.0008654730970000001,-0.0015606277349999999,1.1033434059999998e-06,9.93505435e-06
147,1708804200,0.535682988,0.5356962879999999,-0.008908312,-1.46267915,1.1374097400000003,0.6643952129999999,1.0589198300000002,0.9881926520000001,0.00439476504,0.222312067,1.4290457600000002e-05,1.1253770269999998e-06,1.1686418475999998e-06,1.6450517730000004e-06,1.939076069e-06,2.418568661e-06,4.512078335e-06,7.676514970000002e-06,0.258916547,0.008863557099999999,3.98567878e-05,74.81169510000001,53.35135210000001,1.78107426e-05,6.06445993,0.011332567500000001,5.6825604499999995,0.00040605183004999997,3.670944059e-05,0.023543361199999994,22.765874,0.00040605183004999997,3.670944059e-05,0.0046325197599999994,8.75944548,0.00040605183004999997,3.670944059e-05,0.00163731032,8.447776189999999,0.00040605183004999997,3.670944059e-05,0.00366238874,2.10601438e-06,1.53806918e-05,0.03779682529999999,1.48588418,0.00504977073,-0.001270952359,-0.00187830495,7.519169370000001e-07,8.89578469e-06
147,1708804800,0.5954234420000001,0.5954367789999999,-0.008096422240000001,-1.53166614,1.1699232099999999,0.7055074229999999,1.08535812,1.019506124,0.007761409120000002,0.24994751399999998,1.4294356300000001e-05,1.163582121e-06,1.2652307e-06,2.017490467e-06,2.081711022e-06,2.675425989e-06,4.864248312000001e-06,8.549016840000002e-06,0.288379162,0.009264978699999999,4.39197755e-05,74.710125,53.1469226,1.9794822e-05,6.02031389,0.01186961165,6.156496719999999,0.0006749262953,6.133158946e-05,0.024860146300000004,25.4588249,0.0006749262953,6.133158946e-05,0.00485429068,12.770812959999999,0.0006749262953,6.133158946e-05,0.0018823553699999999,12.648018490000002,0.0006749262953,6.133158946e-05,0.0037315264100000003,3.14032617e-06,1.65344372e-05,0.010938860750000003,0.7269550509999999,0.0041139010100000005,-0.000923764306,-0.0015879784599999998,1.050989895e-06,9.5238091e-06
147,1708805400,0.5692258099999999,0.5692390730000001,-0.00699507524,-1.5650324699999998,1.1376722000000001,0.6925606120000001,1.05539468,0.9839550420000001,0.00847995801,0.24052722299999996,1.48115967e-05,1.7420005220000002e-06,1.8428602193999998e-06,2.3580189419999996e-06,2.846725519e-06,3.5099703709999996e-06,6.11663475e-06,1.0369516060000002e-05,0.274861927,0.009680515800000001,3.99528072e-05,72.2148741,53.4445962,1.8918359299999994e-05,6.0559845800000005,0.011807082450000003,6.03056035,0.000568493009,5.15824926e-05,0.0242698943,24.2320443,0.000568493009,5.15824926e-05,0.00479127492,11.667382289999999,0.000568493009,5.15824926e-05,0.00183268182,11.454503630000001,0.000568493009,5.15824926e-05,0.00365515753,2.17459673e-06,1.539169685e-05,0.0145479408,0.830855187,0.0035180853799999996,-0.0012276031039999999,-0.00184204249,8.3251206e-07,8.7408494e-06
147,1708806000,0.5461111240000001,0.5461243990000001,-0.00698326176,-1.5789309800000002,1.12012169,0.680851431,1.02996895,0.959129299,0.00862204491,0.23476770600000002,1.3934071550000002e-05,8.356429919999999e-07,8.515270980000001e-07,1.417837215e-06,1.7084655829999998e-06,2.2785289340000004e-06,4.74870465e-06,8.57900464e-06,0.263280119,0.00969956065,5.46203924e-05,74.00393740000001,53.5782052,1.81508084e-05,6.26605198,0.0116365541,5.83797307,0.0007222570052999999,6.569702793e-05,0.023775777999999997,23.256703100000003,0.0007222570052999999,6.569702793e-05,0.00490569213,13.887974629999997,0.0007222570052999999,6.569702793e-05,0.0019036367999999998,13.78178724,0.0007222570052999999,6.569702793e-05,0.0036667036200000004,2.24405093e-06,1.5552899600000002e-05,0.007448286389999998,0.5837149590000001,0.0032883616100000007,-0.001213887618,-0.00180931809,7.917488090000001e-07,8.234345270000002e-06
147,1708806600,0.540267652,0.540280907,-0.00690635474,-1.5071025000000002,1.13669725,0.6689951740000002,1.046919463,0.9784798650000001,0.006471517630000001,0.22908703900000002,1.3851218e-05,7.699538670000001e-07,8.885225500000001e-07,1.6930259149999998e-06,1.764586367e-06,2.517115005e-06,5.2731516e-06,9.73066383e-06,0.26109145199999995,0.008954062350000002,6.494885300000001e-05,74.1452729,53.4363048,1.7944861900000003e-05,6.49767952,0.011492735899999999,5.819905619999999,0.00027804076029999995,2.4988844820000003e-05,0.023527932100000003,22.8674396,0.00027804076029999995,2.4988844820000003e-05,0.0045705864,7.29206616,0.00027804076029999995,2.4988844820000003e-05,0.0015835542,6.933345919999999,0.00027804076029999995,2.4988844820000003e-05,0.0037072811399999996,2.96246413e-06,1.6223303600000002e-05,0.06863959966,5.655078498,0.00658840364,-0.0008451758922999999,-0.00165471949,1.3597961680000002e-06,1.155493404e-05
147,1708807200,0.607826345,0.6078395160000001,-0.006710607199999999,-1.52450382,1.1841736600000001,0.709499073,1.0961584800000002,1.032069016,0.006960336889999999,0.257226665,1.4329934599999999e-05,1.365900969e-06,1.433253256e-06,1.9328757289999997e-06,2.58825197e-06,3.437972038e-06,6.321685140000001e-06,1.194697329e-05,0.296899757,0.006923686599999999,5.92092051e-05,70.3848046,52.3064703,2.01963958e-05,6.39310244,0.012126718499999998,6.40998773,0.0006507320925000001,5.911431689999999e-05,0.025129985299999998,26.099043900000005,0.0006507320925000001,5.911431689999999e-05,0.00497057147,13.610658240000001,0.0006507320925000001,5.911431689999999e-05,0.0020349521,13.418271050000001,0.0006507320925000001,5.911431689999999e-05,0.0036483866200000005,2.03442195e-06,1.5227789599999998e-05,0.0357693422,1.101004455,0.004283402520000001,-0.00130513265,-0.00189997456,8.0434953e-07,8.60316055e-06
147,1708807800,0.6547166130000001,0.6547299360000001,-0.0067706198100000005,-1.54346592,1.2115869799999999,0.7343216929999999,1.1171216000000002,1.06004487,0.00796151784,0.277765425,1.3995455150000001e-05,8.833196569999999e-07,9.27878187e-07,1.6713994649999999e-06,1.7696630489999999e-06,2.362242987e-06,4.69840486e-06,8.86573317e-06,0.321853662,0.00543090775,5.1727099599999995e-05,70.9340701,51.7659812,2.1769236999999996e-05,6.219271279999999,0.0126937888,6.9989830699999995,0.0003138900125,2.8234592349999998e-05,0.026140423399999994,28.381086099999997,0.0003138900125,2.8234592349999998e-05,0.00472208987,8.659236429999998,0.0003138900125,2.8234592349999998e-05,0.00177592496,8.228266600000001,0.0003138900125,2.8234592349999998e-05,0.0037112532300000002,2.9671487e-06,1.6273777300000002e-05,0.0321456463,0.9977959330000001,0.00468769796,-0.0009018645279999999,-0.0016191807270000001,1.152977439e-06,9.88755551e-06
147,1708808400,0.5925933940000001,0.592606804,-0.00737491616,-1.5858291699999998,1.1178341200000002,0.7037552570000001,1.04856952,0.9965929209999999,0.0068815203800000006,0.24683407999999996,1.41921815e-05,9.93742929e-07,1.050183959e-06,1.5810714230000002e-06,2.0097822399999997e-06,2.6687757199999998e-06,5.36898876e-06,9.60641806e-06,0.290806188,0.00541152707,5.46896831e-05,70.778018,51.913817200000004,1.96946512e-05,6.38970679,0.012101184400000001,6.29537172,0.0006011210593000001,5.456972772000002e-05,0.0248829253,25.6568272,0.0006011210593000001,5.456972772000002e-05,0.00487755224,12.42720253,0.0006011210593000001,5.456972772000002e-05,0.0018960815799999998,12.23683861,0.0006011210593000001,5.456972772000002e-05,0.00368042504,2.3187236899999997e-06,1.56954278e-05,-0.1137595029,4.962094079,0.005654257300000001,-0.001191864179,-0.0018082363800000002,8.6478916e-07,9.442858849999998e-06
147,1708809000,0.515506617,0.515520041,-0.00829631868,-1.6345313300000002,1.027868856,0.664405072,0.9548166649999998,0.911427815,0.0045752549899999995,0.21469758100000003,1.45242391e-05,1.266708045e-06,1.3226269105e-06,1.8364222149999997e-06,2.2579233300000006e-06,2.9624177219999995e-06,5.42940637e-06,9.77603735e-06,0.25234434299999997,0.00533411042,4.88893594e-05,70.50419980000001,52.1017782,1.71343005e-05,6.361800189999999,0.011354310349999999,5.42418131,0.0005353458369999999,4.857013077e-05,0.023240733700000002,22.170932,0.0005353458369999999,4.857013077e-05,0.004835132410000001,11.244330099999999,0.0005353458369999999,4.857013077e-05,0.00181588281,11.0221093,0.0005353458369999999,4.857013077e-05,0.00368018138,2.07674466e-06,1.5477456950000002e-05,0.12152075755999998,1.4131223099999999,0.00434734632,-0.0013117536339999998,-0.0019157764799999997,8.062277600000001e-07,8.66637425e-06
147,1708809600,0.8048663900000002,0.804879844,-0.0071058730099999995,-1.5618318299999998,1.33594079,0.8107944999999999,1.219312208,1.1425473790000003,0.02148297866,0.35766558800000003,1.4015549e-05,8.216109970000001e-07,8.23961702e-07,1.6257108190000003e-06,1.6441051770000003e-06,2.025216076e-06,4.0736389850000005e-06,7.74575189e-06,0.39715866699999997,0.005209742470000001,4.5400811e-05,70.49466210000001,51.437034700000005,2.6780691200000005e-05,5.86244803,0.014002095750000002,8.55363612,0.0008029100932999999,7.307903083e-05,0.028736857900000003,34.9409608,0.0008029100932999999,7.307903083e-05,0.00504182798,15.975947389999998,0.0008029100932999999,7.307903083e-05,0.00213859522,15.810673160000002,0.0008029100932999999,7.307903083e-05,0.0037562253399999997,3.49592577e-06,1.70408074e-05,0.06728585361,1.7375169770000003,0.00737917039,-0.000672279068,-0.0014200162750000003,1.18846005e-06,1.1124280099999998e-05
147,1708810200,1.1260352300000003,1.126048721,-0.005219933899999999,-1.49109794,1.6005488399999996,0.9580799759999999,1.4942331,1.40659293,0.021279493830000003,0.48141178,1.4021158800000002e-05,8.41436971e-07,7.473782867e-07,1.229057072e-06,1.7941504880000003e-06,2.137662118e-06,4.366996044e-06,8.95965086e-06,0.556801746,0.0061422138900000004,5.2970647500000004e-05,68.996979,51.1675216,3.74759e-05,5.418338690000001,0.0164856419,11.756080299999997,0.0010506807996,9.571330189999999e-05,0.034357812599999996,48.79845759999999,0.0010506807996,9.571330189999999e-05,0.00538567686,21.48552873,0.0010506807996,9.571330189999999e-05,0.00264746586,21.50360662,0.0010506807996,9.571330189999999e-05,0.00369471206,2.97025531e-06,1.6350980099999997e-05,0.0366703508,0.988082318,0.0058996268,-0.0008022432718999999,-0.0015120701699999999,8.44588689e-07,9.5571657e-06
147,1708810800,0.8263297599999999,0.826343134,-0.006590768950000001,-1.53518803,1.3798921200000003,0.828622519,1.2716262999999999,1.2044617599999998,0.0074661504000000005,0.343351498,1.5009991899999998e-05,1.896859696e-06,1.996891747e-06,2.8152112400000003e-06,3.224584644e-06,4.03695498e-06,6.92141135e-06,1.2850073089999999e-05,0.40562261800000005,0.00745317504,5.36783134e-05,69.7516912,51.838610200000005,2.7474244400000002e-05,6.2383640300000005,0.014186867149999999,8.6539974,0.0007861846974999999,7.150161842999999e-05,0.029437864299999998,35.5482301,0.0007861846974999999,7.150161842999999e-05,0.0050584257,15.900319669999998,0.0007861846974999999,7.150161842999999e-05,0.0021972888099999997,15.74949636,0.0007861846974999999,7.150161842999999e-05,0.0037274933399999996,3.3136185799999996e-06,1.67244478e-05,0.14861057184000004,10.265858586999999,0.00806867333,-0.0007187614570000001,-0.0015140770620000001,1.5182792100000001e-06,1.425273554e-05
147,1708811400,0.778099962,0.778113386,-0.006768671550000001,-1.50638553,1.3243904499999999,0.800739293,1.2478130799999998,1.1784734900000002,0.00513776893,0.320442491,1.5212864200000003e-05,2.074169581e-06,2.132340786e-06,2.86697204e-06,3.5090264700000003e-06,4.4334374e-06,7.71659802e-06,1.3625834099999999e-05,0.38197528999999997,0.0069827210899999995,5.3696660100000006e-05,69.0753725,51.83288540000001,2.5872747699999997e-05,6.4321714,0.013704241950000001,8.130782070000002,0.0007053717940000001,6.409260125e-05,0.028528758100000003,33.394052,0.0007053717940000001,6.409260125e-05,0.00501682114,14.049751550000002,0.0007053717940000001,6.409260125e-05,0.00212152641,13.90087478,0.0007053717940000001,6.409260125e-05,0.00369336817,2.5120699199999998e-06,1.59813196e-05,0.03842894405000001,0.7339855939999999,0.00424558834,-0.001056211837,-0.00169264893,7.768338480000001e-07,8.809498060000001e-06
147,1708812000,0.742124255,0.742137691,-0.0068992483600000005,-1.5148518100000001,1.29667711,0.784168221,1.21608713,1.1469725,0.00712045744,0.308305182,1.4601700599999999e-05,1.4227605820000001e-06,1.481893779e-06,2.086240787e-06,2.597450915e-06,3.646447723e-06,6.58082593e-06,1.189952054e-05,0.363592732,0.007377206010000001,6.11854712e-05,70.4799431,52.01527560000001,2.46732922e-05,6.2610725700000005,0.0134894563,7.887523429999999,0.0006271731801000001,5.6972956749999995e-05,0.027918303800000006,32.011600900000005,0.0006271731801000001,5.6972956749999995e-05,0.00501160445,14.392978789999997,0.0006271731801000001,5.6972956749999995e-05,0.00210410958,14.156256779999998,0.0006271731801000001,5.6972956749999995e-05,0.0037122407,2.96496837e-06,1.63850762e-05,0.016047199569999997,1.0905369409999999,0.004549405500000001,-0.0008609424749999999,-0.0016038781700000002,1.074290514e-06,1.027979205e-05
147,1708812600,0.8015433250000001,0.801556718,-0.00632122436,-1.48756037,1.36639173,0.8118992110000001,1.27271384,1.2031492200000002,0.00698249314,0.337201883,1.45673796e-05,1.4716208980000002e-06,1.9017151529999997e-06,2.2536706120000002e-06,2.565956429e-06,3.897679334e-06,1.7481371849999998e-05,1.1652707890000002e-05,0.393585631,0.00708194644,6.14884308e-05,69.74127,51.7965422,2.6651596799999996e-05,5.933431349999999,0.014081629449999999,8.787647029999999,0.00047947554539999994,4.346189944000001e-05,0.0290838553,34.7263924,0.00047947554539999994,4.346189944000001e-05,0.004880229000000001,11.80651577,0.00047947554539999994,4.346189944000001e-05,0.0020389048700000002,11.460409710000002,0.00047947554539999994,4.346189944000001e-05,0.0040173362500000006,9.99716639e-06,2.3389286399999998e-05,0.01246366651,-0.5198243137,0.0075376275199999995,0.001389943982,0.00047460114699999996,1.16960139e-06,1.223129815e-05
147,1708813200,0.8474551600000002,0.847468415,-0.00603021722,-1.4975341500000003,1.39324249,0.834236059,1.30211473,1.22970007,0.012406200779999998,0.356165814,1.4356413250000002e-05,1.3758554289999998e-06,1.8096000329999998e-06,1.8676831190000002e-06,2.5311380870000004e-06,3.8613418199999994e-06,1.9967133900000002e-05,1.197826796e-05,0.416860482,0.006753994080000001,6.85532573e-05,71.09283350000001,51.6449341,2.81793515e-05,6.31290066,0.014499201,9.29841372,0.000728786267,6.62376475e-05,0.029816347200000003,36.53328080000001,0.000728786267,6.62376475e-05,0.0050399550199999995,15.1879895,0.000728786267,6.62376475e-05,0.00224562494,14.99309935,0.000728786267,6.62376475e-05,0.00399973002,1.029126745e-05,2.3552860000000003e-05,-0.0025657271,-0.664147949,0.00708527411,0.0013973326,0.000552276451,8.655170990000001e-07,1.219429755e-05
147,1708813800,0.944408517,0.9444218199999999,-0.00600316511,-1.4689666899999998,1.49059549,0.874964205,1.38544228,1.30642737,0.014536910980000001,0.39755603100000003,1.4972606649999998e-05,2.037272781e-06,2.5613770659999998e-06,3.1009186790000008e-06,3.691348231e-06,6.023373780000001e-06,2.09124413e-05,1.701323908e-05,0.4651573399999999,0.00690536397,8.43147744e-05,68.44133339999999,51.527489200000005,3.13992428e-05,6.157308899999999,0.0152435158,10.3105264,0.0013413154050000002,0.00012237479919999998,0.0315160565,41.0390668,0.0013413154050000002,0.00012237479919999998,0.005481522689999999,24.942960989999996,0.0013413154050000002,0.00012237479919999998,0.0027361232300000004,25.10365921,0.0013413154050000002,0.00012237479919999998,0.00407113603,1.1501233649999998e-05,2.47408385e-05,-0.012278839920000001,0.089616632,0.01018959039,0.00160601353,0.000656059537,1.6585848170000002e-06,1.6763500250000002e-05
147,1708814400,1.09123583,1.091249225,-0.0047471054,-1.45150884,1.5895610300000003,0.937810692,1.49554564,1.40981805,0.01750369794,0.45466808500000006,1.4995052199999998e-05,2.0182187220000004e-06,2.450545594e-06,2.496566511e-06,3.3971091500000004e-06,5.7265366e-06,1.80984609e-05,1.3874851559999998e-05,0.5388278759999998,0.006677470149999999,6.25337013e-05,67.9000105,51.2771489,3.629897369999999e-05,5.754630860000001,0.016482835,11.9997602,0.0004245165223,3.836214693e-05,0.034007542599999996,47.7524783,0.0004245165223,3.836214693e-05,0.005090635410000001,13.7191101,0.0004245165223,3.836214693e-05,0.0023510623299999997,13.25932305,0.0004245165223,3.836214693e-05,0.00399411708,9.8721347e-06,2.3258902599999997e-05,0.00956205039,-0.49072950400000004,0.00920956262,0.00130038571,0.00042121721499999994,8.792117e-07,1.2449628400000002e-05
147,1708815000,0.767240625,0.767254058,-0.00671338544,-1.3983314900000001,1.3811296800000001,0.777320361,1.27065128,1.19111138,0.01219943156,0.33016270799999997,1.4714917450000002e-05,1.6555056e-06,2.079911896e-06,2.25518942e-06,2.969529424e-06,5.66216174e-06,1.76069402e-05,1.437222413e-05,0.376610148,0.00688235567,7.973806939999999e-05,70.1604275,51.8943089,2.55001352e-05,6.486224869999999,0.01373338355,8.54218703,0.0006054713683000001,5.498213779999999e-05,0.0282834383,33.271177,0.0006054713683000001,5.498213779999999e-05,0.00494522625,13.070653845999999,0.0006054713683000001,5.498213779999999e-05,0.0020737234800000002,12.824634601999998,0.0006054713683000001,5.498213779999999e-05,0.0039633594699999995,9.3436124e-06,2.2787851899999996e-05,-0.002085465260000001,-0.5290556909999999,0.008314993179999999,0.0011520664239999998,0.00029133072400000005,8.10286724e-07,1.1887316e-05
147,1708815600,0.6740576170000001,0.6740709530000001,-0.006115476489999999,-1.31975094,1.3387158300000002,0.724030443,1.22643746,1.1481725700000003,0.00644732175,0.28549755499999996,1.39430476e-05,8.723982829999999e-07,1.326168987e-06,1.735037443e-06,1.808494684e-06,3.2885687699999993e-06,1.64309738e-05,9.65503321e-06,0.32930296699999995,0.007620089080000001,6.99024648e-05,72.2703033,52.2976496,2.24056214e-05,6.152539510000001,0.012819810799999998,7.48420454,0.000615506703,5.5934584969999994e-05,0.026638761099999998,29.102166500000003,0.000615506703,5.5934584969999994e-05,0.004928783250000001,13.09142756,0.000615506703,5.5934584969999994e-05,0.0020408544,12.926290936000001,0.000615506703,5.5934584969999994e-05,0.00402201165,1.028523595e-05,2.3651522000000002e-05,-0.0037764291700000006,-0.3272901650000001,0.00992890369,0.00142061595,0.00044772303,1.2551704149999998e-06,1.338287975e-05
147,1708816200,0.6222086410000001,0.6222220329999999,-0.00598404334,-1.29731986,1.2762389400000003,0.6930492550000001,1.1899488400000002,1.10819633,0.00585990492,0.260704622,1.447763645e-05,1.27790462e-06,1.8086404779999998e-06,2.0123696850000005e-06,2.580610622e-06,5.307076169999999e-06,1.65750426e-05,1.193682419e-05,0.30288203999999996,0.008108904279999999,7.05964396e-05,71.34444900000001,52.64290570000001,2.0671410900000002e-05,6.32633626,0.012403492200000001,7.0430677799999994,0.000570800125,5.1780968720000005e-05,0.0255138098,26.783676199999995,0.000570800125,5.1780968720000005e-05,0.004938140780000001,12.140914140000001,0.000570800125,5.1780968720000005e-05,0.00201553821,11.914510040000001,0.000570800125,5.1780968720000005e-05,0.00393026796,9.009305850000001e-06,2.2365468000000004e-05,0.009708766550000001,-0.55167033,0.007778369149999999,0.001073664354,0.000225477437,9.28925835e-07,1.21863103e-05
147,1708816800,0.446992675,0.44700592200000006,-0.00732204486,-1.2352568700000002,1.10774633,0.58304352,1.019843615,0.9394786740000001,0.00901724547,0.19204228799999998,1.392376e-05,8.51035301e-07,1.397721129e-06,1.751032141e-06,1.760892565e-06,4.395281989999999e-06,1.5729303850000002e-05,8.989045440000002e-06,0.2147078,0.00868849445,6.42554827e-05,74.26510950000001,54.064414799999994,1.48481077e-05,6.56845309,0.010665148000000001,5.32632055,0.000662044078,6.016432904999999e-05,0.0213966417,19.0253114,0.000662044078,6.016432904999999e-05,0.004983327899999999,12.94553695,0.000662044078,6.016432904999999e-05,0.00197566923,12.83244373,0.000662044078,6.016432904999999e-05,0.003981995229999999,9.8630451e-06,2.3134633100000002e-05,0.00489705623,-0.31707320750000006,0.00971529008,0.0012976090500000001,0.000359990481,1.350350316e-06,1.3693184799999999e-05
147,1708817400,0.24048352160000003,0.24049652200000002,-0.014835807399999998,-1.2424875700000002,0.819625022,0.423666037,0.7301847929999999,0.669132918,0.00636442084,0.11062021920000001,1.3351021699999998e-05,4.2962874000000005e-07,8.630336409999999e-07,7.853129740000001e-07,7.639952060000001e-07,4.42981199e-06,1.0484861170000002e-05,2.93563207e-06,0.11322245009999998,0.006954878919999999,4.3246475899999996e-05,81.24765260000001,56.837654799999996,7.99630293e-06,6.40036697,0.00786487181,3.0378540899999997,0.00028723302579999996,2.5862068230000003e-05,0.01518550035,10.09650479,0.00028723302579999996,2.5862068230000003e-05,0.004348409520000001,5.794893693,0.00028723302579999996,2.5862068230000003e-05,0.001248897724,5.532481390399999,0.00028723302579999996,2.5862068230000003e-05,0.0038476973499999997,8.439727889999998e-06,2.14293596e-05,0.0115057317079,-0.05170295199999984,0.0109264421,0.000946555269,0.00014570736480000001,9.831241240000002e-07,1.3540592999999998e-05
147,1708818000,0.182506182,0.18251952600000002,-0.013930266,-1.59805297,0.674045569,0.39421733000000003,0.581567752,0.5385164339999999,0.00552881501,0.0824349529,1.3576038150000002e-05,3.3133908499999996e-07,1.088575868e-06,1.177015261e-06,6.264197889999999e-07,2.0480784699999995e-06,1.0714602259999998e-05,3.1022048039999998e-06,0.0852865333,0.00590762775,3.9356016000000004e-05,80.9417971,56.8509731,6.0613756000000005e-06,6.520352010000001,0.00707170285,2.3236050200000005,0.00023378466095000006,2.1024980344000004e-05,0.0134387418,7.552364860000002,0.00023378466095000006,2.1024980344000004e-05,0.004317147499999999,4.8080737849999995,0.00023378466095000006,2.1024980344000004e-05,0.0011820143950000003,4.506184153,0.00023378466095000006,2.1024980344000004e-05,0.003936084219999999,9.13190779e-06,2.2461402499999998e-05,-0.020858881550000003,-0.476887153,0.0072814958,0.001092573937,0.00021321243160000005,1.3260416290000002e-06,1.292363545e-05
147,1708818600,0.0812586855,0.0812721314,-0.0179983286,-1.4635274500000002,0.4956901319999999,0.262027275,0.40654991,0.36698619899999996,0.0031260916799999996,0.038656468900000004,1.3579631800000002e-05,2.1855088580000003e-07,1.211611144e-06,6.00338919e-07,3.7698633800000005e-07,1.135652875e-06,5.69414327e-06,1.6118861620000002e-06,0.0349772208,0.00561340271,2.76132489e-05,86.4270251,64.071429,2.6982694399999997e-06,6.64930811,0.0047897858500000005,1.092968727,7.886790144e-05,6.884437507000001e-06,0.00865513121,3.1342684600000004,7.886790144e-05,6.884437507000001e-06,0.00406121546,2.0970909649999996,7.886790144e-05,6.884437507000001e-06,0.000878536859,1.7094395300000005,7.886790144e-05,6.884437507000001e-06,0.0037906367,6.3346142800000004e-06,1.97707637e-05,0.005045453000000002,-0.519612552,0.00586696657,0.00028653152600000004,-0.00039206440050000005,8.669886850000001e-07,1.064552035e-05
147,1708819200,0.107668754,0.1076820905,-0.01513302715,-1.45426083,0.573805021,0.299681858,0.467226767,0.422000381,0.005117783359999999,0.05276477549999999,1.3579467150000002e-05,3.09277426e-07,9.932600690000002e-07,6.08569518e-07,5.85841055e-07,1.186003675e-06,7.4209106699999995e-06,2.4058908759999996e-06,0.048396743799999996,0.00539550081,2.8353137799999995e-05,82.171626,60.5569132,3.57599008e-06,6.720331850000001,0.005439697669999999,1.41296153,0.00012070363419,1.0715613340000001e-05,0.0100962689,4.293214140000001,0.00012070363419,1.0715613340000001e-05,0.00409379284,2.56959095,0.00012070363419,1.0715613340000001e-05,0.000896071469,2.221413137,0.00012070363419,1.0715613340000001e-05,0.00376670507,6.1830526800000004e-06,1.95143179e-05,-0.014228238599999998,-0.4628382436,0.0057264928800000005,0.000278075507,-0.000390181881,7.48581038e-07,1.03435464e-05
147,1708819800,0.128666487,0.1286797763,-0.00941005549,-1.4758335800000002,0.621018965,0.32873435300000003,0.518003311,0.470864381,0.00503604868,0.0615251412,1.357526765e-05,4.05167669e-07,1.001699065e-06,1.078709474e-06,6.95516138e-07,9.0619457e-07,7.964210320000001e-06,2.8607883360000002e-06,0.05916645960000001,0.005116350970000001,3.5211071599999996e-05,78.50902889999999,58.139860399999996,4.2741138900000005e-06,6.6693044,0.0058459085,1.6279708800000001,0.00013019011019999998,1.1530331114e-05,0.01115356915,5.166997,0.00013019011019999998,1.1530331114e-05,0.00417148352,3.091395395,0.00013019011019999998,1.1530331114e-05,0.000989026155,2.740515922,0.00013019011019999998,1.1530331114e-05,0.0038291922,7.018135430000002e-06,2.0327292699999997e-05,0.004555854179999999,-0.25471411860000004,0.00788145163,0.0005387771904,-0.000261384329,1.10343981e-06,1.17774267e-05
147,1708820400,0.145039049,0.145052395,-0.014914036670000002,-1.39138566,0.6324568100000001,0.34365492700000005,0.5553544450000001,0.510690591,0.00387273249,0.06601990440000001,1.3831515249999998e-05,6.997128669999999e-07,2.32996464e-06,1.1790971419999999e-06,1.084747143e-06,1.8513286729999997e-06,1.02673542e-05,4.32637925e-06,0.0682775311,0.00418245345,3.71400267e-05,75.7751052,55.8907198,4.812531139999999e-06,6.79879697,0.00627765906,1.86725439,0.0001139999389,1.0024019139999999e-05,0.01210879515,6.09458903,0.0001139999389,1.0024019139999999e-05,0.00421003405,3.0615668,0.0001139999389,1.0024019139999999e-05,0.0011992024200000002,2.69050544,0.0001139999389,1.0024019139999999e-05,0.00398952789,9.93855774e-06,2.32413876e-05,0.05653201047999999,0.7476489750000003,0.01281238354,0.001318983757,0.000491906698,1.430639374e-06,1.820498435e-05
147,1708821000,0.303336412,0.303349714,-0.009275041430000002,-1.5971855,0.847000878,0.49447171,0.725272136,0.688483518,0.0077242853399999995,0.139342205,1.3723979499999998e-05,6.333060449999999e-07,2.0288724100000003e-06,1.008208918e-06,9.179383039999999e-07,2.171867484e-06,1.343756795e-05,3.781859334e-06,0.14902875470000002,0.00257632422,3.72034842e-05,71.61813839999999,52.49263570000001,1.0088296490000002e-05,6.0934346900000005,0.008830188499999999,3.63545067,0.00031473074094999997,2.840849336e-05,0.0174408104,13.149208000000002,0.00031473074094999997,2.840849336e-05,0.0045423848,7.208552075,0.00031473074094999997,2.840849336e-05,0.00158738341,6.93105831,0.00031473074094999997,2.840849336e-05,0.00405338142,1.09075425e-05,2.42055724e-05,-0.01212545505,-0.714781107,0.00725688358,0.00161347652,0.000742558944,8.379670330000001e-07,1.21413271e-05
147,1708821600,0.776928625,0.776941788,-0.00503307853,-1.4886679400000002,1.43055619,0.7876699649999999,1.22066228,1.1605104350000002,0.02298766296,0.36086699,1.6007093400000002e-05,3.155489682e-06,3.9765169069999996e-06,4.641403133000001e-06,5.122340516e-06,7.849795635e-06,2.67510082e-05,1.992602916e-05,0.38745797,0.0008643957239999999,6.76659516e-05,61.5746983,50.302475,2.58206213e-05,6.24319497,0.014134369599999998,8.798228130000002,0.0004846667133,4.3959829654000005e-05,0.028513465400000004,34.071134900000004,0.0004846667133,4.3959829654000005e-05,0.00470320055,11.38555145,0.0004846667133,4.3959829654000005e-05,0.00187318228,11.10960885,0.0004846667133,4.3959829654000005e-05,0.00421744819,1.3608064399999999e-05,2.68313895e-05,0.005208179739999999,5.038235582,0.017699476960000002,0.00217581045,0.001096945764,2.8393953879999997e-06,3.503726654999999e-05
147,1708822200,0.543156303,0.543169573,-0.00939004741,-1.4914532200000001,1.1283719399999999,0.661785038,1.016993534,0.962429382,0.014916760869999999,0.24148574000000003,1.3960142150000001e-05,8.209785560000002e-07,1.6572807200000002e-06,1.5098723550000001e-06,1.632635715e-06,3.1976365289999995e-06,1.96251178e-05,7.26747831e-06,0.2684404,0.0030422081239999997,5.9119859e-05,68.8141555,51.077203100000006,1.80668533e-05,6.12681414,0.011854726,6.315541059999999,0.0004497423872,4.070181282999999e-05,0.0237595274,23.6196886,0.0004497423872,4.070181282999999e-05,0.004743062710000001,9.91615409,0.0004497423872,4.070181282999999e-05,0.001819544335,9.625928377,0.0004497423872,4.070181282999999e-05,0.004149288950000001,1.21883632e-05,2.5437541200000004e-05,-0.0010265935399999995,-0.5866976479999999,0.008963366740000001,0.001976334,0.000964371004,7.65148357e-07,1.2734962600000002e-05
147,1708822800,0.623612881,0.623626177,-0.0037199104400000003,-1.52212315,1.20431179,0.717415447,1.0876456700000001,1.0391567449999999,0.014550854329999998,0.27849163899999996,1.4146533149999998e-05,1.100117639e-06,1.701412835e-06,2.144888627e-06,1.8341351780000003e-06,3.6254657199999996e-06,2.07738835e-05,7.82816774e-06,0.30815830199999994,0.00355598078,5.19241445e-05,68.4810871,51.168798100000004,2.07400475e-05,6.0913636900000006,0.012569843399999999,7.066565039999999,0.00040036329640000007,3.6200105715e-05,0.025705283000000002,27.2530901,0.00040036329640000007,3.6200105715e-05,0.00472725473,9.32049487,0.00040036329640000007,3.6200105715e-05,0.0018159131760000003,8.962202515,0.00040036329640000007,3.6200105715e-05,0.00423414953,1.3438298950000001e-05,2.6743101900000002e-05,-0.01558910604,-0.561867883,0.008161452750000001,0.0022447792800000003,0.0011100283350000003,1.1695866209999998e-06,1.37288185e-05
147,1708823400,0.48375976499999995,0.483773017,-0.004175533728100001,-1.4358226200000002,1.092708357,0.6202184999999999,0.9897301979999998,0.9403037,0.01130032202,0.21458170199999999,1.3798762299999998e-05,8.54352154e-07,2.3315601300000003e-06,1.351594248e-06,1.282010569e-06,2.5817481200000003e-06,1.61351804e-05,5.786891880000001e-06,0.238802437,0.0029938589600000004,5.2088895299999996e-05,69.798029,51.33607179999999,1.6090131299999997e-05,5.96724189,0.011119962700000003,5.59065391,0.00046792983860000005,4.23671507e-05,0.0225689922,21.0914209,0.00046792983860000005,4.23671507e-05,0.0046773093500000005,9.154547390000001,0.00046792983860000005,4.23671507e-05,0.0018105693400000005,8.94034709,0.00046792983860000005,4.23671507e-05,0.0041712584600000005,1.2765647100000002e-05,2.6000640500000004e-05,-0.02276936206,-0.7087567560000001,0.00754832857,0.00195208297,0.000983892667,1.109113276e-06,1.379857185e-05
147,1708824000,0.533243415,0.533256641,-0.0048554181677,-1.52794095,1.114571545,0.6590083790000001,1.008143273,0.9505415279999999,0.015169354909999998,0.24182029100000002,1.4029621749999998e-05,1.526271289e-06,7.19658049e-06,1.666273605e-06,1.631404248e-06,3.808999284e-06,1.2844291939999999e-05,7.014702939999999e-06,0.261932134,0.0045949775,5.7322974099999994e-05,71.02984799999999,51.89621370000001,1.773295465e-05,6.058559869999999,0.0115760259,6.043474169999999,0.0007048235865,6.408172323999999e-05,0.023579831500000002,23.405075399999994,0.0007048235865,6.408172323999999e-05,0.00494052096,13.99269529,0.0007048235865,6.408172323999999e-05,0.0024753378,13.892090669999998,0.0007048235865,6.408172323999999e-05,0.0047695802700000005,2.13681712e-05,3.4573352100000004e-05,-0.00170819058,-1.073325503,0.011862360579999998,0.00326710842,0.00236160523,1.284425699e-06,1.9013896299999998e-05
147,1708824600,0.5215624809999999,0.521575738,-0.004987609003000001,-1.46672411,1.131559546,0.644550753,1.015380995,0.961941837,0.009450443499999999,0.23627881199999998,1.4102757599999999e-05,1.7390278869999996e-06,1.040582665e-05,2.09082027e-06,2.03154798e-06,3.24489027e-06,1.5107272e-05,1.0353970479999999e-05,0.257533947,0.0031218914899999997,7.918789069999999e-05,68.8257275,51.3389567,1.73295454e-05,6.51229776,0.0112719757,5.75398987,0.0003809954985,3.441374146e-05,0.023490352400000004,23.192457299999997,0.0003809954985,3.441374146e-05,0.00473493426,9.12010721,0.0003809954985,3.441374146e-05,0.00245037022,8.82600281,0.0003809954985,3.441374146e-05,0.005269933879999999,2.8204219000000002e-05,4.1427216400000006e-05,0.0298502392,-1.20901766,0.010547266599999999,0.0043400538,0.00323863696,1.364960757e-06,1.9819633000000003e-05
147,1708825200,0.5793933680000001,0.57940656,-0.005421404499999999,-1.5018595400000003,1.1624604799999998,0.688632207,1.06750756,1.01121838,0.009308610810000001,0.248879538,1.3949946199999999e-05,1.7194594699999997e-06,1.072898525e-05,1.4994494200000001e-06,1.8462692299999996e-06,4.02293946e-06,1.2677420160000004e-05,8.3847424e-06,0.28451674499999996,0.005070855609999999,6.70156203e-05,71.0164329,51.79182110000001,1.9264546099999996e-05,6.2692162499999995,0.012077912299999998,6.51740509,0.00037552809459999995,3.389845444e-05,0.0247648803,25.5480972,0.00037552809459999995,3.389845444e-05,0.00466409176,8.70944997,0.00037552809459999995,3.389845444e-05,0.00241662164,8.472829325000001,0.00037552809459999995,3.389845444e-05,0.00526008257,2.80437612e-05,4.126720369999999e-05,0.0216892643,-1.28977924,0.01086710116,0.00419607128,0.0031989131500000005,1.097656862e-06,1.9935739400000003e-05
147,1708825800,0.619156071,0.6191693330000001,-0.010784882250000002,-1.52406067,1.2411754000000002,0.7177393710000001,1.09289587,1.031243964,0.018694959639999998,0.289333955,1.5241533099999998e-05,3.2411313299999997e-06,1.17312067e-05,3.5883232349999993e-06,3.783026528e-06,8.57386728e-06,1.4900155339999998e-05,1.432941386e-05,0.303089489,0.006346727590000001,7.945480729999999e-05,69.0299759,52.0789757,2.0575345499999997e-05,6.3473045400000006,0.012684268599999998,7.183676520000001,0.0003745701064,3.3800473399999995e-05,0.025699233100000003,27.487643300000002,0.0003745701064,3.3800473399999995e-05,0.0046633219299999995,8.784278760000001,0.0003745701064,3.3800473399999995e-05,0.0024133972000000004,8.53538477,0.0003745701064,3.3800473399999995e-05,0.005361892370000001,2.97791566e-05,4.30210485e-05,0.005971056790000003,-1.1914647839999999,0.01112337455,0.0045640605699999994,0.0034277806000000003,1.2656360709999999e-06,2.0596623900000003e-05
147,1708826400,0.820676319,0.820689497,-0.007201057270000001,-1.44660433,1.5118211699999997,0.8099545890000002,1.2752264299999998,1.20341176,0.0311616541,0.40377272,1.47824797e-05,2.381358174e-06,7.509103820000001e-06,2.743011335e-06,3.325926870000001e-06,5.01446058e-06,2.0179314499999998e-05,1.4519500879999999e-05,0.4042524340000001,0.00595089961,7.73562114e-05,67.78925869999999,51.621287200000005,2.7288427300000003e-05,6.24350943,0.014148287800000001,9.053955089999999,0.0005191887914999999,4.7099064646e-05,0.029118193999999997,35.5463245,0.0005191887914999999,4.7099064646e-05,0.00492463045,12.745825040000001,0.0005191887914999999,4.7099064646e-05,0.0024572693000000003,12.45657963,0.0005191887914999999,4.7099064646e-05,0.00482479653,2.22743822e-05,3.55157022e-05,-0.008713177804,1.372446376,0.01797432433,0.0034773974100000002,0.00241963026,1.964631916e-06,2.6092007800000006e-05
147,1708827000,0.856303215,0.85631649,-0.0090587925,-1.48243823,1.4116930499999998,0.835759361,1.3018897500000002,1.23945031,0.01300866615,0.368928087,1.525518555e-05,2.412943162e-06,3.56533078e-06,3.17472938e-06,3.672406943e-06,5.16183218e-06,2.87216415e-05,1.3775333849999999e-05,0.422660382,0.00535627602,7.247929450000001e-05,67.1659976,51.3107838,2.8482135899999996e-05,6.19244223,0.01462689465,9.553345199999999,0.000568684824,5.1561885899999995e-05,0.0299499566,36.8198211,0.000568684824,5.1561885899999995e-05,0.004949651519999999,12.81335746,0.000568684824,5.1561885899999995e-05,0.0022283593900000002,12.61610597,0.000568684824,5.1561885899999995e-05,0.00445200004,1.66250008e-05,2.98715995e-05,-0.021769758800000004,-0.611081107,0.01003332295,0.00289339191,0.00170964251,1.03554825e-06,1.5305661249999997e-05
147,1708827600,0.8848015549999999,0.884814896,-0.01006624315,-1.51573502,1.50555846,0.845222648,1.29052691,1.226249906,0.020565129,0.408340819,1.4971394e-05,1.9076237989999998e-06,3.0288969300000004e-06,2.9942593310000002e-06,3.5134762300000007e-06,5.85742177e-06,3.4327816400000004e-05,1.589251636e-05,0.43706118099999997,0.0051513345,0.00011899455040000001,67.9537158,51.486791600000004,2.9418904399999998e-05,6.2918465,0.014895603599999998,10.10706587,0.00036160180824999994,3.263952467e-05,0.030157201899999996,38.226362,0.00036160180824999994,3.263952467e-05,0.0048480428499999995,11.10230317,0.00036160180824999994,3.263952467e-05,0.00208295864,10.685739296,0.00036160180824999994,3.263952467e-05,0.0045970204099999995,1.88859105e-05,3.2169727400000005e-05,-0.02734905184,-0.734714386,0.009868489050000002,0.0032077662799999997,0.0020104624000000003,1.256440629e-06,1.622153185e-05
147,1708828200,0.7496614670000001,0.749674645,-0.00466124087,-1.59007936,1.36159161,0.770668781,1.1310345419999999,1.0735827649999998,0.026938640509999993,0.353104531,1.500158385e-05,2.23860485e-06,2.780787297e-06,3.039754446e-06,3.7940101999999997e-06,5.81938493e-06,3.49483556e-05,1.704218925e-05,0.369982036,0.004678678769999999,9.810898919999998e-05,67.580028,51.88465279999999,2.49108896e-05,6.5372221999999995,0.01364469015,8.685601629999999,0.0004347457628,3.9348277679999996e-05,0.0271201822,32.2296598,0.0004347457628,3.9348277679999996e-05,0.00468785769,10.279541720000001,0.0004347457628,3.9348277679999996e-05,0.0018485194190000001,9.998780778,0.0004347457628,3.9348277679999996e-05,0.00452523189,1.83849651e-05,3.16549488e-05,-0.054816384940000004,4.461359857,0.01987571104,0.0029704215199999997,0.0018440097700000001,2.1299728650000005e-06,2.6184125700000002e-05
147,1708828800,0.4801863170000001,0.48019953699999995,-0.00666734655,-1.59857685,1.148847576,0.630095266,0.9178405060000001,0.8689390320000001,0.019325230899999997,0.23467240559999997,1.4428487100000002e-05,1.5074004029999998e-06,1.9735624229999998e-06,2.3436484289999997e-06,2.444068094e-06,4.9835205200000005e-06,2.41757403e-05,1.0614091299999999e-05,0.23589514399999997,0.0040763241499999995,7.205486740000001e-05,69.3401292,52.138155499999996,1.5957581950000003e-05,6.50840534,0.011232100200000001,5.775539219999999,0.0004404269467,3.989054055999999e-05,0.0220780312,20.6202447,0.0004404269467,3.989054055999999e-05,0.00465800411,9.95906264,0.0004404269467,3.989054055999999e-05,0.00170909246,9.680146334,0.0004404269467,3.989054055999999e-05,0.0042563596599999995,1.4595667899999997e-05,2.7714115300000005e-05,0.023684145000000004,8.299813293000003,0.01807077352,0.002290913,0.00125487967,3.137252245e-06,3.4702446350000005e-05
147,1708829400,0.5734243890000001,0.5734375770000001,-0.005294203343,-1.5872044600000002,1.2418504000000001,0.688956111,1.000305564,0.9526040909999999,0.02396339555,0.283461857,1.3984710999999999e-05,1.152463857e-06,1.7956682e-06,1.704274364e-06,2.27322818e-06,1.074056407e-05,1.7398116200000002e-05,1.241058871e-05,0.284480954,0.00209068621,9.188237649999999e-05,68.30116679999999,50.83664589999999,1.9050511850000002e-05,6.53722102,0.012458124550000001,6.908546339999999,0.0003886809006,3.5174672557e-05,0.024596403,25.3291966,0.0003886809006,3.5174672557e-05,0.0046044768900000005,9.37178916,0.0003886809006,3.5174672557e-05,0.0016936643200000001,9.088038919999999,0.0003886809006,3.5174672557e-05,0.00422075301,1.3774546799999999e-05,2.7002034299999998e-05,-0.026230890500000003,7.516646258,0.01836719289,0.00220462113,0.001144427394,2.1375113539999998e-06,2.6579842200000004e-05
147,1708830000,0.551271147,0.5512845439999999,-0.0127064518,-1.54673726,1.249463136,0.674156192,0.9997804929999999,0.950166514,0.0230296267,0.28040185300000003,1.4298758899999999e-05,1.1682117859999999e-06,1.94125031e-06,1.5897684760000002e-06,2.205881734e-06,6.996219510000001e-06,1.78097657e-05,1.0654550540000002e-05,0.273245594,0.00226353172,8.29690251e-05,66.9781488,50.894074599999996,1.8327457200000003e-05,6.34785125,0.012143259699999999,6.5714031,0.0005577757726000002,5.059261194999999e-05,0.0241492196,24.322651099999998,0.0005577757726000002,5.059261194999999e-05,0.004852785720000001,11.08595261,0.0005577757726000002,5.059261194999999e-05,0.0019275751400000003,10.884858084000001,0.0005577757726000002,5.059261194999999e-05,0.00415420759,1.24925235e-05,2.5837714400000003e-05,-0.0494328993,1.7257583829999998,0.014283575580000003,0.0019432728499999999,0.0008656690620000001,1.7695996609999997e-06,2.3215431e-05
147,1708830600,0.697922085,0.697935338,-0.01030631589,-1.5506211699999999,1.31160254,0.754665119,1.1264593929999998,1.07377027,0.02533921555,0.32256423,1.4914441399999998e-05,2.0514662450000004e-06,2.6880332070000002e-06,2.978152224e-06,3.446691666e-06,7.012054089999999e-06,2.30953393e-05,1.3848190449999999e-05,0.34679244000000004,0.00203227848,7.915049750000002e-05,65.17626700000001,50.7100006,2.3203993999999997e-05,6.20276593,0.013510971800000002,8.090881199999998,0.000381631807,3.44739477e-05,0.026974595,30.527331300000004,0.000381631807,3.44739477e-05,0.00468287873,9.78368267,0.000381631807,3.44739477e-05,0.0018224006499999996,9.407562019999999,0.000381631807,3.44739477e-05,0.00425682185,1.4374654499999999e-05,2.7603492099999997e-05,-0.0077401026400000005,5.573389407999999,0.017721272569999995,0.00229262032,0.001203752525,2.359012255e-06,2.753853155e-05
147,1708831200,0.7026275300000001,0.7026405189999999,-0.018557076999999998,-1.49651218,1.36890431,0.749596381,1.128446956,1.082620552,0.021489574699999996,0.34117642,1.4130597099999998e-05,1.45311557e-06,2.1978856899999993e-06,2.111743626e-06,2.7343485000000004e-06,4.68245253e-06,1.61285945e-05,1.3553380649999999e-05,0.34947710400000004,0.001690041975,0.0001021683746,66.4722315,50.6161461,2.33585863e-05,6.3487102,0.0132411654,7.7688456299999995,0.0006562743654,5.96131401e-05,0.027013727100000003,30.70261560000001,0.0006562743654,5.96131401e-05,0.00499443395,13.6348817,0.0006562743654,5.96131401e-05,0.0021854844500000005,13.44387387,0.0006562743654,5.96131401e-05,0.00398771357,1.0188743300000002e-05,2.32710848e-05,-0.07367534,12.111122847999999,0.01720073706,0.0014815655299999998,0.00042799697099999996,3.0527972600000005e-06,3.574508995e-05
147,1708831800,0.6873065530000001,0.6873199430000001,-0.0159219638,-1.50520571,1.34490357,0.746123682,1.1418723499999999,1.0901957699999998,0.022154439800000002,0.316520707,1.4995109399999997e-05,1.97633837e-06,2.522201133e-06,2.8667162630000002e-06,3.149115534e-06,6.227137548999999e-06,1.918251976e-05,1.29917465e-05,0.340923827,0.0025711983299999998,0.00010744035299999999,66.93566630000001,50.827682599999996,2.2853167600000003e-05,6.12165835,0.0132046416,7.768307989999999,0.0004929703010000001,4.463919885e-05,0.026889398999999998,30.089577099999996,0.0004929703010000001,4.463919885e-05,0.00487834319,11.271788410000001,0.0004929703010000001,4.463919885e-05,0.00200980761,10.990345779999998,0.0004929703010000001,4.463919885e-05,0.0041284237500000005,1.21187289e-05,2.5423534900000002e-05,-0.0265497471,4.8826113069999995,0.015530700850000004,0.00185169676,0.0008404030799999999,2.017893157e-06,2.30120457e-05
147,1708832400,0.5738604329999999,0.5738735370000001,-0.0218736157,-1.3513296399999999,1.30331478,0.665026337,1.0814205019999998,1.023706257,0.01589478056,0.275437552,1.443715975e-05,1.891030553e-06,2.560030885e-06,3.486025376e-06,4.547047837e-06,7.8488525e-06,2.198431755e-05,1.368695023e-05,0.282781843,0.003966433310000001,0.000124209653,69.458674,51.6290005,1.9070252700000003e-05,6.386652459999999,0.01221961815,6.9370446,0.0004904331966,4.4423459310000005e-05,0.024338389199999998,24.8811715,0.0004904331966,4.4423459310000005e-05,0.00483948724,10.720405219999998,0.0004904331966,4.4423459310000005e-05,0.00203439792,10.453518129999999,0.0004904331966,4.4423459310000005e-05,0.004730623599999999,2.368927295e-05,3.68894374e-05,-0.010880711829999999,0.7192353419999999,0.02112709957,0.0036440186140000003,0.0019401523170000004,5.883468214e-06,4.875381135e-05
147,1708833000,0.6245013030000001,0.624514492,-0.0027954232570000003,-1.3148533800000002,1.3500411800000003,0.685885704,1.14307238,1.0832580420000002,0.01151661945,0.284229936,1.4365438250000003e-05,1.502158858e-06,2.125746537e-06,2.16303116e-06,2.720370001e-06,6.24619706e-06,2.37039615e-05,1.2284158979999998e-05,0.307404769,0.00462046843,0.00017203560599999998,70.6835222,51.931000499999996,2.0757367200000002e-05,6.54542464,0.012526859100000001,7.253848329999999,0.000621888913,5.646313209999999e-05,0.0252537232,26.8494843,0.000621888913,5.646313209999999e-05,0.0050186341599999995,13.04437643,0.000621888913,5.646313209999999e-05,0.0021669781500000002,12.83720259,0.000621888913,5.646313209999999e-05,0.0044180506,1.6390106300000002e-05,2.9524414300000005e-05,-0.0313801157,6.640671119000001,0.020182889689999997,0.00295137839,0.0015762231559999999,2.2826419099999997e-06,2.8367853999999994e-05
147,1708833600,0.45472542900000007,0.45473893899999995,-0.012256047141,-1.2450275200000003,1.11517155,0.576222646,0.9980179600000001,0.9330659869999998,0.01188756552,0.20621618599999997,1.4028530299999998e-05,7.87105806e-07,1.493951648e-06,1.6032439640000002e-06,1.396930221e-06,7.61043898e-06,1.3713963099999998e-05,7.07099242e-06,0.222097264,0.00508856662,0.00014224536799999998,73.79563529999999,52.7519047,1.511393505e-05,6.42560086,0.010735620400000001,5.4374002699999995,0.0005556012335,5.039888974000001e-05,0.021523615599999997,19.74823505,0.0005556012335,5.039888974000001e-05,0.0049223962,11.15468667,0.0005556012335,5.039888974000001e-05,0.0019336157700000002,10.96386815,0.0005556012335,5.039888974000001e-05,0.0042362337,1.2915873900000002e-05,2.64278869e-05,0.00868622815,-0.373158915,0.010881795,0.00214601811,0.001030392571,1.2988976959999999e-06,1.521896985e-05
147,1708834200,0.45942249499999993,0.45943607200000003,-0.006281689240000001,-1.29606627,1.17476088,0.598874206,1.011855865,0.935616074,0.0180583947,0.227937953,1.46185912e-05,1.532056078e-06,2.7888985799999996e-06,2.880935455e-06,3.7220673950000007e-06,8.43142289e-06,1.6949580999999996e-05,1.160273684e-05,0.22105125,0.00848276835,0.0001277276772,72.74556,53.7884984,1.5261343899999998e-05,6.584898159999999,0.010917430850000001,5.617100689999999,0.00046551750999999995,4.215402121e-05,0.0217355144,19.6190203,0.00046551750999999995,4.215402121e-05,0.0047996183,10.02424158,0.00046551750999999995,4.215402121e-05,0.0019235597100000004,9.803607847,0.00046551750999999995,4.215402121e-05,0.0046986400299999995,2.154783395e-05,3.5088646200000004e-05,-0.023252522199999997,0.4848187779999999,0.015360081699999997,0.0037916606499999997,0.0017705967400000002,3.61678391e-06,2.54219007e-05
147,1708834800,0.856135199,0.856148553,-0.0322167706,-1.3723485,1.50278337,0.822937652,1.3435535500000002,1.26356359,0.019465228349999995,0.384744387,1.53118745e-05,2.422479227e-06,3.24870188e-06,3.8150494999999995e-06,4.32963704e-06,7.74586581e-06,2.48643297e-05,1.7527893280000005e-05,0.41841400100000004,0.009384933940000001,0.0002020917825,69.775205,52.2595589,2.8445622399999997e-05,6.31356381,0.014699889000000002,9.8489949,0.0008751832583,7.966481765e-05,0.0297906871,36.5134762,0.0008751832583,7.966481765e-05,0.0051940148399999995,17.945536479999998,0.0008751832583,7.966481765e-05,0.00244069472,17.85845889,0.0008751832583,7.966481765e-05,0.004459913330000001,1.704155185e-05,3.0387056900000003e-05,-0.00790884392,0.06740085899999997,0.012716179250000001,0.00283533743,0.001496951136,2.6673105739999995e-06,2.18351987e-05
147,1708835400,1.54472135,1.54473471,-0.010067023929999998,-1.5051277,1.8736322299999997,1.1218655599999998,1.72047752,1.6396250399999999,0.0318635644,0.66960604,1.592994415e-05,3.1870316149999997e-06,3.7946105999999995e-06,3.992406522999999e-06,5.46478844e-06,9.57920678e-06,3.286213310000001e-05,2.241333181e-05,0.768643206,0.00351292416,0.0001204021044,65.1064106,50.5185115,5.13808473e-05,5.87858035,0.0197357244,16.944120599999998,0.0007500536585999999,6.81176511e-05,0.040486786000000004,67.6114729,0.0007500536585999999,6.81176511e-05,0.00533098988,19.5014435,0.0007500536585999999,6.81176511e-05,0.0027696953799999998,19.2100732,0.0007500536585999999,6.81176511e-05,0.00454658282,1.772421055e-05,3.10227327e-05,0.017170463599999998,0.07103006000000003,0.0148024039,0.00325659215,0.00189459527,1.2360599700000002e-06,1.79174157e-05
147,1708836000,1.285111067,1.28512416,-0.007624121990000001,-1.51194768,1.72002751,1.0225688190000002,1.5548349499999998,1.4919080500000002,0.025043684599999998,0.567944725,1.5224333849999998e-05,2.5867935739999997e-06,3.858332629999999e-06,3.600975071e-06,4.90916726e-06,8.696143673e-06,3.5365468499999996e-05,2.2041115249999995e-05,0.6399599460000001,0.00240248541,0.00010991296709999998,64.5084818,50.4336823,4.273007029999999e-05,6.19712443,0.01804371,14.249037699999999,0.0009133512444000002,8.314655578000002e-05,0.036807128499999994,55.9979505,0.0009133512444000002,8.314655578000002e-05,0.005270911979999999,21.25838521,0.0009133512444000002,8.314655578000002e-05,0.00268764295,21.110999080000003,0.0009133512444000002,8.314655578000002e-05,0.00466445006,1.9545719799999996e-05,3.2669226199999996e-05,0.021520566400000003,-0.41941294500000004,0.015587893999999996,0.00368905044,0.00223310503,1.080606454e-06,1.76471105e-05
147,1708836600,0.7046060000000002,0.7046190179999999,-0.009489037129999999,-1.42966986,1.3479786599999999,0.750629184,1.2023242299999999,1.1336971100000002,0.017246975199999997,0.322642059,1.3946407200000002e-05,1.271067275e-06,2.16424836e-06,2.2185662339999995e-06,2.145818724e-06,4.496751769999999e-06,2.9432675799999998e-05,9.66045504e-06,0.34738690099999997,0.00478521155,7.830993339999999e-05,70.2131147,51.435362299999994,2.3428549000000002e-05,6.12376161,0.013608842900000001,8.435470800000001,0.000624749989,5.674154024e-05,0.0270906145,30.298432400000003,0.000624749989,5.674154024e-05,0.00488845184,13.178124474999999,0.000624749989,5.674154024e-05,0.00210530394,12.988568766,0.000624749989,5.674154024e-05,0.00463709015,1.92094251e-05,3.22742985e-05,0.022728130756000005,-0.550122197,0.011430398400000001,0.0035823043100000006,0.00219279522,1.389353684e-06,1.75266306e-05
147,1708837200,0.849836646,0.8498496919999999,-0.0109741146,-1.46207341,1.46940734,0.829954302,1.30908998,1.23836281,0.024596985000000002,0.396133287,1.420716885e-05,1.478647711e-06,2.4623531100000003e-06,2.36291056e-06,2.87425706e-06,6.738529466000001e-06,3.0283163199999997e-05,1.4150521890000002e-05,0.416479632,0.00826052908,0.0001158040031,71.46089450000001,52.0001748,2.8243959899999998e-05,6.32197218,0.014747752200000002,9.890468199999999,0.0009342761958000001,8.50831824e-05,0.0297696198,36.6259531,0.0009342761958000001,8.50831824e-05,0.005211175090000001,18.524062620000002,0.0009342761958000001,8.50831824e-05,0.0024677879299999997,18.42913756,0.0009342761958000001,8.50831824e-05,0.00460423349,1.8616165900000002e-05,3.1759763500000004e-05,0.02455629604,-0.592233262,0.010858271,0.00343486437,0.00208903848,1.1978686759999999e-06,1.76151545e-05
147,1708837800,1.0000300549999999,1.000043196,-0.011712817600000001,-1.5049412599999998,1.54032204,0.905105869,1.39196751,1.32210286,0.022487044299999998,0.450362975,1.5258928200000004e-05,2.6038901830000002e-06,3.21990398e-06,3.543645306e-06,4.320554836000001e-06,6.9645430139999995e-06,2.41765136e-05,1.7154725529999996e-05,0.49327364100000004,0.00656511615,0.00011207628899999999,68.2561216,51.3968718,3.3254092700000003e-05,6.25202729,0.015736443600000004,10.94894435,0.0007208275970000001,6.54965811e-05,0.03232900700000001,43.088728399999994,0.0007208275970000001,6.54965811e-05,0.00501977372,15.420708199999998,0.0007208275970000001,6.54965811e-05,0.00233222272,15.23150327,0.0007208275970000001,6.54965811e-05,0.004248440719999999,1.351265535e-05,2.6682331999999998e-05,0.015088846389999999,0.007495025000000033,0.01403948165,0.00236053964,0.001155087239,1.264163167e-06,1.69676239e-05
147,1708838400,1.001258568,1.001271811,-0.012249983150000001,-1.4898527099999999,1.5500348000000002,0.9042087430000001,1.3982302100000001,1.3312156099999999,0.0216784339,0.447703202,1.4809734100000003e-05,2.06095783e-06,2.72162778e-06,3.137914865e-06,3.417783416e-06,5.226811850000001e-06,1.737847248e-05,1.492744863e-05,0.494612196,0.00585380456,0.00011259955339999999,68.4652463,51.2148088,3.3291319300000004e-05,6.02955366,0.0157469558,10.8632545,0.0006952309657999999,6.3192929814e-05,0.03246346559999999,43.3612038,0.0006952309657999999,6.3192929814e-05,0.00506045072,16.38850563,0.0006952309657999999,6.3192929814e-05,0.00235810227,16.102375239999997,0.0006952309657999999,6.3192929814e-05,0.0041085737399999996,1.137751425e-05,2.46298673e-05,0.0364221928,0.012142596400000016,0.012293515630000001,0.00181780435,0.000722410875,1.16313241e-06,1.4921592200000001e-05
147,1708839000,1.0650880610000002,1.065101396,-0.00710701107,-1.5053902099999998,1.5859608899999995,0.934669506,1.43726886,1.36980429,0.0240904068,0.47074292399999995,1.5589860399999998e-05,2.8925752040000003e-06,3.978467849999999e-06,3.562849053e-06,4.3910054200000006e-06,7.017499745e-06,1.368397278e-05,1.734317144e-05,0.527135208,0.005249520169999999,0.0001031586896,66.7104794,51.0202732,3.54208286e-05,6.02595095,0.0163172446,11.5492291,0.0006192499939000001,5.622932196e-05,0.033666104999999995,46.7041719,0.0006192499939000001,5.622932196e-05,0.00502370485,14.697049359999998,0.0006192499939000001,5.622932196e-05,0.00236525654,14.380261990000003,0.0006192499939000001,5.622932196e-05,0.00396212715,9.46475023e-06,2.26798666e-05,-0.014390032400000002,-0.13912318700000004,0.00994750631,0.001277320072,0.0003410025693,9.3484442e-07,1.272018585e-05
147,1708839600,1.1742875199999998,1.174300733,-0.00543556835,-1.5129545100000001,1.66527581,0.981021769,1.5066834500000001,1.4308186800000002,0.033383220199999994,0.526795643,1.47756764e-05,2.0965371470000003e-06,2.4712899259999996e-06,3.258082905e-06,3.7956091800000004e-06,4.80327638e-06,1.3584344839999999e-05,1.4474598520000001e-05,0.582192907,0.004806988010000001,9.74430706e-05,68.0914227,50.8835055,3.9062270000000005e-05,5.970845119999999,0.0170352697,12.557694600000001,0.0008072361713000001,7.34058874e-05,0.0351452815,50.966276199999996,0.0008072361713000001,7.34058874e-05,0.00514752367,17.678019749999997,0.0008072361713000001,7.34058874e-05,0.0025000731500000005,17.465468530000003,0.0008072361713000001,7.34058874e-05,0.0040351578199999995,1.033757999e-05,2.3537105299999997e-05,-0.029384489863999996,-0.08355065099999999,0.00976527205,0.0015572944719999997,0.00046485834825000003,1.2766737350000001e-06,1.282394075e-05
147,1708840200,0.964522534,0.9645358770000001,-0.00786696439,-1.4805811400000002,1.52854665,0.8842260829999999,1.3734419299999998,1.30916495,0.022510625700000002,0.43560860300000004,1.5212095899999999e-05,2.244140041e-06,2.701798115e-06,3.1720981550000007e-06,3.910377194999999e-06,5.55486354e-06,1.607834255e-05,1.667822528e-05,0.477348242,0.00474215379,0.00011842916840000001,67.9894518,51.06256499999999,3.2068353000000004e-05,6.21110965,0.01539100645,10.39064045,0.0005169251264000001,4.6848795665e-05,0.0318520639,41.939941000000005,0.0005169251264000001,4.6848795665e-05,0.00492866623,13.09729625,0.0005169251264000001,4.6848795665e-05,0.00215076353,12.747929166999999,0.0005169251264000001,4.6848795665e-05,0.0038955698699999998,7.78627477e-06,2.1135029899999997e-05,0.0245475901,0.031661656499999996,0.00979950948,0.000930695174,-4.7588029259999994e-05,8.556355170000001e-07,1.1518332399999998e-05
147,1708840800,1.1715526,1.171565926,-0.00950411453,-1.52112656,1.64648773,0.978921602,1.49907078,1.42084339,0.0268356306,0.5192596559999999,1.491619845e-05,1.96838266e-06,2.133702316e-06,2.95755722e-06,3.3649248439999992e-06,4.475145640000001e-06,1.3831108500000002e-05,1.407693754e-05,0.580396002,0.005225514119999999,0.00010978998630000001,67.6000399,50.9621238,3.89759271e-05,6.01629972,0.016932380799999997,12.42179745,0.0007789374500000001,7.07981787e-05,0.0350981588,50.777106700000004,0.0007789374500000001,7.07981787e-05,0.00520287288,17.40593633,0.0007789374500000001,7.07981787e-05,0.0025077832000000005,17.22539185,0.0007789374500000001,7.07981787e-05,0.003925256130000001,8.22793212e-06,2.15811748e-05,0.0015428560299999999,-0.2043806484,0.007485816020000001,0.001030377025,2.52003372e-05,9.68821182e-07,1.1419392100000001e-05
147,1708841400,0.8782918350000001,0.878305061,-0.016732676499999998,-1.45812071,1.47282001,0.8423105550000001,1.3251404500000001,1.25958845,0.016904302599999997,0.395902448,1.48343819e-05,2.035678094e-06,2.6090643839999997e-06,2.9171412069999996e-06,3.69402943e-06,6.06641741e-06,1.371493734e-05,1.475357858e-05,0.433558131,0.00539764816,0.000142502226,70.05767560000001,51.288498700000005,2.9198240100000006e-05,6.313642829999999,0.01472723205,9.56449425,0.0009514758369999999,8.66464411e-05,0.030459237500000003,38.1721066,0.0009514758369999999,8.66464411e-05,0.00511787412,17.66067687,0.0009514758369999999,8.66464411e-05,0.0023709703199999996,17.66420692,0.0009514758369999999,8.66464411e-05,0.00398830419,9.546593589999998e-06,2.2797683200000004e-05,-0.022281325499999994,1.5070497330000001,0.011886117560000001,0.001128275918,2.4934422999999992e-05,1.762970617e-06,1.565893805e-05
147,1708842000,0.5956970269999999,0.595710143,-0.0341722843,-1.49025288,1.21668711,0.6967696139999999,1.07545784,1.013805944,0.0164445531,0.27368543700000003,1.3739840799999999e-05,7.93648605e-07,1.3446528470000002e-06,1.4739559700000001e-06,2.144267286e-06,3.53167238e-06,1.1199574779999999e-05,1.100947863e-05,0.29021138300000004,0.00741888802,0.00018500173499999998,73.63869389999999,52.681135299999994,1.97888586e-05,6.5733752800000005,0.0121436899,6.5963134199999995,0.0007152594256000001,6.506525894e-05,0.024822495899999998,25.5367504,0.0007152594256000001,6.506525894e-05,0.0049580267400000004,14.111184990000002,0.0007152594256000001,6.506525894e-05,0.0020548581,13.980721119999998,0.0007152594256000001,6.506525894e-05,0.00384445057,7.0023091899999995e-06,2.02185816e-05,0.023241068139999998,-0.020185255390000004,0.00801641625,0.000742242018,-0.000224281946,9.484084389999999e-07,1.125740475e-05
147,1708842600,0.6063259630000001,0.606339315,-0.034580555799999996,-1.4595515799999998,1.2358877400000001,0.7000453080000001,1.0958584500000002,1.03184401,0.013889223450000002,0.272176632,1.530316175e-05,2.269944437e-06,2.90843088e-06,3.39900003e-06,3.58438388e-06,7.85934814e-06,3.465767130000001e-05,1.3646675660000001e-05,0.296752769,0.0061546028599999995,0.00018471171899999997,69.33224020000002,52.1165673,2.0145157500000002e-05,6.40576439,0.012827313600000001,7.571885429999999,0.0005394022544,4.890478295e-05,0.0251972657,26.2727259,0.0005394022544,4.890478295e-05,0.0048491634,11.36622562,0.0005394022544,4.890478295e-05,0.00194966286,11.176592730000001,0.0005394022544,4.890478295e-05,0.00469803772,1.98975802e-05,3.32055159e-05,0.02445760885,-0.883380436,0.01208436316,0.0033049063600000005,0.00224617074,1.276338491e-06,1.7473766400000002e-05
147,1708843200,0.8681338399999999,0.868147044,-0.037717508200000006,-1.36293379,1.4819327599999998,0.822318077,1.3477161399999997,1.27192631,0.0162376025,0.37741979400000003,1.3995258600000001e-05,1.132175038e-06,1.74569564e-06,1.83425477e-06,2.46941041e-06,8.00650708e-06,3.40011935e-05,1.261218933e-05,0.42821294400000004,0.0055414829,0.000249084435,70.8789512,51.36771159999999,2.8857349900000004e-05,6.345877660000001,0.015047976999999999,10.2983227,0.0005095861682,4.61514699e-05,0.030277394000000003,37.7926045,0.0005095861682,4.61514699e-05,0.00501139214,12.9441618,0.0005095861682,4.61514699e-05,0.0022338037900000002,12.62592613,0.0005095861682,4.61514699e-05,0.004721957319999999,2.02810257e-05,3.345997459999999e-05,0.02895345591,-0.9450005559999999,0.010866143250000002,0.0033509359500000003,0.00232358057,1.18557861e-06,1.7014526350000003e-05
147,1708843800,0.953608307,0.9536212839999999,-0.036540289999999996,-1.34041267,1.61862441,0.852457587,1.4087679899999999,1.3241279400000001,0.0267457724,0.454251703,1.4832513649999998e-05,4.041591741e-06,1.8688922494e-05,3.054853182e-06,3.6035413400000008e-06,2.9589775810000004e-05,0.0001139433114,1.499055565e-05,0.46996983100000006,0.006241961629999999,0.00040158102400000004,69.1544791,51.4506034,3.1708194900000004e-05,6.100244399999999,0.017671866799999998,14.848765600000002,0.0006259931909999999,5.681313095e-05,0.0316629251,42.3015602,0.0006259931909999999,5.681313095e-05,0.00493285806,13.599704489999999,0.0006259931909999999,5.681313095e-05,0.00278759315,13.448851490000001,0.0006259931909999999,5.681313095e-05,0.00741740856,0.00010734267650000001,0.00012036959180000001,0.02492716884,0.2615664420000001,0.0228893184,0.00854683006,0.007234453260000001,2.90327127e-06,6.46107461e-05
147,1708844400,0.797916268,0.797929479,0.0033681512999999995,-1.30323397,1.5013958300000003,0.780456067,1.3362782899999999,1.23498773,0.013915924059999998,0.354543318,1.465231255e-05,9.437664380000001e-06,8.15425765e-05,2.1558992e-06,2.8406675699999996e-06,7.509572160000001e-05,0.0004346929249999999,1.127213735e-05,0.39221669600000003,0.00528780837,0.0008342174339999999,71.0007401,51.418782199999995,2.6517053000000002e-05,6.3194712299999996,0.023391409199999998,25.6441869,0.0008061422469,7.3382694504e-05,0.030026822899999993,38.891542099999995,0.0008061422469,7.3382694504e-05,0.005053522909999999,16.07692965,0.0008061422469,7.3382694504e-05,0.00515126824,16.47323328,0.0008061422469,7.3382694504e-05,0.0176580488,0.000427044396,0.00044020368899999997,0.0006408742130000003,-1.16099649,0.035657645099999996,0.027946488399999997,0.0258398193,4.34693654e-06,0.00018799093800000001
147,1708845000,0.9883463750000001,0.9883594529999999,0.015193615799999999,-1.32992716,1.6503878799999998,0.8679533239999999,1.4761201099999999,1.36207906,0.024846751499999997,0.4375185490000001,1.54187261e-05,7.57258993e-06,9.23951396e-05,3.95939669e-06,4.998681103999999e-06,8.32115579e-05,0.000435561538,2.1448443959999997e-05,0.488543267,0.004131529,0.000845026686,66.79780029999999,50.9440394,3.28381958e-05,6.4678741,0.0243072241,27.759995300000003,0.0007072421172,6.429361796e-05,0.033269100399999994,47.834874,0.0007072421172,6.429361796e-05,0.005109314879999999,16.225898100000002,0.0007072421172,6.429361796e-05,0.00534550508,16.50958234,0.0007072421172,6.429361796e-05,0.0179974406,0.0004428054700000001,0.00045595109600000006,-0.00200424163,-1.16863292,0.0367862318,0.028447389299999997,0.0262377217,4.10238437e-06,0.000190989277
147,1708845600,1.06589325,1.0659065,0.013991251800000002,-1.37801749,1.68792652,0.9126418000000001,1.5129461800000001,1.41278062,0.02017910185,0.473021678,1.4821663500000001e-05,6.41866356e-06,8.69023468e-05,2.8417569100000002e-06,3.2880447899999997e-06,6.717161345000001e-05,0.000446463454,1.875158308e-05,0.527734927,0.0037329278300000006,0.000844533068,67.6667458,50.76757189999999,3.54274038e-05,6.31833572,0.0245500464,28.455008499999998,0.0013041083530000001,0.00011893449909999999,0.0345538874,50.953000200000005,0.0013041083530000001,0.00011893449909999999,0.00559475193,24.952239600000002,0.0013041083530000001,0.00011893449909999999,0.0057286729299999995,25.516171299999996,0.0013041083530000001,0.00011893449909999999,0.017764787700000003,0.0004319318010000001,0.000445210216,-0.0007918954559999996,-1.1596212,0.0378865905,0.0280904747,0.025913398000000004,3.6481167700000003e-06,0.00018759373900000003
147,1708846200,1.011671507,1.0116848139999999,0.012547729100000002,-1.3961559099999998,1.65327548,0.89199023,1.4632197,1.3669917,0.026026540799999998,0.46353763499999995,1.648474975e-05,1.0950268320000001e-05,8.91211421e-05,4.50022526e-06,6.1477269800000005e-06,6.993023010000001e-05,0.000466525377,2.3180475700000002e-05,0.499267122,0.005025233170000001,0.0008682475879999999,67.0168969,51.101062399999996,3.36050638e-05,6.46284406,0.0244461744,28.4303662,0.0007005659409999999,6.367902779999998e-05,0.0336504413,48.685753600000005,0.0007005659409999999,6.367902779999998e-05,0.00508531406,16.06877394,0.0007005659409999999,6.367902779999998e-05,0.00526688895,16.41403477,0.0007005659409999999,6.367902779999998e-05,0.018045267999999996,0.00044651214800000004,0.000459759572,-0.0036988519900000003,-1.1619292900000002,0.03860733339999999,0.028587136700000005,0.0264306176,4.50890058e-06,0.000197111243
147,1708846800,0.9499698219999999,0.949983009,0.0139802447,-1.5169815,1.5523224,0.8812913019999999,1.36016655,1.28167666,0.0241096253,0.42963229,1.5070914649999999e-05,1.003415763e-05,8.760042360000001e-05,3.146699601e-06,4.33939753e-06,9.562420623e-05,0.000430648886,2.131607265e-05,0.4705310979999999,0.00291365993,0.0008843361039999999,67.705675,50.67781680000001,3.1561027500000003e-05,6.57502276,0.0240496047,27.6732795,0.00072259249185,6.571478429e-05,0.0327982577,46.33677089999999,0.00072259249185,6.571478429e-05,0.00506495025,16.12263518,0.00072259249185,6.571478429e-05,0.005256118459999999,16.34558414,0.00072259249185,6.571478429e-05,0.018011601600000003,0.000444291699,0.00045754527399999995,-0.000692516877,-1.15662895,0.0429519549,0.028513464199999998,0.026350712299999995,4.92728739e-06,0.00020140664999999998
147,1708847400,0.7699090319999999,0.7699222960000001,0.0191035922,-1.45147849,1.41518072,0.7852106670000001,1.2569259,1.18049855,0.0150276508,0.343738569,1.4473766299999999e-05,7.08189846e-06,8.730383649999999e-05,2.1534583e-06,2.4797526349999998e-06,7.076647970000001e-05,0.0004727683579999999,1.0124164549999999e-05,0.381927293,0.0014607089430000002,0.000912214542,66.1747194,50.4473653,2.56028602e-05,6.20622266,0.0235699376,26.4687235,0.0005664985685,5.136595720000001e-05,0.0297927063,38.4266835,0.0005664985685,5.136595720000001e-05,0.00484589794,11.798162719999999,0.0005664985685,5.136595720000001e-05,0.0049999842600000005,12.204950969999999,0.0005664985685,5.136595720000001e-05,0.0181429267,0.00045217527900000005,0.000465461221,0.00037092926799999994,-1.15365107,0.0380063761,0.028885004799999996,0.026707656099999998,3.847391929999999e-06,0.00019674335600000002
147,1708848000,0.6164990180000001,0.6165124240000001,0.0162813167,-1.37166868,1.33834083,0.691027023,1.1452474760000002,1.058919827,0.026552254799999998,0.3022952950000001,1.461380685e-05,7.35362675e-06,8.72820976e-05,1.984591157e-06,2.565828159e-06,8.05346279e-05,0.00048766877699999995,1.2355250449999999e-05,0.305284922,0.00129020357,0.000993046214,66.8637904,50.5490287,2.04807396e-05,6.48975392,0.023284068199999997,25.689535700000004,0.0004980495584,4.5127842112999996e-05,0.026708083099999995,31.482862,0.0004980495584,4.5127842112999996e-05,0.00487884247,11.07393099,0.0004980495584,4.5127842112999996e-05,0.005020984609999999,11.35692697,0.0004980495584,4.5127842112999996e-05,0.018356918,0.000463709601,0.00047704760400000005,0.002553901382,-1.15321265,0.0369209041,0.029365701299999998,0.0272210962,3.2756040600000004e-06,0.000198008707
147,1708848600,0.318614278,0.31862742600000005,0.023945012699999997,-1.3138983999999998,1.007918277,0.4955632580000001,0.845425795,0.777586247,0.012075548850000001,0.15691572499999998,1.3979434149999999e-05,7.88989713e-06,8.30400041e-05,1.8946417160000002e-06,1.6414163850000001e-06,5.430067937e-05,0.000521559894,7.71553613e-06,0.15569503199999998,0.00195922525,0.0009737956500000001,69.6216245,51.414555699999994,1.05782358e-05,6.676969299999999,0.0221013327,22.8816596,0.0002324466575,2.07888269e-05,0.0199931599,18.152157,0.0002324466575,2.07888269e-05,0.00446113075,5.230976310000001,0.0002324466575,2.07888269e-05,0.00453799246,5.40696088,0.0002324466575,2.07888269e-05,0.0183166404,0.00046279554499999994,0.00047598942400000005,-0.000269167834,-1.1381596999999997,0.0385804098,0.029410910900000004,0.027119200099999997,4.15963716e-06,0.000201293605
147,1708849200,0.381678151,0.381691386,0.0226775679,-1.29906296,1.072832735,0.531962552,0.911990342,0.8265252479999999,0.019486586960000003,0.186415314,1.3863096e-05,7.0655164450000015e-06,8.13358168e-05,1.004630591e-06,1.294636854e-06,4.0175863560000005e-05,0.0005338395449999999,7.504430789999999e-06,0.187480249,0.0017166991899999998,0.000969055565,70.21489620000001,51.34279630000001,1.268113e-05,6.68142331,0.0223630035,23.4922794,0.00026437243619999997,2.372070024e-05,0.0211652129,20.7084553,0.00026437243619999997,2.372070024e-05,0.004461472980000001,6.0199463600000005,0.00026437243619999997,2.372070024e-05,0.004501936220000001,6.2506509,0.00026437243619999997,2.372070024e-05,0.0181952406,0.00045722761699999997,0.000470447555,-0.0019237710800000002,-1.13846138,0.037353064,0.0292096093,0.026970135900000004,4.60118443e-06,0.000197784179
147,1708849800,0.744686486,0.7447000079999999,0.017239861599999996,-1.4403049,1.3793670900000001,0.758238374,1.20573682,1.133209594,0.016261362150000003,0.33437786299999994,1.4375621500000002e-05,6.1460110899999995e-06,8.235280359999999e-05,2.104195711e-06,2.8748681900000002e-06,2.8223937199999997e-05,0.000548259013,1.671381174e-05,0.36983923,0.000819395832,0.000996788986,67.31013169999999,50.438027899999994,2.47364482e-05,6.648240939999999,0.023879580400000003,27.0904911,0.0006388730935999999,5.800405283000001e-05,0.0286468898,36.5844065,0.0006388730935999999,5.800405283000001e-05,0.005036749250000001,14.121901320000001,0.0006388730935999999,5.800405283000001e-05,0.00504525269,14.317102389999999,0.0006388730935999999,5.800405283000001e-05,0.018150714800000002,0.0004543119200000001,0.000467744073,-0.0015400630410000002,-1.13014168,0.039549506299999995,0.029100577500000002,0.0267686846,4.90232365e-06,0.000204430208
147,1708850400,1.075855413,1.0758686439999998,0.013163129,-1.5198707200000001,1.6045240099999998,0.9380353579999999,1.43936894,1.36946681,0.017648719549999997,0.468396793,1.419435105e-05,7.96275431e-06,8.27647491e-05,2.792591e-06,3.298457181e-06,4.5208956599999996e-05,0.000549527318,1.892573607e-05,0.535912507,0.00030381383239999995,0.000999748695,64.66000690000001,50.128690600000006,3.5758900600000004e-05,6.2880063999999996,0.025511694499999998,31.088852100000004,0.0012349603397000001,0.00011265515204000001,0.034716787900000004,51.342205,0.0012349603397000001,0.00011265515204000001,0.0054412883099999995,24.30696485,0.0012349603397000001,0.00011265515204000001,0.00552807528,24.83434635,0.0012349603397000001,0.00011265515204000001,0.018430647,0.00046912083899999996,0.000482384122,-0.004063600288,-1.12495948,0.0407691625,0.029671989599999997,0.027198823599999998,4.6871869e-06,0.00020723149700000001
147,1708851000,1.0147599550000002,1.0147730349999997,0.011619190799999998,-1.5090949900000001,1.5735105100000002,0.908549853,1.4038928599999998,1.3351532900000003,0.0172442932,0.44532209200000006,1.4453381749999998e-05,1.054706871e-05,8.70956845e-05,2.7171536070000004e-06,3.268087359999999e-06,5.081747029999999e-05,0.0005215766989999999,1.9693801870000002e-05,0.505546345,0.0001388863999,0.000997508926,63.412898199999994,50.10013360000001,3.37290531e-05,6.38736946,0.0249620638,29.8723824,0.00047576011750000006,4.3026242000000006e-05,0.0338802278,49.10168409999999,0.00047576011750000006,4.3026242000000006e-05,0.005070596200000001,14.155477240000002,0.00047576011750000006,4.3026242000000006e-05,0.00530510933,14.31367177,0.00047576011750000006,4.3026242000000006e-05,0.0184724779,0.000470332036,0.000483359772,-0.007160767779999999,-1.14676779,0.0414138566,0.029522022199999998,0.0271861236,5.18479904e-06,0.000209642262
147,1708851600,0.8542569999999999,0.854270131,0.00988730715,-1.49952071,1.48144523,0.829671926,1.2810766199999999,1.2093368899999999,0.0286949083,0.40682473099999994,1.5115844050000001e-05,7.888072049999999e-06,9.17235494e-05,3.55327664e-06,4.641027960000001e-06,8.80973783e-05,0.00047352036799999995,1.984154284e-05,0.425028121,0.00041847427399999994,0.000990317274,63.6006844,50.178461899999995,2.8383666700000002e-05,6.563787500000001,0.024100661300000003,27.829174899999998,0.000758432642,6.895926740000001e-05,0.031116130399999997,42.16553999999999,0.000758432642,6.895926740000001e-05,0.00502097811,15.504422260000002,0.000758432642,6.895926740000001e-05,0.00524987751,15.847395389999999,0.000758432642,6.895926740000001e-05,0.018386227,0.00046469564899999995,0.00047788358399999996,0.0013873347700000002,-1.1516528400000001,0.0395242623,0.029349465399999997,0.0271188814,4.487029079999999e-06,0.00020477904099999998
147,1708852200,1.05700155,1.057014857,0.00835824203,-1.5087210900000003,1.60358648,0.9264777599999998,1.42639356,1.35075374,0.0290972693,0.477577665,1.4175153699999999e-05,6.4084432400000005e-06,9.02824511e-05,2.466409882e-06,2.77874327e-06,6.94539807e-05,0.000489494231,1.38120253e-05,0.526303353,0.00054907656,0.000972513789,63.793792499999995,50.170346699999996,3.5149249e-05,6.01263155,0.0249614021,30.2386972,0.0005030126535,4.551626006e-05,0.0344918626,51.2169496,0.0005030126535,4.551626006e-05,0.005060503249999999,14.143650490000002,0.0005030126535,4.551626006e-05,0.00527210147,14.273023689999999,0.0005030126535,4.551626006e-05,0.0184436765,0.00046800231299999996,0.00048124152800000004,-0.0008411528800000001,-1.1408769100000002,0.0401908072,0.029504293799999998,0.0270811016,4.927509979999999e-06,0.00020750721299999997
147,1708852800,0.7111912380000002,0.7112042480000001,0.014781897950000001,-1.4240209,1.4637821900000003,0.7489866350000001,1.21057446,1.13710975,0.017143747199999997,0.344085529,1.4813759450000002e-05,7.04565362e-06,8.87728251e-05,3.1730552449999995e-06,3.93469662e-06,0.00010080362279999998,0.000455244599,1.53832901e-05,0.35323947600000005,0.000714086747,0.0009655930019999998,64.36713830000001,50.2810038,2.36387862e-05,6.59936504,0.0235274602,26.367877,0.000539682898,4.89154624e-05,0.028673781199999998,35.8343951,0.000539682898,4.89154624e-05,0.00484774986,11.514942510000001,0.000539682898,4.89154624e-05,0.00503125079,11.82972055,0.000539682898,4.89154624e-05,0.018259068299999997,0.000458383876,0.00047150184300000003,0.003950341131799999,-1.1384576599999998,0.0431256417,0.029182571799999994,0.026975126500000002,6.294396049999999e-06,0.000225240657
147,1708853400,1.021515273,1.0215283999999998,0.00272387932,-1.46334308,1.5980362799999999,0.9044280370000001,1.43130618,1.33762835,0.0296512379,0.4639432470000001,1.48896842e-05,1.1231380889999999e-05,8.27117746e-05,2.9727987390000003e-06,4.16220304e-06,0.0001434380364,0.00043326022889999996,1.95990617e-05,0.50888127,0.000211219553,0.0009658499859999999,62.95346809999999,50.0979898,3.3946778499999996e-05,6.37902355,0.0252244159,30.1835196,0.000699555682,6.354529754e-05,0.034011111100000005,49.5710551,0.000699555682,6.354529754e-05,0.005163636290000001,16.67146453,0.000699555682,6.354529754e-05,0.005309821110000001,16.99456582,0.000699555682,6.354529754e-05,0.018319861700000002,0.00046272156599999994,0.00047583643500000004,-0.0027663314789999997,-1.1458567,0.0385524214,0.029333652999999998,0.027113010400000005,3.479287660000001e-06,0.00019876085999999998
147,1708854000,1.127420543,1.127433537,0.0072631954,-1.48555413,1.71421484,0.9532691480000001,1.49063302,1.4062554099999998,0.025897877899999998,0.49607484399999996,1.5539240799999997e-05,1.3710426699999999e-05,8.2195145e-05,4.1103857100000005e-06,5.2343731500000005e-06,0.0002543335401,0.0003264243324,2.5878558799999998e-05,0.5618018499999999,0.0002431337823,0.0009506817040000001,62.4610746,50.08509840000001,3.74661585e-05,6.450565020000001,0.025555679300000002,31.310421100000003,0.0006700308547999999,6.083751870000001e-05,0.035694783,54.5410798,0.0006700308547999999,6.083751870000001e-05,0.00516057228,16.6760733,0.0006700308547999999,6.083751870000001e-05,0.0053135667,16.83532832,0.0006700308547999999,6.083751870000001e-05,0.018367626300000002,0.0004657446930000001,0.00047874647199999996,-0.0019379113399999998,-1.11869097,0.0477536061,0.0294326274,0.027128987900000002,6.556893349999999e-06,0.000228199174
147,1708854600,1.2457849710000002,1.245798044,0.007481952670000002,-1.44661331,1.85371908,0.9935872570000001,1.57129796,1.47173245,0.0541269514,0.6019911889999999,1.58274872e-05,1.1161267779999999e-05,8.554886699999999e-05,4.743715557e-06,6.29018906e-06,0.00013946024039999998,0.0004404828897,2.4191741e-05,0.6209088779999998,0.0003003321537,0.0009685017169999999,62.3621987,50.1021047,4.14101175e-05,6.393465109999999,0.026013102,32.4281612,0.0013834895305,0.00012622756182,0.037117889800000005,59.3256673,0.0013834895305,0.00012622756182,0.00539706166,25.998816299999998,0.0013834895305,0.00012622756182,0.005563008580000001,26.793326020000002,0.0013834895305,0.00012622756182,0.018343974699999998,0.00046421969900000006,0.00047724149699999996,-0.0028538236609999997,-1.12409809,0.048277823799999994,0.029392454300000002,0.0270315419,6.325478230000001e-06,0.000226602317
147,1708855200,1.108642684,1.1086555969999998,0.006094153559999999,-1.42603239,1.7718541300000001,0.9328017850000002,1.4845578099999999,1.39669263,0.0403614959,0.525583124,1.3598683e-05,9.484876850000001e-06,8.172219920000002e-05,1.7147256629999999e-06,1.932553811e-06,0.0001378309812,0.000422142116,1.009528093e-05,0.5508384,0.0019074155869999998,0.0009097562299999999,66.68078870000001,50.4761781,3.68859045e-05,6.14321913,0.025317510799999998,30.667882400000003,0.001178158439,0.0001073952442,0.034998771899999996,53.059558300000006,0.001178158439,0.0001073952442,0.005412207139999999,22.521756900000003,0.001178158439,0.0001073952442,0.00556598133,22.9915236,0.001178158439,0.0001073952442,0.018212317600000003,0.0004573949329999999,0.00047040003100000003,-0.00476259537,-1.13657488,0.0433975287,0.029114511599999997,0.026844953100000003,4.47532797e-06,0.00020442570099999999
147,1708855800,1.16469715,1.1647101860000002,0.00337634743,-1.3652218699999998,1.8578066800000002,0.949512766,1.5754230699999998,1.4657697600000001,0.0367951979,0.529534489,1.43005359e-05,9.3343133e-06,8.697291869999999e-05,2.4799678899999997e-06,3.80983145e-06,5.5833070599999986e-05,0.0004992222710000001,2.1533539460000002e-05,0.5771711419999999,0.0034994473499999996,0.0009972283800000002,67.13579299999999,50.669725400000004,3.869088210000001e-05,6.46354819,0.0254421365,30.8179345,0.001043081173,9.50105796e-05,0.03602429709999999,55.559339,0.001043081173,9.50105796e-05,0.00550398513,23.422644,0.001043081173,9.50105796e-05,0.0057170634599999996,23.649862849999998,0.001043081173,9.50105796e-05,0.0182662218,0.000457935012,0.00047098530299999997,0.0027851197139999997,-1.1515178799999999,0.0422990333,0.029132239400000003,0.0269059159,3.94183807e-06,0.000200311876
147,1708856400,1.312725641,1.3127388139999998,0.00453518149,-1.46071547,1.9438718300000002,1.025040055,1.6095866,1.5084835699999999,0.0500582385,0.647101577,1.69848843e-05,1.073688698e-05,9.547912960000001e-05,5.511353406e-06,7.24790622e-06,0.00012534059704999998,0.000444397148,2.685111133e-05,0.649189975,0.00543243451,0.00102040604,65.78566149999999,50.939309699999995,4.363550459999999e-05,6.36312021,0.026012724100000002,32.7904788,0.0006804722910000001,6.175944680000001e-05,0.0380553139,62.36565499999999,0.0006804722910000001,6.175944680000001e-05,0.0052524815,18.2253574,0.0006804722910000001,6.175944680000001e-05,0.00555316561,18.6129893,0.0006804722910000001,6.175944680000001e-05,0.018549742799999998,0.00047322664899999994,0.000486285994,0.003182468356,-1.1407993399999998,0.0412331141,0.029784771200000004,0.0273023619,5.05995535e-06,0.00022042484
147,1708857000,1.32296886,1.322981721,0.00751234764,-1.53377206,1.8589692600000003,1.0403981789999999,1.58551092,1.4896954900000001,0.0394662952,0.616720959,1.5434000599999998e-05,7.685986209999999e-06,0.0001028302653,4.544818616e-06,5.441615559999999e-06,0.0001365047628,0.00044563882399999995,2.3932913429999997e-05,0.6551692840000001,0.00449813257,0.00108704916,66.3968575,50.75089390000001,4.39733726e-05,6.445336859999999,0.0262470694,33.5766198,0.0010286530569,9.374121731000001e-05,0.038428860100000004,63.6162983,0.0010286530569,9.374121731000001e-05,0.0052439763100000005,22.16454027,0.0010286530569,9.374121731000001e-05,0.0056668824900000005,22.677567770000003,0.0010286530569,9.374121731000001e-05,0.018885007399999997,0.000494721031,0.0005076458860000001,0.004226175977,-1.0868562700000002,0.0494025426,0.0310484959,0.027497233600000004,5.5349456900000005e-06,0.000227612779
147,1708857600,1.55575738,1.5557704100000003,0.00792600691,-1.5305081,1.9759353300000004,1.12830233,1.71143972,1.6325373200000002,0.0450419353,0.718061533,1.657547165e-05,1.444425156e-05,9.3055508e-05,5.1429076299999994e-06,6.716482709999999e-06,0.00011854360069999998,0.00043740512649999996,3.0159539900000003e-05,0.773553575,0.0026031207730000004,0.001012836742,63.491660100000004,50.3879898,5.17220358e-05,6.23813302,0.0266355646,34.6175736,0.0010864716735999999,9.902337601000002e-05,0.04147062989999999,73.06597239999999,0.0010864716735999999,9.902337601000002e-05,0.00529905749,23.08861863,0.0010864716735999999,9.902337601000002e-05,0.0056097121799999995,23.37843797,0.0010864716735999999,9.902337601000002e-05,0.0183532676,0.00046576860799999993,0.000478713638,0.004249401725,-1.0898251799999998,0.0452536691,0.030076426899999998,0.026552081300000002,5.41576821e-06,0.000216562818
147,1708858200,1.6804964999999998,1.6805093899999999,0.00905638733,-1.4316140999999998,2.1320151199999997,1.1535538300000001,1.8515815400000002,1.7564786299999997,0.0485322827,0.7830921880000001,1.78468228e-05,1.4057573749999999e-05,9.54041866e-05,7.317708404e-06,9.12702285e-06,4.85684368e-05,0.0005179237890000001,3.533877445e-05,0.836283721,0.00221350175,0.00101833956,61.9265848,50.3250473,5.586953370000001e-05,6.20685804,0.027134237600000007,35.9550851,0.0013127581823999999,0.00011970069923999999,0.042847543700000004,77.8361848,0.0013127581823999999,0.00011970069923999999,0.00566746376,28.687025799999997,0.0013127581823999999,0.00011970069923999999,0.00593976634,29.2471191,0.0013127581823999999,0.00011970069923999999,0.0183850904,0.000466858061,0.00047973797599999994,0.001907313267,-1.09668418,0.0419529184,0.029951392599999998,0.026724685299999995,4.39075653e-06,0.00020670072
147,1708858800,1.6095342199999998,1.60954695,-0.005073683220000001,-1.41501614,2.08731372,1.1259312650000002,1.81640549,1.7024769599999998,0.0632752878,0.752890806,1.4841292750000003e-05,8.855163209999998e-06,9.4241578e-05,3.7036115799999997e-06,5.598274640000001e-06,0.0001277217161,0.000418363433,2.285074556e-05,0.8007064859999999,0.0023228685999999994,0.00105436632,64.4573583,50.339861600000006,5.351049e-05,6.26051466,0.0268071155,35.2248485,0.0009098589292,8.280874796e-05,0.0421352684,75.59349289999999,0.0009098589292,8.280874796e-05,0.00531965525,23.05168104,0.0009098589292,8.280874796e-05,0.00561292317,23.29382613,0.0009098589292,8.280874796e-05,0.018305771899999997,0.00046334498200000006,0.000476169784,0.0018112725139999997,-1.0913825,0.043458842799999994,0.0298473182,0.0265450664,5.13914477e-06,0.000209296523
147,1708859400,1.238094395,1.238107383,-0.026525707500000002,-1.43172273,1.8129553100000002,0.989269094,1.55881011,1.48054519,0.0385600018,0.567847769,1.55968282e-05,1.0253865380000001e-05,9.23372454e-05,4.1154720600000005e-06,5.408959785e-06,7.790731974e-05,0.00047580687099999994,2.2371781889999997e-05,0.61618232,0.001060922287,0.00111313925,62.615572,50.2506129,4.1150215000000006e-05,6.233936559999999,0.025265066699999998,31.463533,0.0009878548641000001,8.995275024e-05,0.037122682399999996,59.07225910000001,0.0009878548641000001,8.995275024e-05,0.00535933534,22.07990727,0.0009878548641000001,8.995275024e-05,0.005633622289999999,22.499814670000006,0.0009878548641000001,8.995275024e-05,0.018259548,0.00046214238400000006,0.00047506582399999995,0.004254691841,-1.0774438499999999,0.0441458721,0.030143923,0.026378786100000003,4.558228849999999e-06,0.000211832323
147,1708860000,1.27660084,1.2766137199999998,-0.0199081165,-1.43988625,1.85454416,1.0073272860000002,1.5929736,1.4907080000000001,0.051345254900000005,0.6050901609999999,1.5001601099999998e-05,1.078212236e-05,9.06187768e-05,4.217417234e-06,5.27251538e-06,0.0001286779095,0.00041845584900000005,2.1929964699999998e-05,0.636094917,0.0004590470429999999,0.0010642092700000002,62.4100466,50.1247663,4.2433581399999994e-05,6.28399249,0.0254642219,31.873820799999997,0.001192316206,0.00010867936070000001,0.0377005505,60.847907,0.001192316206,0.00010867936070000001,0.00546867653,24.00304835,0.001192316206,0.00010867936070000001,0.00574252328,24.37018835,0.001192316206,0.00010867936070000001,0.018238708599999997,0.000460612102,0.000473560356,0.00297811071,-1.0761065300000001,0.047530739700000005,0.029847580700000004,0.0263589193,6.52477809e-06,0.000218038517
147,1708860600,1.0277285159999998,1.027741753,-0.012940851649999998,-1.3941133799999998,1.69696429,0.895314522,1.45013174,1.3560414,0.03483630375,0.4745169699999999,1.6402829199999994e-05,1.116563839e-05,8.6994842e-05,4.525409845e-06,5.98778888e-06,4.064943137e-05,0.000377589388,2.4958454800000005e-05,0.510815686,0.001418648192,0.0010748226999999998,63.2941072,50.376559300000004,3.41421628e-05,6.44385778,0.0225229106,24.6448478,0.0006138100693,5.5703951049999996e-05,0.0339200669,49.60162150000001,0.0006138100693,5.5703951049999996e-05,0.00501047136,14.99738398,0.0006138100693,5.5703951049999996e-05,0.00514887108,15.24430175,0.0006138100693,5.5703951049999996e-05,0.016733171099999996,0.000382164388,0.000395318622,0.0029307542,-1.08128055,0.039625965400000004,0.027410699700000003,0.0231228848,4.06023149e-06,0.000179437738
147,1708861200,1.6114481399999998,1.61146111,-0.0116292687,-1.44242902,2.04700002,1.129073465,1.7896296399999998,1.68706399,0.0445410814,0.7276693269999999,1.6661629299999997e-05,1.18722765e-05,9.12703582e-05,5.75616238e-06,7.963354299999998e-06,4.559688515000001e-05,0.000402830361,3.0776925549999996e-05,0.8025479839999999,0.00144046035,0.0011357835099999997,62.308655900000005,50.2527684,5.35614976e-05,6.329833819999999,0.0254384094,31.4994892,0.0012039429991,0.00010975841287,0.0420109939,75.15150860000001,0.0012039429991,0.00010975841287,0.00551321413,25.48152553,0.0012039429991,0.00010975841287,0.005700881120000001,25.913171920000003,0.0012039429991,0.00010975841287,0.017105123399999998,0.00040286939799999996,0.00041591554500000004,0.00511290052,-1.044327314,0.0451271657,0.0283581687,0.0238528738,5.07139784e-06,0.00019013979899999998
147,1708861800,1.4894724199999998,1.48948545,-0.006998487909999999,-1.4114699099999999,2.05502525,1.08106451,1.74192817,1.6306248,0.048804152100000005,0.675648668,1.53831761e-05,1.1755930450000001e-05,9.208192459999999e-05,3.88395186e-06,5.28646746e-06,0.00010258219985000001,0.000396844898,2.052844473e-05,0.742084851,0.000833849114,0.0011822183799999999,62.190906999999996,50.181699200000004,4.95391146e-05,6.02776991,0.025776089000000002,32.295491999999996,0.001158892418,0.0001055875858,0.040531029499999996,70.08835959999999,0.001158892418,0.0001055875858,0.00562692612,25.4936258,0.001158892418,0.0001055875858,0.00591398594,25.970596649999997,0.001158892418,0.0001055875858,0.017833931200000003,0.00044082516499999993,0.00045383138599999995,0.0049178660700000005,-1.0373117,0.04626181310000001,0.029862639200000003,0.025213700300000003,4.922182679999999e-06,0.000202942038
147,1708862400,1.3484665070000001,1.348479854,-0.0113489048,-1.4294410400000002,1.8816949399999998,1.028995714,1.6406750899999998,1.54868476,0.03763269030000001,0.612345841,1.547137125e-05,8.91174025e-06,9.86054292e-05,3.6468366510000005e-06,4.97473794e-06,5.5751394000000007e-05,0.000447318026,1.871646656e-05,0.6718851450000001,0.0005223201500000001,0.00118568374,61.07638849999999,50.149949199999995,4.485433980000001e-05,6.0306565999999995,0.025160428899999997,30.973406599999997,0.0008347586083,7.590121677e-05,0.0386716656,64.1849498,0.0008347586083,7.590121677e-05,0.00534956749,19.6202611,0.0008347586083,7.590121677e-05,0.00568732376,19.85675079,0.0008347586083,7.590121677e-05,0.0180024249,0.000449839379,0.00046300952900000007,0.01188579164,-1.029810254,0.0456787661,0.030578821,0.025313985,4.73019377e-06,0.00020328002699999997
147,1708863000,1.64128614,1.64129935,-0.012703554449999998,-1.43117126,2.08105104,1.1365054,1.80838024,1.7034145000000003,0.0535375689,0.7706405279999999,1.57489264e-05,8.98458034e-06,0.0001048842199,4.453584477e-06,5.76219746e-06,4.5510547e-05,0.00041597965000000003,2.76271113e-05,0.8182521429999999,0.0006907999029999999,0.0010843933200000001,62.8021757,50.145975299999996,5.457645929999999e-05,6.26276313,0.025962749399999995,32.6704936,0.0016555347469999998,0.0001510883066,0.0424483489,76.9461282,0.0016555347469999998,0.0001510883066,0.00575828261,31.905647930000004,0.0016555347469999998,0.0001510883066,0.0061887398,32.74170827,0.0016555347469999998,0.0001510883066,0.0180302989,0.00043864004700000004,0.000451905857,0.0058958431169999995,-1.1543853499999999,0.043728031,0.0286503338,0.025396702900000002,5.2031764499999995e-06,0.000201799881
147,1708863600,1.40918447,1.40919767,-0.014881230999999998,-1.4116807100000002,1.9635224,1.050298148,1.68500144,1.5884359799999999,0.0409296249,0.653631975,1.5127863899999996e-05,1.1760198e-05,0.000100072551,2.82028786e-06,4.325317699000001e-06,4.734887366e-05,0.000385857498,1.747656956e-05,0.702149662,0.00087364852,0.000997156517,63.264920700000005,50.1888824,4.6871368000000006e-05,5.88069945,0.0245868082,29.296788099999997,0.001262357685,0.00011507191739999998,0.0395252709,66.87578450000001,0.001262357685,0.00011507191739999998,0.00566980636,25.565663899999997,0.001262357685,0.00011507191739999998,0.006121818070000001,26.5044561,0.001262357685,0.00011507191739999998,0.017874717800000002,0.000426185131,0.000439336133,-0.00012431444500000005,-1.21173459,0.0406287237,0.027415789200000002,0.025240290400000004,5.48421982e-06,0.000203620654
147,1708864200,1.230952814,1.23096609,-0.01578932115,-1.37661251,1.87633227,0.9781319270000001,1.59897384,1.49419557,0.0406970028,0.5801916310000002,1.5545898900000002e-05,1.3279928029999999e-05,0.00010481107610000001,3.25795415e-06,4.742408285e-06,4.4732196299999996e-05,0.0004613100990000001,2.1595472779999997e-05,0.6121992140000001,0.0015430290899999999,0.0010779599699999999,64.27082340000001,50.33123809999999,4.09103579e-05,6.30657043,0.0248448083,29.819250800000002,0.0009424727672,8.580856446000001e-05,0.0371568908,59.379391899999995,0.0009424727672,8.580856446000001e-05,0.005254624880000001,19.71566237,0.0009424727672,8.580856446000001e-05,0.00579188308,20.31071413,0.0009424727672,8.580856446000001e-05,0.018729565300000004,0.000472010751,0.000485272825,0.006334867280000001,-1.2025714600000001,0.0428455789,0.029223458900000006,0.027061014100000003,4.97410844e-06,0.000214602485
147,1708864800,1.10642634,1.10643934,-0.021102951399999997,-1.35232688,1.768929,0.921072234,1.51992139,1.42598103,0.0297341202,0.504334711,1.61079622e-05,1.295641799e-05,9.809137839999998e-05,4.966526217e-06,5.73979399e-06,5.0134307579999994e-05,0.00045029251,2.36938106e-05,0.549338089,0.0021933447100000005,0.00103272689,64.4761049,50.4975873,3.6770053e-05,6.27679325,0.024119434599999996,28.285865699999995,0.0009078977103,8.266261821e-05,0.0351946448,53.5375622,0.0009078977103,8.266261821e-05,0.005262238319999999,19.2972504,0.0009078977103,8.266261821e-05,0.00567932633,19.78322857,0.0009078977103,8.266261821e-05,0.0182506698,0.00045127667100000005,0.00046429381199999996,0.0041551896,-1.1401802099999998,0.0466696323,0.028674447000000002,0.026355450299999993,6.0173428399999995e-06,0.00020938640299999998
147,1708865400,1.331333973,1.331346887,-0.020023933350000002,-1.3662996799999998,1.9361840500000003,1.010859096,1.6559005599999999,1.55108486,0.0508581222,0.627057742,1.4439724550000001e-05,1.0583860589999999e-05,9.67710371e-05,2.8532347e-06,3.7249602700000004e-06,0.00010010997670000001,0.00038802446,1.664818844e-05,0.661932886,0.0020840157700000002,0.001029653405,65.06114120000001,50.403193599999994,4.42750515e-05,6.1146036100000005,0.0249872671,30.620037099999998,0.0008991117326000002,8.181040367e-05,0.03840147049999999,63.737626899999995,0.0008991117326000002,8.181040367e-05,0.005305722600000001,20.285907429999998,0.0008991117326000002,8.181040367e-05,0.005707549189999999,20.69496857,0.0008991117326000002,8.181040367e-05,0.0182320288,0.000449310856,0.00046234846700000004,0.006682497433999998,-1.149837267,0.046996296699999995,0.028621884800000004,0.026299726100000004,6.217878060000001e-06,0.00021560303
147,1708866000,2.37059486,2.3706080099999998,-0.012233105,-1.42856354,2.4630376800000002,1.36640411,2.17930404,2.05645026,0.0676416463,1.061559169,1.973532665e-05,1.249361257e-05,0.0001661940461,1.1493729189999999e-05,1.306147103e-05,7.047489888e-05,0.000254264512,4.49395872e-05,1.1821865169999999,0.001508768377,0.001022539538,60.6709618,50.1705726,7.8840095e-05,6.18819473,0.027760448599999998,35.4204387,0.0015439641890000002,0.0001408018288,0.05147733539999999,112.80773389999999,0.0015439641890000002,0.0001408018288,0.00598421312,35.93058175,0.0015439641890000002,0.0001408018288,0.00701202418,36.90546629,0.0015439641890000002,0.0001408018288,0.017032374100000004,0.0004765816428,0.0004895249437000001,-0.00595100175,1.2251583930000003,0.054411911199999996,0.03137899300000001,0.02692239926,2.100572702e-05,0.000243364444
147,1708866600,1.8969499199999997,1.8969627600000003,-0.01154637435,-1.4380574999999998,2.2396058299999995,1.2237561600000002,1.9399342099999999,1.8382686,0.0385507312,0.8492117109999999,1.678806525e-05,3.370397325e-05,0.00026003413699999997,8.450738419999999e-06,7.5242966999999996e-06,2.075907867e-05,0.00016514703499999998,2.967474212e-05,0.9450804030000001,0.0016505303359999998,0.00121481992,62.6616186,50.2689102,6.308128e-05,6.201930020000001,0.024209444099999998,26.192650800000003,0.0017679455059999999,0.00016134886669999998,0.046944271700000005,96.83909650000001,0.0017679455059999999,0.00016134886669999998,0.0058773177699999995,33.59740480000001,0.0017679455059999999,0.00016134886669999998,0.008728671689999998,35.415998370000004,0.0017679455059999999,0.00016134886669999998,0.020248598,0.00065356901,0.000666518797,-0.023118776799999997,-0.63713419,0.05292775439999999,0.039944872,0.03451708669999999,6.81355812e-06,0.000294915889
147,1708867200,1.7092162800000001,1.7092293,-0.0182725769,-1.4164192,2.12230229,1.1581623,1.8555191399999997,1.7493909000000003,0.04563921,0.7743038160000001,1.671477125e-05,3.21111434e-05,0.000263053012,6.539874069999999e-06,8.230006810000002e-06,2.166817465e-05,0.00013850678700000002,3.651340395e-05,0.85162944,0.001200442,0.00126797708,63.2750109,50.2359546,5.679535689999999e-05,6.4674323000000005,0.0229393627,23.3677029,0.001521887734,0.0001388103887,0.0449003963,88.9983079,0.001521887734,0.0001388103887,0.00587771839,31.578210899999995,0.001521887734,0.0001388103887,0.008789957599999999,33.2312635,0.001521887734,0.0001388103887,0.0202315142,0.000643497021,0.000656421364,-0.0275473308,-0.708632193,0.049330001299999995,0.0392609264,0.0345863332,5.8830840700000005e-06,0.000284866839
147,1708867800,1.75410282,1.7541155700000004,-0.0174822765,-1.4438922,2.15185322,1.1788295500000001,1.8586692499999997,1.75497855,0.0413905996,0.786122047,1.50483426e-05,2.9969224699999998e-05,0.00026137944000000004,4.154621032e-06,5.581524912999999e-06,1.6158434249999996e-05,0.00013403783500000002,2.592922676e-05,0.8749246639999999,0.000419995906,0.0012272738299999998,62.664105400000004,50.138533900000006,5.833282030000001e-05,5.97209523,0.0231207313,23.7509271,0.0011936258611000001,0.00010893625718000001,0.0453286928,90.5086204,0.0011936258611000001,0.00010893625718000001,0.00565250076,27.9471507,0.0011936258611000001,0.00010893625718000001,0.00852254365,29.35685595,0.0011936258611000001,0.00010893625718000001,0.020142067300000004,0.0006399782070000001,0.000652770603,-0.025185596900000003,-0.7014892399999999,0.052703939199999994,0.0392673565,0.034599713000000004,5.99208418e-06,0.000277842715
147,1708868400,1.91703011,1.91704302,-0.012815876100000002,-1.4499570600000002,2.2306431000000004,1.2338296099999997,1.9403092499999999,1.84051868,0.0431523751,0.8562928939999999,1.66826137e-05,2.7799525039999995e-05,0.000252463776,4.725249300000001e-06,7.07028232e-06,1.86139921e-05,0.000160599567,3.49732613e-05,0.956254156,0.000497310853,0.00125343851,62.000509,50.1254588,6.37274627e-05,6.34944088,0.0243885758,26.3819128,0.00171673891,0.00015668376136,0.047206917499999994,97.46333990000001,0.00171673891,0.00015668376136,0.00587989302,34.529859970000004,0.00171673891,0.00015668376136,0.008608184029999999,36.54322223,0.00171673891,0.00015668376136,0.019507157,0.0006243125519999999,0.000637103599,-0.021995262430000002,-0.59678549,0.05578244360000001,0.039404431799999994,0.0345554162,6.66014198e-06,0.00027613091800000005
147,1708869000,1.265796915,1.2658101560000001,-0.0130521067,-1.38758808,1.96164739,0.980827556,1.5868234700000001,1.47664506,0.051387235399999995,0.5982620000000001,1.445095905e-05,1.532081387e-05,0.00023880227600000004,2.6861750900000003e-06,3.66958775e-06,2.09677386e-05,0.0001185592615,2.106080483e-05,0.630379899,0.000853157328,0.00124316188,64.5606024,50.275037000000005,4.2078407699999994e-05,6.38839693,0.0203704242,18.7241196,0.0006045788394000001,5.4829741459999985e-05,0.03868141970000001,68.0946442,0.0006045788394000001,5.4829741459999985e-05,0.005178579040000001,16.39831498,0.0006045788394000001,5.4829741459999985e-05,0.007694240099999999,17.514834540000003,0.0006045788394000001,5.4829741459999985e-05,0.018908580600000002,0.0005683453760000001,0.000581539951,-0.0202315372,-0.657712134,0.054722800700000004,0.036935140899999996,0.03249886070000001,8.38875409e-06,0.000283212076
147,1708869600,1.0674023150000003,1.0674153450000001,-0.018016976599999998,-1.39432325,1.72606519,0.9138898999999998,1.4760075400000001,1.36942932,0.037545910499999995,0.500334435,1.5211949600000001e-05,2.64836517e-05,0.00023145444799999997,3.7259686300000003e-06,5.24522653e-06,1.76117188e-05,0.00011082401320000001,2.21876207e-05,0.53130864,0.000705491789,0.00126736237,63.651312499999996,50.255125,3.5470371599999995e-05,6.42608838,0.0190390683,16.0487598,0.00113128854,0.00010306799670000001,0.036215131,59.199723899999995,0.00113128854,0.00010306799670000001,0.0054461501999999995,22.522319700000004,0.00113128854,0.00010306799670000001,0.008017920879999998,23.7257083,0.00113128854,0.00010306799670000001,0.019094437,0.0005664459519999999,0.000579546255,-0.01709666611,-0.712219476,0.0554284836,0.036424327299999996,0.03220643990000001,6.632203069999999e-06,0.000266271532
147,1708870200,1.0442578900000001,1.0442711390000001,-0.013854254799999998,-1.4472476600000002,1.6994768700000003,0.9103944829999999,1.43565632,1.34396604,0.02935559395,0.484001072,1.53139422e-05,2.3464933299999998e-05,0.00023431536199999999,2.7056650759999997e-06,3.8022004e-06,1.5085416200000002e-05,0.0001113171545,1.8546172729999996e-05,0.520117862,0.00035603449770000006,0.00124373332,62.8584954,50.183191699999995,3.471533840000001e-05,6.21092822,0.018914586100000002,15.853905400000002,0.000941087955,8.56530005e-05,0.035995642200000004,58.36476700000001,0.000941087955,8.56530005e-05,0.005173606680000001,18.13564208,0.000941087955,8.56530005e-05,0.0077293528,19.616677250000002,0.000941087955,8.56530005e-05,0.018938147300000003,0.0005651125240000001,0.000578343097,-0.029227037800000005,-0.7104576810000001,0.0493257887,0.036489245,0.032295110700000004,5.3045666e-06,0.000254380778
147,1708870800,1.539327194,1.539340353,-0.0112868637,-1.4538493799999999,2.0162865500000002,1.0999852579999998,1.7283527199999997,1.6287872200000002,0.039007413299999995,0.7020342700000001,1.3761319900000001e-05,2.3240472600000002e-05,0.000241609481,1.990799083e-06,2.745397282e-06,1.7377694150000002e-05,9.59349348e-05,1.4576915969999999e-05,0.767505862,0.0004950331439999999,0.0012645198300000001,63.95107199999999,50.1561652,5.12154863e-05,5.74163854,0.021720588800000003,20.7621861,0.001131174713,0.00010302314134,0.042473415599999995,80.5787615,0.001131174713,0.00010302314134,0.005467722350000001,23.9507067,0.001131174713,0.00010302314134,0.008105225550000001,25.625051399999997,0.001131174713,0.00010302314134,0.0192987124,0.000581728541,0.000594859297,-0.025072443500000003,-0.7402954170000001,0.048007692899999996,0.036803156200000006,0.032578102500000004,5.242616050000001e-06,0.000251466991
147,1708871400,1.8739279800000002,1.8739409299999998,-0.00987287815,-1.44362926,2.1934419499999995,1.21908722,1.9304464199999998,1.8230806499999996,0.0411408003,0.8216791170000001,1.80623448e-05,2.7561351600000002e-05,0.000264691465,7.764589840000002e-06,1.0441773030000001e-05,1.674787809e-05,0.00010744307739999999,4.578481905e-05,0.9346502300000001,0.0004710854300000001,0.00135704268,61.6361358,50.151543100000005,6.22703711e-05,6.46773649,0.0231667875,23.243827099999997,0.0011170178931,0.00010173922070000002,0.046598891499999996,95.121145,0.0011170178931,0.00010173922070000002,0.00569039574,28.20624632,0.0011170178931,0.00010173922070000002,0.00844193658,29.775767339999998,0.0011170178931,0.00010173922070000002,0.019925712800000002,0.000608161119,0.0006212741779999999,-0.0177117471,-0.8118847039999999,0.0488607598,0.0372475334,0.0332857628,4.71613662e-06,0.00026409387299999995
147,1708872000,1.92562074,1.9256340600000001,-0.0077967926,-1.4389831199999998,2.2507812400000002,1.2353858299999998,1.96067233,1.85525664,0.0413718901,0.8536090510000001,1.726395365e-05,2.125666597e-05,0.000238790947,6.354910919999999e-06,8.38691684e-06,1.3786929269999996e-05,0.000173980402,4.00224305e-05,0.9604489729999999,0.000577405637,0.00127743132,62.39467520000001,50.157548799999994,6.40112746e-05,6.43175729,0.024131696299999998,25.9714917,0.0010811282669000001,9.845152889000002e-05,0.0469207366,95.70402649999998,0.0010811282669000001,9.845152889000002e-05,0.00579344713,27.2294137,0.0010811282669000001,9.845152889000002e-05,0.00821411886,28.5912574,0.0010811282669000001,9.845152889000002e-05,0.0189666796,0.000584932729,0.000598066662,-0.029146930459999998,-0.5831027129999999,0.048602718,0.0380888017,0.033212583100000005,5.79424049e-06,0.00026796024100000004
147,1708872600,1.8425766333333335,1.842589777777778,-0.0037971942777777785,-1.436427811111111,2.1992338222222223,1.2085713111111112,1.9233920555555555,1.8103885666666666,0.04480496355555555,0.8190366577777778,1.6700780222222224e-05,2.2930016555555557e-05,0.00023859421111111108,4.7929515088888895e-06,6.631517544444443e-06,1.172354031111111e-05,0.00017085871,2.8266544744444445e-05,0.919028911111111,0.0005500251444444445,0.001222120288888889,61.49185155555555,50.16013155555556,6.129444055555556e-05,5.785344733333334,0.023750537888888888,25.28928411111111,0.0009945844737777778,9.052542092222223e-05,0.04601202277777778,92.43111,0.0009945844737777778,9.052542092222223e-05,0.005763088988888889,27.710112000000002,0.0009945844737777778,9.052542092222223e-05,0.008197341399999999,28.65398411111111,0.0009945844737777778,9.052542092222223e-05,0.019065466333333333,0.0005913059411111111,0.0006045526311111111,-0.016364790384444446,-0.5772522911111111,0.054872640111111114,0.038513652,0.033586344222222224,4.654649433333333e-06,0.00025834318
147,1708873200,1.9920033900000003,1.9920166599999998,-0.00404796803,-1.4386299499999997,2.27740704,1.2583088999999998,2.00091109,1.8909577299999998,0.0451215255,0.8860549609999999,1.7036575e-05,2.5760032750000002e-05,0.00023363550700000003,5.210639489e-06,7.24563815e-06,1.647788892e-05,0.00017218360900000002,3.179110118e-05,0.9935692030000001,0.000712377128,0.0012241718100000003,61.4118872,50.1513589,6.62483022e-05,6.0336148199999995,0.024595744699999998,27.088886800000004,0.0013718494652000001,0.00012506148559999998,0.047828464,99.16811009999999,0.0013718494652000001,0.00012506148559999998,0.005711114800000001,29.379495299999995,0.0013718494652000001,0.00012506148559999998,0.008120206980000001,30.904502139999998,0.0013718494652000001,0.00012506148559999998,0.0189926219,0.000587825103,0.000601140185,-0.0263629789,-0.571169162,0.05018632569999999,0.03833280259999999,0.0333648734,5.941830770000001e-06,0.00027128084799999996
147,1708873800,1.72733873,1.72735198,-0.00497721168,-1.3987529,2.1887918399999995,1.1616763300000001,1.88432004,1.7725665800000001,0.042944954599999995,0.7857369359999999,1.565714135e-05,2.06698747e-05,0.00023318627999999994,4.270079825e-06,5.85646039e-06,1.649043527e-05,0.000167654323,2.74262092e-05,0.8604245269999999,0.00157208276,0.00119477679,63.857582300000004,50.282415900000004,5.7435705099999995e-05,6.41190361,0.023184044299999998,24.3176537,0.001503801764,0.00013713930059999999,0.0446514578,87.3316991,0.001503801764,0.00013713930059999999,0.006044086950000001,32.817209000000005,0.001503801764,0.00013713930059999999,0.008439921049999998,34.3328008,0.001503801764,0.00013713930059999999,0.018893943899999998,0.000581472335,0.000594749637,-0.023614333699999997,-0.5707955979999999,0.051117971100000006,0.0381514809,0.0331814785,5.81210371e-06,0.000267432402
147,1708874400,1.58380337,1.58381669,-0.00448567811,-1.40559752,2.08573869,1.11570301,1.8032800500000001,1.6930641899999999,0.0406904443,0.7117907809999999,1.76407714e-05,2.6757246900000002e-05,0.00023297388400000003,5.92374107e-06,7.631508210000001e-06,1.669754398e-05,0.000175869873,2.759423832e-05,0.7887857309999999,0.0014467080290000002,0.00117146769,61.1751856,50.2884196,5.26745543e-05,6.12204966,0.022501312199999998,22.8888429,0.001257046331,0.0001145314045,0.042950029300000005,80.9881503,0.001257046331,0.0001145314045,0.00578836381,26.2657803,0.001257046331,0.0001145314045,0.008211145119999999,27.7247535,0.001257046331,0.0001145314045,0.0189589545,0.000587024117,0.000600344696,-0.01948829136,-0.567800647,0.046813947,0.038450430800000004,0.0334757766,4.8555204100000005e-06,0.000256280458
147,1708875000,0.99928215,0.9992952580000003,-0.00917250331,-1.33032038,1.77766679,0.875576605,1.4493067299999998,1.34362849,0.03826646,0.484605219,1.5548864250000003e-05,2.365648665e-05,0.000225560095,4.097121304e-06,4.868190089999999e-06,2.76367355e-05,0.00016257059500000002,2.107372145e-05,0.49593756899999997,0.0020809970399999996,0.0011505343499999998,64.62588889999999,50.5563433,3.3209685900000005e-05,6.340939560000001,0.0193028092,17.3134725,0.00034188212130000005,3.080444408e-05,0.0350843683,55.5521471,0.00034188212130000005,3.080444408e-05,0.004889381569999999,11.49988029,0.00034188212130000005,3.080444408e-05,0.00733741866,12.45020458,0.00034188212130000005,3.080444408e-05,0.0187487015,0.000576563459,0.000589662777,-0.02176444291,-0.546229783,0.054089612800000006,0.038177952,0.0331709198,5.834682079999999e-06,0.00027012745200000003
147,1708875600,0.791573352,0.791586369,-0.015388747000000003,-1.3285566899999999,1.5700229,0.774661603,1.29210196,1.19786155,0.01985151425,0.369971464,1.425059935e-05,3.16332011e-05,0.00021442785000000002,1.8839556449999996e-06,2.4515354490000003e-06,5.666520980000001e-05,0.0001273581477,1.1388036849999999e-05,0.392350886,0.0018546945199999997,0.00113405222,67.49853099999999,50.6485375,2.6319010199999997e-05,6.17131587,0.018091951999999998,15.3220074,0.0008412826753000001,7.656080118999999e-05,0.031999201399999996,46.898758599999994,0.0008412826753000001,7.656080118999999e-05,0.00501129835,15.45042081,0.0008412826753000001,7.656080118999999e-05,0.007492250170000001,16.834258589999997,0.0008412826753000001,7.656080118999999e-05,0.0187149982,0.000576789255,0.0005898725069999999,-0.018328331100000005,-0.54515833,0.0462636508,0.0383487815,0.033366428200000006,3.3104138800000005e-06,0.00024202632999999999
147,1708876200,0.7442723439999999,0.744285351,-0.0177712074,-1.33313376,1.5230339999999998,0.7547668840000001,1.2568883900000003,1.1578853299999998,0.02361574446,0.34457380200000004,1.4482212300000001e-05,3.3495677200000006e-05,0.000216389825,2.469283497e-06,3.201953143e-06,5.278161141e-05,0.00013044462917,1.279335901e-05,0.36872567,0.0018152272300000002,0.00114221517,66.97257140000002,50.6570061,2.4739830899999996e-05,6.283875709999999,0.017788437400000003,14.708989300000002,0.000675034242,6.12932893e-05,0.03125281280000001,44.8146239,0.000675034242,6.12932893e-05,0.005035228750000001,14.149260340000001,0.000675034242,6.12932893e-05,0.007556239439999999,15.222535160000001,0.000675034242,6.12932893e-05,0.018799030099999996,0.0005815031540000001,0.00059452113,-0.0221062983,-0.543229119,0.0512631905,0.038407530999999995,0.0334665166,4.303077379999999e-06,0.000253687846
147,1708876800,0.8412579819999999,0.8412710560000001,-0.01539878975,-1.33484599,1.6008113599999998,0.8030465250000001,1.33275319,1.23165008,0.038874529100000006,0.4062824120000001,1.5057580750000002e-05,2.7226869e-05,0.0001712693384,3.523242397e-06,4.060165718e-06,5.405275700000001e-05,0.00014360485409999998,1.6374668510000005e-05,0.41731164400000004,0.0019067167100000001,0.000988474596,66.1262632,50.5904259,2.7970965900000002e-05,6.27006242,0.018495362999999994,15.810224400000001,0.000867988405,7.89744553e-05,0.0321707282,46.693390799999996,0.000867988405,7.89744553e-05,0.00509896243,16.303366620000002,0.000867988405,7.89744553e-05,0.00664419966,17.440846970000003,0.000867988405,7.89744553e-05,0.016643663950000002,0.00048239592999999996,0.0004954557050000001,-0.012146660160000001,0.15122768899999997,0.060116272699999994,0.0345756908,0.0272017306,2.240120941e-05,0.00024821740300000003
147,1708877400,0.463397436,0.46341050600000006,-0.0233138562,-1.3180734,1.2365252100000002,0.594909218,0.9933303240000002,0.9270283029999999,0.014536474490000001,0.235054592,1.33981076e-05,7.841826084e-06,8.73553949e-05,1.214364495e-06,1.540708735e-06,3.581117562e-05,0.000397698123,7.48211264e-06,0.22849440799999998,0.0016391805999999998,0.0010256566299999999,68.71209640000001,50.806439100000006,1.539695625e-05,6.446418769999999,0.020222534,19.643139,0.0003908756652,3.534301593e-05,0.0235813479,24.7675799,0.0003908756652,3.534301593e-05,0.00472729918,8.90253312,0.0003908756652,3.534301593e-05,0.004938562960000001,9.17407385,0.0003908756652,3.534301593e-05,0.0172938704,0.00040242601300000006,0.000415498179,0.004685785277,-1.168293883,0.0422930406,0.026789218799999997,0.024800882099999998,5.65065719e-06,0.00020407160000000002
147,1708878000,0.41120962099999997,0.41122270499999997,-0.021228406900000003,-1.37152144,1.0547571999999998,0.566400071,0.923728195,0.869651554,0.01004362565,0.187724264,1.35638705e-05,7.550296939999999e-06,9.569238900000001e-05,1.2791301519999999e-06,1.2421124229999998e-06,2.6880814709999998e-05,0.0005427703730000001,5.6475227900000004e-06,0.203125068,0.000792258404,0.00100564716,67.9620295,50.51473560000001,1.3672170999999998e-05,6.4520348300000006,0.022255010199999998,23.692606599999998,0.000381947895,3.448213255e-05,0.0225381344,22.832133399999996,0.000381947895,3.448213255e-05,0.004690857589999999,8.24102469,0.000381947895,3.448213255e-05,0.0050518616,8.647218570000001,0.000381947895,3.448213255e-05,0.0188400236,0.00048662457099999995,0.0004996856609999999,0.008367072440000001,-1.16979957,0.038167740299999996,0.0301576283,0.0280457103,3.85537037e-06,0.000208731197
147,1708878600,0.5450241459999999,0.545037178,-0.017658892500000002,-1.4060901200000002,1.18353612,0.645984518,1.0282064000000002,0.9742797470000001,0.014523048449999998,0.258956141,1.3713038900000002e-05,1.0411377050000001e-05,9.480798809999999e-05,1.5972872200000002e-06,2.0418984599999994e-06,3.35339637e-05,0.0005438743119999999,9.65548571e-06,0.270280364,0.000499654617,0.00103536169,65.6325546,50.3458158,1.811016685e-05,6.565882050000001,0.022844820300000006,25.1817414,0.00038545641520000004,3.4815136119999994e-05,0.0251390561,28.6752209,0.00038545641520000004,3.4815136119999994e-05,0.0046874846599999995,9.337577845999999,0.00038545641520000004,3.4815136119999994e-05,0.00507475934,9.632368580000001,0.00038545641520000004,3.4815136119999994e-05,0.0189093683,0.000490118909,0.000503171632,0.008200121940000001,-1.1732615100000001,0.038983926,0.030244015399999997,0.028150241500000006,3.24322696e-06,0.000209345187
147,1708879200,0.47464567099999994,0.47465872600000003,-0.0184330581,-1.4277465900000001,1.12019666,0.610841257,0.9677170400000001,0.9076026890000002,0.017007295250000002,0.22649195,1.402110015e-05,1.029966318e-05,9.712722289999999e-05,1.8752694119999999e-06,2.1762169229999997e-06,6.589857069e-05,0.000527539711,7.75429243e-06,0.235174598,0.000405484167,0.00102902233,64.87759159999999,50.29499650000001,1.5779087700000002e-05,6.4283834099999995,0.0228691593,25.1021756,0.00031330964150000004,2.8280126143999997e-05,0.023965135300000003,25.933278,0.00031330964150000004,2.8280126143999997e-05,0.00453627215,7.30467705,0.00031330964150000004,2.8280126143999997e-05,0.00496879894,7.56091057,0.00031330964150000004,2.8280126143999997e-05,0.0191346295,0.0005032283089999999,0.0005162270659999999,0.004810958783,-1.1725886500000002,0.0375767291,0.0306950693,0.0285777256,3.31385723e-06,0.000214536516
147,1708879800,0.45025407900000003,0.45026706,-0.018631213900000002,-1.45893814,1.05753229,0.600454781,0.93730362,0.888214625,0.0097676411,0.20217286100000004,1.40271384e-05,1.178886685e-05,9.534219460000001e-05,2.08670872e-06,2.168417847e-06,8.679065114e-05,0.0005081683197999999,6.65435712e-06,0.222941725,0.000448753752,0.00102240806,64.6778287,50.32526059999999,1.49672299e-05,6.41038475,0.022811431200000003,24.9909255,0.00030788574,2.7724107262999997e-05,0.0234572432,24.685934999999997,0.00030788574,2.7724107262999997e-05,0.00460745618,7.39184259,0.00030788574,2.7724107262999997e-05,0.005031061420000001,7.757248469999999,0.00030788574,2.7724107262999997e-05,0.019132495700000002,0.0005035880630000001,0.000516543047,0.0034655081159999995,-1.16860625,0.037992243800000006,0.0307065005,0.0285615728,3.4271214499999994e-06,0.00021335855299999999
147,1708880400,0.542979532,0.542992469,-0.0160470234,-1.43505092,1.1651980500000003,0.656975291,1.0436943470000002,0.9821924799999999,0.0112626879,0.239344702,1.363904365e-05,9.94266553e-06,9.325080299999999e-05,1.506090307e-06,1.7673794730000002e-06,0.00014593762455,0.0004306389567,6.33486226e-06,0.26920936399999995,0.000597625172,0.00099186082,65.60491599999999,50.3086171,1.8059435e-05,6.21098807,0.022966532799999998,25.334069300000003,0.00034339724489999997,3.0961289980000004e-05,0.0255172559,28.777497999999998,0.00034339724489999997,3.0961289980000004e-05,0.0046984604999999995,8.790304879999999,0.00034339724489999997,3.0961289980000004e-05,0.0050747855699999995,9.033309,0.00034339724489999997,3.0961289980000004e-05,0.018847611,0.000488662088,0.000501597012,0.00180983041,-1.17017119,0.03711725070000001,0.0301871691,0.028092045399999998,2.93930622e-06,0.00020627015299999997
147,1708881000,0.6677448349999999,0.667757766,-0.0123073183,-1.4311146399999999,1.2883143099999999,0.7273342090000001,1.16129793,1.0913958199999998,0.012339325699999999,0.290076871,1.4336168299999997e-05,8.88389198e-06,9.58210977e-05,2.5282993420000004e-06,3.1424382039999994e-06,5.3393617240000006e-05,0.0005248619470000001,1.26466255e-05,0.33153284800000005,0.000627760548,0.0010091320070000002,64.8911871,50.282491,2.2191353200000004e-05,6.522368500000001,0.023465529199999998,26.480757399999998,0.0004401547674000001,3.979763865e-05,0.027887622100000002,34.0223875,0.0004401547674000001,3.979763865e-05,0.00474261946,9.993903640000001,0.0004401547674000001,3.979763865e-05,0.005121370659999999,10.34343475,0.0004401547674000001,3.979763865e-05,0.018809918099999996,0.000486083115,0.000499014057,0.00405151203,-1.17136583,0.0366331477,0.0301154908,0.02800283,3.1635899099999997e-06,0.000206051276
147,1708881600,0.6483973730000001,0.6484104039999999,-0.010240444090000002,-1.42946522,1.2707262900000003,0.7161013110000001,1.146635,1.0762828610000001,0.015064409400000001,0.284875985,1.3836990499999999e-05,8.012735025e-06,9.42397749e-05,1.648734328e-06,1.5411250069999997e-06,5.1314048399999995e-05,0.000518693335,7.1643881299999995e-06,0.322058986,0.00046630095999999996,0.0009898851960000001,64.5331205,50.2388034,2.1570931100000004e-05,5.94543162,0.0232988117,26.0797977,0.0005143271636,4.659651825e-05,0.0274907128,33.1820049,0.0005143271636,4.659651825e-05,0.004874251590000001,11.227398619999999,0.0005143271636,4.659651825e-05,0.00522409803,11.688409380000001,0.0005143271636,4.659651825e-05,0.018748064000000002,0.00048276556200000005,0.000495779583,0.0038008752299999995,-1.16595283,0.038244586700000006,0.0300016103,0.0278237262,3.26665963e-06,0.00020758770600000001
147,1708882200,0.677240944,0.677253877,-0.008583286050000001,-1.41810558,1.3134776000000001,0.728509486,1.1771609400000003,1.097471033,0.019235052600000004,0.304933353,1.40159996e-05,9.919675389999999e-06,9.28897995e-05,1.734781836e-06,2.1568799480000006e-06,3.830284357e-05,0.000542716646,9.10651155e-06,0.336451924,0.000461464276,0.0010090270000000002,64.1916377,50.2354572,2.25253283e-05,6.169350689999999,0.023579513200000003,26.653121,0.0003519932562,3.1776905104e-05,0.0279484238,34.3748501,0.0003519932562,3.1776905104e-05,0.004693858100000001,9.262969290000001,0.0003519932562,3.1776905104e-05,0.00504840509,9.49678889,0.0003519932562,3.1776905104e-05,0.0187984134,0.00048617664900000006,0.0004991170419999999,0.0018408232199999999,-1.1689501900000001,0.0362212555,0.0301395863,0.027990963700000003,3.1394964000000003e-06,0.000206713128
147,1708882800,0.7424851109999999,0.742498063,-0.009742109850000001,-1.4354018200000003,1.36522918,0.762624118,1.217062155,1.14408492,0.0143571324,0.335922291,1.3758641699999999e-05,9.80355273e-06,9.271015549999999e-05,2.0659395150000003e-06,2.0873503950000003e-06,0.00011873218347000002,0.00046147690240000005,1.1219508020000001e-05,0.36908127999999996,0.00044210379899999996,0.00102010393,64.46823359999999,50.205305499999994,2.46923238e-05,6.05074026,0.023875386800000002,27.397970199999996,0.0005518640180000001,5.0049790490000004e-05,0.029180959099999997,37.371302099999994,0.0005518640180000001,5.0049790490000004e-05,0.0048658341,12.606642540000001,0.0005518640180000001,5.0049790490000004e-05,0.00522660632,12.92399762,0.0005518640180000001,5.0049790490000004e-05,0.0188243501,0.0004873507859999999,0.000500282838,0.0036491287290000007,-1.1653038800000002,0.0376583967,0.0301735739,0.0280282568,3.2353707699999996e-06,0.00020809690899999998
147,1708883400,0.627425326,0.627438103,-0.0123495112,-1.44124133,1.23963784,0.706354249,1.12428432,1.05546972,0.010010031,0.27162739599999997,1.3491284500000002e-05,8.16124061e-06,9.32945474e-05,1.240797544e-06,1.6792532879999997e-06,0.0001274558713,0.000453763716,7.563696110000001e-06,0.311458173,0.000539960394,0.0010203193300000002,65.70183929999999,50.2434564,2.0863284699999998e-05,6.134107479999999,0.0234393353,26.438667599999995,0.00036581487570000004,3.3045635185e-05,0.027260777599999998,32.551926800000004,0.00036581487570000004,3.3045635185e-05,0.00460179443,8.579932945,0.00036581487570000004,3.3045635185e-05,0.00497397324,8.87032089,0.00036581487570000004,3.3045635185e-05,0.0188339519,0.0004887101010000001,0.00050149278,0.00196059659,-1.1680665200000002,0.0360158093,0.0302373677,0.0281643606,2.9061140199999996e-06,0.000206725643
147,1708884000,0.919220943,0.919233818,-0.00750246811,-1.4172392200000001,1.51320869,0.8475147550000001,1.3682667800000001,1.27503888,0.026526484899999998,0.40765229000000003,1.39726709e-05,8.63796287e-06,9.529760509999999e-05,2.050533125e-06,2.76317142e-06,8.598348389999999e-05,0.0005031186119999999,1.2597586299999998e-05,0.457274668,0.000593397551,0.0010306978799999999,64.27907009999998,50.2057458,3.05685214e-05,6.34796854,0.0247268525,29.525694799999997,0.0007438549836,6.764365226499999e-05,0.0321898408,45.2473944,0.0007438549836,6.764365226499999e-05,0.0050221762500000005,15.454627759999997,0.0007438549836,6.764365226499999e-05,0.0054172900900000005,15.91255858,0.0007438549836,6.764365226499999e-05,0.018932196199999998,0.000493015522,0.000505887505,0.00500182131,-1.16721554,0.0379861981,0.0303903531,0.028264596799999996,3.15609128e-06,0.00020943086800000003
147,1708884600,0.6525126420000001,0.652525551,-0.0104299258,-1.4341422400000001,1.2711763,0.7203662270000001,1.1509851,1.07973293,0.010907549550000001,0.284592953,1.40549442e-05,1.0322280605e-05,9.335448760000001e-05,2.28120282e-06,2.4283597960000006e-06,5.59407532e-05,0.00053136746,9.71939791e-06,0.32379644300000004,0.0007347598750000001,0.00101847202,65.34063819999999,50.3099071,2.16951768e-05,6.34031293,0.023551992700000003,26.7109191,0.0005463520639999999,4.953711366999999e-05,0.0276678966,33.4605749,0.0005463520639999999,4.953711366999999e-05,0.00487315195,11.926778870000001,0.0005463520639999999,4.953711366999999e-05,0.00524370345,12.15852467,0.0005463520639999999,4.953711366999999e-05,0.0189138663,0.000492472071,0.000505382846,0.00303402061,-1.1641922299999998,0.0376289187,0.0303601303,0.028195067,3.3758177900000007e-06,0.00020961820999999999
147,1708885200,0.855564145,0.855576997,-0.00948742985,-1.46094766,1.42358097,0.822923962,1.2941269800000001,1.22861252,0.014190629400000002,0.371141496,1.394357365e-05,8.00538559e-06,9.74755436e-05,2.1585816065e-06,2.782631065e-06,3.1182931739999994e-05,0.000566149617,1.154010381e-05,0.42543754399999995,0.0005890229,0.0010350248699999998,64.4901281,50.2271793,2.8457236699999996e-05,6.166872530000001,0.024453576800000005,29.0999188,0.0007685782000000001,6.988125324e-05,0.0311622077,42.4514392,0.0007685782000000001,6.988125324e-05,0.0050029481399999996,15.22460388,0.0007685782000000001,6.988125324e-05,0.00542125811,15.667626969999997,0.0007685782000000001,6.988125324e-05,0.0190335874,0.0004991728849999999,0.000512056179,0.0020212751679999997,-1.1677131299999999,0.03887273919999999,0.030556207499999998,0.0284526795,3.1028335799999996e-06,0.000213022528
147,1708885800,0.7800284550000001,0.780041357,-0.0102246988,-1.4642578099999999,1.36455416,0.785949841,1.23506271,1.16238546,0.01772263195,0.341501655,1.478639025e-05,1.0316301947e-05,9.7724099e-05,3.099544657e-06,3.4727314149999995e-06,8.38264874e-05,0.000519132208,1.4631149069999999e-05,0.3875819610000001,0.00064131565,0.00105666272,63.7485499,50.2509759,2.5924160499999997e-05,6.33944967,0.0241387216,28.3508998,0.0006452097952,5.85868713e-05,0.029887825,39.3368376,0.0006452097952,5.85868713e-05,0.00500168973,13.956129429999999,0.0006452097952,5.85868713e-05,0.005434882790000001,14.40241396,0.0006452097952,5.85868713e-05,0.019133998699999998,0.0005037158890000001,0.000516595138,0.006387900469999999,-1.16422769,0.0386028499,0.030777654400000003,0.0285747606,3.26525317e-06,0.000213590536
147,1708886400,0.6071760439999999,0.607188914,-0.010044985949999998,-1.45259035,1.2151496,0.697665909,1.10234617,1.0400942400000002,0.009768328000000001,0.262481372,1.3959827399999998e-05,9.050152330000002e-06,9.62167054e-05,1.926636557e-06,2.5361013270000004e-06,4.86947657e-05,0.000546066565,1.149451248e-05,0.30113114999999996,0.0006892389040000001,0.0010504120699999999,65.9041152,50.3179184,2.0175436300000003e-05,6.43622841,0.0234110116,26.4247133,0.0005903902344,5.358148523e-05,0.026804890300000002,31.5727963,0.0005903902344,5.358148523e-05,0.004837266169999999,11.868152840000002,0.0005903902344,5.358148523e-05,0.0052563667800000005,12.31902714,0.0005903902344,5.358148523e-05,0.0190259992,0.000498411439,0.0005113012219999999,0.0017479736000000003,-1.17043932,0.0370253435,0.0305367877,0.0284572535,3.02355862e-06,0.00021110596800000001
147,1708887000,0.6040285799999999,0.604041566,-0.010260193099999999,-1.45975691,1.2221248400000002,0.696166218,1.09900856,1.029856438,0.010257927600000001,0.264068148,1.429425315e-05,9.249166255999999e-06,9.710635640000001e-05,2.1309731576e-06,2.5581912920000005e-06,6.26482062e-05,0.000530265466,1.014485647e-05,0.29948043299999993,0.000778205597,0.00104005794,64.7983308,50.3372923,2.00800145e-05,6.25402658,0.0233999274,26.431954100000002,0.00041869739,3.784485579e-05,0.026778583,31.5649005,0.00041869739,3.784485579e-05,0.0047388297,9.817294019999999,0.00041869739,3.784485579e-05,0.00515121253,10.148117730000001,0.00041869739,3.784485579e-05,0.019060788000000002,0.0004994002379999999,0.000512354382,0.006634143270000001,-1.1700616499999998,0.0368984419,0.030608820800000002,0.028483957999999997,3.06309665e-06,0.000212375138
147,1708887600,0.623195781,0.6232084969999999,-0.010314345300000001,-1.51394573,1.22804997,0.717441905,1.10943386,1.03015644,0.009810374350000001,0.27000604500000003,1.43408537e-05,8.14086148e-06,9.81838558e-05,2.86497739e-06,3.200502336e-06,3.594921512e-05,0.0005556925490000001,1.248149242e-05,0.305688527,0.004148271890000001,0.0010427413400000002,67.25353969999999,51.437514,2.0707695199999998e-05,6.48057498,0.0232955392,26.3927796,0.0003456958169,3.1235710627e-05,0.0269600703,31.899211800000007,0.0003456958169,3.1235710627e-05,0.0045496851800000005,8.53240337,0.0003456958169,3.1235710627e-05,0.004946694110000001,8.84832307,0.0003456958169,3.1235710627e-05,0.0188204951,0.0004940029169999999,0.0005067098640000001,0.0038455535740000006,-1.12250292,0.0378831203,0.030714440299999996,0.0284718644,1.0755501030000001e-05,0.000212707321
147,1708888200,0.6010760439999999,0.601088843,-0.00907418524,-1.4941188699999999,1.23678775,0.6996886330000001,1.05963234,0.992955308,0.0285357668,0.289577607,1.3315602200000002e-05,3.4443516280000003e-06,3.1519372755500004e-05,1.0709676610000003e-06,1.384128064e-06,1.7417284335e-05,0.00018132399832000002,7.83054027e-06,0.29399927,0.0059154099600000004,0.00037844115870000006,71.9427164,52.125276299999996,1.99851505e-05,6.2504663,0.0159430599,12.929470890000001,0.0005320840327,4.8278885335e-05,0.0253184121,27.473568699999998,0.0005320840327,4.8278885335e-05,0.0047447896,11.5291218,0.0005320840327,4.8278885335e-05,0.0029481756800000002,11.450109509999999,0.0005320840327,4.8278885335e-05,0.00860280272,0.00016544172457,0.00017821095109999996,0.02148330367,63.84647495,0.02844980284,0.0097141523,0.007698351846,1.0518255818e-05,0.00010631014615
147,1708888800,0.526334254,0.5263470010000001,-0.010201682350000001,-1.4708869999999998,1.161035484,0.6458226650000001,1.027681358,0.9358785510000001,0.01752542936,0.23602055000000002,1.4299164200000002e-05,8.73785505e-06,9.925938390000001e-05,2.8819616030000003e-06,3.0739344999999997e-06,8.511651457e-05,0.000522884169,1.221118637e-05,0.25539787999999997,0.0059700258499999995,0.00106349504,70.1108245,52.72452450000001,1.74832092e-05,6.631252739999999,0.023267354700000003,26.025431500000003,0.0003014787044,2.713163008e-05,0.024669259399999997,27.8840352,0.0003014787044,2.713163008e-05,0.004448404970000001,6.662375080000001,0.0003014787044,2.713163008e-05,0.00489177963,6.93915554,0.0003014787044,2.713163008e-05,0.0192063451,0.000507759702,0.000520595635,0.007005700030000001,-1.1658491400000002,0.0380149449,0.030936031999999995,0.028780698600000005,3.1599034600000003e-06,0.00021507674900000001
147,1708889400,0.9801795130000001,0.9801924750000002,-0.007991757700000001,-1.4312926799999999,1.5677728499999999,0.888042464,1.43201871,1.33031559,0.013065863899999999,0.41756835700000006,1.5738155550000002e-05,1.103662805e-05,0.000101154697,4.22544938e-06,5.42107933e-06,7.995269749999999e-05,0.000535581853,1.891380332e-05,0.481978784,0.006271275849999999,0.00108026575,67.07018360000001,51.3420846,3.25707066e-05,6.36549026,0.025204401100000003,30.87387130000001,0.000998302628,9.094358250000002e-05,0.0332876388,47.6627502,0.000998302628,9.094358250000002e-05,0.005198842850000001,19.34829335,0.000998302628,9.094358250000002e-05,0.005671228370000001,19.947822799999997,0.000998302628,9.094358250000002e-05,0.019266580999999998,0.0005114126720000001,0.000524327564,0.0021320392440000004,-1.16886816,0.0379775708,0.0309958438,0.0288235435,3.02574685e-06,0.000216430023
147,1708890000,0.759834076,0.759847079,-0.00948929855,-1.47534618,1.38015464,0.780085515,1.2361127299999999,1.140859812,0.01840201688,0.335676866,1.42700123e-05,5.050856104e-06,6.294438204399999e-05,2.408343647e-06,3.3831507800000002e-06,3.351532741e-05,0.0003449897888,1.260307081e-05,0.37276328799999997,0.00599361283,0.0006937302596000001,70.20645390000001,51.7773203,2.5252626500000002e-05,6.594069469999999,0.019774238399999998,20.64709329,0.000981917738,8.945086797000001e-05,0.028753023399999994,36.047137199999995,0.000981917738,8.945086797000001e-05,0.005097095719999999,17.8727795,0.000981917738,8.945086797000001e-05,0.00426219694,18.22982984,0.000981917738,8.945086797000001e-05,0.013230780890000002,0.00031351193646,0.0003265128435,0.00126922177,0.26300208,0.026591176180000002,0.01925842782,0.01653184538,9.470127656e-06,0.00015199209584999997
147,1708890600,0.5721084359999999,0.5721214860000001,-0.0119653916,-1.5254967500000003,1.16107293,0.689435988,1.06023237,1.000868073,0.00988584885,0.250253061,1.443746345e-05,1.568768045e-06,1.6985228365e-06,2.550996961e-06,2.752936477e-06,3.6482688320000003e-06,6.661585773999999e-06,1.222665843e-05,0.279663472,0.00629200974,6.61160794e-05,70.1391228,52.2360497,1.9005412600000002e-05,6.36885587,0.011878129850000002,6.13536732,0.0003970937115,3.588021801e-05,0.0244429858,24.544751500000004,0.0003970937115,3.588021801e-05,0.004702466180000001,9.55734724,0.0003970937115,3.588021801e-05,0.0017562399200000002,9.24494378,0.0003970937115,3.588021801e-05,0.0036701751300000003,3.0263309500000004e-06,1.6046058899999998e-05,-0.00923365603,1.6573331070000001,0.005924511790000001,-0.000851700658,-0.001509377383,1.068627664e-06,1.0166606990000001e-05
147,1708891200,0.562292225,0.562305137,-0.01099157605,-1.48136399,1.17187328,0.6797955599999999,1.0651075300000001,1.006230706,0.010324892900000002,0.248139296,1.345450035e-05,6.90810985e-07,7.17707258e-07,1.1555881639999998e-06,1.448838737e-06,1.8198961009999999e-06,3.84154135e-06,6.975936949999999e-06,0.274872676,0.00619980089,5.61998224e-05,72.39677309999999,52.252142000000006,1.86976681e-05,6.06497824,0.011687215400000001,5.978279779999999,0.00042633991160000005,3.8586508530000003e-05,0.0242457015,24.1511302,0.00042633991160000005,3.8586508530000003e-05,0.004671046810000001,9.886900520000001,0.00042633991160000005,3.8586508530000003e-05,0.0017361946600000001,9.609196769999999,0.00042633991160000005,3.8586508530000003e-05,0.00363554811,2.57686404e-06,1.5558079300000003e-05,0.06635283890000002,2.500509878,0.006405860500000001,-0.000969433974,-0.00165991567,8.134237329999999e-07,8.596192309999999e-06
147,1708891800,0.6109623180000001,0.610975391,-0.011541579549999998,-1.52953747,1.1877362599999999,0.7086653020000001,1.087458172,1.019131126,0.01396439256,0.266852483,1.402362215e-05,1.174644386e-06,1.2727266513999998e-06,1.999991834e-06,2.2500149420000003e-06,2.959207958e-06,5.611239806e-06,1.0163628589999998e-05,0.299150381,0.00623695965,6.71494756e-05,71.5567253,52.2385587,2.0309823800000002e-05,6.2362302,0.012063204300000002,6.37364381,0.000410021107,3.705777325e-05,0.025059483100000002,26.203317500000004,0.000410021107,3.705777325e-05,0.00469423581,9.49357071,0.000410021107,3.705777325e-05,0.0017864823799999998,9.21322984,0.000410021107,3.705777325e-05,0.00367979249,3.01822866e-06,1.60513112e-05,0.00770901086,0.755558372,0.0045078622399999995,-0.0009210988449999998,-0.00158393159,9.386358579999998e-07,8.844188120000001e-06
147,1708892400,0.6941241880000001,0.694137261,-0.0106058963,-1.53447471,1.2624385099999997,0.759490834,1.15946039,1.10287114,0.010639043750000002,0.301988389,1.43133244e-05,1.496272947e-06,1.5364335506e-06,2.0537871693999995e-06,2.62494843e-06,3.3348724049999998e-06,6.275183579999999e-06,1.1795715499999999e-05,0.340934449,0.006029736190000001,6.73510598e-05,70.15274939999999,51.770822300000006,2.30785613e-05,6.2578084,0.0130320092,7.31318132,0.0006220473590000001,5.647918217e-05,0.027001217199999993,29.928974,0.0006220473590000001,5.647918217e-05,0.0049312364099999995,13.29524527,0.0006220473590000001,5.647918217e-05,0.00204911712,13.0962084,0.0006220473590000001,5.647918217e-05,0.00363056008,2.2866075799999994e-06,1.532988955e-05,0.006684748699999998,0.667871998,0.00363640894,-0.0011170845639999999,-0.0017463100999999999,7.47609824e-07,8.50445122e-06
147,1708893000,0.486641924,0.48665496399999997,-0.01212490725,-1.5106597099999999,1.0991210399999998,0.6348832819999999,0.97982991,0.9221156560000001,0.01220550411,0.221625864,1.350309555e-05,6.38851619e-07,7.14682809e-07,1.43246655e-06,1.4104847470000001e-06,1.9766716300000003e-06,4.310737867e-06,7.69999949e-06,0.23664712699999998,0.0065870073,6.79690384e-05,73.38491970000001,52.819117500000004,1.61736284e-05,6.309068180000001,0.01077128,5.10033948,0.0004466566806000001,4.042468364999999e-05,0.0223767921,20.693948800000005,0.0004466566806000001,4.042468364999999e-05,0.0047344343,9.76318707,0.0004466566806000001,4.042468364999999e-05,0.0017533113700000003,9.485889250000001,0.0004466566806000001,4.042468364999999e-05,0.0036808325999999995,2.81482932e-06,1.5913646049999998e-05,0.02147715606,1.3547250050000001,0.004726676230000001,-0.0008957465190000001,-0.001674706393,1.150675712e-06,9.6544564e-06
147,1708893600,0.5320489979999999,0.5320619649999999,-0.012508624500000001,-1.54173139,1.1188091800000002,0.6636205310000001,1.0088558,0.9484789619999999,0.01351462494,0.23909321600000003,1.3428140750000001e-05,6.10306248e-07,6.228876596e-07,1.0662724130000003e-06,1.311353184e-06,1.6801135279999997e-06,3.6846690099999997e-06,6.47765218e-06,0.259556703,0.006391630570000001,5.9742247699999995e-05,73.2801066,52.5653558,1.76912078e-05,6.059163010000001,0.01135120165,5.62928139,0.000679903358,6.180807132e-05,0.02342745,22.815390200000003,0.000679903358,6.180807132e-05,0.004900175309999999,13.6074618,0.000679903358,6.180807132e-05,0.00195670618,13.502454,0.000679903358,6.180807132e-05,0.0036164857300000006,2.19269763e-06,1.5119560399999999e-05,0.00879730125,0.9942215990000001,0.00469605415,-0.001179874206,-0.0017752942300000001,8.2208879e-07,8.32868225e-06
147,1708894200,0.790990074,0.791003268,-0.007924872579999999,-1.5419848999999999,1.3432910100000002,0.8107941070000001,1.2339377000000002,1.17378582,0.0110415591,0.344232728,1.478150085e-05,1.8192119420000002e-06,1.8765436944e-06,2.5129500870000002e-06,3.130552854e-06,3.988828852999999e-06,6.97603845e-06,1.284180909e-05,0.38961921699999996,0.005777433219999999,6.35150352e-05,69.1945805,51.4768916,2.6298225e-05,6.0505127000000005,0.01405833545,8.4584951,0.000708177135,6.436168188e-05,0.0289688053,34.4849717,0.000708177135,6.436168188e-05,0.00495258868,14.068422960000001,0.000708177135,6.436168188e-05,0.00208484735,13.90775921,0.000708177135,6.436168188e-05,0.0036601562499999998,2.51561184e-06,1.5713821800000002e-05,0.051954754094,1.172308604,0.0055182921400000005,-0.0010145969,-0.0016684799,7.92696826e-07,9.05848715e-06
147,1708894800,1.080305877,1.0803191,-0.006621330410000001,-1.51096839,1.60493651,0.9433415250000001,1.4334437699999998,1.37040433,0.0286674216,0.495174247,1.5977143049999997e-05,3.1300794219999996e-06,3.2756972410000003e-06,4.336026128e-06,5.10461734e-06,6.344222901e-06,1.0588626869999998e-05,1.9392457739999997e-05,0.5349608189999999,0.0050674807500000005,6.911051539999999e-05,66.8110755,50.9734891,3.5927848399999996e-05,6.016417649999999,0.016438098,11.61977285,0.001235539615,0.00011266564410000001,0.033748742,46.9926775,0.001235539615,0.00011266564410000001,0.00535748818,22.68316773,0.001235539615,0.00011266564410000001,0.0026084037,22.7973738,0.001235539615,0.00011266564410000001,0.0037228178,3.9369445999999995e-06,1.7177086100000002e-05,0.005308590429999999,1.6999637730000003,0.00692900229,-0.00043177699,-0.0012007484049999999,1.0350834040000002e-06,9.87259625e-06
147,1708895400,0.7503373200000001,0.750350477,-0.01002690208,-1.55725256,1.28790181,0.7777253919999999,1.173635829,1.10609624,0.019207225099999996,0.330356203,1.49105405e-05,2.001582074e-06,2.111494905e-06,2.7937393759999997e-06,3.60172939e-06,4.75829631e-06,8.422668809999998e-06,1.56068807e-05,0.37010225399999996,0.004948197929999999,7.709797849999999e-05,67.47126410000001,51.5357086,2.49383622e-05,6.53386074,0.01334817025,7.84756165,0.0007173146918500001,6.524432143999998e-05,0.0275880618,32.3640557,0.0007173146918500001,6.524432143999998e-05,0.004807316220000001,13.4710498,0.0007173146918500001,6.524432143999998e-05,0.001934176007,13.382305307,0.0007173146918500001,6.524432143999998e-05,0.0036532498099999997,2.63068596e-06,1.573772275e-05,-0.01849327459,1.1355107013999999,0.0045151809000000005,-0.00098314845,-0.001655497374,7.92941104e-07,8.833908299999999e-06
147,1708896000,0.4633221400000001,0.4633351090000001,-0.013953365200000001,-1.65514443,0.9759672859999998,0.631404917,0.882364422,0.8504509579999999,0.00857560718,0.20352257599999998,1.381545115e-05,9.97250519e-07,1.094651927e-06,1.8499173590000003e-06,1.7922294930000001e-06,2.319443848e-06,4.432073530000001e-06,7.63428116e-06,0.22751543999999999,0.0040724010300000005,5.199001160000001e-05,69.39338229999998,51.7990841,1.540344195e-05,6.13249921,0.010772762100000001,4.86436493,0.00026537154885,2.3875666499999997e-05,0.022079774,20.0130095,0.00026537154885,2.3875666499999997e-05,0.004519205619999999,7.47536793,0.00026537154885,2.3875666499999997e-05,0.0015216326270000003,7.0896793,0.00026537154885,2.3875666499999997e-05,0.00368224911,3.1123286000000002e-06,1.61499535e-05,0.011561244179999998,1.0814781059999998,0.0043754452299999995,-0.0008672318790000002,-0.0015280893699999997,1.0185962659999999e-06,8.93779228e-06
147,1708896600,0.4500316919999999,0.4500448789999999,-0.01286223215,-1.6398700100000003,0.9766048209999999,0.6209234260000001,0.880376876,0.845538304,0.008419368699999999,0.19748466000000003,1.36173153e-05,5.753938010000001e-07,5.794865838e-07,9.9978531e-07,1.117021108e-06,1.435022963e-06,3.062726126e-06,5.157194289999999e-06,0.22088496900000001,0.0040700263,4.74312806e-05,72.7350125,51.84714,1.4970061799999997e-05,5.9902204,0.01065043505,4.77155293,0.00023461282449999997,2.106247876e-05,0.0217681759,19.4593466,0.00023461282449999997,2.106247876e-05,0.00444923745,6.64662888,0.00023461282449999997,2.106247876e-05,0.0014187102600000002,6.256936909999999,0.00023461282449999997,2.106247876e-05,0.00364763984,2.19219466e-06,1.53123873e-05,0.02437021032,1.1417820170000001,0.004005657300000001,-0.00122952536,-0.0018558234900000001,8.360928139999999e-07,8.77558276e-06
147,1708897200,0.43269704000000003,0.432710115,-0.01191937525,-1.6031960399999998,0.9827549999999998,0.605810043,0.8824769399999999,0.8429507089999999,0.0092581142,0.197397811,1.3884994150000001e-05,9.628520479999998e-07,1.0041494890000001e-06,1.3703695009999998e-06,1.616557915e-06,2.0446955670000006e-06,3.833022720000001e-06,6.50654157e-06,0.212122313,0.0041615109,4.6460748999999994e-05,71.00473059999999,51.9817634,1.4389197599999999e-05,6.09244294,0.0103433799,4.54512739,0.00045401498160000005,4.110457198e-05,0.0212372298,18.5485329,0.00045401498160000005,4.110457198e-05,0.00464944161,8.76662465,0.00045401498160000005,4.110457198e-05,0.00163531412,8.55694203,0.00045401498160000005,4.110457198e-05,0.0036296013800000007,1.9337797899999998e-06,1.50023543e-05,-0.015349523399999995,1.185294168,0.0035647743199999997,-0.001358928803,-0.0019313871600000001,7.78603569e-07,8.50773056e-06
147,1708897800,0.495191767,0.4952047929999999,-0.0127635639,-1.6272569399999999,1.0226562220000002,0.649651345,0.9325034600000001,0.891739724,0.008623296499999999,0.21663773699999997,1.3682991100000001e-05,8.00253747e-07,8.519190749999999e-07,1.5703567790000003e-06,1.44230645e-06,1.83166313e-06,3.651449665e-06,6.07365901e-06,0.24330594900000002,0.00422399858,4.8882631399999996e-05,70.64181800000001,51.744759599999995,1.6468111e-05,6.057413029999999,0.0111126444,5.20916828,0.0003535553307,3.190322897e-05,0.022821389700000003,21.3989206,0.0003535553307,3.190322897e-05,0.004656274470000001,8.680137149999998,0.0003535553307,3.190322897e-05,0.0016648151499999999,8.39196295,0.0003535553307,3.190322897e-05,0.0036693916100000003,2.8998383e-06,1.5963370900000003e-05,-0.012786558100000001,0.9503624159999999,0.00375067783,-0.0009577355860000001,-0.001578329837,9.78849902e-07,8.56531046e-06
147,1708898400,0.5132463799999999,0.5132594320000001,-0.0136686061,-1.6705173199999996,1.0128309050000002,0.664115313,0.914052892,0.884239487,0.0093687955,0.227669866,1.415128195e-05,1.290766602e-06,1.3477361416999998e-06,1.7840774103999999e-06,2.164794333e-06,2.749547434e-06,5.02887415e-06,8.49633429e-06,0.252205899,0.0043415461099999995,5.1660439999999994e-05,69.72160410000001,51.707334700000004,1.7065166500000002e-05,6.09658205,0.011553230200000002,5.5413266100000005,0.0008386616574999999,7.636498383e-05,0.023364524899999996,22.478965,0.0008386616574999999,7.636498383e-05,0.00488416037,14.84835327,0.0008386616574999999,7.636498383e-05,0.00189157755,14.837454579999996,0.0008386616574999999,7.636498383e-05,0.00363352952,2.00072695e-06,1.5100059499999999e-05,-0.0027257878999999994,0.796877338,0.0031451160799999996,-0.001303677425,-0.0018836247599999998,7.49907688e-07,8.11027848e-06
147,1708899000,0.496706854,0.496719988,-0.014887097899999998,-1.66565987,0.9959553869999999,0.652842902,0.903627596,0.872464141,0.00867950349,0.21806456800000001,1.4408007e-05,1.4574738760000001e-06,1.5438530689999999e-06,2.15353576e-06,2.50674068e-06,3.295434483e-06,6.04854412e-06,1.042808469e-05,0.24390029799999996,0.0043612346199999995,6.309151710000001e-05,68.19439799999999,51.8122213,1.650666055e-05,6.465937139999999,0.011227368849999999,5.24214949,0.0003763019149,3.400384214e-05,0.02279558,21.3691443,0.0003763019149,3.400384214e-05,0.004481981939999999,7.9897703700000005,0.0003763019149,3.400384214e-05,0.001503433784,7.701507246,0.0003763019149,3.400384214e-05,0.0036299686799999994,2.11797882e-06,1.516837195e-05,0.0127479059,0.539991669,0.0030343525399999993,-0.0012271775720000002,-0.00181387609,7.756744220000001e-07,8.19388255e-06
147,1708899600,0.5257853290000001,0.5257985219999999,-0.015238826,-1.6336118700000004,1.05141961,0.669942474,0.950804028,0.9148029239999997,0.01037781097,0.23352187900000004,1.38766698e-05,8.58972069e-07,9.314155549999999e-07,1.6499524060000002e-06,1.592159071e-06,2.114112875e-06,4.13767681e-06,7.223852989999999e-06,0.258794727,0.00401779643,6.088831e-05,70.6475593,51.5663976,1.74850044e-05,6.1701087800000005,0.011514293949999999,5.560293249999999,0.0006335212972,5.755940992e-05,0.023517756600000002,22.7060846,0.0006335212972,5.755940992e-05,0.00486443792,12.57886952,0.0006335212972,5.755940992e-05,0.0018868009700000001,12.402732949999997,0.0006335212972,5.755940992e-05,0.0036872230200000002,2.8625194700000002e-06,1.604762125e-05,-0.009574416200000001,1.487722486,0.004710584510000001,-0.000943078809,-0.001600238435,1.0745935629999999e-06,9.2122504e-06
147,1708900200,0.7444184309999999,0.744431655,-0.012557836900000003,-1.5604784799999998,1.3026397699999999,0.7738541090000001,1.160247918,1.0999085970000002,0.0225220405,0.342851189,1.4694385799999998e-05,1.7674092030000003e-06,1.8412269275999998e-06,2.437905792e-06,3.132740064e-06,4.118065954999999e-06,7.319634949999999e-06,1.3604865920000001e-05,0.36814302600000004,0.003955791849999999,7.46101841e-05,68.028425,51.2168375,2.47458455e-05,6.351909359999999,0.0133998697,7.860766709999998,0.0003273290478,2.946221703e-05,0.0276053679,32.3372863,0.0003273290478,2.946221703e-05,0.0047410733500000005,9.68241236,0.0003273290478,2.946221703e-05,0.00184485386,9.27946615,0.0003273290478,2.946221703e-05,0.0036541176700000005,2.3490336600000004e-06,1.55405507e-05,0.0692112049,2.522993240000001,0.00679854934,-0.001136321916,-0.00176188823,7.58399655e-07,8.804592449999999e-06
147,1708900800,0.92225384,0.9222669029999999,-0.010957698200000001,-1.52618799,1.44675669,0.867995297,1.32600298,1.2541508000000001,0.0223584899,0.41374132599999996,1.4783497400000002e-05,2.0323070599999998e-06,2.2196699110000003e-06,3.3110052399999997e-06,3.98524532e-06,5.349803079999999e-06,9.48320838e-06,1.8589245700000003e-05,0.45736864400000005,0.00361490287,9.64071364e-05,66.60137,50.855103299999996,3.0649278000000005e-05,6.410809410000001,0.01498553,9.73221446,0.0007559802352,6.873868054999999e-05,0.0310709193,40.0965542,0.0007559802352,6.873868054999999e-05,0.00513360555,16.78794,0.0007559802352,6.873868054999999e-05,0.00236245787,16.622680900000002,0.0007559802352,6.873868054999999e-05,0.00370753203,4.476147860000001e-06,1.7572538099999997e-05,0.7600820214233999,84.71714521860001,0.01884340854,-0.000537687479,-0.0012411831759999998,4.549965662000001e-06,4.7807158850000006e-05
147,1708901400,0.46641394399999997,0.466426854,-0.0157136726,-1.5074162,1.05996986,0.6193296279999999,0.9494914829999999,0.9016775129999999,0.010248676350000001,0.210454867,1.42895823e-05,1.557455001e-06,1.670114209e-06,2.199667825e-06,2.7107507e-06,3.6468859600000005e-06,6.24162114e-06,1.091645457e-05,0.229301904,0.00381228985,6.236077749999999e-05,68.8810984,51.715611,1.5495365399999998e-05,6.50319827,0.010638751800000002,4.9220432,0.0002010266517,1.792635382e-05,0.0220803916,20.094696,0.0002010266517,1.792635382e-05,0.0044534554,5.76423985,0.0002010266517,1.792635382e-05,0.0014691358,5.373689789999999,0.0002010266517,1.792635382e-05,0.0036187065300000002,2.40983569e-06,1.5339849499999997e-05,0.002810412800000001,1.2235936944999999,0.00548227432,-0.001086212607,-0.0016890564000000003,7.95751081e-07,8.9605047e-06
147,1708902000,0.466797445,0.466810308,-0.0168908094,-1.57885989,1.034844107,0.627766264,0.9287533559999999,0.8813894150000001,0.009143464200000001,0.20895159400000002,1.3734450400000002e-05,1.0303346499999998e-06,1.0853777739999999e-06,1.6497595550000002e-06,1.907621608e-06,2.5359519e-06,5.10500928e-06,8.423496489999999e-06,0.228325734,0.0049894986199999995,6.0795433500000006e-05,69.73686699999999,52.1926518,1.5514167850000003e-05,6.379972,0.0107043,4.90921252,0.00044303127614,4.0138232332999994e-05,0.0220542778,19.9539963,0.00044303127614,4.0138232332999994e-05,0.00467671853,9.44843111,0.00044303127614,4.0138232332999994e-05,0.0017085984369999997,9.235209699999999,0.00044303127614,4.0138232332999994e-05,0.0036114777799999996,2.36014309e-06,1.5240915400000001e-05,-0.0049710221999999995,1.9813895220000002,0.00509696282,-0.0011012087220000002,-0.0017102556800000003,8.444960049999999e-07,9.011796400000001e-06
147,1708902600,0.297151487,0.29716430099999996,-0.0190790811,-1.46898249,0.895077332,0.495574732,0.7776612180000001,0.722197045,0.00877826201,0.1395536806,1.31086702e-05,3.8256089e-07,4.89216307e-07,1.0846107889999998e-06,8.382773620000001e-07,1.1878042730000002e-06,2.8135800599999997e-06,4.2446527300000005e-06,0.1421461724,0.006370237419999999,4.78558709e-05,77.21123650000001,54.416982899999994,9.8756285e-06,6.21577207,0.0084563887,3.2070271999999997,0.0001553463968,1.3810317599999998e-05,0.017300533200000003,12.3654647,0.0001553463968,1.3810317599999998e-05,0.00426372649,4.28753312,0.0001553463968,1.3810317599999998e-05,0.0011866748449999999,3.934858247,0.0001553463968,1.3810317599999998e-05,0.0036490333400000007,2.8786678799999996e-06,1.57020977e-05,-0.0024725677400000007,0.857074445,0.0039257966500000005,-0.0009026853,-0.0016012437400000003,1.128806106e-06,9.28798588e-06
147,1708903200,0.320041462,0.320054609,-0.0184006221,-1.46579653,0.948103944,0.513487134,0.8135123199999998,0.751897943,0.009122713630000001,0.152104986,1.392997745e-05,9.01227504e-07,1.000359974e-06,1.450827045e-06,1.645274474e-06,2.5604356899999997e-06,4.47699485e-06,7.61541495e-06,0.152973484,0.00697269224,5.40100037e-05,75.33826100000002,54.3734824,1.06269025e-05,6.677888059999999,0.0088719148,3.5325460899999994,0.0005420919029999999,4.918977227e-05,0.0181799719,13.6517955,0.0005420919029999999,4.918977227e-05,0.0047029635699999996,9.734494150000002,0.0005420919029999999,4.918977227e-05,0.0015926606429999997,9.607037739999999,0.0005420919029999999,4.918977227e-05,0.0036431861600000003,2.25067143e-06,1.536538435e-05,0.02891719356,1.326743942,0.00509552074,-0.0011676247719999999,-0.0018042266000000001,8.022035720000001e-07,8.490159879999998e-06
147,1708903800,0.441932334,0.44194534399999996,-0.014344949300000001,-1.4331645299999998,1.1168215740000003,0.5980218149999998,0.9484414750000001,0.8786143279999999,0.01689147131,0.21889949400000003,1.394836545e-05,1.153473982e-06,1.464590405e-06,2.087151857e-06,2.0861793130000003e-06,3.04363887e-06,5.503812869999999e-06,9.534751289999998e-06,0.211434774,0.009448129,5.7439505899999996e-05,74.2926464,54.587104599999996,1.4679156000000003e-05,6.5781196500000005,0.010294665350000001,4.83806726,0.00039237648510000004,3.549836873e-05,0.021257368399999997,19.009053299999998,0.00039237648510000004,3.549836873e-05,0.00468418136,9.462313,0.00039237648510000004,3.549836873e-05,0.0016807932100000003,9.140483280000002,0.00039237648510000004,3.549836873e-05,0.0037098257499999995,4.073507719999999e-06,1.7111098300000002e-05,0.030463003580000002,2.555681723,0.010437357759999998,-0.000427725321,-0.00118458429,1.305499954e-06,1.21603326e-05
147,1708904400,0.32936159800000003,0.329374786,-0.017463671699999996,-1.48175426,0.957441721,0.52533251,0.8128748330000001,0.7350974410000001,0.015756398339999998,0.169500193,1.37518422e-05,7.24654163e-07,1.069824568e-06,1.195061391e-06,1.277159197e-06,1.8668531949999998e-06,3.843115595e-06,5.423967967e-06,0.15627356600000003,0.00834699694,4.41665299e-05,76.50336920000001,55.2245837,1.0946008249999999e-05,6.27006331,0.00902701038,3.64309526,0.0003975753594999999,3.5992671787e-05,0.0182547888,13.9696963,0.0003975753594999999,3.5992671787e-05,0.0044709893,7.5168445,0.0003975753594999999,3.5992671787e-05,0.0014090279019999998,7.29360808,0.0003975753594999999,3.5992671787e-05,0.00367919724,3.3720038799999997e-06,1.65465514e-05,-0.011918500600000003,2.679022699,0.00880477639,-0.0007052650487,-0.001388238027,1.002558005e-06,1.13557127e-05
147,1708905000,0.098509468,0.09852250300000001,-0.02384967825,-1.39085932,0.5850178699999999,0.28502453299999997,0.45001374099999997,0.404224837,0.00516615389,0.0523883354,1.3343643450000002e-05,4.08516561e-07,7.874204419999999e-07,7.910676710000001e-07,8.041711919999999e-07,1.205450952e-06,3.2472810099999997e-06,2.8356442769999996e-06,0.0415284148,0.007674752129999999,4.08302527e-05,85.07020700000001,66.1583137,3.26588061e-06,6.87877248,0.00494185009,1.168193135,0.00011105623345,9.781730470000002e-06,0.00934379809,3.6655548500000004,0.00011105623345,9.781730470000002e-06,0.00408085699,2.533456857,0.00011105623345,9.781730470000002e-06,0.0008687505909999999,2.1892290244,0.00011105623345,9.781730470000002e-06,0.0036631876000000002,3.8303667599999995e-06,1.6860231749999997e-05,-0.05994876057,19.784264029,0.013588827749999999,-0.0009111521809999999,-0.00153187025,3.1558812540000005e-06,3.0653777199999995e-05
147,1708905600,0.372769338,0.3727823824,-0.0217383256,-1.12028518,1.1313345,0.50546833,0.8970648779999999,0.8101372049999999,0.0175823836,0.19876842620000001,1.356601225e-05,7.06551513e-07,1.1285696560000001e-06,1.572112394e-06,1.6242016680000004e-06,2.5900436500000003e-06,5.419356650000001e-06,8.20431023e-06,0.1768717083,0.009420351799999999,7.060007199999999e-05,78.86936599999999,57.186756100000004,1.2378795260000001e-05,6.6564503,0.00899328472,4.284546059999999,0.000413020413,3.735495027e-05,0.018277010000000003,15.4976336,0.000413020413,3.735495027e-05,0.00470344958,8.7159435,0.000413020413,3.735495027e-05,0.00167408955,8.473144349999998,0.000413020413,3.735495027e-05,0.00372703109,6.11680464e-06,1.91432273e-05,-0.5071867090000001,113.37313022299998,0.03877323619999999,-0.0005277457339999999,-0.00129270481,9.695378192e-06,0.0001013438882
147,1708906200,0.94316503,0.94317808,-0.01361261395,-1.34758368,1.5919986000000002,0.859135517,1.4353188300000002,1.3337656999999998,0.0293420954,0.43120384500000003,1.4602909799999998e-05,1.9266395640000003e-06,2.1385397239999996e-06,2.535453717e-06,3.47068271e-06,4.4214366579999995e-06,8.31667357e-06,1.5600936040000003e-05,0.460629793,0.0108278432,8.48998307e-05,71.0625161,52.3776918,3.1347190499999994e-05,6.11339099,0.0148269638,9.8790391,0.0007657603110000002,6.962184009999999e-05,0.031272769900000004,40.4113556,0.0007657603110000002,6.962184009999999e-05,0.00526939472,17.750292050000002,0.0007657603110000002,6.962184009999999e-05,0.0025164369000000002,17.5314343,0.0007657603110000002,6.962184009999999e-05,0.0036617399199999996,3.44139602e-06,1.65219013e-05,-0.045385381679999996,0.539266824,0.005399347630000001,-0.0005925312240000001,-0.00131532678,7.296607150000001e-07,9.053295750000002e-06
147,1708906800,2.5173229900000003,2.51733631,-0.009094428120000001,-1.5443896,2.33452125,1.4359686900000002,2.1541032400000004,2.06275051,0.0466571903,1.109806856,1.594777275e-05,3.4988955360000004e-06,3.499713535e-06,4.76708109e-06,6.62105997e-06,8.395521569999999e-06,1.479222018e-05,3.109296155999999e-05,1.2474873359999998,0.01094780965,0.0001508492968,66.20845320000001,50.95081319999999,8.373054210000001e-05,5.96155702,0.0247469501,26.236130199999998,0.0016678629715999997,0.00015220807841,0.0512615778,109.2655456,0.0016678629715999997,0.00015220807841,0.00607892394,41.22436331,0.0016678629715999997,0.00015220807841,0.00361376989,41.136425079999995,0.0016678629715999997,0.00015220807841,0.0037962627299999996,5.85588134e-06,1.90483126e-05,0.0124373113,0.93525561912,0.00863861204,0.0003770767397,-0.0005900050279999999,1.1281904549999998e-06,1.13213831e-05
147,1708907400,3.28095715,3.28097036,-0.0073806701,-1.57492063,2.6405306499999996,1.6510522300000001,2.42156146,2.35087174,0.0466498569,1.41845437,1.72708639e-05,5.05000892e-06,5.013234348e-06,6.541534926e-06,9.676489110000003e-06,1.2452257288000001e-05,2.0702543610000004e-05,4.5556092460000006e-05,1.63396729,0.0062065157900000004,0.00019570244540000002,63.419538599999996,50.4281813,0.00010914547959999999,5.8999045599999995,0.0286774429,34.3140758,0.0029886162543,0.00027315802490000005,0.059066793699999995,143.645957,0.0029886162543,0.00027315802490000005,0.00663340856,60.78689773000001,0.0029886162543,0.00027315802490000005,0.00421727399,61.40558878,0.0029886162543,0.00027315802490000005,0.00384184693,6.750509960000001e-06,1.9956533699999996e-05,0.018630400760000002,5.3312191339999995,0.01486701563,0.0007104644509999999,-0.00035174601356,2.059343426e-06,2.36084678e-05
147,1708908000,3.6162717500000006,3.61628481,-0.00749609546,-1.55490947,2.76953455,1.7273601800000002,2.5652283000000002,2.48583842,0.055329619399999995,1.55396562,1.844819905e-05,6.586386160000001e-06,6.66616677e-06,8.587641285e-06,1.2310472730000001e-05,1.61417182e-05,2.6987655400000003e-05,5.748406359999999e-05,1.8056879799999996,0.00207216531,0.000235702717,60.47571790000001,50.15307969999999,0.000120264405,6.01977096,0.030010088600000002,37.34474230000001,0.0023591777402000003,0.00021544488956,0.061964116599999994,157.62393100000003,0.0023591777402000003,0.00021544488956,0.0068528298999999985,54.4253119,0.0023591777402000003,0.00021544488956,0.00443816088,54.52922339999999,0.0023591777402000003,0.00021544488956,0.00387754143,7.31802966e-06,2.0531244399999998e-05,0.038930104101,7.610204015000001,0.015200526,0.0009005214790000001,-0.0002287515225,1.7443696840000001e-06,2.048195095e-05
147,1708908600,3.0949843699999997,3.0949975199999997,-0.009501530050000002,-1.52243505,2.56762841,1.5899621,2.40806096,2.33032114,0.0347296233,1.30731974,2.1161773599999997e-05,8.8706771e-06,9.344750850000001e-06,1.1441537919999999e-05,1.5197839450000001e-05,1.9470925910000003e-05,3.2246964129999994e-05,6.251603339999999e-05,1.54636142,0.0007401422999999999,0.00022387938300000003,59.1693278,50.0971806,0.0001029214561,5.97895556,0.0275790776,31.736684399999994,0.00369888469,0.0003382472818,0.0572098665,134.151525,0.00369888469,0.0003382472818,0.00696899091,68.5581379,0.00369888469,0.0003382472818,0.00457499218,69.7215071,0.00369888469,0.0003382472818,0.00389952576,7.529041970000001e-06,2.08194178e-05,0.00027617439999999966,1.2463868619999998,0.01041669743,0.00089646955,-0.000210139673,1.428885663e-06,1.4120084900000001e-05
147,1708909200,2.89993575,2.89994885,-0.016830009400000002,-1.4668762899999999,2.5349648800000004,1.52210604,2.37476001,2.2836697399999997,0.042548303100000004,1.24101587,1.93264612e-05,7.212620759999999e-06,7.64655982e-06,9.413647520000002e-06,1.307208292e-05,1.71265545e-05,3.0090381659999996e-05,5.940056349999999e-05,1.4485828299999999,0.00089682914,0.00033798837099999993,60.8255225,50.116614399999996,9.641028079999999e-05,6.369418810000001,0.026539155199999998,29.7733402,0.002128867871,0.00019435602270000002,0.055357528899999994,125.938356,0.002128867871,0.00019435602270000002,0.00650755363,46.82038715,0.002128867871,0.00019435602270000002,0.00409367609,46.959950000000006,0.002128867871,0.00019435602270000002,0.00385961066,6.91692032e-06,2.01359291e-05,0.025624263599999995,0.4370451639999999,0.00882858502,0.000694117124,-0.00034430439000000004,9.700523009999997e-07,1.1562904500000001e-05
147,1708909800,2.46436557,2.464379,-0.01235231925,-1.4699609199999997,2.4807007500000005,1.40527203,2.1931794599999996,2.09695152,0.052698397200000004,1.1106114390000001,2.04342104e-05,8.103668953e-06,8.77745999e-06,1.0868647738e-05,1.410312765e-05,1.8441045603e-05,3.067113958e-05,5.88265671e-05,1.23143818,0.00034731109800000004,0.00024041454899999997,59.5361578,50.0888869,8.19236094e-05,6.31182174,0.024403278299999998,25.077954,0.0016237308524000003,0.00014812043183999997,0.0509261918,106.53740349999998,0.0016237308524000003,0.00014812043183999997,0.00595919981,37.4056681,0.0016237308524000003,0.00014812043183999997,0.0035228953300000003,37.3649698,0.0016237308524000003,0.00014812043183999997,0.0038385920699999998,6.94758278e-06,2.01406621e-05,0.0455901878,25.548667716,0.02276068241,0.000554656201126,-0.00045257047199999997,2.7307431350000003e-06,3.13700363e-05
147,1708910400,2.36795823,2.3679715299999997,-0.0119790894,-1.48926712,2.36984733,1.3819040200000001,2.1356527099999996,2.0483125199999996,0.04643367860000001,1.0581688199999997,2.01595201e-05,7.790714729999999e-06,8.08734754e-06,9.74854222e-06,1.3174405120000002e-05,1.65638079e-05,2.780234827e-05,5.2092224799999994e-05,1.18351383,0.0001304726655,0.00019271564099999997,58.8450941,50.047966200000005,7.873260369999999e-05,6.2839182099999995,0.0241957993,24.5649271,0.0013883917941999997,0.00012658391221000002,0.05018412409999999,103.4448934,0.0013883917941999997,0.00012658391221000002,0.005853452059999999,33.1355441,0.0013883917941999997,0.00012658391221000002,0.00339026952,32.998152,0.0013883917941999997,0.00012658391221000002,0.0038187801500000006,6.271664729999999e-06,1.9621283700000003e-05,0.06334003645,10.354162151,0.015279048379999998,0.0003955085892,-0.000562454257,1.500170662e-06,1.6532742600000003e-05
147,1708911000,2.2823433599999996,2.2823565599999998,-0.01265824295,-1.5132961600000001,2.28456974,1.36201317,2.0669131,1.99701101,0.037899095400000006,1.0076551459999998,1.58712578e-05,3.4402170920000003e-06,3.8003268300000004e-06,7.685584350000002e-06,8.04007057e-06,9.98601646e-06,2.0263213930000002e-05,4.075960224000001e-05,1.1406193939999998,0.00022032297450000002,0.00023533665600000003,62.2560259,50.0700054,7.58896261e-05,6.3622345000000005,0.023734453,23.607064100000002,0.0014277055309999999,0.00013015955527,0.04917105150000001,99.29230959999998,0.0014277055309999999,0.00013015955527,0.006088874910000001,35.40276037,0.0014277055309999999,0.00013015955527,0.003616822060000001,35.15190962999999,0.0014277055309999999,0.00013015955527,0.00415471769,1.3291808060000003e-05,2.6544452e-05,0.008881159899999998,9.032664456000001,0.026387078400000003,0.0010985038549999999,-0.0001412700005,8.74293258e-06,5.363866709999999e-05
147,1708911600,1.8316140300000001,1.8316272899999997,-0.007724990926,-1.5216017699999997,2.04576245,1.2215116,1.8457688300000001,1.7828794199999998,0.037142257899999996,0.8268916089999999,1.72842645e-05,4.65259628e-06,5.007110404e-06,9.1734408e-06,8.06924281e-06,1.0251006359999999e-05,1.84050016e-05,3.32086845e-05,0.9149850650000001,0.000589521163,0.0001397297484,60.7952255,50.120885,6.0923904800000005e-05,6.25942902,0.0211408591,18.828101200000003,0.0014812741154999998,0.00013511177850000002,0.0439196468,79.33553140000001,0.0014812741154999998,0.00013511177850000002,0.0058110583399999995,31.235985460000002,0.0014812741154999998,0.00013511177850000002,0.0032935637699999997,31.238481059999998,0.0014812741154999998,0.00013511177850000002,0.0041582304899999995,1.3296795999999999e-05,2.6597085100000004e-05,-0.025202205299999995,14.09273384,0.0278433076,0.0007605272556,-0.00040645496750000003,1.0688835399999999e-05,6.647227e-05
147,1708912200,1.314556396,1.31456971,-0.00968664533,-1.52703647,1.7877920499999997,1.03548675,1.5703604500000001,1.49130802,0.0407420006,0.6244266239999999,1.5780651200000002e-05,2.971107433e-06,3.4094417170000004e-06,7.02883368e-06,5.70049671e-06,7.516124720000001e-06,1.3744719329999999e-05,2.5448736199999997e-05,0.6554816920000001,0.001586072594,0.0001420955494,63.44820889999998,50.2994276,4.37031978e-05,6.371539499999999,0.0180934381,13.82936765,0.000980469957,8.92713898e-05,0.0372574933,57.3850374,0.000980469957,8.92713898e-05,0.00532569491,20.80149257,0.000980469957,8.92713898e-05,0.00268076167,20.68640903,0.000980469957,8.92713898e-05,0.00409086441,1.220872165e-05,2.54833962e-05,-0.006910914799999997,16.4216432,0.028972797900000003,0.0003825501573,-0.0006897156086,1.1143782199999999e-05,6.71414117e-05
147,1708912800,1.23806686,1.23808022,-0.00825693898,-1.51662254,1.73979058,1.0057505599999998,1.5275341499999997,1.4608946,0.0353409611,0.5761080319999999,1.44901147e-05,1.73153774e-06,2.28611163e-06,5.85627332e-06,4.23956007e-06,5.567348029999999e-06,1.113075715e-05,2.2114553399999998e-05,0.618333454,0.0004885861,0.00015737923659999998,63.69515,50.138587799999996,4.117116960000001e-05,6.480694869999999,0.0176142736,12.958617799999999,0.0010795139267999999,9.836785768699998e-05,0.0361572952,53.72689849999999,0.0010795139267999999,9.836785768699998e-05,0.005471595750000001,23.01878853,0.0010795139267999999,9.836785768699998e-05,0.0028591568899999998,22.96515957,0.0010795139267999999,9.836785768699998e-05,0.00420613381,1.3937266100000001e-05,2.72051742e-05,-0.014832637999999999,14.577251199999997,0.0293355311,0.0011475437546,-0.00047119551100000006,1.03912149e-05,6.614784099999999e-05
147,1708913400,1.2681040300000004,1.2681172099999998,-0.0023177020699999993,-1.5284923000000001,1.78801708,1.0171571719999999,1.53897198,1.4563194400000001,0.0561573992,0.631587706,1.51177357e-05,2.442705956e-06,3.1086725969999996e-06,6.162039719999999e-06,5.074330319999999e-06,6.439293363e-06,1.183769599e-05,2.0499527240000006e-05,0.633001064,0.0008603911240000001,0.0001330991044,63.829653199999996,50.198330500000004,4.21853472e-05,6.134118689999999,0.0177613335,13.2738295,0.0007966893153999998,7.247801224000002e-05,0.0364339837,55.010055799999996,0.0007966893153999998,7.247801224000002e-05,0.00508612195,18.99890173,0.0007966893153999998,7.247801224000002e-05,0.00250319763,18.778505230000004,0.0007966893153999998,7.247801224000002e-05,0.00432160723,1.599815885e-05,2.92589391e-05,-0.036695632840000006,11.069663450000002,0.0294265346,0.0019104898109999998,-0.000140208741,9.87136694e-06,6.55610738e-05
147,1708914000,1.7266190899999998,1.72663221,-0.00519837904,-1.5355135599999998,2.02959943,1.1916970999999998,1.79697985,1.70551454,0.0670391401,0.826343549,1.772635815e-05,5.353416823e-06,5.922347356e-06,1.0125326650000001e-05,9.433652909999999e-06,1.2138898675999998e-05,2.1040859730000002e-05,3.963849944e-05,0.862044601,0.000982691403,0.000173966531,60.8366452,50.1432183,5.7393478400000005e-05,6.240632140000001,0.021016094099999997,18.3916801,0.001885269099,0.00017216337866000003,0.04293190930000001,75.91031100000001,0.001885269099,0.00017216337866000003,0.00584172068,35.9203976,0.001885269099,0.00017216337866000003,0.0033176880999999997,36.20216562,0.001885269099,0.00017216337866000003,0.0041414610500000015,1.31837068e-05,2.6344291700000005e-05,-0.02483166,13.20557147,0.028348223699999998,0.000949412986,-0.00023596532059999998,1.081669755e-05,7.14023616e-05
147,1708914600,1.3817368900000002,1.3817498799999999,-0.01108015116,-1.55284257,1.85746923,1.06690219,1.57268551,1.5016583300000002,0.055205696900000004,0.712545932,1.54210949e-05,2.9624473700000003e-06,3.2956124900000005e-06,6.69570267e-06,5.5722172499999995e-06,6.962062776e-06,1.34530592e-05,2.4771208270000005e-05,0.689487148,0.00116809344,0.0001470711251,63.3554213,50.206499900000004,4.594563529999999e-05,6.239883669999999,0.018720966600000003,14.660717449999998,0.0015963486456000001,0.00014572197112999998,0.038259280699999995,60.54518740000001,0.0015963486456000001,0.00014572197112999998,0.005480028959999999,28.52525278,0.0015963486456000001,0.00014572197112999998,0.00289168314,28.85442839,0.0015963486456000001,0.00014572197112999998,0.00406422958,1.18768493e-05,2.49016122e-05,0.025269999999999997,14.1534942,0.027243810399999995,0.0007283972419999999,-0.000422189439,9.774078800000001e-06,6.657487620000001e-05
147,1708915200,1.8395070199999999,1.8395201700000001,-0.00808493102,-1.52450233,2.09923914,1.2233744,1.84415633,1.76244127,0.058813496900000005,0.889930159,1.60931707e-05,3.588307408e-06,4.158351519999999e-06,7.348115349999999e-06,6.460230249999999e-06,8.41604585e-06,1.4924626299999999e-05,2.8468099350000004e-05,0.918988372,0.000546129717,0.000142667522,61.363239500000006,50.11439030000001,6.1186416e-05,6.1123431,0.0213181902,19.0835037,0.00160947735,0.00014686299180000003,0.0439376748,79.9699642,0.00160947735,0.00014686299180000003,0.00582051572,32.738157799999996,0.00160947735,0.00014686299180000003,0.00333200205,32.88274584,0.00160947735,0.00014686299180000003,0.00413494518,1.31969737e-05,2.6347764899999998e-05,0.022965448299999996,11.29779732,0.0286721638,0.001081546143,-9.880138399999999e-05,1.0049968950000001e-05,6.799962400000001e-05
147,1708915800,1.84578322,1.8457962900000002,-0.00701120237,-1.4982272399999998,2.13160258,1.2209764,1.87164462,1.7871920700000001,0.05150371760000001,0.8969015060000001,1.79293257e-05,5.569604172999999e-06,5.9380851519999995e-06,9.60329199e-06,9.440233669999999e-06,1.2250981900000001e-05,2.001490799e-05,3.88687755e-05,0.922232715,0.00041611948100000003,0.00013621888079999998,60.152914499999994,50.0892233,6.13718182e-05,6.20751636,0.0214037214,19.195536599999997,0.0014875335167000001,0.00013570995483,0.0441281657,80.33145170000002,0.0014875335167000001,0.00013570995483,0.0057185199800000005,33.882875389999995,0.0014875335167000001,0.00013570995483,0.0032089397800000004,33.8679921,0.0014875335167000001,0.00013570995483,0.00403074117,1.13042287e-05,2.42699523e-05,0.02615520683,15.061034000000001,0.0283960522,0.0006330740679999999,-0.000479953037,9.449241949999998e-06,6.36871932e-05
147,1708916400,1.90291575,1.9029288999999996,-0.0077484615399999995,-1.50253117,2.2018797,1.23849768,1.89062017,1.81040525,0.055778839700000006,0.9128404029999999,1.643516185e-05,3.956241642000001e-06,4.330750097000001e-06,8.71001388e-06,7.84910145e-06,1.033663508e-05,1.85129063e-05,3.66499516e-05,0.950915346,0.000282060786,0.0001668694769,60.400718700000006,50.083894599999994,6.32711027e-05,6.21217241,0.021582362799999998,19.6022872,0.0011243311296000001,0.00010238657723000001,0.0446205809,82.5111134,0.0011243311296000001,0.00010238657723000001,0.00574187416,28.3898764,0.0011243311296000001,0.00010238657723000001,0.0032334264000000003,28.170151299999997,0.0011243311296000001,0.00010238657723000001,0.00410774943,1.34132293e-05,2.65609714e-05,-0.11758273080000001,21.4917099,0.036373892100000006,0.0006919583850000001,-0.000446208851,1.25339964e-05,8.422977099999999e-05
147,1708917000,2.1152500499999998,2.11526314,-0.00732699332,-1.5092638399999998,2.24969365,1.30585161,1.9903357199999998,1.8968079099999997,0.061856598900000004,0.9787179699999999,1.7160056e-05,4.820171734e-06,5.401266016e-06,9.18182454e-06,8.562134859999999e-06,1.0718575529999998e-05,1.9304293599999998e-05,3.35013352e-05,1.056743726,0.0006670825089999999,0.00011850671029999998,60.0266572,50.1010433,7.03636902e-05,6.0096969300000005,0.0228904583,22.094146600000002,0.000857296042,7.78924338e-05,0.047196282500000006,92.5036364,0.000857296042,7.78924338e-05,0.00560895547,24.507958199999997,0.000857296042,7.78924338e-05,0.00311922176,23.9837496,0.000857296042,7.78924338e-05,0.00421269466,1.4936086349999998e-05,2.80418214e-05,0.033084796400000005,13.93169749,0.0339796633,0.00151071827,0.00018986464660000003,1.10656195e-05,7.64387378e-05
147,1708917600,2.0107368899999996,2.01075011,-0.006399436860000001,-1.48764943,2.1928043600000002,1.27274601,1.9709851800000002,1.88878265,0.042525879,0.9100124089999999,1.85591184e-05,6.097743839999999e-06,6.6676040499999996e-06,1.0810981059999999e-05,1.076952981e-05,1.4645187270000001e-05,2.3926334199999998e-05,4.31993327e-05,1.0046575499999997,0.0004421098070000001,0.0001472787994,59.5358209,50.067583,6.685485309999999e-05,6.18925179,0.022560951200000002,21.351500800000004,0.0014942031347,0.00013629848438,0.046353132500000005,88.49441399999999,0.0014942031347,0.00013629848438,0.00573208127,33.22629625,0.0014942031347,0.00013629848438,0.0032324996,33.20435791999999,0.0014942031347,0.00013629848438,0.0041459494000000005,1.3423084049999999e-05,2.6645860800000002e-05,0.0279713494,11.765814299999999,0.0298663324,0.0011434389399999998,-6.156931674999999e-05,1.05092527e-05,7.42374415e-05
147,1708918200,2.08169921,2.08171244,-0.006691310530000001,-1.5124907,2.18762924,1.29995535,1.98189803,1.9065582099999996,0.0386228225,0.926463478,1.479797765e-05,2.302860642e-06,2.53100628e-06,5.75401211e-06,5.162460369999999e-06,7.489316047e-06,1.5433830570000003e-05,2.8534079359999998e-05,1.0397633929999999,0.0008518534959999999,0.00016557393840000003,61.65531399999999,50.124305400000004,6.923789450000002e-05,5.80337291,0.022885526,21.882481300000002,0.001539183416,0.0001403963888,0.04697532830000001,90.9517919,0.001539183416,0.0001403963888,0.00601152886,34.37797438,0.001539183416,0.0001403963888,0.00354716554,34.309507,0.001539183416,0.0001403963888,0.004120575830000001,1.30048675e-05,2.6142715700000002e-05,0.05521849256000001,12.875513350000002,0.030808929699999998,0.0011858276130000001,-4.796619600000005e-06,9.76382472e-06,7.14353474e-05
147,1708918800,1.88174457,1.8817578700000002,-0.00373323864,-1.5240387400000002,2.0710382199999997,1.24069245,1.8846200600000003,1.8073301899999996,0.0477526723,0.848098019,1.8419789800000002e-05,5.9295920500000005e-06,6.368028776000001e-06,1.051932321e-05,9.97270904e-06,1.338758995e-05,2.260417064e-05,4.02203447e-05,0.9391233010000001,0.00149705771,0.0001378142483,60.872163799999996,50.208987099999995,6.25674089e-05,6.14244877,0.021816476999999997,19.745881,0.0019441232899999998,0.00017752450100000003,0.0444789731,81.3421355,0.0019441232899999998,0.00017752450100000003,0.0059709477200000005,36.4540216,0.0019441232899999998,0.00017752450100000003,0.0034616979,36.8226129,0.0019441232899999998,0.00017752450100000003,0.0042019690400000006,1.37496595e-05,2.7038671400000003e-05,0.013337755339999998,9.46815954,0.027313826099999994,0.00138557592,5.3921813999999994e-05,9.51059815e-06,6.80620275e-05
147,1708919400,2.04887997,2.0488932600000003,0.001871130504,-1.48920683,2.2212302900000003,1.2867811699999998,1.9962234700000003,1.9027705799999999,0.0625401077,0.9512350780000001,1.79922158e-05,5.75802733e-06,6.14177863e-06,1.034412829e-05,1.052291525e-05,1.5061772239999998e-05,2.48992353e-05,4.784415909999999e-05,1.022741716,0.001360059703,0.00021293070899999997,61.61859180000001,50.1989155,6.810743520000001e-05,6.57889474,0.022433530599999998,20.993683299999997,0.001685654004,0.00015382441200000003,0.04634195740000001,88.37868710000001,0.001685654004,0.00015382441200000003,0.005915351960000001,34.0818492,0.001685654004,0.00015382441200000003,0.00344866827,34.22479599999999,0.001685654004,0.00015382441200000003,0.004273994380000001,1.50151425e-05,2.8239700299999998e-05,-0.0157473066,9.91393156,0.028666851900000002,0.0015636417299999996,0.00020045726900000003,9.99975825e-06,6.64184965e-05
147,1708920000,2.23336696,2.23338034,-0.013926853719999998,-1.52629173,2.2392683700000005,1.3468653500000003,2.03019951,1.95020953,0.062218725499999995,1.004410653,1.45050131e-05,1.973200466e-06,2.152436646e-06,6.5670833399999995e-06,4.4172435599999994e-06,9.389178249999999e-06,1.0617227539999998e-05,2.106547381e-05,1.1148216200000003,0.0016198432700000002,0.0001845681235,63.058273299999996,50.2085845,7.43345316e-05,5.77008715,0.023575054399999996,23.3046445,0.0013179988286999996,0.00012015259863999998,0.048319682700000005,96.7605456,0.0013179988286999996,0.00012015259863999998,0.00598589982,33.2165889,0.0013179988286999996,0.00012015259863999998,0.0035350534600000006,33.0742898,0.0013179988286999996,0.00012015259863999998,0.00472317552,2.36808671e-05,3.6805737999999996e-05,0.0081315276,7.86610921,0.039735537300000005,0.00325546097,0.0017949545800000001,1.348520205e-05,9.39495689e-05
147,1708920600,1.44313227,1.4431454599999998,-0.0284531152,-1.5338371599999998,1.8262307400000002,1.082733906,1.60973666,1.54152203,0.0411881165,0.665044569,1.63866261e-05,3.78817285e-06,4.249758896e-06,8.723665490000002e-06,8.42242696e-06,1.12396426e-05,1.453062648e-05,2.7211713409999997e-05,0.719569869,0.001628092326,0.000286826117,62.4611623,50.2814263,4.7976398e-05,6.187570299999999,0.01934985,15.805844799999997,0.001594965948,0.00014558108746999998,0.0390898155,63.706117199999994,0.001594965948,0.00014558108746999998,0.0054780186100000005,28.564376329999998,0.001594965948,0.00014558108746999998,0.0028615930300000003,28.903489857,0.001594965948,0.00014558108746999998,0.00458869057,2.14184838e-05,3.46529301e-05,-0.014123295700000002,10.00521257,0.038507683699999996,0.00284225539,0.0014042728,1.4247469099999999e-05,0.0001010979858
147,1708921200,1.3608565000000001,1.3608697499999998,-0.015259421797,-1.54394248,1.78355447,1.0598531899999997,1.57249801,1.5115961400000002,0.0391121022,0.631162514,1.67320451e-05,3.942297417e-06,4.483904255e-06,9.001503779999998e-06,7.735823999999999e-06,1.188848844e-05,1.416666444e-05,2.6392468430000004e-05,0.67909254,0.001088396404,0.000166269462,61.096855500000004,50.18951,4.5249387400000005e-05,6.106369860000001,0.0187145682,14.729175950000002,0.00104401829,9.511954295299999e-05,0.0381358993,59.778127899999994,0.00104401829,9.511954295299999e-05,0.00529707377,23.27264859,0.00104401829,9.511954295299999e-05,0.0026606719300000005,23.118100809999998,0.00104401829,9.511954295299999e-05,0.00453311843,2.13328439e-05,3.4561062e-05,0.09074335143,11.6848836,0.0430370523,0.0024629814,0.00126283841,1.4643155000000001e-05,0.0001002831231
147,1708921800,1.8333355699999998,1.8333487499999996,-0.012267035800000001,-1.50862637,2.08622619,1.22216089,1.86331938,1.78790456,0.04019999440000001,0.832940851,1.64599607e-05,3.9955303560000005e-06,4.807366629999999e-06,1.0599698059999998e-05,8.26469287e-06,1.424222071e-05,1.859330183e-05,3.4563786099999996e-05,0.9160917710000002,0.00030471693100000004,0.0001729308514,60.92542419999999,50.062285599999996,6.0956013999999995e-05,6.29038499,0.0216056896,19.6746088,0.0010621439531999998,9.676486171e-05,0.0443178793,80.7457036,0.0010621439531999998,9.676486171e-05,0.0054810100599999995,25.37534961,0.0010621439531999998,9.676486171e-05,0.00298219647,25.139492920000002,0.0010621439531999998,9.676486171e-05,0.004844827009999999,2.6404511799999997e-05,3.94736078e-05,0.07401109815000001,7.893809160000001,0.0411143653,0.0035428277599999997,0.00204785559,1.530817935e-05,0.00011021399779999998
147,1708922400,1.47674444,1.4767575599999998,-0.015878510900000004,-1.47662891,1.9019830299999998,1.09006659,1.68818905,1.6199744500000002,0.0297780139,0.6658150540000001,1.5619352450000003e-05,3.1410096109999995e-06,3.8006847500000003e-06,8.81621795e-06,6.78048159e-06,1.115848156e-05,1.4418203040000001e-05,2.5423853999999996e-05,0.7375303910000001,0.0006144054470000001,0.0001512221765,61.64281100000001,50.1233601,4.91092304e-05,6.130968360000001,0.019442514799999998,16.0083618,0.0011590921674000001,0.00010562532908,0.0396583426,64.76764789999999,0.0011590921674000001,0.00010562532908,0.00552687334,25.5535549,0.0011590921674000001,0.00010562532908,0.00294813638,25.442072359999997,0.0011590921674000001,0.00010562532908,0.00477621389,2.52682885e-05,3.8445050800000005e-05,-0.016493012900000003,8.859891739999998,0.0398759171,0.0032703918200000003,0.0018620743199999998,1.60107211e-05,0.00010930819540000002
147,1708923000,1.343979136,1.34399221,-0.0137487993,-1.51220449,1.8196305599999998,1.0447089630000002,1.58757345,1.52562157,0.0252732509,0.605292819,1.4722911850000001e-05,2.2306367769999998e-06,2.68814246e-06,6.93015996e-06,5.76293583e-06,9.617830700000001e-06,1.314118857e-05,2.3441661800000002e-05,0.6709588120000001,0.000820525737,0.00014451518399999998,63.2519095,50.1502357,4.46790007e-05,6.25892132,0.018676421900000004,14.696518399999999,0.000802186762,7.293053955e-05,0.037904266199999995,59.25537909999999,0.000802186762,7.293053955e-05,0.00527388084,20.45140433,0.000802186762,7.293053955e-05,0.00266342004,20.123371220000003,0.000802186762,7.293053955e-05,0.004580159330000001,2.2480454499999998e-05,3.5558107299999995e-05,0.018551509800000004,10.900854550000002,0.0419710234,0.0027156962999999998,0.00137543729,1.5072056400000002e-05,0.0001075128904
147,1708923600,0.866713794,0.866726961,-0.017403899599999998,-1.49659212,1.48395779,0.839008617,1.2799890600000001,1.23105006,0.017431725399999997,0.39879927000000004,1.399419915e-05,1.188461575e-06,1.576262085e-06,6.0368744799999995e-06,2.87852867e-06,6.3179665999999994e-06,7.1732829600000004e-06,1.063410943e-05,0.432825025,0.00040450246600000003,9.053794899999999e-05,63.203898800000005,50.1224283,2.88398037e-05,6.0578270000000005,0.015106567800000002,9.6892585,0.000958154143,8.72662421e-05,0.030465232100000007,38.16380839999999,0.000958154143,8.72662421e-05,0.00509684364,17.65451409,0.000958154143,8.72662421e-05,0.00233751243,17.648507369999997,0.000958154143,8.72662421e-05,0.004540322689999999,2.2664059e-05,3.57259305e-05,-0.07802418650000001,13.09727105,0.0411086628,0.0024804790599999996,0.0010861947630000002,1.8148105499999998e-05,0.0001216172156
147,1708924200,0.8979308890000001,0.8979440369999999,-0.0186862179,-1.50435418,1.51677131,0.8546822129999999,1.29772713,1.24803812,0.0201572585,0.421039464,1.439245335e-05,1.587700968e-06,2.0244267260000002e-06,6.647107830000001e-06,3.84376768e-06,5.900841240000001e-06,1.0549283170000001e-05,1.53860077e-05,0.448075955,0.000729983282,0.00011217968410000001,63.6613652,50.210950600000004,2.98555974e-05,6.1486823600000005,0.015142522050000001,9.743783050000001,0.0006593761339999999,5.9868993500000005e-05,0.030939675599999994,39.350498900000005,0.0006593761339999999,5.9868993500000005e-05,0.00508392685,14.756464350000002,0.0006593761339999999,5.9868993500000005e-05,0.0023206883,14.572895899999997,0.0006593761339999999,5.9868993500000005e-05,0.004351091289999999,1.949656495e-05,3.26360855e-05,-0.06144823905,18.669016499999998,0.044059247700000005,0.0016543620219999998,0.000381266371,1.7157890999999996e-05,0.0001159796145
147,1708924800,1.30659481,1.3066079,-0.0153101282,-1.49689891,1.7954047799999997,1.0229791540000002,1.56638534,1.5042834500000002,0.028628632000000005,0.5962875710000001,1.4903661500000002e-05,2.2562954209999997e-06,2.54630555e-06,7.349180160000001e-06,5.61742998e-06,8.68462032e-06,1.27251682e-05,2.2704208899999998e-05,0.652588019,0.0005066213010000001,0.00013889103740000002,62.66703639999999,50.1137301,4.3444366e-05,6.315883170000001,0.018210834099999997,14.1360146,0.001191338661,0.00010859786421000002,0.037141962,57.42162549999999,0.001191338661,0.00010859786421000002,0.00538157184,24.500509719999997,0.001191338661,0.00010859786421000002,0.0027349619,24.53811182,0.001191338661,0.00010859786421000002,0.00443433669,2.04146169e-05,3.35930817e-05,0.010793881000000005,16.8583414,0.0412832369,0.002001624163,0.0005167732643,1.6615697800000002e-05,0.00011173226969999998
147,1708925400,0.7926736360000001,0.792686781,-0.020351855699999997,-1.4563082,1.47465751,0.7931438239999999,1.2393378600000002,1.18151108,0.0193226131,0.373101815,1.48376109e-05,2.055062323e-06,2.428767163e-06,7.58778087e-06,4.10876331e-06,5.6262596199999995e-06,1.093993803e-05,1.736683264e-05,0.395619203,0.0005526866740000001,0.0001125696996,62.6710962,50.172457200000004,2.63539768e-05,6.4776846699999995,0.014191183,8.67411588,0.0005150680839999999,4.6659938e-05,0.0291059737,35.229623000000004,0.0005150680839999999,4.6659938e-05,0.004949099770000001,12.36803608,0.0005150680839999999,4.6659938e-05,0.0021069600999999998,12.02935181,0.0005150680839999999,4.6659938e-05,0.00416027636,1.52600826e-05,2.84037151e-05,-0.09905548046,30.853558,0.041697348099999997,0.00045060815117499995,-0.000617209146,1.582445405e-05,0.0001096031074
147,1708926000,0.509929174,0.509942337,-0.022650785199999995,-1.44466448,1.25628833,0.6380831029999999,1.0004180569999999,0.9527540799999998,0.012673871149999998,0.245803738,1.39823466e-05,1.066096057e-06,1.485482571e-06,5.840053209999999e-06,2.5340185300000003e-06,3.45315943e-06,8.66512788e-06,1.1848643740000002e-05,0.25350096299999997,0.001331411693,9.63847852e-05,67.64430610000001,50.592562199999996,1.69480082e-05,6.65058804,0.011468158150000001,5.630451280000001,0.00040143010589999996,3.6340297244e-05,0.0231884928,22.1606092,0.00040143010589999996,3.6340297244e-05,0.00455746672,8.28758901,0.00040143010589999996,3.6340297244e-05,0.00163136461,8.01984781,0.00040143010589999996,3.6340297244e-05,0.00408504658,1.4275724050000001e-05,2.7335504500000002e-05,-0.1612958095,33.7925973,0.043035355500000004,0.00026116823300000004,-0.0007847255565,1.73157755e-05,0.00011992151850000001
147,1708926600,0.478965672,0.47897874700000004,-0.022509414499999998,-1.38439732,1.22853751,0.611488356,0.9884926799999999,0.932803485,0.0128686358,0.22951165599999998,1.35351319e-05,6.479309179999999e-07,9.809715560000002e-07,5.504616539999999e-06,1.62142557e-06,2.18736611e-06,6.5564918099999995e-06,6.62251828e-06,0.23796765399999997,0.0014187426140000001,7.16700336e-05,68.3706769,50.6516683,1.5929915200000002e-05,6.268974160000001,0.01119040915,5.4489208300000005,0.0003191840991,2.8785474159999997e-05,0.022530150800000003,21.0262572,0.0003191840991,2.8785474159999997e-05,0.004652390420000001,8.263486539999999,0.0003191840991,2.8785474159999997e-05,0.00168109505,7.881939857000002,0.0003191840991,2.8785474159999997e-05,0.004129461829999999,1.520767295e-05,2.8294384300000002e-05,-0.17212395757,33.095194799999994,0.042879765900000005,0.0003949818456999999,-0.000632068828,1.79509404e-05,0.00012066064650000002
147,1708927200,0.5943531439999999,0.5943660980000001,-0.019656213999999998,-1.2963862000000002,1.3208278300000003,0.6660337139999999,1.129046955,1.060907394,0.0161641441,0.28201566,1.40019967e-05,1.2528058209999997e-06,1.5116569590000001e-06,5.8665838e-06,2.501442384e-06,3.2664938739999996e-06,8.195590849999998e-06,9.658259390000001e-06,0.294676945,0.00238885279,7.72655477e-05,68.1055633,50.8686916,1.97605765e-05,6.351732890000001,0.0122109505,6.6005813,0.000407496017,3.6824058e-05,0.0249299506,26.0477331,0.000407496017,3.6824058e-05,0.00480218986,9.71191422,0.000407496017,3.6824058e-05,0.0018968221,9.39691768,0.000407496017,3.6824058e-05,0.00401633182,1.3462758150000002e-05,2.6400014499999998e-05,0.18887913359999997,38.7093881,0.0444102164,-0.00011656588839999999,-0.000998104945,1.6878520400000002e-05,0.0001207379955
147,1708927800,0.6843375820000002,0.68435051,-0.0191207922,-1.3515306799999998,1.4343062999999998,0.722898432,1.18364866,1.1166341,0.02192599335,0.33490931199999996,1.40607748e-05,1.424712807e-06,1.6758590770000002e-06,5.86589932e-06,2.9106208040000002e-06,3.91378971e-06,7.852319429999999e-06,1.204033589e-05,0.34048561099999997,0.0015606201800000001,8.549770580000001e-05,65.72470659999999,50.5278982,2.2756012299999998e-05,6.21229892,0.013183288800000002,7.61102728,0.0004224496336,3.823167796999999e-05,0.026832239200000003,30.192415,0.0004224496336,3.823167796999999e-05,0.004810373979999999,11.03008183,0.0004224496336,3.823167796999999e-05,0.0019453657399999998,10.64552307,0.0004224496336,3.823167796999999e-05,0.00407416062,1.4097614830000001e-05,2.70562653e-05,-0.03912905050000002,33.651150799999996,0.0438086225,0.00019833468289999996,-0.00086200274,1.71494121e-05,0.0001195311395
147,1708928400,0.9507485769999999,0.9507614200000001,-0.01505747528,-1.37901762,1.56976041,0.860363527,1.4011552800000002,1.3240904199999999,0.0275926711,0.443732205,1.4915841799999999e-05,9.404325753e-06,1.1157195299e-05,3.7065684949999995e-06,4.107448120000001e-06,1.5563287616e-05,1.136469675e-05,1.7084200740000002e-05,0.473702175,0.001435840107,0.0001613885376,63.3712099,50.33690130000001,3.1620088900000004e-05,5.953680010000001,0.015705728800000002,10.622447050000002,0.0005289874496,4.794907678e-05,0.031963258099999996,42.4895762,0.0005289874496,4.794907678e-05,0.0048551516099999996,12.861486780000002,0.0005289874496,4.794907678e-05,0.00246321356,12.628029100000001,0.0005289874496,4.794907678e-05,0.00470383758,4.4072672769999996e-05,5.68543977e-05,-0.0271277156,26.8643802187,0.02198241409,0.003910163902,0.001900690133,1.4402975389999999e-05,5.50821699e-05
147,1708929000,0.784162839,0.784175745,-0.0158253745,-1.4562860499999997,1.40610539,0.793077989,1.2486756199999998,1.17708595,0.020580231400000003,0.35630175900000005,1.4575225299999999e-05,2.7906697260000002e-05,0.00022472632300000003,2.7725831850000002e-06,3.5854510200000004e-06,5.7812768949999996e-05,0.00013083594069999998,1.4049630419999998e-05,0.387990323,0.00234483953,0.00128284221,67.19739999999999,50.7250466,2.60592037e-05,6.417623710000001,0.0186903552,15.405455349999997,0.000486923303,4.405685526e-05,0.0320770429,46.8380313,0.000486923303,4.405685526e-05,0.00487532119,11.712111080000003,0.000486923303,4.405685526e-05,0.0074553777500000005,12.852951299999997,0.000486923303,4.405685526e-05,0.0185893795,0.0005889178829999999,0.000601811353,-0.0270642278,-0.511624801,0.046759286700000006,0.0387324508,0.033891960500000005,3.65121555e-06,0.00024783364199999997
147,1708929600,0.587583788,0.5875967990000001,-0.023663751900000002,-1.33830896,1.28880184,0.674598419,1.1212467300000002,1.0434693549999998,0.013784257700000002,0.270209211,1.35310066e-05,1.2033504063e-05,0.00011073818635,1.831477085e-06,2.026741144e-06,9.905121487e-06,8.607429505e-05,9.712322069999999e-06,0.28863193099999995,0.004258216570000001,0.0006686050540000001,71.16892170000001,51.6161618,1.95208427e-05,6.4911650100000005,0.014366463500000001,9.72185601,0.0005270809206,4.7776046470000006e-05,0.0265253093,31.471322200000003,0.0005270809206,4.7776046470000006e-05,0.004880953360000001,12.016669770000002,0.0005270809206,4.7776046470000006e-05,0.004665658370000001,12.429538240000001,0.0005270809206,4.7776046470000006e-05,0.011090483520000001,0.0002874279036799999,0.0003005352045,-0.0436496358,1.6851777019999996,0.03245917872,0.018751307295000002,0.015906992263000002,1.0409253096e-05,0.0001524157828
147,1708930200,0.5190149990000001,0.519028035,-0.027698112200000003,-1.44274782,1.17063575,0.649318669,1.0355941100000001,0.96749204,0.011291963980000002,0.23711840999999997,1.4324518199999999e-05,1.4653665019999998e-06,1.5705945330000002e-06,2.109620521e-06,2.560838923e-06,3.353959741e-06,7.59068088e-06,1.0139720169999999e-05,0.25315744,0.00621369251,0.00010595847760000001,70.4672223,52.4734737,1.72484221e-05,6.1808312,0.011140597800000002,5.514729309999999,0.00034490130699999996,3.1093047000000004e-05,0.0231793472,22.1043819,0.00034490130699999996,3.1093047000000004e-05,0.00464100294,8.131729060000001,0.00034490130699999996,3.1093047000000004e-05,0.0016813912800000001,7.82067759,0.00034490130699999996,3.1093047000000004e-05,0.00365561588,3.07455976e-06,1.6145657e-05,0.028113651400000002,0.8932912120000001,0.0054816388899999995,-0.0008049985946,-0.0014407334149999999,7.01610835e-07,8.4842348e-06
147,1708930800,0.545024178,0.5450372920000001,-0.025799385400000003,-1.4957646700000002,1.16669813,0.6632823689999999,1.0268188429999998,0.9640044269999999,0.012655639900000001,0.250781656,1.4701457199999999e-05,1.8064493829999999e-06,1.95147463e-06,2.8798579250000003e-06,3.119416862e-06,4.517335684e-06,8.4391735e-06,1.2928573810000002e-05,0.268119716,0.00425095686,0.000103295059,69.1595718,51.8097541,1.81155628e-05,6.23465677,0.011570764099999999,5.92536222,0.0005831760989,5.294497372e-05,0.0237603369,23.5988465,0.0005831760989,5.294497372e-05,0.00477872165,11.23711015,0.0005831760989,5.294497372e-05,0.00185344414,11.07583438,0.0005831760989,5.294497372e-05,0.00376384657,4.895423209999999e-06,1.79149343e-05,0.08116250900000001,2.404840268,0.00892018222,-0.00016417746899999997,-0.001026723237,1.3414274399999998e-06,1.1324574750000001e-05
147,1708931400,0.726789672,0.726802641,-0.0213454801,-1.4962985400000002,1.33110313,0.767013266,1.1820361,1.1087213569999999,0.02442533875,0.340465664,1.4556411050000001e-05,1.8696465189999997e-06,1.976487434e-06,2.612760707e-06,3.22386811e-06,4.25231787e-06,9.04390525e-06,1.3525286459999998e-05,0.360472399,0.0027876109700000003,9.54284329e-05,66.86394080000001,50.87415489999999,2.41658189e-05,6.20778494,0.013360776199999999,7.75079283,0.0006212779204,5.6408785299999995e-05,0.027625671499999997,31.7522494,0.0006212779204,5.6408785299999995e-05,0.00495736286,13.802250390000001,0.0006212779204,5.6408785299999995e-05,0.00209932956,13.58357819,0.0006212779204,5.6408785299999995e-05,0.00367387956,3.55756062e-06,1.65641748e-05,0.02360133104,1.8355089589999998,0.0085675304,-0.0006059459626,-0.001340053867,8.996788179999999e-07,9.78838545e-06
147,1708932000,0.847787741,0.847800734,-0.0181915586,-1.41156338,1.4803576900000004,0.818512608,1.31584019,1.23990034,0.021555856,0.3931374019999999,1.56832367e-05,3.07188753e-06,3.35486602e-06,4.510295879999999e-06,5.0956580159999995e-06,7.05255976e-06,1.2839531200000001e-05,2.005973233e-05,0.421572222,0.00216298485,9.96670814e-05,63.46950769999999,50.530347,2.81773673e-05,6.37208917,0.014601086650000001,9.252594499999999,0.0004463387603,4.0373883530000004e-05,0.0301740412,37.54410789999999,0.0004463387603,4.0373883530000004e-05,0.00488642158,11.893168310000002,0.0004463387603,4.0373883530000004e-05,0.0020735753100000003,11.529330269999999,0.0004463387603,4.0373883530000004e-05,0.0037131818299999996,4.69748906e-06,1.7640832e-05,0.019141023375,0.2319417755,0.00610892358,-0.00014092742320000003,-0.0009062516619999999,9.085762309999999e-07,9.174565300000001e-06
147,1708932600,0.9106057900000002,0.9106189850000002,-0.0163258419,-1.4256674200000001,1.52464652,0.8492239509999999,1.3519162799999997,1.28508924,0.0196708326,0.41871789800000003,1.4527607999999998e-05,1.6867445770000001e-06,1.766720437e-06,2.5052300230000003e-06,3.3730257640000004e-06,4.62967363e-06,9.72557121e-06,1.6243883659999998e-05,0.45425831499999997,0.000735577691,0.000267309194,64.48693449999999,50.2259154,3.0267883999999998e-05,6.23590556,0.0149689471,9.580686,0.0005199122763,4.7108477050000004e-05,0.0310940718,39.7393929,0.0005199122763,4.7108477050000004e-05,0.00495577911,12.9224845,0.0005199122763,4.7108477050000004e-05,0.0021752874299999997,12.617279,0.0005199122763,4.7108477050000004e-05,0.0036797250999999996,3.8146490899999994e-06,1.69353021e-05,0.0020831996,0.55028846743,0.007676584459999999,-0.000426572365,-0.001163960865,8.31126754e-07,9.321885050000001e-06
147,1708933200,0.914944932,0.914957978,-0.012646276889999999,-1.4412340799999999,1.48557037,0.854239955,1.35146625,1.29086439,0.012779308849999999,0.40180947600000005,1.5381354049999998e-05,2.69795059e-06,2.8128226396e-06,3.7158088240000003e-06,4.775527923e-06,6.248746531999999e-06,1.227676817e-05,1.9447087939999994e-05,0.456666176,0.000465899746,0.00028580423099999996,62.74459449999999,50.171218200000006,3.0416775399999995e-05,6.18970467,0.015036516,9.591732699999998,0.000740021277,6.72743626e-05,0.031185992200000002,39.8848647,0.000740021277,6.72743626e-05,0.00504455403,15.609032739999998,0.000740021277,6.72743626e-05,0.00226596482,15.437411699999998,0.000740021277,6.72743626e-05,0.0036830755399999996,3.8260837399999996e-06,1.6970259e-05,-0.01348063115,0.7474356819999999,0.006886274619999999,-0.00045205466999999994,-0.0011688916259999997,8.88234243e-07,1.0361720250000001e-05
147,1708933800,0.9492949039999999,0.9493082000000002,-0.0235585939,-1.4795542000000002,1.4784826100000001,0.8721887370000001,1.34197847,1.28610178,0.018718789490000002,0.423062657,1.4642968499999997e-05,1.719429333e-06,1.9088391000000002e-06,2.99798626e-06,3.65447602e-06,4.926467289999999e-06,1.02140037e-05,1.8092963439999996e-05,0.47399036800000005,0.00031301745400000004,0.000298794421,63.833292099999994,50.115106000000004,3.15502549e-05,6.37775391,0.0154687083,10.19338,0.0006627543524,6.018169075999999e-05,0.0318134792,41.9018063,0.0006627543524,6.018169075999999e-05,0.00514572479,15.9275161,0.0006627543524,6.018169075999999e-05,0.0023582718,15.671975940000001,0.0006627543524,6.018169075999999e-05,0.0037533509399999996,4.849447949999999e-06,1.8029808000000003e-05,-0.01010117468,19.902382112200005,0.011657760819999998,-0.00017165393450000002,-0.0009725783389999999,2.0464840200000003e-06,2.0821993350000003e-05
147,1708934400,1.5889809300000002,1.58899401,-0.0334502193,-1.5011575899999998,1.8490314700000003,1.12802361,1.71398984,1.64982536,0.0253120913,0.689502635,1.4162760500000001e-05,1.558009866e-06,1.466869217e-06,2.228606786e-06,3.3848225640000003e-06,4.261056853e-06,9.2505026e-06,1.756392984e-05,0.793870628,0.00026030807599999997,0.000318244411,62.257649,50.06943489999999,5.28561975e-05,5.9047421700000005,0.0199946474,16.947353699999997,0.0011294070755,0.00010291779439700001,0.0411211297,70.2458405,0.0011294070755,0.00010291779439700001,0.0054511452,25.29170547,0.0011294070755,0.00010291779439700001,0.00285476297,25.227489177000002,0.0011294070755,0.00010291779439700001,0.0037034735800000004,4.219984719999999e-06,1.7325212899999995e-05,0.0490310275,0.41689154100000003,0.00635243489,-0.00018353610989999995,-0.00101010357,7.39334606e-07,9.4292583e-06
147,1708935000,1.7013514099999998,1.7013644300000004,-0.0221051157,-1.4956401699999997,1.94604693,1.1739698399999998,1.7986299,1.7259151599999996,0.0248857028,0.7409845629999999,1.5226819400000001e-05,2.760679413e-06,2.7703208594e-06,3.859137193e-06,4.7943773099999994e-06,5.7711014599999995e-06,1.138036256e-05,1.94575766e-05,0.8501067429999999,0.00022724478599999998,0.00028819234400000003,60.03464039999999,50.066699899999996,5.661903619999999e-05,5.62676733,0.020680479699999997,17.9776627,0.001170848634,0.00010667754869999998,0.0426945997,74.77378359999999,0.001170848634,0.00010667754869999998,0.00560016532,26.851708299999995,0.001170848634,0.00010667754869999998,0.00305939374,26.6415594,0.001170848634,0.00010667754869999998,0.0037575505499999997,5.3794631e-06,1.8440233100000002e-05,0.03410415961,2.4046246134,0.01127691983,0.00012502768599999996,-0.0007248379,1.6106945000000003e-06,1.93754192e-05
147,1708935600,1.82533733,1.8253504600000003,-0.0140106882,-1.4840378300000001,2.02322426,1.21385666,1.87715729,1.80294253,0.0245539459,0.779208461,1.572872265e-05,3.216233933e-06,3.2379763230000004e-06,4.376321474e-06,6.0297967e-06,7.4968873819999995e-06,1.6801689700000003e-05,2.7991280430000002e-05,0.911763566,0.000496044839,0.000336989679,61.5780882,50.0881042,6.071198320000001e-05,6.0288840100000005,0.0214354007,19.4062208,0.0014617841755,0.00013338183266000002,0.0442346825,80.3854374,0.0014617841755,0.00013338183266000002,0.00561274296,30.633372999999995,0.0014617841755,0.00013338183266000002,0.0030938733999999997,30.6873803,0.0014617841755,0.00013338183266000002,0.0037367355499999997,5.02827584e-06,1.8110044999999997e-05,0.060128936399999985,0.6731210027000001,0.00844588831,0.00010854025414000002,-0.0007859789880000001,8.274503019999999e-07,1.0198691e-05
147,1708936200,1.4271862,1.42719935,-0.0019748015799999994,-1.45149609,1.8681570400000003,1.0686279500000002,1.68721398,1.61596186,0.026869155999999998,0.645042179,1.52053208e-05,2.5376495730000002e-06,2.5097694310000003e-06,3.5379730530000007e-06,4.591847606000001e-06,5.956978546e-06,1.082945204e-05,2.06225294e-05,0.7122422030000001,0.0009719915100000001,0.000326132082,62.12304999999999,50.185912599999995,4.7476581900000005e-05,5.68665541,0.0188017671,15.009483600000001,0.000638539028,5.79215684e-05,0.038992364099999996,62.3933072,0.000638539028,5.79215684e-05,0.00518961947,17.74642657,0.000638539028,5.79215684e-05,0.00258250623,17.36796842,0.000638539028,5.79215684e-05,0.00378255048,5.548175280000001e-06,1.86983601e-05,-0.025882333740000003,6.03634457,0.01465339765,0.00014492836719999999,-0.0008179789659999998,1.5434691000000003e-06,1.65835804e-05
147,1708936800,1.31422567,1.31423883,-0.00771207473,-1.4918654500000001,1.72557768,1.03211962,1.5909485599999997,1.52805917,0.01975337,0.5725174100000001,1.4922464450000002e-05,2.167797971e-06,2.222626576e-06,3.51635143e-06,3.8606819139999996e-06,4.9966702060000005e-06,9.58424664e-06,1.657920363e-05,0.6562383849999999,0.000479696206,0.000349928918,61.35546430000001,50.1216359,4.37258661e-05,5.7330160800000005,0.0180198949,13.713842399999999,0.0007601376390999998,6.907443240000001e-05,0.037560359,57.91687889999999,0.0007601376390999998,6.907443240000001e-05,0.0052719347399999995,19.5461659,0.0007601376390999998,6.907443240000001e-05,0.00262614389,19.286988279999996,0.0007601376390999998,6.907443240000001e-05,0.003838076,6.1609170400000006e-06,1.93909556e-05,0.019427266199999998,1.1921343619999998,0.00998663432,0.00041001899773,-0.000609239488,1.4610662190000003e-06,1.265601735e-05
147,1708937400,1.25214262,1.2521558899999998,-0.005632926175,-1.49490043,1.6887140000000003,1.008202265,1.55475999,1.48879543,0.02432557305,0.546165739,1.658389025e-05,3.845753449999999e-06,3.98906455e-06,5.33906889e-06,6.747701440000001e-06,9.07681226e-06,1.581899005e-05,2.84893698e-05,0.624712916,0.000866685124,0.000414927999,61.6746236,50.1813718,4.16248903e-05,6.3869546,0.017787304400000002,13.399830499999998,0.0005432971582999999,4.920389642e-05,0.0366907369,55.3438091,0.0005432971582999999,4.920389642e-05,0.00513793902,15.77620503,0.0005432971582999999,4.920389642e-05,0.00244129793,15.300536020000001,0.0005432971582999999,4.920389642e-05,0.0037796622199999996,5.14758505e-06,1.8443184200000003e-05,0.018629547963000002,1.233620228,0.00896506987,1.6898884499999996e-05,-0.0008838113239999999,1.0972041200000002e-06,1.1034246599999999e-05
147,1708938000,1.054027735,1.054040934,-0.005241528549999999,-1.48038329,1.5581350600000001,0.921360127,1.42943114,1.3733668899999998,0.0165371191,0.46087918199999994,1.61865988e-05,3.4735227599999994e-06,3.72358916e-06,5.13959402e-06,5.99269323e-06,8.079897419999998e-06,1.51124265e-05,2.5754669500000003e-05,0.5260730570000001,0.00045829635199999997,0.00041206855400000004,61.7271597,50.1545257,3.5026934699999996e-05,6.45841113,0.0163076158,11.29297205,0.0007855596823,7.144621995999998e-05,0.0334934023,46.1374874,0.0007855596823,7.144621995999998e-05,0.00519436671,17.444799845,0.0007855596823,7.144621995999998e-05,0.00246757041,17.257325243999997,0.0007855596823,7.144621995999998e-05,0.0038139788699999995,6.03172583e-06,1.91758468e-05,0.02079214931,1.5304324900000001,0.010016687649999998,0.0002951181132,-0.000675523688,1.3991142859999998e-06,1.2454662300000002e-05
147,1708938600,0.786230196,0.786243533,-0.0237119801,-1.43215675,1.42560602,0.7912753840000001,1.2483381,1.18316111,0.0263662738,0.377165285,1.4859463949999998e-05,1.8414214629999999e-06,1.984464861e-06,2.6911536649999997e-06,3.3962817100000003e-06,4.694776839999999e-06,9.14205708e-06,1.4813310050000002e-05,0.391531312,0.0013438726330000002,0.000199619461,64.6169731,50.3943039,2.6142744000000003e-05,6.29727298,0.013992315100000003,8.46564567,0.000564286055,5.1159684200000004e-05,0.028912643499999995,34.4673676,0.000564286055,5.1159684200000004e-05,0.00500699263,12.29102404,0.000564286055,5.1159684200000004e-05,0.00215570723,12.045567250000001,0.000564286055,5.1159684200000004e-05,0.00378820016,4.83368642e-06,1.8212140199999997e-05,0.0931694565,2.3432172399999995,0.01022625818,-0.0002037220062,-0.0010732591699999998,1.10155333e-06,1.1293345299999999e-05
147,1708939200,0.8980020509999997,0.8980153170000001,-0.018802329599999997,-1.3764030999999999,1.51699633,0.8323537489999999,1.3622291,1.2840767100000001,0.028456266299999998,0.4162199749999999,1.3809226899999999e-05,8.56124472e-07,8.37497048e-07,1.460348636e-06,1.5829140400000002e-06,2.2404646299999998e-06,4.962737030000001e-06,7.36318837e-06,0.447074804,0.0018025627799999999,0.00010365935740000001,65.79012320000001,50.451268299999995,2.9892502499999996e-05,5.5450830799999995,0.0149824509,9.84739488,0.0008074067112,7.348861222999999e-05,0.030881054400000003,39.8688987,0.0008074067112,7.348861222999999e-05,0.00510347326,16.51944257,0.0008074067112,7.348861222999999e-05,0.0022860279900000003,16.447701549999998,0.0008074067112,7.348861222999999e-05,0.00376858054,5.01481008e-06,1.82492016e-05,0.029214159,1.916470195,0.00952099805,-0.00011025520399999999,-0.0009842557169999998,1.1436207740000001e-06,1.1759320850000001e-05
147,1708939800,0.976326096,0.976339179,-0.015944766699999998,-1.51250225,1.47919513,0.8873754179999999,1.3409284400000003,1.2817516,0.0243820052,0.438734486,1.4977302949999999e-05,2.231072996e-06,2.389145862e-06,3.5206612200000004e-06,3.943164e-06,5.3264994300000004e-06,9.823201650000001e-06,1.703475623e-05,0.4864490389999999,0.0015608940900000002,0.0001066114174,63.6643428,50.3753871,3.2470647700000004e-05,6.04787755,0.015750275799999998,10.6349061,0.0009588969245000001,8.73340572e-05,0.0321682074,43.09784500000001,0.0009588969245000001,8.73340572e-05,0.005169823110000001,19.740326220000004,0.0009588969245000001,8.73340572e-05,0.0024111936799999997,19.60446747,0.0009588969245000001,8.73340572e-05,0.0038021923900000004,5.97314329e-06,1.90608895e-05,0.048983769100000005,19.879057225000004,0.0158634466,0.00015864588169999997,-0.00075626771,2.289038243e-06,2.3581833100000004e-05
147,1708940400,1.1866066699999998,1.18661994,-0.0134558764,-1.5219987200000002,1.6244370999999997,0.9851286700000002,1.4854953300000002,1.43336875,0.0225360436,0.5226371610000001,1.4710597100000001e-05,1.906039392e-06,2.014853992e-06,2.5583395199999995e-06,3.5663044300000002e-06,4.6886001300000006e-06,9.89409345e-06,1.6318856590000003e-05,0.592160272,0.00098532284,0.00011522923099999999,63.16587940000001,50.180063399999995,3.94764292e-05,6.07993838,0.0173676846,12.758586699999999,0.0004672762953999999,4.2289048800000005e-05,0.035765477,52.567822899999996,0.0004672762953999999,4.2289048800000005e-05,0.0049548759800000005,14.66313088,0.0004672762953999999,4.2289048800000005e-05,0.0022506125100000005,14.21539752,0.0004672762953999999,4.2289048800000005e-05,0.0037042555899999994,4.45366213e-06,1.7581045099999998e-05,0.10201819049000001,16.695771121,0.013014773009999998,-0.00018539986189999998,-0.0009832634760000001,1.2282694649999998e-06,1.5757620749999998e-05
147,1708941000,1.1160050639999999,1.1160179610000003,-0.019367651,-1.3768781799999998,1.6866139900000001,0.9318794970000001,1.5223589499999999,1.4434940800000002,0.022633714500000002,0.500536655,1.5173682800000002e-05,2.6564256139999996e-06,2.874414739e-06,3.973866705000001e-06,5.23211428e-06,6.80929306e-06,1.142712043e-05,1.9517615060000004e-05,0.556115794,0.0017151273200000001,0.00011682441740000001,63.55440180000001,50.3244418,3.7116809299999996e-05,6.18691279,0.0167897798,12.0898336,0.0009040179887,8.228691721999999e-05,0.0345784802,49.2472963,0.0009040179887,8.228691721999999e-05,0.00523344089,19.1693103,0.0009040179887,8.228691721999999e-05,0.0025384589199999997,19.00201286,0.0009040179887,8.228691721999999e-05,0.0038931637199999996,7.69733439e-06,2.07461566e-05,0.0129996683,0.47229367,0.00878859069,0.000727986346,-0.000249086004,1.37314567e-06,1.2136320799999999e-05
147,1708941600,1.082930942,1.082944134,-0.020058196999999996,-1.40917511,1.6333248699999998,0.922489577,1.48174523,1.41135559,0.020057668950000003,0.48005707,1.504918655e-05,2.3251112140000002e-06,3.0408513300000007e-06,4.325838139999999e-06,4.24849547e-06,9.310250529999999e-06,1.4875316469999999e-05,1.9236241299999998e-05,0.5402399489999999,0.001033870394,0.0001323034246,63.467585299999996,50.204533600000005,3.60077469e-05,6.31200063,0.016681253200000003,11.954026250000002,0.0007807240427999999,7.099229599000001e-05,0.034059213299999995,47.7689156,0.0007807240427999999,7.099229599000001e-05,0.00529694747,18.38873581,0.0007807240427999999,7.099229599000001e-05,0.0026111058,18.130547139999997,0.0007807240427999999,7.099229599000001e-05,0.00423396741,1.2828932699999999e-05,2.60525869e-05,0.05177753599999999,-0.0070046636600000056,0.010711526259999998,0.0022891897200000002,0.0009591843319999999,1.44882477e-06,1.56763567e-05
147,1708942200,0.7807814160000001,0.780794817,-0.016718992100000003,-1.3435995740000002,1.4391439300000002,0.7707281589999999,1.26255103,1.1842486500000002,0.0302659558,0.378064541,1.4980291099999998e-05,2.1765595480000003e-06,4.00086882e-06,3.02614599e-06,3.583677185e-06,6.50911182e-06,1.7682701e-05,1.545548498e-05,0.3891998629999999,0.0010355864970000002,0.00010090718899999999,63.57769950000001,50.341240199999994,2.5954603400000002e-05,6.1373684299999995,0.013990223299999998,8.708782829999999,0.0004955687084,4.4865990230000006e-05,0.028523912499999998,34.3730385,0.0004955687084,4.4865990230000006e-05,0.00493776984,12.085501240000001,0.0004955687084,4.4865990230000006e-05,0.00223226203,11.78379788,0.0004955687084,4.4865990230000006e-05,0.00442067839,1.53006346e-05,2.86347913e-05,0.05855331610000001,0.2726060257,0.01254722255,0.00299645999,0.001424238006,1.773437551e-06,1.81146458e-05
147,1708942800,0.43162479200000003,0.431638082,-0.0494773231,-1.34925672,1.08247051,0.574468884,0.935916053,0.8813519040000001,0.01523169785,0.20659227900000002,1.4287233349999999e-05,1.3891524039999997e-06,3.6886693099999998e-06,2.16625101e-06,2.7336016009999997e-06,4.68577018e-06,1.424048265e-05,9.76160198e-06,0.21457078699999999,0.001054009707,0.0001477778775,65.57784459999999,50.5676518,1.434907725e-05,6.457899379999999,0.01063664835,5.10757623,0.0003038636783,2.7375519483999997e-05,0.0213433139,19.0694445,0.0003038636783,2.7375519483999997e-05,0.00461137016,7.334486340000001,0.0003038636783,2.7375519483999997e-05,0.0018162977500000004,7.002443770000001,0.0003038636783,2.7375519483999997e-05,0.004424924950000001,1.61112558e-05,2.9442557e-05,0.027325691200000002,0.43848553199999996,0.011553582090000002,0.0030298199200000002,0.001311078486,2.27243297e-06,1.87431239e-05
147,1708943400,0.365966677,0.36597985099999997,-0.0625650381,-1.4558043599999997,0.944166313,0.5369334950000001,0.815124884,0.77124854,0.01615935955,0.178619222,1.3852170549999998e-05,9.289127579999999e-07,3.416007550000001e-06,1.2705193990000001e-06,1.905036377e-06,4.39326824e-06,1.379948205e-05,9.81665087e-06,0.1818071,0.0009068368589999999,0.00023297382,66.7227081,50.4929848,1.21580794e-05,6.66364952,0.009894754750000002,4.417507939999999,0.00034271414739999996,3.0948181795e-05,0.0196148301,16.287684000000002,0.00034271414739999996,3.0948181795e-05,0.00456584991,7.396388625,0.00034271414739999996,3.0948181795e-05,0.0017443346499999997,7.107289741,0.00034271414739999996,3.0948181795e-05,0.00437201267,1.2771876e-05,2.5978156700000002e-05,0.2969695554,-0.149128647,0.0084726091,0.0030542937199999998,0.0015814304810000002,7.929927599999999e-07,1.286656465e-05
147,1708944000,0.876863178,0.8768764859999999,-0.02641017108,-1.4849267000000002,1.4288311400000002,0.8389944509999999,1.29247695,1.219949763,0.0344925385,0.4041189070000001,1.5511267850000003e-05,2.694441845e-06,5.28825056e-06,3.4850947199999994e-06,4.3084364799999995e-06,6.246081469999999e-06,1.7979945100000002e-05,1.700539719e-05,0.437148131,0.0010232433640000001,0.00020066648099999998,63.2278994,50.2957646,2.91551371e-05,6.2507939100000005,0.0149861749,9.739337429999999,0.0006783846820999998,6.1648655427e-05,0.0305095107,38.8116644,0.0006783846820999998,6.1648655427e-05,0.00503326803,14.889667650000002,0.0006783846820999998,6.1648655427e-05,0.00238758353,14.67344282,0.0006783846820999998,6.1648655427e-05,0.00432165487,1.303251525e-05,2.6306889600000003e-05,0.1500995316,-0.054106137500000005,0.011836010919999997,0.00276274417,0.0013262836,1.178995853e-06,1.49634155e-05
147,1708944600,0.371250043,0.37126327,-0.0075611498,-1.41805818,0.9807674470000001,0.539364344,0.856676133,0.809987235,0.01171447145,0.1751889,1.42644484e-05,2.3246801e-06,5.25021492e-06,3.64918816e-06,4.64740062e-06,6.49978488e-06,1.74936936e-05,1.320326625e-05,0.184923379,0.0005193820868000001,0.0001280986956,65.17609809999999,50.363159200000005,1.2332197749999999e-05,6.714620399999999,0.010337170750000001,4.860188900000001,0.00040000013900000006,3.61396896e-05,0.019842569299999994,16.4713149,0.00040000013900000006,3.61396896e-05,0.00457691259,7.217674740000001,0.00040000013900000006,3.61396896e-05,0.0021217343,7.02776912,0.00040000013900000006,3.61396896e-05,0.00534335303,3.26722896e-05,4.58952402e-05,0.052297838500000006,0.719004425,0.0198078032,0.006005999570000001,0.00337061663,5.711573734999999e-06,3.891511639999999e-05
147,1708945200,0.362886563,0.362899929,-0.03353402579999999,-1.4789233400000001,0.928790839,0.54002773,0.821875085,0.7892115940000001,0.008185690110000001,0.163600364,1.38639738e-05,1.187080003e-06,3.98843449e-06,2.324587048e-06,2.8725572300000003e-06,5.07928619e-06,1.4158782400000003e-05,8.9618833e-06,0.18112558699999998,0.0001255739334,0.00015263223299999998,65.1370292,50.12289880000001,1.20613521e-05,6.527630499999999,0.01011133345,4.593489150000001,0.00023192725332,2.083360304e-05,0.019767531300000002,16.20227155,0.00023192725332,2.083360304e-05,0.00452094465,6.121781427,0.00023192725332,2.083360304e-05,0.0018460514699999999,5.759513436000001,0.00023192725332,2.083360304e-05,0.0048349931599999995,2.414706175e-05,3.74786389e-05,0.034923302600000004,3.5923619010000003,0.025629872499999994,0.00422634505,0.002180081397,5.043294332e-06,4.17305937e-05
147,1708945800,0.780343084,0.780356368,-0.0399567435,-1.4262316800000001,1.39909272,0.7747994060000001,1.21676214,1.1560103,0.036984420799999994,0.376568031,1.444381255e-05,1.8575555059999998e-06,4.2196887500000005e-06,2.15771591e-06,2.94342831e-06,4.6727053499999995e-06,1.263535004e-05,1.5697965700000003e-05,0.389476783,0.0004418368420000001,0.00020753638599999998,64.3754641,50.167107,2.5931919599999996e-05,6.5251620599999995,0.01384650175,8.421143919999999,0.0004093668658000001,3.6996676150000006e-05,0.028398329499999996,34.3561525,0.0004093668658000001,3.6996676150000006e-05,0.00493412195,11.917012579999998,0.0004093668658000001,3.6996676150000006e-05,0.00226830978,11.54799295,0.0004093668658000001,3.6996676150000006e-05,0.00405225852,1.106553115e-05,2.43741468e-05,0.0276194564,2.834774035,0.015789541060000002,0.00158130189,0.000641279733,1.647717577e-06,2.22230386e-05
147,1708946400,1.5279775800000002,1.5279909,-0.00671246283,-1.43261497,1.94664698,1.10006212,1.7496909000000003,1.6491878399999997,0.0333066087,0.6700941809999998,1.5095334999999998e-05,1.8352918900000002e-05,0.00017043237800000002,3.5609344400000005e-06,4.68889162e-06,4.360255865e-05,0.00021661812650000003,2.1397460100000002e-05,0.7613535460000002,0.0009484380150000001,0.00120618646,63.6294231,50.1989227,5.08034799e-05,6.295402009999999,0.0234527591,25.000581000000004,0.00136929597,0.00012484547499999997,0.041906939500000004,76.051645,0.00136929597,0.00012484547499999997,0.00575090835,28.218269199999998,0.00136929597,0.00012484547499999997,0.007345953679999999,29.273541899999998,0.00136929597,0.00012484547499999997,0.016652256100000002,0.000494808254,0.0005080871149999999,-0.009370529360000001,-0.21508481499999998,0.048850659899999996,0.0370310093,0.03111631,1.2381446099999997e-05,0.000224028323
147,1708947000,1.0299539999999998,1.029967391,-0.007753120099999999,-1.3922589300000001,1.64397518,0.8974733279999999,1.45680699,1.36515415,0.02026722945,0.45681477800000003,1.4601123649999998e-05,1.538295557e-05,0.000168040142,2.372312196e-06,3.90422804e-06,2.450980349e-05,0.00023183487300000003,1.833763199e-05,0.5118908999999999,0.00143691285,0.0011834950900000002,67.07773399999999,50.40089940000001,3.42368973e-05,6.423264750000001,0.0207390781,19.8137944,0.0007616033657,6.920167708e-05,0.034916058300000004,53.78791469999999,0.0007616033657,6.920167708e-05,0.00529615968,17.5081875,0.0007616033657,6.920167708e-05,0.00688956474,18.424869500000003,0.0007616033657,6.920167708e-05,0.016588234,0.0004889640710000001,0.0005023322950000001,-0.0163096956,-0.10398152500000005,0.0677410094,0.03619728779999999,0.030738790100000003,1.1032153550000001e-05,0.000267412204
147,1708947600,1.9920261799999999,1.9920394749999997,-0.00468812118,-1.4078023600000003,2.2466560600000003,1.2372832599999999,1.9896608099999997,1.8520690599999998,0.08952806669999999,0.9447621789999999,1.92993307e-05,2.137697205e-05,0.000210085651,8.324233656e-06,1.1572786469999999e-05,4.4917052699999994e-05,0.000201083423,4.6487635600000004e-05,0.9920429900000001,0.00232347405,0.0010966851639999998,62.51023830000001,50.307920100000004,6.61999292e-05,6.45060434,0.025066333399999995,28.875855100000006,0.001213635796,0.0001105431567,0.0469303729,98.2826376,0.001213635796,0.0001105431567,0.005757676000000001,29.6289627,0.001213635796,0.0001105431567,0.007749469319999999,30.73927317,0.001213635796,0.0001105431567,0.017954553999999998,0.000547675181,0.0005609754300000001,-0.0067865401871,-0.38265675200000004,0.05926080439999999,0.0379188323,0.0324710061,1.111090171e-05,0.00026970857800000004
147,1708948200,1.7744430299999998,1.77445633,-0.0034930034899999995,-1.34716273,2.23671827,1.17617981,1.9835855800000002,1.8093552,0.171878802,0.875750437,1.562920895e-05,2.1340122079999998e-05,0.00023760219199999997,4.6464776499999995e-06,6.63057105e-06,2.112141305e-05,0.000203559938,3.56893907e-05,0.8828465839999999,0.0027031925700000004,0.00113878574,64.6224805,50.3792907,5.8974924399999995e-05,6.44798357,0.023920025,26.465193500000005,0.000693346815,6.288972264e-05,0.0451124352,89.9462678,0.000693346815,6.288972264e-05,0.005688845340000001,23.7975097,0.000693346815,6.288972264e-05,0.00812084214,24.6192817,0.000693346815,6.288972264e-05,0.019188771900000002,0.000615295972,0.000628621386,0.009463384330000001,-0.44548597800000006,0.0802777317,0.0399764611,0.0345267452,1.93064159e-05,0.000331883897
147,1708948800,2.0375032600000003,2.03751658,-0.004691741219999999,-1.39892473,2.3004701899999995,1.26123227,2.02247423,1.88769511,0.1174440959,0.964032882,1.6151598099999996e-05,2.31681183e-05,0.00023247082200000005,5.2444685459999995e-06,7.281690950000001e-06,4.2583259099999995e-05,0.00018532874639999998,3.7444728500000006e-05,1.01442767,0.0026801638300000003,0.0011072106560000002,63.88656100000001,50.3273237,6.77286554e-05,6.3836354900000005,0.025400910300000003,29.536466,0.0020937639730000002,0.0001911935633,0.048039637,101.954544,0.0020937639730000002,0.0001911935633,0.006012579240000001,37.4947425,0.0020937639730000002,0.0001911935633,0.00839968164,39.56099455,0.0020937639730000002,0.0001911935633,0.0189949183,0.000605575409,0.00061887474,0.014311202249999998,-0.45176742799999997,0.0685109077,0.039862908200000005,0.034389360699999996,1.349850899e-05,0.000305694964
147,1708949400,1.15345566,1.1534687300000002,-0.01115616115,-1.24856492,2.0946639599999997,0.939293674,1.5358968800000001,1.3994302499999998,0.139861721,0.78370897,1.6279917999999996e-05,2.71587273e-05,0.000252951747,5.522015329999999e-06,6.54724339e-06,2.4334666099999998e-05,0.00022176105199999996,3.2563129699999994e-05,0.57270511,0.00226019078,0.00118848029,64.0452214,50.4887065,3.83029767e-05,6.56497217,0.021182124499999996,20.9856705,0.001109970445,0.0001011083504,0.0374907746,63.73477389999999,0.001109970445,0.0001011083504,0.00538179669,21.88183315,0.001109970445,0.0001011083504,0.00815952047,23.557721899999997,0.001109970445,0.0001011083504,0.0198832056,0.0006648980720000001,0.0006780364009999999,0.007828210165,-0.45187592899999995,0.08514814700000001,0.041769918,0.0361775976,1.7226802100000003e-05,0.000351950669
147,1708950000,0.885487736,0.8855009749999999,-0.007259439769999999,-1.34919349,1.54819724,0.8263892610000001,1.37374192,1.27946405,0.0161610481,0.38880510999999995,1.4027797549999999e-05,2.1834466200000003e-05,0.000275033364,2.1740461980000004e-06,2.683753788e-06,1.260648119e-05,0.00022176150700000001,1.2899120390000001e-05,0.439145365,0.00184277181,0.0012058984800000002,67.1534208,50.541480899999996,2.9439617599999998e-05,6.32213601,0.0196323372,17.8512132,0.0006532282609,5.931157683e-05,0.034071877199999996,52.9776805,0.0006532282609,5.931157683e-05,0.0052150084,16.09639155,0.0006532282609,5.931157683e-05,0.00823881137,17.4286373,0.0006532282609,5.931157683e-05,0.0204642101,0.0007024579020000001,0.0007156829509999999,0.01145207808,-0.516213299,0.0523986543,0.043166339,0.0375675472,4.24410021e-06,0.000295113513
147,1708950600,1.1214854070000002,1.121498668,-0.010594227299999998,-1.38331748,1.7050270699999999,0.9311574599999997,1.52100895,1.42253091,0.030008460800000004,0.492334851,1.57912787e-05,2.8785104100000006e-05,0.00026640288900000003,4.214923649999999e-06,5.087865139999999e-06,2.981891548e-05,0.00021215343300000003,2.298058687e-05,0.557644926,0.0012995336539999998,0.0012261923100000001,64.04744249999999,50.3526144,3.72606482e-05,6.47085519,0.021074516300000002,20.3499575,0.0008961056511,8.15562922e-05,0.037385533,63.3676569,0.0008961056511,8.15562922e-05,0.0053786076799999995,20.173826279999997,0.0008961056511,8.15562922e-05,0.00834261831,21.60214124,0.0008961056511,8.15562922e-05,0.0203231894,0.000693240656,0.000706481154,0.010190618850000001,-0.5070578629999999,0.051434864799999994,0.042858771500000004,0.0372158167,4.36523928e-06,0.00029366186799999997
147,1708951200,0.8683514970000001,0.868364661,-0.00967386055,-1.41815926,1.5095335899999998,0.8280732000000001,1.3330532,1.24076288,0.01661335615,0.38671719399999993,1.3990011e-05,1.9736494180000004e-05,0.000269676922,2.5075065579999996e-06,2.497455884e-06,1.0342295530000001e-05,0.00022923575599999996,1.039894033e-05,0.43187653299999995,0.0005639939,0.00118981912,65.2990495,50.25717590000001,2.8890343700000002e-05,6.0721398,0.019719088599999997,17.8833087,0.0005861919832,5.31693621e-05,0.033750506,51.94357799999999,0.0005861919832,5.31693621e-05,0.004998528029999999,13.924623256,0.0005861919832,5.31693621e-05,0.007945906829999998,15.185304019999998,0.0005861919832,5.31693621e-05,0.0201727809,0.000690772143,0.000703930846,0.007798106099999999,-0.482355131,0.052036967999999996,0.042926346000000004,0.0372967647,3.85653005e-06,0.000289824145
147,1708951800,0.810684607,0.8106977799999999,-0.0098939997,-1.4110072100000002,1.45538194,0.798261679,1.2883893199999998,1.1983115899999999,0.016086432300000002,0.358599891,1.358371295e-05,1.860659235e-05,0.000258235223,2.42101254e-06,1.822674343e-06,1.981894493e-05,0.000210286276,1.027582262e-05,0.40281919899999996,0.000747126005,0.00125404333,66.888781,50.3241905,2.6956004999999998e-05,6.21423547,0.0192676886,17.0906281,0.0006939843060000001,6.301044109999999e-05,0.0327374618,49.052210099999996,0.0006939843060000001,6.301044109999999e-05,0.0050935315799999995,14.4188845,0.0006939843060000001,6.301044109999999e-05,0.007922306149999999,15.74017475,0.0006939843060000001,6.301044109999999e-05,0.019856635199999997,0.0006653292660000001,0.0006784973900000001,0.01765283097,-0.48107442899999997,0.051746568400000005,0.042056319800000005,0.0364998265,5.07277547e-06,0.00028061352300000006
147,1708952400,0.673784987,0.673798165,-0.013686441099999998,-1.4342678199999999,1.3496662,0.735698164,1.17764846,1.0808205000000002,0.0164585922,0.30514172300000003,1.429647225e-05,1.488484843e-05,0.00024184407300000002,2.3897858480000003e-06,2.344332237e-06,3.88279975e-05,0.00016924511399999997,1.078466528e-05,0.330243371,0.00491725925,0.00124992903,69.76110460000001,51.6124096,2.2398694e-05,6.301506099999999,0.018121695200000003,15.007479749999998,0.0005432741136,4.921903174999999e-05,0.0302096391,41.9600555,0.0005432741136,4.921903174999999e-05,0.0048348702899999995,10.89979456,0.0005432741136,4.921903174999999e-05,0.00744179811,12.22422102,0.0005432741136,4.921903174999999e-05,0.018979793599999996,0.00061105939,0.000624275666,0.017586937049999998,-0.472349665,0.05019123839999999,0.04020085,0.0349427192,4.39677877e-06,0.000260578541
147,1708953000,0.782557032,0.782570321,-0.019769734500000004,-1.31380779,1.50578348,0.7759852639999999,1.30882746,1.20719939,0.016951220000000003,0.352474061,1.519277765e-05,1.953647486e-05,0.000226422522,3.1028109e-06,3.204763313e-06,1.616393176e-05,0.00021388532900000002,1.3697062279999998e-05,0.383621462,0.00592712028,0.00123168366,69.5087626,51.6491169,2.6017984299999998e-05,6.3383365099999995,0.0188779257,16.651216400000003,0.000523540733,4.739199143e-05,0.0317698785,45.9219923,0.000523540733,4.739199143e-05,0.0049029331199999995,11.32355142,0.000523540733,4.739199143e-05,0.0073046920799999995,12.46347718,0.000523540733,4.739199143e-05,0.0186717164,0.0005957437240000001,0.0006091024039999999,0.014490521789999999,-0.422888089,0.050694407399999995,0.0399111984,0.0344258521,6.2631576200000004e-06,0.00025846344
147,1708953600,0.778812134,0.778825549,-0.022801937100000003,-1.3159767,1.5104335800000002,0.7759492530000001,1.3040648000000001,1.20427426,0.0160009698,0.346939746,1.424440415e-05,1.745843914e-05,0.000203633136,2.54772251e-06,2.5253315070000002e-06,1.393730257e-05,0.00020500743000000004,1.1822097580000002e-05,0.38154833600000004,0.00619484853,0.00120502636,70.23999020000001,51.738960600000006,2.58871294e-05,6.38334166,0.018568001799999997,16.1555865,0.00048142082199999995,4.354069236e-05,0.031272412299999996,44.264475999999995,0.00048142082199999995,4.354069236e-05,0.00499924644,11.923044440000002,0.00048142082199999995,4.354069236e-05,0.007116281029999999,12.918718909999999,0.00048142082199999995,4.354069236e-05,0.0178938236,0.000544326207,0.0005576948120000001,0.0164500929,-0.4117979180000001,0.048036671999999996,0.038102719,0.0327935606,4.70353123e-06,0.000234552365
147,1708954200,0.7815616060000001,0.7815749270000001,-0.0209011541,-1.2372145100000003,1.53477187,0.7652087379999999,1.33084061,1.22910001,0.014995446700000001,0.34796944599999996,1.4895007400000001e-05,1.5062932359999999e-05,0.00022413455799999999,2.603756243e-06,3.25943417e-06,2.5761092550000002e-05,0.00020223704500000003,1.648758965e-05,0.381943665,0.00708290508,0.0012629014899999999,71.5498255,51.95984669999999,2.59563749e-05,6.73691067,0.0187121918,16.432905100000003,0.000837736733,7.619256580000001e-05,0.0315746054,45.2754538,0.000837736733,7.619256580000001e-05,0.0052130511,16.50564234,0.000837736733,7.619256580000001e-05,0.00756187136,17.980071860000002,0.000837736733,7.619256580000001e-05,0.0184287057,0.000581823466,0.0005951314780000001,0.014596774999999998,-0.418262829,0.052533315299999994,0.039475107100000004,0.0341011437,5.96777458e-06,0.000258536177
147,1708954800,0.745661064,0.7456742820000001,-0.011609664099999998,-1.12135894,1.5513848600000002,0.72981798,1.33549075,1.2320626200000002,0.01446428045,0.332353796,1.398176585e-05,2.027591019e-05,0.00024029659200000002,2.219567705e-06,2.219465011e-06,2.3373784829999998e-05,0.00019027651099999998,1.2429468460000001e-05,0.361531382,0.00955805925,0.00124904666,74.0457143,52.7107698,2.47781568e-05,6.437343589999999,0.0182488497,15.756449700000001,0.0006901108504999999,6.273095287e-05,0.031151129499999996,44.472486,0.0006901108504999999,6.273095287e-05,0.00501375283,14.15819055,0.0006901108504999999,6.273095287e-05,0.007636956570000001,15.49672993,0.0006901108504999999,6.273095287e-05,0.0190698544,0.000620767005,0.00063400602,0.01456768575,-0.45937561000000005,0.05156833200000001,0.04064143320000001,0.035231705499999995,4.174710319999999e-06,0.00026436025499999995
147,1708955400,0.7665953029999999,0.766608746,-0.0077597195699999994,-1.0807807600000001,1.58783593,0.7332553270000001,1.36504166,1.26060097,0.014364708100000002,0.33792070399999996,1.42085772e-05,2.1112744629999998e-05,0.00024150075500000003,1.9344587869999995e-06,2.276927655e-06,1.5933826520000002e-05,0.000203069547,1.1302437720000001e-05,0.37041945499999995,0.01111243705,0.00126745664,75.03856579999999,53.0570848,2.5471632899999997e-05,6.41657813,0.0184502328,16.2149044,0.0006254777813,5.679456507e-05,0.031514438500000005,45.471934899999994,0.0006254777813,5.679456507e-05,0.0049730428,13.83898188,0.0006254777813,5.679456507e-05,0.007585174219999999,15.165201579999998,0.0006254777813,5.679456507e-05,0.019155878999999997,0.000628177963,0.000641596894,0.012644148650000001,-0.45083711299999996,0.049850507300000006,0.0409247482,0.0354673035,4.6869598e-06,0.00026732777400000003
147,1708956000,1.057158013,1.0571714,-0.00530019496,-1.2070024199999998,1.79562979,0.880728603,1.55828504,1.4536568500000002,0.01901580135,0.4673384990000001,1.57845145e-05,1.94505208e-05,0.000255399536,3.885096990000001e-06,4.5624483e-06,1.784569916e-05,0.000215845364,1.871562865e-05,0.5186382410000001,0.008137198469999999,0.00126536867,69.09612580000001,51.6946648,3.5140354200000004e-05,6.4554699200000005,0.0202537818,19.320398700000002,0.000695557731,6.312983274000001e-05,0.0360626297,58.582667300000004,0.000695557731,6.312983274000001e-05,0.005102421540000001,15.07056498,0.000695557731,6.312983274000001e-05,0.007791867810000001,16.37371164,0.000695557731,6.312983274000001e-05,0.0195092277,0.000652658229,0.000666102538,0.01202892087,-0.447583333,0.052834958,0.0417330425,0.0361084574,4.99150212e-06,0.000278193916
147,1708956600,0.8171388860000001,0.817152304,-0.009240015949999998,-1.17386038,1.59297365,0.7703677950000001,1.3792546199999998,1.27920152,0.016197825650000004,0.35794549100000006,1.4434588e-05,1.8522242599999998e-05,0.00025323393300000007,1.963531616e-06,2.636251227e-06,6.28281286e-06,0.00022739664099999998,1.3206229560000002e-05,0.399268699,0.00748721026,0.00128921904,70.8679438,52.0063008,2.7158164399999998e-05,6.5445231800000006,0.0188915875,17.000432799999995,0.0006211505628000001,5.6341931560000005e-05,0.032446623900000006,48.101624199999996,0.0006211505628000001,5.6341931560000005e-05,0.005048490710000001,13.34956626,0.0006211505628000001,5.6341931560000005e-05,0.007754403959999999,14.78431631,0.0006211505628000001,5.6341931560000005e-05,0.0194523357,0.0006516734380000001,0.0006650798319999999,0.0139956214,-0.44107442599999996,0.0498550677,0.04191229319999999,0.0362720894,4.07269548e-06,0.000274363595
147,1708957200,1.31282175,1.3128351400000002,-0.0072366713,-1.25793737,1.9477344200000002,0.9866530560000001,1.6983143600000001,1.5844983600000002,0.032888483100000004,0.595238707,1.5002202450000005e-05,2.55875329e-05,0.000249611706,3.0095330500000004e-06,3.5851551539999997e-06,1.469351355e-05,0.00021169142899999998,1.3635724020000001e-05,0.648460423,0.00614875781,0.00127818659,67.986761,51.13496069999999,4.36786375e-05,6.07281545,0.021697272400000002,21.9160744,0.0012442988313000002,0.00011347012814,0.0395064156,69.97604630000001,0.0012442988313000002,0.00011347012814,0.00553643208,24.78180857,0.0012442988313000002,0.00011347012814,0.008231458459999999,26.300669359999993,0.0012442988313000002,0.00011347012814,0.0195114965,0.0006530808059999999,0.000666396998,0.0115467233,-0.45177765700000005,0.050657712,0.0417800683,0.0361817881,4.17671103e-06,0.000274312874
147,1708957800,1.0786723150000002,1.078685597,-0.0051049582400000005,-1.22800441,1.79679236,0.8932273780000001,1.5672103300000002,1.45755699,0.022597865050000002,0.47832251000000003,1.6834423e-05,2.44448998e-05,0.000256858816,3.83767951e-06,5.00274351e-06,9.427929660000001e-06,0.000214865797,2.208343521e-05,0.5305379250000001,0.006957953280000001,0.00130021063,68.1567285,51.4287103,3.585117e-05,6.547245200000001,0.0202322822,19.1068824,0.0006790927343,6.167390764000001e-05,0.036454388,59.824702,0.0006790927343,6.167390764000001e-05,0.005164938209999999,15.418934749999996,0.0006790927343,6.167390764000001e-05,0.00793728543,17.100319739999996,0.0006790927343,6.167390764000001e-05,0.0196151253,0.000655374308,0.000668612438,0.0080507763,-0.48252554400000003,0.05082959299999999,0.041647878299999996,0.036210966000000004,4.05281632e-06,0.000274790809
147,1708958400,1.2448188900000001,1.2448323600000002,-0.00283372203,-1.2546762400000002,1.89200774,0.9638770790000001,1.6745011399999998,1.56736035,0.015461488700000001,0.5353582640000001,1.5091354600000001e-05,2.2113130600000002e-05,0.000262208383,3.078101016e-06,4.094504607e-06,1.0049532169999999e-05,0.00019583616200000002,2.091688707e-05,0.613342958,0.00721902965,0.00132749556,69.090453,51.288609699999995,4.1376953800000005e-05,6.4400093400000005,0.020960438899999996,20.267877300000002,0.001255775727,0.0001144440827,0.0387725609,67.130081,0.001255775727,0.0001144440827,0.00564900888,24.89890465,0.001255775727,0.0001144440827,0.0084586511,26.51189052,0.001255775727,0.0001144440827,0.0198112675,0.0006597368759999999,0.0006731278369999999,0.005081850509999999,-0.5209394940000001,0.05050945039999999,0.041445143899999995,0.036126238399999996,4.2168845400000005e-06,0.000276621185
147,1708959000,1.2845566300000002,1.2845696800000002,-0.0064032366600000005,-1.2612362000000001,1.9079832700000001,0.980165632,1.69606426,1.5917735899999998,0.013428549099999998,0.54705632,1.56981896e-05,2.35928899e-05,0.000249035376,3.5501814199999994e-06,5.129093460000001e-06,1.091751752e-05,0.000215048993,2.6468086000000003e-05,0.633456504,0.00695801871,0.0013274203,68.28370179999999,51.1984839,4.26785396e-05,6.616927410000001,0.021383348700000002,21.1179481,0.0011003956993999998,0.00010030463554999999,0.039223737200000004,68.34715219999998,0.0011003956993999998,0.00010030463554999999,0.00550366421,22.99361119,0.0011003956993999998,0.00010030463554999999,0.008166743230000002,24.48985436,0.0011003956993999998,0.00010030463554999999,0.0193190565,0.0006391734190000001,0.0006523848460000001,0.003216461656,-0.46778389899999995,0.0493315296,0.0411789323,0.0357421388,3.6620790600000003e-06,0.00026842497899999995
147,1708959600,1.004833005,1.004846378,-0.0107035672,-1.20431497,1.7264027300000002,0.858948357,1.5231839999999999,1.4113555800000002,0.01813454055,0.44060488800000003,1.46963044e-05,2.088731063e-05,0.00023858642999999998,2.2507585319999996e-06,2.696402321e-06,4.8991573500000005e-05,0.0001604539636,9.756453479999999e-06,0.4928383050000001,0.00785961547,0.001233231,70.9482826,51.6637865,3.34234117e-05,6.064632250000001,0.019913426300000002,18.446797699999998,0.0007388907686,6.712737645e-05,0.035420892200000005,56.4384004,0.0007388907686,6.712737645e-05,0.00521186384,16.63901652,0.0007388907686,6.712737645e-05,0.00779440774,17.88053023,0.0007388907686,6.712737645e-05,0.0189842079,0.000617327856,0.000630679277,0.00453960331,-0.45519225100000005,0.0499708307,0.0404388676,0.035054442899999996,3.4870061399999996e-06,0.000259560746
147,1708960200,0.8237535810000001,0.823766944,-0.01326247845,-1.1276198,1.60699909,0.768433894,1.4115806,1.2707637699999998,0.0369068705,0.384977201,1.4466040050000002e-05,1.959683245e-05,0.00021362047599999997,2.4427614420000002e-06,3.0532372300000004e-06,9.84259698e-06,0.000181512345,1.3995846049999997e-05,0.40202773599999997,0.008265531949999998,0.001138286793,70.76901919999999,52.1740536,2.7371894300000003e-05,6.4675277300000005,0.018219333400000003,15.529443200000003,0.0007571249200000001,6.880502517e-05,0.032015540200000005,46.42669299999999,0.0007571249200000001,6.880502517e-05,0.00515016148,15.486080080000002,0.0007571249200000001,6.880502517e-05,0.0071641108,16.57901396,0.0007571249200000001,6.880502517e-05,0.0173062067,0.000552234312,0.0005655373820000001,0.002617597864,0.261614872,0.0500946865,0.038796236899999996,0.03043115003000001,2.667455292e-05,0.000262071623
147,1708960800,0.7810532360000001,0.7810666180000001,-0.0129143747,-1.1385037199999999,1.5627101599999997,0.7477134559999999,1.35840396,1.25808837,0.01195757632,0.340201178,1.49593147e-05,1.4632641149999999e-05,0.000249472449,2.84318921e-06,3.60757847e-06,6.522098890000001e-06,0.00021086438900000002,1.5688684999999997e-05,0.379959684,0.0087660864,0.00129564852,68.5877138,52.4243562,2.59551463e-05,6.66913869,0.018325549099999998,15.9188687,0.0005349249955,4.848980427000001e-05,0.0316438971,45.7987192,0.0005349249955,4.848980427000001e-05,0.004940801369999999,11.92152914,0.0005349249955,4.848980427000001e-05,0.0075239465500000005,13.066989060000001,0.0005349249955,4.848980427000001e-05,0.019065784800000003,0.000622841233,0.000636231547,0.0032201060340000002,-0.46186992300000007,0.0484712029,0.0406054272,0.0352506817,3.50804427e-06,0.00026168207600000003
147,1708961400,0.811338778,0.8113519869999999,-0.0129145042,-1.14076026,1.5723855199999999,0.7619516799999999,1.38225467,1.2841142199999998,0.00902967817,0.34285037199999996,1.416151725e-05,3.817107303e-05,0.000226786795,2.241465575e-06,2.4546068950000003e-06,9.002836164000001e-05,0.0001255505911,1.2469817800000001e-05,0.394916005,0.0089847094,0.00126999267,71.572105,52.33062799999999,2.6964714799999997e-05,6.39329665,0.018811337899999996,16.7078749,0.0007732075850000001,7.02792543e-05,0.032465089200000005,48.025526799999994,0.0007732075850000001,7.02792543e-05,0.005186467209999999,16.173575339999996,0.0007732075850000001,7.02792543e-05,0.00785475416,17.533343100000003,0.0007732075850000001,7.02792543e-05,0.0191512439,0.000630927407,0.000644200876,-0.00301241497,-0.454633231,0.05041036010000001,0.040880737900000005,0.0354091545,3.72623635e-06,0.000266310408
147,1708962000,1.1945074599999999,1.194520744,-0.012425497769999998,-1.27274297,1.79442977,0.9438119,1.6167118000000003,1.51459623,0.013233145650000003,0.503864895,1.757194205e-05,2.22219048e-05,0.000246309874,5.707414480000001e-06,7.3870350599999994e-06,5.2277055300000006e-05,0.000182347235,3.04821926e-05,0.5888224099999999,0.00657161542,0.0013082587299999998,67.0132522,51.273685,3.9668616400000005e-05,6.629138900000001,0.021141227699999997,20.612897,0.0012459569700000001,0.00011356258049999999,0.037978121999999996,64.6962113,0.0012459569700000001,0.00011356258049999999,0.0055571425899999995,24.049197500000002,0.0012459569700000001,0.00011356258049999999,0.00817921033,25.7611221,0.0012459569700000001,0.00011356258049999999,0.019125140700000005,0.0006277766339999999,0.0006410060260000001,-0.005640405527,-0.448454626,0.0511085794,0.040742668600000004,0.0353228659,3.79660302e-06,0.00026428927499999995
147,1708962600,1.4330296900000001,1.4330428100000001,-0.009295168150000001,-1.32922577,1.9289464100000004,1.0499717700000002,1.7597037400000002,1.65597556,0.00783780038,0.586522733,1.67333018e-05,3.8158705400000005e-05,0.00023015690499999996,5.286990637e-06,7.64635558e-06,5.54135631e-05,0.0001760985738,2.8527163570000006e-05,0.708342808,0.006319232459999999,0.00130761693,67.2164285,50.9622746,4.76225605e-05,6.40418494,0.0225897487,23.1885617,0.0015356397335999999,0.00014010089070000002,0.0413496363,75.38758349999999,0.0015356397335999999,0.00014010089070000002,0.005834054399999999,30.581525929999998,0.0015356397335999999,0.00014010089070000002,0.008443266130000002,32.15746275,0.0015356397335999999,0.00014010089070000002,0.0192217639,0.000631777341,0.000644887554,-0.0059029433,-0.448631813,0.050186160599999995,0.040821782,0.035377697799999996,3.81792144e-06,0.00026552146700000004
147,1708963200,1.32044583,1.3204590900000002,-0.010842182280000001,-1.3147863000000002,1.87385721,1.0041686699999999,1.69388921,1.58359835,0.02576924886,0.560420099,1.623607375e-05,4.000389855e-05,0.00022804732299999998,4.109322242e-06,5.472065895e-06,5.6294655700000007e-05,0.0001646824627,2.43773685e-05,0.652169313,0.006221932130000001,0.00130574111,68.11903889999999,51.0352692,4.38913109e-05,6.50298268,0.021873587499999996,21.7463132,0.0013403452140000002,0.0001222080771,0.0398462596,70.52763580000001,0.0013403452140000002,0.0001222080771,0.00568471594,26.86437964,0.0013403452140000002,0.0001222080771,0.0083135872,28.584144470000002,0.0013403452140000002,0.0001222080771,0.0191220604,0.000626311141,0.000639493736,-0.008066968060000002,-0.46917423999999996,0.049295307100000005,0.0405752891,0.0352385332,3.7685671400000013e-06,0.000264480021
147,1708963800,0.83344352,0.8334567119999999,-0.014334806799999999,-1.2156727200000002,1.55089736,0.7818183240000001,1.3763670200000002,1.2735763900000001,0.01407620346,0.353787144,1.580439985e-05,1.842336285e-05,0.0002522303,3.3301352364999998e-06,4.42105611e-06,3.1979463900000004e-05,0.00018189634849999998,1.5741773370000002e-05,0.40847922299999995,0.0064327141000000004,0.00129866095,68.6362899,51.7311775,2.7697450599999996e-05,6.43601484,0.018875733899999997,16.5556426,0.0006977878449999999,6.335531400000001e-05,0.0328163264,49.217977000000005,0.0006977878449999999,6.335531400000001e-05,0.005088171880000001,14.247383430000003,0.0006977878449999999,6.335531400000001e-05,0.007808327129999999,15.875397000000001,0.0006977878449999999,6.335531400000001e-05,0.0192067476,0.000632245796,0.000645431273,-0.007566986570000001,-0.477850682,0.0490057047,0.0408126979,0.0354924546,3.41029943e-06,0.000266583935
147,1708964400,0.7080541909999999,0.708067459,-0.015031168850000002,-1.16237281,1.46494469,0.714676683,1.2883143599999998,1.18934879,0.007106340730000001,0.298722955,1.44862401e-05,1.8852824e-05,0.00024921799,2.8434048530000003e-06,3.073914257e-06,2.2178367539999998e-05,0.00018540092259999999,1.157221481e-05,0.345281146,0.0069578824299999995,0.00129351039,70.7294532,52.1218224,2.35341007e-05,6.311945939999999,0.0179971206,15.1808225,0.0006255632080000001,5.6745600600000004e-05,0.030788065799999997,43.5669338,0.0006255632080000001,5.6745600600000004e-05,0.0050359689800000005,13.1178251,0.0006255632080000001,5.6745600600000004e-05,0.007730047710000002,14.3724682,0.0006255632080000001,5.6745600600000004e-05,0.0191948673,0.000630784032,0.0006440243260000001,-0.010465068099999999,-0.479063045,0.04875854689999999,0.0406637626,0.0353567867,3.3197229599999996e-06,0.000264088498
147,1708965000,0.598026595,0.598039777,-0.017468722800000003,-1.13347549,1.36425414,0.654641479,1.196024,1.09207082,0.006768538270000001,0.25754970900000007,1.363060745e-05,1.6530940329999998e-05,0.000251713562,1.033471982e-06,1.279275238e-06,1.879696619e-05,0.000185552125,6.501059809999999e-06,0.290068607,0.00716150933,0.0013008630299999999,75.89272600000001,52.574633399999996,1.98848153e-05,6.39761463,0.0172947934,14.08221255,0.0005195044490000001,4.70418784e-05,0.0289328446,38.862334,0.0005195044490000001,4.70418784e-05,0.00492327132,11.49883171,0.0005195044490000001,4.70418784e-05,0.007666251930000001,12.74752842,0.0005195044490000001,4.70418784e-05,0.019270593,0.0006350095300000001,0.000648198135,-0.0030237173700000002,-0.48407373,0.049089659699999996,0.0408909943,0.0355967413,3.3748575400000002e-06,0.000267627951
147,1708965600,0.585218542,0.5852316820000001,-0.014521318299999999,-1.17514732,1.32495294,0.6521740770000001,1.1735233399999998,1.0742953,0.00481331812,0.246100479,1.422608285e-05,2.2915185240000002e-05,0.00024349619399999998,2.2918801e-06,2.4217800300000005e-06,1.41005781e-05,0.00019626905700000004,1.2198801150000001e-05,0.285257118,0.0055524441,0.00130386628,71.7714024,52.0995719,1.9433032099999998e-05,6.691772730000001,0.017222477899999998,13.963685299999998,0.00041480784300000005,3.7518398559999995e-05,0.028650777199999995,38.1320798,0.00041480784300000005,3.7518398559999995e-05,0.00480408181,9.988394909999998,0.00041480784300000005,3.7518398559999995e-05,0.007494825950000001,11.282921949999999,0.00041480784300000005,3.7518398559999995e-05,0.019183746300000002,0.000630125372,0.00064333575,-0.0067090301049999995,-0.47728497700000005,0.049169960400000004,0.040703477599999996,0.0353801095,3.27598296e-06,0.000263488707
147,1708966200,0.5677733939999998,0.567786686,-0.01137092545,-1.2179129300000002,1.2951395300000001,0.647849071,1.1470100300000001,1.0499570500000002,0.004786306650000001,0.23772118200000003,1.4649115300000001e-05,2.0993732469999998e-05,0.00024205697700000004,1.974536246e-06,2.493360342e-06,2.4147179929999998e-05,0.00018577422049999997,9.18665022e-06,0.27788899699999997,0.00423839555,0.0012711716700000001,70.1071881,51.6727534,1.88716183e-05,6.35296717,0.0171396457,13.8209738,0.00036475078559999993,3.287138543000001e-05,0.028387043200000007,37.4372976,0.00036475078559999993,3.287138543000001e-05,0.004774802690000001,9.017606879999999,0.00036475078559999993,3.287138543000001e-05,0.007427679250000001,10.149693850000002,0.00036475078559999993,3.287138543000001e-05,0.019033880399999998,0.000622843946,0.000636105398,-0.00971076697,-0.468202154,0.0484828226,0.0405258206,0.035198196,3.2057523800000003e-06,0.000261614298
147,1708966800,0.533050837,0.533064254,-0.002853371769,-1.18520955,1.27166383,0.62316932,1.11877166,1.0250188139999998,0.005201774879999999,0.22123076300000002,1.44714429e-05,1.780913489e-05,0.00024988697700000005,1.600667081e-06,1.6708238920000002e-06,9.12631336e-06,0.00020552601200000002,7.81438714e-06,0.260439835,0.004297404660000001,0.0012936466400000001,71.3478355,51.810056900000006,1.7722396100000002e-05,6.442603910000001,0.016990269800000003,13.7067298,0.000515433331,4.667867547e-05,0.027821967000000003,36.1298144,0.000515433331,4.667867547e-05,0.0048757548,10.61952095,0.000515433331,4.667867547e-05,0.00757140519,12.061678850000002,0.000515433331,4.667867547e-05,0.0192474761,0.000637160126,0.0006505184229999999,-0.007306329460000001,-0.463143999,0.048740598700000005,0.0410648955,0.035613384299999995,3.2853819300000002e-06,0.000267182605
147,1708967400,0.58701241,0.5870257759999999,0.00038579409740999995,-1.2044539399999998,1.32060281,0.657231802,1.17416084,1.07583285,0.00392547579,0.24241116599999998,1.4421681300000002e-05,1.957165079e-05,0.00024886984,2.1780922850000002e-06,2.453939582e-06,6.28691952e-05,0.0001548548386,1.0193018659999998e-05,0.28704294500000005,0.00466109467,0.00129973339,70.1585165,51.733937600000004,1.95089368e-05,6.39540549,0.017532472900000002,14.484294499999999,0.0004221781095,3.8217721005e-05,0.028910664800000003,38.7889857,0.0004221781095,3.8217721005e-05,0.00473569208,9.1615358,0.0004221781095,3.8217721005e-05,0.007443540130000001,10.424468639999999,0.0004221781095,3.8217721005e-05,0.0192474959,0.000638598526,0.000652012995,-0.0066673604999999995,-0.45820403700000006,0.0492814807,0.04112939559999999,0.035707178299999996,3.13288246e-06,0.00026707697500000005
147,1708968000,0.6100241080000001,0.6100376639999999,0.0023388450290000003,-1.20460978,1.358329,0.6693173539999999,1.1970365299999997,1.0985585099999997,0.0038336555599999995,0.253282383,1.4671703549999997e-05,1.766838614e-05,0.000253408937,1.736333544e-06,2.218164266e-06,3.2929073949999996e-05,0.00018306962099999996,9.85268288e-06,0.298469231,0.0047200978499999996,0.0013203352300000001,70.6176366,51.6984174,2.02689145e-05,6.38632389,0.017597618199999998,14.613072500000001,0.000564360501,5.1141649800000005e-05,0.029305939799999996,39.7936311,0.000564360501,5.1141649800000005e-05,0.0049747339,11.79525842,0.000564360501,5.1141649800000005e-05,0.0077121118,13.168788769999997,0.000564360501,5.1141649800000005e-05,0.0193276001,0.000643376396,0.000656806152,-0.008691263500000001,-0.46494928,0.049383221399999996,0.0412460681,0.035808015000000006,3.11371284e-06,0.000268750733
147,1708968600,0.725276856,0.725290295,-0.0018493088470000001,-1.2500654900000001,1.4406439800000002,0.733610146,1.27016376,1.1668481200000003,0.01128125114,0.31026973100000005,1.5040014600000001e-05,2.1229456000000004e-05,0.00025269339,2.60887793e-06,2.88115431e-06,2.949384945e-05,0.000190426932,1.1221413680000001e-05,0.35584462899999997,0.00495972045,0.00132150339,69.94063249999999,51.61637579999999,2.41028677e-05,6.32658779,0.0183924592,15.82211845,0.000680863143,6.180468230000001e-05,0.0311086046,44.9118893,0.000680863143,6.180468230000001e-05,0.0051188326,14.38792057,0.000680863143,6.180468230000001e-05,0.007851582719999998,15.7957671,0.000680863143,6.180468230000001e-05,0.0194124201,0.000647962863,0.000661464721,-0.007959084920000001,-0.4649088539999999,0.0495599872,0.0413397938,0.03589003289999999,3.5452923299999997e-06,0.00027166312099999995
147,1708969200,0.7035022989999999,0.703515854,-0.00306282422,-1.27262656,1.4077179599999998,0.729733996,1.26108848,1.16156046,0.010606270179999999,0.29212483899999997,1.429077925e-05,1.773681144e-05,0.00025312031699999994,1.5692391550000002e-06,1.9316829329999995e-06,1.808710161e-05,0.00019797489500000001,9.156251420000001e-06,0.34460348100000004,0.00532896143,0.0013182707599999999,72.1924549,51.693069200000004,2.33889031e-05,6.31410712,0.018263934599999997,15.4978448,0.000668241224,6.0647696100000006e-05,0.030752248700000002,43.6214055,0.000668241224,6.0647696100000006e-05,0.0051125562,13.739303800000002,0.000668241224,6.0647696100000006e-05,0.007817303270000001,15.061632699999999,0.000668241224,6.0647696100000006e-05,0.0193550264,0.000643415708,0.0006569529799999999,-0.00434954478,-0.46878079799999994,0.0490067225,0.0412336356,0.0358493095,3.27933725e-06,0.000269957586
147,1708969800,0.6694943830000001,0.6695078999999999,-0.00395498134,-1.2622253899999998,1.38472978,0.712495766,1.23333765,1.1376347299999998,0.005911733000000001,0.276279679,1.5022098199999999e-05,2.1033371999999998e-05,0.000251047395,2.584072333e-06,2.7947326180000005e-06,1.4330033520000001e-05,0.00020404935100000002,1.0518937250000002e-05,0.32733270299999995,0.005590952440000001,0.00131561063,71.5148741,51.8203532,2.22534864e-05,6.4246080899999995,0.018054524,15.177513600000001,0.0005655813829999999,5.1243218049999996e-05,0.030275080599999997,42.2695826,0.0005655813829999999,5.1243218049999996e-05,0.004907881249999999,11.52366354,0.0005655813829999999,5.1243218049999996e-05,0.007625031930000001,12.75234733,0.0005655813829999999,5.1243218049999996e-05,0.019378098700000002,0.0006446202449999999,0.0006581489329999999,-0.005180381960000001,-0.46690700300000004,0.050150704899999995,0.0412605576,0.0358108566,3.51426277e-06,0.0002710113829999999
147,1708970400,0.82537776,0.8253912299999999,-0.00227258501,-1.25849028,1.5430971,0.7878902830000001,1.36481668,1.25966344,0.013803119490000001,0.352169365,1.4663175099999997e-05,2.423379207e-05,0.00025039512699999997,2.042701733e-06,2.928452937e-06,1.987028012e-05,0.000201691559,1.366718784e-05,0.404537383,0.0062885973299999995,0.00134662651,70.400811,51.6923345,2.7422571199999998e-05,6.49623943,0.0190714331,16.8807124,0.0007934792650000002,7.212929378000002e-05,0.0327318591,49.0669578,0.0007934792650000002,7.212929378000002e-05,0.00531641559,17.58142718,0.0007934792650000002,7.212929378000002e-05,0.00806950213,18.89513302,0.0007934792650000002,7.212929378000002e-05,0.019431683999999998,0.000650369384,0.0006638254290000001,-0.00868489236,-0.466289973,0.0505568453,0.0414658857,0.0360103995,3.3666260400000005e-06,0.000272509315
147,1708971000,0.657007545,0.6570208049999999,-0.0007715429486,-1.2016045100000001,1.4113930599999998,0.696265485,1.2452254800000002,1.14232237,0.00434749537,0.277290394,1.4663642000000001e-05,2.2162645270000002e-05,0.000251435879,2.058552184e-06,2.6840324999999998e-06,2.279342794e-05,0.000196270539,1.0166195050000001e-05,0.320394529,0.0062732846799999995,0.00132666515,71.40755529999998,52.070131200000006,2.18310957e-05,6.4729994500000005,0.0179494309,15.130221,0.0006133298467,5.5635406249999995e-05,0.0300513105,41.7017188,0.0006133298467,5.5635406249999995e-05,0.0049353046800000005,12.39305784,0.0006133298467,5.5635406249999995e-05,0.007713163269999999,13.84017797,0.0006133298467,5.5635406249999995e-05,0.019384411900000002,0.000647326889,0.0006605571970000001,-0.004890215539999999,-0.46582168900000004,0.0494041594,0.041418162800000005,0.0360105183,3.1272938899999998e-06,0.000269713719
147,1708971600,0.616220944,0.616234017,-0.002992050432,-1.2506161500000001,1.35589135,0.6814145460000001,1.18724877,1.09428337,0.00459890996,0.259401487,1.4457624299999999e-05,2.2352280269999997e-05,0.00022508159017,2.25006734e-06,2.5563591039999997e-06,2.274864277e-05,0.00018262657928,1.044119793e-05,0.300139438,0.006286975,0.001214579436,71.60064059999999,52.2033285,2.04751016e-05,6.57243426,0.0172409675,14.09069907,0.0007090604678,6.442506816e-05,0.028885481299999998,38.5641991,0.0007090604678,6.442506816e-05,0.00506155117,14.458752579999999,0.0007090604678,6.442506816e-05,0.00727642412,15.6584277,0.0007090604678,6.442506816e-05,0.017852519530000003,0.0005876983647999999,0.0006008149587000001,0.0070559783200000005,-0.363212357,0.044876294170000004,0.03734353586,0.032316126279999996,2.8396028370000003e-06,0.00024557222033999993
147,1708972200,0.779483562,0.779496809,-0.01121635705,-1.5293427800000001,1.3298280999999998,0.7970598289999999,1.2180371600000002,1.149035089,0.01742790392,0.337166087,1.361196525e-05,6.02873234e-07,5.775330639999998e-07,1.0113429899999998e-06,1.419352498e-06,1.8164652199999997e-06,4.073827135e-06,7.78244255e-06,0.383851974,0.005803899990000001,6.811413939999999e-05,70.8242405,51.6385605,2.5929042900000005e-05,5.8511310299999995,0.013798978049999999,8.31954301,0.0009572288455,8.719367352e-05,0.028501314,33.9931162,0.0009572288455,8.719367352e-05,0.0051913583,19.52156511,0.0009572288455,8.719367352e-05,0.00231218619,19.461502559999996,0.0009572288455,8.719367352e-05,0.00367198241,2.747201e-06,1.59775636e-05,0.062293285399999995,1.977905226,0.00542490441,-0.000892256583,-0.0015791427100000002,8.703639510000001e-07,9.593439649999999e-06
147,1708972800,0.7491249919999999,0.7491383070000001,-0.011616412599999999,-1.52150078,1.28617677,0.782107578,1.20749936,1.14097231,0.00910622136,0.31278243699999997,1.465069705e-05,1.5515468710000002e-06,1.6232489796e-06,2.40810631e-06,2.734295423e-06,3.4211069119999994e-06,6.089600307e-06,1.130567293e-05,0.368471023,0.00599701816,6.38384372e-05,69.534959,51.7462603,2.4914212699999997e-05,6.09880427,0.013339472400000002,7.7663027,0.0003181480038,2.864424314e-05,0.0277773281,32.06978840000001,0.0003181480038,2.864424314e-05,0.00467258256,8.843139848,0.0003181480038,2.864424314e-05,0.001794009244,8.419491259599999,0.0003181480038,2.864424314e-05,0.0037035794999999995,3.2319731300000003e-06,1.6466043849999997e-05,0.030733320902,0.7418684833,0.00466991841,-0.0008067713599999998,-0.0014841883900000002,9.6897689e-07,9.117720979999999e-06
147,1708973400,0.614287872,0.6143012540000001,-0.01317389355,-1.55471128,1.15859788,0.717842195,1.08790823,1.0289189200000002,0.00454699359,0.253830098,1.4439636499999998e-05,1.259949558e-06,1.2774023789999999e-06,1.8366391250000003e-06,2.2045860180000003e-06,2.748594912e-06,5.040412308e-06,8.837378699999999e-06,0.30055296600000003,0.006511683659999999,5.50107559e-05,73.258477,52.1642681,2.0431770399999997e-05,6.102113650000001,0.0122360079,6.43922609,0.000679409544,6.173324370000001e-05,0.0253223929,26.310121600000002,0.000679409544,6.173324370000001e-05,0.00499404548,13.780505400000001,0.000679409544,6.173324370000001e-05,0.0020394880699999996,13.59527574,0.000679409544,6.173324370000001e-05,0.00368493786,2.4958859900000003e-06,1.58999743e-05,0.009568140299999998,0.6164634689999999,0.0035733872799999997,-0.001063947892,-0.00170986805,8.62554008e-07,8.87463951e-06
147,1708974000,0.70216786,0.702181315,-0.0123523392,-1.54742341,1.3078524100000002,0.761816219,1.15177269,1.0921458200000003,0.011968484659999997,0.31450259799999997,1.4479680400000003e-05,1.292971099e-06,1.42293171e-06,2.329178136e-06,2.62864304e-06,3.5808341070000003e-06,6.713690079999999e-06,1.322218766e-05,0.344797339,0.00617224874,8.20636756e-05,71.02591149999999,51.855796399999996,2.3329496299999998e-05,6.3987270999999994,0.0130731979,7.43190571,0.0010181283060000002,9.276876179999998e-05,0.0270939941,30.472360199999997,0.0010181283060000002,9.276876179999998e-05,0.00522327902,18.75776829,0.0010181283060000002,9.276876179999998e-05,0.00230121559,18.78154887,0.0010181283060000002,9.276876179999998e-05,0.003741382449999999,3.45203239e-06,1.6915203399999998e-05,-0.07933583504999998,3.6069997816000003,0.0062173379300000005,-0.0007046623520000001,-0.0014324558140000002,1.283759074e-06,1.196300621e-05
147,1708974600,1.0548513259999999,1.0548648040000002,-0.0099098781,-1.48977384,1.54609717,0.9273941499999999,1.4545569400000002,1.3731044000000001,0.01261416163,0.43720282600000004,1.56052045e-05,2.542869802e-06,2.6907907200000004e-06,3.48450652e-06,4.75678831e-06,6.37593376e-06,1.134796327e-05,2.20798166e-05,0.519961373,0.00730273391,0.00010580751100000002,67.8878877,51.43074729999999,3.50552479e-05,6.54951128,0.016125571149999997,11.276595850000001,0.0014087111640000002,0.0001285366224,0.0334150705,46.0309386,0.0014087111640000002,0.0001285366224,0.00555513795,26.62161149,0.0014087111640000002,0.0001285366224,0.00276868489,26.78026474,0.0014087111640000002,0.0001285366224,0.0037137616899999997,3.1221130699999995e-06,1.6595917099999996e-05,0.03399611351,1.402555597,0.00608452198,-0.000753524096,-0.0014780397959999999,8.761459639999999e-07,9.760569999999999e-06
147,1708975200,0.716954348,0.7169676669999999,-0.0106811791,-1.4981371600000002,1.28493922,0.769489485,1.2056618000000001,1.13268456,0.005230107719999999,0.298361819,1.4985521300000003e-05,1.913471993e-06,2.022769365e-06,2.687852333e-06,3.2841603360000004e-06,4.265170390000001e-06,7.430953480000002e-06,1.3494855169999999e-05,0.35044414200000007,0.007928109780000001,6.793681539999998e-05,68.51472549999998,52.245605,2.38337397e-05,6.373171040000001,0.01318532295,7.5701589,0.0007057056781999999,6.413900025e-05,0.027346403600000003,30.702142200000004,0.0007057056781999999,6.413900025e-05,0.00504082492,14.803603210000002,0.0007057056781999999,6.413900025e-05,0.0021464021199999995,14.57850368,0.0007057056781999999,6.413900025e-05,0.0036777019700000003,2.68142704e-06,1.5968697499999998e-05,0.0349211396,0.7937816709999999,0.00489015249,-0.000957653849,-0.00162245126,7.71498574e-07,8.71955678e-06
147,1708975800,0.6656157199999999,0.665628963,-0.01070639605,-1.4356108200000002,1.27301385,0.734241888,1.18413616,1.11119644,0.00573607761,0.280814019,1.4429818400000001e-05,1.4320379550000002e-06,1.566930337e-06,2.351411334e-06,2.494043062e-06,3.3545137579999995e-06,6.05976764e-06,1.098364668e-05,0.325288382,0.0074261673200000005,6.37850731e-05,71.0228589,52.2663793,2.21288485e-05,6.18151877,0.0126114984,7.03039387,0.0003299301645,2.9710646189999996e-05,0.0264423494,28.6884594,0.0003299301645,2.9710646189999996e-05,0.00481243763,10.07114444,0.0003299301645,2.9710646189999996e-05,0.00189755524,9.66545409,0.0003299301645,2.9710646189999996e-05,0.0036969455900000003,3.3740922e-06,1.6512972699999997e-05,0.015277361549999997,1.104121132,0.0052787354799999995,-0.000709129308,-0.001409860336,1.0861086040000002e-06,9.57433401e-06
147,1708976400,0.622983802,0.6229971320000001,-0.0102678986,-1.41362977,1.2325501399999998,0.708234234,1.14749752,1.0801079599999999,0.00521534037,0.259498854,1.4051878800000001e-05,9.441801939999999e-07,9.660505706e-07,1.418549386e-06,1.8960114470000003e-06,2.464578424e-06,4.91090071e-06,8.72918844e-06,0.304638298,0.006774073980000001,5.72680026e-05,72.25499939999999,52.20710919999999,2.0714825599999998e-05,6.1123175,0.0122276581,6.615833140000001,0.0006302786679999999,5.723065435e-05,0.025562250399999997,26.8281019,0.0006302786679999999,5.723065435e-05,0.00504989075,13.482881760000001,0.0006302786679999999,5.723065435e-05,0.0020982351499999998,13.27042865,0.0006302786679999999,5.723065435e-05,0.00367652495,2.4240374e-06,1.5748435499999997e-05,0.0681046931,0.778024444,0.0043213698100000005,-0.00108777926,-0.00173853899,8.31450585e-07,8.60248206e-06
147,1708977000,0.662518927,0.662532226,-0.0110046196,-1.44147704,1.2744764,0.733129773,1.1785859699999999,1.10665879,0.004602979959999999,0.279404412,1.4763565400000001e-05,1.690671691e-06,1.7654953330000002e-06,2.558004892e-06,2.7055108370000004e-06,3.3937343550000004e-06,5.898150296999999e-06,1.0268653479999999e-05,0.32428188599999996,0.00689662267,5.119866649999999e-05,70.4077846,52.122188200000004,2.20383044e-05,6.027822089999999,0.01247640065,6.85581617,0.00038426459049999996,3.46806989e-05,0.0263102911,28.390257499999997,0.00038426459049999996,3.46806989e-05,0.00473308674,9.137175,0.00038426459049999996,3.46806989e-05,0.0018113123299999998,8.84019119,0.00038426459049999996,3.46806989e-05,0.0037026648800000004,3.1577479100000002e-06,1.64140413e-05,0.0254512847,0.6926862246999999,0.00509218388,-0.0007799447509999999,-0.001479790205,1.029033711e-06,9.86646467e-06
147,1708977600,0.666004751,0.6660178470000001,-0.011484239249999998,-1.4997896400000001,1.23731276,0.7398664039999999,1.1542477000000002,1.0875331840000002,0.0087711904,0.27800857,1.4196393200000001e-05,1.339178634e-06,1.3928676469999999e-06,1.8802231800000002e-06,2.47064944e-06,3.1887255840000005e-06,6.0356396200000004e-06,1.095377869e-05,0.32632351000000004,0.006589203660000001,6.1211409e-05,69.7530448,52.0376884,2.2140352799999997e-05,6.3785222599999996,0.01270387155,7.045149499999999,0.00047214333609999995,4.277329621e-05,0.026434355599999997,28.798832100000006,0.00047214333609999995,4.277329621e-05,0.004811872829999999,10.742637290000001,0.00047214333609999995,4.277329621e-05,0.0019079444900000002,10.463776120000002,0.00047214333609999995,4.277329621e-05,0.00364086831,2.373659e-06,1.54529606e-05,0.05859655469999999,0.6920132468,0.00377999879,-0.001064036853,-0.00172851257,7.84905678e-07,8.44883418e-06
147,1708978200,0.4853970019999999,0.485410028,-0.013789590499999999,-1.4608714,1.09203337,0.6302208420000001,1.00506817,0.94060372,0.0045160476300000005,0.20698637199999997,1.359727425e-05,7.43297018e-07,8.75649604e-07,1.6103199479999998e-06,1.73241599e-06,2.3996575209999996e-06,4.90868254e-06,9.281951229999999e-06,0.235769089,0.00683904685,6.81435695e-05,73.03231939999999,52.8640627,1.612527365e-05,6.4117016399999995,0.0108291677,5.21555654,0.00033986474759999997,3.065743562000001e-05,0.0225225946,20.861523599999998,0.00033986474759999997,3.065743562000001e-05,0.00461173703,7.86859486,0.00033986474759999997,3.065743562000001e-05,0.0016239791,7.5588332399999985,0.00033986474759999997,3.065743562000001e-05,0.00368003216,3.04274818e-06,1.609787625e-05,0.06583931824,1.2102579778,0.0053880672899999996,-0.000841446207,-0.00156713617,1.1120118e-06,9.61383353e-06
147,1708978800,0.8330240160000001,0.833037094,-0.010905712100000001,-1.5059442100000002,1.3662792,0.8217290609999999,1.2816766199999998,1.1953114939999998,0.018201515220000002,0.351346959,1.5011811799999999e-05,2.2417157900000004e-06,2.277612647e-06,2.8026258810000002e-06,3.580095208e-06,4.391199131e-06,7.265768960000001e-06,1.3055996799999999e-05,0.409822414,0.0066004759299999995,5.1527610199999995e-05,70.66669049999999,51.7484511,2.7711686000000003e-05,5.968138949999999,0.014123275300000002,8.750200459999999,0.0007072878010000001,6.42763637e-05,0.0293483228,36.0019166,0.0007072878010000001,6.42763637e-05,0.00501059804,14.36258802,0.0007072878010000001,6.42763637e-05,0.0021870763899999998,14.20161601,0.0007072878010000001,6.42763637e-05,0.0036464841,2.60367546e-06,1.5660232700000002e-05,0.026647515224000003,2.5786090969,0.007091326740000001,-0.0009903818959999997,-0.00165420165,8.45294234e-07,9.021995699999999e-06
147,1708979400,0.605557312,0.60557047,-0.011000269099999998,-1.46470593,1.20071166,0.702354293,1.1199341900000002,1.0513821,0.00454701589,0.250406832,1.42064728e-05,1.2741956530000002e-06,1.309910117e-06,1.9025881030000002e-06,2.29843171e-06,3.0440773099999994e-06,5.480490549999999e-06,1.0057936e-05,0.295590377,0.0071039689299999985,5.780928779999999e-05,71.81883699999999,52.38598300000001,2.0131747599999994e-05,6.21819343,0.012058360399999999,6.38230105,0.0007051174062999999,6.410589994e-05,0.025149074899999995,25.924624899999998,0.0007051174062999999,6.410589994e-05,0.00491718661,13.775313019999999,0.0007051174062999999,6.410589994e-05,0.0019991518600000003,13.640165009999999,0.0007051174062999999,6.410589994e-05,0.0036413315799999997,2.3830750399999998e-06,1.54806608e-05,0.024833855183,0.6954726212000001,0.0038579119600000004,-0.001084265605,-0.00171558164,7.831485730000001e-07,8.797903149999998e-06
147,1708980000,0.593787439,0.5938006820000001,-0.00857324747,-1.46481797,1.1858237100000002,0.697017832,1.11029641,1.04260684,0.0035961545999999996,0.24555132699999999,1.441052195e-05,1.39874622e-06,1.5209430840000001e-06,2.289915912e-06,2.497504456e-06,3.22837006e-06,5.86293489e-06,1.07586877e-05,0.289979292,0.00683000704,5.5569177100000005e-05,70.1856188,52.33005579999999,1.97347481e-05,6.35926428,0.011966919,6.29199599,0.000654083674,5.94211379e-05,0.024952989199999998,25.550685899999998,0.000654083674,5.94211379e-05,0.00489657471,12.50688886,0.000654083674,5.94211379e-05,0.00195537481,12.37935065,0.000654083674,5.94211379e-05,0.00369736752,3.17598484e-06,1.63658226e-05,0.029055288049999996,0.783582185,0.0038874622999999996,-0.00086868894,-0.0015137111700000002,9.702629350000002e-07,9.0514063e-06
147,1708980600,0.585423149,0.585436348,-0.008593452699999999,-1.46905167,1.1853736700000002,0.6916670920000001,1.10279617,1.0344315899999998,0.00359106384,0.24674754699999996,1.3730270000000001e-05,7.227481389999999e-07,7.34961544e-07,1.2260359130000001e-06,1.5238268619999997e-06,1.910892353e-06,3.982507810000001e-06,7.29800638e-06,0.286215611,0.006425464279999999,5.2481703499999995e-05,73.2070865,52.22947430000001,1.94686314e-05,6.21391725,0.011867029300000002,6.1807615,0.000472305895,4.275913090000001e-05,0.024772639899999997,25.1828634,0.000472305895,4.275913090000001e-05,0.00484059463,10.77960853,0.000472305895,4.275913090000001e-05,0.00188504722,10.49393404,0.000472305895,4.275913090000001e-05,0.00365850365,2.4429652800000004e-06,1.56481733e-05,0.032870026077,0.760283245,0.0042334391999999995,-0.0010738916120000002,-0.0017136759499999997,7.97123751e-07,8.6745614e-06
147,1708981200,0.8256666859999999,0.825679882,-0.0066667709000000006,-1.4886480199999998,1.38214215,0.8199174790000001,1.28771431,1.2128995400000002,0.00971886906,0.349138275,1.538933055e-05,2.5146976499999996e-06,2.672811139e-06,3.6894537520000004e-06,4.189649859e-06,5.29415502e-06,9.128406030000001e-06,1.6966344720000002e-05,0.40683668700000003,0.00588412295,6.5842224e-05,69.01714439999999,51.493649100000006,2.7448857199999996e-05,6.13135443,0.0142264478,8.80284896,0.001042155589,9.49663823e-05,0.0295425618,36.0895735,0.001042155589,9.49663823e-05,0.00517982379,18.976742500000004,0.001042155589,9.49663823e-05,0.002333402,19.045899099999996,0.001042155589,9.49663823e-05,0.0037130545700000002,3.3792259e-06,1.6616412500000003e-05,0.0443175094,0.721172268,0.0051555436000000005,-0.0007027081270000001,-0.001455805245,1.0154090780000002e-06,9.442451640000001e-06
147,1708981800,0.6488964779999999,0.6489097819999999,-0.008588798400000002,-1.48019489,1.2411378800000001,0.7295668459999999,1.15083516,1.0767703800000001,0.011854820450000001,0.275039783,1.491348565e-05,1.895929036e-06,2.020911833e-06,2.605717397e-06,3.3983940429999996e-06,4.483133813e-06,7.96718439e-06,1.4853932e-05,0.31789898400000005,0.00644035501,6.995345449999999e-05,68.1218832,52.03404959999999,2.15604883e-05,6.40597989,0.0124911238,6.827485520000001,0.0005617304184999999,5.0951774599999994e-05,0.026031460200000002,27.9158953,0.0005617304184999999,5.0951774599999994e-05,0.004834279259999999,11.46211523,0.0005617304184999999,5.0951774599999994e-05,0.00191543883,11.26478883,0.0005617304184999999,5.0951774599999994e-05,0.00366076419,2.43708235e-06,1.56453532e-05,0.009045438599999999,1.260678928,0.00504295712,-0.0010879513483999998,-0.00173317298,8.52091938e-07,9.09003595e-06
147,1708982400,0.583577275,0.583590391,-0.010411329100000002,-1.4668388499999998,1.16699814,0.6904459430000001,1.09897105,1.0322940200000001,0.0027654233500000003,0.23921529800000002,1.3747236549999998e-05,8.065864799999999e-07,8.322660250000001e-07,1.238100616e-06,1.62878441e-06,2.086037552e-06,4.088596733e-06,7.6148094e-06,0.285274084,0.006442570859999999,5.293474570000001e-05,71.8034395,52.2353078,1.94046887e-05,6.036982,0.01188113895,6.17808272,0.0006609236570000001,6.00479376e-05,0.0247575872,25.1442601,0.0006609236570000001,6.00479376e-05,0.00491531619,12.56680953,0.0006609236570000001,6.00479376e-05,0.0019702359499999995,12.44179562,0.0006609236570000001,6.00479376e-05,0.003645969600000001,2.2012065800000004e-06,1.5362474349999997e-05,0.039636675760000004,0.58154529,0.003231597812999999,-0.001170542431,-0.0017958657399999999,7.142139189999999e-07,8.24114045e-06
147,1708983000,0.601932713,0.601945844,-0.0098744383,-1.4640479100000001,1.18796123,0.7013139610000001,1.1148715400000002,1.04969451,0.00411472836,0.24830675600000002,1.4279218949999998e-05,1.3535943430000002e-06,1.4617691504000001e-06,2.3408499830000003e-06,2.4760632610000003e-06,3.1644328680000004e-06,5.809377020000001e-06,1.033464174e-05,0.294478184,0.00640460507,5.5355206499999996e-05,71.3941298,52.158975299999994,2.00117064e-05,6.093910289999999,0.01198206315,6.29257352,0.0005846875730000001,5.305999820000001e-05,0.025148806699999998,25.951849799999998,0.0005846875730000001,5.305999820000001e-05,0.00482386765,11.276142329999999,0.0005846875730000001,5.305999820000001e-05,0.00190158615,11.0857445,0.0005846875730000001,5.305999820000001e-05,0.0036883051700000004,3.2983884500000003e-06,1.63980959e-05,0.02759173145,0.708839259,0.00381306935,-0.000746992579,-0.0014407559340000001,1.034711628e-06,9.18558495e-06
147,1708983600,0.620559866,0.6205731130000001,-0.009487584900000002,-1.4585953,1.21263702,0.711851828,1.13148452,1.0673201,0.00326512874,0.258066025,1.411700625e-05,1.06637341e-06,1.0789584760000003e-06,1.586184759e-06,1.9054851200000002e-06,2.376532066e-06,4.6533298e-06,8.154061389999999e-06,0.30392694899999995,0.0062821256300000005,4.89009081e-05,72.343579,52.0614549,2.0638272999999998e-05,6.273106759999999,0.012216207949999999,6.54371941,0.0005969825976,5.4196292760000007e-05,0.025535372,26.7428965,0.0005969825976,5.4196292760000007e-05,0.00487175443,12.398622900000001,0.0005969825976,5.4196292760000007e-05,0.0019290057800000003,12.15658357,0.0005969825976,5.4196292760000007e-05,0.0036703007599999996,2.4238012299999996e-06,1.5726692700000002e-05,0.020417805230000002,0.999153114,0.00442943881,-0.0011058303059999998,-0.0017555682,8.544729500000001e-07,9.029598549999999e-06
147,1708984200,0.6494415639999999,0.649454947,-0.009887772450000002,-1.47542374,1.2325876199999999,0.7299785179999999,1.1510226600000002,1.0855831300000003,0.00567179513,0.269903919,1.499825835e-05,1.8677217569999998e-06,2.075461624e-06,2.9666239899999997e-06,3.34404015e-06,4.42414143e-06,7.761348060000002e-06,1.424714708e-05,0.31852051100000006,0.00609516133,6.672516380000001e-05,67.46144790000001,51.91439379999999,2.1579311300000004e-05,6.47845791,0.012634765749999999,6.9774987799999995,0.0003978636002000001,3.595363214e-05,0.0260706422,27.9326929,0.0003978636002000001,3.595363214e-05,0.00481280926,10.23037428,0.0003978636002000001,3.595363214e-05,0.0018786899199999998,9.90575296,0.0003978636002000001,3.595363214e-05,0.00372441019,3.53321647e-06,1.6850281100000003e-05,0.00738452121,0.905813088,0.00477286277,-0.0005794429439999999,-0.0013950578809999998,1.21362195e-06,1.04793234e-05
147,1708984800,0.590914721,0.5909278990000001,-0.010436651750000001,-1.46354121,1.18248611,0.6951348989999999,1.1075213099999999,1.0402817800000002,0.00430687989,0.245467953,1.457594125e-05,1.6044277129999999e-06,1.6957115259999998e-06,2.3303018779999998e-06,2.770367336e-06,3.601211355e-06,6.44530707e-06,1.1380354950000001e-05,0.288483017,0.006887230919999999,5.5833999700000006e-05,71.0310875,52.3510449,1.9637585000000002e-05,6.29943732,0.0120049937,6.33597685,0.000645326893,5.861942514e-05,0.0249346085,25.5357132,0.000645326893,5.861942514e-05,0.00485976226,12.33697471,0.000645326893,5.861942514e-05,0.00190452697,12.22607288,0.000645326893,5.861942514e-05,0.00366397952,2.6978561900000006e-06,1.5892676450000004e-05,0.026567173700000002,0.6568623060000002,0.0037616102200000003,-0.0009247388900000001,-0.00161418418,8.59861338e-07,9.13168655e-06
147,1708985400,0.5409726130000001,0.540985783,-0.01048097905,-1.4001799400000001,1.166735633,0.655788446,1.0711076949999998,1.0005680240000001,0.0065607579,0.23158011500000003,1.4315950900000001e-05,1.322586234e-06,1.494189456e-06,2.3344956899999997e-06,2.4622278000000004e-06,3.2644913399999998e-06,5.77489349e-06,1.064165686e-05,0.263716297,0.0066803849900000005,6.110747320000001e-05,70.6515961,52.6758511,1.7974650499999997e-05,6.50079446,0.0112991149,5.725363959999999,0.0005768445837999998,5.2378599856e-05,0.023607192800000003,23.1438603,0.0005768445837999998,5.2378599856e-05,0.00480617892,11.3294091,0.0005768445837999998,5.2378599856e-05,0.0018274620700000001,11.143063309999999,0.0005768445837999998,5.2378599856e-05,0.0037046542799999997,3.38936002e-06,1.66137996e-05,0.005689291000000001,1.402247203,0.005808765319999999,-0.000666670547,-0.001394593546,1.1424287219999999e-06,1.038775795e-05
147,1708986000,0.351808191,0.35182139999999995,-0.01188371885,-1.39132207,0.970079606,0.5336953949999999,0.8794393529999999,0.8146373560000001,0.00403112259,0.152113196,1.3766616599999998e-05,6.57434981e-07,7.36634316e-07,1.16733351e-06,1.2910789140000002e-06,1.7169154670000001e-06,3.5773895500000003e-06,5.7986056699999994e-06,0.168288377,0.007552354270000001,4.76462297e-05,76.92852309999999,54.31720249999999,1.16904922e-05,6.5284486600000005,0.00921011565,3.84382015,0.00029328956439999995,2.6407637115000002e-05,0.0191022212,14.996732399999999,0.00029328956439999995,2.6407637115000002e-05,0.00452276295,6.566014179999999,0.00029328956439999995,2.6407637115000002e-05,0.001418202,6.232138600000001,0.00029328956439999995,2.6407637115000002e-05,0.0036510885800000005,2.2142367800000008e-06,1.53888077e-05,0.01790713,1.4120038620000002,0.0049464726300000005,-0.001196979553,-0.0018295520399999998,7.79374662e-07,8.6543094e-06
147,1708986600,0.455584306,0.45559767500000004,-0.0122111534,-1.4128808899999998,1.08213303,0.6079433670000001,0.989542709,0.9218531460000001,0.0068995099399999996,0.19738202100000002,1.41674596e-05,9.49987722e-07,1.005855958e-06,1.453529161e-06,1.6261307810000001e-06,2.0804950860000004e-06,4.06003824e-06,6.5785948100000004e-06,0.220095193,0.00763274434,4.5204209e-05,72.58948899999999,53.38338219999999,1.5151955100000002e-05,6.03133259,0.010424394100000001,4.869057159999999,0.000520865096,4.722044169999999e-05,0.0217257545,19.389433500000003,0.000520865096,4.722044169999999e-05,0.0048156643099999995,10.495548070000002,0.000520865096,4.722044169999999e-05,0.0017655217000000002,10.278010829999998,0.000520865096,4.722044169999999e-05,0.0036775331899999994,2.19676237e-06,1.558014495e-05,0.03763920394,1.2062123089999999,0.00545589306,-0.0012404310030000002,-0.0018520108799999998,7.893763139999999e-07,8.91955528e-06
147,1708987200,0.519370095,0.519383453,-0.01286483255,-1.53429068,1.09803352,0.656524471,1.0075432569999998,0.946603889,0.00849187173,0.22264358799999995,1.41026608e-05,8.917902749999999e-07,9.870387750000002e-07,1.7535158800000002e-06,1.78666807e-06,2.4222696950000004e-06,4.74598018e-06,8.64082939e-06,0.25352088600000006,0.00608425214,5.795289769999999e-05,71.4806726,52.416937299999994,1.7262125599999997e-05,6.392146730000001,0.0112755161,5.54998539,0.000533430141,4.8385122445e-05,0.023311855299999996,22.441101299999996,0.000533430141,4.8385122445e-05,0.00477713328,10.524960949999999,0.000533430141,4.8385122445e-05,0.0017726999529999999,10.344102616999999,0.000533430141,4.8385122445e-05,0.0037100842400000006,3.0705622e-06,1.64402139e-05,-0.03396845508,1.5393851175,0.00535427764,-0.000823216232,-0.0015197091526,1.029384722e-06,9.676592509999999e-06
147,1708987800,0.524352282,0.524365536,-0.015432513,-1.48474104,1.123571798,0.643559135,1.0115184039999998,0.9410912170000001,0.014184068939999999,0.23392383999999997,1.3944308699999998e-05,8.588809953999999e-07,8.644182660000002e-07,1.275603615e-06,1.456920442e-06,1.789078268e-06,3.56435954e-06,5.6927437800000006e-06,0.257460393,0.0046533424599999994,4.5984610600000004e-05,71.5950594,52.1890679,1.7441744e-05,5.873833930000001,0.011175399700000001,5.6050926599999995,0.00044697009200000005,4.045080334e-05,0.0230637762,22.6974119,0.00044697009200000005,4.045080334e-05,0.00483354187,10.2984811,0.00044697009200000005,4.045080334e-05,0.0018179401639999999,10.006677194,0.00044697009200000005,4.045080334e-05,0.0036659469299999995,2.2594318699999997e-06,1.553849755e-05,0.0343256349,2.892866997,0.00662189279,-0.001220563613,-0.0018115686450000002,7.66837656e-07,8.874559229999999e-06
147,1708988400,0.307299844,0.307313377,-0.0170274563,-1.1909864399999999,0.948741461,0.47746157799999994,0.8492884249999999,0.784486445,0.00792706658,0.13562100550000003,1.4124957500000002e-05,7.087046940000001e-07,8.89543288e-07,1.6288301299999998e-06,1.4124296529999997e-06,2.10857816e-06,4.394392270000001e-06,6.6914314999999995e-06,0.148132822,0.00544640606,5.2207336e-05,73.1947739,53.716625699999994,1.02072978e-05,6.61688571,0.00847511743,3.3244302600000006,0.0003640615389,3.2858679710000005e-05,0.0177583211,13.083044849999999,0.0003640615389,3.2858679710000005e-05,0.00458027374,6.974006869999999,0.0003640615389,3.2858679710000005e-05,0.0014274280799999998,6.713721400000002,0.0003640615389,3.2858679710000005e-05,0.00375729326,3.5769847099999996e-06,1.70735615e-05,0.020790139540000002,1.757816467,0.00765868294,-0.00074474584,-0.0014445367769999999,1.164132454e-06,1.0941306300000001e-05
147,1708989000,0.18401008759999998,0.184023589,-0.0267207031,-0.87906534,0.739822602,0.343902608,0.654019957,0.5863304030000001,0.006854134469999999,0.0831482983,1.3775755799999998e-05,3.220681129e-07,3.96278704e-07,7.685349599999999e-07,6.67630835e-07,1.026672406e-06,2.4145662950000004e-06,3.0999929900000006e-06,0.0854489017,0.006507457999999999,3.95524783e-05,82.35801849999999,61.175512000000005,6.115025709999999e-06,6.581716569999999,0.0063069944900000004,2.024878723,0.00015945971285,1.417577786e-05,0.0127437679,7.521198119999999,0.00015945971285,1.417577786e-05,0.004235631070000001,3.4305099660000002,0.00015945971285,1.417577786e-05,0.0009624209069999999,3.0641221329999992,0.00015945971285,1.417577786e-05,0.00369241987,2.10109183e-06,1.5605573800000004e-05,-0.0451361662,14.185453979000002,0.00594245437,-0.001351380776,-0.00195790506,9.78790334e-07,1.079464499e-05
147,1708989600,0.07015197459999999,0.07016541559999999,-0.02569226,-0.6604073080000001,0.535666359,0.20988014800000002,0.44836367600000004,0.385586776,0.0023934154549999998,0.0325172589,1.3602287549999998e-05,1.807926602e-07,2.5222919800000003e-07,4.5412451900000003e-07,3.90865046e-07,5.65618504e-07,1.881173837e-06,1.637624912e-06,0.027685235100000004,0.00734941114,3.5563018299999996e-05,88.36405479999999,72.85669500000002,2.3274148000000003e-06,6.83274245,0.003993467929999999,0.817831932,0.0001241653043,1.0958034743999999e-05,0.007585935010000001,2.45950514,0.0001241653043,1.0958034743999999e-05,0.00417867621,2.7248176060000002,0.0001241653043,1.0958034743999999e-05,0.0008032123240000001,2.3574478410000004,0.0001241653043,1.0958034743999999e-05,0.0036729843,1.55013958e-06,1.4972982899999999e-05,-0.038266453799999996,3.633185532,0.0044563214,-0.0016527496699999997,-0.0021974601099999996,7.32357659e-07,8.69484502e-06
147,1708990200,0.0704629449,0.07047633979999998,-0.0258122423,-0.792458593,0.5572670109999999,0.219389704,0.43861339799999993,0.37534895999999995,0.0029237864499999998,0.0356630867,1.348542315e-05,1.037856063e-07,2.1461049739999997e-07,7.37864672e-07,2.8536761899999996e-07,4.2760000200000005e-07,1.76136014e-06,1.358718293e-06,0.0245677294,0.0106223971,3.62636521e-05,96.08076500000001,82.756844,2.33885418e-06,6.8442008,0.0040886102199999995,0.8723780470000001,0.0002209460993,1.9819080515e-05,0.007096032970000001,2.2028142100000005,0.0002209460993,1.9819080515e-05,0.00428621745,4.150389089999999,0.0002209460993,1.9819080515e-05,0.00091998664,3.839130916,0.0002209460993,1.9819080515e-05,0.0037165991800000007,2.58474189e-06,1.598721405e-05,-0.07302323609000001,3.23892266,0.00561764901,-0.001186549457,-0.0018371090920000002,1.117666927e-06,9.833476509999999e-06
147,1708990800,0.0806532844,0.08066663760000001,-0.0247342516,-0.994474597,0.5765801090000001,0.242987859,0.444501072,0.38397421600000003,0.0047366994300000005,0.043968144800000004,1.352923855e-05,1.9447891669999998e-07,2.9788975500000004e-07,5.667466759999999e-07,4.118625489999999e-07,6.05253422e-07,2.15444741e-06,1.952101235e-06,0.030090160200000004,0.0101918849,3.8139103099999995e-05,89.00983900000001,77.3093585,2.6751699099999997e-06,6.81334978,0.004309683409999999,0.9515870170000001,0.00011372900400000003,1.003342813e-05,0.00782189608,2.67799634,0.00011372900400000003,1.003342813e-05,0.00411847537,2.579024063,0.00011372900400000003,1.003342813e-05,0.0007762384890000001,2.2187068180000002,0.00011372900400000003,1.003342813e-05,0.0036671812,1.9448125000000004e-06,1.530414455e-05,-0.001668456000000001,0.9943275810000001,0.0037709126199999997,-0.0013816507699999999,-0.00196764984,7.521168019999999e-07,8.292451739999999e-06
147,1708991400,0.0732252487,0.07323883049999999,-0.0113523595,-1.187775733,0.5127156390000001,0.236358456,0.41536268400000004,0.364211116,0.0032367122699999995,0.0377218328,1.374644485e-05,1.7974795849999998e-07,3.8304669499999995e-07,8.031500790000001e-07,4.1290092300000006e-07,6.437180299999999e-07,2.00357676e-06,1.8773796960000003e-06,0.028838141,0.007728718600000001,3.9078016e-05,88.4732781,72.2053166,2.4286162200000003e-06,6.82946233,0.00442279815,0.90952296,0.00020074329090000002,1.791901723e-05,0.00776257276,2.54807838,0.00020074329090000002,1.791901723e-05,0.00433144641,3.968954299999999,0.00020074329090000002,1.791901723e-05,0.00096309737,3.6563209260000002,0.00020074329090000002,1.791901723e-05,0.00374210964,2.6963196000000007e-06,1.63042555e-05,0.0627446721,6.468196553000001,0.00763643408,-0.00117366477,-0.001780400367,1.070517389e-06,1.09289992e-05
147,1708992000,0.069555671,0.06956917879999999,-0.0405587343,-0.4825925,0.551604339,0.203761346,0.4554514050000001,0.39668710900000004,0.0029739949399999995,0.0341972486,1.369063805e-05,2.1372178819999995e-07,3.41423116e-07,6.08796143e-07,4.01184569e-07,5.90227424e-07,2.0918524000000004e-06,1.7824906719999997e-06,0.02703297,0.007707070780000001,3.14680393e-05,90.89604109999999,72.90922149999999,2.3065692499999997e-06,6.870434449999999,0.004097046409999999,0.8237464290000002,0.00011960096593,1.055135603e-05,0.00754184524,2.3858503099999995,0.00011960096593,1.055135603e-05,0.0041114652800000005,2.474655043,0.00011960096593,1.055135603e-05,0.000749300206,2.138682169,0.00011960096593,1.055135603e-05,0.00368894004,2.12813303e-06,1.5617957749999998e-05,-0.05814830430000001,1.1467735474,0.00378562542,-0.00133739356,-0.0019100624099999998,7.877441200000001e-07,8.93426833e-06
147,1708992600,0.12988962099999998,0.129903304,-0.0356346563,-1.11874881,0.690208554,0.315778433,0.561242133,0.49857772100000003,0.00551200265,0.0640719614,1.3853830400000001e-05,2.183930769e-07,5.219638359999999e-07,1.1978436969999998e-06,8.53039338e-07,1.337391937e-06,3.844504130000001e-06,3.4977576300000005e-06,0.056758186700000005,0.00812487554,5.0022918600000004e-05,83.0029711,63.2182679,4.31234375e-06,6.793391219999999,0.00547611506,1.6143660269999998,0.0001713396392,1.528959273e-05,0.010956570459999999,5.039247489999999,0.0001713396392,1.528959273e-05,0.00430186351,3.809834404,0.0001713396392,1.528959273e-05,0.000996367354,3.4794031929999996,0.0001713396392,1.528959273e-05,0.00377351941,5.528831669999999e-06,1.9222526999999998e-05,-1.0451847044399998,127.02613678899998,0.022559990270000004,-0.0009426744400000001,-0.0015558668200000001,1.1146226132000001e-05,0.00011906843205000003
147,1708993200,0.37734981100000003,0.37736338399999997,-0.0322968129,-1.31856912,1.093945905,0.5358328400000001,0.883114466,0.8248751850000001,0.01375184475,0.19119086100000002,1.42146612e-05,7.898929324e-07,1.141176704e-06,1.31670992e-06,1.5326388240000002e-06,2.2736148850000002e-06,6.775600490000001e-06,7.70768714e-06,0.18429713499999997,0.00426952719,8.60069642e-05,70.8234555,52.829068400000004,1.2541366000000002e-05,6.495604269999999,0.0093845392,4.14725501,0.00036149761939999994,3.267432035e-05,0.019485345600000002,16.1931602,0.00036149761939999994,3.267432035e-05,0.00456712029,7.2063738299999995,0.00036149761939999994,3.267432035e-05,0.0014785896239999999,6.949143705,0.00036149761939999994,3.267432035e-05,0.0037207641700000003,3.4755363799999994e-06,1.7025263800000003e-05,0.14445044521999997,63.039065588999996,0.014062842419999999,-0.000875985349,-0.0015337988799999998,3.1301705199999995e-06,3.4758384800000005e-05
147,1708993800,0.723903828,0.7239173720000001,-0.0231044742,-1.52197542,1.2841892,0.769536051,1.163023,1.11217148,0.01541963716,0.31733375300000005,1.4896388699999999e-05,1.6250868300000002e-06,2.3214701499999996e-06,2.483895132e-06,3.0099399099999995e-06,4.056262190000001e-06,1.056694689e-05,1.4212276129999998e-05,0.359432276,0.002364081802,0.0001157575236,65.4344495,50.712195599999994,2.40618572e-05,6.440516219999999,0.0133899489,7.6559383,0.0005489082394,4.9770561690000006e-05,0.027639413,31.437069899999994,0.0005489082394,4.9770561690000006e-05,0.00492905232,12.026743549999999,0.0005489082394,4.9770561690000006e-05,0.00204301776,11.749584559999999,0.0005489082394,4.9770561690000006e-05,0.0037731590600000005,4.60938942e-06,1.8190688000000002e-05,0.04892907809,0.29666525639999997,0.00672784414,-0.0001738782728,-0.0009836167699999998,1.016847035e-06,1.046455545e-05
147,1708994400,0.81171566,0.811729199,-0.0170375671,-1.5236467,1.3430659999999999,0.813727918,1.2190871900000002,1.1750983799999999,0.01706256974,0.35904333499999996,1.4151124849999997e-05,9.38242656e-07,1.4388910679999999e-06,1.5755280899999998e-06,1.8020120200000003e-06,2.3206811619999997e-06,8.88743353e-06,9.17427177e-06,0.404477535,0.0012656755750000003,8.7790936e-05,65.985828,50.3613459,2.70029165e-05,5.95893638,0.01418017355,8.56047456,0.0005082419913500001,4.607233446e-05,0.029261973400000002,35.3533413,0.0005082419913500001,4.607233446e-05,0.0048155627199999995,11.853955719999998,0.0005082419913500001,4.607233446e-05,0.00197621719,11.57052959,0.0005082419913500001,4.607233446e-05,0.0037946556799999995,5.14503795e-06,1.8675581e-05,0.032241465799999994,0.0879222983,0.006406466820000001,2.6617463200000013e-05,-0.0008197878559999998,1.013428525e-06,1.00487654e-05
147,1708995000,0.591197647,0.591211195,-0.021290179900000004,-1.55806829,1.13377212,0.696710342,1.02921891,0.9893926969999999,0.020173705830000003,0.26767869,1.42539951e-05,9.481385009999999e-07,1.5462681559999998e-06,1.378572024e-06,1.6835840820000001e-06,1.976538794e-06,8.93225377e-06,6.80978258e-06,0.29436335799999996,0.0011237664900000002,8.77306964e-05,65.7649216,50.437527599999996,1.96713132e-05,5.92088229,0.012176580499999999,6.341823280000001,0.0002815667072,2.531424821e-05,0.0249319924,25.7884256,0.0002815667072,2.531424821e-05,0.00465887852,8.43768974,0.0002815667072,2.531424821e-05,0.00173753972,8.02342487,0.0002815667072,2.531424821e-05,0.0038046526000000006,5.458945109999999e-06,1.8934470599999997e-05,0.025207275036,0.1195475712,0.006640179210000001,0.00010129824339999999,-0.000734327903,9.135174270000001e-07,1.04783375e-05
147,1708995600,0.9096721290000002,0.909685601,-0.0210546154,-1.53507678,1.40288033,0.855940678,1.2839267099999998,1.2254999,0.02916748944,0.40918665300000007,1.57598368e-05,2.6815095700000003e-06,3.4112074899999995e-06,3.832357587e-06,4.299910263000001e-06,5.471971667e-06,1.226043809e-05,1.627497396e-05,0.454248235,0.000433687691,0.00010362136299999999,61.64410310000001,50.17125180000001,3.0263926400000004e-05,5.94430172,0.014852416599999998,9.43141597,0.00067810651655,6.1698849156e-05,0.0306597704,39.3831378,0.00067810651655,6.1698849156e-05,0.004978784880000001,15.175923710000001,0.00067810651655,6.1698849156e-05,0.00220106009,14.967819350000003,0.00067810651655,6.1698849156e-05,0.0038113411700000004,5.61637867e-06,1.9060074099999998e-05,0.04083838118,0.085875472,0.0062365276200000005,0.00018653095949999995,-0.0006650691110000001,9.885509679999997e-07,1.0362056049999999e-05
147,1708996200,0.879983334,0.8799970179999999,-0.025426677400000004,-1.5384355600000001,1.38772988,0.8489717310000001,1.25703836,1.2140620800000002,0.022016977,0.390274596,1.5912124599999998e-05,2.616153956e-06,3.12402401e-06,3.4837187860000004e-06,4.344393436e-06,5.708890522e-06,1.301446746e-05,1.776801293e-05,0.439331873,0.00045669306400000006,0.0001507617055,61.429764399999996,50.1653867,2.9259738800000004e-05,6.23535796,0.014754707750000002,9.143091740000001,0.00065968846535,5.9922613976000005e-05,0.030451856500000003,38.14280889999999,0.00065968846535,5.9922613976000005e-05,0.00498318656,13.75524569,0.00065968846535,5.9922613976000005e-05,0.00216121183,13.53895148,0.00065968846535,5.9922613976000005e-05,0.0037720894199999994,4.6394959899999994e-06,1.8244431400000002e-05,0.01201041273,0.26141870409999995,0.007326615439999999,-0.000170867278,-0.000969486483,8.54624071e-07,1.01056392e-05
147,1708996800,1.0816174699999999,1.081631126,-0.0221063258,-1.5180225600000001,1.55145985,0.9370410659999999,1.4130056400000002,1.34794115,0.030342013,0.482613436,1.6560293800000002e-05,3.455737715e-06,3.976185763e-06,4.704197723e-06,5.513170357e-06,7.0445127329999996e-06,1.4684146959999998e-05,2.0924766329999998e-05,0.540310491,0.00030501154,0.00012994441650000002,59.488176900000006,50.0885785,3.59699636e-05,6.070128850000001,0.016458053499999997,11.487336100000002,0.0008460393183000001,7.695447502e-05,0.0339650299,47.883382999999995,0.0008460393183000001,7.695447502e-05,0.00526725706,18.864208100000003,0.0008460393183000001,7.695447502e-05,0.0024892100799999996,18.651293340000002,0.0008460393183000001,7.695447502e-05,0.00384577962,5.78870615e-06,1.94614961e-05,-0.012472441867,0.25658761129999996,0.00719389532,0.00019243710600000007,-0.000680872901,9.970221679999999e-07,1.02468697e-05
147,1708997400,1.080314825,1.080328228,-0.0214706003,-1.54128504,1.54144705,0.9406970099999998,1.3961301499999998,1.34265349,0.022411985300000003,0.47343843100000005,1.544118335e-05,2.475624178e-06,3.037006031e-06,3.426353893e-06,4.429902750000001e-06,6.081556339999999e-06,1.387456313e-05,1.978523565e-05,0.539431938,0.000518635602,0.000151666317,61.88181949999999,50.12751,3.592412149999999e-05,6.2596314500000005,0.0165495072,11.542297399999999,0.001073822114,9.784964743999999e-05,0.0339296609,47.5972039,0.001073822114,9.784964743999999e-05,0.00528649104,20.943322630000004,0.001073822114,9.784964743999999e-05,0.0025464227299999997,20.923440510000002,0.001073822114,9.784964743999999e-05,0.00376969307,5.0903419300000005e-06,1.85137092e-05,0.0250490147,0.037956846600000003,0.00560333111,5.47790257e-05,-0.0007784879570000001,7.82538434e-07,9.358449450000001e-06
147,1708998000,0.932057945,0.9320714860000001,-0.0243291305,-1.53708452,1.42924365,0.87329939,1.2977271,1.2524632199999999,0.0179256733,0.409024878,1.5132804449999998e-05,1.9277344289999996e-06,2.6630284299999997e-06,3.1185817530000003e-06,3.7444041300000005e-06,5.53590858e-06,1.1472904299999999e-05,1.793643178e-05,0.4654153929999999,0.00041024765899999995,0.000155337832,62.562318899999994,50.1209803,3.0982828e-05,6.39530843,0.0153984186,9.9711143,0.0008032364668999999,7.3057774385e-05,0.0315927688,41.1605595,0.0008032364668999999,7.3057774385e-05,0.00514274665,16.338956106,0.0008032364668999999,7.3057774385e-05,0.0023539198600000004,16.228991137,0.0008032364668999999,7.3057774385e-05,0.0038382519999999995,6.1192900800000004e-06,1.96291728e-05,-0.022432164999999997,0.2630210483,0.007789721689999999,0.00036021874900000003,-0.0005539915589999999,1.015411779e-06,1.0572586899999999e-05
147,1708998600,1.6514717600000002,1.6514851760000002,-0.020960156200000003,-1.52464624,1.9309714400000004,1.150259155,1.7246401500000001,1.6415376299999997,0.060493396500000005,0.776773103,1.73999282e-05,4.4984145629999996e-06,5.6568159899999995e-06,5.986252254e-06,7.606407806e-06,1.041808573e-05,1.8140439060000002e-05,3.275055281e-05,0.8249764520000001,0.00048795566700000003,0.0001824088266,60.3849822,50.0836966,5.49187337e-05,6.036459859999999,0.0202809439,17.5115249,0.0015269572260000002,0.00013931890423,0.041584044400000006,72.7832419,0.0015269572260000002,0.00013931890423,0.00568696951,29.74016393,0.0015269572260000002,0.00013931890423,0.00309307018,29.84923697,0.0015269572260000002,0.00013931890423,0.00389248657,7.29750648e-06,2.08175215e-05,-0.07766636410000001,0.315867567,0.008040643080000002,0.0007513629169999999,-0.00025131251797,9.731452080000001e-07,1.1196958500000001e-05
147,1708999200,1.9905461399999997,1.9905595000000003,-0.017637331599999997,-1.52129742,2.1506532000000003,1.2729574600000002,1.92605875,1.8318559,0.07294601310000001,0.9289021780000001,1.693988385e-05,4.078832049e-06,4.706267960000001e-06,5.437593316e-06,6.8436351699999995e-06,8.342734094000002e-06,1.5223696859999999e-05,2.7731398669999996e-05,0.994343583,0.000693775296,0.0001598049455,60.363404700000004,50.1107741,6.623397239999999e-05,5.650899470000001,0.022308503400000002,20.7132178,0.0018020134840000001,0.00016448150599999997,0.0458866838,86.85602589999999,0.0018020134840000001,0.00016448150599999997,0.00600406171,35.5695094,0.0018020134840000001,0.00016448150599999997,0.0035018525699999996,35.84599659999999,0.0018020134840000001,0.00016448150599999997,0.00393255008,7.84981045e-06,2.13364804e-05,-0.044792892300000005,0.753279254,0.01025015315,0.0009149814770000001,-0.00012070583595000001,1.1381384580000001e-06,1.267586355e-05
147,1708999800,1.39670118,1.39671468,-0.0235200486,-1.51870294,1.86193183,1.068904849,1.5973237900000001,1.52562154,0.06068554880000001,0.7104013920000001,1.49353838e-05,1.9136583969999997e-06,2.149196298e-06,2.785424151e-06,3.7002701849999997e-06,5.098835983e-06,1.0012032599999999e-05,1.901051966e-05,0.697423733,0.000701310048,0.00017931877600000002,62.5474374,50.1268305,4.6457231899999996e-05,6.03792977,0.018856498,14.8608747,0.001387614032,0.000126575964,0.0385413548,61.38896720000001,0.001387614032,0.000126575964,0.00558963143,27.084504600000002,0.001387614032,0.000126575964,0.00296012366,27.1872233,0.001387614032,0.000126575964,0.0038287693000000006,6.378487680000001e-06,1.97279505e-05,-0.10995975626000001,1.3016155260000002,0.008821670050000001,0.0004534683425,-0.00050898385,1.871871118e-06,2.128966765e-05
147,1709000400,1.81622232,1.8162355600000002,-0.0169822554,-1.5164041400000001,2.0899763399999998,1.21596114,1.8317808899999999,1.75955367,0.058264530800000006,0.8826310699999999,1.61200215e-05,3.527634016e-06,3.7843876599999994e-06,4.89443071e-06,6.38035125e-06,8.35351363e-06,1.483804342e-05,2.8289140679999994e-05,0.9072024410000001,0.000655901024,0.00017980377749999996,59.9537389,50.1162189,6.0415378999999993e-05,6.06761105,0.021290364900000004,18.8965559,0.0012843127907999998,0.00011706787940000001,0.04379324550000001,79.084682,0.0012843127907999998,0.00011706787940000001,0.0057405847500000004,30.1080087,0.0012843127907999998,0.00011706787940000001,0.0032155949000000003,30.049047670000004,0.0012843127907999998,0.00011706787940000001,0.003870814709999999,7.1758637e-06,2.04449777e-05,-0.0030817147999999996,0.30438062099999996,0.008601942829999999,0.000761785779,-0.00023346029359500001,1.0364913029999998e-06,1.14091896e-05
147,1709001000,1.61549332,1.6155065499999999,-0.015529056199999999,-1.53471672,1.9584222700000002,1.148741686,1.7197649700000004,1.64528769,0.0540528111,0.790354955,1.6728191400000002e-05,4.104073554e-06,4.2739211840000005e-06,5.42377116e-06,6.839928149999999e-06,8.953096e-06,1.563448212e-05,2.902529415e-05,0.806802152,0.000693535886,0.0001732229435,60.300371299999995,50.119646599999996,5.3722037500000004e-05,6.02890557,0.020159717200000003,16.9628357,0.0008756299946,7.965151933e-05,0.0414031965,70.80535939999999,0.0008756299946,7.965151933e-05,0.0053157996200000005,21.14584128,0.0008756299946,7.965151933e-05,0.0027266127500000003,20.893822139999997,0.0008756299946,7.965151933e-05,0.00380825668,5.86694045e-06,1.9202714e-05,0.01799765585,0.6871144,0.0095081539,0.00032943473960000004,-0.0006219212290000001,9.623372219999998e-07,1.0819298149999998e-05
147,1709001600,1.9818760599999998,1.9818895699999999,-0.01233314337,-1.5337374799999999,2.11813965,1.2704646099999999,1.9058832000000003,1.8340309600000002,0.0489842107,0.9182087510000001,1.75133111e-05,4.7406747190000005e-06,4.854304168000001e-06,6.368839337999999e-06,7.78726364e-06,1.0005276619999998e-05,1.784139026e-05,3.37638239e-05,0.99001114,0.000642492255,0.00019494107899999997,60.1891135,50.117377100000006,6.592263610000001e-05,5.88567889,0.0221252952,20.4440145,0.0019952172423000005,0.00018223221641,0.045569979399999995,85.84903449999999,0.0019952172423000005,0.00018223221641,0.0059120499,38.005038,0.0019952172423000005,0.00018223221641,0.0034021523,38.3599818,0.0019952172423000005,0.00018223221641,0.0038422979400000003,6.410223889999999e-06,1.97598063e-05,0.046045152299999996,0.7305280410000001,0.009850921240000001,0.00046759856799999996,-0.00047555951499999997,1.1289458219999999e-06,1.1432484849999998e-05
147,1709002200,2.70476472,2.70477799,-0.014199931500000002,-1.5324127600000002,2.49281355,1.48973194,2.2433934400000006,2.1500156,0.0532010817,1.1639036900000002,2.00015298e-05,7.776773406000001e-06,8.775035867e-06,9.824020372e-06,1.3208769499999998e-05,1.711881477e-05,2.765907649e-05,5.5510923599999997e-05,1.3510945199999997,0.000865797,0.000275023991,59.76805640000001,50.066130799999996,8.99327263e-05,6.1455354799999995,0.026504414900000002,29.152472699999997,0.0019916455859999996,0.0001818149314,0.054141449499999994,120.665931,0.0019916455859999996,0.0001818149314,0.0063106889600000006,42.5443197,0.0019916455859999996,0.0001818149314,0.0038634232300000003,42.74626729999999,0.0019916455859999996,0.0001818149314,0.00392213466,8.32517988e-06,2.1571470499999998e-05,-0.0188700718,8.464384816399999,0.01778418236,0.0009646291239999999,-0.00011015930500000001,2.43153771e-06,2.5600870400000002e-05
147,1709002800,2.62993782,2.62995118,-0.016736526600000003,-1.5461173000000001,2.38394777,1.47175542,2.18747923,2.1149520799999997,0.05658610909999999,1.1770637000000002,2.36577503e-05,1.152506788e-05,1.298321555e-05,1.7141940190000002e-05,1.8121545190000002e-05,2.2960194439999997e-05,3.5072331729999995e-05,6.71350296e-05,1.31332258,0.00117147515,0.00027962376600000003,58.35204929999999,50.115475999999994,8.74338229e-05,6.254149979999999,0.0258804385,27.7764143,0.0021867304973000002,0.00019972714688999997,0.053048728700000006,115.71955310000001,0.0021867304973000002,0.00019972714688999997,0.00617448289,44.27480912,0.0021867304973000002,0.00019972714688999997,0.0037447450299999997,44.62090531,0.0021867304973000002,0.00019972714688999997,0.0043172508,1.5583062099999998e-05,2.9023680400000003e-05,0.0368278479,6.84590972,0.0247277823,0.00173746327,0.000316943116,9.66804795e-06,5.93985908e-05
147,1709003400,2.59098582,2.59099915,-0.0156762596,-1.5339845999999997,2.38372273,1.45708666,2.17757893,2.10880189,0.05416374380000001,1.157130765,2.28899083e-05,1.066333418e-05,1.2911104759999999e-05,1.744945066e-05,1.7304811989999997e-05,2.230032352e-05,3.438116454999999e-05,6.498698820000001e-05,1.2944486,0.0006039870599999999,0.000250588569,59.02276809999999,50.080500300000004,8.61283105e-05,6.36902384,0.0254269817,26.958171799999995,0.0028394420339999996,0.00025952619999999995,0.05255507499999999,113.672756,0.0028394420339999996,0.00025952619999999995,0.006457995039999999,52.198226899999995,0.0028394420339999996,0.00025952619999999995,0.00407689055,53.02975116,0.0028394420339999996,0.00025952619999999995,0.00442787568,1.88859494e-05,3.214342860000001e-05,0.018352329300000005,9.50278142,0.031495357999999994,0.00210185674,0.0006425508539999999,1.3078195450000001e-05,8.0673163e-05
147,1709004000,2.5299443799999994,2.5299575499999998,-0.017377945399999997,-1.53770658,2.3351212799999996,1.4417898700000003,2.1514782299999995,2.0826260999999997,0.042615321500000004,1.1147755299999997,1.87337047e-05,6.976582824999999e-06,8.17689091e-06,1.1657093239999999e-05,1.1498577620000002e-05,1.4518949760000002e-05,2.55849547e-05,5.018031139999999e-05,1.26376218,0.0007631054490000001,0.000312889523,60.90027619999999,50.103910899999995,8.4112029e-05,6.15270866,0.025131607200000006,26.327281900000003,0.0012937204447,0.00011791198155,0.0519156413,110.6390769,0.0012937204447,0.00011791198155,0.005944249029999999,36.251794,0.0012937204447,0.00011791198155,0.00356046051,35.944971499999994,0.0012937204447,0.00011791198155,0.004409754720000001,1.8357348e-05,3.1698484700000006e-05,-0.01594256152,8.42243729,0.0307783774,0.0021032690699999998,0.0007004335470000001,1.22739588e-05,7.870852889999999e-05
147,1709004600,2.57120017,2.5712134499999997,-0.01519968575,-1.5546800099999998,2.42051137,1.45775457,2.1468655500000002,2.0792885100000005,0.053421999399999996,1.1696549599999997,1.5799157399999998e-05,3.6483024760000004e-06,5.20751889e-06,8.04621591e-06,6.918535029999999e-06,9.288691310000001e-06,1.616245565e-05,3.190877847e-05,1.2837265,0.00155257148,0.000237248709,62.29666460000001,50.170136600000006,8.554343920000001e-05,6.00906152,0.025349812500000003,26.776032299999997,0.0018545378889999998,0.0001692519256,0.0522082995,111.92510200000001,0.0018545378889999998,0.0001692519256,0.00618443751,41.062348,0.0018545378889999998,0.0001692519256,0.00384584853,41.134165429999996,0.0018545378889999998,0.0001692519256,0.004578187199999999,2.16848243e-05,3.4912733e-05,0.027622157200000004,10.1924393,0.0388670941,0.0027701225400000003,0.0011783842699999998,1.3044277349999997e-05,8.982781859999999e-05
147,1709005200,2.2528342599999998,2.25284752,-0.009991623,-1.53594785,2.30534537,1.35950368,2.0452749,1.9637474999999998,0.05217380169999999,1.025410081,1.6097240999999998e-05,4.2361262399999995e-06,8.1825364e-06,8.841779459999999e-06,8.463643399999999e-06,1.080324598e-05,1.817060403e-05,3.183635403e-05,1.12432878,0.0017101847999999998,0.000284699211,61.221224899999996,50.1874371,7.4936228e-05,5.868943460000001,0.0240336975,24.1096446,0.002107372784,0.00019246541769999998,0.048983577900000005,98.82310709999999,0.002107372784,0.00019246541769999998,0.006111579799999999,42.22617185,0.002107372784,0.00019246541769999998,0.0039211049400000005,42.66605989999999,0.002107372784,0.00019246541769999998,0.0053342404200000006,3.46522719e-05,4.7834879100000006e-05,-0.011155277700000004,5.143136709999999,0.039905331599999996,0.0053390133200000005,0.0030337623499999996,1.2511925999999999e-05,8.51861669e-05
147,1709005800,2.1220977700000003,2.12211113,-0.00893889402,-1.5465953200000002,2.18309159,1.3222047799999999,1.9782228500000003,1.89819545,0.0442702226,0.9335606760000001,1.9035917e-05,6.56981185e-06,9.766957840000001e-06,1.20552465e-05,1.1623489199999998e-05,1.483090697e-05,2.8000903799999996e-05,4.63418727e-05,1.0579019850000002,0.00265378431,0.000358211234,61.7899393,50.3066551,7.0542838e-05,6.41333928,0.023130772400000003,22.1445858,0.001023482874,9.312616303e-05,0.047351603199999995,92.146858,0.001023482874,9.312616303e-05,0.0056765557000000005,27.032813349999998,0.001023482874,9.312616303e-05,0.00328436692,26.635414400000002,0.001023482874,9.312616303e-05,0.004580349419999999,2.0557641800000003e-05,3.3922740499999994e-05,-0.025848322200000003,7.306236780000001,0.03400727230000001,0.00289277593,0.00134780688,1.10100567e-05,7.783839389999999e-05
147,1709006400,2.49566589,2.49567951,-0.006207139150000001,-1.51585476,2.38541029,1.42762616,2.17885399,2.0891138099999997,0.0498187432,1.1030084249999998,1.9840833099999997e-05,7.73224704e-06,9.437235880000002e-06,1.1601894980000002e-05,1.2246982299999999e-05,1.5474350370000002e-05,2.626681342e-05,4.958213295e-05,1.24424703,0.0031029792800000002,0.00034430301900000005,62.4862317,50.281091700000005,8.297975090000001e-05,6.22233497,0.025260549599999998,26.3580037,0.0029045757710000003,0.0002655044162,0.051629834099999994,109.61182699999999,0.0029045757710000003,0.0002655044162,0.0064317794,53.282300500000005,0.0029045757710000003,0.0002655044162,0.0040558181300000004,54.23517360000001,0.0029045757710000003,0.0002655044162,0.00443459178,1.78098105e-05,3.1284384999999994e-05,-0.011221019799999996,6.20749557,0.027360810599999997,0.00230142423,0.0009405038499999999,9.9461455e-06,6.967087019999999e-05
147,1709007000,1.40144131,1.4014547399999997,0.006502638230000001,-1.48798747,1.8479814,1.057624055,1.6428126499999998,1.5682978300000003,0.0368182184,0.641457041,1.5597495300000002e-05,3.146731996e-06,6.24523759e-06,7.72822788e-06,5.03611323e-06,6.355519879999999e-06,1.2663260749999999e-05,1.9999245060000002e-05,0.697691547,0.00266732328,0.000298368394,64.8719222,50.4404627,4.6620273400000004e-05,5.91938118,0.018835083,15.022555899999997,0.0009850066689999998,8.965790778e-05,0.0383374814,61.557833800000004,0.0009850066689999998,8.965790778e-05,0.00537261807,20.48111843,0.0009850066689999998,8.965790778e-05,0.0029063175400000003,20.3449382,0.0009850066689999998,8.965790778e-05,0.004674199919999999,2.50488147e-05,3.8519193300000005e-05,0.0294439835,16.179181019999998,0.0486762062,0.0026991647499999996,0.0013806470929999999,1.7461156150000002e-05,0.00012004165440000002
147,1709007600,0.97349748,0.973510872,0.01757810702,-1.41723142,1.6074866,0.876795774,1.42189338,1.3566038800000002,0.01883462495,0.4398057000000001,1.701516325e-05,4.71854818e-06,9.25037393e-06,9.8987154e-06,6.68535637e-06,8.192972565e-06,1.344150827e-05,2.3952261970000004e-05,0.484132317,0.0022461751699999997,0.0002903273216,62.11377279999999,50.5367062,3.235505869999999e-05,6.353336280000001,0.0156951402,10.4130545,0.0007706791524000001,7.010270540500001e-05,0.0321239034,42.6495119,0.0007706791524000001,7.010270540500001e-05,0.005038546499999999,15.91195591,0.0007706791524000001,7.010270540500001e-05,0.00258416611,15.773617640000001,0.0007706791524000001,7.010270540500001e-05,0.0048044208,2.54565959e-05,3.8906912499999996e-05,0.0032924950999999964,6.9517991,0.040640561199999994,0.0030831183,0.00185723914,1.436117725e-05,0.0001004973178
147,1709008200,1.1509250333333334,1.1509387,0.00204252302,-1.3974082444444444,1.758012011111111,0.9487530277777778,1.5404220444444445,1.4649197111111112,0.03356753377777778,0.5311600544444445,1.7165374555555556e-05,4.407014611111111e-06,9.030713022222221e-06,9.011426555555557e-06,6.665366855555556e-06,8.316504555555557e-06,1.3783633433333333e-05,2.399671811111111e-05,0.573738498888889,0.0015222530444444445,0.00012306364433333335,60.456672777777776,50.30556244444444,3.8271143999999994e-05,6.277506844444444,0.016886887555555553,12.1976315,0.0007675361024444444,6.978257902777778e-05,0.034947742,50.57011833333333,0.0007675361024444444,6.978257902777778e-05,0.005200025144444445,17.59611074444444,0.0007675361024444444,6.978257902777778e-05,0.0027540557888888887,17.408426811111113,0.0007675361024444444,6.978257902777778e-05,0.004690050788888889,2.4085496444444443e-05,3.7548411333333334e-05,-0.014182085266666668,7.747825622222223,0.037126142111111114,0.002775896333333333,0.0015094774555555555,1.4306065722222222e-05,0.00010084972611111111
147,1709008800,1.2436914100000003,1.24370488,-0.01390480605,-1.5167416299999998,1.73787804,1.007581206,1.5303842,1.4609321100000001,0.032377643000000005,0.5767123369999999,1.4525682400000001e-05,1.8189819099999997e-06,6.602642860000001e-06,5.516711060000001e-06,3.1825732799999995e-06,6.314057919999999e-06,6.32668466e-06,1.168563639e-05,0.6203515190000001,0.00134931277,0.00010240605399999998,63.24667169999999,50.2638636,4.13931496e-05,5.77204719,0.0177997074,13.211709349999998,0.000807182366,7.337727603e-05,0.0363190321,54.354025899999996,0.000807182366,7.337727603e-05,0.00527254007,18.951011379999997,0.000807182366,7.337727603e-05,0.00287896041,18.7389467,0.000807182366,7.337727603e-05,0.005153732990000001,3.0048387399999996e-05,4.36058842e-05,-0.007134825065,5.17110897,0.0394070081,0.00407721911,0.0026963529599999996,1.3489460300000002e-05,9.54834714e-05
147,1709009400,1.044663355,1.0446769769999997,-0.013910261299999999,-1.5137214,1.6376749700000002,0.920683676,1.39440507,1.3264154700000002,0.0346271579,0.5073530529999999,1.4918935049999999e-05,2.360362217e-06,6.99376987e-06,6.40807962e-06,4.11605534e-06,9.15941295e-06,8.40362331e-06,1.600502047e-05,0.521072032,0.001091137435,0.00011374660589999999,63.9205783,50.258656599999995,3.4740048600000004e-05,6.2263014000000005,0.016347932699999998,11.3153351,0.0009889625885,9.0093324514e-05,0.0332022473,45.841895199999996,0.0009889625885,9.0093324514e-05,0.00529663732,20.31669114,0.0009889625885,9.0093324514e-05,0.00285491644,20.273145864000004,0.0009889625885,9.0093324514e-05,0.00537067068,3.369817539999999e-05,4.7323023499999995e-05,-0.011525031539999998,3.7973022999999997,0.040086614099999994,0.00490354209,0.0031593101799999995,1.5150757000000003e-05,0.00011114464820000001
147,1709010000,0.8806411989999999,0.880654646,-0.0124016263,-1.5012464199999997,1.5070960100000002,0.8432716299999999,1.2884642800000001,1.23303764,0.0217552212,0.413387302,1.3968474450000001e-05,1.183830977e-06,5.981443410000001e-06,5.2157544100000005e-06,2.56778087e-06,5.5039071199999995e-06,6.731839749999999e-06,1.263291462e-05,0.43960056699999994,0.00057687227,0.0001021378818,63.819626099999994,50.17118429999999,2.92821681e-05,6.1237255699999995,0.01506677105,9.62989292,0.0006030194550999999,5.474257440000001e-05,0.030678453100000003,39.0391031,0.0006030194550999999,5.474257440000001e-05,0.00508085276,14.48763859,0.0006030194550999999,5.474257440000001e-05,0.00258631047,14.227088850000001,0.0006030194550999999,5.474257440000001e-05,0.00494964239,2.7604275700000002e-05,4.1078541600000005e-05,-0.0126845712,8.49067328,0.0415932325,0.0034808326200000002,0.0020846477849999997,1.61093343e-05,0.00010962556840000001
147,1709010600,0.9540573780000001,0.9540707699999998,-0.012142091100000002,-1.45376991,1.5738855599999997,0.8698787300000002,1.36519166,1.2984771499999999,0.028284309,0.446383149,1.3558017699999999e-05,4.970273029999999e-07,6.63876767e-07,4.823738909999999e-06,1.387343663e-06,1.4927984e-06,3.1426018200000005e-06,5.92804855e-06,0.47677009400000003,0.00018165897,5.8795107e-05,63.08195539999999,50.0863014,3.1766432300000004e-05,5.66287659,0.015351996150000002,10.08987295,0.0010165828241,9.26022953e-05,0.0317045778,41.6256462,0.0010165828241,9.26022953e-05,0.00521943664,18.94463061,0.0010165828241,9.26022953e-05,0.0024600473399999994,18.951955480000002,0.0010165828241,9.26022953e-05,0.00412557345,1.36228986e-05,2.69547889e-05,0.022469334000000014,31.960557899999998,0.040224223899999995,6.1173158e-05,-0.0009637778029999999,1.5190150300000002e-05,0.0001006141671
147,1709011200,0.7045114889999999,0.7045248739999999,-0.01124462695,-1.4440688000000002,1.40768046,0.748996945,1.1788109900000001,1.121509247,0.0228986267,0.34280947399999995,1.4743646300000003e-05,1.7302609320000001e-06,1.9341531799999996e-06,6.31328326e-06,3.20412893e-06,4.0782506200000004e-06,7.762802069999999e-06,1.2981499799999998e-05,0.351781231,0.00037154111,6.34446459e-05,62.270816100000005,50.1486636,2.3432254699999998e-05,6.2010999,0.013288281449999998,7.6323862700000005,0.0003325255131,2.9959166745e-05,0.0273519582,30.8500046,0.0003325255131,2.9959166745e-05,0.0047515182400000005,9.06484012,0.0003325255131,2.9959166745e-05,0.0018485346600000002,8.677217879999999,0.0003325255131,2.9959166745e-05,0.00412945192,1.335712645e-05,2.67806162e-05,0.017582624999999998,33.484458700000005,0.042594493100000005,-8.495787340000001e-05,-0.0012217938000000002,1.6320942399999996e-05,0.00010843777399999999
147,1709011800,0.836343931,0.836357467,-0.0093344371,-1.46364954,1.5081460500000001,0.816928433,1.27646396,1.2206622599999999,0.023586731000000003,0.39638119099999997,1.5170054700000004e-05,2.0075269029999997e-06,2.3266680199999997e-06,7.112098800000001e-06,3.784029834e-06,4.88689936e-06,9.5846852e-06,1.537214989e-05,0.417710497,0.000345268948,6.938864460000001e-05,61.77863510000001,50.115401399999996,2.78140516e-05,6.1408004400000005,0.014522112050000003,9.1108188,0.000602883753,5.469247679999999e-05,0.029804371800000007,36.724569499999994,0.000602883753,5.469247679999999e-05,0.0049940887199999996,13.22564051,0.000602883753,5.469247679999999e-05,0.0021444573000000003,13.023095569999999,0.000602883753,5.469247679999999e-05,0.0042047646800000005,1.4766501899999999e-05,2.8295606399999997e-05,-0.042324256500000004,30.0977933,0.0415882159,0.00031395424549999996,-0.0008367203649999998,1.6328529e-05,0.0001106729411
147,1709012400,0.772463857,0.77247746,-0.008115093600000001,-1.4192711299999998,1.49318308,0.7778358280000001,1.24353795,1.17993602,0.022197396900000003,0.371591679,1.463132645e-05,1.338487372e-06,1.6204622899999998e-06,5.94445018e-06,3.002146518e-06,3.814111854e-06,8.59138566e-06,1.3055026239999998e-05,0.38552631299999995,0.0005954427610000001,7.16136848e-05,64.3458063,50.1986121,2.56865195e-05,6.10031223,0.013845786100000002,8.374449879999998,0.000921453094,8.389324114000001e-05,0.028470366299999994,33.7438924,0.000921453094,8.389324114000001e-05,0.005173704739999999,17.12875725,0.000921453094,8.389324114000001e-05,0.0022959439900000003,17.1018923,0.000921453094,8.389324114000001e-05,0.00415912526,1.4045833299999999e-05,2.7583479699999998e-05,0.05721754280000001,34.578231,0.04358672379999999,-0.00010245451039000002,-0.001188483067,1.78106683e-05,0.00012032445910000001
147,1709013000,0.7628972980000001,0.7629108210000001,-0.009667430199999999,-1.40381415,1.47908267,0.770356126,1.24098789,1.17641094,0.023161683000000002,0.36473434799999993,1.4716476100000003e-05,1.5475148890000003e-06,1.820738408e-06,6.14386393e-06,3.0911656399999996e-06,3.915611974e-06,7.756308140000002e-06,1.2744510669999997e-05,0.380723831,0.000617206536,6.927208200000001e-05,64.0460712,50.2208008,2.53754465e-05,6.225645289999999,0.013693063549999999,8.16379983,0.0007903824492999998,7.18804581e-05,0.0282703139,33.236895999999994,0.0007903824492999998,7.18804581e-05,0.005082813059999999,15.38394088,0.0007903824492999998,7.18804581e-05,0.00221005432,15.273496249999999,0.0007903824492999998,7.18804581e-05,0.004146143840000001,1.39292253e-05,2.7453170300000003e-05,-0.1010979466,36.4065194,0.0415856516,-0.00015093276650000002,-0.001178524544,1.7202644999999997e-05,0.0001144743474
147,1709013600,1.43718397,1.4371973999999998,-0.00804466718,-1.43348567,1.93922168,1.063384838,1.6992144,1.6075990800000004,0.0406086094,0.661487924,1.5408921499999996e-05,2.600432729e-06,2.9648738000000004e-06,7.99374766e-06,5.72602869e-06,7.81479054e-06,1.453915397e-05,2.9480122899999997e-05,0.717448016,0.0009235462360000001,0.0001471558434,63.661776800000005,50.162041,4.77677841e-05,6.520437429999999,0.0189454709,15.322619099999997,0.0008355300524999999,7.599728824e-05,0.0389950991,63.1434679,0.0008355300524999999,7.599728824e-05,0.00534147647,20.116965540000002,0.0008355300524999999,7.599728824e-05,0.0026891645199999996,19.8635685,0.0008355300524999999,7.599728824e-05,0.004205055720000001,1.4818231499999998e-05,2.8252992899999998e-05,0.0970591559,25.559917999999996,0.0404690535,0.0006336271170000001,-0.000576865319,1.57223322e-05,0.000108836674
147,1709014200,1.56094291,1.5609562099999998,-0.00895829548,-1.4394679500000003,1.9884607200000002,1.106096911,1.76401634,1.6662508499999997,0.0404500201,0.711703341,1.5563410500000003e-05,2.881867598e-06,3.0790634319999998e-06,7.70088482e-06,5.3051654e-06,6.62358719e-06,1.264900754e-05,2.192917306e-05,0.779654893,0.0006583972379999999,9.56015159e-05,61.2986074,50.1083843,5.19374228e-05,5.8865279,0.0196732045,16.693501,0.001206391029,0.0001099477186,0.040551828500000005,68.73269669999999,0.001206391029,0.0001099477186,0.00553586531,25.699753570000002,0.001206391029,0.0001099477186,0.00293038579,25.647835800000003,0.001206391029,0.0001099477186,0.004160530229999999,1.4445989899999998e-05,2.77371663e-05,-0.0018375846999999959,26.990559,0.0407869362,0.0005649135616999999,-0.0006195807815000001,1.5847458600000002e-05,0.000109175168
147,1709014800,0.9460151600000002,0.9460284980000001,-0.0169948844,-1.42721436,1.58194832,0.8654479199999999,1.3762545099999999,1.31164005,0.0224184467,0.43897417400000005,1.5495208600000002e-05,2.5370024580000003e-06,2.91898502e-06,7.54848779e-06,4.54669851e-06,5.719519850000001e-06,1.016396447e-05,1.73596211e-05,0.472211769,0.000650289377,9.20983904e-05,61.9952448,50.1848524,3.1470156799999995e-05,6.096319940000001,0.015421459099999998,10.2560311,0.000883614297,8.043273098e-05,0.0316384476,41.230096999999994,0.000883614297,8.043273098e-05,0.00517844947,17.79184835,0.000883614297,8.043273098e-05,0.00242334067,17.68999612,0.000883614297,8.043273098e-05,0.00416597822,1.4607524850000003e-05,2.7836372599999993e-05,0.1101234793,31.1778632,0.0428967605,0.00038758374938999997,-0.0008362452935999999,1.7299625e-05,0.00011872436499999999
147,1709015400,0.5659337049999998,0.5659470790000001,-0.0271194677,-1.4075572099999998,1.2960395400000002,0.664350149,1.0638699800000002,0.99685544,0.0212304732,0.278093056,1.4993738950000001e-05,1.8644033450000003e-06,2.208130049e-06,6.5433558099999995e-06,3.49138982e-06,4.494066360000001e-06,8.45709234e-06,1.35302057e-05,0.28214485899999997,0.000678551751,9.955410710000001e-05,63.895072000000006,50.3063981,1.88174723e-05,6.43670791,0.011864244999999999,6.249285250000001,0.000492623643,4.46137578e-05,0.024371834200000005,24.8848752,0.000492623643,4.46137578e-05,0.00481550721,10.22924898,0.000492623643,4.46137578e-05,0.0018445201299999998,9.99052429,0.000492623643,4.46137578e-05,0.00413875506,1.369487465e-05,2.7080155700000004e-05,0.15861380649999998,37.354429499999995,0.044923434799999995,-0.0002582948593,-0.00131245842,1.7425818050000004e-05,0.00011866922460000001
147,1709016000,0.43683812699999996,0.43685158599999996,-0.029361056900000005,-1.42262246,1.14656001,0.588737239,0.9339660039999998,0.8796268460000001,0.014580458,0.211949612,1.42075953e-05,9.65365313e-07,1.329024978e-06,6.0925220699999995e-06,2.51343978e-06,3.36275214e-06,6.75489128e-06,1.093584447e-05,0.21673800999999998,0.0015394683380000004,0.00010875654989999999,67.5849165,50.82519130000001,1.4507720150000002e-05,6.65726451,0.010537215499999999,4.969438510000001,0.00044563841029999997,4.0326974439999997e-05,0.0215829116,19.3733641,0.00044563841029999997,4.0326974439999997e-05,0.00473938391,8.816258600000001,0.00044563841029999997,4.0326974439999997e-05,0.00169110138,8.577025439999998,0.00044563841029999997,4.0326974439999997e-05,0.004201318879999999,1.4680259649999999e-05,2.8115095500000006e-05,0.031696458999999996,33.0635951,0.044109887,0.00032073776700000005,-0.001017093481,1.7137231e-05,0.000113578951
147,1709016600,0.349056821,0.34907023200000004,-0.026531195525999994,-1.3827698000000002,1.0393067180000002,0.517240363,0.8275752580000001,0.7628107880000001,0.017031962149999996,0.17816081649999999,1.4202306e-05,9.368515999999998e-07,1.2136512350000002e-06,5.49710599e-06,2.16671936e-06,2.6371188600000004e-06,5.86473852e-06,8.778666400000001e-06,0.170940878,0.0034548836499999997,0.00010432950140000001,70.9023534,52.44020009999999,1.159282053e-05,6.767963190000001,0.00918923798,3.92879937,0.0003438790396,3.100845114999999e-05,0.018619957799999996,15.0634609,0.0003438790396,3.100845114999999e-05,0.004616999500000001,7.165037849999999,0.0003438790396,3.100845114999999e-05,0.0015071300170000001,6.8647891,0.0003438790396,3.100845114999999e-05,0.004063223,1.2318243699999999e-05,2.57457678e-05,0.196543311,49.5074384,0.046695397699999995,-0.000873500319,-0.0016878518499999998,1.7392581699999996e-05,0.0001176597515
147,1709017200,0.640180585,0.640194034,-0.00038572935029999996,-1.5756551699999999,1.19527399,0.7313474500000001,1.0859206340000003,1.03349406,0.017130595300000002,0.290932155,1.4802212749999999e-05,1.5689970580000003e-06,1.716369767e-06,2.5909286470000003e-06,2.8043000549999994e-06,3.512278868e-06,7.052402939999999e-06,1.141540828e-05,0.31648046800000007,0.00348907852,8.85263785e-05,68.1582472,51.15801999999999,2.12848907e-05,6.241405679999999,0.0128488659,6.72187115,0.00069468993,6.3152065125e-05,0.025924938600000003,27.6361877,0.00069468993,6.3152065125e-05,0.00491469972,13.804860640000001,0.00069468993,6.3152065125e-05,0.0019701901400000004,13.652073159999997,0.00069468993,6.3152065125e-05,0.0037471724400000004,3.7926263600000007e-06,1.7225241599999997e-05,0.02449174005,5.655110198,0.00950068699,-0.0006000213329999999,-0.001354766946,1.7020309089999998e-06,1.6440835550000003e-05
147,1709017800,0.45445519400000006,0.454468565,-0.0201811791,-1.4454271,1.0769953600000002,0.6036937090000001,0.9458163859999997,0.8877646240000001,0.01872969005,0.21354965800000003,1.38714541e-05,6.388272190000001e-07,6.80075826e-07,9.82247321e-07,1.2623584439999998e-06,1.425352885e-06,3.75249474e-06,4.983422840000001e-06,0.22162484000000005,0.00551060656,7.74570271e-05,74.2418534,52.70586949999999,1.51180467e-05,6.153850820000001,0.010463966099999998,4.906085750000001,0.0005122545990000001,4.643113005000001e-05,0.0215916374,19.6179512,0.0005122545990000001,4.643113005000001e-05,0.00482494092,10.70916411,0.0005122545990000001,4.643113005000001e-05,0.0017643154999999998,10.5165685,0.0005122545990000001,4.643113005000001e-05,0.00368912048,2.66502635e-06,1.6069858099999997e-05,-0.026473686880000003,36.5747582524,0.01225004438,-0.0011000223559999999,-0.00173334694,1.220377025e-06,1.379300075e-05
147,1709018400,0.764849945,0.764863329,-0.014443429600000002,-1.3655378800000002,1.4443190899999998,0.767130431,1.253850786,1.1752858630000003,0.024578364570000004,0.35083777200000005,1.4424483850000001e-05,1.2602363349999998e-06,1.371495128e-06,2.2142466899999997e-06,2.3541635930000002e-06,2.8423667620000004e-06,5.68175589e-06,9.658243699999999e-06,0.37847157100000006,0.0038362361299999993,9.04210385e-05,68.948013,51.2355906,2.5441934100000002e-05,5.855862169999999,0.013355782049999997,8.01392081,0.0006587939748,5.982942016e-05,0.028013922199999996,33.0927654,0.0006587939748,5.982942016e-05,0.005030906190000001,13.996926210000002,0.0006587939748,5.982942016e-05,0.0021528122,13.780630830000002,0.0006587939748,5.982942016e-05,0.00375353728,4.16995138e-06,1.75611692e-05,-0.10159134305000002,24.627699867500002,0.012586396530000002,-0.00041706209100000007,-0.0012520365258,1.96263066e-06,1.83934401e-05
147,1709019000,0.589911019,0.589924433,-0.017814481,-1.4346555,1.2113994900000002,0.687790425,1.09492094,1.036119124,0.00953563556,0.257259128,1.407783005e-05,8.74900649e-07,9.008872950000001e-07,1.359895457e-06,1.5649989780000002e-06,2.025371915e-06,4.082077749999999e-06,7.06633969e-06,0.290565458,0.00428982243,8.120078039999999e-05,70.3084923,51.530371,1.9624955400000003e-05,6.03824646,0.01179539395,6.12117374,0.0002729696582,2.451106184e-05,0.024729411200000002,25.222580699999998,0.0002729696582,2.451106184e-05,0.00465693119,7.487258420000001,0.0002729696582,2.451106184e-05,0.0016916773699999998,7.15572547,0.0002729696582,2.451106184e-05,0.00368727877,2.6114324600000005e-06,1.5992981700000004e-05,0.0535838347,0.714249057,0.00450343204,-0.0010046125110000001,-0.00166047744,8.534949099999999e-07,9.56742604e-06
147,1709019600,0.8949966880000002,0.895009967,-0.0181452244,-1.52647185,1.4271435499999998,0.85988128,1.3031647899999999,1.24642551,0.015537992099999998,0.39119522799999995,1.4013063e-05,1.034856086e-06,1.1373927060000001e-06,1.9070023279999997e-06,2.114024273e-06,2.713318615e-06,5.30105512e-06,1.006383284e-05,0.44320309899999993,0.004167985129999999,0.00010182040169999999,68.60619640000002,50.978785,2.9771751399999997e-05,5.94213594,0.0149283005,9.547184300000001,0.0005118373876999999,4.6407612413e-05,0.030777551000000004,38.9423122,0.0005118373876999999,4.6407612413e-05,0.00489633211,12.5118594,0.0005118373876999999,4.6407612413e-05,0.0020740443099999993,12.19335845,0.0005118373876999999,4.6407612413e-05,0.0037556907400000004,4.21170987e-06,1.75406815e-05,0.0363979259,0.8721918729999999,0.00637943083,-0.00039608281399999997,-0.00115960819,1.1247238649999999e-06,1.0367969399999998e-05
147,1709020200,0.8010361079999999,0.801049417,-0.0180528205,-1.5336538000000002,1.35660391,0.811268303,1.22564991,1.17176078,0.01274895392,0.35134993600000003,1.5577525900000004e-05,2.5687858810000002e-06,2.694750082e-06,3.4263510560000007e-06,4.55031575e-06,5.584135902999999e-06,8.97948649e-06,1.625771524e-05,0.39752715099999997,0.00284927068,9.508847709999999e-05,65.04025150000001,50.743275,2.6636486699999994e-05,6.20396199,0.014302126350000003,8.76516297,0.0007410689905999999,6.737381769999999e-05,0.0293083912,35.4827035,0.0007410689905999999,6.737381769999999e-05,0.005043862309999999,14.980619900000002,0.0007410689905999999,6.737381769999999e-05,0.00216535621,14.8222329,0.0007410689905999999,6.737381769999999e-05,0.0037315156100000005,3.97033944e-06,1.7234693899999998e-05,0.07255324107,11.357965412,0.0110235031,-0.00046178895299999996,-0.0012716451249999998,1.1057176569999998e-06,1.192577605e-05
147,1709020800,0.47576409000000003,0.47577751600000007,-0.0187865518,-1.6237529,1.0560322169999998,0.6332680679999999,0.9005149899999999,0.8589262220000002,0.0142500021,0.228347194,1.4086654999999999e-05,1.054417095e-06,1.4511739560000002e-06,2.2771111719999996e-06,2.824831653e-06,3.6444333920000002e-06,6.62966455e-06,9.709940519999999e-06,0.23381213399999998,0.00391756773,0.0001236316505,73.86251089999999,51.840101600000004,1.580815e-05,6.62487769,0.01105244345,5.36458626,0.0004404457345,3.9904332676e-05,0.022255805099999998,20.668007300000003,0.0004404457345,3.9904332676e-05,0.00470040477,9.3989196,0.0004404457345,3.9904332676e-05,0.0017229904000000001,9.132080739999997,0.0004404457345,3.9904332676e-05,0.00387152319,1.1813506930000002e-05,2.5193689600000002e-05,-0.5380213064999999,63.20492673199999,0.039221682960000004,-0.0010054972379999999,-0.0016707346,1.1731548067e-05,7.80742731e-05
147,1709021400,0.613550684,0.613563996,-0.0175461124,-1.58641547,1.1821485800000002,0.717588404,1.054157214,1.0045056549999998,0.01169329727,0.26954744199999997,1.43610327e-05,1.3348308200000003e-06,1.4569277160000001e-06,2.31143569e-06,2.292866646e-06,2.9047029850000005e-06,6.0579639800000005e-06,9.753330779999999e-06,0.302435485,0.0042236409699999995,8.867012789999999e-05,69.65937249999999,51.4226138,2.04003412e-05,6.123133860000001,0.012450019699999999,6.61827069,0.0002970492918,2.6726499849999998e-05,0.0254636185,26.716731,0.0002970492918,2.6726499849999998e-05,0.00467674731,7.74555488,0.0002970492918,2.6726499849999998e-05,0.00172365999,7.39359446,0.0002970492918,2.6726499849999998e-05,0.0037490746500000007,4.7863206400000006e-06,1.81328366e-05,0.48032326425999994,28.85762218,0.016883359790000003,-0.0005346234821999999,-0.0012737980150000002,3.105581731e-06,2.767434354e-05
147,1709022000,0.556647303,0.556660684,-0.01364805755,-1.59640265,1.125484368,0.682997994,0.998955496,0.9412037420000001,0.017429053369999996,0.254526464,1.4612458650000002e-05,1.4561967e-06,1.601560478e-06,2.193334252e-06,2.6128807790000003e-06,3.3676658599999998e-06,6.343951179999999e-06,1.091725469e-05,0.274248793,0.00396576232,7.872574580000001e-05,69.96012599999999,51.533485500000005,1.85002227e-05,6.40380298,0.01192541925,6.063975279999999,0.0006288784780000001,5.711399525e-05,0.024275348199999998,24.451168099999997,0.0006288784780000001,5.711399525e-05,0.00489223604,12.371368059999998,0.0006288784780000001,5.711399525e-05,0.00190413572,12.202001410000001,0.0006288784780000001,5.711399525e-05,0.0037206335,3.42160204e-06,1.68232247e-05,0.055435495999999994,1.3932949579999998,0.0073632323099999996,-0.0006780038890000001,-0.00143563885,1.1619343700000002e-06,1.124586007e-05
147,1709022600,0.596827993,0.5968412139999999,-0.01943260313,-1.4988955000000002,1.22257482,0.700206755,1.07380777,1.016956049,0.015380080899999999,0.27020046799999997,1.3782248050000002e-05,7.805245009999999e-07,1.105287847e-06,1.729323562e-06,2.21814234e-06,2.136034022e-06,4.40615368e-06,7.73502931e-06,0.2936107069999999,0.0046835121,9.893213949999999e-05,70.47641720000001,51.6030833,1.9846237200000004e-05,6.15072555,0.0121020539,6.402573289999999,0.0002919380687,2.624099219e-05,0.025018784499999995,25.7846876,0.0002919380687,2.624099219e-05,0.00462515946,7.66469115,0.0002919380687,2.624099219e-05,0.0017183828000000001,7.29449465,0.0002919380687,2.624099219e-05,0.0038311460300000004,6.2694228800000005e-06,1.94769556e-05,0.055093010070000004,1.9667865309999997,0.013247075709999997,0.00034232454900000005,-0.0005994229549999999,1.7350519570000002e-06,1.5081991799999997e-05
147,1709023200,0.6779137369999999,0.6779270439999999,-0.0198392097,-1.5285756200000002,1.2826516600000002,0.749370808,1.13204706,1.0747453100000002,0.0203985578,0.30965566,1.4268601050000001e-05,1.255123577e-06,2.785881183e-06,2.102212299e-06,2.24350857e-06,2.8544467100000004e-06,5.8471750999999996e-06,9.64561471e-06,0.33516405499999996,0.0036661607199999996,9.811096749999999e-05,68.9347171,51.131854399999995,2.25430889e-05,6.1462555000000005,0.0129645529,7.2314088,0.0005472958972,4.9676892170000004e-05,0.026824027399999995,29.630950800000004,0.0005472958972,4.9676892170000004e-05,0.00483848731,12.014282819999998,0.0005472958972,4.9676892170000004e-05,0.00203081363,11.744285260000002,0.0005472958972,4.9676892170000004e-05,0.0038775007999999993,7.099856530000001e-06,2.04538241e-05,0.02692115946,3.054679119,0.01325585427,0.0004944663619999999,-0.0004078729545000001,1.6748624640000003e-06,1.6592057000000002e-05
147,1709023800,0.812363185,0.81237637,0.0125185688,-1.56711836,1.3352282700000002,0.817044296,1.220174746,1.1746483600000002,0.019578048699999996,0.356761091,1.3973214150000003e-05,1.236916343e-06,3.1001024700000005e-06,2.1105245520000005e-06,2.1345615279999996e-06,2.724585733e-06,5.34741206e-06,1.0321431370000001e-05,0.404114082,0.00190540927,0.0001336566984,66.63481329999999,50.5432402,2.7022081799999998e-05,5.9224923800000004,0.014548261849999999,8.81957423,0.0005703181565,5.175108187299999e-05,0.029252357600000008,35.684855299999995,0.0005703181565,5.175108187299999e-05,0.00487748707,13.28399008,0.0005703181565,5.175108187299999e-05,0.00218080076,13.015038800000003,0.0005703181565,5.175108187299999e-05,0.00392451902,8.679392169999999e-06,2.1840172e-05,0.008455444899999998,7.969822970800001,0.0165890969,0.00108672268,0.0001340408759,2.002545405e-06,2.21943154e-05
147,1709024400,1.2991072210000003,1.2991203119999999,0.005740318669999999,-1.5584202800000002,1.6925766800000002,1.03024897,1.5377719300000001,1.48065769,0.026889477949999997,0.5706231020000001,1.534584625e-05,2.96393284e-06,4.63059852e-06,3.69990877e-06,5.0704573000000005e-06,6.733502839999999e-06,1.138504115e-05,2.331751627e-05,0.646985641,0.00232917654,0.00017862629699999999,64.45031250000001,50.434843300000004,4.31885963e-05,6.336984160000001,0.0179728762,13.5460555,0.0009232270443000001,8.414806343999999e-05,0.036905612000000004,56.696539099999995,0.0009232270443000001,8.414806343999999e-05,0.00511066196,21.001202049999996,0.0009232270443000001,8.414806343999999e-05,0.00258131521,20.887834728,0.0009232270443000001,8.414806343999999e-05,0.0038615392900000003,7.72683295e-06,2.0834825900000002e-05,0.048813441299999996,0.5340418994,0.011963831929999998,0.0008838182760000001,-2.5139022099999996e-05,1.1321929070000001e-06,1.4063875e-05
147,1709025000,1.271072775,1.2710860560000001,-0.0108569928,-1.57238016,1.7021394300000001,1.0265114240000002,1.51879636,1.46115709,0.0292869042,0.559805347,1.6725180099999997e-05,3.971285695000001e-06,6.21684404e-06,5.464128493e-06,6.675894324000001e-06,8.643945824e-06,1.4078646269999999e-05,2.69136864e-05,0.63026144,0.005080397259999999,0.0001190649585,65.76263370000001,50.8483528,4.22512065e-05,6.21154,0.017813115100000002,13.45738,0.001384129599,0.0001262681799,0.036745309000000004,55.968692499999996,0.001384129599,0.0001262681799,0.00546840239,26.326513249999998,0.001384129599,0.0001262681799,0.0029040489600000003,26.46939685,0.001384129599,0.0001262681799,0.00393922446,8.69172472e-06,2.1956111999999998e-05,0.045208143900000004,1.8636957210000002,0.012773616800000002,0.001111211919,0.0001511162291,1.3860065569999997e-06,1.613905455e-05
147,1709025600,0.6694394869999999,0.6694527210000001,-0.010821390599999998,-1.61354863,1.20468677,0.7416572629999999,1.0688201389999998,1.012980939,0.021202515499999998,0.310958834,1.3994537350000001e-05,1.2673440209999998e-06,2.9627277900000007e-06,1.4835961149999999e-06,1.957760296e-06,2.7380607219999997e-06,5.03750771e-06,1.02273373e-05,0.331565007,0.00305444678,7.373611460000001e-05,67.79709069999998,51.038191,2.22596736e-05,6.29959791,0.01279066805,7.04936169,0.0005095866856,4.6217346396000007e-05,0.026185702899999996,29.1692341,0.0005095866856,4.6217346396000007e-05,0.00476969185,12.09535333,0.0005095866856,4.6217346396000007e-05,0.00202328253,11.82421995,0.0005095866856,4.6217346396000007e-05,0.00382341131,7.16287089e-06,2.0380174599999997e-05,0.05094381170000001,-0.37444149699999996,0.008842117449999999,0.00068561498,-0.00010797747200000001,8.06661319e-07,1.053683525e-05
147,1709026200,0.7326983709999999,0.732711654,-0.0110074765,-1.56626449,1.2801390400000001,0.7688834740000001,1.141872349,1.08622066,0.0224342714,0.336460726,1.4249167050000001e-05,1.4887253400000003e-06,3.4525512599999996e-06,2.4203569209999996e-06,2.6028836759999998e-06,3.678238517000001e-06,6.924395065e-06,1.358877685e-05,0.36470343499999996,0.001522456255,8.81312703e-05,66.8372699,50.5420972,2.4353708199999995e-05,6.42202123,0.013366227749999997,7.779534170000001,0.000728583925,6.623697243e-05,0.027492153599999996,32.1825826,0.000728583925,6.623697243e-05,0.005030960530000001,14.998203570000001,0.000728583925,6.623697243e-05,0.00232632592,14.842922050000002,0.000728583925,6.623697243e-05,0.00390955884,8.5065641e-06,2.17025474e-05,0.0089485567,0.5672472081999999,0.01023295732,0.001023219256,0.0001714937545,1.3339468869999998e-06,1.446290365e-05
147,1709026800,0.6166156309999999,0.6166286969999999,-0.010596346350000002,-1.50220581,1.2232123400000001,0.709013051,1.0912083199999998,1.03739415,0.015841653900000002,0.27579662699999996,1.4324666099999999e-05,1.762155733e-06,3.76114354e-06,2.054534728e-06,2.650405784e-06,3.441083474e-06,6.293119913999999e-06,1.1317243369999999e-05,0.306711607,0.0014965850139999999,6.685376379999999e-05,64.9741094,50.517603300000005,2.0503789300000003e-05,6.24836571,0.012344099950000001,6.513205319999999,0.0004179839475,3.779732823000001e-05,0.0256042078,27.026831699999995,0.0004179839475,3.779732823000001e-05,0.004737545710000001,9.644041170000001,0.0004179839475,3.779732823000001e-05,0.0019996082100000004,9.368904389999999,0.0004179839475,3.779732823000001e-05,0.00383900034,7.45989501e-06,2.05813222e-05,0.06942857129999999,-0.27992914599999996,0.009479808949999998,0.000822251005,9.638991500000002e-06,7.93670527e-07,1.0998911950000001e-05
147,1709027400,0.45025258000000007,0.450265817,-0.01114505245,-1.4284299,1.0824705399999999,0.5967718160000001,0.953054105,0.8992774440000002,0.0162215286,0.214500054,1.3832121549999999e-05,9.3973308e-07,3.3438776099999993e-06,1.6085633119999998e-06,1.508193985e-06,2.1467765679999996e-06,6.082680650000001e-06,7.34482453e-06,0.224093241,0.000951691346,5.728714159999999e-05,66.9477746,50.476041699999996,1.4972083699999997e-05,6.40655011,0.01052602745,4.83628511,0.00040567709929999993,3.671969399500001e-05,0.0219257813,19.939585,0.00040567709929999993,3.671969399500001e-05,0.0046269685,8.464352986,0.00040567709929999993,3.671969399500001e-05,0.0018487529999999999,8.212899333,0.00040567709929999993,3.671969399500001e-05,0.00394250465,8.866261279999999e-06,2.2010433799999998e-05,0.0703238045,-0.28116461649999996,0.00907126326,0.00123697684,0.00029894183566000007,1.1385008580000001e-06,1.2578669349999998e-05
147,1709028000,0.5079679100000001,0.507980966,-0.01530884695,-1.33488024,1.1714232800000004,0.623832246,1.0384441739999999,0.984217543,0.0137096442,0.232371792,1.4023629249999999e-05,1.3249538069999998e-06,3.7897085200000003e-06,1.7538349050000001e-06,2.287326771e-06,2.822541284e-06,4.883893249e-06,8.16156502e-06,0.25193783099999995,0.00196104768,5.8730201999999994e-05,67.41067629999999,50.77253520000001,1.68925197e-05,6.1971343999999995,0.01127354815,5.59312517,0.00036903860190000003,3.3336019094e-05,0.0233647147,22.603564900000002,0.00036903860190000003,3.3336019094e-05,0.004606799280000001,7.69737564,0.00036903860190000003,3.3336019094e-05,0.0018522286200000002,7.443030669999999,0.00036903860190000003,3.3336019094e-05,0.00391311394,9.196317279999999e-06,2.22332659e-05,0.012278065500000008,0.28475953099999995,0.00942081143,0.001071515411,0.0001505068366,1.417192154e-06,1.4535406149999999e-05
147,1709028600,1.2965102200000003,1.2965234429999999,-0.024773911,-1.3263641,1.91518347,0.9933180650000001,1.6626507700000002,1.5067209899999998,0.0770760275,0.6354795179999999,1.47968572e-05,1.885515301e-05,0.00017254984599999998,3.71636658e-06,4.510619580000001e-06,1.496775756e-05,0.00016071999447,1.98953136e-05,0.6447268349999999,0.0020450983700000002,0.0010862584384999999,64.9007774,50.4308549,4.31082614e-05,6.33600303,0.0208060413,19.894730399999997,0.001365393465,0.00012451520020000003,0.0384189843,65.4351541,0.001365393465,0.00012451520020000003,0.00558401128,26.364561090000002,0.001365393465,0.00012451520020000003,0.006780672999999999,27.2848458,0.001365393465,0.00012451520020000003,0.015127995760000002,0.0004593538514,0.00047254436180000004,-0.0365912469,4.092006761,0.0515821678,0.03114919653,0.024892702782999997,1.6300282179999998e-05,0.0002293788598
147,1709029200,0.8429350469999999,0.8429482070000001,-0.028756534600000005,-1.3462476799999998,1.5233714999999999,0.797730375,1.31340262,1.21833721,0.020114164900000002,0.38321253800000005,1.46788962e-05,1.820913311e-05,0.00023105299099999998,2.479104339e-06,3.4314265049999998e-06,2.186118395e-05,0.00020605601199999999,1.4333325390000002e-05,0.41727559000000003,0.0023530546500000003,0.00133958718,67.7307184,50.7715117,2.8015459000000004e-05,6.32447396,0.019137262500000002,17.1782115,0.000739780404,6.720996033e-05,0.0326596329,49.0336824,0.000739780404,6.720996033e-05,0.005118764159999999,15.612432379999998,0.000739780404,6.720996033e-05,0.00760658984,16.86975083,0.000739780404,6.720996033e-05,0.0187442108,0.000601145872,0.0006142911779999999,-0.0207181591,-0.44917853599999996,0.049620759199999996,0.039785431,0.0343814913,4.16801901e-06,0.000256827945
147,1709029800,0.616307186,0.6163204309999999,-0.030917185199999996,-1.3821578899999998,1.29971469,0.694757106,1.12852197,1.03971928,0.01249870028,0.27035104899999995,1.4716627000000001e-05,1.884765844e-05,0.00022723868500000005,2.248147217e-06,3.030662076e-06,3.0088442830000002e-05,0.000190232008,9.777148439999999e-06,0.304088987,0.0022677580499999997,0.00131358701,67.66421390000001,50.899259199999996,2.0482736300000003e-05,6.3176572,0.017677523000000004,14.7196857,0.0005674971765000001,5.1497481426e-05,0.0290800862,38.9875963,0.0005674971765000001,5.1497481426e-05,0.00478496363,11.279494829999999,0.0005674971765000001,5.1497481426e-05,0.00723337213,12.61934317,0.0005674971765000001,5.1497481426e-05,0.0186474201,0.0005938730659999999,0.0006070985540000001,-0.023081040399999996,-0.447087185,0.0519670082,0.0393995814,0.03405144280000001,5.68892329e-06,0.00026387502799999995
147,1709030400,0.724737753,0.7247509150000001,-0.021988339074,-1.37389293,1.4085804899999999,0.751684958,1.2280875,1.1346721199999998,0.019335355550000002,0.328944069,1.396814555e-05,1.711276449e-05,0.00022347124400000002,2.7234135799999998e-06,1.9234174440000003e-06,1.1141191890000001e-05,0.00020717913,9.28336424e-06,0.358760995,0.0018505780280000002,0.0012835831999999999,68.11579120000002,50.6631398,2.4098677999999997e-05,6.422066889999999,0.0184126214,15.7658955,0.0006711059466999999,6.093406413e-05,0.030856267599999997,43.463588099999996,0.0006711059466999999,6.093406413e-05,0.00494104292,13.169755630000001,0.0006711059466999999,6.093406413e-05,0.00734179843,14.499580200000002,0.0006711059466999999,6.093406413e-05,0.0186131088,0.0005879727050000001,0.0006011696600000001,-0.024024881399999996,-0.44560407899999993,0.0497447491,0.0390067926,0.033683428700000004,5.11585e-06,0.000252577495
147,1709031000,0.670166865,0.670180065,-0.00421407738,-1.44383418,1.3396158900000001,0.730225098,1.15777284,1.07515783,0.0188854411,0.303517598,1.4538337050000003e-05,2.22533207e-05,0.00022054010799999997,2.63034197e-06,2.664201023e-06,2.1202639430000002e-05,0.000199109902,1.0737624680000001e-05,0.33274331299999993,0.0006385107200000001,0.0012210290299999999,65.36730939999998,50.3505022,2.22792549e-05,6.366660990000001,0.0180178709,15.1813739,0.0007139509639999999,6.485451810000001e-05,0.0299154696,41.1263826,0.0007139509639999999,6.485451810000001e-05,0.0050034024699999995,13.63837551,0.0007139509639999999,6.485451810000001e-05,0.00741064276,14.93601985,0.0007139509639999999,6.485451810000001e-05,0.0185708344,0.0005882991520000001,0.0006015232309999999,-0.0247692678,-0.446119663,0.0476921893,0.0390757326,0.033811923300000005,4.496656e-06,0.00024967767000000005
147,1709031600,0.480174218,0.48018741699999995,-0.01459630915,-1.4983939400000001,1.13140952,0.622370656,0.95890427,0.8809393809999999,0.016373749000000003,0.228279597,1.398799195e-05,1.966301247e-05,0.00022244591699999996,2.019367087e-06,1.9458832540000003e-06,2.7346741339999993e-05,0.000191922697,9.594769929999999e-06,0.236052612,0.00225216171,0.00130641436,70.3552951,51.3185532,1.5949659299999997e-05,6.52084569,0.016735059,13.160447050000002,0.00041541000545,3.757078226e-05,0.0264853934,32.9470356,0.00041541000545,3.757078226e-05,0.00467687546,9.137982580000001,0.00041541000545,3.757078226e-05,0.007108460549999999,10.18276843,0.00041541000545,3.757078226e-05,0.0185753443,0.0005895519179999999,0.00060272191,-0.027077243499999997,-0.4477013229999999,0.047943994899999995,0.039192030600000004,0.0338745341,4.508510920000001e-06,0.00024964136800000004
147,1709032200,0.6943537820000001,0.694367272,-0.016518827300000004,-1.4522948,1.34404103,0.736485359,1.1559727839999998,1.0736577520000001,0.02342742605,0.32234254,1.4795914e-05,1.8494463000000003e-05,0.000227519582,2.371541351e-06,2.861402971e-06,2.847210611e-05,0.000200363141,1.0130388999999999e-05,0.34266220599999997,0.0027892649000000004,0.00123359711,68.46861570000002,51.15022280000001,2.3082460999999998e-05,6.21212431,0.0184607505,15.7059323,0.0003703353105,3.336078285e-05,0.030118746999999994,42.298902600000005,0.0003703353105,3.336078285e-05,0.00479766754,9.60096521,0.0003703353105,3.336078285e-05,0.007223000260000001,10.66470042,0.0003703353105,3.336078285e-05,0.018696939,0.000598382458,0.00061184538,-0.021012099000000003,-0.44406487099999997,0.047636715200000006,0.0395636759,0.034240676399999996,4.6131700500000006e-06,0.000253384966
147,1709032800,0.6118607880000001,0.611874063,-0.016950187369999998,-1.38982465,1.33834081,0.692683576,1.1174215900000002,1.025318795,0.0283301097,0.2973256,1.51224833e-05,1.8590784520000002e-05,0.000231436146,2.9697891019999996e-06,3.3972344600000003e-06,4.1976163000000005e-05,0.0001908681515,1.404413802e-05,0.30166975799999995,0.00251217942,0.00124305775,67.1775984,50.996183900000005,2.0324643699999997e-05,6.55964275,0.0178800591,14.8806407,0.0007830569432999999,7.122186583e-05,0.028995321,39.0442653,0.0007830569432999999,7.122186583e-05,0.00502062446,15.355835480000001,0.0007830569432999999,7.122186583e-05,0.00748662772,16.602508949999997,0.0007830569432999999,7.122186583e-05,0.018734090600000003,0.0006022586970000001,0.000615619876,-0.023093442599999996,-0.44189110200000004,0.0474548855,0.0398075313,0.0343518507,4.078253189999999e-06,0.00025482019100000005
147,1709033400,0.7797956120000001,0.779808914,-0.0142747952,-1.3831922,1.46318218,0.780440448,1.27035129,1.1824485999999998,0.0270773965,0.359241907,1.46864107e-05,1.5621676579999997e-05,0.000245331724,2.450535167e-06,2.9745880499999995e-06,2.482676835e-05,0.000197513997,1.224004389e-05,0.38634040199999997,0.00181668358,0.00123799487,65.951304,50.590513800000004,2.59228631e-05,6.224863999999999,0.0189719795,16.4362766,0.0006353036524000001,5.7643117430000006e-05,0.032016021500000005,46.90019740000001,0.0006353036524000001,5.7643117430000006e-05,0.005103639090000001,14.1803877,0.0006353036524000001,5.7643117430000006e-05,0.00772385169,15.466412159999999,0.0006353036524000001,5.7643117430000006e-05,0.018991074099999998,0.000622668029,0.000635875006,-0.0279038954,-0.458681432,0.0490037937,0.0403254385,0.03498950979999999,5.01301862e-06,0.000264600455
147,1709034000,0.502743275,0.502756342,-0.021919667000000004,-1.3563498800000002,1.21233701,0.621887538,1.022206234,0.935841074,0.01720112785,0.234607254,1.4529736100000001e-05,1.9934099259999995e-05,0.00024579860400000006,2.4963242240000003e-06,2.598989994e-06,2.716743986e-05,0.00018500585,1.109530444e-05,0.24880488299999998,0.000815827094,0.00125532852,65.53241929999999,50.51797319999999,1.6701657200000002e-05,6.455640900000001,0.0169485904,13.271624,0.00042335742359999993,3.829537361e-05,0.027308445299999994,35.032782299999994,0.00042335742359999993,3.829537361e-05,0.0047393637599999995,9.25357097,0.00042335742359999993,3.829537361e-05,0.00744372153,10.5057958,0.00042335742359999993,3.829537361e-05,0.0190877396,0.000628129027,0.000641216067,-0.0261351736,-0.47608723,0.048527321199999994,0.040409449099999994,0.035135605599999994,4.00943179e-06,0.000267138196
147,1709034600,0.921287291,0.9213004869999999,-0.008924957890000002,-1.4333426500000002,1.5340968400000001,0.847840383,1.35094125,1.2596634500000001,0.0212814772,0.41033551700000004,1.417047275e-05,2.5024955160000003e-05,0.00023712528400000003,2.217509696e-06,3.1101480600000004e-06,1.90703178e-05,0.00019438263200000002,1.5189501099999998e-05,0.45856363,0.000352456977,0.00123038312,64.26032149999999,50.201822,3.06126491e-05,6.45498175,0.0195570973,17.4970413,0.0006643660084000001,6.028949273e-05,0.0341200206,53.2275126,0.0006643660084000001,6.028949273e-05,0.0052065444599999995,15.588539700000002,0.0006643660084000001,6.028949273e-05,0.00782952642,16.69545427,0.0006643660084000001,6.028949273e-05,0.0189791687,0.0006214107189999999,0.000634646976,-0.0257874208,-0.466803207,0.0585791175,0.0401885533,0.0349166749,4.448589369999999e-06,0.00027236930200000005
147,1709035200,1.08830893,1.0883220599999999,-0.005013225130000001,-1.4577558099999999,1.64986283,0.9342054949999999,1.47503253,1.38071716,0.0204581001,0.476694102,1.53027246e-05,2.173838076e-05,0.000247682644,4.66045401e-06,6.010317569999999e-06,2.36769041e-05,0.00020313883900000001,2.16426043e-05,0.5417357460000001,0.000576521865,0.0013114671700000002,67.4073115,50.2027786,3.61699723e-05,6.66420765,0.0209047764,20.0788685,0.0008686271496,7.900415347e-05,0.036855435400000004,60.8753639,0.0008686271496,7.900415347e-05,0.00515719907,17.8088087,0.0008686271496,7.900415347e-05,0.007848667319999999,19.439786500000004,0.0008686271496,7.900415347e-05,0.019315139,0.0006438380429999999,0.0006569544199999999,-0.030005243239999996,-0.40241834499999996,0.08320825840000001,0.04065601840000001,0.035293102300000004,1.627972625e-05,0.000370010597
147,1709035800,1.1006677500000002,1.100680846,-0.00450436305,-1.45084743,1.67611366,0.937927957,1.4868079,1.3896424,0.02108103825,0.48811648499999993,1.46190468e-05,2.7170880130000004e-05,0.000241909762,2.562587675e-06,3.7001280200000004e-06,1.668908177e-05,0.00021010515400000002,1.83675179e-05,0.547976141,0.000558260831,0.0012774519300000002,65.193657,50.2007007,3.6586732100000006e-05,6.4687371,0.020817023799999997,19.8068323,0.0009015209049999999,8.200716460000001e-05,0.0370242275,61.4333495,0.0009015209049999999,8.200716460000001e-05,0.005326980980000001,19.084591699999997,0.0009015209049999999,8.200716460000001e-05,0.00802789443,20.5348209,0.0009015209049999999,8.200716460000001e-05,0.0192255279,0.00063992808,0.0006529926410000001,-0.025021788499999996,-0.44103036700000003,0.060661510200000004,0.040851389999999994,0.035473149999999995,7.82198046e-06,0.0002993955
147,1709036400,1.007038708,1.007051929,-0.0058076965700000005,-1.42521003,1.6224495300000001,0.8926200850000001,1.43126869,1.33500328,0.027017885250000002,0.45431803400000004,1.53525426e-05,2.0142289720000003e-05,0.000242410505,3.4239718900000005e-06,3.989132824e-06,1.305109963e-05,0.000227478726,1.577412861e-05,0.501016157,0.000750864797,0.00122394438,63.7420017,50.2723236,3.3489875000000004e-05,6.18956998,0.020443895,19.0951038,0.0010710124377,9.755290853999999e-05,0.0354165112,56.56131459999999,0.0010710124377,9.755290853999999e-05,0.00526511848,20.06166506,0.0010710124377,9.755290853999999e-05,0.0078459921,21.57306588,0.0010710124377,9.755290853999999e-05,0.019025109499999998,0.0006311062289999999,0.0006443385540000001,-0.0286936097,-0.42524873999999996,0.0506593427,0.0407334276,0.0352217559,5.8089068199999985e-06,0.000268703365
147,1709037000,0.8555112890000001,0.855524533,-0.00576757325,-1.4162900600000001,1.5117836500000001,0.8214886079999999,1.3232279200000001,1.23093758,0.0215929398,0.389456935,1.4700744199999997e-05,2.0698232649999997e-05,0.000229740915,2.258507526e-06,3.2192035300000003e-06,2.065384109e-05,0.00021139800999999997,1.3924387380000001e-05,0.42543358099999995,0.000585556743,0.00123305549,64.09776020000001,50.256282000000006,2.8438909199999998e-05,6.3734063800000005,0.0194442919,17.3854292,0.0006307975549000001,5.7267396649999994e-05,0.0330817644,49.624231800000004,0.0006307975549000001,5.7267396649999994e-05,0.00508072196,14.304317000000001,0.0006307975549000001,5.7267396649999994e-05,0.0075574223800000005,15.6555263,0.0006307975549000001,5.7267396649999994e-05,0.0186310131,0.0006061567359999999,0.0006194222069999999,-0.033483762900000005,-0.416786747,0.048218869600000006,0.0399615757,0.03451356480000001,4.89163797e-06,0.000260344338
147,1709037600,0.8099557169999999,0.80996886,-0.003468386136,-1.41370364,1.47236991,0.799721346,1.2914269,1.1996241300000001,0.016977542,0.359644601,1.37253079e-05,2.363868236e-05,0.00022965279099999999,1.684941941e-06,1.784521623e-06,1.3514203709999998e-05,0.000210831326,9.29486188e-06,0.40265711299999996,0.0005943782550000001,0.00123525786,65.6340972,50.2654835,2.6936084900000002e-05,6.159137390000001,0.0192042081,17.020950900000003,0.0006590446822,5.9868348399999995e-05,0.032421835100000004,47.8022122,0.0006590446822,5.9868348399999995e-05,0.00508147779,14.352944249999998,0.0006590446822,5.9868348399999995e-05,0.0076348263100000004,15.705318550000001,0.0006590446822,5.9868348399999995e-05,0.0188038676,0.0006148373660000001,0.000627931951,-0.0339206766,-0.429511515,0.0492835544,0.0401354171,0.034662448400000004,5.02939154e-06,0.00026195291900000004
147,1709038200,0.70848406,0.7084972279999999,-0.00191133226,-1.41977253,1.40531792,0.7482904880000001,1.20464924,1.1161840499999998,0.020202468000000005,0.326033298,1.4244814999999999e-05,2.18174825e-05,0.000251191853,1.6551895859999998e-06,2.298707515e-06,7.28619237e-06,0.000275791152,1.1118071199999998e-05,0.35182175400000004,0.0006313606339999999,0.0012166962399999999,65.50492460000001,50.3292412,2.3558283899999996e-05,6.44867673,0.0194877886,17.6329622,0.000637890255,5.7875115999999995e-05,0.0309575974,44.162840100000004,0.000637890255,5.7875115999999995e-05,0.0050153743,13.413080490000002,0.000637890255,5.7875115999999995e-05,0.00777373007,14.87348136,0.000637890255,5.7875115999999995e-05,0.0196629567,0.0006786243130000001,0.000691790887,-0.0293684463,-0.38686078300000004,0.052521386700000006,0.0427259164,0.03678328100000001,7.089871560000001e-06,0.00028813272
147,1709038800,0.733895404,0.733908465,-0.000643380452,-1.40987404,1.42429344,0.7607801220000001,1.23262513,1.14033482,0.0193748776,0.336698693,1.4413226849999998e-05,1.695812115e-05,0.000260760585,2.531081056e-06,3.4032268300000004e-06,4.282895759e-05,0.000247530542,1.3558645699999997e-05,0.36446467800000004,0.000639132864,0.0012546914600000002,64.91194,50.293107,2.43864565e-05,6.598282960000001,0.0198744512,18.2959569,0.0004052150913,3.667458031e-05,0.0315821203,45.8558632,0.0004052150913,3.667458031e-05,0.00478065233,10.4357033,0.0004052150913,3.667458031e-05,0.00762109874,11.769263069999997,0.0004052150913,3.667458031e-05,0.0198844032,0.000691522867,0.0007045967569999999,-0.0290764645,-0.38777436,0.052310927800000004,0.043205950199999996,0.0371306842,6.1409114199999994e-06,0.000294636513
147,1709039400,0.7154084270000001,0.715421408,0.003322967366,-1.3480565300000003,1.44435658,0.736676148,1.203261729,1.121621738,0.03424952600000001,0.358559995,1.3804752249999998e-05,2.2916152210000004e-05,0.00021126357897,1.8793562020000001e-06,2.274378177e-06,2.207053042e-05,0.00011974743174,1.1959187260000002e-05,0.35535735199999996,0.0008822319879999999,0.0010715650625,64.94500450000001,50.3794098,2.37816952e-05,6.309313470000001,0.016431361000000002,13.03271494,0.00043669001589999995,3.949481008e-05,0.030202361599999998,42.83453110000001,0.00043669001589999995,3.949481008e-05,0.00488530087,11.05679899,0.00043669001589999995,3.949481008e-05,0.00619571049,12.148597599999999,0.00043669001589999995,3.949481008e-05,0.01642816058,0.0005337389833499999,0.0005467347592000001,0.029320708509999998,3.7989666350000006,0.0470902253,0.026306004579999997,0.02299789883,2.585693797e-05,0.00028899130140000006
147,1709040000,0.78930769,0.7893208999999999,0.006311921549999999,-1.36848668,1.56616029,0.7843312900000001,1.2847892600000002,1.1854861700000003,0.017782138100000004,0.35246554199999997,1.514450795e-05,4.24320351e-05,0.0005410120270000001,2.552401864e-06,3.1967933200000004e-06,1.0468432030000002e-05,0.0001124349746,1.4134698510000001e-05,0.390406017,0.0009032880970000001,0.0026163602399999998,65.00010010000001,50.5142953,2.6239098399999995e-05,6.334920639999999,0.017686050400000007,14.516412299999999,0.000654850916,5.9445421530000003e-05,0.036577397399999996,63.256669099999996,0.000654850916,5.9445421530000003e-05,0.0049769316499999995,13.176577619999998,0.000654850916,5.9445421530000003e-05,0.010646128199999999,16.37229499,0.000654850916,5.9445421530000003e-05,0.03297912360000001,0.00121892731,0.00123203603,0.0031142031299999998,-1.75962036,0.045709851,0.0389236558,0.0376760647,7.121339929999999e-06,0.000506707906
147,1709040600,0.670509561,0.6705225429999999,0.0022175307499999997,-1.35313704,1.47236995,0.7222981340000001,1.18919881,1.0922583700000001,0.01646993855,0.305205432,1.4745370800000002e-05,7.18764021e-05,0.0004999972789999999,2.242120053e-06,2.4534995410000002e-06,1.9753248030000003e-05,9.55389232e-05,9.80383331e-06,0.330955403,0.001064727458,0.00253117008,67.1654068,50.6260312,2.2292616599999997e-05,6.3588510000000005,0.0167903761,13.120036099999998,0.0005751692933999999,5.2142845279999996e-05,0.0348502344,57.5138053,0.0005751692933999999,5.2142845279999996e-05,0.00496571953,12.97746534,0.0005751692933999999,5.2142845279999996e-05,0.010541011000000001,16.247901700000003,0.0005751692933999999,5.2142845279999996e-05,0.0326303914,0.00119423205,0.00120729768,0.0024818851979999997,-1.75686927,0.0450769424,0.038560968999999994,0.037292271,8.02694202e-06,0.000497650007
147,1709041200,0.6185611639999999,0.6185743939999999,0.0049386829000000005,-1.34501225,1.40880552,0.6923136910000001,1.1465599800000001,1.052282134,0.013161742700000001,0.278942326,1.364211665e-05,4.4906775e-05,0.000524008322,1.284706371e-06,1.353249799e-06,1.362594257e-05,0.00010053712319999998,7.182833209999998e-06,0.305207812,0.0009043528740000001,0.0024750815,68.7410621,50.61903289999999,2.0565254400000002e-05,6.323820070000001,0.0165029733,12.624218699999998,0.0003502602834,3.163092772e-05,0.0341649852,55.298321599999994,0.0003502602834,3.163092772e-05,0.00482090548,10.04319716,0.0003502602834,3.163092772e-05,0.0103964675,12.8049351,0.0003502602834,3.163092772e-05,0.0326407378,0.0011937363,0.00120692211,0.0026261004890000004,-1.7601384099999997,0.0441788555,0.038402574999999994,0.0372792374,7.31599202e-06,0.000495749462
147,1709041800,0.734075516,0.734088728,0.00787603116,-1.36973542,1.50304589,0.757308635,1.24511303,1.15698533,0.01531887065,0.329738489,1.4529448250000002e-05,3.495482390000001e-05,0.000559388319,2.65073885e-06,3.014526129e-06,5.90904184e-06,0.00010915977200000001,1.385004965e-05,0.36278618700000004,0.0010115474360000002,0.00250974001,65.75151179999999,50.5702398,2.43973803e-05,6.612539290000001,0.017113071400000002,13.6167721,0.00045175405730000004,4.077692945e-05,0.035962912599999994,61.195345399999994,0.00045175405730000004,4.077692945e-05,0.00491219108,10.997866934000001,0.00045175405730000004,4.077692945e-05,0.010640800150000001,14.10630835,0.00045175405730000004,4.077692945e-05,0.0332064539,0.00123840624,0.0012515813799999999,0.00205528204,-1.75516274,0.0456563635,0.0391259791,0.03803345700000001,7.726941419999999e-06,0.0005150862399999999
147,1709042400,0.9647421790000001,0.964755418,0.0011718089794999999,-1.42904145,1.6602881800000002,0.876340787,1.3952676099999999,1.3069524000000001,0.0205603159,0.43014477100000004,1.435585715e-05,5.2244581e-05,0.000575341764,1.7833860250000002e-06,3.095251316e-06,7.88031418e-06,0.00010159204149999998,1.743647703e-05,0.47831937799999996,0.00065723056,0.002633977,66.63074869999998,50.386424700000006,3.2052624000000004e-05,6.530839139999999,0.0184659997,15.798779399999997,0.00045126833220000015,4.07023742e-05,0.0393126802,72.8157415,0.00045126833220000015,4.07023742e-05,0.005259592800000001,14.518230299999999,0.00045126833220000015,4.07023742e-05,0.01118337195,17.44149735,0.00045126833220000015,4.07023742e-05,0.0340050645,0.00130125603,0.0013145096800000003,0.00355127755,-1.7519666399999998,0.0467879679,0.040135891199999996,0.0391065812,9.29658712e-06,0.000541371706
147,1709043000,0.893722696,0.8937361169999999,-0.000367806323,-1.41780547,1.6117616900000002,0.840109873,1.34411605,1.24830057,0.029041245899999995,0.40662537099999996,1.4707616700000001e-05,5.6870140199999995e-05,0.000616706526,3.8032483499999997e-06,4.628375299999999e-06,1.310187714e-05,7.64973325e-05,2.003301634e-05,0.442983276,0.000353693543,0.0027313832600000003,63.774772399999996,50.3451128,2.9686346899999998e-05,6.609160320000001,0.017777070799999996,14.5852269,0.000670557655,6.079535624e-05,0.0390758078,72.14652349999999,0.000670557655,6.079535624e-05,0.00521229078,15.001839829999998,0.000670557655,6.079535624e-05,0.011476418300000001,18.318824099999997,0.000670557655,6.079535624e-05,0.03474520639999999,0.00137737119,0.00139069486,0.0014774282679999998,-1.71712886,0.0490755477,0.0424072126,0.0411965517,9.279000199999999e-06,0.0005718478339999999
147,1709043600,1.57219152,1.5722049099999997,-0.0008110328400000001,-1.4469208500000001,2.03938725,1.112192147,1.7534785499999999,1.6397750599999998,0.02843009915,0.681326122,1.69411613e-05,6.518286225e-05,0.000697305073,4.676859242e-06,6.781844004e-06,1.787969131e-05,4.014164145e-05,2.967061664e-05,0.782120348,0.000235368858,0.00287477469,63.1385724,50.1857486,5.22589787e-05,6.215402989999999,0.0217077709,21.015389399999997,0.000886919653,8.055790280000001e-05,0.047837708300000004,107.0573801,0.000886919653,8.055790280000001e-05,0.0056374764899999995,22.3638784,0.000886919653,8.055790280000001e-05,0.01242503625,26.654405199999996,0.000886919653,8.055790280000001e-05,0.036312793600000004,0.00153095843,0.00154439329,-0.00049374537,-1.66695426,0.053788903799999996,0.0462575503,0.044956865400000004,6.432457259999999e-06,0.000628511012
147,1709044200,1.4030193299999998,1.4030327,0.000476561418,-1.42361942,2.00349869,1.05550532,1.6857139700000001,1.5714854400000002,0.0336252824,0.630603553,1.5173296399999998e-05,5.519014639999999e-05,0.0007085638799999999,3.217419481e-06,4.272756727e-06,9.283625439999998e-06,3.8714959e-05,1.97639364e-05,0.69729653,0.0005271166979999999,0.0028452723499999997,64.0757708,50.261095600000004,4.6662318e-05,6.33843287,0.0205469839,18.7137636,0.0011234480402,0.00010246540318,0.0459153681,98.7875875,0.0011234480402,0.00010246540318,0.005655823830000001,24.379432899999998,0.0011234480402,0.00010246540318,0.012477745799999999,28.737584799999997,0.0011234480402,0.00010246540318,0.03637868899999999,0.00153998969,0.0015533375999999999,0.003661965249,-1.65791395,0.0545673379,0.0469115157,0.045394382,6.11969632e-06,0.000631154076
147,1709044800,0.914807337,0.9148207000000002,-0.00036693302019999994,-1.3914639100000001,1.6549255200000001,0.8477240189999999,1.3741544200000002,1.27001374,0.0175165398,0.40457423000000003,1.5614038100000002e-05,4.39704046e-05,0.0007065961739999999,3.166664887e-06,4.250268872e-06,7.181281179999999e-06,3.8854153700000004e-05,1.831361217e-05,0.45288719000000005,0.000884325283,0.0028075596,64.43423190000001,50.4684636,3.04066171e-05,6.501625219999999,0.0173722679,13.560860699999997,0.001006588353,9.156089289999999e-05,0.0402124382,76.64617430000001,0.001006588353,9.156089289999999e-05,0.00537835332,18.53143645,0.001006588353,9.156089289999999e-05,0.0121994928,23.029217199999998,0.001006588353,9.156089289999999e-05,0.036040614799999995,0.0015147936699999999,0.00152811491,0.003964655735,-1.6514650100000001,0.0533656913,0.0467457043,0.045203280400000004,5.30817801e-06,0.000619249002
147,1709045400,0.768612952,0.768626215,0.0043625967100000005,-1.3610519499999998,1.55956012,0.774962695,1.27380137,1.1646355400000001,0.0232181716,0.352615506,1.4520840699999999e-05,7.21976748e-05,0.0006269880139999999,1.9862943830000004e-06,2.1524906750000003e-06,4.521799279999999e-06,3.80200573e-05,1.024888283e-05,0.3800248890000001,0.000869409639,0.00265477754,65.7122719,50.509987100000004,2.5551132800000004e-05,6.274991109999999,0.016296883,12.060448,0.0006633079957999999,6.021878949999999e-05,0.0377736563,68.1389942,0.0006633079957999999,6.021878949999999e-05,0.00518427798,14.14298765,0.0006633079957999999,6.021878949999999e-05,0.01142399704,18.05380925,0.0006633079957999999,6.021878949999999e-05,0.0340511548,0.001412218225,0.0014254797400000002,0.0052330983660000005,-1.484072652,0.0556982506,0.0456703374,0.0440979745,3.42741146e-05,0.0006152663529999999
147,1709046000,0.378200164,0.37821327499999996,-0.00731202729,-1.3797958399999999,0.992467814,0.5436913810000001,0.8914772049999999,0.843213252,0.0093058281,0.171417617,1.394147875e-05,1.021603455e-06,2.202688707e-06,1.460162044e-06,1.702072446e-06,2.567034144e-06,6.612438819999999e-06,7.21668087e-06,0.187540555,0.0014818165049999999,5.4056604800000004e-05,66.5285221,50.833805600000005,1.2574375549999998e-05,6.39068732,0.009624599000000001,4.075340419999999,0.0003715832511,3.3568038347e-05,0.0199982984,16.44204,0.0003715832511,3.3568038347e-05,0.004629481109999999,7.800192269999999,0.0003715832511,3.3568038347e-05,0.0016894263699999998,7.51703064,0.0003715832511,3.3568038347e-05,0.003745479339999999,5.5290916e-06,1.8673391000000005e-05,-0.04543949303,0.052617173559999994,0.00627146277,0.00025741099100000007,-0.00056934773,7.60385161e-07,9.818453699999999e-06
147,1709046600,0.45731405700000005,0.457327151,-0.00877726113,-1.3826245099999999,1.09750852,0.598446708,0.9766798260000001,0.9251157360000001,0.011847158299999999,0.208558092,1.3889777499999999e-05,1.050095888e-06,2.1854834399999997e-06,1.84821506e-06,1.91518104e-06,2.6286149200000005e-06,8.01574762e-06,8.93446399e-06,0.22695406499999998,0.0016140451100000001,6.14325055e-05,66.42267559999999,50.7570475,1.51997877e-05,6.529298849999999,0.010514653399999999,4.863724960000001,0.00039128386206,3.538985945e-05,0.021983796,19.8667603,0.00039128386206,3.538985945e-05,0.004706707700000001,8.683763299999999,0.00039128386206,3.538985945e-05,0.00182142876,8.39249886,0.00039128386206,3.538985945e-05,0.0038123397299999993,6.649772730000001e-06,1.96875299e-05,0.00210852153,0.01818014358000001,0.006972256959999999,0.0006034888824,-0.00027649457800000003,9.23415761e-07,1.0304658500000001e-05
147,1709047200,0.48026394699999997,0.480276909,-0.0077812844199999995,-1.3199109900000001,1.13654721,0.6053611940000001,1.018793611,0.96419195,0.0116484037,0.218322443,1.3913468399999999e-05,1.2630596779999999e-06,2.04631899e-06,1.6548743910000002e-06,1.9427269160000003e-06,2.4546959659999995e-06,7.589094609999999e-06,8.23125214e-06,0.23800500199999997,0.0020546539399999997,4.61683833e-05,67.38005159999999,50.9050831,1.5973223749999998e-05,6.33510435,0.010762180199999999,5.09722153,0.0004491443775,4.0650177759999996e-05,0.0224679235,20.7752209,0.0004491443775,4.0650177759999996e-05,0.0047285331100000005,9.09852682,0.0004491443775,4.0650177759999996e-05,0.00185417204,8.905421059999998,0.0004491443775,4.0650177759999996e-05,0.00374476512,5.536354189999999e-06,1.8572802199999998e-05,0.018237523999999998,-0.0009250245400000051,0.00554861254,0.000342646697,-0.0005142783165,7.89886418e-07,9.676755250000001e-06
147,1709047800,0.5066688220000001,0.506682034,-0.00993483555,-1.33507604,1.1587478800000002,0.622252317,1.038931709,0.9850050510000001,0.011435235299999999,0.23006414100000003,1.47070769e-05,1.7659411470000002e-06,2.8484555200000003e-06,2.493716198e-06,2.8896967380000003e-06,3.877777904e-06,8.798503940000001e-06,1.147933177e-05,0.251029705,0.00221433967,5.46213935e-05,65.6010414,50.946172,1.6842328e-05,6.38531377,0.010990798000000001,5.338454400000001,0.0003912727287,3.534554518e-05,0.0230152494,21.8860757,0.0003912727287,3.534554518e-05,0.00475565598,9.09702841,0.0003912727287,3.534554518e-05,0.0018698417,8.77272241,0.0003912727287,3.534554518e-05,0.00377385333,5.64712866e-06,1.88400793e-05,0.014078933600000001,0.3086952828499999,0.007229489340000001,0.000369630951,-0.000530012181,8.509423159999998e-07,9.972070499999998e-06
147,1709048400,0.47204595900000007,0.4720589780000001,-0.0138253287,-1.38024025,1.1019336199999998,0.6069924980000001,0.988642668,0.9389911770000001,0.011720035049999999,0.214002414,1.3720095350000001e-05,1.078138531e-06,1.9919687199999998e-06,1.7627089300000005e-06,1.7105838010000002e-06,2.7382453179999997e-06,5.75303335e-06,7.7738885e-06,0.234463449,0.00148108912,5.491065070000001e-05,66.3901107,50.666987600000006,1.569771855e-05,6.20436713,0.010769962000000001,5.09744905,0.00020085653409999997,1.7950144724000002e-05,0.0223885534,20.6829969,0.00020085653409999997,1.7950144724000002e-05,0.004525490609999999,6.43928723,0.00020085653409999997,1.7950144724000002e-05,0.00165139017,6.04010391,0.00020085653409999997,1.7950144724000002e-05,0.00381530434,6.81931082e-06,1.9782727299999998e-05,-0.0115860059,0.2062645732,0.0070125295399999996,0.0007470531210000001,-0.00020816136499999995,1.2193299939999999e-06,1.1059078749999997e-05
147,1709049000,0.433037884,0.433050698,-0.01610413125,-1.4021244999999998,1.0630824700000001,0.584655736,0.942966274,0.8880271110000001,0.0124477263,0.199303119,1.3469706850000003e-05,1.022144455e-06,1.9181895699999998e-06,1.3802924829999999e-06,1.518283109e-06,2.4915627839999997e-06,5.010993110000001e-06,6.2765914499999994e-06,0.214690462,0.00176001926,4.81323451e-05,67.9076978,50.8458744,1.4401644200000001e-05,6.174094869999999,0.0103874512,4.745749140000001,0.0003397865757,3.064349354e-05,0.0215047883,19.089284099999997,0.0003397865757,3.064349354e-05,0.00458332892,7.38396276,0.0003397865757,3.064349354e-05,0.0017018862199999999,7.1067792999999995,0.0003397865757,3.064349354e-05,0.00375818531,6.10939466e-06,1.8976254799999997e-05,0.01026595175,0.1670330695,0.007492163460000002,0.0005375347340000001,-0.0003670281909999999,9.57537422e-07,1.100835075e-05
147,1709049600,0.738358679,0.7383718370000001,-0.01146651687,-1.4024899400000002,1.3570164200000001,0.7568532450000001,1.2245999150000002,1.1460349829999998,0.0292569559,0.34017928799999997,1.4150108250000001e-05,1.325167594e-06,2.8110256399999997e-06,2.2135692830000004e-06,2.2331625729999997e-06,3.13145575e-06,6.441670229999999e-06,9.906269630000001e-06,0.366737647,0.0023517182899999997,6.07841765e-05,67.5616176,50.735626100000005,2.4562044000000003e-05,6.00678848,0.0133137631,7.88332198,0.0006525557478,5.928120341e-05,0.0277873935,32.6118473,0.0006525557478,5.928120341e-05,0.00498027067,13.860705729999998,0.0006525557478,5.928120341e-05,0.00222071014,13.68520234,0.0006525557478,5.928120341e-05,0.0038775341499999996,7.57148008e-06,2.06739694e-05,0.012978605239999996,0.19445659929999998,0.009250223040000002,0.000936957892,-5.207194749999999e-05,1.216702071e-06,1.1890017149999999e-05
147,1709050200,0.4786489929999999,0.4786621229999999,-0.01262254445,-1.39877049,1.12364679,0.618818414,1.0004555490000002,0.9460038709999999,0.0102293943,0.21997912900000002,1.424591745e-05,1.457692291e-06,2.9416814400000006e-06,2.033058933e-06,2.39692819e-06,3.26794309e-06,7.454698679999999e-06,1.019301329e-05,0.234759396,0.0044613408399999995,7.27010889e-05,69.5872097,51.901626699999994,1.5904463e-05,6.56788238,0.010773729950000002,5.16129478,0.00036392336,3.283933465e-05,0.022437682499999997,20.719943100000002,0.00036392336,3.283933465e-05,0.00471674464,8.519013699999999,0.00036392336,3.283933465e-05,0.0018571802700000002,8.208611260000001,0.00036392336,3.283933465e-05,0.00378908573,6.3686832500000005e-06,1.9458113e-05,-0.01592649082,-0.03391882098,0.00663450149,0.000602027639,-0.00027851601899999995,8.624557859999999e-07,1.03623323e-05
147,1709050800,0.4418359799999999,0.44184894099999994,-0.015595994699999999,-1.40317504,1.06068237,0.594815916,0.965054476,0.907527706,0.0073259265599999995,0.191988746,1.3717854099999999e-05,9.487914110000001e-07,2.64124622e-06,1.930360185e-06,1.7314100670000003e-06,2.34561239e-06,5.84197022e-06,7.16825968e-06,0.216227335,0.0046027488799999985,6.42351801e-05,70.4185235,52.14202029999999,1.4690911799999998e-05,6.36595849,0.010292288100000001,4.72918857,0.000322237509,2.9027062500000003e-05,0.021498104499999997,19.0314946,0.000322237509,2.9027062500000003e-05,0.00463209785,7.764938509999999,0.000322237509,2.9027062500000003e-05,0.0017813627399999997,7.4264402,0.000322237509,2.9027062500000003e-05,0.0038327934300000006,7.2178391e-06,2.0207862700000004e-05,-0.036143255369999995,-0.007540825900000006,0.006102097449999999,0.00081291652,-0.00010505308120000001,1.174043557e-06,1.120382885e-05
147,1709051400,0.68635827,0.6863712200000001,-0.0126390803,-1.4945183,1.26030096,0.7467303570000001,1.162647964,1.0945834319999999,0.01328094661,0.295931831,1.5226456949999999e-05,2.608579376e-06,4.15027186e-06,3.336359419e-06,4.072186743e-06,5.460256748e-06,1.0006736969999999e-05,1.491313337e-05,0.338887632,0.00417286566,7.16362146e-05,66.6285635,51.318262700000005,2.2817523e-05,6.29205977,0.01293265425,7.30830876,0.0004947878674500001,4.485837443e-05,0.026817847299999996,29.892093799999998,0.0004947878674500001,4.485837443e-05,0.004764575160000001,10.634552249999999,0.0004947878674500001,4.485837443e-05,0.00200889322,10.41793536,0.0004947878674500001,4.485837443e-05,0.0037962841299999995,6.654257580000001e-06,1.9667552e-05,-0.03101813529,-0.07815620040000001,0.00590436195,0.0006831607710000001,-0.00023852961499999997,8.171818120000001e-07,1.06352436e-05
147,1709052000,0.468758407,0.46877151699999997,-0.01308018695,-1.47045923,1.063082464,0.6137235270000001,0.96332938,0.908840258,0.00976229247,0.206515542,1.3345336650000001e-05,5.29798912e-07,1.9881351399999996e-06,1.013716882e-06,7.598425889999999e-07,9.98916616e-07,3.934879659999999e-06,3.5554659799999995e-06,0.229742465,0.0045705170499999994,5.3070415900000005e-05,74.1785173,52.1658544,1.560145985e-05,6.0255509,0.0104713994,4.92551093,0.0005870450896000001,5.329192780999998e-05,0.021837397900000003,20.0216411,0.0005870450896000001,5.329192780999998e-05,0.00485457452,11.473250969999999,0.0005870450896000001,5.329192780999998e-05,0.0020238754400000005,11.32176669,0.0005870450896000001,5.329192780999998e-05,0.0038225035,6.93126034e-06,2.0011545800000002e-05,-0.0016269077999999993,0.010287160699999996,0.0072930521,0.000712570715,-0.00020351590299999998,1.1403475539999998e-06,1.1208502700000001e-05
147,1709052600,0.441472291,0.441485351,-0.013779938349999998,-1.55165381,0.9960678959999999,0.605948277,0.9112778270000002,0.867664002,0.0062911667599999995,0.18826802999999998,1.4229232899999998e-05,1.400056671e-06,2.216256752e-06,2.08425353e-06,2.5609909e-06,3.5533019e-06,7.946506959999999e-06,1.19967718e-05,0.21739594,0.0032349744499999998,7.229507919999999e-05,67.33597259999999,51.5537513,1.4662111799999998e-05,6.7548274400000015,0.0103032976,4.57567236,0.0005102474515999999,4.6344759453e-05,0.0214109411,18.862035099999996,0.0005102474515999999,4.6344759453e-05,0.00473400467,10.573879179999999,0.0005102474515999999,4.6344759453e-05,0.0018180562100000002,10.374521479999999,0.0005102474515999999,4.6344759453e-05,0.0036759530000000005,3.88239822e-06,1.686910335e-05,-0.010534794349999998,0.7390146845,0.00535281338,-0.0004598180641,-0.0011659731569000002,7.858495030000001e-07,8.976262659999999e-06
147,1709053200,0.464951924,0.4649650640000001,-0.011352917399999999,-1.56429306,1.017706056,0.6239379150000001,0.936516092,0.889302161,0.0069251157100000005,0.19769669500000003,1.42410653e-05,1.2836977719999998e-06,1.4286664190000002e-06,2.279202733e-06,2.303457604e-06,3.118657895999999e-06,6.31058275e-06,1.019003202e-05,0.22868031700000002,0.00369848059,6.915433269999999e-05,68.2013564,51.6688568,1.545253125e-05,6.562095029999999,0.0105623601,4.793575840000001,0.00020291018589999998,1.80926604e-05,0.0219635573,19.797802,0.00020291018589999998,1.80926604e-05,0.00447147029,5.9891084900000005,0.00020291018589999998,1.80926604e-05,0.00146530986,5.583918215000001,0.00020291018589999998,1.80926604e-05,0.00371233625,3.0842820099999996e-06,1.62869709e-05,0.016029708230000002,1.264013843,0.004703289130000001,-0.00088029671,-0.0016667139523000001,1.2446562679999999e-06,9.720727289999999e-06
147,1709053800,0.40071169900000003,0.400724926,-0.011585815699999998,-1.58714671,0.942666262,0.581445119,0.860463762,0.8182749829999999,0.005584035770000001,0.17384300600000002,1.3901863399999998e-05,8.124551563999999e-07,8.55240637e-07,1.282333667e-06,1.441637796e-06,1.877824726e-06,4.36108953e-06,6.06223164e-06,0.19657756600000004,0.00370509658,5.58030095e-05,71.09026539999999,51.913315999999995,1.33274111e-05,6.39222243,0.00994993325,4.24000834,0.00024852366589999997,2.2362007495000003e-05,0.020467584599999998,17.236661199999997,0.00024852366589999997,2.2362007495000003e-05,0.0044354591300000005,5.920904030000001,0.00024852366589999997,2.2362007495000003e-05,0.0013791549799999998,5.57041314,0.00024852366589999997,2.2362007495000003e-05,0.0036470424099999997,2.19825807e-06,1.5318505149999997e-05,0.0333981665,2.944689463,0.00548037151,-0.0012504889547000002,-0.001844584917,7.710712740000001e-07,8.53472546e-06
147,1709054400,0.52488836,0.524901337,-0.011925288950000001,-1.6113734000000002,1.042869331,0.662946795,0.966142001,0.9249282190000001,0.00533214427,0.21913527399999996,1.3730309750000001e-05,9.709090169999999e-07,1.084982294e-06,1.889880017e-06,1.8516214839999998e-06,2.503178846e-06,5.51764544e-06,8.723928659999998e-06,0.25886119399999996,0.00348642395,7.312670309999999e-05,68.643097,51.4094199,1.744966315e-05,6.3319583900000005,0.01160401985,5.74831515,0.0003749567272,3.3889936527e-05,0.023406562400000004,22.687212100000004,0.0003749567272,3.3889936527e-05,0.00463398179,9.03708546,0.0003749567272,3.3889936527e-05,0.001672970035,8.74750284,0.0003749567272,3.3889936527e-05,0.0036795045,3.40660597e-06,1.63737122e-05,0.025546920499999997,0.6645143566,0.00461522887,-0.0006554646020000001,-0.001368816949,1.1264095439999998e-06,9.40040661e-06
147,1709055000,0.4898826979999999,0.489895606,-0.01512568835,-1.60670514,1.006943242,0.640756855,0.9384661450000001,0.8908772110000001,0.00720797684,0.205007751,1.356894115e-05,8.110285176000001e-07,8.750475654e-07,1.3162950459999998e-06,1.643377664e-06,2.2156142270000005e-06,4.8594337800000006e-06,7.89763217e-06,0.24123745699999993,0.0036123588900000003,7.074920029999998e-05,69.9235907,51.593847800000006,1.6284174350000002e-05,6.1373534,0.011011903699999999,5.1831444300000005,0.00026849318800000003,2.4130359983e-05,0.022595195899999997,21.212615900000003,0.00026849318800000003,2.4130359983e-05,0.00450975388,7.12154099,0.00026849318800000003,2.4130359983e-05,0.001529580204,6.75676058,0.00026849318800000003,2.4130359983e-05,0.00362116441,2.2338741100000002e-06,1.5185062699999999e-05,-0.0105263434,0.6975922750000001,0.00378315001,-0.0011856408239999997,-0.0017747098099999998,7.60695492e-07,8.650482490000002e-06
147,1709055600,0.40857851599999995,0.4085913550000001,-0.01638295955,-1.63918621,0.9356535659999998,0.590539837,0.8468883620000002,0.807474655,0.00442829068,0.17579818799999997,1.349557835e-05,8.069344410000001e-07,9.500816379999999e-07,1.75298745e-06,1.519235849e-06,2.0508849300000003e-06,4.5221572899999995e-06,6.9360134500000005e-06,0.20030663100000004,0.00389314162,7.00829779e-05,71.2792463,51.9545342,1.3579851000000001e-05,6.493486389999999,0.0102117022,4.4144536,0.00046396166044999996,4.206368903e-05,0.0207237526,17.661382999999997,0.00046396166044999996,4.206368903e-05,0.0045958391,9.363429606,0.00046396166044999996,4.206368903e-05,0.0016035247949999997,9.135949296,0.00046396166044999996,4.206368903e-05,0.0036724355700000003,3.34254778e-06,1.615281155e-05,0.032423772249999996,1.3358309959999999,0.00525915488,-0.000622406968,-0.001498925774,1.33459643e-06,9.722971839999998e-06
147,1709056200,0.46230715299999997,0.462320219,-0.0178569726,-1.6454579199999997,1.016093532,0.628241712,0.8858520440000002,0.833200433,0.015737034219999998,0.21021052099999998,1.374768515e-05,8.48348852e-07,8.97008481e-07,1.3935497080000002e-06,1.6191443e-06,2.170376553e-06,4.4333659899999994e-06,7.439825950000001e-06,0.22697141099999998,0.004079801919999999,8.26064966e-05,72.3033246,51.83241310000001,1.53662588e-05,6.404303280000001,0.010854978849999999,4.94828098,0.0006393537439,5.811875709999999e-05,0.022015662100000003,20.072761000000003,0.0006393537439,5.811875709999999e-05,0.00475341754,11.709811349999999,0.0006393537439,5.811875709999999e-05,0.0017597146300000002,11.57833698,0.0006393537439,5.811875709999999e-05,0.00363782057,2.36452692e-06,1.5353356050000003e-05,-0.0494224932,7.426532915999999,0.00771148183,-0.001180738176,-0.001781438585,1.020662797e-06,1.128862609e-05
147,1709056800,1.0045637699999999,1.004576768,-0.0089610364,-1.54410247,1.4690698599999998,0.9134550639999999,1.38690484,1.3228528700000002,0.0073964326799999995,0.41429476899999995,1.5689697399999998e-05,3.0422565399999996e-06,3.18759129e-06,4.0010604299999995e-06,5.041192430000001e-06,6.551573970000001e-06,1.076896743e-05,2.0385439800000003e-05,0.49669782199999996,0.00543311881,9.51136471e-05,64.5780272,51.1147385,3.339157339999999e-05,6.363808919999999,0.0157183437,10.5254632,0.0008040668274000001,7.315408529e-05,0.0325998094,43.6365572,0.0008040668274000001,7.315408529e-05,0.00506242768,17.726259626,0.0008040668274000001,7.315408529e-05,0.00231662728,17.568786563,0.0008040668274000001,7.315408529e-05,0.0036501445100000003,2.99138498e-06,1.6011032599999997e-05,0.041224471299999996,1.230586296,0.006369232799999999,-0.000745250611,-0.00146295656,9.08059488e-07,9.6376483e-06
147,1709057400,0.635992047,0.6360049699999999,-0.0109174797,-1.5412349200000002,1.21012445,0.725716334,1.1119089499999997,1.039981744,0.01164890209,0.27349731800000004,1.4452975300000002e-05,1.7681561829999998e-06,1.911278234e-06,2.914444422e-06,3.0942744500000005e-06,3.994197167e-06,7.264579719999999e-06,1.3061305190000002e-05,0.311791747,0.00608527427,8.278130560000001e-05,69.45197199999998,52.01587400000001,2.1139738599999997e-05,6.36147299,0.0125774027,6.878979169999999,0.0005476215683,4.968225353e-05,0.0256127842,27.2567291,0.0005476215683,4.968225353e-05,0.00475629718,11.37278164,0.0005476215683,4.968225353e-05,0.00185083629,11.18852066,0.0005476215683,4.968225353e-05,0.00369061672,3.49556664e-06,1.64924569e-05,0.041422333900000004,1.5396345200000003,0.00662513389,-0.0007077877680000002,-0.00140519405,1.1876280460000002e-06,1.0404832349999999e-05
147,1709058000,0.6224408739999999,0.6224540810000001,-0.01102042965,-1.57239018,1.16129795,0.7221176820000001,1.0891082600000002,1.026481318,0.00771011364,0.25752439,1.4975280799999999e-05,2.028583065e-06,2.1329447320000004e-06,2.7371432279999997e-06,3.478212915e-06,4.551473659999999e-06,7.9128691e-06,1.4438604630000001e-05,0.305158226,0.0059377484,8.41416428e-05,68.38093409999999,51.9805474,2.06807791e-05,6.539515140000001,0.0124368342,6.6496654500000005,0.0006896574166000001,6.268179165000001e-05,0.0255342114,26.9353612,0.0006896574166000001,6.268179165000001e-05,0.004854456009999999,13.13437519,0.0006896574166000001,6.268179165000001e-05,0.00191335826,13.01546122,0.0006896574166000001,6.268179165000001e-05,0.00366005824,2.2712033199999997e-06,1.54947945e-05,0.04853816074,0.6635186554,0.0034607085599999998,-0.00116655309,-0.00178715292,7.859957240000001e-07,8.331015270000002e-06
147,1709058600,0.8365470829999999,0.836560201,-0.009177106129999998,-1.52281177,1.38390474,0.82941959,1.2715137699999999,1.2073868700000001,0.01167174297,0.36162738,1.4668947999999999e-05,1.8421965850000001e-06,1.955167574e-06,2.9076140700000003e-06,3.2544214929999996e-06,4.221294076000001e-06,7.444576100000001e-06,1.383911733e-05,0.41252900100000006,0.005613638440000001,9.36374071e-05,68.12373840000001,51.421659399999996,2.7813541299999998e-05,6.01934806,0.014387812699999999,8.969669329999999,0.00052779200196,4.791558915e-05,0.029690908499999995,36.5232362,0.00052779200196,4.791558915e-05,0.00480653803,12.55617251,0.00052779200196,4.791558915e-05,0.0019713149899999996,12.26448559,0.00052779200196,4.791558915e-05,0.00371670889,3.7531860699999996e-06,1.68638089e-05,0.074035924,2.1800851467,0.007887994589999999,-0.0005594641819999999,-0.0013039768699999999,1.0991700889999998e-06,1.001909615e-05
147,1709059200,0.649654916,0.6496681929999999,-0.0109075108,-1.52927726,1.20854942,0.7350435980000001,1.1335096,1.06949514,0.00482448997,0.268260961,1.3813371999999999e-05,7.52167087e-07,7.550852226e-07,1.2764483012e-06,1.6971779819999998e-06,2.306393618e-06,5.16382254e-06,8.90278093e-06,0.318586657,0.006119574179999999,9.945822050000002e-05,72.27916449999998,51.92050180000001,2.1595904e-05,5.974740899999999,0.01265837255,6.92036432,0.0005512454643999998,4.999458525000001e-05,0.026165500799999998,28.1208076,0.0005512454643999998,4.999458525000001e-05,0.0049097937699999995,12.44487367,0.0005512454643999998,4.999458525000001e-05,0.0019940800899999997,12.22491584,0.0005512454643999998,4.999458525000001e-05,0.0036629498099999998,2.53572192e-06,1.571578535e-05,0.0351039204,0.6305497314000001,0.0041508716699999995,-0.0010407730655,-0.001676944161,8.05000295e-07,8.3882532e-06
147,1709059800,0.653988094,0.654001346,-0.01202183795,-1.53999921,1.2088869100000001,0.738878815,1.12987201,1.0686326299999998,0.005268812579999999,0.27126639900000005,1.4599150200000002e-05,1.6033744809999998e-06,1.7500861119999998e-06,2.63916181e-06,2.8016594960000002e-06,3.7501325300000004e-06,7.04623197e-06,1.224885642e-05,0.32053324299999997,0.0063273871,9.968639369999999e-05,69.7840956,51.97651249999999,2.17335808e-05,6.38403172,0.01265948375,6.90312215,0.0004932409511,4.468160218e-05,0.026214260899999998,28.193223400000004,0.0004932409511,4.468160218e-05,0.0048368805599999995,11.05507578,0.0004932409511,4.468160218e-05,0.00190515888,10.79467917,0.0004932409511,4.468160218e-05,0.00373716755,3.4291392499999998e-06,1.67473966e-05,0.05260757055,0.8397648058000001,0.00447875704,-0.0007570035260000002,-0.0014742846799999996,1.1125070160000002e-06,9.75099288e-06
147,1709060400,0.620806094,0.620819477,-0.0066317574099999995,-1.4272177999999998,1.2230623299999999,0.70675525,1.1521851799999998,1.0783829299999996,0.0036970190999999998,0.256452386,1.508606085e-05,1.919004556e-06,2.035159405e-06,2.7199837920000003e-06,3.3342601600000007e-06,4.363183055e-06,7.940097636000002e-06,1.3817949580000003e-05,0.30398020000000003,0.0062817419,0.00010315231119999999,68.1558964,52.06736840000001,2.0629345099999997e-05,6.381983829999999,0.01216552105,6.52469461,0.0005450454508000001,4.9444983029999995e-05,0.025500431400000002,26.6719452,0.0005450454508000001,4.9444983029999995e-05,0.00481265942,10.98347713,0.0005450454508000001,4.9444983029999995e-05,0.00185626669,10.790354279999999,0.0005450454508000001,4.9444983029999995e-05,0.00368627143,2.4738238099999997e-06,1.5838633799999998e-05,0.04473964639999999,0.9561746269999999,0.00412750552,-0.0010736163520000002,-0.00175523773,8.7537906e-07,8.926560699999999e-06
147,1709061000,0.838709422,0.838722658,-0.00877353625,-1.4891656899999999,1.38435479,0.8251301659999999,1.29596456,1.21934974,0.01845211424,0.358643194,1.5388708600000002e-05,2.457182551e-06,2.555135223e-06,3.284209974e-06,4.0137845500000005e-06,5.0454038640000005e-06,8.86415253e-06,1.5170514269999998e-05,0.413450836,0.005767040820000001,9.31298828e-05,67.6824634,51.503619400000005,2.7888870199999998e-05,6.26111899,0.01415576355,8.76563417,0.00073333042,6.66579852e-05,0.0294818912,36.1693102,0.00073333042,6.66579852e-05,0.004940242090000001,14.285227710000001,0.00073333042,6.66579852e-05,0.0021116155500000003,14.15762818,0.00073333042,6.66579852e-05,0.00367585542,2.83874136e-06,1.6058079899999998e-05,0.0741956726,1.413406973,0.0060690022,-0.0008466144850000001,-0.0015739628539999998,9.03886607e-07,9.4510564e-06
147,1709061600,0.56452028,0.564533449,-0.009162255349999999,-1.47476182,1.1510976400000001,0.680889326,1.0816080400000003,1.013768435,0.0033413856499999997,0.233159493,1.3709734499999998e-05,7.443599799999999e-07,8.44042027e-07,1.6979989929999997e-06,1.714491374e-06,2.436761013e-06,5.24250801e-06,9.20291201e-06,0.275634099,0.00651290554,9.06632758e-05,73.23324740000001,52.359562,1.87639408e-05,6.510847270000001,0.011688201550000003,5.9830019100000005,0.00060935666,5.53237925e-05,0.0242663767,24.155769900000003,0.00060935666,5.53237925e-05,0.00486077622,11.582360360000001,0.00060935666,5.53237925e-05,0.0019177779399999998,11.435248060000001,0.00060935666,5.53237925e-05,0.0037042992600000006,3.1286778900000003e-06,1.6282029799999996e-05,0.0550531892,1.7960609519000001,0.00504413644,-0.0008705138000000001,-0.0015744257200000001,1.120298303e-06,1.020985665e-05
147,1709062200,0.606840724,0.6068539829999999,-0.008506576569999999,-1.45861248,1.19752406,0.70292555,1.12642189,1.0562947,0.00421293675,0.25307591799999996,1.473765395e-05,1.6906834960000002e-06,1.7701064720000002e-06,2.412309438e-06,2.82851443e-06,3.612708598e-06,6.750434679999999e-06,1.131744336e-05,0.29683453000000004,0.006477156689999999,7.669283080000001e-05,71.0938075,52.1928223,2.01761776e-05,6.31058325,0.0120292151,6.36129812,0.0007849331669999999,7.142062325e-05,0.025152758600000002,25.956665800000003,0.0007849331669999999,7.142062325e-05,0.0049172402500000005,14.258606180000001,0.0007849331669999999,7.142062325e-05,0.001986683946,14.210189281999998,0.0007849331669999999,7.142062325e-05,0.00366587163,2.4387101299999997e-06,1.5645153400000002e-05,0.041375376879999995,1.0948678784,0.00474519769,-0.001102544587,-0.001750191486,8.612573780000001e-07,8.928858690000002e-06
147,1709062800,0.531836376,0.531849542,-0.01024131752,-1.49141408,1.12390932,0.6588777890000002,1.0349941,0.975892298,0.00281188791,0.219442605,1.3570410950000002e-05,5.577194730000001e-07,5.965148619999999e-07,1.4041848720000002e-06,1.1785005279999998e-06,1.541724524e-06,3.725130164e-06,5.703873440000001e-06,0.26074894299999996,0.0050834145,7.06735996e-05,73.0280876,51.9501792,1.76950322e-05,6.21103621,0.011269212,5.5716484799999995,0.0004053287746000001,3.665514885e-05,0.0234841143,22.755229,0.0004053287746000001,3.665514885e-05,0.00469379919,8.94576783,0.0004053287746000001,3.665514885e-05,0.001712355307,8.687073510000001,0.0004053287746000001,3.665514885e-05,0.0037186802199999994,3.32450177e-06,1.6549662500000003e-05,0.0467646278,0.603460522,0.00379060177,-0.000759910219,-0.0014896788979999998,1.1755287380000003e-06,9.36534567e-06
147,1709063400,0.37699297,0.37700619600000007,-0.014446280949999998,-1.58643712,0.91116531,0.564332146,0.836650545,0.7959993190000001,0.00316865421,0.158145219,1.4038935400000001e-05,9.27740613e-07,1.008032984e-06,1.6842895109999999e-06,1.6252281139999998e-06,2.1399918570000003e-06,4.39559135e-06,6.847362269999998e-06,0.185089068,0.0033211829700000002,6.64097717e-05,70.6015892,51.7950569,1.25318304e-05,6.372941910000001,0.00976900755,4.0869727,0.0004414168959499999,4.0007363725999994e-05,0.0199600828,16.3726972,0.0004414168959499999,4.0007363725999994e-05,0.00458570174,8.30955126,0.0004414168959499999,4.0007363725999994e-05,0.001505214103,8.10944439,0.0004414168959499999,4.0007363725999994e-05,0.00368897097,2.57649607e-06,1.5801653349999997e-05,0.027796531799999996,1.237141744,0.0041480027,-0.001051777376,-0.0018192161699999998,1.113714572e-06,9.36854917e-06
147,1709064000,0.367633886,0.367647016,-0.01300549285,-1.55691936,0.9280408300000001,0.55596475,0.8344754780000001,0.786099007,0.00799892415,0.164717532,1.33777575e-05,3.7043415000000003e-07,4.1885262200000006e-07,9.2085816e-07,8.86438978e-07,1.242047978e-06,3.1229532100000003e-06,4.9131074899999995e-06,0.180207289,0.0035290793700000003,6.839472340000001e-05,72.45082319999999,51.9815968,1.22234008e-05,6.358462230000001,0.009521864250000001,3.9122955999999993,0.0003061136354,2.756953689e-05,0.0195207382,15.698447000000002,0.0003061136354,2.756953689e-05,0.004512797229999999,6.768813489999999,0.0003061136354,2.756953689e-05,0.0014485644499999998,6.49279865,0.0003061136354,2.756953689e-05,0.00366506287,2.34445966e-06,1.549616195e-05,0.008850318199999999,2.1753645503,0.00429478095,-0.0011506189765000002,-0.0018602308500000001,9.714982070000003e-07,9.14711276e-06
147,1709064600,0.7022769380000001,0.702290122,-0.010040783250000001,-1.54047384,1.24353794,0.7610831859999999,1.15361024,1.10279616,0.0095408121,0.29688404300000004,1.4168615799999999e-05,1.191989052e-06,1.3049352210000002e-06,2.11975921e-06,2.3201270039999997e-06,3.0628655400000003e-06,5.869744649999999e-06,1.0753466379999998e-05,0.34766717700000005,0.00336193864,8.151109760000001e-05,68.0826685,51.00643409999999,2.3351246100000005e-05,6.24082557,0.01305391545,7.298628409999999,0.000822318316,7.483818791999999e-05,0.027248216000000002,30.5753108,0.000822318316,7.483818791999999e-05,0.0050660898000000005,16.31057822,0.000822318316,7.483818791999999e-05,0.00219077394,16.23245527,0.000822318316,7.483818791999999e-05,0.0037084301200000004,3.44062124e-06,1.658670285e-05,-0.005525413199999998,1.5570694217,0.00577331368,-0.0007259163254,-0.00140520556,1.129104532e-06,1.0073737220000002e-05
147,1709065200,0.5563385439999999,0.556351497,-0.013653885600000002,-1.59440908,1.07669535,0.68391624,1.00450566,0.9607793220000002,0.0052450402,0.23118655699999996,1.39666574e-05,1.183653956e-06,1.2303636835000001e-06,1.689767668e-06,2.065979344e-06,2.62234976e-06,4.834749983e-06,8.12609154e-06,0.274795122,0.00328685814,6.4436835e-05,67.85794739999999,51.20877730000001,1.85044472e-05,6.161959820000001,0.0118565003,5.93318826,0.000486348302,4.406835388e-05,0.024323356599999995,24.288808700000004,0.000486348302,4.406835388e-05,0.0046938386700000004,10.142704089999999,0.000486348302,4.406835388e-05,0.00174076663,9.901675540000001,0.000486348302,4.406835388e-05,0.0036325143300000003,2.31021965e-06,1.53512873e-05,-0.01631929439,0.596100584,0.0033633821399999993,-0.0011596849549999999,-0.00175522772,7.59399785e-07,8.27781743e-06
147,1709065800,0.6209292769999999,0.6209424649999999,-0.011751494599999999,-1.5685851100000001,1.14986005,0.7205855219999998,1.07437032,1.027868865,0.004134141940000001,0.25558422599999997,1.39824332e-05,1.0105057489999999e-06,1.097325785e-06,1.997221264e-06,1.9446205079999994e-06,2.592990336e-06,5.43803905e-06,9.17532159e-06,0.306864673,0.0035000338499999997,7.58604155e-05,70.79915960000001,51.1817487,2.0646851499999998e-05,6.274065869999999,0.012424042599999999,6.55699188,0.0009722460629999999,8.85781451e-05,0.025479705599999996,26.602838,0.0009722460629999999,8.85781451e-05,0.00509602736,17.133389799999996,0.0009722460629999999,8.85781451e-05,0.0021834989500000004,17.17397183,0.0009722460629999999,8.85781451e-05,0.0037240169599999998,3.4900199699999994e-06,1.66964659e-05,0.0010478385999999995,0.6727630021000001,0.0039656925,-0.0007649710259999999,-0.0014775479600000001,1.138425334e-06,9.761421790000002e-06
147,1709066400,0.635186489,0.6351996440000001,-0.01150433855,-1.55788365,1.16182299,0.7273670720000001,1.09432091,1.0444818899999997,0.0040735560999999995,0.263150846,1.3622223200000003e-05,6.82339313e-07,6.92088559e-07,1.1058779279999998e-06,1.512191361e-06,2.024539814e-06,4.30096781e-06,8.12455191e-06,0.31400764200000003,0.003490993110000001,7.54567798e-05,71.2890296,51.1504343,2.1124607e-05,6.21658216,0.0124480432,6.58644539,0.000765123309,6.960054206e-05,0.0258377605,27.3838938,0.000765123309,6.960054206e-05,0.005019365820000001,15.09210655,0.000765123309,6.960054206e-05,0.0021222201399999996,15.009085540000001,0.000765123309,6.960054206e-05,0.0036431422000000003,2.2309694e-06,1.5358876149999998e-05,0.015585806649999997,0.4731376666,0.00276565538,-0.001205501947,-0.0017853935799999998,7.26851144e-07,8.320340530000001e-06
147,1709067000,0.631029109,0.631042203,-0.00985839825,-1.52995141,1.18661124,0.72170024,1.10302117,1.05344467,0.00512547278,0.26776814,1.4546719750000003e-05,1.656974971e-06,1.7474309229999996e-06,2.3074953879999997e-06,2.8295932919999998e-06,3.657989169e-06,6.587246120000001e-06,1.184887113e-05,0.312139984,0.00326970989,7.242087700000001e-05,67.3437696,51.06113560000001,2.0982164000000002e-05,6.288931570000001,0.01252171105,6.72110081,0.0006078235474999999,5.518986561000001e-05,0.025942153899999997,27.6952944,0.0006078235474999999,5.518986561000001e-05,0.004857889580000001,12.30873732,0.0006078235474999999,5.518986561000001e-05,0.0019311445399999999,12.11215691,0.0006078235474999999,5.518986561000001e-05,0.0036590754500000003,2.5527294400000006e-06,1.5683741000000002e-05,0.02261678926,1.178642289,0.00480257673,-0.0010153336239999999,-0.0017223645400000001,9.62580537e-07,9.325961300000002e-06
147,1709067600,0.60420656,0.6042195610000001,-0.009932885149999997,-1.52149044,1.1509476399999998,0.7059308310000001,1.0808955,1.031844,0.004056546520000001,0.24947867299999998,1.3989353549999999e-05,1.1956725920000002e-06,1.2593703079999998e-06,1.951926013e-06,2.0457703589999997e-06,2.60283354e-06,4.86877179e-06,8.15056126e-06,0.298790131,0.00322732602,6.268050090000002e-05,67.7417529,51.103565399999994,2.0094567500000004e-05,6.051472169999999,0.01224647905,6.41773268,0.0003692646131,3.339115649e-05,0.0252735153,26.1911108,0.0003692646131,3.339115649e-05,0.00462575218,8.90760705,0.0003692646131,3.339115649e-05,0.00170411185,8.56953689,0.0003692646131,3.339115649e-05,0.00367325037,2.9887104699999995e-06,1.601677835e-05,0.0351439674,0.7279824671999999,0.004441943724,-0.00084405912,-0.0015443629530000002,1.0145999770000002e-06,8.98151615e-06
147,1709068200,0.445296048,0.44530901700000003,-0.015036648799999996,-1.6022474,0.983430023,0.613189863,0.892489737,0.855251093,0.00477761921,0.194092808,1.3560632499999997e-05,7.28152552e-07,7.565903659999999e-07,1.1769787770000001e-06,1.339608595e-06,1.7818908830000001e-06,3.4875314900000006e-06,5.997855859999999e-06,0.21940164499999998,0.0031675417299999995,6.2423525e-05,70.14336090000002,51.474218900000004,1.4808233550000002e-05,6.2048697200000005,0.01063071925,4.796811,0.0004943543349,4.481032508000001e-05,0.0217306473,19.4539896,0.0004943543349,4.481032508000001e-05,0.004673102010000001,9.69327435,0.0004943543349,4.481032508000001e-05,0.0016696342100000002,9.490234789999999,0.0004943543349,4.481032508000001e-05,0.0036272970399999992,2.2094115800000005e-06,1.5179555e-05,0.0652223627,1.367282158,0.0045102547699999995,-0.0011789413270000002,-0.00180581837,8.388744829999999e-07,8.641268659999999e-06
147,1709068800,0.44132952599999997,0.44134264000000006,-0.013224358799999999,-1.57824177,0.9964429139999998,0.608347122,0.9045651210000001,0.863988884,0.004287296229999999,0.189988017,1.366525825e-05,6.85291181e-07,7.855959329999999e-07,1.5750484150000001e-06,1.4176131999999998e-06,1.9333886900000003e-06,3.9145135e-06,6.72887385e-06,0.217374452,0.00320598479,6.65441613e-05,69.3353715,51.4795736,1.4672037950000001e-05,6.4507974500000005,0.010465023350000002,4.67739898,0.0001853695101,1.650138867e-05,0.0217265149,19.3963932,0.0001853695101,1.650138867e-05,0.0044594189299999995,5.5051128700000005,0.0001853695101,1.650138867e-05,0.001424482284,5.09433395,0.0001853695101,1.650138867e-05,0.0037020961099999998,3.26259966e-06,1.63954032e-05,0.02279755368,0.8974689246700001,0.00437043664,-0.0007676421143000001,-0.0014740338399999997,1.1193446940000002e-06,9.463228760000001e-06
147,1709069400,0.46847473199999995,0.4684879860000001,-0.013175071,-1.5952513,1.004205667,0.6293667190000001,0.921778142,0.8836769739999999,0.00454598431,0.19858401799999997,1.389440775e-05,7.651569339999999e-07,7.893952904000001e-07,1.2059787367e-06,1.342165605e-06,1.6600202469999998e-06,3.2782986100000003e-06,5.290466630000001e-06,0.230899563,0.00326679297,5.5961823400000006e-05,70.2092745,51.42657270000001,1.5586013099999997e-05,5.93645808,0.01082635305,4.96388057,0.0001994896353,1.779989967e-05,0.0222220229,20.260652899999997,0.0001994896353,1.779989967e-05,0.00446131162,5.882840176999999,0.0001994896353,1.779989967e-05,0.0014246061799999999,5.5092552239999995,0.0001994896353,1.779989967e-05,0.0036666498000000004,2.1786413e-06,1.54217611e-05,0.01963780833,0.8766362544999999,0.003085899427,-0.001234301736,-0.0018806374099999998,8.53554455e-07,8.5392991e-06
147,1709070000,0.42955288300000005,0.4295661269999999,-0.015768111499999998,-1.6176713299999999,0.9449913540000001,0.602841976,0.8716766140000001,0.8345129810000002,0.0051931061799999996,0.18083027699999998,1.368386135e-05,5.962271640000001e-07,7.12605128e-07,1.4233355449999999e-06,1.335029083e-06,1.8694941049999997e-06,4.01051774e-06,6.882602900000002e-06,0.21163203,0.0030526045999999998,7.433998469999999e-05,70.72346499999999,51.4715848,1.4281168699999998e-05,6.1722424799999995,0.0103871868,4.57170789,0.0005822514859500001,5.289029930000001e-05,0.021264012199999998,18.594972,0.0005822514859500001,5.289029930000001e-05,0.004809394410000001,11.05640738,0.0005822514859500001,5.289029930000001e-05,0.0017760035699999996,10.897727210000001,0.0005822514859500001,5.289029930000001e-05,0.0037001519599999997,2.9643747199999997e-06,1.61523522e-05,0.0051343475400000005,1.49308532,0.00571093335,-0.0009035002609999998,-0.001652850975,1.2057880740000001e-06,9.97992965e-06
147,1709070600,0.545889472,0.545902627,-0.015362215399999999,-1.5933103800000001,1.0786829269999998,0.673791836,0.98845519,0.938278614,0.010080589979999999,0.23547385800000004,1.443200545e-05,1.467767591e-06,1.5162687790000001e-06,2.145305477e-06,2.457271138e-06,3.132464474e-06,5.797983760000001e-06,9.48699075e-06,0.270172639,0.00267823143,6.647007620000001e-05,67.08143779999999,51.0822919,1.815179175e-05,6.09154891,0.011633932400000001,5.77444572,0.0004467574124,4.0482010975e-05,0.023871958300000003,23.698691499999995,0.0004467574124,4.0482010975e-05,0.004689784,10.069702709999998,0.0004467574124,4.0482010975e-05,0.0017156170499999998,9.82733126,0.0004467574124,4.0482010975e-05,0.00365528184,2.41606149e-06,1.5581655800000003e-05,0.011241888410000001,0.9803974846000001,0.004534995040000001,-0.001098230147,-0.0017324682299999998,8.414961799999999e-07,8.95430913e-06
147,1709071200,0.426221933,0.4262349059999999,-0.0157329222,-1.6071382499999998,0.9466414010000002,0.598740885,0.8752392420000001,0.8319628980000001,0.00725159333,0.179828795,1.333519355e-05,4.6964674040000004e-07,5.328699705000001e-07,1.1911826234e-06,9.056652599999999e-07,1.165744605e-06,2.731196663e-06,4.028244893999999e-06,0.209890781,0.0031517827200000003,5.689475210000001e-05,71.2729512,51.545628,1.41825652e-05,5.853933589999999,0.0104445609,4.65505986,0.0001837704786,1.6358448859999995e-05,0.021173107500000003,18.5774154,0.0001837704786,1.6358448859999995e-05,0.00444231583,5.75833562,0.0001837704786,1.6358448859999995e-05,0.0014096805000000001,5.395728849999999,0.0001837704786,1.6358448859999995e-05,0.0036872669000000005,3.11320467e-06,1.61439377e-05,-0.0003123114000000024,1.299621897,0.00472592164,-0.0009017657740000001,-0.0015629132299999997,1.069575089e-06,9.91153153e-06
147,1709071800,0.553651977,0.553665227,-0.01311156515,-1.5279724800000003,1.1316720449999997,0.669169527,1.025018776,0.950054003,0.02062455757,0.25520999099999997,1.4440382750000001e-05,1.4129129890000003e-06,1.492700105e-06,2.118108344e-06,2.538292861e-06,3.3374803050000003e-06,6.555720340000002e-06,1.0673067840000001e-05,0.273703962,0.00301770091,7.471023139999999e-05,68.7606087,51.242261299999996,1.840618235e-05,6.244087540000001,0.0116180109,5.936062720000001,0.0004696437984000001,4.252415479e-05,0.023887732899999996,24.2432324,0.0004696437984000001,4.252415479e-05,0.00478817945,10.31338241,0.0004696437984000001,4.252415479e-05,0.0018024624900000001,10.057156950000001,0.0004696437984000001,4.252415479e-05,0.00366239401,2.5087576500000003e-06,1.56905676e-05,-0.007219299248000003,2.731132785,0.006129585020000001,-0.001097187001,-0.0017440879,9.446783930000001e-07,1.01512224e-05
147,1709072400,0.34884535,0.34885836400000003,-0.016821443,-1.55453638,0.8879146090000001,0.53928438,0.8102497209999999,0.771098559,0.004132236619999999,0.14756058800000002,1.370510515e-05,8.1136721e-07,9.52271196e-07,1.718730618e-06,1.4045942670000001e-06,1.8858341500000002e-06,3.974438629999999e-06,5.87990201e-06,0.17156467199999997,0.00278201915,5.85698287e-05,71.09650589999998,51.6641659,1.1597372600000002e-05,6.3414241,0.009263770699999998,3.7187932200000007,0.0004277597387,3.8718467719999996e-05,0.019132213,15.093981600000001,0.0004277597387,3.8718467719999996e-05,0.0045945697,8.40652563,0.0004277597387,3.8718467719999996e-05,0.0015367336199999999,8.18625941,0.0004277597387,3.8718467719999996e-05,0.00368142352,3.06397091e-06,1.60608664e-05,0.02244250235,1.392611152,0.00487604949,-0.0008833378320000001,-0.0016032269000000002,1.159899527e-06,9.886876900000002e-06
147,1709073000,0.414023045,0.41403614599999994,-0.017519757599999998,-1.56765122,0.9623168710000002,0.5884898780000001,0.8767767580000001,0.8345129809999999,0.006055268470000001,0.175974611,1.3951277199999998e-05,1.006213778e-06,1.0751766560000001e-06,1.6359671569999999e-06,1.7912452999999999e-06,2.359629617e-06,4.94008399e-06,7.72138664e-06,0.20415701299999997,0.00276498864,6.77668027e-05,68.1449916,51.35626380000001,1.37633629e-05,6.39943938,0.01025204365,4.485615950000001,0.00038832092300000005,3.5122285480000005e-05,0.0209725123,18.0825934,0.00038832092300000005,3.5122285480000005e-05,0.00462385163,8.3863973,0.00038832092300000005,3.5122285480000005e-05,0.0015747417560000002,8.08838686,0.00038832092300000005,3.5122285480000005e-05,0.0036465464100000006,2.2745162299999998e-06,1.5365514600000002e-05,0.0481923133,1.0099057139999998,0.0035890978500000004,-0.0011556696210000001,-0.00180738745,9.274865380000001e-07,8.87356577e-06
147,1709073600,0.306827213,0.30684034200000004,-0.025075051100000002,-1.60199365,0.8387506229999999,0.5069853579999999,0.736784994,0.7021339439999998,0.00495896468,0.1324815346,1.3609469150000002e-05,5.913050085000001e-07,7.056838719999998e-07,1.46610426e-06,1.140679684e-06,1.4542749920000001e-06,3.3778638099999997e-06,4.65838131e-06,0.150331599,0.0030007063299999997,6.72065664e-05,71.6304411,52.0803236,1.020211959e-05,6.41151436,0.008768908990000001,3.3403254100000006,0.00032688048535,2.9505889409999998e-05,0.0178655599,13.2919816,0.00032688048535,2.9505889409999998e-05,0.00451674109,7.156596055,0.00032688048535,2.9505889409999998e-05,0.0014004717719999999,6.866208069999999,0.00032688048535,2.9505889409999998e-05,0.00370783816,3.3368953800000004e-06,1.65043365e-05,0.035957231719999996,0.88863175,0.00419539867,-0.000653947299,-0.0014634791799999999,1.2354397740000001e-06,9.82804142e-06
147,1709074200,0.527809651,0.52782281,-0.0197371856,-1.5942491300000001,1.072120194,0.664232904,0.957254225,0.9201280940000001,0.01093895793,0.232974433,1.41313611e-05,1.152989825e-06,1.232511256e-06,1.790886631e-06,2.065173544e-06,2.6364827170000004e-06,5.58694523e-06,8.43447891e-06,0.262036021,0.00177434987,7.04228172e-05,66.88047739999999,50.7610063,1.7549501300000003e-05,6.105826179999999,0.0114904568,5.57398128,0.0006188847899999999,5.620386274999999e-05,0.0235635757,22.934535000000004,0.0006188847899999999,5.620386274999999e-05,0.00485699543,12.11225467,0.0006188847899999999,5.620386274999999e-05,0.0018906569500000002,11.94164437,0.0006188847899999999,5.620386274999999e-05,0.0036665218999999997,2.94603854e-06,1.6110276500000003e-05,0.0490827074,1.289275011,0.00600308978,-0.0008256148365999999,-0.001508792697,8.582369109999997e-07,9.659012e-06
147,1709074800,0.31302236099999997,0.31303556400000004,-0.0220540181,-1.61077219,0.8463258379999999,0.5145846639999999,0.7329223669999999,0.70569654,0.00825844721,0.14848920599999998,1.37906889e-05,7.114505313999999e-07,8.587708566e-07,1.5661316229999998e-06,1.234834438e-06,1.717745808e-06,3.7044332499999998e-06,4.951498220000001e-06,0.154735579,0.00170571383,5.4362149199999996e-05,69.1529025,51.13461529999999,1.04103233e-05,6.10607089,0.00896530375,3.4166082500000003,0.0001424104873,1.2623944399999998e-05,0.018242360300000003,13.702081150000001,0.0001424104873,1.2623944399999998e-05,0.004312647470000001,4.46168173,0.0001424104873,1.2623944399999998e-05,0.0012039605869999998,4.069331436000001,0.0001424104873,1.2623944399999998e-05,0.0037176777199999997,3.5764752700000003e-06,1.6738683399999996e-05,0.01522224063,1.5904442710000002,0.00692250965,-0.000702190285,-0.00137101703,1.066976759e-06,1.01224493e-05
147,1709075400,0.30674771800000006,0.306760917,-0.0212351494,-1.6018613300000002,0.8278377710000001,0.5033612479999999,0.7360349660000001,0.698083801,0.010853727080000002,0.14142805860000002,1.3810892999999998e-05,7.13932384e-07,8.02557453e-07,1.1167721769999998e-06,1.3466159270000002e-06,1.7784043e-06,4.00289234e-06,5.42476946e-06,0.1502493354,0.0030617687999999997,4.68950488e-05,70.9560195,52.237248699999995,1.0197688799999999e-05,6.36390144,0.008663022480000001,3.3069983799999996,0.00012009345509999998,1.0582350119999998e-05,0.017679229900000003,13.216164420000002,0.00012009345509999998,1.0582350119999998e-05,0.004256296139999999,3.827473659999999,0.00012009345509999998,1.0582350119999998e-05,0.001126145954,3.4076291789999997,0.00012009345509999998,1.0582350119999998e-05,0.00366454674,2.76538763e-06,1.5965115299999996e-05,0.03064879265,5.196828784399999,0.00893450113,-0.000962723079,-0.0016111810600000001,9.540541429999997e-07,1.14170034e-05
147,1709076000,0.08989351440000001,0.08990670079999999,-0.003351443869999998,-1.170126968,0.534803825,0.25801703000000004,0.450876266,0.408274967,0.0031453732900000005,0.0430838122,1.3328796600000002e-05,1.6801793379999997e-07,2.5523081e-07,5.35017293e-07,4.1157057799999995e-07,7.10807527e-07,2.98198545e-06,2.0580452850000003e-06,0.0406937327,0.00420768605,3.7905503900000004e-05,83.2422825,60.311947499999995,2.9841487e-06,6.634931330000001,0.0047493438,1.0756392580000003,0.00010196872089,8.988535601000001e-06,0.009199167650000001,3.5826493499999996,0.00010196872089,8.988535601000001e-06,0.00403256457,2.2936956260000003,0.00010196872089,8.988535601000001e-06,0.000719984583,1.919127468,0.00010196872089,8.988535601000001e-06,0.0036618602300000002,2.3847466299999998e-06,1.556295855e-05,0.036833497,2.8594630299999997,0.00799899906,-0.001147406815,-0.0017966085799999997,8.369267570000002e-07,9.350654960000001e-06
147,1709076600,0.08110347130000001,0.0811167146,0.03353522020000001,-0.6048853750000001,0.5967932300000001,0.223088809,0.48597733400000004,0.429050597,0.0035420343699999997,0.03898966289999999,1.3438615599999998e-05,2.296058456e-07,3.5572890700000003e-07,8.66984879e-07,4.52005392e-07,8.10419799e-07,2.8394936599999995e-06,2.06622436e-06,0.0345596015,0.00594888692,3.52964734e-05,84.800677,65.80456960000001,2.69013224e-06,6.80206589,0.00453404055,0.961836549,0.000189682435,1.69414784e-05,0.00849331696,3.06320884,0.000189682435,1.69414784e-05,0.00426222127,3.698606109999999,0.000189682435,1.69414784e-05,0.0009503868550000001,3.395294871000001,0.000189682435,1.69414784e-05,0.003703686,2.9559700100000004e-06,1.6186577650000004e-05,0.006125076600000001,1.117566974,0.005698252240000001,-0.000998688825,-0.001643242624,1.037668868e-06,9.642125499999998e-06
147,1709077200,0.05811329120000001,0.058126599099999995,0.014839441640000001,-0.7343490779999999,0.505890444,0.195933101,0.403474816,0.35239825799999996,0.00326008329,0.0315378472,1.342963465e-05,1.416410143e-07,2.6139115100000003e-07,9.028525319999999e-07,3.3540363999999997e-07,5.494125099999999e-07,1.8749098100000003e-06,1.48331874e-06,0.0228890185,0.00613826135,2.3590633800000004e-05,88.7346214,71.478172,1.92826176e-06,6.86589366,0.00381212161,0.7277642999999999,8.720099545e-05,7.665034405000001e-06,0.006988202169999999,2.0464956899999995,8.720099545e-05,7.665034405000001e-06,0.004005737840000001,1.9063678669999997,8.720099545e-05,7.665034405000001e-06,0.0006405586420000001,1.5458267504,8.720099545e-05,7.665034405000001e-06,0.0037184290199999996,2.9061932199999998e-06,1.622560715e-05,0.05759687554,1.367840303,0.00466565639,-0.000948140762,-0.00165730376,1.0752077849999999e-06,9.4033703e-06
147,1709077800,0.242813616,0.24282684899999998,-0.01064510867,-1.4027989499999998,0.926728293,0.438909885,0.7064840550000001,0.647457276,0.009920070789999999,0.1257773325,1.3683019599999998e-05,5.388306540000001e-07,6.29684519e-07,1.1500104240000001e-06,1.089182587e-06,1.600419663e-06,3.5650833800000002e-06,5.5685754200000006e-06,0.1147399271,0.006617028919999999,3.52439006e-05,78.09763960000001,56.403523099999994,8.063109800000002e-06,6.595482510000001,0.00750827534,2.6976204200000002,0.00025835200933,2.3223434645000002e-05,0.0152799141,10.07360342,0.00025835200933,2.3223434645000002e-05,0.00445434828,5.687116194,0.00025835200933,2.3223434645000002e-05,0.00129063513,5.378731813,0.00025835200933,2.3223434645000002e-05,0.0036701136000000002,2.73001326e-06,1.5938204499999998e-05,0.226652179405,52.96138513000001,0.01636150085,-0.001199523395,-0.0018327931239999998,2.524468451e-06,2.8064327099999997e-05
147,1709078400,0.47639937899999996,0.47641251799999995,-0.012746189,-1.30632785,1.15316019,0.6049169289999999,1.025618835,0.946416396,0.013635918500000002,0.22174881799999996,1.4606671699999999e-05,1.6826920790000002e-06,1.911677546e-06,2.685667514e-06,2.775433807e-06,3.60917228e-06,7.424043039999999e-06,1.081481179e-05,0.23104369599999997,0.0070779287,4.56832357e-05,69.8496258,53.2065401,1.5830368950000003e-05,6.351338059999999,0.0105379298,5.115958770000001,0.0004283202787,3.875185524e-05,0.022133766500000002,20.555798099999997,0.0004283202787,3.875185524e-05,0.0047087717,9.239151660000001,0.0004283202787,3.875185524e-05,0.00170490209,8.985489379999999,0.0004283202787,3.875185524e-05,0.00370711976,3.6683773699999998e-06,1.6829534900000003e-05,-0.09686716390000003,9.8742651228,0.00846271019,-0.00069350844,-0.0013630391,1.16958508e-06,1.14269622e-05
147,1709079000,0.39817304100000006,0.39818622600000003,-0.017163115549999997,-1.3855322700000001,1.0566697800000002,0.565616877,0.923390689,0.8579511779999999,0.0142584714,0.189385375,1.4428000749999998e-05,1.4094719169999999e-06,1.587680987e-06,2.0716157970000002e-06,2.3277621820000002e-06,2.9930289600000004e-06,8.43202335e-06,8.69552289e-06,0.192245744,0.006767565309999999,4.43917698e-05,71.9283742,53.497162,1.323215225e-05,6.39716286,0.00976769635,4.34316845,0.0003051249188,2.7477782010000004e-05,0.020250809300000002,16.94326575,0.0003051249188,2.7477782010000004e-05,0.004514689519999999,6.64675991,0.0003051249188,2.7477782010000004e-05,0.00147410002,6.349724759999999,0.0003051249188,2.7477782010000004e-05,0.0036673135399999993,2.99729526e-06,1.6133186900000003e-05,0.017495233679999996,19.072406535,0.012926612090000001,-0.0008965723,-0.0016112008,1.628001345e-06,1.8303454999999995e-05
147,1709079600,1.62881274,1.6288260729999997,-0.01393344,-1.41800975,1.9514845700000003,1.1066984229999999,1.757716194,1.65541306,0.0484057543,0.7423313629999999,1.53046783e-05,2.5271124e-06,3.907006857e-06,3.7385469579999993e-06,4.9381392460000005e-06,6.47570312e-06,1.574291727e-05,2.4319575960000002e-05,0.807856028,0.00635162465,0.00013508177430000002,66.7840943,51.1184083,5.41600934e-05,6.262709429999999,0.0191513786,16.936663949999996,0.001317240455,0.00012008963929999999,0.04009787120000001,70.579341,0.001317240455,0.00012008963929999999,0.0058143536400000004,30.166871500000003,0.001317240455,0.00012008963929999999,0.0032184887699999998,30.041041649999993,0.001317240455,0.00012008963929999999,0.003982251710000001,8.98656807e-06,2.2310654e-05,0.01804460155,1.9869911675,0.012825663840000001,0.0010356912649999999,4.578038450000001e-05,1.5863307e-06,1.736360736e-05
147,1709080200,2.7294885900000003,2.72950186,-0.01176516455,-1.4978893100000001,2.50526397,1.48652469,2.28539476,2.18725427,0.057480598500000014,1.20275591,1.7902928900000002e-05,5.50709019e-06,7.11898196e-06,7.1552567459999995e-06,9.94223808e-06,1.275357348e-05,2.6589557000000003e-05,4.425746309999999e-05,1.3619485199999999,0.0024774436800000005,0.00020040230000000002,62.12485019999999,50.2380711,9.078008e-05,6.133444669999999,0.0258947322,28.4554844,0.002175832638,0.0001986830506,0.0537787893,119.21657359999999,0.002175832638,0.0001986830506,0.006327771680000001,44.861639600000004,0.002175832638,0.0001986830506,0.003937499539999999,45.1703227,0.002175832638,0.0001986830506,0.004065839869999999,1.0960190700000001e-05,2.42567522e-05,-0.003514990678999999,13.3863511343,0.0231350409,0.0016577351300000002,0.000496310469,2.9532541560000003e-06,3.531663375e-05
147,1709080800,2.7134020100000003,2.7134154899999996,-0.0119302014,-1.5073002900000003,2.4115486400000004,1.48216029,2.26083151,2.1809540600000004,0.04132434980000001,1.163861289,1.9932117999999998e-05,7.408930684999999e-06,8.61683515e-06,9.296449545e-06,1.1645538739999998e-05,1.4752587994e-05,2.7140141499999998e-05,4.2861672109999995e-05,1.3556761299999998,0.0007401969670000001,0.00015642377599999998,58.48201660000001,50.079430499999994,9.027175910000001e-05,5.700206809999999,0.025895641199999996,28.3393799,0.0025947815900000002,0.0002370769154,0.05387800709999999,119.56429499999999,0.0025947815900000002,0.0002370769154,0.00654447566,51.086972,0.0025947815900000002,0.0002370769154,0.00411446196,51.574039600000006,0.0025947815900000002,0.0002370769154,0.0041472793899999996,1.12310828e-05,2.47900471e-05,0.021639969776000002,-0.1122370417,0.0085072424,0.0017858619499999998,0.0005591351185000001,1.104126068e-06,1.388380125e-05
147,1709081400,2.3147162900000002,2.31472969,-0.01164457155,-1.4857069599999997,2.27361939,1.36712736,2.1189272,2.03529961,0.0341369062,0.9986927419999999,1.75843725e-05,5.194648492e-06,6.90024695e-06,1.3039359830000001e-05,8.34119876e-06,3.301864183e-05,2.9561560800000002e-05,3.58105687e-05,1.1542563500000003,0.0027697868600000007,0.00019573494359999998,62.6030891,50.2780433,7.69876849e-05,5.96724337,0.0242856699,25.6352461,0.0021249088559999996,0.00019404561699999998,0.0496174022,101.0662564,0.0021249088559999996,0.00019404561699999998,0.00620598814,41.2720312,0.0021249088559999996,0.00019404561699999998,0.00376378968,41.655026199999995,0.0021249088559999996,0.00019404561699999998,0.006843276990000001,5.81521642e-05,7.163558650000002e-05,-0.0005428770539999999,-0.5679870062,0.018529599900000002,0.00838529057,0.00620601919,3.15591726e-06,3.5980066400000005e-05
147,1709082000,2.3275305000000004,2.32754403,-0.015238227600000001,-1.5358928099999998,2.2415559500000004,1.3814078799999998,2.07111319,1.9984360100000003,0.0457905357,1.021469135,1.84292096e-05,6.04683562e-06,6.513324969999999e-06,7.3896155399999996e-06,9.93762457e-06,1.2807631129999998e-05,2.420856497e-05,4.1697033830000003e-05,1.16069538,0.0027446885600000003,0.0002116660834,61.91283549999999,50.280025300000005,7.74018056e-05,6.09076744,0.0239208782,24.046480300000006,0.0013214605456,0.00012044539282,0.04961171560000001,101.0562704,0.0013214605456,0.00012044539282,0.00575696002,32.261657420000006,0.0013214605456,0.00012044539282,0.0033050199600000003,32.0271738,0.0013214605456,0.00012044539282,0.00395025246,8.413889589999999e-06,2.17793828e-05,0.026162440099999996,1.2921306564000001,0.011537360319999999,0.0010662806080000001,1.5243245000000008e-05,1.011940259e-06,1.2306343600000002e-05
147,1709082600,2.0258925899999998,2.0259058899999998,-0.016901415600000004,-1.5427759499999998,2.0594503299999998,1.28922951,1.92530878,1.86549443,0.031333217700000006,0.8721513890000001,1.8017116900000002e-05,5.418899014999999e-06,5.691122467e-06,7.2454430529999995e-06,9.70756074e-06,1.1662789784e-05,1.908709559e-05,3.703932275e-05,1.010537486,0.0021088562600000004,0.000199226326,61.11838240000001,50.237912800000004,6.73686465e-05,5.950606500000001,0.022480541,21.206910300000004,0.0012886662256999999,0.00011746877091,0.046499742000000004,88.8023323,0.0012886662256999999,0.00011746877091,0.0057716335,30.786044800000003,0.0012886662256999999,0.00011746877091,0.00324191883,30.5548354,0.0012886662256999999,0.00011746877091,0.0038699113399999997,6.856967030000001e-06,2.01930585e-05,0.01666799888,0.572833103,0.010025644150000002,0.0005872352044999999,-0.000375165458,1.3516470439999999e-06,1.2768431649999998e-05
147,1709083200,2.07707873,2.0770921099999997,-0.0175586823,-1.52011881,2.1252273500000003,1.30484575,1.9673475799999998,1.9018705400000002,0.032383709000000004,0.9020343399999999,1.53609857e-05,2.836946528e-06,2.96930076e-06,3.98819061e-06,6.049549060000001e-06,8.03359428e-06,1.5801179320000004e-05,3.14399497e-05,1.0353104659999999,0.00291436126,0.00024137089399999993,63.7067066,50.3155787,6.905123640000001e-05,6.004011800000001,0.0227194883,21.842263699999997,0.0011876617353999998,0.00010820758729000001,0.0470946871,91.1075415,0.0011876617353999998,0.00010820758729000001,0.00575527926,29.556575,0.0011876617353999998,0.00010820758729000001,0.00325205004,29.249717399999998,0.0011876617353999998,0.00010820758729000001,0.0038596396799999997,6.93819923e-06,2.02233063e-05,0.006479109192999997,0.7875872922,0.01173509656,0.0006153360396,-0.00036206823999999997,1.205827004e-06,1.29316443e-05
147,1709083800,1.6696379799999999,1.66965118,-0.018025150299999997,-1.51922048,1.9041956299999998,1.16850218,1.76847901,1.7010519499999996,0.029633601600000004,0.729266406,1.620163315e-05,3.6037342669999994e-06,3.895347333e-06,5.312888793000001e-06,6.8757786100000004e-06,9.45420089e-06,1.806229202e-05,3.357778967e-05,0.8315914229999999,0.00293201719,0.00021175232299999996,63.3748555,50.4060406,5.54967056e-05,6.3343888900000005,0.0202136861,17.3126501,0.0015630446610000002,0.0001426274871,0.0419436762,72.2274334,0.0015630446610000002,0.0001426274871,0.00570910297,31.778639109999993,0.0015630446610000002,0.0001426274871,0.00318855825,31.911544250000002,0.0015630446610000002,0.0001426274871,0.0037841332200000003,5.4655033799999996e-06,1.8642242000000004e-05,0.02320044324,0.552857463,0.0076813004,0.00015744433800000002,-0.00074285607,1.1385812589999999e-06,1.03945478e-05
147,1709084400,2.21848157,2.2184947399999997,-0.01670957205,-1.52414979,2.19239192,1.34576103,2.03754969,1.9607473800000002,0.036394664400000006,0.969287834,1.8871374350000003e-05,6.42091518e-06,6.9174610659999994e-06,8.144262698000001e-06,1.057550928e-05,1.351790966e-05,2.467018501e-05,4.17114582e-05,1.10536334,0.00356445246,0.0001952833734,61.61727549999999,50.3615658,7.37714382e-05,5.90819759,0.023402412,23.171572599999998,0.0017712282129,0.00016170870388,0.048540176000000004,96.84149400000001,0.0017712282129,0.00016170870388,0.00607513149,38.6696589,0.0017712282129,0.00016170870388,0.00359524841,38.77724955,0.0017712282129,0.00016170870388,0.0037799337100000003,5.6406342e-06,1.87752071e-05,0.0392818926,0.900973538,0.0107720339,0.00033874215241999996,-0.0006474766020000001,1.00396216e-06,1.2168513e-05
147,1709085000,2.0540994399999994,2.0541126800000002,-0.02005982,-1.50441414,2.17154126,1.2933787700000001,1.97113519,1.8956079,0.0375607049,0.894215458,1.7665737399999997e-05,5.22911835e-06,5.429118104000001e-06,6.936854565e-06,8.75847841e-06,1.1562868e-05,2.204075443e-05,3.757342095e-05,1.0245955900000001,0.00214004781,0.00021188592200000004,61.52205509999999,50.2335864,6.8293996e-05,6.020991440000001,0.0227105151,21.869543,0.001276432454,0.00011632723415000001,0.046866300900000005,90.1229409,0.001276432454,0.00011632723415000001,0.00575704801,29.69748895,0.001276432454,0.00011632723415000001,0.0032428416699999997,29.59381885,0.001276432454,0.00011632723415000001,0.00387259853,6.8242656100000004e-06,2.02105581e-05,0.0966561784,7.790413277499999,0.01539675419,0.000550447046,-0.0004254550419999999,1.905595768e-06,2.0274359750000002e-05
147,1709085600,2.49808005,2.4980936,-0.0180379978,-1.4875714299999998,2.32975858,1.42045891,2.1922044,2.10853934,0.0266614046,1.051856105,1.77201688e-05,4.932083771e-06,5.325992153000001e-06,6.588302860000001e-06,9.351605160000001e-06,1.1716895609999999e-05,2.382963283e-05,4.31175453e-05,1.24584303,0.00281513516,0.000272683427,62.3766355,50.2701629,8.30627429e-05,6.0139564,0.0247263336,25.952539100000003,0.0016334789796000001,0.00014901287774,0.051510866700000005,109.04526700000001,0.0016334789796000001,0.00014901287774,0.006158229249999999,39.1132391,0.0016334789796000001,0.00014901287774,0.0036941779600000004,39.04349294000001,0.0016334789796000001,0.00014901287774,0.003828727219999999,6.03090741e-06,1.9465876100000002e-05,0.007377203219999999,0.398318924,0.00823303165,0.00040321581300000007,-0.000571181069,9.161318240000001e-07,1.0791060450000002e-05
147,1709086200,1.77142257,1.7714359800000001,-0.0234885325,-1.44766034,2.01729906,1.1898704900000001,1.88345749,1.78989212,0.03232229339999999,0.765053582,1.869534945e-05,6.20900193e-06,6.4908094329999996e-06,8.049838587e-06,9.86602663e-06,1.2818294814000001e-05,2.372959306e-05,4.0107330190000004e-05,0.880967572,0.00438720345,0.00024371980799999999,63.66254429999999,50.5464341,5.88854422e-05,6.171016540000001,0.020801840000000002,18.6382552,0.0016988064109999998,0.0001550560295,0.043178010100000004,76.5703695,0.0016988064109999998,0.0001550560295,0.00579893441,33.0672611,0.0016988064109999998,0.0001550560295,0.0032702141699999998,33.29159875,0.0016988064109999998,0.0001550560295,0.0038549373099999997,6.48055418e-06,1.98077492e-05,0.0186576741,0.517445838,0.00810794763,0.00045149729600000004,-0.000513827184,1.2032951099999998e-06,1.19065066e-05
147,1709086800,2.06782989,2.06784314,-0.021420453300000003,-1.47215076,2.22205537,1.28445232,1.9955109,1.9077207399999998,0.0385690903,0.914939128,1.617011795e-05,3.5168837149999996e-06,3.617137174e-06,4.55866463e-06,6.1409772e-06,7.75562175e-06,1.5153600619999998e-05,2.6611861419999998e-05,1.0306338099999999,0.00300812512,0.000202568481,63.829886599999995,50.3687746,6.879770349999999e-05,5.93536435,0.022370723,21.5166461,0.0015575598940000001,0.00014208304832,0.046630065000000005,90.1571277,0.0015575598940000001,0.00014208304832,0.00588897723,33.7522709,0.0015575598940000001,0.00014208304832,0.00339335516,33.7095836,0.0015575598940000001,0.00014208304832,0.003779136290000001,5.47437016e-06,1.87402398e-05,0.10387613116000002,12.086482032000001,0.01436321474,0.000160693743,-0.000760549835,1.7498286969999996e-06,1.95377117e-05
147,1709087400,2.2467937000000004,2.24680684,-0.016433846050000003,-1.5002271999999999,2.25194375,1.35203426,2.0722007700000002,1.98868569,0.037865041700000004,0.9737123679999999,1.4728886399999999e-05,2.3233927999999998e-06,2.525838017e-06,3.6614459943999994e-06,5.278725329999999e-06,7.210181335e-06,1.524959203e-05,2.9839536969999996e-05,1.1213034800000001,0.00180974886,0.00021581961840000003,63.627929599999995,50.1956144,7.473361650000001e-05,5.74245527,0.023567502300000005,23.4768395,0.0025941548016000003,0.00023709783265,0.04894509080000001,98.34052390000001,0.0025941548016000003,0.00023709783265,0.006384374280000001,49.19584644999999,0.0025941548016000003,0.00023709783265,0.00394053821,49.819049160000006,0.0025941548016000003,0.00023709783265,0.0038574295,7.0734529200000004e-06,2.0205783400000002e-05,-0.00959395006,2.677301012,0.012382645959999999,0.000680591684,-0.000316950699,1.6333912860000005e-06,1.6269406199999997e-05
147,1709088000,2.28483586,2.2848490200000002,-0.01720558045,-1.4723160300000002,2.36028456,1.3501858899999999,2.10362676,2.00346115,0.06234148500000001,1.025951573,1.8045291499999998e-05,5.72110768e-06,5.795090242e-06,6.922487451999999e-06,9.47551355e-06,1.1508320116000001e-05,2.0459170959999997e-05,3.666445714e-05,1.14058675,0.001554913332,0.000174676367,59.723868800000005,50.167591099999996,7.6009126e-05,5.79067417,0.023906751999999996,24.472771100000003,0.001296040444,0.00011809325719999998,0.049376054100000004,101.22383909999999,0.001296040444,0.00011809325719999998,0.00589069119,32.50009156,0.001296040444,0.00011809325719999998,0.0033841094599999996,32.236210140000004,0.001296040444,0.00011809325719999998,0.00380183079,6.07961823e-06,1.93395016e-05,0.15282498730000002,20.683141554599995,0.01861081864,0.0003677638899999999,-0.0005872558719999999,2.2687179860000002e-06,2.6768014399999997e-05
147,1709088600,2.4478725999999997,2.4478858,-0.015587535799999996,-1.49717654,2.38398523,1.4092223599999998,2.17131625,2.0747883600000003,0.0466703042,1.0734514440000003,1.83581112e-05,6.107449289999999e-06,6.070060698000001e-06,7.537322614000001e-06,9.48691198e-06,1.1414271014e-05,1.798465725e-05,3.38936444e-05,1.2216472699999998,0.00204534733,0.00014589822450000002,58.58225530000001,50.1646417,8.143738599999999e-05,5.74524336,0.024816583099999998,26.057411600000002,0.0021843688548,0.00019953201087,0.0514888998,109.0441026,0.0021843688548,0.00019953201087,0.0061132203199999995,43.70041943,0.0021843688548,0.00019953201087,0.0036253182299999997,43.944631050000005,0.0021843688548,0.00019953201087,0.00385886049,6.85537362e-06,2.0134278500000003e-05,0.0013892858999999952,9.672242389500001,0.01228077635,0.0006080817093999999,-0.000392206751,2.0134683619999997e-06,2.0615209350000004e-05
147,1709089200,3.58740913,3.5874226,-0.014325855599999998,-1.51259248,2.8291239,1.71085179,2.60546707,2.50507654,0.06314596930000001,1.5671954399999999,2.0279745700000003e-05,8.243513060000001e-06,8.3631816796e-06,1.0351828946999999e-05,1.451951461e-05,1.8413427015e-05,3.033896284e-05,6.351375176e-05,1.7914017999999998,0.00185021642,0.000292141406,60.367425900000015,50.1301866,0.0001192863752,5.96359743,0.029920664399999998,37.5863366,0.00235617729,0.00021511943839999998,0.061950770999999995,157.54079,0.00235617729,0.00021511943839999998,0.00695038188,54.0089828,0.00235617729,0.00021511943839999998,0.00451367614,54.0586646,0.00235617729,0.00021511943839999998,0.0038966636600000007,7.2555944000000005e-06,2.0684958999999997e-05,-0.029911498099999996,7.772349032000001,0.013225816569999998,0.000816092111,-0.00028647377639999993,1.7362292790000002e-06,2.0374365300000002e-05
147,1709089800,3.2475770099999997,3.2475906,-0.015037797649999999,-1.5148711500000003,2.67660668,1.6272944600000003,2.4775506,2.38691037,0.037177149799999996,1.3871067099999999,1.97692529e-05,7.4165754829999995e-06,7.607246998000001e-06,9.576478646e-06,1.305636285e-05,1.7129318510000003e-05,2.835778308e-05,5.828329085e-05,1.62156224,0.001794192534,0.00028440024200000004,60.98990799999999,50.1476139,0.0001079843336,6.11632476,0.028324893700000003,33.6725712,0.002694248713,0.00024614123600000005,0.05882248379999999,141.937198,0.002694248713,0.00024614123600000005,0.006840481129999999,56.42573770000001,0.002694248713,0.00024614123600000005,0.00440215455,56.8503829,0.002694248713,0.00024614123600000005,0.00391234625,7.467663869999999e-06,2.0909482199999998e-05,0.037575516899999994,6.441122859999998,0.014105596849999999,0.000847257316,-0.0002702017239,2.170642217e-06,2.3860651949999996e-05
147,1709090400,2.61026516,2.6102782400000004,-0.028433062399999997,-1.49277072,2.47597554,1.4540646499999998,2.2313931499999997,2.12447732,0.0721931754,1.15422702,1.7950871449999997e-05,5.881023756e-06,6.192624219999999e-06,8.033047934e-06,1.1286747709999998e-05,1.5478238890000002e-05,2.571772898e-05,5.415228339999999e-05,1.30103269,0.0034754608300000002,0.0004930164160000001,64.4792119,50.309543000000005,8.67577495e-05,6.484556209999999,0.025536112399999998,27.806460999999995,0.0029944220356999994,0.00027375778651,0.0527226109,114.6109565,0.0029944220356999994,0.00027375778651,0.00656000082,56.431207400000005,0.0029944220356999994,0.00027375778651,0.00411604815,57.13215701399999,0.0029944220356999994,0.00027375778651,0.00391805247,7.985279959999999e-06,2.1268470699999997e-05,-0.007036907700000003,10.302033353999999,0.0207788542,0.0007868534849999999,-0.000327106714,2.208163164e-06,2.3554110800000002e-05
147,1709091000,2.25237677,2.25238984,-0.0244210888,-1.4563520499999998,2.30875798,1.3372978400000002,2.0945514000000003,1.98043546,0.06620042649999999,1.0040947070000001,1.66863626e-05,4.4481646400000005e-06,4.686043013999999e-06,6.562680549999999e-06,8.2744136e-06,1.1104217919999998e-05,1.813284758e-05,3.64832017e-05,1.121607805,0.00418300322,0.000304237075,63.4601329,50.4682866,7.490727059999999e-05,6.1052754700000005,0.0232242216,23.382010299999997,0.0022271381853,0.00020348446813,0.04851701240000001,98.01574950000001,0.0022271381853,0.00020348446813,0.0061541387799999995,43.74488487000001,0.0022271381853,0.00020348446813,0.00371533124,44.18707165,0.0022271381853,0.00020348446813,0.004050160400000001,1.061712355e-05,2.3691448800000002e-05,-0.004075147399999988,10.432429656,0.020442809699999998,0.0012179170279999999,-8.077725740000001e-05,3.55214385e-06,2.7967621399999997e-05
147,1709091600,1.8688786,1.8688918099999998,-0.025810013799999997,-1.4189364800000002,2.1461905199999998,1.2133884099999999,1.9270338300000003,1.83039339,0.0578976683,0.8542470870000001,1.68529176e-05,4.239421992999999e-06,4.26484274e-06,5.550907291e-06,7.006733120000001e-06,8.438761922e-06,1.4138877700000001e-05,2.662652114e-05,0.9292276000000002,0.004925728040000001,0.00021216247600000003,64.3801435,50.6262655,6.217761859999998e-05,5.7708603400000005,0.0210045501,19.2238668,0.0012618620188,0.00011499741099999998,0.0441353825,80.8001841,0.0012618620188,0.00011499741099999998,0.00567564113,27.200233299999997,0.0012618620188,0.00011499741099999998,0.00315411888,27.162088699999998,0.0012618620188,0.00011499741099999998,0.00379217585,5.638514439999999e-06,1.8863753000000002e-05,0.0172581191,0.879551846,0.00918581333,0.0002377709971,-0.0007091973049999999,1.20243176e-06,1.236098695e-05
147,1709092200,0.695839085,0.6958524340000001,-0.0424100268,-1.22109685,1.40010522,0.7197175769999999,1.2432379399999998,1.151922655,0.023597073149999998,0.32781160800000003,1.5326612500000004e-05,2.2828450740000002e-06,2.50271786e-06,3.4055916199999993e-06,4.137753049e-06,5.650437682000001e-06,9.486322329999999e-06,1.8330678500000002e-05,0.337632855,0.010008662339999998,0.00023019080899999998,70.4463239,53.42424100000001,2.31108962e-05,6.51932469,0.01251121935,7.26082524,0.00045358619020000014,4.106775313e-05,0.0264683858,29.4083189,0.00045358619020000014,4.106775313e-05,0.00472975493,10.01998825,0.00045358619020000014,4.106775313e-05,0.00182914536,9.74938742,0.00045358619020000014,4.106775313e-05,0.0037063666599999995,3.63449997e-06,1.69400547e-05,0.021768479450000003,1.127435633,0.007527647349999998,-0.000563760014,-0.00129810713,9.21530654e-07,1.06128234e-05
147,1709092800,0.9159164940000002,0.915929885,-0.0262885865,-1.42165848,1.4940081400000003,0.84791496,1.33777832,1.25103819,0.02900769835,0.41633892,1.4135375850000002e-05,1.053639156e-06,1.2412587510000003e-06,2.432803463e-06,2.528917903e-06,3.230905217e-06,5.6771893399999995e-06,1.1214114269999999e-05,0.44781554999999995,0.0099706976,0.00014361012739999996,73.35143289999999,53.25864740000001,3.04625706e-05,6.1300931599999995,0.0147334349,9.919094770000001,0.0007785107322000001,7.083183340000001e-05,0.030266924,39.4231275,0.0007785107322000001,7.083183340000001e-05,0.00502481442,16.026488089999997,0.0007785107322000001,7.083183340000001e-05,0.00222224684,15.86835564,0.0007785107322000001,7.083183340000001e-05,0.00396132628,7.89161517e-06,2.1284805300000002e-05,0.05789843684,1.5081868795999998,0.011689543270000002,0.000664117139,-0.00035651948829999996,1.5510356900000001e-06,1.3639459049999999e-05
147,1709093400,1.29426621,1.29427958,-0.015761116899999997,-1.55419274,1.71087722,1.0378013540000002,1.55220988,1.47041986,0.03169184745,0.570852412,1.5358721650000002e-05,2.4785780239999998e-06,2.6529331589999997e-06,4.826958476e-06,5.75087124e-06,8.867225669999999e-06,9.69544345e-06,1.8392193969999997e-05,0.640018343,0.00694143021,0.0001185850249,67.92040879999999,51.1223411,4.30430864e-05,6.07363103,0.018228590300000003,14.288342400000001,0.0010873188803,9.908074910999999e-05,0.037055553899999996,56.6178304,0.0010873188803,9.908074910999999e-05,0.0053861466,22.58529753,0.0010873188803,9.908074910999999e-05,0.0027147640600000003,22.56404724,0.0010873188803,9.908074910999999e-05,0.004489017759999999,1.68705731e-05,3.0195744899999998e-05,0.0357266445,-0.18236043210000003,0.012168474600000001,0.0028905196500000003,0.00163304258,1.9637709e-06,1.77189192e-05
147,1709094000,1.03244358,1.032456875,-0.0170146408,-1.5664790100000001,1.51962137,0.9300415699999999,1.38491728,1.31801526,0.02065154576,0.45246030700000006,1.40281549e-05,1.146937609e-06,1.6414918779999996e-06,4.6784111e-06,2.9896332e-06,6.33208562e-06,9.157456149999999e-06,1.7735206699999997e-05,0.5069153750000001,0.009099952800000002,0.000162004121,70.69132529999999,51.83164810000001,3.43078894e-05,6.47604034,0.0161047552,11.188279000000001,0.001213619208,0.00011065950739999999,0.0327301276,44.1403856,0.001213619208,0.00011065950739999999,0.005443611199999999,24.47400876,0.001213619208,0.00011065950739999999,0.0027226304399999997,24.513624030000003,0.001213619208,0.00011065950739999999,0.00430438988,1.3950139009999999e-05,2.72849606e-05,0.00653335713,0.08962512739999999,0.010095197019999998,0.002120763026,0.0008818467810000001,1.8065292799999999e-06,1.69544783e-05
147,1709094600,1.0850436399999999,1.085057308,-0.023388470599999996,-1.40346326,1.64187512,0.9192178689999999,1.4706823599999999,1.38769238,0.0360590487,0.507698317,1.57133144e-05,2.518820033e-06,2.70401189e-06,3.6473102699999996e-06,4.64265793e-06,6.7829079899999994e-06,1.0736825399999998e-05,2.02700843e-05,0.536406969,0.005916554490000001,0.000144799892,66.249288,51.1727989,3.60715265e-05,6.3324935700000005,0.016030046300000003,11.432902930000001,0.0003965790904,3.582027516999999e-05,0.03341916960000001,46.8741629,0.0003965790904,3.582027516999999e-05,0.0049270808300000005,11.94891911,0.0003965790904,3.582027516999999e-05,0.0021383287100000003,11.507153113,0.0003965790904,3.582027516999999e-05,0.00385789178,6.55896453e-06,2.0185121000000002e-05,0.0012404492999999856,9.5823084803,0.018023981289999998,0.000374113564,-0.0005347374256,1.7828604500000002e-06,2.1667264099999998e-05
147,1709095200,0.9306878299999999,0.9307014459999999,-0.02253496,-1.44171879,1.5146337500000002,0.863867788,1.36312916,1.29322698,0.023204578799999997,0.41706572199999997,1.580097145e-05,2.613345002e-06,2.8391156210000003e-06,5.3186912e-06,4.44536858e-06,6.26338155e-06,9.806490339999998e-06,1.739617126e-05,0.46079572600000007,0.004382044859999999,0.00011516432059999998,65.9874652,50.980203800000005,3.09398653e-05,6.19078231,0.015100962400000001,9.96027485,0.00083763146,7.61958187e-05,0.031382895499999994,40.598447300000004,0.00083763146,7.61958187e-05,0.00522357745,16.7237243,0.00083763146,7.61958187e-05,0.00241740423,16.5954701,0.00083763146,7.61958187e-05,0.0039687145100000005,8.799142890000001e-06,2.2315926900000003e-05,-0.02118310935,-0.11510155650000002,0.00816026578,0.001096353807,9.688530779999998e-05,1.2646988329999998e-06,1.3111610250000001e-05
147,1709095800,1.0814037869999997,1.08141708,-0.0180061245,-1.4799484299999999,1.61611185,0.936773906,1.4523068500000003,1.38484229,0.0245604386,0.488601167,1.52626529e-05,2.356641709e-06,2.6695066570000003e-06,5.15581278e-06,4.25687081e-06,5.882921975000001e-06,1.032095048e-05,1.932864812e-05,0.535986802,0.00453930082,0.0001238685919,65.609983,50.895336099999994,3.59482181e-05,6.19027761,0.0161538545,11.2699888,0.0007023784970000001,6.3856200233e-05,0.03376538020000001,46.861793,0.0007023784970000001,6.3856200233e-05,0.00504585411,16.06614399,0.0007023784970000001,6.3856200233e-05,0.0023175770300000002,15.860146654000001,0.0007023784970000001,6.3856200233e-05,0.00394337939,8.600652209999999e-06,2.19282743e-05,0.0565281744,1.2470561911999998,0.013228175520000001,0.0011380910850000002,0.00014545753747,1.285030437e-06,1.57462178e-05
147,1709096400,1.1078453400000001,1.1078587199999999,-0.0184201959,-1.45679583,1.6110491800000002,0.945535306,1.48894546,1.4152182,0.018703794500000002,0.479537147,1.55624607e-05,2.6117053970000003e-06,2.82322607e-06,5.275921869999999e-06,4.80310621e-06,6.926216459999999e-06,1.1479077230000003e-05,2.10814898e-05,0.548480668,0.005261671470000001,0.000123018119,65.30320900000001,50.96921699999999,3.68199112e-05,6.346238080000001,0.016616290099999997,11.9899997,0.0011788773735,0.00010747845340000002,0.034336392400000006,48.4640833,0.0011788773735,0.00010747845340000002,0.00535902279,22.997997379999997,0.0011788773735,0.00010747845340000002,0.00261559731,23.074164740000004,0.0011788773735,0.00010747845340000002,0.0039178848,8.221086e-06,2.15679181e-05,0.0028058046400000003,-0.24625642600000003,0.007532050930000001,0.0010553663590000002,9.05954786e-05,9.55180278e-07,1.18388982e-05
147,1709097000,0.969328873,0.9693422220000001,-0.018414467799999997,-1.4791442499999998,1.54508468,0.8873362300000001,1.3795546399999998,1.30560235,0.0242007911,0.43928380699999997,1.66392932e-05,3.698161705e-06,4.1423022500000005e-06,6.747933159999999e-06,6.1880362199999996e-06,8.2117686e-06,1.4229174800000003e-05,2.28634148e-05,0.478986033,0.005502477260000001,0.00010652244210000001,64.83883319999998,51.18080139999999,3.2214912299999996e-05,6.42236831,0.0151776211,10.052500749999998,0.0006237122880000002,5.6591445300000006e-05,0.032116537699999996,42.5068672,0.0006237122880000002,5.6591445300000006e-05,0.00504148496,14.144795590000001,0.0006237122880000002,5.6591445300000006e-05,0.0022599903300000003,13.916054210000002,0.0006237122880000002,5.6591445300000006e-05,0.0039863161,9.4083572e-06,2.26838155e-05,-0.009186791530000002,-0.2156051077,0.00787311574,0.00136881906,0.00032438512903,1.208043169e-06,1.26421059e-05
147,1709097600,0.9216400590000001,0.921653283,-0.021291660599999998,-1.4785412900000001,1.49067049,0.864806854,1.34235348,1.2789015400000001,0.016933588849999997,0.406748166,1.4898189750000001e-05,1.97704897e-06,2.103107676e-06,3.68199825e-06,3.7151641299999997e-06,4.667380765e-06,8.29635741e-06,1.6136223859999998e-05,0.456786285,0.0038868538199999998,0.00010451462570000001,66.7211513,50.874069899999995,3.064641189999999e-05,6.173543929999999,0.015090631900000002,9.8305532,0.0007827559834000001,7.11802839e-05,0.0313543563,40.395773000000005,0.0007827559834000001,7.11802839e-05,0.0051516863000000005,17.01804551,0.0007827559834000001,7.11802839e-05,0.00235095858,16.84702477,0.0007827559834000001,7.11802839e-05,0.0038127098,6.21979081e-06,1.9501063300000002e-05,0.008116762700000002,0.03429857775999999,0.00635839022,0.00040345759999999996,-0.00047590281400000005,9.9825428e-07,1.0914232149999998e-05
147,1709098200,0.8552290429999999,0.8552423680000001,-0.0179219845,-1.4833280600000003,1.42545602,0.8349303170000001,1.29596459,1.23243765,0.0174121536,0.380368405,1.449820225e-05,1.4588074570000002e-06,1.5325968909999998e-06,2.75813246e-06,3.6080813200000007e-06,3.5305577999999995e-06,6.99459426e-06,1.715612673e-05,0.422372235,0.00510736091,9.64851825e-05,69.11147550000001,51.2253378,2.84406398e-05,6.236804790000001,0.014608662150000002,9.3317616,0.0006945426759999999,6.310860884999999e-05,0.030188576,37.5231973,0.0006945426759999999,6.310860884999999e-05,0.005095690460000001,15.42854014,0.0006945426759999999,6.310860884999999e-05,0.00226781069,15.238242969999998,0.0006945426759999999,6.310860884999999e-05,0.0038409583900000004,6.793611109999999e-06,2.0055896300000003e-05,0.004614529349999999,0.04469535824,0.00712147402,0.000587523151,-0.00033960143799999996,1.4089832799999999e-06,1.22579223e-05
147,1709098800,0.8779251670000001,0.8779385129999999,-0.016093683150000003,-1.4885638399999999,1.44098147,0.8460444,1.30837746,1.24766309,0.0157305431,0.38428410300000004,1.3926856749999999e-05,8.61955369e-07,8.87314046e-07,1.9268593950000003e-06,2.8881284e-06,2.307362819e-06,6.26179284e-06,1.087972708e-05,0.43451537900000003,0.00432928239,9.112916899999999e-05,68.26664430000001,51.0533406,2.92057141e-05,6.00979236,0.014643629699999999,9.345417000000001,0.0005758262708,5.223317178e-05,0.0303916309,37.9685926,0.0005758262708,5.223317178e-05,0.00497410942,13.182628590000002,0.0005758262708,5.223317178e-05,0.00216471095,12.94361176,0.0005758262708,5.223317178e-05,0.0038545769699999998,6.7416805399999995e-06,2.01062893e-05,0.044090898,0.16271382942999998,0.00807267102,0.000618663449,-0.000332357745,1.148045837e-06,1.15960857e-05
147,1709099400,0.8658560810000001,0.8658691879999999,-0.0170495814,-1.4792321,1.43175621,0.83926162,1.31089004,1.2443629899999997,0.015568820200000003,0.378702285,1.432471465e-05,1.5249848489999998e-06,1.650273145e-06,3.0216414669999998e-06,3.2380449899999997e-06,3.896284364999999e-06,8.08863679e-06,1.4947861099999998e-05,0.42740417299999994,0.00539063067,9.54821702e-05,68.3468589,51.2797781,2.8782102999999998e-05,6.12438168,0.014532525499999999,9.209113649999999,0.00105224823465,9.592063209999999e-05,0.030270256100000004,37.7075082,0.00105224823465,9.592063209999999e-05,0.00524278238,20.316377040000003,0.00105224823465,9.592063209999999e-05,0.00244695865,20.30088012,0.00105224823465,9.592063209999999e-05,0.00379134778,5.928528390000001e-06,1.90891111e-05,-0.032315277899999995,0.14458896810000002,0.00615031055,0.00031522989899999997,-0.000561871795,1.331410244e-06,1.1223502550000001e-05
147,1709100000,1.1528198099999998,1.15283296,-0.0030619950640000003,-1.5843866500000001,1.5432845800000001,0.9821388879999999,1.43944393,1.3872423299999999,0.0163971464,0.4926538569999999,1.456994205e-05,1.7564999609999998e-06,1.775499877e-06,2.892356696e-06,3.1928368640000005e-06,4.000908102e-06,7.423969290000001e-06,1.37539014e-05,0.570767206,0.00552574629,8.05593099e-05,68.0264138,50.99868109999999,3.83566691e-05,5.83362269,0.0171356821,12.09692565,0.0008808619383,8.015699282e-05,0.0349338057,50.1110097,0.0008808619383,8.015699282e-05,0.0051117064500000005,18.09908438,0.0008808619383,8.015699282e-05,0.00241353994,18.01377749,0.0008808619383,8.015699282e-05,0.0037358876900000005,4.88560838e-06,1.8051003999999998e-05,0.01804415182,1.2933655558000003,0.008629371319999999,-3.2815194e-05,-0.000874397384,1.115404131e-06,1.14142906e-05
147,1709100600,1.28785091,1.28786406,0.0015620857500000002,-1.6183780200000002,1.61311173,1.0415196449999997,1.48954545,1.4426690699999998,0.026636727499999995,0.572108322,1.5031691250000002e-05,2.373344056e-06,2.5217518799999997e-06,3.5665167300000004e-06,4.8863011899999996e-06,6.888707040000001e-06,1.1946962649999999e-05,2.5648987399999995e-05,0.638804973,0.004925040900000001,0.0001355722551,65.4711264,50.8111019,4.27889457e-05,6.42365009,0.0182677371,13.582067799999999,0.001159096278,0.00010564364639999999,0.036957287299999995,56.22966710000001,0.001159096278,0.00010564364639999999,0.00532813048,24.2080486,0.001159096278,0.00010564364639999999,0.00266640266,24.170762189999998,0.001159096278,0.00010564364639999999,0.0037056369500000005,4.2228728899999995e-06,1.73971169e-05,-0.02064114173,0.8847134929999999,0.008063251339999999,-0.00029479013900000006,-0.001077641943,1.0126194740000002e-06,1.104688985e-05
147,1709101200,1.0644915510000001,1.064504836,0.0037886820379999997,-1.6085335399999998,1.48549534,0.944821303,1.37407947,1.32386544,0.0229601767,0.474065269,1.48054803e-05,1.915989447e-06,2.21123635e-06,4.43743358e-06,3.708002542e-06,5.0193222950000005e-06,8.681358846e-06,1.8207035390000003e-05,0.526267605,0.00582264934,0.00010965198720000002,66.73274419999998,51.21112250000001,3.5388211000000005e-05,6.09709711,0.01636928335,11.00702865,0.0006747869609,6.129333913000001e-05,0.03354401729999999,46.535041899999996,0.0006747869609,6.129333913000001e-05,0.005127604660000001,18.49548014,0.0006747869609,6.129333913000001e-05,0.0023855742199999997,18.22297502,0.0006747869609,6.129333913000001e-05,0.0039076417599999995,7.44289725e-06,2.0626401900000003e-05,-0.03464187120000001,0.19551799929999997,0.006402077809999999,0.0003581422905,-0.00043527157699999996,9.824625789999998e-07,1.11291382e-05
147,1709101800,1.089716702,1.0897299459999998,0.00013100351000000006,-1.6243399,1.49745821,0.9604166000000001,1.3800046600000002,1.32649048,0.0270500252,0.48962955399999997,1.5444939899999996e-05,2.583479877e-06,2.8328027060000005e-06,4.37740987e-06,5.054103389999999e-06,6.817539440000001e-06,1.1539129760000002e-05,2.370958515e-05,0.537771343,0.006915826379999999,0.00011205593939999999,66.271654,51.28536500000001,3.6211711600000004e-05,6.52230863,0.0170917246,11.846694799999998,0.0008141606911999999,7.406185893000001e-05,0.034151189900000004,48.0803741,0.0008141606911999999,7.406185893000001e-05,0.00506555345,17.683753720000002,0.0008141606911999999,7.406185893000001e-05,0.00228751959,17.51041298,0.0008141606911999999,7.406185893000001e-05,0.0038042111400000004,5.4587034400000006e-06,1.8734673300000003e-05,-0.019592009885,1.0987578140000003,0.008081763970000001,-8.718645200000005e-05,-0.000855125685,1.0423387670000003e-06,1.13072596e-05
147,1709102400,1.047205376,1.047218636,-0.005066605880000001,-1.67999653,1.40340533,0.949233141,1.2990021299999999,1.2569258600000002,0.02144342035,0.46436242200000005,1.579262935e-05,2.9605929680000004e-06,3.075555087e-06,4.230488896e-06,5.04024531e-06,6.32013345e-06,1.052243224e-05,2.0882652949999998e-05,0.5143741220000001,0.00909198375,8.093565719999998e-05,68.27301080000001,51.7555646,3.48117215e-05,6.272037170000001,0.0169227277,11.5977138,0.0013711420875,0.00012512243938,0.03340681790000001,46.0743174,0.0013711420875,0.00012512243938,0.005274983159999999,25.175027470000003,0.0013711420875,0.00012512243938,0.00247840837,25.38510152,0.0013711420875,0.00012512243938,0.0037343189000000007,4.3988769799999994e-06,1.76758396e-05,-0.0335811500874,0.473011314,0.006445726810000001,-0.00025055169100000007,-0.001053677194,1.0866621410000001e-06,9.73371585e-06
147,1709103000,0.7593156269999999,0.7593289049999999,-0.0008896050759999998,-1.61604217,1.29986468,0.8002397859999999,1.16253551,1.0988585499999999,0.01981572825,0.346833867,1.5026743400000002e-05,2.0187371129999997e-06,2.1030004269999996e-06,2.8317974689999998e-06,3.486464542e-06,4.573506550000001e-06,7.397080819999999e-06,1.4571287939999999e-05,0.368269726,0.0112623571,8.69825491e-05,72.4877415,53.37147929999999,2.52377766e-05,6.36144414,0.013943789499999998,7.8679771,0.0004925262830999999,4.4641677500000005e-05,0.027714946299999998,32.0421047,0.0004925262830999999,4.4641677500000005e-05,0.004741423169999999,12.13591246,0.0004925262830999999,4.4641677500000005e-05,0.00185833091,11.83151779,0.0004925262830999999,4.4641677500000005e-05,0.0036734129499999997,2.9530895100000004e-06,1.61862086e-05,0.0015803417299999998,0.532651711,0.004800769349999999,-0.000853155324,-0.0014996706520000003,7.44702786e-07,8.28854493e-06
147,1709103600,0.42146263,0.42147600399999996,-0.0038205826700000002,-1.3991347299999999,1.131859566,0.5838757880000001,0.94926648,0.8601637500000001,0.02058999995,0.21672020600000003,1.3594040249999999e-05,3.74582298e-07,5.26119398e-07,1.549532305e-06,1.202723491e-06,1.9035440100000003e-06,4.21720433e-06,8.13748298e-06,0.1944664115,0.0161666106,8.007259960000001e-05,79.194903,58.4198138,1.399256845e-05,6.460539680000001,0.0100107893,4.50273586,0.0003543594404,3.2019200905e-05,0.020065398199999997,17.050550599999998,0.0003543594404,3.2019200905e-05,0.00459829327,7.7887957,0.0003543594404,3.2019200905e-05,0.00153226035,7.491355060000001,0.0003543594404,3.2019200905e-05,0.0037641788700000004,4.27785754e-06,1.76004839e-05,0.008273919699999998,16.652473555000004,0.014688885559999998,-0.000547201603,-0.0012591271520000001,2.118695821e-06,2.0916847349999995e-05
147,1709104200,0.604610713,0.604624044,-0.010522949949999999,-1.52616404,1.25448829,0.709226558,1.090833304,1.0120434120000001,0.0209351421,0.289079045,1.4858733899999999e-05,1.786535324e-06,1.962449464e-06,2.4753770020000003e-06,3.006368055e-06,3.965449213999999e-06,6.82279787e-06,1.2352892060000002e-05,0.29028545299999997,0.0119150819,7.07728783e-05,74.38696630000001,54.11943670000001,2.0091808449999997e-05,6.358133360000001,0.0119890671,6.361117120000001,0.000590550138,5.360066723e-05,0.0247111868,25.419043800000004,0.000590550138,5.360066723e-05,0.004780576879999999,11.621671950000001,0.000590550138,5.360066723e-05,0.0018250693700000004,11.4761501,0.000590550138,5.360066723e-05,0.00369371899,2.95660879e-06,1.6307837e-05,0.03550476810000001,0.9324920819999999,0.00553198516,-0.000857723248,-0.00152061629,7.89210288e-07,8.89504094e-06
147,1709104800,0.29743269099999997,0.29744616900000004,-0.0130499012,-1.45801869,0.936891092,0.497189644,0.788499056,0.7207344910000001,0.013673058399999998,0.150945233,1.395800665e-05,5.95463636e-07,7.69320867e-07,1.3214002749999998e-06,1.20971345e-06,1.664678848e-06,4.01213509e-06,5.73130579e-06,0.13731619350000002,0.01131901855,6.47593289e-05,81.18557189999999,57.758420799999996,9.877384e-06,6.55522725,0.008496954300000002,3.3080656599999996,0.0003661630646,3.3117170726e-05,0.0170641856,12.0813648,0.0003661630646,3.3117170726e-05,0.00459218177,7.59951751,0.0003661630646,3.3117170726e-05,0.001428574006,7.324849586000001,0.0003661630646,3.3117170726e-05,0.00374293031,3.13707954e-06,1.6576925e-05,-0.02889567399,2.337190901,0.00728651793,-0.000931205115,-0.0017127039900000003,1.286154116e-06,1.0234060549999999e-05
147,1709105400,0.39277085700000003,0.39278422500000004,-0.012657811350000001,-1.49167919,1.050294556,0.57461703,0.9021650359999999,0.8316254000000001,0.013898156150000002,0.188824487,1.41495151e-05,8.94937542e-07,9.88775446e-07,1.5626760889999999e-06,1.7045612159999999e-06,2.1385718500000003e-06,4.84137313e-06,7.30085751e-06,0.185280993,0.0110182652,6.51367007e-05,75.43415819999998,55.6872745,1.3048799900000001e-05,6.2917555,0.00973256105,4.2540805200000005,0.00038421367563000003,3.4774117830000005e-05,0.0199132115,16.3489039,0.00038421367563000003,3.4774117830000005e-05,0.004471598870000001,7.09591396,0.00038421367563000003,3.4774117830000005e-05,0.0013942908550000003,6.87830337,0.00038421367563000003,3.4774117830000005e-05,0.0037083499299999994,2.9137484799999994e-06,1.6307071699999997e-05,0.08793600145,1.5935133270000001,0.00633844043,-0.0009034597740000001,-0.0015958650959999997,9.052481879999999e-07,9.222130920000002e-06
147,1709106000,0.432879847,0.432893385,-0.014012286499999999,-1.4532317000000001,1.10500874,0.5962242969999999,0.9472039200000001,0.8749392159999999,0.015712824549999997,0.207685128,1.4125521700000001e-05,7.983604639999999e-07,1.150804237e-06,1.6475113499999998e-06,1.541752487e-06,2.2702474200000004e-06,4.800904779999999e-06,7.90022791e-06,0.20629162,0.010039387280000001,8.79931726e-05,76.18157099999999,54.916418799999995,1.438434035e-05,6.43116335,0.010115315199999999,4.653091340000001,0.0006089308379999999,5.5292354870000015e-05,0.0208564783,18.114787,0.0006089308379999999,5.5292354870000015e-05,0.00493143246,12.03634835,0.0006089308379999999,5.5292354870000015e-05,0.00189044906,11.900616979999999,0.0006089308379999999,5.5292354870000015e-05,0.0038036683599999995,4.651760000000001e-06,1.81519278e-05,0.021066458800000003,0.4954097549,0.0058566545999999995,-0.000395976973,-0.001163179229,1.226683389e-06,1.1131831350000001e-05
147,1709106600,0.559816264,0.559829871,-0.010466706050000002,-1.56804682,1.18559869,0.687829334,1.026106306,0.961266859,0.021215572100000003,0.271969588,1.4266039600000002e-05,8.30516235e-07,9.332546590000002e-07,1.486306928e-06,2.029229113e-06,2.571941817e-06,5.865591000000001e-06,9.16240518e-06,0.27087457,0.008939013369999999,7.05176965e-05,75.04057529999999,53.3236623,1.86062122e-05,6.39003089,0.011684180550000001,5.93513081,0.0007061590500999999,6.425454641600001e-05,0.0239426082,23.728668000000003,0.0007061590500999999,6.425454641600001e-05,0.00492995348,13.63409526,0.0007061590500999999,6.425454641600001e-05,0.00190514303,13.477396113000001,0.0007061590500999999,6.425454641600001e-05,0.00376601908,3.9468407199999995e-06,1.7610764800000002e-05,0.010065023000000001,1.2197165479999998,0.00760650283,-0.0005425788453,-0.0012597752010000002,1.045271548e-06,1.090767422e-05
147,1709107200,0.458468231,0.45848197000000007,0.003258976942,-1.5737751100000001,1.09004576,0.623510534,0.94510384,0.8811644009999998,0.0142223315,0.22004743499999999,1.46624661e-05,1.090618266e-06,1.279319548e-06,2.0700832710000003e-06,1.996441783e-06,2.6548868100000004e-06,5.55362471e-06,8.26972478e-06,0.21942381700000002,0.0096492093,0.00013710744769999998,75.23917110000001,54.28122140000001,1.5235923300000002e-05,6.35441244,0.010763617999999999,5.0564447,0.0003804878836,3.439554491e-05,0.0216893488,19.376078000000003,0.0003804878836,3.439554491e-05,0.00469327478,8.73782985,0.0003804878836,3.439554491e-05,0.0015922963699999998,8.382955769999999,0.0003804878836,3.439554491e-05,0.0037991004999999994,3.8615080999999995e-06,1.75432745e-05,0.0325134862,1.0020540206,0.00598831367,-0.00054596836,-0.00132419622,1.265806403e-06,1.0060319200000001e-05
147,1709107800,0.390768273,0.39078195400000004,0.039018937299999994,-1.32457935,1.0773329100000002,0.559153504,0.9615668639999999,0.8783518280000001,0.009545477959999998,0.176669419,1.45681561e-05,1.045423389e-06,1.18527482e-06,1.7747788320000002e-06,1.9740137320000003e-06,2.846786606e-06,6.134084989999999e-06,9.275624360000001e-06,0.18393715299999996,0.011234880200000002,0.00018679872099999997,76.72010209999999,55.8598662,1.2977471750000002e-05,6.621746809999999,0.009694498650000001,4.349018790000001,0.00035450187530000003,3.1981313120000005e-05,0.0199399468,16.4059532,0.00035450187530000003,3.1981313120000005e-05,0.00473442508,8.42515164,0.00035450187530000003,3.1981313120000005e-05,0.0015861701700000002,8.11338277,0.00035450187530000003,3.1981313120000005e-05,0.00376461065,3.34319182e-06,1.70514399e-05,0.0598627513,1.1743932113999997,0.0050423781400000004,-0.0008152671989999999,-0.0015122975340000002,8.7986802e-07,9.081145e-06
147,1709108400,0.417296309,0.417309998,0.0306617851,-1.36430827,1.0960084399999999,0.579484406,0.969929625,0.892452227,0.01209630832,0.191740772,1.4256182600000001e-05,6.932209550000001e-07,7.82110678e-07,1.204442239e-06,1.4425849699999999e-06,2.3512178940000004e-06,3.73537542e-06,7.08233042e-06,0.196517606,0.01194361775,0.00016902051700000003,78.7648124,55.962224199999994,1.3872678899999998e-05,6.1847660200000005,0.010001033,4.60199114,0.00032670277690000007,2.9455175516e-05,0.0205122025,17.4793502,0.00032670277690000007,2.9455175516e-05,0.00457719032,7.288853060000001,0.00032670277690000007,2.9455175516e-05,0.0014790166100000003,6.9505856999999995,0.00032670277690000007,2.9455175516e-05,0.00380852873,3.91431974e-06,1.75693873e-05,0.10782601749999998,3.819116759999999,0.00833041747,-0.000781188419,-0.0015599206999999998,1.1591504000000001e-06,1.0785460399999999e-05
147,1709109000,0.623109674,0.623123364,0.009916487330000001,-1.54789763,1.24470049,0.722339124,1.1192216629999998,1.0438068520000001,0.01624792324,0.282912754,1.49736557e-05,1.515791395e-06,1.6713246919999998e-06,2.6396478370000003e-06,2.602850795e-06,3.682725096e-06,6.058582079999999e-06,1.152264625e-05,0.29963330200000005,0.011712177800000001,0.00017806077200000002,74.5307124,53.9810243,2.07114355e-05,6.32402872,0.01215931985,6.51296428,0.0005069985463999999,4.592878176e-05,0.0252115142,26.3701189,0.0005069985463999999,4.592878176e-05,0.00482617252,11.000284539999999,0.0005069985463999999,4.592878176e-05,0.00183258189,10.73564641,0.0005069985463999999,4.592878176e-05,0.003874438749999999,5.12788412e-06,1.88670007e-05,0.2040313514,6.125867812,0.01140862614,-0.0003275155934299999,-0.0011284385299999999,1.644562397e-06,1.45290341e-05
147,1709109600,0.677191354,0.67720509,-0.0157965718,-1.54716579,1.2730513700000001,0.755062953,1.1492600800000001,1.06825761,0.0179895276,0.304559362,1.4230150549999998e-05,7.800371930000001e-07,8.51503162e-07,1.427498021e-06,1.9526512300000003e-06,3.2649722699999997e-06,5.609289820000001e-06,1.25658497e-05,0.326215653,0.01213274885,0.00022004572800000006,74.2897184,53.6894616,2.24982934e-05,6.4759466,0.0130569508,7.11908131,0.0006449391960000001,5.856058279999999e-05,0.0262430165,28.3284605,0.0006449391960000001,5.856058279999999e-05,0.00500765857,14.02688536,0.0006449391960000001,5.856058279999999e-05,0.0020696727500000003,13.807579530000002,0.0006449391960000001,5.856058279999999e-05,0.0038069067200000003,4.2530583600000006e-06,1.7866297700000002e-05,0.13521520950000002,10.626146040000002,0.013437332409999999,-0.000671427751,-0.001447143606,1.9189225000000003e-06,1.99413852e-05
147,1709110200,0.759256165,0.759269588,-0.021979299198999998,-1.50095807,1.38844237,0.792379793,1.2292500399999997,1.1458099999999998,0.020442988400000004,0.34341976800000007,1.437775155e-05,1.243660064e-06,1.523359813e-06,6.25363837e-06,2.8552496900000003e-06,3.7006872400000003e-06,6.56041762e-06,1.274319247e-05,0.36817351100000006,0.011210218670000001,0.000208457652,73.3335625,53.060131999999996,2.52436073e-05,6.384013359999999,0.014053448000000001,8.09485305,0.0007776640140000001,7.072256742999999e-05,0.0278301383,31.8907895,0.0007776640140000001,7.072256742999999e-05,0.00497114263,15.7284539,0.0007776640140000001,7.072256742999999e-05,0.0021071688299999997,15.60572745,0.0007776640140000001,7.072256742999999e-05,0.00424382642,1.522196416e-05,2.87647111e-05,0.038773044699999995,24.844529459999997,0.037871254,0.00046046707079999997,-0.000737846195,1.50003998e-05,9.15565233e-05
147,1709110800,0.649027624,0.6490411669999999,0.019793181099999998,-1.42905449,1.39935521,0.72481628,1.1773859459999998,1.081233038,0.02465978855,0.316583994,1.4688686200000002e-05,1.799130695e-06,2.3821641099999994e-06,6.8841611700000005e-06,3.3688201400000005e-06,6.340103259999999e-06,9.248527810000001e-06,1.59629881e-05,0.311467523,0.012633152350000001,0.000365784766,73.7031574,54.346850399999994,2.1553453100000003e-05,6.69529527,0.0128488093,7.37962962,0.0005776031856,5.2443028367000005e-05,0.0256246718,27.716801299999997,0.0005776031856,5.2443028367000005e-05,0.00484478291,12.458294823,0.0005776031856,5.2443028367000005e-05,0.0019840729199999997,12.248189042000002,0.0005776031856,5.2443028367000005e-05,0.0044070913500000005,1.93772623e-05,3.29138761e-05,0.00159079622,18.34295285,0.0429738534,0.0015753529299999999,9.069574409999994e-05,1.70158649e-05,0.0001058023509
147,1709111400,0.49168506800000006,0.49169893,0.0786128853,-1.3752723100000002,1.3294155499999998,0.6275443119999998,1.073732786,0.980842434,0.0174875157,0.24125528100000002,1.49897501e-05,1.466810395e-06,3.16418498e-06,6.11674236e-06,2.70183374e-06,4.59927222e-06,8.99649075e-06,1.0478454449999998e-05,0.23293350300000001,0.012444553010000001,0.000425788577,77.5874245,55.479877099999996,1.63340488e-05,6.47709442,0.0110438451,5.74699719,0.0005203558802,4.71588759e-05,0.022277772100000003,20.832114099999995,0.0005203558802,4.71588759e-05,0.004866073430000001,10.94415936,0.0005203558802,4.71588759e-05,0.00193586991,10.727068640000002,0.0005203558802,4.71588759e-05,0.00436278362,1.91365452e-05,3.2905728e-05,0.029131123600000003,19.059459999999998,0.043514426,0.0013390944299999999,0.000291529113,1.76320094e-05,0.00011577895240000001
147,1709112000,0.811973802,0.811987444,0.0852867799,-1.12821858,1.7391155900000002,0.773709452,1.44889421,1.3025272600000002,0.0423044097,0.39974698,1.4539474949999998e-05,1.5295325330000002e-05,0.00020553490634,6.72784162e-06,3.28745075e-06,1.4605785949999998e-05,0.00015067284099999997,1.69248257e-05,0.390040156,0.013772700869999998,0.0017599386799999998,74.12447109999998,53.8057912,2.6964410699999997e-05,6.6043172299999995,0.0179480356,14.9564634,0.00043672115799999996,3.94452634e-05,0.031552368,45.16306209999999,0.00043672115799999996,3.94452634e-05,0.0049000152,10.77901383,0.00043672115799999996,3.94452634e-05,0.006679331470000001,11.56119601,0.00043672115799999996,3.94452634e-05,0.017132414899999997,0.0005286724787,0.0005423423825000001,0.021537546703000003,3.840594961,0.07811182750000001,0.03521221057,0.02990721033,2.8619173500000003e-05,0.00034695065500000004
147,1709112600,0.6235870260000002,0.6236006089999999,0.039410512360000004,-1.045136409,1.5649602700000003,0.664200119,1.25842594,1.1375597,0.021530852099999997,0.303226597,1.4931114200000002e-05,3.221574260000001e-05,0.00022645167900000002,6.274281310000001e-06,3.1258351700000005e-06,3.980810815e-05,0.00015169651859999999,1.152862972e-05,0.296750139,0.01289693375,0.0016738090600000003,75.5897715,54.4595336,2.0710385e-05,6.4550848599999995,0.0173061617,14.11052995,0.0005238917618000001,4.7464798889999996e-05,0.0289676357,38.9704019,0.0005238917618000001,4.7464798889999996e-05,0.00470150924,10.375262595,0.0005238917618000001,4.7464798889999996e-05,0.00725109017,11.608478690000002,0.0005238917618000001,4.7464798889999996e-05,0.0192271101,0.000616536479,0.000630147825,0.0010979712399999996,-0.47926673100000006,0.0755622878,0.0395895807,0.0344218048,1.83182835e-05,0.000362409774
147,1709113200,0.712316031,0.712329674,0.01713123296,-1.0294938100000002,1.61513682,0.7007988299999999,1.34107843,1.2204372700000001,0.022271865999999998,0.344812986,1.5135916500000002e-05,3.209084307e-05,0.00023368089299999998,7.76273472e-06,3.3550149870000003e-06,5.67781847e-05,0.000145830032,1.2727223e-05,0.34145805500000004,0.012648549549999999,0.0015574636,73.21594259999999,53.7243835,2.36599673e-05,6.45220985,0.0181759149,15.5966861,0.000521201324,4.7175665250000006e-05,0.030659219199999997,43.343529600000004,0.000521201324,4.7175665250000006e-05,0.004886215380000001,11.00531735,0.000521201324,4.7175665250000006e-05,0.00751334173,12.29567732,0.000521201324,4.7175665250000006e-05,0.0194594636,0.0006346588249999999,0.000648191875,-0.0023577942639999997,-0.46104393899999996,0.07509456410000001,0.0403037401,0.0349277303,1.85532604e-05,0.000364732205
147,1709113800,0.624759675,0.6247732690000001,0.0164420958,-1.152853949,1.49370809,0.6631025070000001,1.210236916,1.0985585409999998,0.01920368665,0.303566223,1.4434335349999998e-05,1.8713256e-05,0.00023238293699999997,6.810369690000001e-06,3.35412247e-06,1.594806173e-05,0.000174520314,1.183865958e-05,0.302504581,0.007942497057,0.0014682181000000001,72.4059355,52.7312289,2.07612619e-05,6.55358969,0.017325779,14.198196199999998,0.0006372635204000001,5.782247476000001e-05,0.0288900565,39.1738215,0.0006372635204000001,5.782247476000001e-05,0.005044738549999999,13.287607,0.0006372635204000001,5.782247476000001e-05,0.00751226875,14.489291010000002,0.0006372635204000001,5.782247476000001e-05,0.019084274800000002,0.000606339087,0.000619950981,0.00313695851,-0.44942179100000007,0.0827326694,0.0390973871,0.0337602994,2.15848352e-05,0.000385192738
147,1709114400,0.548472343,0.548485852,0.013449400249999998,-1.26720577,1.41424318,0.6428240040000001,1.1152840400000001,1.011443383,0.021653302000000003,0.279701128,1.4952912e-05,1.734853913e-05,0.00023592945100000002,7.26546744e-06,3.01772897e-06,2.573125457e-05,0.00016696878499999999,1.205028675e-05,0.269679812,0.002623973414,0.0014624137199999998,68.49433150000002,51.162131099999996,1.8217047399999997e-05,6.613715520000001,0.0170265056,13.3701701,0.0004650915139,4.2081777689999996e-05,0.028056513100000003,36.654172,0.0004650915139,4.2081777689999996e-05,0.004751298019999999,9.332278689999999,0.0004650915139,4.2081777689999996e-05,0.007264863830000001,10.67861315,0.0004650915139,4.2081777689999996e-05,0.0190052922,0.000606580726,0.000620049064,-0.010350733837000001,-0.4559133040000001,0.07338837100000001,0.0390992837,0.0339933234,2.08777156e-05,0.00037585900499999996
147,1709115000,0.5306655800000001,0.530679072,0.00858523251,-1.22705676,1.36770424,0.627299866,1.1046337100000003,1.00098055,0.01801606435,0.261099127,1.4770140199999999e-05,2.478616055e-05,0.000221871997,5.721277020000001e-06,2.5549355880000002e-06,0.0001193214734,0.0002521622711,8.184441359999998e-06,0.25959867099999995,0.00360154015,0.00149665822,70.7349834,51.612488199999994,1.7640811800000005e-05,6.36572668,0.020073785400000002,19.2948298,0.0005037449838,4.5601880250000006e-05,0.027482720100000003,35.34139689999999,0.0005037449838,4.5601880250000006e-05,0.00479369535,9.96383448,0.0005037449838,4.5601880250000006e-05,0.007238986879999999,11.23103677,0.0005037449838,4.5601880250000006e-05,0.019618630300000002,0.000681117863,0.000694610732,1.6657292899999176e-06,-0.241886994,0.08028167480000001,0.043927741400000005,0.03710029930000001,2.0903313300000004e-05,0.000412995919
147,1709115600,0.7971049490000002,0.79711844,0.0049719031,-1.22864174,1.6374875,0.769268788,1.3570164299999998,1.24222542,0.023868087599999997,0.386899083,1.55770516e-05,1.4546831576999998e-05,0.00020938367000000003,7.383885670000001e-06,4.401295299999999e-06,4.0025899200000006e-05,0.000352707729,1.6547482199999998e-05,0.39123616299999997,0.00517023231,0.0014988687800000001,67.4394161,51.4693098,2.6483023899999998e-05,6.41265178,0.021594099099999996,22.3089734,0.0007525110843999999,6.838796803e-05,0.031710460499999996,45.553725400000005,0.0007525110843999999,6.838796803e-05,0.005235947510000001,16.21990957,0.0007525110843999999,6.838796803e-05,0.007345876530000001,17.39645794,0.0007525110843999999,6.838796803e-05,0.0190885447,0.0006395657190000001,0.0006531067100000001,-0.0018356036840000006,-0.20920525299999998,0.0812194474,0.042663234800000005,0.0356850502,1.9763904199999996e-05,0.00037874572300000003
147,1709116200,0.768280858,0.768294455,0.00620200384,-1.25277544,1.6189244200000001,0.7580318070000001,1.32184035,1.2144370800000002,0.0250277526,0.37252169,1.502708055e-05,1.8565520770000002e-05,0.00020254395900000003,6.28938457e-06,3.355908207e-06,5.8790850799999996e-05,0.00034175148600000007,1.308999025e-05,0.37796964299999997,0.00400190223,0.00152260794,68.3292477,51.187461500000005,2.55355426e-05,6.40485757,0.0216990915,22.446428599999997,0.0007438771849999999,6.75812054e-05,0.0312865932,44.379471499999994,0.0007438771849999999,6.75812054e-05,0.0051955499,14.980762100000002,0.0007438771849999999,6.75812054e-05,0.0072985764099999986,16.270355400000003,0.0007438771849999999,6.75812054e-05,0.0191565349,0.000641720334,0.0006552526849999999,0.004264497379999999,-0.21915782,0.07951134900000001,0.0427691221,0.0357874334,1.79229114e-05,0.00036582956999999997
147,1709116800,0.7624523400000001,0.762465804,0.0041660025,-1.2590154299999998,1.57621064,0.75303304,1.3051523499999997,1.1998866400000001,0.025769515399999998,0.366580514,1.4278343400000001e-05,2.284899865e-05,0.000199836893,6.338449350000001e-06,3.08188936e-06,7.18036439e-05,0.0003309987743,1.1374409019999998e-05,0.37553862800000004,0.0035254591000000004,0.00151469775,68.97018159999999,51.14833490000001,2.5340951099999998e-05,6.455453950000001,0.0217229881,22.521565799999998,0.0004173565063,3.7714846206000004e-05,0.031091814099999997,44.15110320000001,0.0004173565063,3.7714846206000004e-05,0.00482584786,10.283257370000001,0.0004173565063,3.7714846206000004e-05,0.00695497276,11.2419021,0.0004173565063,3.7714846206000004e-05,0.0192038913,0.0006497251589999999,0.0006632457939999999,-0.06407788292300001,-0.21564645100000002,0.073576653,0.042291368,0.0354490722,1.902063915e-05,0.000384648925
147,1709117400,0.677224579,0.6772381199999999,0.006987478230000001,-1.29859925,1.5077710100000001,0.7194608849999999,1.22714992,1.123609316,0.023635874,0.32383538300000003,1.50065246e-05,1.802087804e-05,0.00020512295700000002,6.700355219999999e-06,3.6251884299999994e-06,3.62784749e-05,0.000360273486,1.2772627099999999e-05,0.332312175,0.00415215998,0.0015035102,69.21462770000001,51.4076927,2.24986828e-05,6.55628176,0.021142306899999998,21.449394499999997,0.000600725847,5.44787379e-05,0.029744761900000007,40.4366482,0.000600725847,5.44787379e-05,0.00495313442,12.670689260000001,0.000600725847,5.44787379e-05,0.007082422069999999,13.74967946,0.000600725847,5.44787379e-05,0.019227435100000002,0.0006451108650000001,0.0006585832629999999,0.0085668556385,-0.22027831,0.0775077999,0.042775579599999995,0.035846760000000005,1.72835042e-05,0.000366750646
147,1709118000,0.745143628,0.74515709,0.0043849017700000005,-1.35182146,1.53432183,0.7603731650000001,1.26307608,1.158147864,0.0243004821,0.356833037,1.50594621e-05,1.807133245e-05,0.000209524343,8.45411902e-06,3.92341576e-06,0.0001167156309,0.000277733949,1.5585356e-05,0.366546684,0.00387613017,0.0014972554399999998,68.5491814,51.206166100000004,2.47523793e-05,6.458542970000001,0.0215221853,22.168555500000004,0.0007847557679999999,7.133703805000001e-05,0.0310135395,43.9820089,0.0007847557679999999,7.133703805000001e-05,0.00509951104,15.999560780000001,0.0007847557679999999,7.133703805000001e-05,0.007279646199999999,17.2577067,0.0007847557679999999,7.133703805000001e-05,0.0193607048,0.00065416639,0.000667703393,0.004464537120000001,-0.20880387100000003,0.08331822019999999,0.042808026799999996,0.0359023531,1.8512755699999998e-05,0.000386425789
147,1709118600,0.8526231770000001,0.852636668,-0.0118384779,-1.2685594,1.66932595,0.801610582,1.3750169700000001,1.26262604,0.0294699097,0.412291409,1.5334891549999997e-05,2.112104831e-05,0.00020766895199999998,8.28309441e-06,4.26998258e-06,5.5895004550000004e-05,0.00034946526400000006,1.69490009e-05,0.420221794,0.0039014534899999994,0.00152276285,67.3532697,51.0729362,2.83258608e-05,6.52210502,0.0222100788,23.416083,0.000602110432,5.462894067e-05,0.0326813297,48.30736449999999,0.000602110432,5.462894067e-05,0.00505853208,14.101198210000002,0.000602110432,5.462894067e-05,0.00723928018,15.094723810000001,0.000602110432,5.462894067e-05,0.019442447199999997,0.0006580883730000001,0.0006715495860000001,0.000860952136,-0.21791992599999999,0.07890330649999999,0.0430183003,0.0360940594,1.92626386e-05,0.00039531141
147,1709119200,1.5909441100000001,1.5909576300000001,-0.01231330995,-1.36063882,2.10310171,1.108094635,1.8294558600000002,1.7170273899999997,0.034037815299999996,0.7180703700000001,1.74347759e-05,2.0954387480000003e-05,0.00021126773200000004,9.82092455e-06,8.06573906e-06,3.3683927250000004e-05,0.00037998287600000003,3.1525821299999994e-05,0.790263329,0.00292913961,0.0015802080900000001,64.2911464,50.4694121,5.28747245e-05,6.46272744,0.025690411299999993,30.714768300000003,0.0014319984979999998,0.00013057534429999998,0.0429311072,80.46057799999998,0.0014319984979999998,0.00013057534429999998,0.0057696488700000005,28.623565000000003,0.0014319984979999998,0.00013057534429999998,0.0078837221,30.046733139999997,0.0014319984979999998,0.00013057534429999998,0.0192850065,0.000652446178,0.000665807336,0.006399260380000001,-0.217131267,0.0786064356,0.0430203232,0.0360897477,1.81767185e-05,0.000376823973
147,1709119800,1.7802983399999999,1.78031184,-0.01134682545,-1.3819474899999997,2.2313180900000003,1.17845942,1.9293963899999997,1.8134053600000002,0.034336086599999996,0.7928818960000001,1.59810479e-05,2.40155169e-05,0.000208157815,7.948603540000001e-06,6.48852446e-06,4.76561683e-05,0.000371091144,2.666456791e-05,0.885207005,0.00265932032,0.00158828549,64.55647710000001,50.3826806,5.91901094e-05,5.9996770800000006,0.026695854199999997,33.1336487,0.001160530547,0.0001056794612,0.0453465303,89.15292199999999,0.001160530547,0.0001056794612,0.00587441715,27.655807399999997,0.001160530547,0.0001056794612,0.00798725546,28.8307697,0.001160530547,0.0001056794612,0.0193786191,0.0006599055919999999,0.0006733586340000001,0.009470392244999999,-0.20982638699999998,0.0772396866,0.043348818299999994,0.0363517172,1.8366163400000002e-05,0.000382395071
147,1709120400,1.497788094,1.497801533,-0.0108498407,-1.3496020200000003,2.06496304,1.06391926,1.75730362,1.64660026,0.0298868126,0.6850803050000001,1.6205246549999998e-05,1.9050695350000004e-05,0.000217774912,8.692626070000002e-06,6.642306380000001e-06,4.46321854e-05,0.00038283488900000005,2.64573884e-05,0.742971238,0.0036287779299999995,0.0015851800899999997,65.1054544,50.6784086,4.9781684799999994e-05,6.45480433,0.025503301900000004,30.634036699999996,0.0016656314459999998,0.0001519999586,0.0414489344,76.7601189,0.0016656314459999998,0.0001519999586,0.0059428021,32.635931299999996,0.0016656314459999998,0.0001519999586,0.00814816692,34.042730999999996,0.0016656314459999998,0.0001519999586,0.0195377264,0.000671341183,0.0006847525189999999,0.0122125382,-0.212814864,0.0783440519,0.043826150599999995,0.0367461289,1.73175771e-05,0.000376163499
147,1709121000,1.055786082,1.055799587,-0.013552299999999998,-1.2912754999999998,1.8232306600000001,0.895242472,1.52438406,1.408318,0.034758811099999995,0.500175205,1.56666614e-05,2.3859053950000005e-05,0.000214287726,7.44325644e-06,5.30634099e-06,4.9407877700000003e-05,0.000382356445,2.1679242610000002e-05,0.520763771,0.0048324872900000005,0.0015902111900000001,67.2682645,51.0404856,3.50696005e-05,6.5237374599999995,0.023454386,26.1480862,0.000972527342,8.850791790000001e-05,0.035840410100000004,57.399370399999995,0.000972527342,8.850791790000001e-05,0.00543805056,19.743905899999998,0.000972527342,8.850791790000001e-05,0.00771017498,21.031885300000003,0.000972527342,8.850791790000001e-05,0.019714818199999998,0.0006815988319999999,0.0006950964490000001,0.01101834589,-0.22410140700000003,0.07873956979999999,0.04420875619999999,0.037091875600000004,1.8204147299999997e-05,0.00040095932299999995
147,1709121600,1.37708941,1.3771027500000002,-0.013625376649999998,-1.3388336,1.97859788,1.0295765929999998,1.7143273399999999,1.6000988499999997,0.036053940900000005,0.628922091,1.6390810099999998e-05,2.249099067e-05,0.000215649137,8.47377936e-06,6.38436941e-06,0.0001426772679,0.0002942107668,2.7058941419999998e-05,0.6815235040000001,0.00470209658,0.00159901438,65.7620265,50.786525000000005,4.5771507800000006e-05,6.2900101699999995,0.025214485,29.855420000000002,0.0010702096740000003,9.744326949999999e-05,0.0404122857,71.984986,0.0010702096740000003,9.744326949999999e-05,0.00545361821,21.61785238,0.0010702096740000003,9.744326949999999e-05,0.007706072300000001,22.97761352,0.0010702096740000003,9.744326949999999e-05,0.019686784800000003,0.000681899916,0.0006952955090000001,0.004533534584,-0.209739216,0.0824236839,0.044132389099999995,0.037004985000000004,1.8656143e-05,0.0003832446120000001
147,1709122200,0.996727216,0.996740522,-0.0123775752,-1.24082205,1.76791647,0.861168801,1.49779571,1.38971742,0.024041190100000002,0.460506948,1.5159880100000002e-05,1.875665955e-05,0.00021254115500000001,6.947069890000001e-06,4.29534796e-06,8.266402859999999e-05,0.00034102051700000003,1.283849016e-05,0.490441491,0.00570929768,0.00153193944,69.3516458,51.2610182,3.31344899e-05,6.27739951,0.0231612213,25.601848,0.0009086309075000002,8.274972376e-05,0.0349879278,54.81654540000001,0.0009086309075000002,8.274972376e-05,0.0052520223999999996,19.00495716,0.0009086309075000002,8.274972376e-05,0.007482358720000001,20.24731924,0.0009086309075000002,8.274972376e-05,0.0196463229,0.000674245234,0.000687510259,0.00599602459,-0.19814510999999999,0.07896690320000001,0.0438797022,0.0367611688,1.797293935e-05,0.00038570453099999994
147,1709122800,0.7444018,0.7444152780000001,-0.017817856400000002,-1.21804892,1.5498098,0.741910368,1.30170222,1.19489896,0.0195178385,0.342021968,1.5729551799999998e-05,2.4099771099999998e-05,0.00022087175199999998,6.72120685e-06,3.931771966e-06,2.090284837e-05,0.00030192060400000004,1.621803886e-05,0.365103103,0.00495729399,0.00154357901,68.2859735,51.5026314,2.4736989900000005e-05,6.51614271,0.0202580124,19.4014886,0.0006436903299999999,5.840677142000001e-05,0.0310201877,43.9595256,0.0006436903299999999,5.840677142000001e-05,0.004979802320000001,13.297024480000001,0.0006436903299999999,5.840677142000001e-05,0.00733945785,14.65195986,0.0006436903299999999,5.840677142000001e-05,0.019289120099999998,0.0006465069179999999,0.0006600517599999999,0.00198603099,-0.297611148,0.0837314643,0.041962845299999996,0.035755908600000004,1.83906084e-05,0.00037544830899999997
147,1709123400,0.895273706,0.895287323,-0.0192741104,-1.26025623,1.68177636,0.818467779,1.40693046,1.29933961,0.0260844009,0.42196815,1.52440712e-05,2.2524810999999998e-05,0.00022788725800000002,6.56435642e-06,3.2591174000000003e-06,1.4859095960000001e-05,0.00020133995700000003,1.2583942429999999e-05,0.441054113,0.00453510654,0.00155701863,68.56107510000001,51.212422600000004,2.9767563500000003e-05,6.23330986,0.019503927999999997,17.5888365,0.000741666752,6.736043000000001e-05,0.0335863323,51.1182432,0.000741666752,6.736043000000001e-05,0.00518557449,15.5057521,0.000741666752,6.736043000000001e-05,0.007614493230000001,16.8149072,0.000741666752,6.736043000000001e-05,0.0189394488,0.000608744563,0.0006223239219999999,-0.004718119683000001,-0.412771543,0.0735895556,0.039611135500000005,0.0342775444,1.8846770700000003e-05,0.00036686587900000003
147,1709124000,0.812667495,0.812681212,-0.0212300956,-1.21679354,1.65042541,0.7746055220000001,1.35821647,1.25276326,0.0190355247,0.367039852,1.4194157999999999e-05,2.3041730340000003e-05,0.00022868625199999994,5.49846874e-06,2.258725555e-06,2.86688119e-05,0.000191513337,7.73860331e-06,0.398797639,0.00545221553,0.0015960098700000002,72.12874839999999,51.499474899999996,2.7021488900000004e-05,6.168870239999999,0.0190194399,17.0621571,0.000627380541,5.6896532100000006e-05,0.032369755400000005,47.6910805,0.000627380541,5.6896532100000006e-05,0.0051447064899999995,14.290957770000002,0.000627380541,5.6896532100000006e-05,0.007613425290000001,15.402333120000003,0.000627380541,5.6896532100000006e-05,0.019122225899999998,0.000621233462,0.0006349356369999999,0.008655063539999999,-0.40590592699999994,0.080321763,0.040147455699999994,0.0347536814,1.8024422299999995e-05,0.00036848923600000003
147,1709124600,0.7591627839999999,0.7591765899999999,-0.022229672,-1.20421753,1.5544974200000001,0.747394715,1.31707769,1.2139495699999998,0.018561791799999998,0.341332468,1.456387925e-05,2.2501898980000003e-05,0.00023649792100000002,2.91021501e-06,2.12253566e-06,1.9350905339999996e-05,0.000203392509,8.28557005e-06,0.372020341,0.00545135467,0.0016138789300000002,70.8304968,51.61122329999999,2.52374811e-05,6.235873359999999,0.018573871,16.2340921,0.000626737643,5.68284284e-05,0.0315804665,45.5995183,0.000626737643,5.68284284e-05,0.00516068691,13.643388349999999,0.000626737643,5.68284284e-05,0.00769069101,15.07363808,0.000626737643,5.68284284e-05,0.0191794904,0.000627487262,0.0006413554609999999,0.0049362990600000005,-0.435094547,0.056554483899999994,0.040546404700000004,0.0351903982,7.50583382e-06,0.00028498047499999994
147,1709125200,1.160532464,1.1605461740000003,-0.018458452200000003,-1.33988619,1.8872076400000002,0.947270073,1.5714479700000001,1.4578194899999999,0.0286128602,0.534412506,1.4281471050000002e-05,2.41514154e-05,0.00023664261799999999,2.25349112e-06,2.661800364e-06,2.181826123e-05,0.000219820066,1.4158592520000001e-05,0.57295064,0.005143539260000001,0.0016500044999999998,69.103064,51.051904900000004,3.85763815e-05,6.27307112,0.0214649398,21.005026899999997,0.0009595598635999999,8.737310128e-05,0.0375486898,63.15230549999999,0.0009595598635999999,8.737310128e-05,0.0054247034,20.63120987,0.0009595598635999999,8.737310128e-05,0.007969094,22.1370335,0.0009595598635999999,8.737310128e-05,0.019217307499999996,0.000635303178,0.000648999599,0.007131822205000001,-0.42712689700000006,0.0557970234,0.040976844299999995,0.0355519782,8.43606369e-06,0.000293011968
147,1709125800,1.1660907100000002,1.1661042400000001,-0.017350191699999996,-1.35829734,1.79555479,0.9521809400000001,1.5685978999999999,1.4614196099999999,0.025702432399999996,0.5266624179999999,1.6152144399999997e-05,2.24150138e-05,0.000209614213,4.23531851e-06,5.094652139999999e-06,1.268749985e-05,0.00029606099800000003,2.226795856e-05,0.5773153599999999,0.00371049856,0.00144447471,65.9139854,50.7683603,3.87533075e-05,6.50196418,0.0220231803,22.737194099999996,0.0007334755695,6.663943378000001e-05,0.0373004054,61.6117497,0.0007334755695,6.663943378000001e-05,0.005188041830000001,16.41431723,0.0007334755695,6.663943378000001e-05,0.007331960750000001,17.58243354,0.0007334755695,6.663943378000001e-05,0.018556445900000003,0.000598317294,0.0006119284870000001,0.0102701202,-0.318284482,0.051760711,0.04053170269999999,0.0345459362,7.60515376e-06,0.00026307449299999995
147,1709126400,0.9589859519999999,0.958999815,-0.014621379139999998,-1.29703371,1.6596881500000003,0.854677298,1.4511817900000001,1.3453160499999999,0.01768098285,0.423008629,1.5150257299999998e-05,1.782604535e-05,0.000225743838,3.04849644e-06,3.1952966000000005e-06,5.271663045e-05,0.00023506237300000002,1.546105894e-05,0.47294245999999995,0.004555304479999999,0.00144089595,68.71283150000001,51.069404500000005,3.18747902e-05,6.31770137,0.0208539101,20.5077724,0.0004878275905999999,4.409450851e-05,0.0345819086,53.7428415,0.0004878275905999999,4.409450851e-05,0.0051570646099999996,13.4140792,0.0004878275905999999,4.409450851e-05,0.007481272579999999,14.55136115,0.0004878275905999999,4.409450851e-05,0.0188807051,0.000619892098,0.000633665261,0.011802116900000001,-0.343219148,0.0506142262,0.04126634850000001,0.0352485795,5.7080373999999995e-06,0.00026478811500000004
147,1709127000,1.196828598,1.19684232,-0.0117772634,-1.37391583,1.7875295699999998,0.965262775,1.5724980100000001,1.47315744,0.0215270888,0.5223168579999999,1.5040971999999997e-05,1.590564245e-05,0.000204892214,3.05876671e-06,3.7299507049999992e-06,3.9938937400000006e-05,0.00023988673400000002,1.730770433e-05,0.5935904049999999,0.00300110977,0.00129663546,66.3512336,50.6680385,3.9789713800000005e-05,6.1273142300000005,0.021993327,22.486131500000003,0.0009756799314,8.879969734e-05,0.037765653999999996,63.173454500000005,0.0009756799314,8.879969734e-05,0.00546182794,21.217577100000003,0.0009756799314,8.879969734e-05,0.007499805879999999,22.34404447,0.0009756799314,8.879969734e-05,0.0179980189,0.000570143069,0.00058383691,0.004667138750000001,-0.30403463900000005,0.0498118222,0.0394646337,0.0336108111,6.670821499999999e-06,0.000247573503
147,1709127600,1.1463406200000001,1.1463542759999998,-0.01309023415,-1.48939275,1.6638132600000002,0.960478106,1.48575783,1.39046745,0.0274163146,0.5060823400000001,1.5040253250000004e-05,1.9054204999999998e-05,0.00018569338900000003,3.3863269299999993e-06,3.5589373699999997e-06,2.296262388e-05,0.00023975286699999998,1.6816462900000005e-05,0.570963884,0.000530793467,0.0011829711899999998,62.6029449,50.199709,3.81183654e-05,6.12230357,0.0213669213,21.2270886,0.0007092268807499999,6.442941343e-05,0.0367662485,59.926839199999996,0.0007092268807499999,6.442941343e-05,0.00529784711,17.760325450000003,0.0007092268807499999,6.442941343e-05,0.007112951769999999,18.58960133,0.0007092268807499999,6.442941343e-05,0.0173982923,0.000530830728,0.0005444287319999999,0.0098472486,-0.2874713,0.047956239399999996,0.03811479189999999,0.0323553047,4.52820638e-06,0.00022721108800000003
147,1709128200,1.06064467,1.060658304,-0.0125931614,-1.4629213699999999,1.70041439,0.9217743199999999,1.44345657,1.35116622,0.024120147,0.4836573089999999,1.4763881700000002e-05,1.356542466e-05,0.000187963176,2.59034882e-06,2.70458951e-06,3.44577914e-05,0.00022273701100000002,1.2662533449999999e-05,0.528025653,0.000635761495,0.0011828685999999999,62.9297877,50.212249699999994,3.5277607799999994e-05,6.060820300000001,0.0209600308,20.4766726,0.0006960551410499999,6.32324157e-05,0.035754792699999996,56.642669,0.0006960551410499999,6.32324157e-05,0.00521940927,16.02825035,0.0006960551410499999,6.32324157e-05,0.007019786209999999,16.947017839999997,0.0006960551410499999,6.32324157e-05,0.0172959507,0.0005258047109999999,0.000539477404,0.009927080809999999,-0.26810771099999997,0.052724796799999994,0.0378760161,0.0322547916,6.531374520000001e-06,0.000252784456
147,1709128800,0.8190839120000002,0.8190972990000001,-0.014020475499999999,-1.3628437000000002,1.5772981499999998,0.794812988,1.3079274500000002,1.2130495099999998,0.020865698,0.38483343999999997,1.58623964e-05,1.12985042e-05,0.000195024759,4.7541292700000004e-06,4.563036865e-06,2.5462270099999998e-05,0.000244011231,1.701410932e-05,0.406644365,0.001178062631,0.0012147509399999998,62.6806283,50.439317,2.7229535100000005e-05,6.34322459,0.0196206406,18.0301687,0.000700269064,6.361247895000001e-05,0.031741549800000005,45.480613000000005,0.000700269064,6.361247895000001e-05,0.0050571981,14.29536053,0.000700269064,6.361247895000001e-05,0.0069183132699999995,15.306079380000003,0.000700269064,6.361247895000001e-05,0.0173904676,0.0005329366370000001,0.000546377144,0.00879809069,-0.28319221800000005,0.052303211100000004,0.0380902723,0.0324153332,4.9967961e-06,0.000238894827
147,1709129400,0.999204676,0.9992183179999999,-0.014847579300000002,-1.45317142,1.5483472399999998,0.8941176509999998,1.40738046,1.32885304,0.0290097039,0.45564178,1.66569551e-05,4.849492095e-06,1.397002865e-05,4.882711445000001e-06,5.6712066800000005e-06,8.303049210999999e-06,2.9867284500000002e-05,2.1335459999999996e-05,0.49774144500000006,0.0016303590689999998,0.0001385458707,60.9002761,50.394505699999996,3.32214363e-05,6.16345027,0.0159321598,11.07379055,0.0007566442621,6.877386607e-05,0.0326332777,44.137453699999995,0.0007566442621,6.877386607e-05,0.00510549048,16.083832030000003,0.0007566442621,6.877386607e-05,0.00264934112,15.968115286999998,0.0007566442621,6.877386607e-05,0.00477286437,3.544550285e-05,4.90311598e-05,-0.0449083578,0.12318817100000001,0.01256468734,0.00486295083,0.001529671024,1.1393726168e-05,3.5173152999999995e-05
147,1709130000,0.817191113,0.817204694,-0.0171354669,-1.44311565,1.49783323,0.804820606,1.2739888599999998,1.20686186,0.020325092200000002,0.37835182200000006,1.4401634950000003e-05,1.373559725e-06,3.3244990299999998e-06,2.088525675e-06,2.234501683e-06,4.76862464e-06,1.134046716e-05,1.126430497e-05,0.40400123800000004,0.004476347760000001,8.069258199999998e-05,69.1774207,51.26323169999999,2.7174012700000002e-05,6.16162602,0.014208512099999997,9.044079100000001,0.0006243131953,5.6693478335999994e-05,0.029283248500000005,35.870169399999995,0.0006243131953,5.6693478335999994e-05,0.00508093912,14.5577673,0.0006243131953,5.6693478335999994e-05,0.00233022155,14.2752824,0.0006243131953,5.6693478335999994e-05,0.004174334230000001,1.22689371e-05,2.5842803700000002e-05,-0.0865033035,9.0377968237,0.017222156349999997,0.00190777003,0.000706382958,2.4476326669999997e-06,2.7633468000000005e-05
147,1709130600,1.166950113,1.1669636360000002,-0.0156484573,-1.42821694,1.6895391,0.9596263129999999,1.53525934,1.44686916,0.03370901459999999,0.527521611,1.61916654e-05,3.151708638e-06,4.41195749e-06,4.207446634e-06,5.46287788e-06,7.80687767e-06,1.905324285e-05,2.40503454e-05,0.579833689,0.0034477510700000004,0.0001228741126,62.448479600000006,50.6909467,3.8794372299999994e-05,6.33797024,0.0166934433,12.2115936,0.0007813949897,7.1081616944e-05,0.0349002928,50.5021329,0.0007813949897,7.1081616944e-05,0.00516562117,18.1079425,0.0007813949897,7.1081616944e-05,0.0025208967599999995,17.922464740000002,0.0007813949897,7.1081616944e-05,0.004037682690000001,9.761468320000002e-06,2.32447999e-05,-0.08551486709999999,0.48171240065000004,0.009695885000000001,0.001358496334,0.000292305282,1.1503651579999998e-06,1.4896083400000001e-05
147,1709131200,1.1408264,1.14083992,-0.0148647107,-1.3684895799999999,1.70082689,0.9443184259999999,1.5593725899999997,1.46299466,0.027478745,0.5053698000000001,1.5697609599999998e-05,2.6578883e-06,4.249651410000001e-06,3.745601359999999e-06,5.30554386e-06,8.44675142e-06,2.4396738699999998e-05,2.6032533600000002e-05,0.5645155369999999,0.005675642390000001,0.0001450402908,66.30556909999999,51.0661761,3.79078046e-05,6.61367343,0.016521651199999998,12.091537,0.001518442398,0.0001385738706,0.0344776739,48.867454099999996,0.001518442398,0.0001385738706,0.00566968435,27.668919300000006,0.001518442398,0.0001385738706,0.00305322611,27.909149399999997,0.001518442398,0.0001385738706,0.00440669177,1.48100499e-05,2.83407258e-05,-0.0253435086,-0.0032224109999999806,0.0100688042,0.00269228067,0.001459427302,1.0539544399999999e-06,1.4892775599999999e-05
147,1709131800,0.756899177,0.756912864,-0.018112557699999997,-1.3423827899999998,1.5162838,0.7695061870000001,1.27275134,1.1857862000000001,0.027014289199999996,0.364659316,1.5367562749999998e-05,2.030855627e-06,2.7050656500000003e-06,3.5692711899999997e-06,4.41695761e-06,6.718150360000001e-06,1.2025593700000001e-05,1.6670332e-05,0.36954824399999997,0.00875157495,9.997999249999998e-05,68.49676380000001,52.5068628,2.51538673e-05,6.563354679999999,0.013286231300000001,8.06050298,0.0007707589490000001,7.00782669e-05,0.0277848727,32.0940605,0.0007707589490000001,7.00782669e-05,0.00514270732,15.54088625,0.0007707589490000001,7.00782669e-05,0.00229085064,15.39187324,0.0007707589490000001,7.00782669e-05,0.00418289252,1.203382675e-05,2.5708321e-05,-0.020356195749999997,4.3785791536,0.016616480510000003,0.00182060732,0.0006047961367000001,3.57335442e-06,3.502664665e-05
147,1709132400,0.6100489250000001,0.610062646,-0.019725842600000005,-1.3574913100000001,1.29502703,0.693638634,1.14723504,1.07219522,0.0174919915,0.284101313,1.4472940700000002e-05,9.84769349e-07,1.4086968940000001e-06,1.7155081399999998e-06,2.2465407400000004e-06,4.12173227e-06,9.51345686e-06,9.44385442e-06,0.29795927299999997,0.00694630755,8.864393549999999e-05,71.17286700000001,52.3243099,2.02784485e-05,6.3789533800000005,0.0121753907,6.68926515,0.00034667097460000003,3.125282013e-05,0.025233973200000002,26.1994417,0.00034667097460000003,3.125282013e-05,0.00473038658,8.397960206,0.00034667097460000003,3.125282013e-05,0.001763150325,8.030604876,0.00034667097460000003,3.125282013e-05,0.003959851449999999,8.28042839e-06,2.1991269e-05,-0.02537045574,-0.004425372699999994,0.008925947129999999,0.000964145324,4.2369915999999766e-06,1.1458215370000002e-06,1.333064065e-05
147,1709133000,0.6772942330000001,0.677307927,-0.01787062105,-1.3718166100000002,1.33219066,0.728593615,1.1908863799999998,1.12030922,0.017383324350000003,0.30751379200000006,1.49030559e-05,1.45686828e-06,1.768150839e-06,2.54347695e-06,3.0258583220000003e-06,5.24529205e-06,1.32073284e-05,1.147626801e-05,0.3325737940000001,0.00594566197,8.76095608e-05,68.71805279999998,51.8895546,2.25203692e-05,6.22665238,0.0127802998,7.388438240000001,0.0008173602822499999,7.4383498686e-05,0.026437300799999997,28.9729355,0.0008173602822499999,7.4383498686e-05,0.00517106007,16.343497550000002,0.0008173602822499999,7.4383498686e-05,0.00223011687,16.21677272,0.0008173602822499999,7.4383498686e-05,0.00408175928,1.0225762449999998e-05,2.3934224700000002e-05,-0.0158596732,-0.12433247600000001,0.0093079761,0.0014502654299999996,0.00041758083735000007,1.347262163e-06,1.3284928649999997e-05
147,1709133600,0.620362634,0.6203763099999999,-0.020446726300000002,-1.4312978199999997,1.26311356,0.704619106,1.1242843400000002,1.052694642,0.01784474569,0.283189023,1.459465515e-05,1.145982653e-06,1.6084450740000002e-06,1.8200198890000002e-06,2.351740274e-06,4.8611393599999996e-06,1.1501239e-05,8.943319940000002e-06,0.303464817,0.00659578461,8.75291881e-05,71.1504853,52.2972845,2.06319087e-05,6.35064058,0.012196139,6.7417603,0.00052079185,4.71781976e-05,0.025198745700000004,26.400007,0.00052079185,4.71781976e-05,0.00492718023,10.97826038,0.00052079185,4.71781976e-05,0.0019934578300000003,10.68980544,0.00052079185,4.71781976e-05,0.00418438968,1.16271125e-05,2.53442731e-05,0.0118731584,-0.07919521734000001,0.01030951833,0.0018344911200000001,0.000690182312,1.255129157e-06,1.4543844100000002e-05
147,1709134200,0.64660073,0.646614462,-0.0246862539,-1.3997654000000002,1.27631399,0.7150200170000001,1.1554852599999998,1.0803329879999999,0.01616003345,0.28996373900000005,1.5134264549999997e-05,1.666522498e-06,2.1647036380000005e-06,2.60760408e-06,2.9789947e-06,6.335880539999999e-06,1.039318906e-05,1.127367965e-05,0.31631141100000004,0.006854867959999999,9.510363350000002e-05,71.12284109999999,52.2891436,2.1496539099999998e-05,6.39995281,0.012475177799999999,7.10148753,0.0006295048933999999,5.7147026e-05,0.025845361699999996,27.934375499999998,0.0006295048933999999,5.7147026e-05,0.004991051450000001,12.79504322,0.0006295048933999999,5.7147026e-05,0.00204177006,12.57476314,0.0006295048933999999,5.7147026e-05,0.00402895017,9.5757746e-06,2.3226465699999997e-05,-0.0124363073,-0.0031953709500000178,0.01036807234,0.001260870666,0.00024865274795000003,1.244763697e-06,1.33384041e-05
147,1709134800,0.9226191929999998,0.92263269,-0.0187686348,-1.54313128,1.4177682700000003,0.8756369940000001,1.3152776800000001,1.2599259799999998,0.012621636900000002,0.396239218,1.48881967e-05,1.6966120219999998e-06,1.8881014215e-06,2.4241318710000003e-06,3.680736907e-06,5.9294761699999995e-06,8.86668869e-06,1.449183129e-05,0.45547885499999996,0.0056796788899999995,0.0001105964183,67.80214129999999,51.26294630000001,3.0677317e-05,6.0592434200000005,0.0151948463,9.9125026,0.0009016657778,8.2160889627e-05,0.0313071209,40.231783899999996,0.0009016657778,8.2160889627e-05,0.00514906974,18.709642470000002,0.0009016657778,8.2160889627e-05,0.0023166384,18.604339000000003,0.0009016657778,8.2160889627e-05,0.0038495225400000006,6.92845892e-06,2.04355638e-05,-0.0369656663,-0.21573953654999997,0.00698388922,0.000522023153,-0.000338298954,9.08595145e-07,1.140937005e-05
147,1709135400,0.8694949980000001,0.8695085069999999,-0.0175529844,-1.5685161399999998,1.36586672,0.8533606710000001,1.26795121,1.21023696,0.013644460189999999,0.36733779600000005,1.4876643050000003e-05,1.692724398e-06,1.854309181e-06,2.5142868640000004e-06,3.60540108e-06,6.12754435e-06,8.832976839999998e-06,1.4473929030000001e-05,0.42893140799999996,0.005668853430000001,0.0001066608362,68.6039594,51.3742495,2.89037193e-05,6.33840117,0.014574836050000001,9.1126647,0.0010275163558999998,9.364649500499999e-05,0.0301393331,37.2807805,0.0010275163558999998,9.364649500499999e-05,0.0052685180500000005,19.56004041,0.0010275163558999998,9.364649500499999e-05,0.00242835982,19.55075741,0.0010275163558999998,9.364649500499999e-05,0.0039354824699999996,8.01293624e-06,2.16105482e-05,-0.0367578229,-0.007506554800000021,0.008660425,0.0006807550556,-0.00023616093500000005,1.2935152510000001e-06,1.276457645e-05
147,1709136000,0.7509723540000001,0.7509861090000001,-0.018423197800000003,-1.50345978,1.30912747,0.787164816,1.21372455,1.1490726,0.008443291250000002,0.318134653,1.5339318099999998e-05,1.8841625820000003e-06,2.0361840359999998e-06,2.833672301e-06,3.603251136e-06,5.70479301e-06,8.112111260000002e-06,1.277503787e-05,0.36832379,0.00704318642,8.03047329e-05,69.5930661,51.8877161,2.49709607e-05,6.4039117899999995,0.01383044555,8.3084596,0.0003953653528,3.568320843e-05,0.028134610900000002,32.52720430000001,0.0003953653528,3.568320843e-05,0.004823371050000001,9.40170598,0.0003953653528,3.568320843e-05,0.0018734363899999998,9.08034757,0.0003953653528,3.568320843e-05,0.0038846880100000003,7.2706535700000005e-06,2.0982482999999998e-05,-0.057912295700000005,-0.38152854560000005,0.006441074770000001,0.00048432153289999986,-0.00036492639600000005,1.1223024160000001e-06,1.1628213699999998e-05
147,1709136600,0.706273153,0.7062866889999999,-0.0208786018,-1.47557801,1.2676137000000003,0.7586411110000001,1.18706124,1.12492183,0.00478767617,0.2927824680000001,1.4231623699999997e-05,9.59514413e-07,1.0369752960000002e-06,1.6340268370000002e-06,2.2177402440000003e-06,4.59422487e-06,6.588935599999999e-06,1.1356760629999999e-05,0.34806429,0.00494139099,0.00010151960829999997,69.537139,51.4370954,2.3477594500000002e-05,6.40564332,0.013172087399999999,7.5684771699999995,0.000630433747,5.7245180470000006e-05,0.0273340951,30.688976500000003,0.000630433747,5.7245180470000006e-05,0.00502118207,13.821628950000001,0.000630433747,5.7245180470000006e-05,0.0020845980400000003,13.5545042,0.000630433747,5.7245180470000006e-05,0.0038071323700000007,6.235110319999999e-06,1.9776914400000002e-05,-0.05469207838000001,-0.13163915599999995,0.006082784599999999,0.0002537655663,-0.000541984163,8.27257467e-07,1.065369525e-05
147,1709137200,0.704689099,0.704702693,-0.0220941403,-1.4368090199999997,1.2920644500000003,0.7489897849999999,1.1842861399999998,1.109846413,0.013546767189999998,0.304513213,1.4652883700000001e-05,1.301632219e-06,1.5133791140000002e-06,2.460589341e-06,2.5409742050000002e-06,5.00909779e-06,7.5948544099999995e-06,1.2997534780000002e-05,0.346415373,0.0057927788,0.0001017048018,70.065821,51.96281309999999,2.341932415e-05,6.3720775,0.01287742,7.43401288,0.0003760074952,3.3920872e-05,0.0268487183,30.2869891,0.0003760074952,3.3920872e-05,0.004805801550000001,9.89592652,0.0003760074952,3.3920872e-05,0.00187925733,9.52441531,0.0003760074952,3.3920872e-05,0.003848526959999999,6.25431046e-06,1.97829099e-05,-0.0169439098,0.167565275,0.00684830951,0.00015537873922,-0.0006940188550000001,1.199958153e-06,1.12249524e-05
147,1709137800,0.37352154000000004,0.37353505600000003,-0.0320092358,-1.3266289500000001,0.984967584,0.543683973,0.909477764,0.844938293,0.0034554598,0.15796431400000002,1.4275116e-05,9.131041019999999e-07,9.704516844999999e-07,1.501903029e-06,1.5503214299999998e-06,1.9894725470000002e-06,4.59095381e-06,6.462525009999999e-06,0.179396893,0.00727015019,7.47438529e-05,75.31375890000001,53.9717455,1.24165958e-05,6.31454626,0.0093351745,3.9796911899999996,0.000274420586,2.4634258500000002e-05,0.019584142000000002,15.765326299999998,0.000274420586,2.4634258500000002e-05,0.0046054541599999995,6.496243659999999,0.000274420586,2.4634258500000002e-05,0.0014944079299999999,6.1684218,0.000274420586,2.4634258500000002e-05,0.0036976941700000003,2.37861936e-06,1.58658317e-05,0.0647628441,1.6819153459999998,0.0051849997,-0.0011372157919999999,-0.00177906039,8.50498403e-07,9.25358369e-06
147,1709138400,0.41310145899999995,0.413115041,-0.0297256835,-1.43625172,1.002555595,0.5806671649999998,0.9289408610000001,0.867551471,0.00392646795,0.17231481399999998,1.4224787950000001e-05,7.956294210000001e-07,8.840257455e-07,1.722564827e-06,1.46888234e-06,2.042825095e-06,5.161190129999999e-06,6.63282974e-06,0.199552172,0.00689697217,8.21178325e-05,73.86059699999998,53.4108542,1.37293928e-05,6.416295460000001,0.00988029635,4.36731741,0.00032307988230000003,2.9147674500000006e-05,0.020610050900000003,17.442009300000002,0.00032307988230000003,2.9147674500000006e-05,0.00461533387,7.24051254,0.00032307988230000003,2.9147674500000006e-05,0.001522622453,6.92733524,0.00032307988230000003,2.9147674500000006e-05,0.0037611003000000004,3.24075802e-06,1.682368005e-05,-0.001761438499999994,1.1045000009999997,0.00456767477,-0.0008177121050000002,-0.0015685451070000002,1.266235029e-06,1.058583705e-05
147,1709139000,0.36399112899999997,0.36400458799999996,-0.026026657200000004,-1.47834829,0.9424037679999999,0.548272121,0.862676327,0.804174547,0.0037683898400000006,0.154640186,1.3727974700000002e-05,3.7092172400000005e-07,4.03381107e-07,8.97838642e-07,8.6282907e-07,1.184721435e-06,5.0773357200000005e-06,4.370122583e-06,0.175516471,0.006392630030000001,7.271408159999999e-05,75.53011640000001,53.54572040000001,1.2101062e-05,6.137131110000001,0.0093959572,3.93500067,0.0003989400503,3.606763801e-05,0.0194192266,15.496543900000002,0.0003989400503,3.606763801e-05,0.0046797107800000005,8.3016029,0.0003989400503,3.606763801e-05,0.00155938489,8.0341591,0.0003989400503,3.606763801e-05,0.0036934424200000004,2.44328571e-06,1.592206815e-05,-0.0313978832,0.7979337114,0.0036048662500000003,-0.001176245927,-0.0017840571199999999,8.02915799e-07,8.664313369999999e-06
147,1709139600,0.51217644,0.512190095,-0.0194314814,-1.54073001,1.063269961,0.6508928239999999,0.9923552950000001,0.93726612,0.00532257224,0.212138844,1.4333764750000002e-05,8.537029490000001e-07,9.383412324000001e-07,1.7522610890000003e-06,1.507453952e-06,1.9593336040000004e-06,5.2664919e-06,6.4637047300000005e-06,0.25100105399999995,0.0049996740800000005,6.79024022e-05,72.0347869,52.0806102,1.70326103e-05,6.05272462,0.0111453142,5.4407986,0.0004669162707,4.226659782000001e-05,0.0231185225,22.1572506,0.0004669162707,4.226659782000001e-05,0.004778311029999999,10.03139496,0.0004669162707,4.226659782000001e-05,0.0017272510499999998,9.7383362,0.0004669162707,4.226659782000001e-05,0.0037670295200000004,3.3080396399999997e-06,1.691570635e-05,0.0241529476,0.511286125,0.0036898457999999996,-0.0009139806030000001,-0.0015603802899999998,9.63605653e-07,9.069055929999998e-06
147,1709140200,0.537277887,0.5372914169999999,-0.0186078998,-1.55965784,1.0970209949999998,0.6706169839999999,1.0100558240000002,0.9552666750000001,0.01177520295,0.227753379,1.417297395e-05,8.35518588e-07,8.877378420000001e-07,1.6133827429999999e-06,1.694363814e-06,2.24666064e-06,5.9301175099999995e-06,8.46431838e-06,0.26307839800000005,0.00545551959,8.25416768e-05,70.97100199999998,52.114905799999995,1.7859498300000003e-05,6.364491510000001,0.01148229905,5.69706577,0.00047693113800000004,4.3231527319999996e-05,0.023674167099999997,23.116654699999998,0.00047693113800000004,4.3231527319999996e-05,0.00469001854,9.904960950000001,0.00047693113800000004,4.3231527319999996e-05,0.0016637117,9.639679752,0.00047693113800000004,4.3231527319999996e-05,0.00372120108,2.74649965e-06,1.6244987299999997e-05,0.1044574273,1.7096196410000002,0.00612377005,-0.0009185452807,-0.00169365308,1.0604487209999996e-06,9.8593134e-06
147,1709140800,0.394831268,0.39484482,-0.015277261450000001,-1.49966388,0.9686920670000001,0.57225585,0.897064883,0.8383755900000001,0.0032545662099999996,0.166839121,1.3849164100000001e-05,4.22589337e-07,4.3876294139999995e-07,1.1685321959999998e-06,9.33978727e-07,1.270402508e-06,4.338347199999999e-06,4.97486956e-06,0.191428683,0.005899530179999999,7.33529689e-05,74.8078684,53.03925439999999,1.3128317099999999e-05,6.18053044,0.00977730135,4.20770659,0.00034424404400000005,3.103019062e-05,0.020216678499999995,16.7791022,0.00034424404400000005,3.103019062e-05,0.00471285926,7.97433352,0.00034424404400000005,3.103019062e-05,0.0015941215000000002,7.623125170000002,0.00034424404400000005,3.103019062e-05,0.0037349185899999996,2.63100066e-06,1.6214588000000003e-05,0.1839575525,1.2745578439999998,0.00418883517,-0.000984183182,-0.00175859792,1.10898032e-06,9.740872749999999e-06
147,1709141400,0.420079844,0.420093429,-0.015231703199999998,-1.47625215,1.0133934400000002,0.588661314,0.9273658149999999,0.866051444,0.009070533520000002,0.184591376,1.3811255300000001e-05,3.36979891e-07,3.8860600900000006e-07,1.21611606e-06,8.0476195e-07,1.083644623e-06,3.439856219999999e-06,4.40310362e-06,0.203172654,0.0067903614,6.48909714e-05,75.61713850000001,53.2725648,1.396861445e-05,6.042552069999999,0.009978757,4.40750549,0.00039025708363,3.529178403399999e-05,0.0209071854,17.974393999999997,0.00039025708363,3.529178403399999e-05,0.0047440432,9.042862519999998,0.00039025708363,3.529178403399999e-05,0.00164196572,8.777926690000001,0.00039025708363,3.529178403399999e-05,0.00375671281,3.2476481300000004e-06,1.6843476299999998e-05,0.00525828876,1.268590546,0.00611473606,-0.0008408825749999999,-0.00153001099,1.18972595e-06,1.0014427760000001e-05
147,1709142000,0.41201543100000004,0.412029217,-0.018127433300000002,-1.61739962,0.9313034370000001,0.594005471,0.864101376,0.8178249639999999,0.00500184857,0.176331945,1.497341475e-05,1.374680709e-06,1.4674251155e-06,2.0185039400000006e-06,2.308541813e-06,3.0870682369999995e-06,6.167794670000001e-06,9.570685440000001e-06,0.199696594,0.006212259239999999,7.12936745e-05,71.5828218,53.0864919,1.3688598249999998e-05,6.473985600000001,0.0101365242,4.386185070000001,0.0003971567009,3.5926279215000006e-05,0.0206773792,17.5832514,0.0003971567009,3.5926279215000006e-05,0.0045741477199999995,7.83076705,0.0003971567009,3.5926279215000006e-05,0.001440309039,7.564178699,0.0003971567009,3.5926279215000006e-05,0.0037227812800000003,2.0216199399999997e-06,1.5780512799999998e-05,0.0343967776,0.968020222,0.0034664549200000006,-0.001393698434,-0.0019780557,7.451399199999999e-07,8.227852679999998e-06
147,1709142600,0.5275548600000001,0.527568371,-0.0145314637,-1.5647886500000001,1.098821037,0.6595569990000001,0.9925052779999998,0.933666015,0.01020867684,0.230931943,1.46827591e-05,1.374294018e-06,1.469682949e-06,2.36161797e-06,2.478612805e-06,3.1638586230000007e-06,6.25623424e-06,1.02186622e-05,0.257059624,0.006606391880000001,8.27244947e-05,71.2702171,52.734436599999995,1.75300214e-05,6.44796343,0.01114724725,5.489791890000001,0.0006099819893,5.537977299999999e-05,0.023170036,22.562474400000003,0.0006099819893,5.537977299999999e-05,0.00484911696,11.507824179999998,0.0006099819893,5.537977299999999e-05,0.0018183657700000001,11.355785139999998,0.0006099819893,5.537977299999999e-05,0.0037401731599999996,3.0361158999999997e-06,1.6537873000000003e-05,0.0482434303,1.057987086,0.00494428358,-0.000839836536,-0.0016350792479999997,1.212249951e-06,1.0089787239999998e-05
147,1709143200,0.44908912799999995,0.44910252600000006,-0.014359879050000001,-1.57657077,1.02314373,0.615618838,0.9310784209999999,0.8701765590000001,0.00381159081,0.18636452000000003,1.44998906e-05,1.2340342159999998e-06,1.3146673886e-06,1.934882034e-06,2.19273401e-06,2.8383396150000002e-06,5.60751798e-06,8.92036498e-06,0.216972966,0.007470611550000001,7.57000875e-05,72.97589239999999,53.46626260000001,1.49199225e-05,6.30156279,0.0104825115,4.77982747,0.0001690145746,1.498710211e-05,0.021504888899999998,19.1360162,0.0001690145746,1.498710211e-05,0.00444313344,5.117040099999999,0.0001690145746,1.498710211e-05,0.00136293921,4.6829427500000005,0.0001690145746,1.498710211e-05,0.00368434313,2.1927792000000004e-06,1.56447113e-05,0.0529533718,0.31493764469999996,0.0030815236199999998,-0.0012613840670000001,-0.0018109048999999998,7.414198100000001e-07,8.16790348e-06
147,1709143800,0.477109877,0.477123367,-0.015691630300000002,-1.59788079,1.023218741,0.6370460419999999,0.9467538860000001,0.893239775,0.00342193914,0.201396964,1.393157085e-05,5.627526309999999e-07,6.617081045e-07,1.555996469e-06,1.207815081e-06,1.603425852e-06,3.93621288e-06,6.012111790000001e-06,0.23155510499999998,0.006910179549999999,7.36326449e-05,73.83573550000001,52.9294712,1.586657205e-05,6.05808725,0.01094149065,5.14541568,0.0004043585517,3.654699316e-05,0.0223678042,20.5288302,0.0004043585517,3.654699316e-05,0.00473004171,9.493218500000001,0.0004043585517,3.654699316e-05,0.0016718619099999998,9.182667420000001,0.0004043585517,3.654699316e-05,0.00375518741,3.4274885500000004e-06,1.6940682899999997e-05,0.049417287399999996,0.45622999500000005,0.0043966742400000005,-0.0008104263470000001,-0.00146461405,1.016196331e-06,9.03404746e-06
147,1709144400,0.4671327011111111,0.4671462433333333,-0.015895478722222224,-1.6003722333333332,1.0102391555555554,0.63182551,0.9382786433333332,0.8812352577777778,0.004942655322222222,0.19669128111111112,1.4084508388888888e-05,6.823535966666665e-07,7.314479833333333e-07,1.2755231455555557e-06,1.5269729022222224e-06,2.041251038888889e-06,5.089439866666666e-06,7.850006555555555e-06,0.22656569444444447,0.006896917533333333,8.367550544444445e-05,72.34678411111112,53.00974933333334,1.552420611111111e-05,6.195725855555556,0.010690666722222221,4.903062611111111,0.00042822964255555555,3.876149414444444e-05,0.021963229,19.815556555555556,0.00042822964255555555,3.876149414444444e-05,0.004756663111111111,9.521231855555556,0.00042822964255555555,3.876149414444444e-05,0.001703932077777778,9.254032344444445,0.00042822964255555555,3.876149414444444e-05,0.0036958408333333326,2.2189140888888886e-06,1.5736441444444445e-05,0.022319270555555555,0.9152819266666667,0.0033994934111111113,-0.001249613148888889,-0.0018710644666666669,8.394484055555556e-07,9.152328255555555e-06
147,1709145000,0.433645907,0.433659441,-0.017028659100000003,-1.59011386,0.9779548429999998,0.607550208,0.9077527129999998,0.85386358,0.00312791942,0.1795734,1.40323877e-05,6.284499849999999e-07,6.983343239999999e-07,1.207400441e-06,1.3890919830000002e-06,1.94442534e-06,5.51527473e-06,7.33541109e-06,0.20989477,0.00682239668,8.65177714e-05,71.7944556,53.1933218,1.441166825e-05,6.57765558,0.010364541500000001,4.63220424,0.00036207839140000003,3.267624261e-05,0.021212350900000003,18.462279000000002,0.00036207839140000003,3.267624261e-05,0.0046784513500000005,8.31535056,0.00036207839140000003,3.267624261e-05,0.001583569857,7.996959666,0.00036207839140000003,3.267624261e-05,0.0037129215799999995,2.30388528e-06,1.5914687450000002e-05,0.03357668838,1.218552965,0.004586471020000001,-0.0012261306660000001,-0.0018610793100000001,8.946621599999998e-07,9.42129365e-06
147,1709145600,0.532954149,0.5329676720000001,-0.014751988100000002,-1.56269705,1.0816079950000002,0.667649301,1.0122309,0.9490414860000002,0.0069341702800000005,0.221265155,1.4081252150000001e-05,7.121767720000001e-07,8.121165425e-07,1.6523109480000002e-06,1.5237753450000002e-06,2.09163415e-06,5.07761075e-06,7.72459595e-06,0.259875154,0.0065006488799999994,8.08095558e-05,71.8891276,52.5765866,1.77208507e-05,6.343384950000001,0.0114146442,5.65715313,0.0006044410699,5.490563063999999e-05,0.0234990863,22.8731743,0.0006044410699,5.490563063999999e-05,0.004850413499999999,12.548050690000002,0.0006044410699,5.490563063999999e-05,0.0018279091599999998,12.35202344,0.0006044410699,5.490563063999999e-05,0.00376149287,3.43611186e-06,1.69597206e-05,0.03613194207,1.073112445,0.00524652756,-0.0007569311360000001,-0.0015217380099999999,1.300266203e-06,1.0520114000000001e-05
147,1709146200,0.893144749,0.8931581950000002,-0.010301718299999998,-1.4936355300000002,1.45729452,0.8530478350000001,1.3308406499999998,1.25816341,0.01133397099,0.380054873,1.455872545e-05,1.3615938499999997e-06,1.3445012896000001e-06,2.1454834229999997e-06,2.3727747039999997e-06,2.934611014e-06,6.13609374e-06,1.0243789949999999e-05,0.43960854400000005,0.0068589364299999995,7.71577477e-05,69.2191634,51.5991454,2.9715081900000002e-05,5.95008138,0.01476208075,9.513327039999998,0.0006270699379999999,5.6916275940000005e-05,0.030635185399999997,38.86472099999999,0.0006270699379999999,5.6916275940000005e-05,0.005017082420000001,14.40647366,0.0006270699379999999,5.6916275940000005e-05,0.00216431306,14.198736760000003,0.0006270699379999999,5.6916275940000005e-05,0.0037150727199999995,3.2259116500000004e-06,1.66241602e-05,0.013398749599999987,2.669444236,0.006431115270000001,-0.0006939589039999999,-0.0014697852399999998,1.222087495e-06,1.175075337e-05
147,1709146800,0.639420098,0.639433706,-0.011584875599999999,-1.5314363599999998,1.2126370199999998,0.7294852350000001,1.12503434,1.0564822299999999,0.01089764582,0.272399676,1.413181645e-05,6.973227809999999e-07,7.840910079999999e-07,1.49303688e-06,1.7530182270000004e-06,2.3989781630000003e-06,6.61527945e-06,9.78508853e-06,0.31247199000000003,0.007122509359999999,9.11964561e-05,71.87893940000001,52.3179908,2.1250791099999997e-05,6.31228376,0.0125264304,6.84362696,0.0007314693546000001,6.651564977e-05,0.0257579198,27.423389499999995,0.0007314693546000001,6.651564977e-05,0.00503239443,14.518735000000001,0.0007314693546000001,6.651564977e-05,0.0020380298799999997,14.393769440000003,0.0007314693546000001,6.651564977e-05,0.00374255224,2.9340464e-06,1.66283933e-05,0.005296191499999994,1.159503374,0.00549177026,-0.000897471553,-0.0016336181,9.61481582e-07,9.2070611e-06
147,1709147400,0.617790441,0.617804237,-0.012039772,-1.52229174,1.1897613000000002,0.717572855,1.10748384,1.0445193700000002,0.00546143186,0.25643705099999997,1.4926856149999998e-05,1.327097816e-06,1.4065430234e-06,2.361465806e-06,2.372015962e-06,3.079195654e-06,6.99773907e-06,1.0199909920000002e-05,0.301783178,0.00700231546,8.003357879999999e-05,70.3540088,52.306134099999994,2.05416827e-05,6.12570631,0.012345971850000002,6.6367160400000005,0.0004655032781000001,4.216115882e-05,0.0253823288,26.454116999999997,0.0004655032781000001,4.216115882e-05,0.004805052660000001,10.916086184,0.0004655032781000001,4.216115882e-05,0.00179524621,10.591168204999999,0.0004655032781000001,4.216115882e-05,0.0037743338299999997,3.2198014699999997e-06,1.69706979e-05,0.03974862223,0.7438756950000001,0.0039796760300000004,-0.0007278451404,-0.0015705584200000002,1.215426326e-06,1.0153369299999998e-05
147,1709148000,0.6183377219999999,0.618351479,-0.01354926605,-1.4838411400000002,1.22497491,0.7134305870000001,1.1144965240000002,1.044256889,0.01252956935,0.27111379700000005,1.4171981250000001e-05,6.092257240000001e-07,6.25013587e-07,1.28859868e-06,1.3892639259999998e-06,1.8613212859999998e-06,5.16600029e-06,7.65903958e-06,0.30159525800000003,0.007469236880000001,8.50245361e-05,72.66673349999999,52.52072939999999,2.056369105e-05,6.08558255,0.012147377300000001,6.47964878,0.0006417316565,5.826576022999998e-05,0.025284679100000002,26.3886035,0.0006417316565,5.826576022999998e-05,0.00501536589,13.203263680000001,0.0006417316565,5.826576022999998e-05,0.0020063176899999995,12.996835960000002,0.0006417316565,5.826576022999998e-05,0.003757499,2.7739403799999998e-06,1.65840043e-05,0.0982460232,3.1744003679999997,0.006258295160000001,-0.000971223554,-0.0017096395399999998,1.000529095e-06,1.0068831750000001e-05
147,1709148600,0.540185737,0.540199324,-0.0159474113,-1.58396746,1.07257022,0.6753016869999999,1.001805571,0.9458538799999999,0.00812233552,0.227479282,1.4952205199999997e-05,1.559847399e-06,1.6782490234e-06,2.6331051859999994e-06,2.615990243e-06,3.3474504340000005e-06,6.530123709999999e-06,1.0426621359999999e-05,0.26325187800000005,0.006730389029999999,8.04295294e-05,69.87336630000001,52.63824880000001,1.7957999349999998e-05,6.292304799999999,0.0113882352,5.583612660000001,0.0007694143170000001,6.99826015e-05,0.023560998299999997,22.8838372,0.0007694143170000001,6.99826015e-05,0.0050238959,14.527894529999998,0.0007694143170000001,6.99826015e-05,0.0020176020599999996,14.422727880000002,0.0007694143170000001,6.99826015e-05,0.0037633473100000003,3.4293404000000004e-06,1.69890944e-05,0.0315819147,0.685449258,0.00446452275,-0.0008294840059999999,-0.00150616879,1.096996216e-06,9.866296870000001e-06
147,1709149200,0.502346595,0.50236026,-0.0167190413,-1.6040363599999998,1.030118944,0.652741158,0.9572167200000001,0.9092152600000001,0.00529987299,0.21131793400000004,1.4748553000000001e-05,1.275053783e-06,1.344465242e-06,1.9523036399999996e-06,2.27904805e-06,2.9851168100000002e-06,5.97986243e-06,9.68889694e-06,0.24572783000000004,0.00533611563,8.27080114e-05,69.7224009,52.19037810000001,1.66961861e-05,6.45376546,0.01113550955,5.2757788,0.000305490348,2.7476251420000002e-05,0.0228570778,21.4830784,0.000305490348,2.7476251420000002e-05,0.00463185404,7.669191780000001,0.000305490348,2.7476251420000002e-05,0.00156917551,7.296400520000001,0.000305490348,2.7476251420000002e-05,0.0037162291700000003,2.30520382e-06,1.5980713099999998e-05,0.065576442635,0.8180397600000001,0.00403360314,-0.001182842312,-0.00180601384,7.64227449e-07,8.615733700000001e-06
147,1709149800,0.420702087,0.42071578500000006,-0.015957559500000003,-1.54126182,0.9878551510000001,0.5930432330000001,0.9070401909999999,0.8508634770000001,0.0068547018400000005,0.18373201,1.410597925e-05,5.08879397e-07,5.495688239000001e-07,1.0750048169999999e-06,1.116797629e-06,1.5502838740000002e-06,3.754026679999999e-06,5.67799088e-06,0.204824768,0.00543734157,7.42403324e-05,74.04056630000001,52.653024900000005,1.3990789000000002e-05,6.18345651,0.010182463300000002,4.5148512,0.00044521868650000007,4.027802537e-05,0.0209590017,18.1198339,0.00044521868650000007,4.027802537e-05,0.0047626251800000005,9.02015569,0.00044521868650000007,4.027802537e-05,0.001645972104,8.76015152,0.00044521868650000007,4.027802537e-05,0.00372313102,2.3086327900000004e-06,1.601627915e-05,0.06243498900000001,1.0366992280000003,0.00515465329,-0.001215502515,-0.0018304014300000002,8.09808097e-07,8.851893080000002e-06
147,1709150400,0.6085177199999999,0.608531527,-0.01418402825,-1.5055603899999999,1.211436986,0.7029758420000001,1.0777454130000002,1.0132059070000001,0.01801199768,0.277151811,1.47169675e-05,1.0975954749999999e-06,1.152754643e-06,2.14786649e-06,1.886564245e-06,2.243185565e-06,4.974498759999999e-06,6.992779499999999e-06,0.29774523700000005,0.00642900263,6.314567340000001e-05,72.3807726,52.4309389,2.024490685e-05,5.8824255800000005,0.01204703975,6.438240689999999,0.0007881211585,7.168697261999998e-05,0.0249219937,26.2208729,0.0007881211585,7.168697261999998e-05,0.00499335128,14.331343229999998,0.0007881211585,7.168697261999998e-05,0.001985675,14.31074173,0.0007881211585,7.168697261999998e-05,0.0038126742600000005,3.70059298e-06,1.75096774e-05,0.1008382554,1.7610006770000002,0.0068800061,-0.0005615516297,-0.001478751312,1.4124239029999998e-06,1.1215467950000001e-05
147,1709151000,0.39992281700000004,0.39993629399999997,-0.015688680200000003,-1.59708575,0.9364036090000001,0.5828074,0.86293883,0.8145998750000001,0.00511644806,0.168793251,1.3876509949999998e-05,5.171253989999999e-07,5.775368050000001e-07,1.266703571e-06,1.257236034e-06,1.8398525529999999e-06,4.78852934e-06,7.008520430000001e-06,0.19403779799999998,0.00582273936,8.317795630000001e-05,73.0177405,52.991725699999996,1.32855658e-05,6.46768164,0.009900877800000003,4.21570322,0.0005697821257,5.1709387229999994e-05,0.0203195255,16.9723373,0.0005697821257,5.1709387229999994e-05,0.00483462946,11.06109613,0.0005697821257,5.1709387229999994e-05,0.0017484989699999998,10.86088481,0.0005697821257,5.1709387229999994e-05,0.0037189477300000003,2.63086086e-06,1.61369354e-05,0.0658149326,0.7358064925,0.002975939626,-0.001008846411,-0.0017188774700000002,1.005542244e-06,9.57028485e-06
147,1709151600,0.388989943,0.38900336599999996,-0.014419245349999998,-1.5360074400000001,0.9577417330000001,0.571092318,0.8771517750000001,0.821725078,0.0050167415100000005,0.167703317,1.4130023800000001e-05,8.370839380000002e-07,9.58150128e-07,1.853581654e-06,1.5678793700000002e-06,2.092407652e-06,4.98807406e-06,7.095635099999999e-06,0.188587001,0.00581621029,7.15425233e-05,71.78631090000002,53.024127899999996,1.2928760600000001e-05,6.51330688,0.00976555535,4.170485090000001,0.0002618836013,2.3495709100000002e-05,0.020231579,16.85142355,0.0002618836013,2.3495709100000002e-05,0.0045775617599999995,6.6637596299999995,0.0002618836013,2.3495709100000002e-05,0.00146871569,6.278484880000001,0.0002618836013,2.3495709100000002e-05,0.0037471868800000004,3.2693663499999997e-06,1.66995981e-05,0.060659194900000005,0.778306235,0.00404276898,-0.000791183327,-0.001503031325,1.1464451800000001e-06,9.40628149e-06
147,1709152200,0.425773767,0.425787229,-0.0158371688,-1.54440809,1.001768072,0.594932851,0.9026150520000001,0.850338461,0.00868688531,0.186976894,1.4631477249999998e-05,1.3136235880000002e-06,1.4035021545999998e-06,2.006939136e-06,2.087513298e-06,2.684384336e-06,5.95674275e-06,7.84850899e-06,0.20704295900000003,0.005758010999999999,6.13528776e-05,70.8336404,52.8279548,1.415729215e-05,6.1872608499999995,0.0102345104,4.590996700000001,0.00022886833169999998,2.0477241850000002e-05,0.0210259759,18.3449326,0.00022886833169999998,2.0477241850000002e-05,0.0045292732099999995,6.18264845,0.00022886833169999998,2.0477241850000002e-05,0.00143792446,5.8406147,0.00022886833169999998,2.0477241850000002e-05,0.00370316278,2.5081826399999997e-06,1.5956974000000002e-05,0.0698046434,1.135173639,0.00459555689,-0.001046853533,-0.0017828396399999999,9.601393899999999e-07,9.3069684e-06
147,1709152800,0.5732366179999999,0.5732500669999999,-0.014417822699999996,-1.55363338,1.1274344099999998,0.6928042179999999,1.0483445,0.991830285,0.0056035482999999995,0.243961167,1.4108506749999999e-05,8.481142869999999e-07,9.610624110000001e-07,1.79724858e-06,1.816461887e-06,2.4516514499999996e-06,6.8286956099999995e-06,9.285624849999999e-06,0.280987813,0.00552591573,7.98683613e-05,71.7577978,51.9871625,1.90500127e-05,6.40786554,0.01177118545,5.98142177,0.0005774480552000001,5.2425664234000004e-05,0.0244880129,24.6229449,0.0005774480552000001,5.2425664234000004e-05,0.00487141956,11.79445615,0.0005774480552000001,5.2425664234000004e-05,0.00188484349,11.57214412,0.0005774480552000001,5.2425664234000004e-05,0.0037467905200000004,3.42973353e-06,1.6936123599999998e-05,-0.039597109629999995,0.785459115,0.00494412956,-0.0007716769490000001,-0.0014454201300000001,1.06890972e-06,9.3729667e-06
147,1709153400,0.5583730769999999,0.558386692,-0.014536429799999997,-1.5850445499999997,1.09540843,0.6864909810000001,1.021868706,0.968392055,0.00433311459,0.232031579,1.445116045e-05,9.92031668e-07,1.076184898e-06,1.865291e-06,2.001765103e-06,2.68673202e-06,6.39640775e-06,9.525702719999999e-06,0.273415316,0.005665431140000001,8.037164780000001e-05,69.82207149999999,52.1002209,1.8558447799999996e-05,6.40652126,0.0116672239,5.826211840000001,0.0003373903555,3.0453369177e-05,0.024097513100000002,23.858396000000003,0.0003373903555,3.0453369177e-05,0.0046383721,8.71537361,0.0003373903555,3.0453369177e-05,0.0016194554200000002,8.378447067,0.0003373903555,3.0453369177e-05,0.00372279152,2.6679912800000003e-06,1.62139172e-05,0.1252375838,0.923085479,0.00407801799,-0.0009624113829999999,-0.0017143107600000001,9.9288765e-07,9.3814781e-06
147,1709154000,0.45107513099999996,0.45108869799999995,-0.01602948065,-1.6084143299999998,0.995917893,0.6177231479999999,0.9048276239999999,0.855851124,0.0066571626100000005,0.198197239,1.4314526000000001e-05,8.955673710000001e-07,9.515477899999998e-07,1.742325776e-06,1.7892865329999997e-06,2.42796435e-06,6.45154378e-06,8.639763450000001e-06,0.219669385,0.0057673941800000005,7.71034983e-05,71.82536999999999,52.688524699999995,1.4987042e-05,6.5273311299999985,0.010567419649999998,4.806246160000001,0.0004421693604,4.0056940969999995e-05,0.0215810787,19.293037199999997,0.0004421693604,4.0056940969999995e-05,0.00471728513,9.60279715,0.0004421693604,4.0056940969999995e-05,0.00163369999,9.34112339,0.0004421693604,4.0056940969999995e-05,0.00373653595,2.6997317999999995e-06,1.6292760349999995e-05,0.16659154430000003,0.9328502459999999,0.00415513126,-0.000924501594,-0.00167280554,9.775136959999999e-07,9.281463690000001e-06
147,1709154600,0.365871564,0.36588493299999997,-0.0161885934,-1.5860153599999998,0.9020900230000001,0.557603112,0.8369880500000001,0.7839614189999999,0.0034260506999999997,0.154006487,1.4227709699999997e-05,9.945280135e-07,1.0684965650000002e-06,2.071086739e-06,1.6089870170000002e-06,2.116683642e-06,5.14238884e-06,6.050972017e-06,0.177147057,0.0057101129200000005,5.8511085399999995e-05,73.0969715,53.153273999999996,1.2163756400000001e-05,6.03980313,0.0096317937,4.01958666,0.0002036171396,1.8175377457e-05,0.019485254000000004,15.612050000000002,0.0002036171396,1.8175377457e-05,0.00438715797,5.019122680000001,0.0002036171396,1.8175377457e-05,0.00127235068,4.654178470000001,0.0002036171396,1.8175377457e-05,0.00374331055,3.4200992199999994e-06,1.67905809e-05,0.0759525064,0.72482999,0.00401518711,-0.0006779317120000001,-0.0014250235330000001,1.209559872e-06,9.582070049999998e-06
147,1709155200,0.38814025,0.388153804,-0.015963947200000002,-1.6164628799999998,0.9133778719999999,0.5767858290000001,0.8456508029999998,0.7971993319999999,0.0037105807899999997,0.164053709,1.4534977399999999e-05,1.116137124e-06,1.1648440619999998e-06,1.6100865959999997e-06,1.8607106200000002e-06,2.369044631e-06,5.26827105e-06,6.9088087500000004e-06,0.188516308,0.00547030518,6.1964011e-05,71.76415570000002,52.8544805,1.290307745e-05,6.37079449,0.00983569775,4.1340986399999995,0.0002990130706,2.690193879e-05,0.0201283695,16.6464321,0.0002990130706,2.690193879e-05,0.004515556830000001,6.46265195,0.0002990130706,2.690193879e-05,0.001398268124,6.142264984,0.0002990130706,2.690193879e-05,0.0036961095299999996,2.01803541e-06,1.5560877500000004e-05,0.03459544496,0.848901017,0.0034884725599999998,-0.001380103037,-0.0019458020400000002,7.71902222e-07,8.511835760000001e-06
147,1709155800,0.40381896799999994,0.40383244099999993,-0.0158492743,-1.6124021499999999,0.942403769,0.5878896900000001,0.861738815,0.8148998620000001,0.00391035095,0.17129646199999998,1.4227620849999999e-05,8.50177907e-07,9.504575379999999e-07,1.729088629e-06,1.456823787e-06,1.782748238e-06,4.3450508499999995e-06,5.60615152e-06,0.196429378,0.00540546889,5.70702833e-05,72.8448264,52.7204927,1.34301598e-05,6.11497123,0.009901999500000001,4.200314410000001,0.000322034111,2.9003349270000003e-05,0.0205333582,17.3132826,0.000322034111,2.9003349270000003e-05,0.0045368814200000005,6.7710324,0.000322034111,2.9003349270000003e-05,0.0014509384300000002,6.444277199999999,0.000322034111,2.9003349270000003e-05,0.0037406201600000003,3.0831829900000003e-06,1.65277581e-05,0.06949666940000002,1.05743816,0.00457241536,-0.0008549334396000001,-0.0015861356260000001,1.1717613e-06,9.76815613e-06
147,1709156400,0.352659022,0.352672502,-0.017051974200000004,-1.61694557,0.8713016140000001,0.549933803,0.8051870649999999,0.7586856509999998,0.00371436724,0.14775869400000002,1.4149366750000001e-05,8.24031698e-07,8.540103966e-07,1.4261809790000001e-06,1.407565646e-06,1.8400700719999998e-06,4.27259817e-06,5.58466904e-06,0.17092104999999996,0.005332214609999999,5.92221974e-05,72.214183,53.05954379999999,1.1724877550000001e-05,6.17318152,0.009419330350000001,3.7930720499999993,7.26112157e-05,6.163216440000001e-06,0.019177245,15.093283600000001,7.26112157e-05,6.163216440000001e-06,0.00430625265,3.3502229400000005,7.26112157e-05,6.163216440000001e-06,0.00117399388,2.86917654,7.26112157e-05,6.163216440000001e-06,0.00369941345,2.33090577e-06,1.57824755e-05,0.0634905684,0.8882056049999999,0.00363355951,-0.0011621342034,-0.00184841195,8.50965508e-07,8.617387989999999e-06
147,1709157000,0.440460869,0.44047439600000005,-0.0153977841,-1.57797817,0.9809174409999999,0.6095742420000001,0.909627768,0.86222633,0.0051239506300000005,0.188819342,1.4501751650000002e-05,1.1357111370000003e-06,1.239151263e-06,2.189996433e-06,1.871410803e-06,2.448989819e-06,5.2606763800000014e-06,7.2556791199999995e-06,0.215131792,0.00501448481,6.17432869e-05,71.2177417,52.3258292,1.4648666350000002e-05,6.0174036200000005,0.0104243139,4.680674160000001,0.0001945979084,1.731856121e-05,0.021466264,18.9146529,0.0001945979084,1.731856121e-05,0.00448026277,5.5040089,0.0001945979084,1.731856121e-05,0.001398270526,5.1248086,0.0001945979084,1.731856121e-05,0.0037628558700000003,3.42137866e-06,1.693293935e-05,0.114710707617,1.4383349449999998,0.005950605739999999,-0.0006261618141999999,-0.0014616718699999999,1.301277313e-06,1.039232903e-05
147,1709157600,0.555246578,0.555260139,-0.0136621128,-1.5424030600000003,1.120309196,0.67966194,1.0350691040000002,0.974129756,0.00990881714,0.239420849,1.466478335e-05,1.312020718e-06,1.422285314e-06,2.10079074e-06,2.4223224500000004e-06,3.2662979800000003e-06,6.660413069999999e-06,1.097419927e-05,0.271860431,0.00565709878,7.6421024e-05,68.8120874,52.1059974,1.84521204e-05,6.385975210000001,0.0117794605,6.0198851399999995,0.00044523778919999997,4.0307505897000004e-05,0.024164161299999997,24.1666869,0.00044523778919999997,4.0307505897000004e-05,0.00473863616,9.953437543,0.00044523778919999997,4.0307505897000004e-05,0.0017042588550000002,9.68553424,0.00044523778919999997,4.0307505897000004e-05,0.0037293395299999995,2.8296518599999996e-06,1.63929065e-05,0.0503127483,0.772114361,0.00435497023,-0.0009538580410000001,-0.0016289720180000002,9.47642507e-07,9.43592847e-06
147,1709158200,0.456628163,0.4566416340000001,-0.015778916299999998,-1.5557012000000001,1.02584382,0.61690175,0.9317909310000001,0.8801893700000001,0.0067414714,0.201713473,1.3800532099999999e-05,4.34927599e-07,5.205948120000001e-07,1.5142381069999997e-06,1.0049417339999999e-06,1.409976416e-06,3.91889301e-06,5.51967863e-06,0.22293538000000002,0.0052990504699999995,6.49548134e-05,73.0636925,52.393431699999994,1.518397455e-05,6.08728568,0.010548167399999999,4.84953802,0.00031052322070000005,2.7976396300000003e-05,0.021850130500000002,19.6723943,0.00031052322070000005,2.7976396300000003e-05,0.0046529398,7.860676200000002,0.00031052322070000005,2.7976396300000003e-05,0.001574084097,7.507351063,0.00031052322070000005,2.7976396300000003e-05,0.0037753015400000004,3.68381288e-06,1.72320952e-05,0.05815791259999999,1.2214690849999998,0.00536225641,-0.000647186639,-0.0014185572350000001,1.3392413070000003e-06,1.062018175e-05
147,1709158800,0.46008919699999995,0.46010297099999997,-0.017976280700000003,-1.6061317199999998,0.997530454,0.624722614,0.9136778989999998,0.867926493,0.00587017384,0.197963591,1.45950951e-05,9.597129840000002e-07,9.79584652e-07,1.590977215e-06,1.590671381e-06,1.953155778e-06,5.20919083e-06,5.751251509999999e-06,0.225128561,0.004844402429999999,5.275988970000001e-05,71.6403456,52.1271029,1.530670235e-05,5.83009511,0.010834646949999999,5.011362490000001,0.000434667317,3.933030583e-05,0.022046407799999997,19.969021299999998,0.000434667317,3.933030583e-05,0.00460067214,8.11746069,0.000434667317,3.933030583e-05,0.001495181076,7.899237448000001,0.000434667317,3.933030583e-05,0.0037289777399999993,2.57422235e-06,1.6308365600000005e-05,-0.054150683150000004,1.1121978819999998,0.004547590020000001,-0.001130201165,-0.00176093168,8.76766952e-07,9.21743132e-06
147,1709159400,0.44002647100000003,0.440040254,-0.017619986100000002,-1.54753576,1.008705808,0.606514018,0.918328026,0.868901516,0.00553924914,0.186035864,1.492046315e-05,1.3104058079999999e-06,1.3850882470000003e-06,2.050141684e-06,2.30137698e-06,3.0630066099999994e-06,6.873284649999998e-06,9.848568489999998e-06,0.21486579199999997,0.00504793322,7.1433746e-05,70.47813880000001,52.329907500000004,1.4620237650000003e-05,6.5970179799999995,0.010476138,4.75867392,0.0004604618138,4.16744936e-05,0.021528609499999997,19.070552799999998,0.0004604618138,4.16744936e-05,0.00478157814,9.321959920000001,0.0004604618138,4.16744936e-05,0.0016496041000000003,9.08483636,0.0004604618138,4.16744936e-05,0.00374451613,2.24846103e-06,1.6093302899999997e-05,0.05213098996,0.620812273,0.00311196753,-0.001252629475,-0.0018855665699999999,8.6729954e-07,8.985328849999999e-06
147,1709160000,0.643089295,0.643103099,-0.0168426441,-1.54651972,1.238175274,0.7226579620000001,1.086633166,1.027568875,0.01901159771,0.301916124,1.4104810900000001e-05,4.83190465e-07,5.26704133e-07,1.2935369400000002e-06,1.018610146e-06,1.183424987e-06,3.2402859749999998e-06,4.65405154e-06,0.316881396,0.00458823739,6.21676441e-05,72.080968,51.624496799999996,2.14020525e-05,5.639931799999999,0.012429158,6.786110519999999,0.00045049638570000003,4.073782736e-05,0.0256121322,27.7214143,0.00045049638570000003,4.073782736e-05,0.004861591470000001,10.31823218,0.00045049638570000003,4.073782736e-05,0.0018620585299999998,9.96137325,0.00045049638570000003,4.073782736e-05,0.0037882281700000004,3.5961453799999996e-06,1.73662462e-05,0.05617995704800001,2.054421167,0.00840445433,-0.0006454102850000001,-0.00144974536,1.327287849e-06,1.2094634099999999e-05
147,1709160600,0.275042103,0.275055997,-0.0227056475,-1.61381704,0.794836764,0.47992978300000005,0.6978213010000001,0.651132375,0.008875665330000001,0.1237346471,1.42927503e-05,5.091192250000001e-07,5.99256743e-07,9.85139472e-07,1.1414197360000002e-06,1.688488282e-06,3.38563245e-06,5.7780700899999995e-06,0.1327693286,0.00466897231,6.806734030000001e-05,72.6381099,53.7599472,9.13650704e-06,6.616543809999999,0.008239787660000001,2.9808877599999994,0.0002528347621,2.2685376113e-05,0.016703282399999998,11.80327905,0.0002528347621,2.2685376113e-05,0.004531025930000001,5.7149312,0.0002528347621,2.2685376113e-05,0.00128849424,5.366233889999999,0.0002528347621,2.2685376113e-05,0.0037441832699999997,2.2379782600000003e-06,1.61200649e-05,-0.022381170099999993,2.3387843725999997,0.00549213571,-0.001313890281,-0.0019198998099999997,7.87957613e-07,9.1378258e-06
147,1709161200,0.39455438899999995,0.39456825700000003,-0.019853293999999997,-1.46482557,1.0097558139999998,0.56710981,0.8954523410000002,0.8384505860000001,0.00912489686,0.178079896,1.4422544149999999e-05,6.74830596e-07,8.14719646e-07,1.5092339619999998e-06,1.342180933e-06,1.8269093309999997e-06,3.561517170000001e-06,6.182737729999999e-06,0.191255008,0.005947693530000001,5.787978790000001e-05,74.87769499999999,53.09984300000001,1.31128164e-05,6.2224771699999994,0.009864872600000001,4.33333564,0.00038197724119999995,3.452012869e-05,0.020232979300000002,16.923335899999998,0.00038197724119999995,3.452012869e-05,0.00472788437,8.54502261,0.00038197724119999995,3.452012869e-05,0.0015597519949999998,8.253354689999998,0.00038197724119999995,3.452012869e-05,0.00380199881,3.16866434e-06,1.7074494900000002e-05,0.015036810299999998,2.32148474,0.0072849492799999995,-0.000868388115,-0.001668096694,1.2970472999999999e-06,1.1094602699999997e-05
147,1709161800,0.2140941161,0.21410785699999998,-0.0214427642,-0.979462478,0.821800094,0.38046929099999993,0.70254645,0.6395070150000001,0.007986485900000001,0.10192026630000002,1.4293318749999999e-05,6.387049269999999e-07,7.180704515999998e-07,1.142414068e-06,1.1718504439999998e-06,1.579677582e-06,3.19889063e-06,4.582266459999999e-06,0.10072642029999998,0.00625704818,4.98702282e-05,77.4432188,57.218744300000004,7.111967480000002e-06,6.46366799,0.0068495898,2.32165336,0.00025226751550000003,2.261495235e-05,0.014183378299999999,8.888308120000001,0.00025226751550000003,2.261495235e-05,0.00452865649,5.49019202,0.00025226751550000003,2.261495235e-05,0.0012613123,5.16251034,0.00025226751550000003,2.261495235e-05,0.003727627620000001,2.22418153e-06,1.59550798e-05,0.035856183050000004,2.857776556,0.0073319442,-0.001294427203,-0.0019437569500000001,9.67356248e-07,1.08641121e-05
147,1709162400,0.15129616699999998,0.151309786,-0.0280976926,-0.8537399789999999,0.7241471130000001,0.31488781499999996,0.633431842,0.575380071,0.00396941316,0.0685450108,1.39445296e-05,3.610061039e-07,4.258278914e-07,7.047108579999999e-07,6.84451182e-07,1.0645819999999999e-06,2.0868164500000002e-06,2.97576122e-06,0.0685722271,0.007016021959999999,5.09863717e-05,81.48785910000001,59.3872218,5.0250878e-06,6.54653092,0.00589149593,1.6759336900000001,0.0002159269021,1.9302803660000004e-05,0.0121744033,6.13531957,0.0002159269021,1.9302803660000004e-05,0.00445372118,4.641223649999999,0.0002159269021,1.9302803660000004e-05,0.00113377614,4.28471543,0.0002159269021,1.9302803660000004e-05,0.00370250586,1.74813288e-06,1.537122665e-05,-0.06400605827,2.714290613,0.00577001537,-0.0016038407,-0.00214753058,8.51694457e-07,9.47626463e-06
147,1709163000,0.199266644,0.199280358,-0.0199464255,-0.995751959,0.8166624130000001,0.377315193,0.712296742,0.645282193,0.00641819048,0.094168694,1.4251390050000002e-05,6.008938285999999e-07,7.457303690000001e-07,1.614188886e-06,1.053673963e-06,1.543671966e-06,3.0812367199999996e-06,4.4425018799999994e-06,0.09085619530000001,0.00870677877,5.66422475e-05,79.95867760000002,59.4354996,6.6166648699999995e-06,6.633122520000001,0.006725002169999999,2.23124854,0.0001848912207,1.6487567122999996e-05,0.013902442800000001,8.11194465,0.0001848912207,1.6487567122999996e-05,0.00436347253,3.910467448,0.0001848912207,1.6487567122999996e-05,0.0010729145999999999,3.5602749294999994,0.0001848912207,1.6487567122999996e-05,0.0037833692699999998,3.10840148e-06,1.68512944e-05,0.010343771600000003,2.87582111,0.00818918857,-0.00084477669,-0.0017246483690000001,1.51508434e-06,1.1476949549999998e-05
147,1709163600,0.25953386999999994,0.259547688,-0.023361198950000002,-1.0668586699999998,0.9177655140000001,0.433935093,0.805224576,0.7314598299999999,0.00968529811,0.1226643231,1.4098013949999999e-05,3.55847273e-07,4.317965819999999e-07,9.52022542e-07,7.540661010000001e-07,1.0715464330000002e-06,2.75775785e-06,3.8519572e-06,0.12064131689999999,0.009043191249999999,7.16322101e-05,80.4284776,57.2602524,8.62138357e-06,6.469460290000001,0.00760830197,2.7853913299999995,0.0003991538418,3.60712107e-05,0.01599370565,10.61486905,0.0003991538418,3.60712107e-05,0.0047129933,7.751019390000001,0.0003991538418,3.60712107e-05,0.00148428633,7.497812519999999,0.0003991538418,3.60712107e-05,0.0037346816200000002,2.23341515e-06,1.599592145e-05,0.013231576259999999,1.6433187410000003,0.00454400398,-0.00132589256728,-0.0019551923039999998,9.7490805e-07,9.753389199999999e-06
147,1709164200,0.21147823699999999,0.21149187599999997,-0.0212091729,-0.966089964,0.8375130559999999,0.383721585,0.741735141,0.672920542,0.00579078706,0.0956043065,1.3972213250000001e-05,3.8767552589999994e-07,5.443806785e-07,1.265688924e-06,7.619874460000001e-07,1.094611862e-06,2.55801392e-06,3.60612114e-06,0.09708483640000001,0.008576033030000001,6.74668233e-05,79.8892655,58.214939900000005,7.02608301e-06,6.4667996500000005,0.00703565263,2.3798339200000003,0.0002305276718,2.063001725e-05,0.014436959199999998,8.59740115,0.0002305276718,2.063001725e-05,0.00450239675,5.14291694,0.0002305276718,2.063001725e-05,0.001247841295,4.80569122,0.0002305276718,2.063001725e-05,0.003763187700000001,2.8464127000000003e-06,1.648557e-05,0.1037829241,1.8059492540000002,0.0055700464100000005,-0.0009782522464,-0.001797610038,1.2883352880000001e-06,1.044964805e-05
147,1709164800,0.18336521899999997,0.1833788035,-0.017699926379999998,-1.000565175,0.794086738,0.3550815829999999,0.6740080879999999,0.619818912,0.00809582016,0.09126279150000001,1.4255665050000001e-05,7.56484673e-07,8.62375369e-07,1.273792023e-06,1.26059355e-06,1.840100504e-06,3.57701993e-06,5.01113164e-06,0.0868396313,0.00476069587,6.65036496e-05,72.4047499,55.5751532,6.0882763e-06,6.62093507,0.006577307419999999,2.01895733,0.00013854378020000002,1.2242055980000001e-05,0.0135809433,7.692785499999999,0.00013854378020000002,1.2242055980000001e-05,0.00426985308,3.147785927,0.00013854378020000002,1.2242055980000001e-05,0.0009979868570000002,2.8012708775000004,0.00013854378020000002,1.2242055980000001e-05,0.0037143044099999995,2.30462073e-06,1.58773192e-05,0.07208005394,17.253780494000004,0.00872404396,-0.0013646615199999997,-0.00199655692,1.4816174999999999e-06,1.4128251999999999e-05
147,1709165400,0.288976202,0.288989595,-0.0097362496,-1.0803344999999998,1.0365691320000001,0.451683314,0.83001284,0.7694485,0.01027044475,0.140357109,1.3771337750000001e-05,4.572635809999999e-07,5.73413304e-07,1.2744986510000001e-06,8.318961640000002e-07,1.1633308989999997e-06,2.8726291599999997e-06,4.0053994899999994e-06,0.13920023420000002,0.005212899219999999,6.3118431e-05,76.0855536,53.849003,9.60963757e-06,6.16525249,0.00827689293,3.14340871,0.00019520205600000003,1.7412653860000003e-05,0.017124404599999997,12.22344372,0.00019520205600000003,1.7412653860000003e-05,0.00437539898,4.39149935,0.00019520205600000003,1.7412653860000003e-05,0.0012113304949999998,4.069092459999999,0.00019520205600000003,1.7412653860000003e-05,0.0037398643700000006,3.4455901700000002e-06,1.6883571950000003e-05,0.01862368106,39.985260455,0.011774149959999999,-0.0008591300059999999,-0.00156062927,1.857648412e-06,1.750762965e-05
147,1709166000,1.787215033,1.7872287170000003,-0.013346659549999997,-1.42992638,2.0388622300000003,1.1799552370000002,1.8720571400000001,1.76551641,0.049530376,0.7918155400000001,1.56292292e-05,2.5297058920000003e-06,2.398078831e-06,3.178878339e-06,4.422268673e-06,5.246744619e-06,9.6267685e-06,1.8751291030000003e-05,0.8867002279999999,0.00674138743,0.00011743232539999999,66.18506959999999,50.9280454,5.947270540000001e-05,5.56722023,0.0205461553,18.776629500000002,0.000867357617,7.883177669999999e-05,0.0429199131,78.0526763,0.000867357617,7.883177669999999e-05,0.00564327616,24.3770392,0.000867357617,7.883177669999999e-05,0.00299785289,24.024636200000003,0.000867357617,7.883177669999999e-05,0.00377485583,4.348241140000001e-06,1.7990414e-05,-3.8517989999999755e-05,0.31571284070000005,0.00485703184,-0.0002147432467164,-0.001062041466,8.666910969999999e-07,9.793785100000002e-06
147,1709166600,1.9607807400000001,1.9607943200000002,-0.014378375000000002,-1.48078933,2.14604049,1.25929948,1.9598098199999998,1.8710071,0.0335768856,0.845360279,1.5239238549999997e-05,2.38619742e-06,2.9177947100000003e-06,3.94922054e-06,5.564823280000001e-06,7.88099541e-06,1.706327964e-05,3.2047906499999996e-05,0.974484949,0.00561270255,0.000219057594,66.81932629999999,50.623668,6.517878459999999e-05,6.336084380000001,0.0219135609,20.6370289,0.0017349150300000002,0.0001583317988,0.0455977528,85.60163179999999,0.0017349150300000002,0.0001583317988,0.00613003453,36.3586277,0.0017349150300000002,0.0001583317988,0.00360492974,36.4951204,0.0017349150300000002,0.0001583317988,0.0039398636,7.62812127e-06,2.12386562e-05,0.01985984148,1.7971345580999993,0.01316310463,0.0006908904509999999,-0.00031897621299999997,1.31926123e-06,1.408347615e-05
147,1709167200,3.233437,3.2334502400000007,-0.01258139905,-1.4908809099999998,2.68163188,1.61589663,2.4907135499999997,2.3923480699999997,0.05971330109999999,1.41612411,1.5830277e-05,3.6228930599999995e-06,4.52179189e-06,4.8202239940000005e-06,7.49361681e-06,1.0231804459999999e-05,2.3973589699999998e-05,3.850713260000001e-05,1.61307951,0.00330947007,0.0002337518845,62.55897769999999,50.238231999999996,0.0001075524071,5.812174529999999,0.028285530699999995,34.0803405,0.00373280901,0.0003413488016,0.058609137,141.67105299999997,0.00373280901,0.0003413488016,0.007206172289999998,71.45609379999999,0.00373280901,0.0003413488016,0.00483017597,72.4723048,0.00373280901,0.0003413488016,0.004181151419999999,1.2295538200000002e-05,2.56591604e-05,0.008044516400000002,-0.204592544,0.00953306565,0.0020136637,0.0008475679010000001,8.463286479999999e-07,1.27515488e-05
147,1709167800,3.2404482700000004,3.24046182,-0.014876561200000003,-1.4235910699999998,2.7792098800000002,1.60612019,2.58146627,2.45373741,0.047172412,1.4027629700000002,1.8137039200000003e-05,5.647463350000001e-06,7.147130059999999e-06,1.0357966610000001e-05,1.0036851930000002e-05,1.2720183e-05,2.649087076e-05,4.073104987e-05,1.60632816,0.013557675699999999,0.00022018831299999998,65.80700110000001,50.8704837,0.0001077835997,5.71493735,0.027951621599999997,33.9595981,0.001941351731,0.00017716304419999998,0.058671226300000004,141.299737,0.001941351731,0.00017716304419999998,0.006463805430000001,44.6427992,0.001941351731,0.00017716304419999998,0.00406299558,44.6574514,0.001941351731,0.00017716304419999998,0.00459682254,2.0462876499999996e-05,3.4088007399999995e-05,-0.011481985140000001,3.8685008429999996,0.0269368968,0.00279525821,0.001270931925,9.595527353e-06,6.170011939999999e-05
147,1709168400,3.1404314700000002,3.14044507,-0.0154597343,-1.40212448,2.8051231,1.5760883099999998,2.55667805,2.42313646,0.0559328257,1.37211687,1.773218765e-05,5.46444333e-06,6.469718590000001e-06,1.0464766409999998e-05,1.05255739e-05,1.3611439980000003e-05,2.8724975399999998e-05,5.099762079999999e-05,1.5563391899999999,0.013447947900000002,0.00029820641639999995,66.57969469999999,50.90857770000001,0.000104412909,6.213508050000001,0.0273711934,32.6954007,0.0017981106310000002,0.00016407615769,0.05749992499999999,135.8409846,0.0017981106310000002,0.00016407615769,0.00649747366,46.19833440000001,0.0017981106310000002,0.00016407615769,0.00409632766,45.97875385,0.0017981106310000002,0.00016407615769,0.00457298581,2.03801111e-05,3.3948329699999995e-05,0.0124451644,6.148311940000001,0.031766292700000004,0.0026811796,0.001134717215,1.1371062800000001e-05,7.160296520000001e-05
147,1709169000,2.50859822,2.50861191,-0.0199236834,-1.3812186199999998,2.55296549,1.4037968499999998,2.3049703100000003,2.1744664,0.0418393115,1.10291327,2.0342971649999998e-05,7.549909837e-06,8.379896058e-06,1.2888583110000002e-05,1.303294525e-05,1.6409676013e-05,2.8661758299999997e-05,5.272257795e-05,1.23957407,0.014315248879999997,0.00026340335700000004,65.229865,51.18573200000001,8.33971903e-05,6.28755363,0.0243284601,25.9584428,0.0014997166479999997,0.00013671019460000002,0.0512928166,107.98191030000001,0.0014997166479999997,0.00013671019460000002,0.00618109553,35.8037365,0.0014997166479999997,0.00013671019460000002,0.0037042636300000003,35.641679999999994,0.0014997166479999997,0.00013671019460000002,0.004269169870000001,1.444845685e-05,2.81747665e-05,-0.0068577254099999995,11.39377979,0.029932781899999993,0.001306753999,1.4835399999998336e-07,1.03183842e-05,6.60491761e-05
147,1709169600,2.4190615299999996,2.41907506,-0.019849814799999997,-1.3659876899999999,2.5189519,1.37340299,2.2674317299999998,2.1416153299999996,0.041715605,1.072395227,1.5416263300000004e-05,2.57436978e-06,2.7425904810000003e-06,7.0461842199999995e-06,6.927070970000001e-06,8.006018174999999e-06,1.521410398e-05,3.276159225e-05,1.194760606,0.0144392471,0.00025369720549999993,69.8387424,51.27898650000001,8.0436345e-05,6.23719187,0.024044772699999998,25.5509677,0.00271143989,0.00024779870599999997,0.050185339100000004,103.7644035,0.00271143989,0.00024779870599999997,0.006695076500000001,53.690104399999996,0.00271143989,0.00024779870599999997,0.00421557967,54.2575836,0.00271143989,0.00024779870599999997,0.00430366535,1.54663732e-05,2.90202036e-05,0.002337391200000005,10.34441263,0.029457709,0.0016186396860000001,0.0002858477582,1.051065985e-05,7.053520490000002e-05
147,1709170200,2.5233803700000004,2.5233941,-0.0192574934,-1.4401000600000002,2.46045013,1.42352913,2.2696818399999996,2.1489280999999996,0.03512156080000001,1.09937374,1.52489555e-05,2.302305276e-06,2.3510731430000003e-06,5.75872077e-06,5.44217558e-06,7.013224955000001e-06,1.4016337910000002e-05,3.075976492e-05,1.2470347999999998,0.0143373773,0.00024877339600000003,68.1501865,51.158117499999996,8.39161843e-05,5.84011773,0.0248414286,26.847408899999998,0.0026306862744000003,0.00024046189699,0.051786223199999995,110.13715979999999,0.0026306862744000003,0.00024046189699,0.00644949385,52.014731440000006,0.0026306862744000003,0.00024046189699,0.0039725774899999995,52.620437700000004,0.0026306862744000003,0.00024046189699,0.00413331669,1.17015851e-05,2.53677871e-05,-0.00018076215000000228,10.845324100000001,0.025645374,0.0008313766490000001,-0.000387979481,9.001752999999999e-06,6.00926049e-05
147,1709170800,2.59662429,2.59663778,-0.019792552600000003,-1.4152785900000002,2.5251771300000003,1.4367368400000002,2.3154706899999997,2.195467,0.0422054133,1.14630495,1.4354306949999999e-05,1.600451866e-06,1.579420296e-06,5.2423831299999996e-06,4.344156299999999e-06,5.6770615940000005e-06,1.201566017e-05,2.6225815070000002e-05,1.2847175800000001,0.013293290300000002,0.00024366369399999997,69.4519081,51.059265700000005,8.63677589e-05,5.99175078,0.025154142299999998,27.598901599999998,0.0019217982829999997,0.00017540801060000002,0.05237431929999999,112.68925610000001,0.0019217982829999997,0.00017540801060000002,0.00628996551,42.568765,0.0019217982829999997,0.00017540801060000002,0.0038212499999999996,42.7180471,0.0019217982829999997,0.00017540801060000002,0.00420695008,1.320154055e-05,2.67536196e-05,-0.02927572679,8.891033619999998,0.0254408071,0.001299800565,3.3483283e-05,8.71751203e-06,6.12682004e-05
147,1709171400,2.27855111,2.2785647,-0.022812653599999996,-1.42308589,2.3865728700000006,1.35042154,2.15541581,2.04940009,0.0528006533,1.04910359,2.0497473099999996e-05,7.964853614e-06,8.289503191999998e-06,1.3270399750000002e-05,1.3370318399999999e-05,1.7163630545e-05,2.7541486449999998e-05,5.340997855000001e-05,1.1249426699999998,0.01391584085,0.00026898570299999997,65.697862,51.279143999999995,7.57255943e-05,6.25727209,0.02339588,23.951123,0.0018146056350000002,0.00016561911759999998,0.048957236800000005,98.6559795,0.0018146056350000002,0.00016561911759999998,0.00603464405,37.327659600000004,0.0018146056350000002,0.00016561911759999998,0.0035436292599999994,37.5515061,0.0018146056350000002,0.00016561911759999998,0.004121437790000001,1.2088955850000001e-05,2.55871205e-05,0.012543181730000002,12.0825355,0.027493792100000004,0.0008330251639999999,-0.00033183062260000006,9.62759975e-06,6.44956501e-05
147,1709172000,2.27705098,2.27706472,-0.024801822699999997,-1.36068082,2.44878726,1.3332953499999998,2.19370446,2.0623753799999998,0.07236338499999999,1.065619313,1.80830145e-05,5.24305921e-06,5.657992367e-06,1.023463545e-05,9.47872207e-06,1.1852110855e-05,2.187755053e-05,4.030514913e-05,1.12427373,0.0138671306,0.000275490059,66.9882289,51.26616629999999,7.56962091e-05,6.011322720000001,0.0232614077,23.8748973,0.00265219784,0.0002423813229,0.0489761617,98.6901566,0.00265219784,0.0002423813229,0.0066801548,53.265207399999994,0.00265219784,0.0002423813229,0.00416829701,53.7087624,0.00265219784,0.0002423813229,0.00430460909,1.53955603e-05,2.90851408e-05,0.045168091900000006,10.53792207,0.0314434074,0.001482886873,0.0001440621713,1.13496311e-05,7.380318830000001e-05
147,1709172600,2.43432043,2.4343338500000002,-0.0229586764,-1.3100733999999998,2.54809031,1.3658019099999998,2.3001327399999996,2.16651611,0.0744922343,1.11077409,1.7076042400000002e-05,4.376751076e-06,4.6055382649999996e-06,9.45880856e-06,7.95204428e-06,9.87665848e-06,1.732049765e-05,3.428524445e-05,1.20180144,0.015012916849999999,0.00025430023799999997,67.57085889999999,51.2774529,8.095351550000001e-05,5.79939349,0.0239084061,25.248309499999998,0.0008354692856000001,7.588244986e-05,0.0506124013,105.29022519999998,0.0008354692856000001,7.588244986e-05,0.00567934201,26.2847694,0.0008354692856000001,7.588244986e-05,0.00318537043,25.775545900000004,0.0008354692856000001,7.588244986e-05,0.0042694644,1.479105125e-05,2.8428918700000002e-05,0.042423684399999995,11.441170399999999,0.030382630699999996,0.001359855695,5.645705719999999e-05,1.157661975e-05,8.01572395e-05
147,1709173200,2.43400702,2.4340208800000003,-0.023268798200000003,-1.2963418700000002,2.60857967,1.36205874,2.31625819,2.16726618,0.06573478930000001,1.13782184,1.69000966e-05,3.89385653e-06,4.2430669e-06,8.63938074e-06,8.28076546e-06,1.142842472e-05,1.9431244229999998e-05,4.163770704999999e-05,1.19923913,0.0173416926,0.000321881475,69.41519229999999,51.464522599999995,8.089723989999999e-05,6.26016954,0.024083216900000003,25.7569003,0.0024375844,0.00022269110629999996,0.050665614299999995,105.5986895,0.0024375844,0.00022269110629999996,0.00657538879,49.330154699999994,0.0024375844,0.00022269110629999996,0.00405817276,49.7288861,0.0024375844,0.00022269110629999996,0.00425244421,1.413013345e-05,2.7923126600000005e-05,0.0464795651,13.30347395,0.0333401727,0.00125781547,-6.2987542e-05,1.1271533999999998e-05,8.02100655e-05
147,1709173800,2.3455708,2.3455848099999996,-0.023576188,-1.36846462,2.6043044699999998,1.3540050399999999,2.22340538,2.0905013199999996,0.0733922438,1.1623286399999997,2.1471902300000004e-05,8.47984569e-06,9.394373170000001e-06,1.3565570399999999e-05,1.420345333e-05,1.839539873e-05,3.055777716e-05,5.639612795000001e-05,1.15995382,0.01239132393,0.00028161304100000006,64.738827,51.0905012,7.794013189999999e-05,6.3920431099999995,0.023767511499999998,24.8143242,0.002114183205,0.00019305487310000003,0.0499307399,102.4893208,0.002114183205,0.00019305487310000003,0.0063162994,42.60485669999999,0.002114183205,0.00019305487310000003,0.0037862480000000003,42.87428330000001,0.002114183205,0.00019305487310000003,0.00422851024,1.332402345e-05,2.71582767e-05,-0.0299187352,12.615344050000001,0.0302047833,0.001163931862,-9.006396400000002e-05,9.294253420000001e-06,6.499751440000001e-05
147,1709174400,2.2977082199999996,2.29772178,-0.0230075506,-1.4180579000000002,2.44136204,1.35213811,2.16910371,2.05461274,0.0536196809,1.0584991400000001,1.6559391199999998e-05,4.098274725000001e-06,5.04900081e-06,7.4807577100000006e-06,7.47316698e-06,9.302228796999999e-06,1.8359716070000002e-05,3.548334436e-05,1.137402717,0.011096613699999999,0.000264466741,66.70432220000001,51.0094098,7.63897155e-05,6.031888029999999,0.0235887835,24.2884318,0.0012586415949999998,0.00011465007899999998,0.0493301774,100.08512999999999,0.0012586415949999998,0.00011465007899999998,0.00589005727,31.041050399999996,0.0012586415949999998,0.00011465007899999998,0.00343897653,30.8131891,0.0012586415949999998,0.00011465007899999998,0.00426099133,1.46935785e-05,2.8316303099999995e-05,-0.07168238810000001,10.6618164,0.0300497759,0.0014052388649999999,0.000170107436,9.585968900000001e-06,6.678224339999998e-05
147,1709175000,2.30928968,2.3093034500000003,-0.0211037006,-1.4593515,2.358522,1.36578205,2.1493781,2.0473750200000005,0.04333958760000001,1.034537613,1.604927325e-05,3.271157893e-06,5.409728729999999e-06,7.0013795800000005e-06,6.3013483400000006e-06,7.771927809999999e-06,1.4634301439999997e-05,2.9708680359999998e-05,1.14227103,0.012052721899999999,0.00024461047699999997,67.4604122,51.0569909,7.68073356e-05,6.01805452,0.02410768,25.2242266,0.0015235495306,0.000138964001,0.04962851089999999,101.3916696,0.0015235495306,0.000138964001,0.005939704749999999,34.62362483,0.0015235495306,0.000138964001,0.00350773906,34.55605538,0.0015235495306,0.000138964001,0.0044348258,1.79525382e-05,3.16129261e-05,0.03537179068,7.840099759999998,0.0345604623,0.00214810156,0.0008127426680000001,9.32595755e-06,6.112668e-05
147,1709175600,2.8708576399999997,2.8708712499999995,-0.018866486199999997,-1.46637528,2.5692034500000003,1.5208943300000002,2.38567288,2.27665706,0.0420863796,1.24968279,2.1131123600000004e-05,8.694325370000001e-06,1.083109377e-05,1.326307481e-05,1.4442632179999999e-05,1.851683018e-05,3.052271726e-05,5.8213669099999995e-05,1.4261653099999998,0.00882583576,0.00027565034099999994,62.310220300000005,50.6360522,9.5447298e-05,6.214142239999999,0.0266877949,30.597986300000002,0.0019394802850000003,0.0001770026382,0.055433853199999994,126.3155705,0.0019394802850000003,0.0001770026382,0.006198450700000001,40.77072460000001,0.0019394802850000003,0.0001770026382,0.0037933127000000003,40.99070165,0.0019394802850000003,0.0001770026382,0.00433715385,1.5974299700000002e-05,2.95190658e-05,-0.021808578899999997,5.759829890000001,0.0275490786,0.0019772658099999996,0.0006420245080000001,8.808002800000001e-06,5.9930796600000004e-05
147,1709176200,2.3493860399999997,2.34939961,-0.0220426544,-1.42126367,2.37633499,1.36504293,2.18245409,2.07415081,0.042121931700000004,1.040072649,1.58892251e-05,3.59452915e-06,4.7968918500000005e-06,7.48882307e-06,6.83331663e-06,9.168412390000001e-06,1.694836075e-05,3.571418667e-05,1.165264934,0.0090599509,0.00028119371299999997,67.35874340000001,50.8372119,7.81051832e-05,6.079338450000001,0.023719832000000003,24.5443388,0.0029012053700000003,0.000265199378,0.049759254399999994,102.1763634,0.0029012053700000003,0.000265199378,0.006684042109999999,55.038329899999994,0.0029012053700000003,0.000265199378,0.0042683014499999995,55.741685100000005,0.0029012053700000003,0.000265199378,0.004330582889999999,1.621241245e-05,2.9812133200000002e-05,-0.05459672029999999,7.77681092,0.027692686100000002,0.0017899585599999996,0.00048063319399999993,9.83984877e-06,6.444739100000001e-05
147,1709176800,2.29074024,2.2907537,-0.024043960899999998,-1.3788296500000001,2.5050765299999997,1.34045528,2.18721676,2.06605054,0.0644457558,1.0655695829999998,1.6413359049999998e-05,3.680490854e-06,5.26977782e-06,7.7083938e-06,7.40407052e-06,9.52866018e-06,1.7016247589999996e-05,3.6111561609999994e-05,1.13400232,0.0109904462,0.00028770631200000004,66.95180169999999,51.0303222,7.617394150000001e-05,6.16105309,0.023174107800000003,23.517477200000002,0.0012755531071499998,0.00011625483921000002,0.0489638412,98.55877960000001,0.0012755531071499998,0.00011625483921000002,0.005953517230000001,34.0314064,0.0012755531071499998,0.00011625483921000002,0.00353509744,33.79806330000001,0.0012755531071499998,0.00011625483921000002,0.00426966877,1.55751931e-05,2.9085421099999997e-05,0.0005445968399999934,15.5606168,0.0375925611,0.00149079607,0.000190143524,1.122552775e-05,7.13441803e-05
147,1709177400,2.2232539599999996,2.2232675000000004,-0.0213619193,-1.4720339199999999,2.37464753,1.34313609,2.09327636,1.97649787,0.0614204485,1.02739977,1.664284955e-05,3.882343794e-06,5.37202764e-06,7.758286449999999e-06,6.81604934e-06,8.874594645e-06,1.4870842940000002e-05,2.7800593950000004e-05,1.100306226,0.01101891805,0.000223388103,66.63119300000001,51.0172073,7.395002730000001e-05,5.706966759999999,0.023550244199999997,24.0165075,0.0018655426279999999,0.0001702913957,0.0487472488,97.8743814,0.0018655426279999999,0.0001702913957,0.00598568553,36.463684799999996,0.0018655426279999999,0.0001702913957,0.0035414590100000002,36.7648953,0.0018655426279999999,0.0001702913957,0.004374850180000001,1.713242e-05,3.0701324700000004e-05,-0.06707173612999999,12.00262171,0.0357302707,0.0019269343900000003,0.0005529639509000001,1.12007263e-05,7.80037954e-05
147,1709178000,2.5400088199999997,2.54002244,-0.017479635099999998,-1.59204442,2.33988391,1.4595930400000001,2.1083143300000002,2.03016202,0.05897011029999999,1.17632521,1.9963334600000002e-05,7.5054196700000014e-06,9.75951839e-06,1.2293706959999999e-05,1.263611872e-05,1.61337577e-05,2.9914956899999998e-05,4.97189556e-05,1.26003029,0.009515539889999999,0.00031431494200000003,63.962518799999984,50.779627500000004,8.44378994e-05,6.17961096,0.025375598399999998,27.078308399999997,0.001971661337,0.00017997826009999999,0.0519856612,111.1809921,0.001971661337,0.00017997826009999999,0.006259639010000001,41.79349274,0.001971661337,0.00017997826009999999,0.00382805768,41.96672554,0.001971661337,0.00017997826009999999,0.00456223468,1.9855434e-05,3.35590675e-05,0.0010336028000000018,5.753798349999999,0.028670522899999995,0.0025415937199999997,0.00114031924,1.08641554e-05,7.1808902e-05
147,1709178600,2.12103399,2.1210477899999995,-0.0195307467,-1.59576765,2.19921713,1.33531113,1.92680884,1.8425062500000002,0.0670034792,0.9870050819999999,1.64563182e-05,3.670486593e-06,7.049746509999999e-06,8.200448759999998e-06,7.23284866e-06,9.41270204e-06,1.765635768e-05,2.7173377799999996e-05,1.048903271,0.0112494742,0.000281169452,67.6132332,51.1012338,7.0562186e-05,5.87233374,0.023213483899999998,22.882196299999997,0.00138412067,0.0001261621755,0.0473710412,92.53921390000001,0.00138412067,0.0001261621755,0.00583737986,31.1532268,0.00138412067,0.0001261621755,0.00349565272,31.09010355,0.00138412067,0.0001261621755,0.00512688232,3.06426026e-05,4.44336078e-05,-0.03558444819999999,4.314532290000001,0.034304560500000005,0.0046372763400000004,0.00222382748,1.235191225e-05,8.367185600000001e-05
147,1709179200,2.16841164,2.1684256200000003,-0.019093875599999997,-1.62022525,2.1292400700000003,1.3523126599999997,1.90697071,1.8415686999999998,0.0548381633,0.9841875059999999,1.772113495e-05,5.23845031e-06,6.903690550000001e-06,9.06996274e-06,8.82269818e-06,1.490540902e-05,2.2706800680000002e-05,3.861035810000001e-05,1.07581294,0.0077701277,0.000512861458,64.87087569999998,50.76794980000001,7.20893276e-05,6.166306349999999,0.023602005399999997,23.285270899999997,0.00202065122,0.00018451560447,0.0479954519,94.9795042,0.00202065122,0.00018451560447,0.00612797198,41.36804432,0.00202065122,0.00018451560447,0.0036880930199999994,41.653205459999995,0.00202065122,0.00018451560447,0.004886699770000001,2.5293169999999998e-05,3.91868283e-05,-0.0274728493,4.17613769,0.0339050512,0.00374242453,0.00192829572,1.0594671200000001e-05,7.628089699999999e-05
147,1709179800,2.3792314500000002,2.3792451100000003,-0.011919405360000001,-1.60289568,2.22528044,1.40429472,2.0141490199999996,1.93464654,0.0562441278,1.067520513,1.824173975e-05,5.383530052e-06,7.193271681999999e-06,9.66556658e-06,1.0177001749999999e-05,1.579984932e-05,2.0017506390000002e-05,3.559687364e-05,1.183937335,0.00519334596,0.000376642495,63.8086794,50.556989800000004,7.91520735e-05,5.85495054,0.024465859099999997,25.1075974,0.0020628292785,0.00018835686748,0.049857674899999996,103.4443483,0.0020628292785,0.00018835686748,0.0060574871,41.0269774,0.0020628292785,0.00018835686748,0.00360164487,41.2927811,0.0020628292785,0.00018835686748,0.00489175377,2.5700155499999997e-05,3.93460397e-05,-0.010172051920000003,3.6050298599999997,0.034226581400000004,0.0038246533900000005,0.00211615017,9.663298250000001e-06,7.1481462e-05
147,1709180400,1.76467733,1.7646910999999998,-0.011790767849999998,-1.6853333,1.8155804400000002,1.23375651,1.6552255299999998,1.61314925,0.033280088,0.776435121,2.1284711599999996e-05,8.361015149999998e-06,9.211797130000002e-06,1.456076422e-05,1.40633651e-05,2.24307907e-05,2.9580584000000002e-05,5.33281761e-05,0.8692515250000001,0.012662201750000001,0.00026593841500000004,64.37025179999999,51.50613119999999,5.8619157499999996e-05,6.601031690000001,0.0212099206,18.545245,0.0011692855627999997,0.00010666376004000002,0.04291600259999999,75.6755933,0.0011692855627999997,0.00010666376004000002,0.00542725302,27.453505680000006,0.0011692855627999997,0.00010666376004000002,0.00284446812,27.29165027,0.0011692855627999997,0.00010666376004000002,0.00469099753,2.3525790800000003e-05,3.72261249e-05,-0.10023391910000001,6.447959679999999,0.035882122,0.00293969608,0.00147487567,1.3662122299999997e-05,9.801272259999999e-05
147,1709181000,1.78344894,1.78346267,-0.016209492449999998,-1.57538932,1.9778479100000002,1.21900249,1.78276693,1.71368987,0.032118944499999996,0.788252059,1.599405715e-05,2.868718856e-06,2.87116768e-06,6.804804910000001e-06,6.42206282e-06,1.036261428e-05,1.081059755e-05,1.8402648709999998e-05,0.882318018,0.009180834050000001,0.00016475100900000003,67.2751064,51.06320759999999,5.93497162e-05,5.833972350000001,0.021305902500000005,19.313098500000002,0.0009462770811,8.610504871e-05,0.04352306360000001,77.8651175,0.0009462770811,8.610504871e-05,0.0054754144,23.782433850000004,0.0009462770811,8.610504871e-05,0.0028571526800000003,23.43563623,0.0009462770811,8.610504871e-05,0.0046796515300000004,2.35893649e-05,3.73420793e-05,-0.025391991899999994,6.79627167,0.0394510433,0.00278277002,0.0014343240300000002,1.3037429550000001e-05,8.957423540000001e-05
147,1709181600,2.0129078299999996,2.0129216299999997,-0.018262902499999997,-1.50045822,2.14761559,1.28075364,1.96764757,1.8848825200000001,0.027713303999999994,0.8699863560000001,1.6291461500000003e-05,3.2338034830000003e-06,3.616107024e-06,7.782565210000001e-06,6.38076821e-06,1.207320292e-05,1.390191514e-05,2.5643078829999997e-05,1.0009940570000002,0.00518810923,0.00019655050800000004,65.562458,50.562035300000005,6.69655701e-05,5.98785047,0.0222683813,21.3020198,0.001653143256,0.00015087863031,0.046107072400000004,87.22527190000001,0.001653143256,0.00015087863031,0.00588656103,34.64332653,0.001653143256,0.00015087863031,0.0033668561800000003,34.7065901,0.001653143256,0.00015087863031,0.0046943917400000005,2.35142377e-05,3.7131813800000004e-05,-0.031400668300000004,5.719783990000001,0.0364683357,0.0029931272,0.00153154286,1.28098549e-05,8.588922619999999e-05
147,1709182200,2.11348329,2.11349683,-0.0173074311,-1.5170228000000001,2.13884031,1.31508495,1.9958859099999997,1.9182585500000002,0.0287603628,0.903158975,1.693330735e-05,4.09694208e-06,4.354799696e-06,6.352431854e-06,7.2310227099999995e-06,1.3269207890000002e-05,1.770357269e-05,3.146364237e-05,1.05359844,0.00284352401,0.000211810052,62.633099900000005,50.314449100000004,7.029574459999999e-05,6.09731486,0.0228998541,22.2876669,0.0018791137954000004,0.00017154082109999998,0.04729528649999999,91.753506,0.0018791137954000004,0.00017154082109999998,0.00605426061,38.961305900000006,0.0018791137954000004,0.00017154082109999998,0.0035325494400000003,39.16928525,0.0018791137954000004,0.00017154082109999998,0.00438950461,1.6119508099999997e-05,2.97279536e-05,-0.03941953474,0.8594148659999998,0.01654444513,0.0023741786470000002,0.0010857963770000002,3.92359779e-06,3.3790990149999996e-05
147,1709182800,2.42520726,2.4252210400000003,-0.0160960177,-1.4801555,2.3247334299999998,1.3980644899999999,2.16464105,2.06968819,0.047608542100000005,1.058754196,1.8158208499999998e-05,5.24315321e-06,5.398788921e-06,6.820395964e-06,9.131476580000002e-06,1.20989866e-05,1.9490384910000003e-05,3.8236336899999995e-05,1.21076281,0.0015179412900000002,0.00022210902500000002,61.29452510000001,50.1224285,8.066532259999999e-05,6.11509367,0.024887961199999996,26.266587299999998,0.0015667471780999999,0.00014289853173999999,0.051239374299999994,108.1800714,0.0015667471780999999,0.00014289853173999999,0.006068378540000001,36.29938213000001,0.0015667471780999999,0.00014289853173999999,0.00350782483,36.18245384,0.0015667471780999999,0.00014289853173999999,0.0038881390700000002,6.3630146999999994e-06,2.0145526799999996e-05,0.00902301831,0.3945307565,0.007992446390000001,0.000468637878,-0.000531181293,9.625790180000002e-07,1.18750656e-05
147,1709183400,1.9247357400000003,1.9247495000000001,-0.0158596259,-1.45891262,2.10910187,1.24219404,1.95407212,1.86894457,0.0277526186,0.8302808650000001,1.873869385e-05,5.589860157999999e-06,6.268844226e-06,7.3329759789999984e-06,9.281471874000001e-06,1.1808656691e-05,1.9764135290000004e-05,3.6434741320000005e-05,0.9590209570000001,0.0030720466200000003,0.000173372635,61.6467984,50.367856399999994,6.401668219999999e-05,6.16170876,0.0215193466,19.7484747,0.001837095408,0.00016769358770000003,0.045086272000000004,83.3480999,0.001837095408,0.00016769358770000003,0.0059263708200000004,35.66144414,0.001837095408,0.00016769358770000003,0.0033901516,35.88797604999999,0.001837095408,0.00016769358770000003,0.0038848587000000004,6.377960220000001e-06,2.01481866e-05,-0.01012922605,0.21224511849999997,0.00680387898,0.0004099267182999999,-0.0005501858650000001,1.156748477e-06,1.1445349899999999e-05
147,1709184000,2.0887705199999997,2.08878408,-0.015142848499999997,-1.4742635199999998,2.17600395,1.2958980500000001,2.02217421,1.9355091300000002,0.0345873038,0.9108503460000001,1.5609434250000002e-05,2.813199176e-06,2.848973108e-06,4.029294281e-06,5.66738916e-06,7.382800150000001e-06,1.356467927e-05,2.841248222e-05,1.0413315949999997,0.00278361885,0.00020320566760000002,64.1099944,50.3052569,6.94717951e-05,6.05690802,0.0226494142,21.8521291,0.0019786126190000004,0.00018065793359999996,0.0471473214,91.4246344,0.0019786126190000004,0.00018065793359999996,0.00615831975,39.5267221,0.0019786126190000004,0.00018065793359999996,0.0036182027900000004,39.8255277,0.0019786126190000004,0.00018065793359999996,0.00384504614,6.0874892499999995e-06,1.97396577e-05,-0.22722590465999998,14.302930694000002,0.01311572317,0.00030314542200000005,-0.000660964809,2.395230216e-06,2.6454465200000003e-05
147,1709184600,2.0511667000000005,2.0511804299999996,-0.013133047550000002,-1.49513509,2.13869028,1.2896356299999998,1.99318581,1.9116958400000001,0.028187218599999998,0.8796775949999999,1.74690771e-05,4.48115011e-06,4.779053681999999e-06,6.696617600000001e-06,8.62641946e-06,1.0697518694e-05,2.0974765970000002e-05,3.75470411e-05,1.022217041,0.00305473921,0.00021409275859999997,62.534933699999996,50.3296492,6.82063218e-05,6.159898350000001,0.0225099305,21.5508372,0.0021918391939999998,0.00020022152446,0.046777986199999996,89.825115,0.0021918391939999998,0.00020022152446,0.00625134574,43.36426327,0.0021918391939999998,0.00020022152446,0.00370671389,43.70261122,0.0021918391939999998,0.00020022152446,0.00399111225,8.568447019999999e-06,2.2261277e-05,-0.03074463215,0.12202515212000001,0.008299220999999999,0.00102399061,-2.4042021900000003e-05,1.487240193e-06,1.2742522599999999e-05
147,1709185200,2.01581738,2.01583102,-0.0166258871,-1.51286299,2.0909138499999997,1.28311865,1.95650973,1.87899488,0.0270701772,0.862397243,1.69161147e-05,4.0152246499999995e-06,4.2026577e-06,5.6133022e-06,7.88153344e-06,1.0876447479999998e-05,2.0398125450000004e-05,3.900148613e-05,1.004240099,0.00334335765,0.00023005406700000002,63.8361576,50.3724153,6.701908449999999e-05,6.300937030000001,0.022243261400000002,20.9375993,0.0020759966309999997,0.000189589675,0.0462560148,87.7508699,0.0020759966309999997,0.000189589675,0.00617786977,41.2523655,0.0020759966309999997,0.000189589675,0.0036367447400000004,41.5806549,0.0020759966309999997,0.000189589675,0.00382870653,5.54172986e-06,1.9230954300000002e-05,-0.0027262917,0.2181120866,0.0058388295800000005,0.00018930590719999998,-0.0007260816400000002,8.102413599999999e-07,9.845087049999999e-06
147,1709185800,2.1148121200000003,2.11482595,-0.016229944399999998,-1.50376033,2.15721579,1.31210849,2.0116739200000002,1.93460906,0.0257184998,0.903055521,1.8116906e-05,5.09563787e-06,5.184267109e-06,6.43838804e-06,8.378719699999998e-06,1.041349603e-05,2.06569175e-05,3.35425837e-05,1.0540868499999998,0.00305889231,0.00016630310449999999,62.4860587,50.31721709999999,7.034317530000001e-05,6.03589076,0.022905865399999996,22.262830700000002,0.0016104921154000001,0.00014692011965000001,0.0475260736,92.7030235,0.0016104921154000001,0.00014692011965000001,0.00603185989,35.1159058,0.0016104921154000001,0.00014692011965000001,0.0034947406799999995,35.186817000000005,0.0016104921154000001,0.00014692011965000001,0.0038257747100000003,5.579867539999999e-06,1.92191787e-05,0.033974936165999996,0.15009711680716,0.00607146886,0.00024629519960000005,-0.000673067775,7.025215599999999e-07,9.59830585e-06
147,1709186400,2.03947515,2.0394888300000003,-0.015664862800000002,-1.4909628400000001,2.13329012,1.286514,1.9846355700000005,1.9016080599999998,0.036996697999999995,0.8915252370000001,1.62958962e-05,3.273765885999999e-06,3.3296257259999998e-06,4.728430066000001e-06,5.8167874700000004e-06,7.283834357999999e-06,1.651341961e-05,2.4160902530000004e-05,1.016325538,0.0031804304,0.000163640524,63.17109479999999,50.3570055,6.78615614e-05,5.808879350000001,0.022149136799999997,20.897005200000002,0.0012114303262,0.00011037986561999999,0.04652832220000001,88.9304934,0.0012114303262,0.00011037986561999999,0.005703636739999999,28.161771120000004,0.0012114303262,0.00011037986561999999,0.0031483817,28.023883719999997,0.0012114303262,0.00011037986561999999,0.0039001208900000008,6.709730430000001e-06,2.04113129e-05,0.022991471416,0.2096991407,0.00729503123,0.0005150269498,-0.0004289916,9.81756001e-07,1.08389495e-05
147,1709187000,1.86424282,1.8642564800000003,-0.014954379299999997,-1.57836877,1.94743442,1.24529861,1.8071801600000001,1.7564411500000001,0.0270465826,0.8057258089999999,1.91144136e-05,6.225097450000001e-06,6.515447660000001e-06,8.220542520000001e-06,1.069692738e-05,1.4101669769999998e-05,2.3466627199999997e-05,4.26264589e-05,0.928359132,0.00343890139,0.00020605973,62.9773349,50.3885673,6.196040970000001e-05,6.4112864400000005,0.0218248172,19.821726399999996,0.0009901310853000001,9.018310637000001e-05,0.0447170189,82.1474219,0.0009901310853000001,9.018310637000001e-05,0.0054756758199999995,25.477135420000003,0.0009901310853000001,9.018310637000001e-05,0.0028739620699999996,25.134625699999997,0.0009901310853000001,9.018310637000001e-05,0.0038410973499999994,5.765075720000001e-06,1.9516420699999998e-05,0.027881967700000003,10.626766387000002,0.01304377302,0.00018866302540000002,-0.0007081382519999999,9.99369519e-07,1.13236407e-05
147,1709187600,1.9509232300000001,1.9509369800000003,-0.01432079465,-1.61254222,1.9456344100000003,1.28021952,1.81171779,1.76772895,0.030540869,0.8367293409999998,1.50127148e-05,1.867185077e-06,1.902372469e-06,3.1634549249999997e-06,4.37159163e-06,5.826186257e-06,1.201822162e-05,2.426211078e-05,0.971025006,0.00417692356,0.0002050787908,64.51427950000001,50.47536529999999,6.49044867e-05,5.706463779999999,0.0221356464,20.138528,0.0014225107515000001,0.00012969996774,0.0453456645,84.42113420000001,0.0014225107515000001,0.00012969996774,0.005889288469999999,31.7305673,0.0014225107515000001,0.00012969996774,0.0033217145000000005,31.6107941,0.0014225107515000001,0.00012969996774,0.0038802499899999996,6.08094327e-06,1.9887085199999997e-05,0.011383111184,0.372248641,0.00715919822,0.0003203568629,-0.0006208095610000001,1.231435419e-06,1.1523359399999998e-05
147,1709188200,1.89619943,1.8962133199999998,-0.0167048196,-1.5887581499999999,2.01212395,1.2569935300000001,1.80871772,1.7556910599999997,0.0357361224,0.841811542,1.949743425e-05,6.372130724e-06,6.6796315630000015e-06,8.080937054e-06,1.050764351e-05,1.3273974407000003e-05,2.245911522e-05,4.110219863000001e-05,0.945028521,0.00275223535,0.000204780885,62.1848255,50.339437499999995,6.30510544e-05,6.10219375,0.0217556714,19.5346848,0.001388798888,0.0001266081872,0.0447301909,82.2074436,0.001388798888,0.0001266081872,0.00575672778,28.990867199999997,0.001388798888,0.0001266081872,0.0031738772499999997,28.99755093,0.001388798888,0.0001266081872,0.00381690041,5.0800715800000005e-06,1.88920359e-05,0.0030142017699999997,15.391105125,0.01640968882,-7.29363606e-05,-0.000945157555,2.040744843e-06,2.40280294e-05
147,1709188800,2.01467468,2.0146884199999997,-0.021432867200000004,-1.55027849,2.0561877799999997,1.28893651,1.90854577,1.8413812200000002,0.037183282,0.8810641020000001,1.6515294399999998e-05,3.42964498e-06,3.510418926e-06,4.76464126e-06,6.748958389999999e-06,8.762353407e-06,1.642103538e-05,3.3280005e-05,1.0039821639999997,0.00289412766,0.00038136213499999995,63.340362000000006,50.342603,6.70006625e-05,6.13101922,0.0223111795,20.8381047,0.0014980920725999997,0.00013667632456,0.04618665300000001,87.5782119,0.0014980920725999997,0.00013667632456,0.00580898805,32.18143174000001,0.0014980920725999997,0.00013667632456,0.0032541171800000005,32.19555176,0.0014980920725999997,0.00013667632456,0.0038172801799999994,5.044791039999999e-06,1.87889345e-05,0.029128275539999998,3.0047379825000005,0.010534089600000001,1.7213850999999997e-05,-0.000887034221,1.13254469e-06,1.3751417700000001e-05
147,1709189400,1.74070663,1.7407202600000002,-0.03321780320000001,-1.5042376499999999,1.9576722699999998,1.19137268,1.81505541,1.7297027799999998,0.028648138299999997,0.749358897,1.55206181e-05,2.405616214e-06,2.35823039e-06,3.378834353e-06,4.245864057e-06,5.224826128e-06,1.0229847790000001e-05,1.8470982399999997e-05,0.8650501290000001,0.00492595658,0.000328991517,64.24453170000001,50.6298871,5.79203729e-05,5.66645392,0.0205542613,18.045317899999997,0.0013648935489999998,0.0001244347099,0.0428234612,75.3220998,0.0013648935489999998,0.0001244347099,0.00565301296,27.262460939999993,0.0013648935489999998,0.0001244347099,0.00306578205,27.3926965,0.0013648935489999998,0.0001244347099,0.0038365945399999996,5.23872932e-06,1.89365338e-05,0.026643222540000004,0.5310026174999999,0.00670684838,3.891326299999998e-05,-0.0008550572299999999,1.149423615e-06,1.1493038099999999e-05
147,1709190000,1.9088151,1.908829,-0.0328237131,-1.49617855,2.04268734,1.24454628,1.9034081099999998,1.8216180700000002,0.0269032576,0.824096377,1.5685590399999997e-05,2.4511281020000002e-06,2.4493147959999995e-06,3.4754665499999996e-06,5.428030890000001e-06,6.8708093149999995e-06,1.437159243e-05,2.79909898e-05,0.9496762109999999,0.00427592922,0.00039058993800000004,65.60659150000001,50.5035825,6.34708828e-05,6.08494106,0.0216054457,19.922777800000002,0.0016014651370000002,0.00014611393705,0.0449968072,83.1675618,0.0016014651370000002,0.00014611393705,0.00596286498,35.2580324,0.0016014651370000002,0.00014611393705,0.0033893885299999997,35.326872200000004,0.0016014651370000002,0.00014611393705,0.00385385208,5.72825471e-06,1.9458411200000003e-05,0.0495423822,0.369169857,0.00716843873,0.000275975803,-0.0006734420699999999,1.0459414499999998e-06,1.10487523e-05
147,1709190600,1.6244435899999998,1.62445715,-0.0408192545,-1.4416263900000001,1.9172460200000003,1.1387085099999998,1.7891046000000004,1.7004519200000001,0.028068193099999993,0.700924899,1.5575419999999998e-05,2.4852863500000004e-06,2.5880458939999994e-06,3.766064645e-06,4.697169669999999e-06,5.860515810000001e-06,1.224556554e-05,2.126947583e-05,0.8059675780000001,0.005844502359999999,0.00035482174599999996,66.8987441,50.7898312,5.40277253e-05,5.856750669999999,0.019819425700000004,17.0558754,0.001573818763,0.0001435973631,0.04140618,70.67928800000001,0.001573818763,0.0001435973631,0.00581092422,31.37894465,0.001573818763,0.0001435973631,0.00318388025,31.4816939,0.001573818763,0.0001435973631,0.0038500217999999998,5.476802199999999e-06,1.91887611e-05,0.0003017683199999999,0.7056299870000001,0.007163315370000001,7.271116800000002e-05,-0.0008182111149999999,1.2045537069999998e-06,1.1578607749999997e-05
147,1709191200,1.8040194799999998,1.8040331299999999,-0.040967985199999994,-1.4235830999999999,2.04032479,1.1963695699999999,1.8965078799999997,1.80830519,0.0259486367,0.7846530310000001,1.4433198899999998e-05,1.3718218719999999e-06,1.278235884e-06,2.005408563e-06,3.1552134159999994e-06,4.070837686999999e-06,9.205561169999999e-06,1.8320815019999996e-05,0.8962714290000001,0.00529548447,0.0004025229469999999,67.176007,50.661375,6.0025549400000004e-05,5.93463797,0.0207719565,18.667251999999998,0.0013656530708,0.00012454394667,0.043604519999999994,78.12237780000001,0.0013656530708,0.00012454394667,0.005766274560000001,29.826030000000003,0.0013656530708,0.00012454394667,0.0032126429799999995,29.769241799999996,0.0013656530708,0.00012454394667,0.00378465831,4.75853661e-06,1.8316770100000003e-05,0.03373127930000001,0.552631471,0.006629164460000001,-4.69449482e-05,-0.0009263240169999999,9.23040546e-07,1.016746475e-05
147,1709191800,1.7689323099999998,1.7689458799999997,-0.041030165099999995,-1.4370419300000001,2.0582128699999998,1.1894915400000001,1.87164464,1.7810794,0.0265909115,0.7596935960000001,1.7399151999999996e-05,4.4850489269999995e-06,4.687023204e-06,6.17472277e-06,7.6814631e-06,9.513963668e-06,1.803084561e-05,3.123360843e-05,0.8770868140000001,0.00685757475,0.00043606083,65.8776927,50.8359933,5.88322836e-05,6.12955219,0.0205605791,18.2928411,0.001102740771,0.00010041861607999999,0.043122339100000004,76.33419699999999,0.001102740771,0.00010041861607999999,0.0055430950000000005,25.41853993,0.001102740771,0.00010041861607999999,0.0030076140699999998,25.21612594,0.001102740771,0.00010041861607999999,0.0038620898400000005,6.35412775e-06,1.97703507e-05,0.0791022916,2.7934258924999997,0.01041637537,0.00050432536,-0.0005055154809999999,1.5496082899999997e-06,1.39036662e-05
147,1709192400,2.2605057499999996,2.2605191299999996,-0.0354906589,-1.46268168,2.2375432899999996,1.3508532800000002,2.1088018699999997,2.0053737299999996,0.030080010599999995,0.956472475,1.7675581099999997e-05,4.9791914569999995e-06,5.481036524e-06,6.534123263e-06,9.26213393e-06,1.33666443e-05,2.276069427e-05,4.3660574300000004e-05,1.1201885099999997,0.009494550550000001,0.00045955619199999995,66.18277900000001,50.920657500000004,7.51640412e-05,6.3147755199999995,0.0230880427,23.000494499999995,0.0012454132158,0.00011346255594999999,0.0485973103,96.8010846,0.0012454132158,0.00011346255594999999,0.00582239644,31.60712865,0.0012454132158,0.00011346255594999999,0.0033365642599999996,31.364269869999998,0.0012454132158,0.00011346255594999999,0.00397544306,8.13678067e-06,2.16970037e-05,0.0991712177,0.012354842,0.007265758659999999,0.001073789988,1.3529251499999997e-05,9.690978179999999e-07,1.1714401250000001e-05
147,1709193000,2.0039360299999998,2.0039497499999994,-0.0369248382,-1.48046367,2.1043392400000003,1.27639811,1.97061017,1.8785448599999999,0.023338103,0.842267093,1.933715175e-05,6.386589546e-06,6.693342489e-06,7.993852179999999e-06,1.0431106990000002e-05,1.3725962530000002e-05,2.360435303e-05,4.1243395899999996e-05,0.9914293599999999,0.010008712899999998,0.00041433330800000004,65.7410692,51.047284399999995,6.662851680000001e-05,6.27621459,0.0221076856,21.0739307,0.0018216771025,0.00016629871358,0.0460418981,87.0236738,0.0018216771025,0.00016629871358,0.005907622249999999,35.394070299999996,0.0018216771025,0.00016629871358,0.0033670205199999997,35.595422899999996,0.0018216771025,0.00016629871358,0.0038791444700000005,6.00161389e-06,1.9734704e-05,0.0973750117,0.7774109800000001,0.00821610235,0.0003340670541999999,-0.000678001561,1.0869083660000002e-06,1.1556182649999999e-05
147,1709193600,1.8954476799999997,1.8954613599999999,-0.0398208834,-1.4392896499999999,2.0884387500000003,1.2340696999999998,1.9382091600000002,1.8469688599999998,0.0234704024,0.8061137,1.694049125e-05,4.132114258999999e-06,4.304498706e-06,5.669273034e-06,7.08102107e-06,9.47180243e-06,1.680414207e-05,3.0778102299999996e-05,0.9384762680000002,0.008760806000000001,0.00040517836,66.9240124,50.9452449,6.30349996e-05,5.99821071,0.0216958456,20.462594699999997,0.0014100027799999997,0.0001285628023,0.0449576541,83.1091386,0.0014100027799999997,0.0001285628023,0.0059531375099999995,31.804203299999994,0.0014100027799999997,0.0001285628023,0.00339483187,31.6889949,0.0014100027799999997,0.0001285628023,0.003970473390000001,7.92015564e-06,2.14952207e-05,0.07381171898,0.8946262400000002,0.009879016599999998,0.000798849861,-0.00028168924899999993,1.4443017530000002e-06,1.24891899e-05
147,1709194200,1.8909921399999998,1.8910058800000002,-0.04029435730000001,-1.4360270700000002,2.0659755700000004,1.22900456,1.94087177,1.8467438600000001,0.017127065099999998,0.792909445,1.752509325e-05,4.506057697000001e-06,4.604836613000001e-06,5.7779881e-06,7.607731230000001e-06,1.25637766e-05,1.9468087039999994e-05,3.1917480190000006e-05,0.9385953629999999,0.0064033267500000005,0.000407147638,64.4764729,50.7140528,6.28919397e-05,5.9916094399999995,0.0216044761,20.242036,0.0013136394454000002,0.0001197341176,0.044934872400000006,82.8776192,0.0013136394454000002,0.0001197341176,0.005860927940000001,31.1401083,0.0013136394454000002,0.0001197341176,0.00328107313,31.059831329999998,0.0013136394454000002,0.0001197341176,0.00402668981,8.841403649999998e-06,2.2528778e-05,0.0776140431,0.456847766,0.01001312395,0.00120232149,3.148272190000002e-05,1.2650166800000003e-06,1.30452056e-05
147,1709194800,1.8915532799999997,1.8915670799999997,-0.0400387045,-1.42510913,2.08243854,1.22670913,1.9499845399999998,1.85353159,0.0172676537,0.793774119,1.8370047749999998e-05,5.360743107000001e-06,5.6600611960000005e-06,7.45235187e-06,9.30228634e-06,1.488294176e-05,2.2713981650000003e-05,3.99371766e-05,0.9384402789999999,0.00679651318,0.000430025487,64.71260930000001,50.747903300000004,6.28658077e-05,6.240604209999999,0.0217061395,20.466469600000003,0.0010762291744500002,9.805467499e-05,0.0450061516,83.1762186,0.0010762291744500002,9.805467499e-05,0.00566609264,27.7921821,0.0010762291744500002,9.805467499e-05,0.00307057558,27.4867947,0.0010762291744500002,9.805467499e-05,0.004077930390000001,9.4774989e-06,2.3200300799999998e-05,0.05739093610000001,0.556462635,0.010490026099999999,0.0013214664750000001,0.0001353062956,1.47408774e-06,1.36937932e-05
147,1709195400,2.10875084,2.1087646100000006,-0.0391674645,-1.3920274899999998,2.22966805,1.28716345,2.0845385899999997,1.96127237,0.037366783699999996,0.8992454139999999,1.8829536000000002e-05,6.016713693e-06,6.303375649e-06,7.773686685e-06,1.023040374e-05,1.379606358e-05,2.542642433e-05,4.463604017e-05,1.045445069,0.00836794093,0.000443103633,64.77447609999999,50.86560490000001,7.0087829e-05,6.18605541,0.022456221999999998,22.0106789,0.0017697289000000002,0.0001615153427,0.04711336780000001,91.37099959999999,0.0017697289000000002,0.0001615153427,0.00619376097,39.0311597,0.0017697289000000002,0.0001615153427,0.0036634061499999995,39.1200914,0.0017697289000000002,0.0001615153427,0.00397964541,8.0426894e-06,2.16946182e-05,0.0454814379,1.4348096079999997,0.012605510450000001,0.000965852726,-0.00019093671210000004,1.30798603e-06,1.3744124700000001e-05
147,1709196000,1.7389284399999998,1.73894205,-0.0406682542,-1.4334665700000002,1.99198582,1.1778871499999999,1.8594192500000002,1.77170409,0.0200957488,0.736381382,1.72742727e-05,4.336968623e-06,4.595117038e-06,5.92074182e-06,7.41272441e-06,9.613449719999998e-06,1.921882013e-05,3.182341173e-05,0.8611080660000001,0.00786263445,0.00040692589,65.6643742,50.957648,5.78076936e-05,6.14105735,0.0206013948,18.4207082,0.0013713288423,0.00012503530529,0.0427237672,74.9278702,0.0013713288423,0.00012503530529,0.00571458241,28.946866830000005,0.0013713288423,0.00012503530529,0.0031342813900000002,28.855415930000003,0.0013713288423,0.00012503530529,0.00398062668,8.06793605e-06,2.1691714400000002e-05,0.06167418990000001,1.08132853,0.012585091500000001,0.000971740596,-0.00018471125509999996,1.72755825e-06,1.68158964e-05
147,1709196600,1.6640713999999999,1.6640849899999999,-0.015165829200000003,-1.6309862799999997,1.86125682,1.1854312699999998,1.6627257700000002,1.61787438,0.030896110900000003,0.716542952,1.5098171749999998e-05,2.087336195e-06,2.1074564939999997e-06,2.9394805000000004e-06,4.17308797e-06,6.918015720000001e-06,1.3013627999999998e-05,2.22257238e-05,0.825536552,0.00605257307,0.00039156522000000007,66.93842670000001,50.780446100000006,5.533695410000001e-05,6.08436843,0.0207696096,18.063157699999998,0.0011940673163,0.00010881132536999997,0.042049838699999995,73.0026814,0.0011940673163,0.00010881132536999997,0.005478792549999999,25.38476803,0.0011940673163,0.00010881132536999997,0.0028733693299999997,25.301858365,0.0011940673163,0.00010881132536999997,0.0039446097300000005,8.67684594e-06,2.22307586e-05,0.19176126908240002,20.302274573000002,0.020755401,0.000732558661,-0.00034354396099999993,5.25626025e-06,4.57692041e-05
147,1709197200,2.0298694299999998,2.02988292,-0.014484505649999998,-1.63455108,1.99048575,1.31226404,1.8267557699999997,1.7878295899999999,0.0284191517,0.8695065119999998,1.58956064e-05,3.20968707e-06,3.2392495500000002e-06,4.444177936e-06,6.33874009e-06,9.66796435e-06,1.7954169980000003e-05,3.249166336e-05,1.007871227,0.00659235283,0.000391278975,65.9495188,50.675135999999995,6.74925092e-05,6.2624401899999995,0.0230688074,21.9085093,0.002285064711,0.00020876652139999998,0.0466379433,89.41972789999998,0.002285064711,0.00020876652139999998,0.006133371760000001,43.541294320000006,0.002285064711,0.00020876652139999998,0.0035938355800000004,44.07346199,0.002285064711,0.00020876652139999998,0.00398196036,8.464237299999999e-06,2.20045064e-05,0.0246975009,0.7728852890000001,0.01080490565,0.001047972654,-8.8223534e-05,1.3450544199999999e-06,1.33855684e-05
147,1709197800,2.0998606,2.0998744,-0.026014164199999995,-1.55084727,2.10643929,1.31644901,1.9479594599999999,1.8699195900000003,0.0423495391,0.920317496,1.808854955e-05,5.2406309799999996e-06,5.54899552e-06,7.346509362000001e-06,9.5119921e-06,1.316865843e-05,2.54964839e-05,4.416179829999999e-05,1.0421690199999998,0.00724850313,0.00039784894,64.1135402,50.7307551,6.98026982e-05,6.31087885,0.023019955,22.4541851,0.001324398726,0.00012070055275,0.047275624800000006,92.08516259999999,0.001324398726,0.00012070055275,0.00571739217,29.34609445,0.001324398726,0.00012070055275,0.0031654928799999997,29.277188189999997,0.001324398726,0.00012070055275,0.0040810112899999995,1.011768765e-05,2.3758381400000004e-05,0.0028293167000000064,12.131794596999999,0.022297802050000003,0.0013819916259999998,0.00015119162219999997,2.35963876e-06,2.3121340650000003e-05
147,1709198400,1.4891879300000004,1.489201676,-0.01340483345,-1.53098278,1.88409504,1.1027570100000001,1.6807263,1.58858602,0.036477019900000004,0.6607727579999999,1.5870901750000004e-05,2.73688387e-06,2.8866811259999998e-06,4.022797899999999e-06,5.3806912399999996e-06,8.67076859e-06,1.73368994e-05,2.727281405e-05,0.7350754340000001,0.00929106653,0.00015700277859999998,67.65824490000001,51.3933317,4.9494813100000006e-05,6.3940877,0.0192389823,16.1484876,0.0010299604689999998,9.377128195e-05,0.039527369,65.1424277,0.0010299604689999998,9.377128195e-05,0.00551644849,24.724516190000003,0.0010299604689999998,9.377128195e-05,0.00282590832,24.520504279999997,0.0010299604689999998,9.377128195e-05,0.004029719079999999,9.1268233e-06,2.2867284e-05,-0.0033137798999999914,13.775977785,0.017475628,0.001104747008,-2.7906445300000012e-05,2.55520188e-06,2.675736005e-05
147,1709199000,0.789109094,0.789122702,-0.015022618999999997,-1.30975677,1.47897012,0.762163895,1.2533632739999998,1.1464850099999997,0.03426491265,0.379771387,1.41784666e-05,8.737998230000001e-07,1.3202055439999999e-06,3.1882640299999998e-06,2.420672e-06,6.149262519999999e-06,8.98699712e-06,1.361586247e-05,0.382966757,0.0114363621,0.00011418946140000002,75.1415519,54.1917442,2.6223267050000002e-05,6.5390894799999995,0.0133682868,8.7174423,0.0009436745644999999,8.597679667500001e-05,0.027326966400000003,34.0475052,0.0009436745644999999,8.597679667500001e-05,0.00520625688,18.93287562,0.0009436745644999999,8.597679667500001e-05,0.00226718934,18.871463900000002,0.0009436745644999999,8.597679667500001e-05,0.004101550380000001,1.0719892410000002e-05,2.42942364e-05,0.023862860339999997,10.61801239818,0.017265795869999996,0.0015716907650000001,0.00039934136600000005,2.3258622869999997e-06,2.200716815e-05
147,1709199600,0.534131202,0.534144862,-0.019990507100000002,-1.46190888,1.19013634,0.6622203520000001,1.0490570049999999,0.9762298280000001,0.0143008101,0.24818975499999998,1.4868629650000002e-05,1.4108756600000001e-06,1.8827205050000002e-06,3.1610609299999996e-06,2.595013277e-06,4.0019425e-06,1.010670775e-05,9.68855905e-06,0.25763776600000005,0.009312984299999999,8.075097550000002e-05,73.040288,53.5726459,1.77580755e-05,6.212410879999999,0.011493992599999999,5.94995475,0.000366067462,3.3018613289999996e-05,0.023499958600000002,22.785362300000003,0.000366067462,3.3018613289999996e-05,0.0046875771499999995,8.16477304,0.000366067462,3.3018613289999996e-05,0.0016678248900000002,7.861661939999999,0.000366067462,3.3018613289999996e-05,0.004049962789999999,9.55831137e-06,2.31484721e-05,0.02079227595,0.005577859869999991,0.009311527730000001,0.0014559846800000001,0.0002847396247,1.7266558100000001e-06,1.3835298050000002e-05
147,1709200200,0.47606031700000007,0.47607375499999993,-0.01994807185,-1.1841737799999998,1.1915613600000001,0.5958631919999999,1.0601198299999999,0.976154781,0.015619059019999998,0.21939440999999998,1.4608168799999999e-05,1.356163926e-06,1.711216553e-06,2.24713281e-06,2.45932105e-06,3.8434168529999995e-06,1.0567095599999998e-05,1.0694152859999999e-05,0.22894392399999997,0.0089783689,7.384801319999999e-05,71.3939518,53.8853249,1.581594835e-05,6.57547943,0.0105734394,5.1976818399999996,0.00027287819729999996,2.4537198619999997e-05,0.022038502999999997,20.041458499999997,0.00027287819729999996,2.4537198619999997e-05,0.004581143330000001,7.023454330000002,0.00027287819729999996,2.4537198619999997e-05,0.00154389211,6.655869040000001,0.00027287819729999996,2.4537198619999997e-05,0.0038482165900000005,6.55777846e-06,2.0026644400000002e-05,0.02188722967,0.325776604,0.009585635950000001,0.00050257086,-0.000427136417,1.220450201e-06,1.3174041999999998e-05
147,1709200800,0.498270837,0.49828445099999996,-0.0161078924,-1.29585937,1.19182385,0.617336739,1.050744572,0.9747672569999999,0.0136203292,0.229661302,1.3996503849999999e-05,5.5410097e-07,8.02401235e-07,1.459497268e-06,1.4261004019999998e-06,3.12422269e-06,9.69873567e-06,8.522311610000001e-06,0.243519812,0.00552481054,6.477292669999999e-05,72.0745614,52.2532237,1.65567654e-05,6.24578674,0.010897041399999998,5.43869861,0.000517951567,4.694228649999999e-05,0.0227576989,21.5393928,0.000517951567,4.694228649999999e-05,0.004899970669999999,10.70472507,0.000517951567,4.694228649999999e-05,0.00186554838,10.47926067,0.000517951567,4.694228649999999e-05,0.0038837340299999997,6.990210270000001e-06,2.06126095e-05,0.03683807422999999,-0.27936869799999997,0.00672381071,0.0005666345150000001,-0.00031845179099999996,1.111711837e-06,1.1214036900000001e-05
147,1709201400,0.430802797,0.43081649000000005,-0.014806678870000001,-1.3640947799999998,1.12334681,0.5804067030000001,0.952529081,0.8876521,0.017122969999999998,0.21127694,1.452361455e-05,9.95578168e-07,1.100403741e-06,1.466875431e-06,1.748910035e-06,3.0906914600000003e-06,9.75024212e-06,7.864303230000001e-06,0.21217663999999997,0.00315317643,4.464110820000001e-05,69.16812680000001,51.5210574,1.432208665e-05,6.26229509,0.0104200847,4.90184338,0.00027587267249999995,2.4753646100000004e-05,0.0213391706,18.8700178,0.00027587267249999995,2.4753646100000004e-05,0.00458076599,6.20307259,0.00027587267249999995,2.4753646100000004e-05,0.0014783382,5.857398829999999,0.00027587267249999995,2.4753646100000004e-05,0.00380368944,5.62459239e-06,1.93151188e-05,0.07079307455,1.079856495,0.00860904888,7.20448198e-05,-0.000669770396,9.768450329999999e-07,1.209881735e-05
147,1709202000,0.617058093,0.6170718709999999,-0.011150875794,-1.39133753,1.3479786599999999,0.695399114,1.107896315,1.025993814,0.035517088399999994,0.32180328599999997,1.5117055099999996e-05,8.865141298e-06,0.000137003304737,2.341913316e-06,2.857846083e-06,1.360395347e-05,6.061444114999999e-05,1.0986612330000001e-05,0.30508281800000003,0.002554484705,0.0006541063424000001,67.0966917,50.939472,2.0513563799999998e-05,6.327516340000001,0.014264567799999999,9.43302839,0.000534724937,4.8430758600000005e-05,0.027513147699999997,34.1827684,0.000534724937,4.8430758600000005e-05,0.00490611082,11.02937223,0.000534724937,4.8430758600000005e-05,0.00464867117,11.59313245,0.000534724937,4.8430758600000005e-05,0.01180531492,0.00032826347613,0.0003420361708,0.0158517097,1.3019204309999997,0.03762955517,0.018874206539,0.015917575335,1.4512166355e-05,0.00018018714049999998
147,1709202600,0.8904874579999997,0.8905011569999999,-0.001106283266,-1.44588535,1.54122208,0.8400301950000001,1.33792833,1.2445505200000002,0.0266191198,0.411418749,1.6188774499999997e-05,2.8613938950000005e-05,0.00033149599200000006,3.7766722670000005e-06,4.83751467e-06,2.680913207e-05,0.00012254989599999998,1.878765032e-05,0.4429899199999999,0.00022832044340000005,0.0014859151,62.530753399999995,50.1738931,2.9601707100000002e-05,6.41622721,0.018572525799999996,15.462844700000002,0.0006268871935,5.691289162e-05,0.035078881400000005,56.95013350000001,0.0006268871935,5.691289162e-05,0.00500677847,13.913959019999998,0.0006268871935,5.691289162e-05,0.008612411900000002,15.71715005,0.0006268871935,5.691289162e-05,0.022243620399999997,0.000780682635,0.0007943644560000001,-0.0165993656,-0.746402306,0.05185719600000001,0.043254134099999994,0.0384358887,5.3930946299999995e-06,0.000327574239
147,1709203200,0.8124311519999999,0.8124447650000001,-0.0033169496699999995,-1.46389008,1.4639322,0.806655677,1.2657011199999997,1.17667343,0.0248642066,0.378895041,1.46417875e-05,3.52428932e-05,0.00029335731000000007,2.528437599e-06,3.064054718e-06,8.8297003e-05,0.0001154438502,1.3543877740000002e-05,0.4041280069999999,0.00017853669249999997,0.0013565004399999998,63.987331399999995,50.150883199999996,2.7012624499999996e-05,6.24642448,0.0190457573,16.619954,0.0005195844776,4.709324766e-05,0.0336148748,52.298417400000005,0.0005195844776,4.709324766e-05,0.00498572038,12.47268988,0.0005195844776,4.709324766e-05,0.00831257255,13.92186965,0.0005195844776,4.709324766e-05,0.02117045,0.0007491166550000001,0.000762731375,-0.01552507545,-0.573041157,0.0558128913,0.0436324824,0.0383262094,1.021431545e-05,0.00032574032200000005
147,1709203800,0.6654294349999998,0.665442803,-0.00562851917,-1.4237168900000001,1.358628966,0.7099093620000001,1.134822136,1.0665325700000001,0.02779273175,0.3266324165,1.4110555599999998e-05,1.9044901310000002e-05,0.000284240938,1.880464786e-06,1.610037148e-06,2.2899682720000002e-05,0.00023434025699999999,6.158066970000001e-06,0.33045370499999993,0.00036595051799999997,0.0013240624199999998,65.4342371,50.30138409999999,2.21431202e-05,5.996833870000001,0.0192014981,16.9094994,0.0006814974554,6.188878982000001e-05,0.030566016799999995,44.0074482,0.0006814974554,6.188878982000001e-05,0.004980840990000001,13.025943899999998,0.0006814974554,6.188878982000001e-05,0.00810571307,14.86963595,0.0006814974554,6.188878982000001e-05,0.0205858538,0.000732121263,0.0007455067720000001,-0.0047034531,-0.45946092099999997,0.057333188599999994,0.044189969399999994,0.0383394141,5.6217859e-06,0.00031598352099999996
147,1709204400,0.37477399,0.37478728200000005,-0.00013454551999999973,-1.39512299,1.163247995,0.537273289,0.8662389429999999,0.7883865699999999,0.024449955399999997,0.1997134164,1.3842279499999998e-05,1.5122966250000002e-05,0.00031669454099999997,1.8412364579999997e-06,1.5812795920000003e-06,3.566487170000001e-05,0.000150637291,6.209275529999999e-06,0.185130044,0.00034368155200000005,0.00138453056,67.7727188,50.4908826,1.2456804499999998e-05,6.44101253,0.015573896599999998,11.55708065,0.00022130506104999997,1.976887227e-05,0.026349004,32.979200000000006,0.00022130506104999997,1.976887227e-05,0.004494703900000001,5.92400138,0.00022130506104999997,1.976887227e-05,0.007936722270000002,7.46730762,0.00022130506104999997,1.976887227e-05,0.021470557,0.0007543448180000001,0.0007676442169999999,-0.015282729399999997,-0.619031538,0.055943326599999996,0.04346605319999999,0.0383038404,8.11622329e-06,0.00034446477900000003
147,1709205000,1.077628446,1.0776421739999997,-0.00692457564,-1.4457665100000001,1.7673914199999998,0.9270608570000001,1.46925735,1.3640291599999999,0.0355818837,0.507851084,1.54942766e-05,2.1438027399999997e-05,0.00030895844799999996,5.1767364600000005e-06,4.082892553e-06,3.722465027e-05,0.000171216996,1.9427691e-05,0.536543933,0.0002337709325,0.00146694628,63.794519,50.1503163,3.58245722e-05,6.39287115,0.0204976573,19.199610900000003,0.0006038910989,5.4788622630000005e-05,0.0374002983,63.7714308,0.0006038910989,5.4788622630000005e-05,0.00513213956,15.092771679999998,0.0006038910989,5.4788622630000005e-05,0.00844336748,16.66384456,0.0006038910989,5.4788622630000005e-05,0.021323400200000002,0.000756134242,0.0007697641,-0.0121408733,-0.569819872,0.0588657966,0.043808164999999996,0.038360678100000004,6.579240580000001e-06,0.000333194079
147,1709205600,0.767708189,0.7677218399999999,-0.007819160700000001,-1.41143471,1.53379684,0.7738221980000001,1.2418879,1.14944755,0.02545149915,0.36708599999999997,1.501734405e-05,1.701465452e-05,0.000318105163,3.051813675e-06,3.05920287e-06,3.1815974329999995e-05,0.000174792124,1.2531985250000003e-05,0.38103621600000004,0.000795689182,0.0014602959899999999,64.60793709999999,50.375379099999996,2.55218537e-05,6.39905149,0.0186317067,16.30320315,0.000682646629,6.195419136999999e-05,0.0328586657,50.39162230000001,0.000682646629,6.195419136999999e-05,0.00509236375,14.39047636,0.000682646629,6.195419136999999e-05,0.00848801234,16.1956682,0.000682646629,6.195419136999999e-05,0.0214046487,0.000766096691,0.000779816815,-0.01177603826,-0.5699425990000001,0.053515576499999995,0.0443196476,0.038861932099999996,6.01332801e-06,0.00033520661500000004
147,1709206200,0.5440697630000001,0.544083259,-0.0071091235049999995,-1.2748646300000002,1.3555163999999997,0.6357389660000001,1.089145761,0.98815518,0.0207459613,0.269388992,1.4378553249999997e-05,2.6423075259999995e-05,0.000319607487,2.370096354e-06,2.4273796059999998e-06,2.703537e-05,0.00016740823599999997,1.242002831e-05,0.268163487,0.0018140978949999997,0.00149854348,68.03070290000001,50.9784752,1.8064979099999998e-05,6.67172886,0.016906574,13.4096968,0.0005234437711,4.744173494e-05,0.029370477399999994,40.8521512,0.0005234437711,4.744173494e-05,0.00485635147,10.847117809999999,0.0005234437711,4.744173494e-05,0.0084092223,12.61181451,0.0005234437711,4.744173494e-05,0.0217912764,0.000784111508,0.000797647934,-0.01229361382,-0.613039337,0.06076552989999999,0.0445516816,0.0392068926,7.406636530000001e-06,0.000350816136
147,1709206800,0.48396487399999993,0.48397834399999995,-0.00121903568,-1.1837135239999999,1.3368033000000001,0.5921539539999999,1.046431949,0.937528605,0.0207765819,0.23969708299999998,1.43911183e-05,2.575118905e-05,0.000337749838,1.5999534970000001e-06,1.981759918e-06,2.8029468e-05,0.000145472602,1.005839319e-05,0.23674405700000004,0.0031973394900000006,0.00148948104,71.246033,51.807548999999995,1.6068406599999996e-05,6.6393226,0.0161146614,12.26451285,0.000442642012,3.99827651e-05,0.0286544593,38.9926138,0.000442642012,3.99827651e-05,0.00476426826,9.060748659999998,0.000442642012,3.99827651e-05,0.008510836300000001,11.04187683,0.000442642012,3.99827651e-05,0.0223805743,0.0008077736910000001,0.0008212523960000001,-0.01080081647,-0.6879487750000001,0.05503558439999999,0.0448697783,0.039757374899999996,4.92021998e-06,0.000346685794
147,1709207400,0.9511964300000001,0.9512096050000001,-0.005635805119999999,-1.3305523300000002,1.71646489,0.852093416,1.4210683800000001,1.3076274199999998,0.0344254009,0.45246025999999995,1.3881072499999998e-05,2.57004009e-05,0.00034092622,2.0545802760000002e-06,2.8005231499999996e-06,2.592243714e-05,0.00014966303799999998,1.2428605520000001e-05,0.470701146,0.0028005725500000003,0.00153629715,67.3469096,50.808347000000005,3.16201701e-05,6.31346636,0.019320242100000003,17.1155972,0.0005929223973999999,5.37996449e-05,0.0358252386,59.574861899999995,0.0005929223973999999,5.37996449e-05,0.00509813122,14.710728500000002,0.0005929223973999999,5.37996449e-05,0.008842487719999998,16.38150311,0.0005929223973999999,5.37996449e-05,0.0224867775,0.000816282952,0.0008295643780000001,-0.0179138822,-0.679847397,0.0561047865,0.044982601600000005,0.039805426899999996,5.3761299099999995e-06,0.00034745399
147,1709208000,0.7252510360000001,0.7252644859999999,-0.00513781103,-1.2265260599999999,1.5485347300000003,0.7309916489999999,1.2780390099999999,1.167185644,0.0216619152,0.335887117,1.50670372e-05,3.167512013e-05,0.00033869701900000003,3.2894812199999997e-06,4.37977547e-06,2.0205140600000003e-05,0.000157969955,1.469893639e-05,0.35620014099999997,0.004333387050000001,0.0015194642199999999,68.7144664,51.5395087,2.40937898e-05,6.4678092199999995,0.017791079,14.766297,0.0005773212250999999,5.238328613e-05,0.032532551199999996,49.696369100000005,0.0005773212250999999,5.238328613e-05,0.00494318843,12.367791500000001,0.0005773212250999999,5.238328613e-05,0.008732464700000001,14.339980150000002,0.0005773212250999999,5.238328613e-05,0.0226029535,0.0008225134469999999,0.0008358526790000001,-0.0175966802,-0.6843626910000001,0.0547957966,0.0450596276,0.0398353939,4.8002870199999995e-06,0.000343988366
147,1709208600,0.8515403200000001,0.851553659,-0.00832140628,-1.27397406,1.6567255799999998,0.799331672,1.3716793800000002,1.2650636200000003,0.022739037400000002,0.394425572,1.517080775e-05,3.5420433149999995e-05,0.000340140371,2.948341127e-06,4.08548168e-06,2.43220155e-05,0.00015085263000000002,1.7773258699999998e-05,0.42001286800000004,0.0036694711800000003,0.0015104436600000002,67.11956169999999,51.0700121,2.82826593e-05,6.46477428,0.0185228004,16.0196412,0.0007218916969999999,6.558741075e-05,0.0345715528,55.537384599999996,0.0007218916969999999,6.558741075e-05,0.0051398196299999995,15.08988017,0.0007218916969999999,6.558741075e-05,0.0089570037,17.2770773,0.0007218916969999999,6.558741075e-05,0.0227917999,0.0008292880119999998,0.0008426180970000001,-0.017880784099999998,-0.698809408,0.058627338099999995,0.044964891800000004,0.0398103396,9.301628249999998e-06,0.00037305510700000007
147,1709209200,0.92422898,0.924242491,-0.00698144463,-1.23730695,1.7444782499999998,0.827814562,1.44394408,1.3342907099999999,0.02193468835,0.424454551,1.6265932500000002e-05,2.8948137830000002e-05,0.000342746482,4.161294654e-06,4.822812244999999e-06,1.915175645e-05,0.000167244605,2.068155205e-05,0.45425641099999997,0.005786587090000001,0.00148089402,67.94676139999999,51.4399767,3.0710421200000004e-05,6.46784043,0.018924137299999998,16.869570699999997,0.000888386239,8.07893411e-05,0.035456912699999996,58.1877186,0.000888386239,8.07893411e-05,0.005306805140000001,17.78392401,0.000888386239,8.07893411e-05,0.00902935555,20.0380979,0.000888386239,8.07893411e-05,0.0226864224,0.0008249786479999999,0.000838486233,-0.017738528400000002,-0.6745703030000001,0.061047871100000005,0.044743082299999994,0.0395639095,8.2159586e-06,0.000368668551
147,1709209800,0.8603811849999998,0.860394702,-0.0148748679,-1.1673368759999998,1.87993237,0.791727715,1.3972551599999998,1.28752681,0.029561845450000002,0.476590381,1.4782904099999998e-05,3.0124751400000006e-05,0.000323010102,3.2658760860000002e-06,6.107034505999999e-06,1.93419964e-05,0.00019411360599999998,2.32226465e-05,0.421425622,0.00665437309,0.0015101162200000001,71.7653504,51.812363500000004,2.8573589300000002e-05,6.67505874,0.0190913762,17.732707299999998,0.000711789714,6.474150799999999e-05,0.034252449899999995,54.543547000000004,0.000711789714,6.474150799999999e-05,0.00517614705,15.075075799999999,0.000711789714,6.474150799999999e-05,0.008733963350000002,16.80306155,0.000711789714,6.474150799999999e-05,0.022101066600000004,0.000818329813,0.000831845251,-0.0207590706,0.11414121799999996,0.08231889490000001,0.0448373335,0.03948733149999999,4.531679481e-05,0.0007180312470000001
147,1709210400,0.9370494729999999,0.9370628379999999,-0.01053787635,-1.21527303,1.8239056499999997,0.830857814,1.45808201,1.3473411300000002,0.028180975950000003,0.43247116099999994,1.43831826e-05,2.5311885079999998e-05,0.000322979191,2.80132336e-06,2.782843265e-06,1.590941275e-05,0.000176544224,1.2760258030000002e-05,0.46047835299999995,0.00601622857,0.00147004328,69.57184099999999,51.4820507,3.115830130000001e-05,6.29371741,0.0192450926,17.340982,0.0006964411110000001,6.332144578999999e-05,0.03537069870000001,57.701569000000006,0.0006964411110000001,6.332144578999999e-05,0.00518841861,16.1427227,0.0006964411110000001,6.332144578999999e-05,0.008728100749999999,17.9158298,0.0006964411110000001,6.332144578999999e-05,0.021865853100000002,0.000788570601,0.000801965,-0.0178274198,-0.618159987,0.06550254150000001,0.04450123599999999,0.0392093816,7.488360150000001e-06,0.000355748982
147,1709211000,1.3373704700000002,1.33738379,-0.00673704056,-1.34574225,1.9186710399999996,1.0145452770000003,1.6880765400000002,1.57898575,0.022359016899999997,0.588092389,1.57592691e-05,2.9653400299999998e-05,0.000335557499,4.403730679999999e-06,5.240920239999999e-06,9.02070416e-06,0.00015497258099999998,2.6652133219999995e-05,0.6622778140000001,0.0042693166,0.00157015044,66.63928059999999,50.785224,4.44501786e-05,6.5471216,0.0211720502,20.0269037,0.001090164914,9.929759686e-05,0.040856044099999995,75.51077289999999,0.001090164914,9.929759686e-05,0.00552217493,22.654644889999997,0.001090164914,9.929759686e-05,0.00915848195,24.646255200000002,0.001090164914,9.929759686e-05,0.022350083299999997,0.000795778378,0.0008091665499999999,-0.019497097999999997,-0.725923458,0.057227056799999995,0.043802842800000005,0.0389657763,5.9855837e-06,0.00033786960400000005
147,1709211600,1.5114858100000002,1.51149947,-0.00433866968,-1.34947116,2.01058637,1.0806133,1.79784239,1.68383891,0.0232340173,0.6532691749999999,1.6074676199999998e-05,2.9300947740000002e-05,0.000316586278,4.73825465e-06,4.856651820000001e-06,2.6059175399999997e-05,0.00010957691690000001,2.164949735e-05,0.749276693,0.0046286667400000005,0.00132236236,66.4191874,50.7044357,5.0279835200000005e-05,6.08585826,0.021887637100000003,21.2677964,0.0008483718567999999,7.715036309e-05,0.0430653601,82.9308154,0.0008483718567999999,7.715036309e-05,0.0055150810699999995,20.9001929,0.0008483718567999999,7.715036309e-05,0.00892526905,22.490473299999998,0.0008483718567999999,7.715036309e-05,0.021862051599999998,0.00074553767,0.000759032658,-0.0201518537,-0.7679122730000001,0.0546526222,0.041807224299999994,0.0372258017,7.84529622e-06,0.000320591048
147,1709212200,1.27044137,1.27045497,-0.00428383236,-1.3370781600000003,1.8660194800000003,0.99007632,1.65417549,1.54504713,0.022882109299999998,0.5638869009999998,1.652892545e-05,3.9697738249999994e-05,0.00034101035200000005,5.708038084999999e-06,5.89780937e-06,3.7953616699999994e-05,0.00011280644529999999,2.5869077949999997e-05,0.6277971290000001,0.00540087486,0.0014507416199999999,65.9155743,50.9626696,4.2225418599999996e-05,6.492198329999999,0.0207959928,19.295271899999996,0.0011399567000000002,0.00010381554589999999,0.0402642793,73.6235915,0.0011399567000000002,0.00010381554589999999,0.00560541622,23.53165469,0.0011399567000000002,0.00010381554589999999,0.009380419180000002,25.87362287,0.0011399567000000002,0.00010381554589999999,0.0229336142,0.0008188810139999999,0.0008324948000000001,-0.020725759599999997,-0.7798158210000001,0.054516742699999995,0.043878234,0.0391554064,8.8822046e-06,0.00035027446199999997
147,1709212800,0.9103216289999999,0.9103351719999999,-0.006451464799999999,-1.17398356,1.8311434300000002,0.8096027729999999,1.42920613,1.3207903049999998,0.05386485480000001,0.499547078,1.4476291100000001e-05,2.3087526246e-05,0.00022056348407999997,2.717985085e-06,3.1999347980000003e-06,5.8574837640000004e-05,9.16262439e-05,1.4882478830000002e-05,0.44663714599999993,0.00710542558,0.00100265835,70.4110981,51.874460799999994,3.0261184450000003e-05,6.38520185,0.0177774218,15.4339774,0.000719885841,6.536782817e-05,0.0333110277,51.67415530000001,0.000719885841,6.536782817e-05,0.0051453950000000005,15.166138070000002,0.000719885841,6.536782817e-05,0.006837141520000001,16.50012506,0.000719885841,6.536782817e-05,0.01652165078,0.0005543657342000001,0.0005679487335,0.034137139100000005,9.707037872,0.0662736555,0.0320067237,0.02790467938,8.47541092e-06,0.0002729005354
147,1709213400,0.9618852960000002,0.961899013,0.002967362044,-1.2279387,1.6957642700000002,0.847599593,1.4817452100000001,1.36395416,0.0369995014,0.46341087200000003,1.531101495e-05,1.35477874e-05,0.00013459044799999997,3.2445688259999996e-06,3.5454149900000003e-06,2.4571131000000004e-05,0.0004919609200000001,1.8026534800000004e-05,0.47239786199999995,0.00666912021,0.00118458151,68.51093069999999,51.500799699999995,3.1963181200000004e-05,6.479222439999999,0.024009713699999997,27.3757548,0.0009933587907999999,9.047261779e-05,0.0331536445,48.213704400000005,0.0009933587907999999,9.047261779e-05,0.00538556179,19.77215302,0.0009933587907999999,9.047261779e-05,0.00637418706,20.60179257,0.0009933587907999999,9.047261779e-05,0.020069602,0.0005417693149999999,0.000555448069,-0.001004938073,-1.18492365,0.043850923,0.03154850470000001,0.028677744800000005,1.402924798e-05,0.00024004023
147,1709214000,1.10469178,1.10470562,-0.0002978116960000002,-1.35939419,1.7154148799999998,0.9292965340000002,1.55037232,1.4382063999999999,0.0216238355,0.48957033499999997,1.5276242950000003e-05,1.1840009280000002e-05,0.000142779019,2.777248928e-06,3.41189659e-06,3.4414178789999996e-05,0.000498098307,1.4311658170000001e-05,0.5444303749999999,0.0060451036,0.0011613096199999998,68.3283347,51.178347200000005,3.67397556e-05,6.18328011,0.024716892299999998,29.443611600000004,0.001275146452,0.00011624977829999999,0.0355611952,55.0281784,0.001275146452,0.00011624977829999999,0.005621813450000001,25.0287772,0.001275146452,0.00011624977829999999,0.00673705126,25.748844730000002,0.001275146452,0.00011624977829999999,0.020570091699999998,0.000562420248,0.000576103405,-0.00271273248,-1.22938485,0.0420427003,0.0320243966,0.029049066800000002,4.958558459999999e-06,0.000241187648
147,1709214600,1.201986525,1.202000227,-0.0026357249299999996,-1.3213009900000001,1.86414442,0.95892955,1.6224495299999997,1.50597099,0.0289383618,0.5515566780000001,1.601903385e-05,1.242367725e-05,0.0001164792636,4.014667781999999e-06,4.93452574e-06,0.0001309272318,0.00044753879800000005,2.09854022e-05,0.593195981,0.00596721953,0.0010904025399999999,66.8617878,51.108375699999996,3.99501761e-05,6.34723803,0.0258645843,32.1768723,0.0009439504199999999,8.590218413999999e-05,0.0368120522,58.6104887,0.0009439504199999999,8.590218413999999e-05,0.00539998551,20.447722150000004,0.0009439504199999999,8.590218413999999e-05,0.0060740909400000005,21.07028987,0.0009439504199999999,8.590218413999999e-05,0.019723057699999998,0.000528896143,0.000542587578,-0.0019406274620000004,-1.18292223,0.0417068909,0.031140211700000003,0.028709619600000003,6.883865709999999e-06,0.000238410254
147,1709215200,0.9648620880000001,0.9648757330000002,-0.00012166069399999991,-1.3335869800000002,1.71008966,0.863878416,1.45215683,1.3391283699999998,0.0299312456,0.454406908,1.49193072e-05,9.60057306e-06,0.0001170188969,2.5473841279999996e-06,3.2808794e-06,1.530714506e-05,0.000601028981,1.505425893e-05,0.473518161,0.007094352789999999,0.0010533875700000001,69.9585615,51.667362600000004,3.20802505e-05,6.42880859,0.025305166,30.5735799,0.0006844983097,6.215010350999999e-05,0.0328380192,47.139738699999995,0.0006844983097,6.215010350999999e-05,0.0050812741600000004,14.506870120000002,0.0006844983097,6.215010350999999e-05,0.0057516732699999995,14.95880754,0.0006844983097,6.215010350999999e-05,0.0199821425,0.0005469689339999998,0.000560629424,-0.0016371104100000003,-1.15744541,0.0483374217,0.031890889000000006,0.0293512684,7.925236040000001e-06,0.000262553955
147,1709215800,0.9739028550000001,0.9739165779999999,-0.0012180280370000002,-1.3352237800000002,1.6213995100000003,0.868595193,1.46981983,1.3555163700000001,0.018804403549999998,0.431583527,1.5937221150000002e-05,9.954295159999999e-06,0.00011698028160000001,3.466172813e-06,4.5470359799999995e-06,6.127022315e-05,0.0006167040340000001,1.6053369359999997e-05,0.4786742279999999,0.0063709616699999996,0.00107502337,67.4488915,51.3880048,3.23728593e-05,6.261472039999999,0.026341971600000003,32.8419246,0.0005299929902,4.800682338e-05,0.033242493100000006,47.8872428,0.0005299929902,4.800682338e-05,0.00503321335,13.05663934,0.0005299929902,4.800682338e-05,0.005655980119999999,13.42215785,0.0005299929902,4.800682338e-05,0.0203367158,0.000572755962,0.000586491605,-0.002745115024,-1.13711623,0.0418823716,0.033081943399999994,0.0300465594,5.3989453099999995e-06,0.00024551015599999997
147,1709216400,0.8297755050000001,0.8297893149999999,-0.00198915503,-1.2366873699999998,1.60298644,0.7850745650000001,1.38382974,1.2654011299999999,0.0173666006,0.37918028200000004,1.57077811e-05,1.249338441e-05,0.0001099169679,3.2101194890000003e-06,3.7997446059999996e-06,0.00020496575492999998,0.000495367058,1.5204853450000001e-05,0.40697790000000006,0.0059628821499999995,0.0011000626600000001,68.73387400000001,51.61627020000001,2.75789117e-05,6.27732248,0.026327388,32.4002068,0.000540287786,4.8928009299999996e-05,0.0309365572,41.97478159999999,0.000540287786,4.8928009299999996e-05,0.00511308236,13.214766699999998,0.000540287786,4.8928009299999996e-05,0.0056943637699999996,13.672607300000001,0.000540287786,4.8928009299999996e-05,0.020425864300000002,0.000581457659,0.000595171194,-0.0050718768499999995,-1.10279259,0.044730527299999996,0.033729244000000005,0.0301344797,4.9475683e-06,0.00025502647499999994
147,1709217000,0.64728679,0.647300602,-0.00996897484,-1.56378101,1.3410034400000002,0.731612858,1.089145763,1.023218724,0.01763186207,0.307491147,1.5083822049999999e-05,8.163987870000001e-06,0.0001027303109,2.82183745e-06,3.66880811e-06,8.281363813000001e-05,0.0005103532558,1.621561215e-05,0.317357244,0.00443804549,0.0011200757099999999,67.958623,51.58019079999999,2.14937858e-05,6.79290857,0.023438041,26.585541199999994,0.0005287841448,4.79451731e-05,0.027286805400000003,32.9795038,0.0005287841448,4.79451731e-05,0.00491137681,11.81810673,0.0005287841448,4.79451731e-05,0.005272924149999999,12.13969765,0.0005287841448,4.79451731e-05,0.0190971272,0.000502256622,0.000516024563,0.0014679196384000002,-1.13689828,0.0481352835,0.0306465459,0.0279407373,5.90641265e-06,0.00023352565900000002
147,1709217600,1.0391710029999999,1.039184816,0.0019329368100000001,-1.27870279,1.76896648,0.8835466820000001,1.52742162,1.4080930000000003,0.02746394645,0.47450642499999995,1.6854368199999998e-05,1.013791725e-05,0.00010147061980000001,4.7149034650000006e-06,5.767183094e-06,1.098090386e-05,0.000567867929,2.13327024e-05,0.5122635369999999,0.00545508926,0.00114158327,65.44155810000001,51.1968124,3.454607529999999e-05,6.470456580000001,0.0250675804,29.900912799999997,0.000677057348,6.148743832999998e-05,0.0338779513,49.667950000000005,0.000677057348,6.148743832999998e-05,0.00511703677,15.40295507,0.000677057348,6.148743832999998e-05,0.005431751279999999,15.74682418,0.000677057348,6.148743832999998e-05,0.018906527500000003,0.000489228168,0.000503054807,0.006831091520000001,-1.15023791,0.044363252900000004,0.030132668499999998,0.027685212100000002,4.416130749999999e-06,0.000218462149
147,1709218200,0.9028036410000002,0.902817256,0.0053124335799999995,-1.24458118,1.70933968,0.819904634,1.43963146,1.3242779100000002,0.0233587752,0.43592422099999995,1.4708219400000003e-05,7.056905780000001e-06,0.00010242761420000001,2.356401946e-06,3.5120931650000003e-06,2.6098307270000005e-05,0.0005594056739999999,1.9896371210000002e-05,0.44346206000000005,0.00601174067,0.00120614046,69.30011269999999,51.499610499999996,2.998298e-05,6.71467366,0.0247042908,28.825860799999997,0.0008256287511999999,7.509340303e-05,0.0317177899,43.711179900000005,0.0008256287511999999,7.509340303e-05,0.0053300863900000005,18.29153935,0.0008256287511999999,7.509340303e-05,0.00572603993,18.783576749999998,0.0008256287511999999,7.509340303e-05,0.019030767999999997,0.000496902551,0.000510488626,0.0030763144559999996,-1.1513101300000002,0.0437786171,0.03040113,0.027972935000000004,3.6272094399999997e-06,0.000215522332
147,1709218800,1.1765649500000002,1.1765785,0.001187330157,-1.3503718399999998,1.78002935,0.9555300969999999,1.60238641,1.48467031,0.027211468,0.5337231649999999,1.5193483850000002e-05,9.2769919e-06,9.76802587e-05,2.8018985799999997e-06,3.8901320899999995e-06,0.00015155793399999998,0.00041363622000000004,1.6449679e-05,0.581814516,0.00463038085,0.00114074944,67.1020199,50.8469688,3.911860439999999e-05,6.418330989999999,0.025650446599999998,31.411150400000004,0.0008909529876000001,8.104010820000001e-05,0.036347864099999995,56.52367769999999,0.0008909529876000001,8.104010820000001e-05,0.00534412996,19.483362059999997,0.0008909529876000001,8.104010820000001e-05,0.00567131656,19.920673599999997,0.0008909529876000001,8.104010820000001e-05,0.0187824406,0.000483915393,0.000497641303,0.0028469707445999996,-1.1483735099999999,0.0384145728,0.0299709186,0.027509937800000002,3.8733439e-06,0.000206647196
147,1709219400,1.1628438600000002,1.162857626,0.00512654961,-1.3261140699999998,1.83238091,0.938792537,1.58483585,1.4693698400000001,0.034102603200000005,0.533340553,1.59403593e-05,1.00118254e-05,9.938094239999998e-05,4.287742890000001e-06,5.21115694e-06,3.9557920499999996e-05,0.0005244728490000001,1.920783588e-05,0.575055839,0.00449880419,0.00116297841,66.48308310000002,50.9381118,3.865411329999999e-05,6.4106633,0.0254465194,30.971853399999997,0.0005695675035,5.164143816e-05,0.035684920599999996,55.45186650000001,0.0005695675035,5.164143816e-05,0.00523981543,15.68398695,0.0005695675035,5.164143816e-05,0.0055624167199999994,15.948188400000001,0.0005695675035,5.164143816e-05,0.0187766539,0.000483255663,0.0004968636619999999,0.0041823426384,-1.1428352999999998,0.04463246920000001,0.029961277,0.027452524500000002,4.14586566e-06,0.000215293954
147,1709220000,1.9040874000000003,1.90410079,0.00279080772,-1.4074768,2.15207817,1.22528123,2.00582376,1.87783234,0.027224059099999996,0.8003456329999998,1.6237825500000002e-05,8.444591070000001e-06,0.0001055197176,4.636642109e-06,5.9625284599999996e-06,4.9217207000000006e-05,0.000533360568,2.307680982e-05,0.946368881,0.00376884506,0.0011728568,63.36574549999999,50.4589325,6.33569935e-05,5.6846058600000005,0.0285323339,39.1272661,0.001393789887,0.0001270579955,0.045738139500000004,88.1498841,0.001393789887,0.0001270579955,0.00593557353,31.12376765,0.001393789887,0.0001270579955,0.006296349799999999,31.791199999999993,0.001393789887,0.0001270579955,0.019046456099999998,0.0004980844150000001,0.0005115864920000001,0.002947230478,-1.1437594299999998,0.039985898299999996,0.030493065700000006,0.027909346599999996,3.25438806e-06,0.000211505302
147,1709220600,1.153597534,1.15361107,-4.38946794e-05,-1.3147239400000001,1.84449379,0.940676668,1.6030239300000002,1.4795701700000001,0.03150613055,0.525596881,1.4699268450000001e-05,1.0892183359999998e-05,9.845040250000001e-05,2.477812576e-06,2.724089791e-06,0.00010907995665000001,0.00046475768799999996,1.087766928e-05,0.568166478,0.0067952588100000004,0.0011366024699999999,69.25492799999999,51.27472279999999,3.838163290000001e-05,5.78183583,0.025734580100000005,31.801943800000004,0.0007970008702999999,7.245498976999999e-05,0.035891201799999994,55.3432727,0.0007970008702999999,7.245498976999999e-05,0.005294568019999999,18.42991263,0.0007970008702999999,7.245498976999999e-05,0.0056898691200000006,18.677180070000002,0.0007970008702999999,7.245498976999999e-05,0.019080345000000002,0.000500108766,0.0005136834620000001,0.00398812633,-1.1378244199999998,0.045493972199999996,0.0306190664,0.0279701906,4.3097047e-06,0.00022160679
147,1709221200,1.3886721,1.38868589,-0.005270266399999999,-1.36874714,1.89500785,1.0389895710000001,1.72257757,1.60433648,0.0286276005,0.6209126469999999,1.605116155e-05,1.31083217e-05,9.89466479e-05,3.90635373e-06,5.52839895e-06,6.760244199999999e-05,0.0005335789690000001,2.94833172e-05,0.686540148,0.00583087767,0.0012105915299999998,67.27960709999999,50.959324099999996,4.6130539500000006e-05,6.663706730000001,0.026609600599999998,34.2941066,0.0015537822689999999,0.0001417719304,0.03908842180000001,65.3335979,0.0015537822689999999,0.0001417719304,0.00576004908,29.625452040000006,0.0015537822689999999,0.0001417719304,0.00613306775,30.46331591,0.0015537822689999999,0.0001417719304,0.019131101299999998,0.0005027810620000001,0.0005164862610000001,0.0019065520750000003,-1.1530255200000001,0.03971875700000001,0.030590945999999997,0.028137041999999994,4.74901369e-06,0.00021712678500000003
147,1709221800,1.55707043,1.5570843399999998,-0.00782397602,-1.40746225,2.0389747300000005,1.10867618,1.7995674299999997,1.6883015099999998,0.0324997717,0.683080626,1.79512384e-05,1.1289765809999998e-05,0.0001038684434,6.430783356999999e-06,7.906757299999999e-06,4.2438208360000005e-05,0.000558998479,3.0458252680000003e-05,0.77280079,0.0038498872099999998,0.00111904208,63.036452399999995,50.5815789,5.17748391e-05,6.11702227,0.027154156899999997,35.8119023,0.001212733737,0.00011048205399999999,0.041364551799999996,72.55617520000001,0.001212733737,0.00011048205399999999,0.00570780959,25.5977435,0.001212733737,0.00011048205399999999,0.006029695829999999,26.1887937,0.001212733737,0.00011048205399999999,0.019072229000000003,0.000499519691,0.00051334861,0.0045481800699999995,-1.1387654,0.0480159804,0.030481838,0.027983398599999997,4.83238892e-06,0.00022355206500000003
147,1709222400,1.32268317,1.32269699,-0.011921554150000001,-1.42391192,1.78411699,1.023162074,1.6491128300000004,1.5440721299999998,0.0204520943,0.5626920689999999,1.63712092e-05,9.90430826e-06,0.00010467973390000001,4.015354619e-06,5.186956151e-06,0.00010883167913000001,0.000514232429,1.925359062e-05,0.6543420660000001,0.00508730271,0.0011435880400000001,65.92683380000001,50.842209,4.39875122e-05,5.949242770000001,0.026703204200000004,34.7685985,0.0006856999397,6.220898186e-05,0.0383658807,63.2115641,0.0006856999397,6.220898186e-05,0.0052667955,16.36594956,0.0006856999397,6.220898186e-05,0.0056578811299999995,16.64252358,0.0006856999397,6.220898186e-05,0.019463125499999998,0.0005218789760000001,0.000535705143,0.0027294408359999998,-1.15213723,0.0409847453,0.031276178599999996,0.028791379899999997,3.77642099e-06,0.00022365683700000002
147,1709223000,0.9640428119999997,0.9640565630000001,-0.012997967800000001,-1.40063274,1.55753506,0.8731740450000001,1.4246309499999998,1.31985279,0.01764378535,0.41405050899999996,1.4840916799999999e-05,5.45523408e-06,0.000103968236,2.5256914839999994e-06,2.995486613e-06,0.00012256161449999996,0.00048361091499999985,1.627738457e-05,0.47542821599999996,0.00475226895,0.00110243899,67.282781,51.0461363,3.20405556e-05,6.484368550000001,0.025138600500000004,30.676406099999998,0.0008971925172,8.1695364267e-05,0.033170297800000005,47.5372519,0.0008971925172,8.1695364267e-05,0.0053034211,18.734378120000002,0.0008971925172,8.1695364267e-05,0.00567913627,19.171208359999998,0.0008971925172,8.1695364267e-05,0.0192927668,0.000511702182,0.00052547888,0.0025797274999999997,-1.16214867,0.03875137630000001,0.030868676900000003,0.028571276500000003,4.0848589799999995e-06,0.000218469597
147,1709223600,0.748185772,0.748199531,-0.01456310655,-1.39889809,1.37850457,0.7715947470000001,1.2637135800000001,1.16388553,0.0108228164,0.320272502,1.5563733399999998e-05,8.05542991e-06,9.48542719e-05,3.12601051e-06,3.71658762e-06,4.0299655900000005e-05,0.000526152317,1.3538253250000001e-05,0.36696290400000003,0.00543211518,0.001006280204,67.55370919999999,51.523994900000005,2.48688446e-05,6.457147040000001,0.023626680500000004,26.983702,0.0005801706552,5.25968636e-05,0.0292392836,37.1520894,0.0005801706552,5.25968636e-05,0.00498827496,12.52846863,0.0005801706552,5.25968636e-05,0.005215606,12.789235350000002,0.0005801706552,5.25968636e-05,0.0186178594,0.00047490347300000005,0.000488618415,0.004106177261,-1.1687596500000001,0.0361324035,0.029609347299999998,0.0274965252,3.03696771e-06,0.00020137108700000003
147,1709224200,1.3215861150000001,1.3215998399999997,-0.007012502910000001,-1.3135243200000002,1.89084523,1.005306816,1.69381421,1.55070983,0.0488341267,0.594496507,1.784217475e-05,2.1393595500000002e-05,0.00020013420679999998,6.075835594999999e-06,7.4772327439999995e-06,5.12915071e-05,0.00021589394639999997,2.7025128869999998e-05,0.653912086,0.0052103105899999995,0.001137125115,65.2439131,50.9092125,4.3925041600000006e-05,6.33257338,0.022322430799999998,22.8811028,0.001174193412,0.00010696263819999999,0.0391302164,68.02581749999999,0.001174193412,0.00010696263819999999,0.005536482819999999,22.23892775,0.001174193412,0.00010696263819999999,0.0071742161,23.5392888,0.001174193412,0.00010696263819999999,0.0173711277,0.0005491569019999999,0.0005629296340000001,-0.00734847062,0.21029057299999998,0.05273548769999999,0.0375946932,0.02985508025,2.4470325100000002e-05,0.000263752346
147,1709224800,0.757733395,0.7577473909999999,-0.0002634983380000001,-1.2128627800000003,1.56147267,0.748615427,1.31584017,1.2130495099999998,0.016669519959999997,0.33754451900000004,1.5949077399999996e-05,2.182091993e-05,0.000251642676,3.1311594700000003e-06,3.9434707500000004e-06,1.942745046e-05,0.00021892248400000002,1.4123160870000001e-05,0.37073565100000005,0.006254264879999999,0.00134174204,68.6469316,51.89744989999999,2.5178495699999997e-05,6.482719059999999,0.0188496818,16.66948245,0.0007684623269999999,6.981121880000001e-05,0.031575182599999994,45.9102392,0.0007684623269999999,6.981121880000001e-05,0.0053498074700000006,16.531393599999998,0.0007684623269999999,6.981121880000001e-05,0.0079983398,17.8182517,0.0007684623269999999,6.981121880000001e-05,0.019399650000000004,0.000652398383,0.000666357625,-0.005453284960000001,-0.4311629279999999,0.05627384099999999,0.0416694854,0.0360877696,5.08345545e-06,0.00029325863200000004
147,1709225400,0.819684597,0.819698392,-0.0027408302912,-1.2659827700000001,1.5416720299999997,0.7874236,1.36522916,1.2536257699999998,0.013941188569999999,0.351526297,1.600092415e-05,2.1328270599999998e-05,0.00025623418999999993,2.743278491e-06,3.461419469e-06,1.60255893e-05,0.00022420782299999997,1.3542628930000002e-05,0.40175304599999995,0.00619730674,0.00135217286,68.0466376,51.66944659999999,2.72535574e-05,6.34424122,0.0193204715,17.3354353,0.0007143228010999999,6.487533122999999e-05,0.0326888402,48.8608919,0.0007143228010999999,6.487533122999999e-05,0.005145978389999999,14.960472900000003,0.0007143228010999999,6.487533122999999e-05,0.007861881499999999,16.31123638,0.0007143228010999999,6.487533122999999e-05,0.019525741199999995,0.00066173322,0.000675534163,-0.006323985855000001,-0.438813397,0.0500251276,0.042000233199999994,0.0364130114,3.30203599e-06,0.000276696814
147,1709226000,0.785190318,0.785203848,-0.00431536052,-1.22131627,1.5780106200000001,0.762229461,1.3385283599999998,1.23318766,0.01163483774,0.34401845200000003,1.45452271e-05,2.1902087099999998e-05,0.00025278059799999997,2.556829745e-06,2.790790684e-06,8.18812566e-06,0.00022931313500000003,1.44542497e-05,0.384026694,0.006661422760000001,0.00137392707,70.8609055,51.9719067,2.6085197199999994e-05,6.635658660000002,0.0189427175,16.8244573,0.0004575412684,4.137195806e-05,0.0320448811,47.2134699,0.0004575412684,4.137195806e-05,0.00494183448,11.475329519999999,0.0004575412684,4.137195806e-05,0.007659370229999999,12.60149903,0.0004575412684,4.137195806e-05,0.0195089489,0.000659834323,0.0006734665459999999,-0.00493766169,-0.431259234,0.05792561240000001,0.0419083571,0.03627484190000001,5.45413235e-06,0.00029728957500000004
147,1709226600,0.8868118480000001,0.886825404,-0.00584458367,-1.2721004800000002,1.57894821,0.819394894,1.41476818,1.30822744,0.00851115409,0.36884814699999996,1.5473241249999997e-05,2.5850725149999995e-05,0.00025802259000000003,3.1611336430000003e-06,3.846277697e-06,5.8825325499999994e-05,0.0001830533497,1.438225941e-05,0.4348863659999999,0.006595073,0.00137545973,69.73314459999999,51.609134499999996,2.9481558199999994e-05,6.374879689999999,0.0197921671,18.1747155,0.000823321571,7.484213e-05,0.0338639716,52.2140928,0.000823321571,7.484213e-05,0.005318407249999999,17.1528271,0.000823321571,7.484213e-05,0.00813352156,18.526249,0.000823321571,7.484213e-05,0.0197186155,0.000675086786,0.000688634573,-0.005327470660000001,-0.4442162479999999,0.050522932,0.042460500400000004,0.0368247039,4.20914869e-06,0.000282290704
147,1709227200,0.83313469,0.8331483869999999,-0.002856635907,-1.18012336,1.6643382799999997,0.779083388,1.39369258,1.2873017999999998,0.007723481860000001,0.353041264,1.490644615e-05,2.1264915099999996e-05,0.000265885652,2.7366744650000004e-06,2.99358175e-06,3.674471267e-05,0.00020573312250000004,1.291957396e-05,0.40658616399999997,0.008019944749999999,0.00141164386,71.49560890000001,52.151591399999994,2.7691916299999997e-05,6.28688918,0.0195199595,17.899156400000003,0.000431137898,3.900187547e-05,0.032919307,49.7446636,0.000431137898,3.900187547e-05,0.00497382887,11.62424591,0.000431137898,3.900187547e-05,0.007832926609999999,12.85390686,0.000431137898,3.900187547e-05,0.019898195999999996,0.0006874528090000001,0.000701086179,-0.00797623834,-0.44324705699999994,0.0516415002,0.0428069505,0.0370982359,3.45776996e-06,0.000285999832
147,1709227800,0.8838806439999999,0.8838943230000001,-0.002870627816,-1.20320619,1.6911141400000003,0.807186626,1.4302186300000002,1.32551543,0.00992345121,0.37527834400000004,1.54715213e-05,2.4387366590000003e-05,0.000266769363,3.77155654e-06,4.52970881e-06,1.7364635669999997e-05,0.00023148867199999996,1.830954584e-05,0.43200144900000004,0.00793493596,0.00143546258,69.5916728,51.973839299999995,2.93672466e-05,6.55015178,0.019698523399999997,18.2313234,0.000724550046,6.57908172e-05,0.0337703578,52.0696992,0.000724550046,6.57908172e-05,0.00518082448,15.541368550000001,0.000724550046,6.57908172e-05,0.008056227,16.83623008,0.000724550046,6.57908172e-05,0.0199530987,0.000691168379,0.000704841391,-0.00632144573,-0.4463347919999999,0.054106513599999996,0.0429642717,0.0372455131,4.5271987e-06,0.00029825028
147,1709228400,0.841256643,0.8412704910000001,-0.00377489467,-1.2321433599999998,1.65837565,0.791970504,1.38765484,1.2798015500000002,0.01108234329,0.36612011000000005,1.6463856699999998e-05,2.5332199769999995e-05,0.00027383051100000004,4.419646244e-06,4.958296188e-06,4.3650044899999995e-05,0.00020980444349999998,1.884170919e-05,0.41080861,0.007727506369999998,0.00150874592,68.97779589999999,52.023506600000005,2.7946464299999997e-05,6.39155275,0.0196422644,18.0711675,0.000823095842,7.48178091e-05,0.0332492844,50.844543,0.000823095842,7.48178091e-05,0.0052290581,16.2545363,0.000823095842,7.48178091e-05,0.008180957749999999,17.696560299999998,0.000823095842,7.48178091e-05,0.020174547999999997,0.0007064522270000001,0.000720218961,-0.006794503539999999,-0.448554092,0.05463427,0.043372622000000007,0.03767335919999999,5.76013378e-06,0.000320955753
147,1709229000,1.1536899349999998,1.1537036840000001,-0.00391063674,-1.2699637,1.7987424,0.9337712159999999,1.60767408,1.49153301,0.0198547175,0.4877553129999999,1.521822045e-05,4.03317032e-05,0.000258363895,3.1637921490000003e-06,3.250161786e-06,0.00011212280286,0.00013657123050000002,1.363279218e-05,0.565722252,0.009036347100000001,0.0015174150599999998,71.9821494,51.6925705,3.83686792e-05,6.07868523,0.021705015199999997,21.7466147,0.001209537144,0.00011021238339999999,0.0379258985,64.98944630000001,0.001209537144,0.00011021238339999999,0.00560252513,23.87203734,0.001209537144,0.00011021238339999999,0.008584404529999999,25.62568885,0.001209537144,0.00011021238339999999,0.0202672205,0.000712618555,0.000726386934,-0.007365873005000001,-0.447337545,0.053700169500000006,0.043581055699999996,0.0377948071,4.02453152e-06,0.000299019371
147,1709229600,1.1166296450000002,1.116643587,-0.003665492580000001,-1.2725136,1.8309184199999997,0.915237511,1.56694785,1.4513318099999999,0.01973273265,0.467577239,1.52197291e-05,2.334172833e-05,0.000275120061,2.8299599440000004e-06,3.8139921200000005e-06,3.776860931e-05,0.00021565012600000002,1.953617657e-05,0.547140375,0.00901931634,0.00157578481,70.18793059999999,51.9076697,3.70973e-05,6.53293644,0.0212793513,21.052547,0.0009061179571,8.248843147e-05,0.0371433838,62.991839500000005,0.0009061179571,8.248843147e-05,0.005455902570000001,20.28328641,0.0009061179571,8.248843147e-05,0.00839479464,21.69754595,0.0009061179571,8.248843147e-05,0.0202719164,0.000713227156,0.0007271170580000001,-0.00632826093,-0.44993608000000007,0.0549570291,0.0436144686,0.037820042400000004,3.6781963099999997e-06,0.000297898991
147,1709230200,1.0727727900000001,1.0727865499999998,-0.0038810986999999997,-1.26604268,1.7411406499999997,0.902161507,1.56094767,1.44645665,0.00842511036,0.45294170500000003,1.5855019149999996e-05,1.8335798950000003e-05,0.00028169968699999997,3.592654812e-06,3.966896385e-06,2.7905135749999998e-05,0.000223149536,1.551331016e-05,0.524783898,0.0094901082,0.0015361191700000003,70.0914357,51.8694344,3.56697152e-05,6.145386050000001,0.020978975,20.356515899999998,0.0006829682676,6.202855855999999e-05,0.0368151295,61.20414780000001,0.0006829682676,6.202855855999999e-05,0.00526562516,16.60507235,0.0006829682676,6.202855855999999e-05,0.008231562869999999,18.0184723,0.0006829682676,6.202855855999999e-05,0.020268577000000003,0.0007121628280000001,0.0007259014619999998,-0.00782597577,-0.452134191,0.05218193210000001,0.0435641361,0.03778334609999999,3.7933281199999997e-06,0.000297921978
147,1709230800,1.03003874,1.0300523599999998,-0.00603070541,-1.2748937100000002,1.6856764399999995,0.885410008,1.52487151,1.41641822,0.00419531437,0.418130226,1.507766485e-05,3.015258929999999e-05,0.00026715985100000006,2.45553029e-06,3.3142893399999996e-06,2.6742377399999997e-05,0.000220997951,1.4777760029999998e-05,0.5043657679999999,0.0085511606,0.00153538484,69.55785649999999,51.785627399999996,3.42392556e-05,6.21893387,0.0207542067,19.9314572,0.000877962705,7.982685309999999e-05,0.0360961706,58.95218459999999,0.000877962705,7.982685309999999e-05,0.00545507839,19.424946439999996,0.000877962705,7.982685309999999e-05,0.00839866913,20.96169789,0.000877962705,7.982685309999999e-05,0.0201798442,0.0007074969200000001,0.000721195902,-0.009887897760000004,-0.45280944000000006,0.0518096656,0.0434161795,0.037678686999999995,3.5881855799999996e-06,0.000294445691
147,1709231400,1.0294159200000004,1.02942951,-0.00575428103,-1.28041654,1.6895390499999998,0.8865459469999999,1.5240090199999998,1.4145431499999999,0.0044158494,0.42230314199999996,1.524370985e-05,2.2162127840000002e-05,0.000276490189,3.1993644e-06,3.2252180719999995e-06,2.347550935e-05,0.00022579961800000002,1.2896990899999999e-05,0.5042237609999999,0.0083904409,0.00152474996,70.0135303,51.75164529999999,3.423659450000001e-05,6.02607098,0.020787719399999998,20.0137808,0.0009035105640000001,8.217524660000001e-05,0.0361003427,59.0125191,0.0009035105640000001,8.217524660000001e-05,0.0053776560799999994,18.612788000000002,0.0009035105640000001,8.217524660000001e-05,0.0083738428,20.397780799999996,0.0009035105640000001,8.217524660000001e-05,0.0202412721,0.0007111859729999999,0.0007247063010000001,-0.0084888347,-0.451006882,0.0527300248,0.0435199114,0.037739096,3.8200380099999995e-06,0.00029711960700000005
147,1709232000,0.979753037,0.979766693,-0.0061945918099999995,-1.25172306,1.6640008000000002,0.8597416179999999,1.4926580699999998,1.38757984,0.0060071091000000005,0.402491837,1.6437517750000003e-05,2.158236953e-05,0.000277032656,4.217586236e-06,5.25478636e-06,5.229452165e-05,0.00020167572329999995,2.041318639e-05,0.47905941499999993,0.008699893700000001,0.00153195886,67.4043201,51.88944680000001,3.25555796e-05,6.398142869999999,0.020526517699999997,19.5902357,0.0007262186455,6.596134062e-05,0.035441155700000004,56.9997906,0.0007262186455,6.596134062e-05,0.00517856577,15.690933569999999,0.0007262186455,6.596134062e-05,0.008136708749999999,17.165691199999998,0.0007262186455,6.596134062e-05,0.020141754999999997,0.00070582674,0.00071951025,-0.009973838709999999,-0.448412108,0.051224244200000005,0.043413800999999995,0.037640030000000005,3.54083634e-06,0.000293718517
147,1709232600,0.922096282,0.922109949,-0.01043921464,-1.4967243799999999,1.51230866,0.867476492,1.33897839,1.24245039,0.010937479570000002,0.38613230099999996,1.5199285599999999e-05,2.337556889e-05,0.00027364235899999997,3.3119270060000003e-06,4.2060264990000006e-06,2.218171166e-05,0.000228393448,1.704946305e-05,0.45082589300000003,0.008100112,0.00154833328,71.0381799,51.9530937,3.0630183000000004e-05,6.387238720000001,0.0204453055,18.8845722,0.0016626219264,0.00015182782771,0.034459852199999995,54.2651461,0.0016626219264,0.00015182782771,0.00568472865,30.016350359999997,0.0016626219264,0.00015182782771,0.00866579415,31.728748760000002,0.0016626219264,0.00015182782771,0.0201855051,0.00070588302,0.0007195473760000001,-0.0059176261369999995,-0.45979213799999996,0.052269591399999996,0.0432928626,0.03766702449999999,4.203176730000001e-06,0.000298582889
147,1709233200,1.21067513,1.21068877,-0.00495391863,-1.3155216299999999,1.84288125,0.9627356189999998,1.6258246500000002,1.50987111,0.02076215471,0.520672,1.679629965e-05,2.554579552e-05,0.000274148679,4.763876433999999e-06,5.74730676e-06,3.934074560000001e-05,0.00021812919159999998,2.533719218e-05,0.594701564,0.00848240967,0.00155743249,68.519553,51.524242900000004,4.02228605e-05,6.44212266,0.0218551596,21.9544699,0.0011178545530000001,0.00010179788060000001,0.0385817244,66.8985331,0.0011178545530000001,0.00010179788060000001,0.0055523006799999995,21.75780948,0.0011178545530000001,0.00010179788060000001,0.008486692629999999,23.7334707,0.0011178545530000001,0.00010179788060000001,0.0201941125,0.000706981391,0.000720730496,-0.00855815516,-0.449405725,0.053692909,0.043393463599999994,0.037578240799999996,4.37355352e-06,0.000299919837
147,1709233800,1.6619829200000003,1.6619967800000002,-0.00580378814,-1.37458883,2.0727632799999998,1.1413003,1.88135744,1.7605662199999998,0.01755170044,0.69141238,1.7248162399999998e-05,2.573993768e-05,0.0002768169389999999,4.6797082160000004e-06,6.09646734e-06,2.179272451e-05,0.00024013687200000002,2.6155604689999996e-05,0.821863145,0.00696601512,0.0015574789200000002,67.3891448,50.9321273,5.526103199999999e-05,6.13621633,0.0242255693,26.5861668,0.001377762643,0.0001255729788,0.0443507292,86.70822999999999,0.001377762643,0.0001255729788,0.0058494136000000006,28.053798900000004,0.001377762643,0.0001255729788,0.0087605771,29.9926602,0.001377762643,0.0001255729788,0.020284999999999997,0.0007144480539999999,0.000728177217,-0.007871211999999999,-0.4485630749999999,0.052460355800000004,0.043667594600000005,0.03783696100000001,3.98784404e-06,0.00029809213699999996
147,1709234400,1.6489506200000001,1.64896417,-0.0071574325300000005,-1.3883762800000001,2.02772443,1.138612453,1.85975678,1.74792836,0.01526648779,0.6752976230000002,1.5201526049999999e-05,2.168993192e-05,0.000276318565,4.24173873e-06,5.103162870000001e-06,2.495253005e-05,0.00022908984499999999,2.23052833e-05,0.8159064970000001,0.00645947496,0.00152398308,67.3254914,50.883288199999996,5.481650399999999e-05,6.28285961,0.0241402688,26.323825999999997,0.0014098903985000002,0.0001285317464,0.04427072,86.5667786,0.0014098903985000002,0.0001285317464,0.00581408584,28.9266006,0.0014098903985000002,0.0001285317464,0.008712783569999999,30.659488700000004,0.0014098903985000002,0.0001285317464,0.020224572099999998,0.0007082690149999999,0.0007219131359999999,-0.00569780828,-0.45017479099999996,0.05378924189999999,0.0434254663,0.037633931499999995,4.143586040000001e-06,0.00029815640799999994
147,1709235000,1.1399783659999998,1.139992004,-0.008495743699999999,-1.4277337200000002,1.6577006099999998,0.95228544,1.5364593700000002,1.43993143,0.012161979199999999,0.47844215100000004,1.4624179650000001e-05,1.1890610765e-05,9.9840812188e-05,2.185264169e-06,2.8263324439999995e-06,7.5988863589999995e-06,9.134716632e-05,1.4769730049999998e-05,0.562487959,0.0066642509,0.0006055458503,69.0583479,51.2510314,3.7914153e-05,5.87151554,0.018150504799999998,15.13165915,0.0010821981419999998,9.85681616e-05,0.0355332615,54.3966172,0.0010821981419999998,9.85681616e-05,0.0056326080799999996,23.3423414,0.0010821981419999998,9.85681616e-05,0.0049609434,23.7449375,0.0010821981419999998,9.85681616e-05,0.009801227749999999,0.00026340031089000006,0.0002769847534000001,-0.022838145907,0.329580152,0.02354580676,0.016593682769000005,0.01333656486,1.4508046197e-05,0.0001239120906
147,1709235600,1.1699091239999997,1.1699226400000002,-0.010352327149999998,-1.47675928,1.6439751900000001,0.973827394,1.5238215099999999,1.4496067900000003,0.01912675266,0.5086309039999999,1.56450129e-05,2.633762377e-06,2.833555141e-06,4.1791212899999994e-06,5.07806944e-06,6.922316260000001e-06,1.3534337949999998e-05,2.4742387729999997e-05,0.579176604,0.0055902517700000005,0.0001256548333,65.81534289999999,51.026311199999995,3.8882993500000006e-05,6.53438503,0.0166420866,11.95919935,0.0010382504402,9.459624792e-05,0.034925913,50.136865400000005,0.0010382504402,9.459624792e-05,0.00534583287,21.64815248,0.0010382504402,9.459624792e-05,0.0026345101200000005,21.58466115,0.0010382504402,9.459624792e-05,0.00376108274,4.1246329e-06,1.76425076e-05,-0.06494115419999999,0.5862255940000001,0.00515348729,-0.000338603909,-0.001183922785,1.258784074e-06,1.0141161499999998e-05
147,1709236200,0.867433156,0.8674469950000001,-0.01094202955,-1.42515592,1.4575569800000001,0.833346916,1.34460353,1.2577134100000003,0.02285512057,0.382321662,1.608198255e-05,2.572722305e-06,2.655370286e-06,3.5668121259999996e-06,4.33088619e-06,5.585809319999999e-06,1.092848121e-05,1.759391785e-05,0.427448736,0.0061411333,7.7216606e-05,66.81977470000001,51.4873918,2.8838540099999996e-05,6.38554058,0.0142765254,8.93391765,0.000721245187,6.55231573e-05,0.030030188200000002,37.10580889999999,0.000721245187,6.55231573e-05,0.0051984539,16.19960408,0.000721245187,6.55231573e-05,0.00232250387,15.939578710000001,0.000721245187,6.55231573e-05,0.00374349347,2.92821633e-06,1.67054684e-05,-0.004074298000000001,1.0880326280000001,0.006436629249999999,-0.00094177609,-0.00161196872,8.417921440000001e-07,9.2910204e-06
147,1709236800,0.58276033,0.5827741530000001,-0.0136669245,-1.5014553300000002,1.162385464,0.690840849,1.0864831689999999,1.009980824,0.01111600111,0.24454418300000005,1.446194265e-05,7.91941612e-07,8.114235520000001e-07,1.3278104e-06,1.593036151e-06,2.021453987e-06,5.733595010000001e-06,7.647901350000002e-06,0.28446686499999996,0.00683260826,5.9691397700000016e-05,72.3238089,52.420333500000005,1.937967655e-05,6.194110090000001,0.0118894519,6.26019181,0.000323484754,2.914818835e-05,0.0245937881,25.165423999999998,0.000323484754,2.914818835e-05,0.00467349695,7.864456170000001,0.000323484754,2.914818835e-05,0.001617740935,7.496562110000001,0.000323484754,2.914818835e-05,0.00373884275,2.44392733e-06,1.63067061e-05,-0.07122343886,0.8807506175,0.00425766868,-0.00120262294,-0.0018135670399999997,8.23932689e-07,9.3163142e-06
147,1709237400,0.47151049,0.471524166,-0.015199439549999999,-1.5615766699999998,1.0185685799999997,0.6306323869999999,0.955341661,0.899577461,0.0034130048399999995,0.197391251,1.4933764299999999e-05,1.4140247109999999e-06,1.5641462374999996e-06,2.343011492e-06,2.288282004e-06,2.866511497e-06,6.096086149999999e-06,8.206023040000001e-06,0.22981329499999997,0.00586566106,5.0155026299999996e-05,70.0473022,52.519682599999996,1.56771745e-05,5.82582224,0.010882859649999998,5.113599959999999,0.0003699288304,3.3382023859999995e-05,0.022114284499999998,20.090525799999998,0.0003699288304,3.3382023859999995e-05,0.0046845846499999995,7.966039099999999,0.0003699288304,3.3382023859999995e-05,0.0016093972800000002,7.67844828,0.0003699288304,3.3382023859999995e-05,0.00375462585,3.0038619399999997e-06,1.6645541e-05,-0.037598699400000005,0.8519123280000003,0.0038178319360000004,-0.00090055325,-0.0016791358859999997,1.2071678099999998e-06,9.55969455e-06
147,1709238000,0.440012612,0.44002631000000003,-0.016203251800000002,-1.55978732,0.9969679360000001,0.6075508559999999,0.9217406460000002,0.8678514989999998,0.00308429347,0.185174325,1.4386947550000002e-05,8.175892280000001e-07,8.62104423e-07,1.350545885e-06,1.52436499e-06,1.917891305e-06,5.1995978199999994e-06,6.57299237e-06,0.214089625,0.00584265247,5.49126882e-05,72.7065249,52.6984951,1.463128345e-05,6.3954802399999995,0.01039716985,4.69618205,0.0003442196116,3.105447121e-05,0.0213716688,18.7496231,0.0003442196116,3.105447121e-05,0.0045993365100000004,7.406133939999999,0.0003442196116,3.105447121e-05,0.001489422593,7.102940104999999,0.0003442196116,3.105447121e-05,0.0037216617899999997,2.23589173e-06,1.59781221e-05,-0.040899487820000004,0.904663201,0.0036293429,-0.0012907926800000001,-0.00188103163,7.80277129e-07,9.088658399999998e-06
147,1709238600,0.47157582499999995,0.47158949000000006,-0.0162079351,-1.57252149,1.0162810299999998,0.6307076549999999,0.9462663889999998,0.8949273179999999,0.004016597639999999,0.19645759599999998,1.42690648e-05,7.57129782e-07,8.7231426e-07,1.7169593159999996e-06,1.545565854e-06,2.011475327e-06,5.54362691e-06,7.2815861000000015e-06,0.22949155100000002,0.00621299171,6.2991446e-05,72.9826955,52.674654200000006,1.5676434700000002e-05,6.2551795,0.01083922805,5.07127734,0.0006343049427999999,5.761760823e-05,0.0222476889,20.3468269,0.0006343049427999999,5.761760823e-05,0.00492151895,12.072352810000002,0.0006343049427999999,5.761760823e-05,0.00183527782,11.910017100000001,0.0006343049427999999,5.761760823e-05,0.00376928781,3.31269823e-06,1.7015117200000002e-05,-0.0394538255,0.26746277175,0.00312029433,-0.0009164961950000001,-0.00153643245,1.0164682529999999e-06,9.14455017e-06
147,1709239200,0.646472484,0.646486161,-0.01355710355,-1.5255351,1.223512395,0.7272179910000001,1.1140090040000001,1.0527321390000002,0.013781867949999999,0.284767204,1.45332826e-05,1.050616815e-06,1.05608537e-06,1.6086078259999997e-06,1.972401912e-06,2.514666877e-06,6.232700279999999e-06,8.80218174e-06,0.31728026900000006,0.005867348949999999,6.45008874e-05,71.32603789999999,51.965907900000005,2.15019401e-05,6.22255466,0.01245619,6.78053471,0.0004515089557,4.0846380069999996e-05,0.0258418122,27.785077100000002,0.0004515089557,4.0846380069999996e-05,0.0048770105,11.05868046,0.0004515089557,4.0846380069999996e-05,0.00189028233,10.724184769999997,0.0004515089557,4.0846380069999996e-05,0.00371398754,2.57643324e-06,1.62044717e-05,-0.026489807147,2.313324961,0.00709635837,-0.0011032181560000002,-0.0017328235600000002,8.555451e-07,9.56225573e-06
147,1709239800,0.489477137,0.48949077600000007,-0.01470531935,-1.56015385,1.0399817319999998,0.6415281540000001,0.968954576,0.9147279280000001,0.005792062379999999,0.208708726,1.4520907049999997e-05,1.0375396269999999e-06,1.1691585736e-06,1.969150634e-06,1.8403410530000001e-06,2.4376384560000003e-06,5.998727300000001e-06,7.81566141e-06,0.23852871000000003,0.00612499499,6.16109926e-05,71.5582456,52.52710199999999,1.6270373300000004e-05,6.292769000000001,0.011094862399999999,5.348181960000001,0.00014836608593,1.3157507587000002e-05,0.0227337449,21.2326406,0.00014836608593,1.3157507587000002e-05,0.004431677699999999,4.992655882999999,0.00014836608593,1.3157507587000002e-05,0.0013436499550000002,4.5686242305,0.00014836608593,1.3157507587000002e-05,0.0037642264500000007,3.2793233799999998e-06,1.6955408600000002e-05,-0.048652077239999994,0.588898229,0.00403760211,-0.0008892258739999999,-0.00153144098,1.040154449e-06,9.217267699999998e-06
147,1709240400,0.47454135199999997,0.474554997,-0.014497987,-1.50839251,1.0525446600000001,0.627551243,0.976154816,0.918853047,0.0031281947899999994,0.200581151,1.4039356300000003e-05,5.426484700000001e-07,6.02819116e-07,1.3783873289999999e-06,1.3761970359999999e-06,1.971548406e-06,5.519655310000001e-06,8.19922439e-06,0.23111040800000002,0.0060638568,7.63156915e-05,72.2511825,52.5845882,1.57664839e-05,6.316560770000001,0.0107937061,5.08624013,0.00025907776180000006,2.3257082494e-05,0.0223035707,20.4183136,0.00025907776180000006,2.3257082494e-05,0.00460439833,6.81127714,0.00025907776180000006,2.3257082494e-05,0.0015251751100000001,6.434827610000001,0.00025907776180000006,2.3257082494e-05,0.00373952031,2.7787426500000005e-06,1.6399071700000002e-05,0.1574214755,0.851650631,0.00411752398,-0.0008813045540000001,-0.0016598864799999998,1.04813728e-06,9.49731215e-06
147,1709241000,0.464656889,0.46467049000000005,-0.015411709,-1.5130742300000002,1.035031607,0.620927577,0.9657294829999999,0.9063651650000001,0.00330300827,0.192660106,1.42493907e-05,8.013556740000001e-07,8.40654855e-07,1.5154335890000001e-06,1.438806372e-06,1.8171541000000003e-06,4.7917593e-06,6.26847669e-06,0.22610103,0.006152448390000001,5.67388251e-05,72.7443471,52.6709546,1.545291905e-05,6.147430849999999,0.0107413078,5.037568820000001,0.0005230750234,4.741498045e-05,0.0221140199,20.103441800000002,0.0005230750234,4.741498045e-05,0.00484628723,10.755425690000001,0.0005230750234,4.741498045e-05,0.00175358522,10.52656389,0.0005230750234,4.741498045e-05,0.00373950158,2.67057627e-06,1.63089049e-05,0.1526473252,1.0304984853,0.00393933595,-0.000999355758,-0.00171534715,1.004831719e-06,9.4691403e-06
147,1709241600,0.4346396199999999,0.43465318999999997,-0.0156356247,-1.5609717900000002,0.9854925839999998,0.6051270879999999,0.9195655649999999,0.863163868,0.0039668871,0.18138845399999998,1.53227658e-05,1.9853067739999997e-06,3.032294464e-06,3.141788494e-06,3.193149788e-06,4.298144225000001e-06,8.003252179999999e-06,1.1860752880000002e-05,0.21074235900000002,0.00647258921,6.74558801e-05,69.4351672,53.011277500000006,1.443545095e-05,6.538661790000001,0.010396168550000001,4.70997245,0.0003559090615,3.210719075e-05,0.021276589100000003,18.6238897,0.0003559090615,3.210719075e-05,0.0046539107000000005,7.995810850000001,0.0003559090615,3.210719075e-05,0.00164756077,7.68775167,0.0003559090615,3.210719075e-05,0.0038253451199999995,5.3609587e-06,1.88902572e-05,0.039195908894,0.4344082734,0.00559356852,9.868530000000002e-05,-0.0008121225628,1.28780084e-06,1.092430246e-05
147,1709242200,0.45850745899999995,0.45852105,-0.01461723945,-1.5719857300000002,1.0204811299999998,0.6233158069999999,0.9373411300000001,0.882851947,0.0036607390099999996,0.19337509999999997,1.3933226600000001e-05,6.198583640000001e-07,2.3937661199999998e-06,1.1744127099999999e-06,1.285643627e-06,1.9822267840000004e-06,5.79547758e-06,7.72486397e-06,0.222836529,0.00631681684,7.898802820000002e-05,72.1086404,52.78335979999999,1.5236448049999999e-05,6.463405329999999,0.01070178305,4.96641848,0.00030355441295,2.7387766698999997e-05,0.0219922411,19.898080800000002,0.00030355441295,2.7387766698999997e-05,0.0045641408500000005,7.55558697,0.00030355441295,2.7387766698999997e-05,0.0016482103,7.237989829999999,0.00030355441295,2.7387766698999997e-05,0.00388178249,7.09898296e-06,2.07067071e-05,0.0009297137300000007,-0.06424187520000002,0.00716370553,0.0006713448880000001,-0.00021135166099999994,8.929852410000001e-07,1.097086815e-05
147,1709242800,0.48775470299999996,0.4877682950000001,-0.015517657099999999,-1.5376586700000001,1.0531446199999999,0.6369156840000001,0.976342289,0.9199405930000001,0.0036198943799999996,0.20416177000000002,1.4732698049999999e-05,1.5542356799999997e-06,3.0715731700000002e-06,2.29259121e-06,2.2573651299999997e-06,3.1888108599999994e-06,6.674071530000001e-06,9.15446541e-06,0.237796715,0.00598095798,7.02441198e-05,69.30883709999999,52.485223999999995,1.62097816e-05,6.41469309,0.0109990557,5.27174153,0.0005128275599999999,4.647368849e-05,0.0226397165,21.076769,0.0005128275599999999,4.647368849e-05,0.00486533888,10.62270527,0.0005128275599999999,4.647368849e-05,0.00197021536,10.409320719999998,0.0005128275599999999,4.647368849e-05,0.003907753819999999,7.4119578500000006e-06,2.1000519400000002e-05,0.01652276049,-0.1527818656,0.006281455029999999,0.000758068063,-0.00018948373965,1.163589929e-06,1.124814565e-05
147,1709243400,0.472890989,0.472904533,-0.01584529945,-1.5845428,1.0178560729999997,0.6323499250000001,0.943266296,0.89087719,0.00430142042,0.19912215800000002,1.4521841650000001e-05,1.230814494e-06,2.8505601899999997e-06,1.733211237e-06,2.020395308e-06,2.824966038e-06,6.04982794e-06,8.12014424e-06,0.230446984,0.00590498569,6.76485715e-05,70.77317120000001,52.5487307,1.57194399e-05,6.0892381,0.010824996199999999,5.05015399,0.0003210694091,2.8912712310000006e-05,0.022251475,20.389974499999997,0.0003210694091,2.8912712310000006e-05,0.00466548398,8.28026016,0.0003210694091,2.8912712310000006e-05,0.0017619180099999999,7.9052983900000005,0.0003210694091,2.8912712310000006e-05,0.0038326206200000002,6.44267663e-06,1.99185314e-05,0.02283825311,0.26272036,0.00808376128,0.00046260296499999994,-0.00042148401499999996,8.340252760000001e-07,1.076391425e-05
147,1709244000,0.385657712,0.385671224,-0.017056727299999998,-1.57725964,0.9347160210000001,0.57161318,0.858551215,0.805674601,0.0042556163700000005,0.163945265,1.3746165900000001e-05,4.17100941e-07,1.98898087e-06,7.809663310000001e-07,8.0627459e-07,1.372486134e-06,3.7766813400000003e-06,4.39543491e-06,0.18632558400000002,0.00642377767,6.5642269e-05,75.81843850000001,53.3505543,1.2827530499999999e-05,6.04665589,0.00987045615,4.23042075,0.00020616959830000006,1.846543345e-05,0.020091993,16.637279,0.00020616959830000006,1.846543345e-05,0.0044050384,5.02413969,0.00020616959830000006,1.846543345e-05,0.00144774007,4.658379009999999,0.00020616959830000006,1.846543345e-05,0.00382057974,6.07337444e-06,1.95664344e-05,0.05852414669999999,-0.21198465000000005,0.0051177340399999995,0.000387804929,-0.000461300675,7.338395140000002e-07,9.860137699999998e-06
147,1709244600,0.370135836,0.37014946699999995,-0.0192230805,-1.64503742,0.9052776180000001,0.565408747,0.8121997839999999,0.764835844,0.00473622264,0.162104334,1.422371775e-05,8.067813829999999e-07,2.40689334e-06,1.517303502e-06,1.257295526e-06,1.8223945690000002e-06,4.498501420000001e-06,5.19553987e-06,0.179277917,0.00571187982,5.9868907800000004e-05,75.25108239999999,53.141630799999994,1.230898195e-05,6.2811195,0.00984251115,4.13385431,0.0004378673968,3.96357701e-05,0.0196735761,15.995771800000004,0.0004378673968,3.96357701e-05,0.00466057084,8.94571797,0.0004378673968,3.96357701e-05,0.001682055865,8.703379476000002,0.0004378673968,3.96357701e-05,0.0038783024099999994,6.894134290000001e-06,2.0503584800000004e-05,-0.01545565506,-0.1966598116,0.00620967601,0.000553828118,-0.00034406679499999994,9.68228468e-07,1.04294034e-05
147,1709245200,0.454756521,0.454770278,-0.0186032127,-1.59145179,1.002068091,0.6188819979999999,0.91566545,0.8675514940000001,0.00503332147,0.19339142,1.4243260250000001e-05,6.92436129e-07,2.32353066e-06,1.1514929929999998e-06,1.382611097e-06,2.09357058e-06,5.2161011700000006e-06,6.9942751700000005e-06,0.22187241800000002,0.0054088735199999995,7.65493605e-05,70.91828980000001,52.4171706,1.51168694e-05,6.41848201,0.010748179200000001,4.9684123,0.0004594898772,4.159697046e-05,0.0219293063,19.844316900000003,0.0004594898772,4.159697046e-05,0.00473819253,9.340494034999999,0.0004594898772,4.159697046e-05,0.0017709188699999996,9.087072959,0.0004594898772,4.159697046e-05,0.0038568762299999995,6.1235516100000006e-06,1.99342463e-05,0.025579427,-0.1352142766,0.00618746591,0.000339861418,-0.000517446018,7.791024959999999e-07,1.048159385e-05
147,1709245800,0.47513838899999994,0.475152103,-0.0105531588,-1.52854639,1.03709417,0.62932484,0.967117026,0.911202821,0.00536446121,0.20050742000000002,1.4314745600000001e-05,7.994780399999999e-07,1.6421993179999998e-06,1.7244239179999997e-06,1.4997134900000002e-06,2.043055139e-06,4.72609891e-06,6.825872729999999e-06,0.23216016599999997,0.00533341636,5.55930657e-05,72.29327659999998,52.260177799999994,1.57983895e-05,6.3426768,0.010908696800000001,5.18812948,0.0003144764828,2.830862962e-05,0.022509405899999994,20.8690397,0.0003144764828,2.830862962e-05,0.00461372881,7.487352970000001,0.0003144764828,2.830862962e-05,0.0015921820659999999,7.147621694,0.0003144764828,2.830862962e-05,0.00384311552,5.43926263e-06,1.9167529199999998e-05,0.01716235775,0.14080217,0.0056688059499999995,1.8989254000000022e-05,-0.000784613183,1.04540904e-06,1.0442227749999999e-05
147,1709246400,0.48238808199999994,0.48240180000000005,-0.013254993949999998,-1.59162338,1.03289402,0.639525188,0.940828724,0.8971773850000002,0.00832878139,0.20848717099999997,1.4770881599999999e-05,1.218893619e-06,1.2864503654e-06,1.951416582e-06,2.132192442e-06,2.821086375e-06,6.556863209999999e-06,8.77353667e-06,0.23636079100000001,0.00475406217,5.3135865e-05,70.32951929999999,51.9900084,1.60370337e-05,6.2384362200000005,0.0110691518,5.2473032700000015,0.0007289171286,6.627802e-05,0.0225647857,20.947346200000002,0.0007289171286,6.627802e-05,0.004970443779999999,13.561479049999999,0.0007289171286,6.627802e-05,0.00188538205,13.450804210000001,0.0007289171286,6.627802e-05,0.003733898259999999,2.74183739e-06,1.64109779e-05,0.03146413130000001,2.04813871,0.006628933619999999,-0.000990256112,-0.0016919997160000002,9.760896949999998e-07,1.0010253400000001e-05
147,1709247000,0.360009466,0.360022957,-0.014034902300000002,-1.56263814,0.9348660389999999,0.547677382,0.8216500910000001,0.7732736090000001,0.008688758510000002,0.16651527900000002,1.3768272199999998e-05,3.7126504400000004e-07,3.8405817699999996e-07,9.19624342e-07,8.133648359999999e-07,1.152148496e-06,3.82346651e-06,4.06798847e-06,0.175737871,0.00420918871,4.5666540899999994e-05,73.9092648,52.418296399999996,1.19742666e-05,6.17089973,0.0094809564,3.9096807300000003,0.0003651743482,3.2998956125e-05,0.0193897134,15.5746642,0.0003651743482,3.2998956125e-05,0.00458913601,7.62082559,0.0003651743482,3.2998956125e-05,0.00144681113,7.327001484,0.0003651743482,3.2998956125e-05,0.00371374264,2.7145425300000003e-06,1.62409762e-05,0.07402166773999999,1.8778587340000001,0.00688586786,-0.0009994708286,-0.0016780548360000001,9.04277846e-07,9.74801167e-06
147,1709247600,0.8681369080000001,0.8681503260000001,0.0026646579,-1.2006272050000002,1.6246621,0.794683889,1.4237309450000002,1.293339493,0.0437482754,0.40939986399999995,1.608533255e-05,1.8741195985999997e-05,0.000169144837845,4.741974966e-06,5.26161475e-06,2.3547068380000003e-05,0.00012725712829,1.99839969e-05,0.42557467400000004,0.00719190059,0.0009300817264,67.17186399999999,51.8165662,2.88441165e-05,6.35822028,0.0169978653,14.524314900000002,0.0007094301555000001,6.444422603e-05,0.031913191699999996,46.6636777,0.0007094301555000001,6.444422603e-05,0.004989210900000001,14.545856249999996,0.0007094301555000001,6.444422603e-05,0.00582503074,15.420163530000002,0.0007094301555000001,6.444422603e-05,0.01418539646,0.00043264298698,0.00044605825009999995,0.047465527607,5.44051608,0.04778943174,0.02862609748,0.0236275473,1.646402987e-05,0.00021094083009999998
147,1709248200,0.733657389,0.733670963,0.00567322558,-1.19229482,1.49168306,0.733811923,1.3075899100000001,1.20832439,0.012657766999999997,0.31289383699999995,1.474706445e-05,1.74131134e-05,0.00026249842,2.154621249e-06,2.43825825e-06,6.79151286e-05,0.000148893132,1.135568949e-05,0.35706099399999996,0.00788465966,0.0013689138,71.28711150000001,52.3153283,2.4394673999999994e-05,6.2625139999999995,0.018083093600000003,16.04786215,0.0005811866121000001,5.2682885350000006e-05,0.0314530266,45.61734800000001,0.0005811866121000001,5.2682885350000006e-05,0.005082202,13.286109999999999,0.0005811866121000001,5.2682885350000006e-05,0.00795301512,14.760033150000002,0.0005811866121000001,5.2682885350000006e-05,0.019703097699999998,0.0006609885560000001,0.0006744995749999999,0.001558956022,-0.5031301420000001,0.0491693748,0.041637676,0.0363865567,3.56388941e-06,0.000275580343
147,1709248800,0.30935807700000006,0.309371716,0.0016820945700000002,-1.1025373779999998,1.0122309059999999,0.45410255299999996,0.828250282,0.74803533,0.00590069734,0.1389323034,1.4857624250000001e-05,1.04349515446e-05,7.6065693526e-05,2.5333671629999997e-06,2.274991081e-06,6.2205731560000015e-06,6.846511331e-05,9.51843419e-06,0.1444422393,0.0096284193,0.0004315989090999999,74.71688099999999,58.76953679999999,1.027172249e-05,6.613011320000001,0.010049341,5.8588541,0.00042668478530000003,3.857918283e-05,0.017830486299999997,16.76625577,0.00042668478530000003,3.857918283e-05,0.0046412000699999996,8.11128158,0.00042668478530000003,3.857918283e-05,0.0031895087200000003,8.28357582,0.00042668478530000003,3.857918283e-05,0.00857539954,0.00020111454484,0.0002147699291,0.13071374093000002,23.100154035,0.025818211530000003,0.012071721050000001,0.009914773029999997,2.676057534e-06,9.949219194999999e-05
147,1709249400,0.183119379,0.183133039,-0.00511303694,-1.2468315029999997,0.745972772,0.37376809899999996,0.645319701,0.574180016,0.00975149855,0.0885074104,1.3869911150000002e-05,2.5248876460000005e-07,3.0640075249999997e-07,9.19427913e-07,5.20177111e-07,7.40854454e-07,5.1456867300000005e-06,2.5689158e-06,0.08175105860000001,0.009766762750000001,3.1113624299999993e-05,82.7436027,60.985295900000004,6.0858395700000004e-06,6.34696763,0.00675592946,2.0716107900000003,4.25341189e-05,3.63965535e-06,0.013103833699999998,7.194537020000001,4.25341189e-05,3.63965535e-06,0.00399453487,1.460228213,4.25341189e-05,3.63965535e-06,0.000692098075,1.0378745889999998,4.25341189e-05,3.63965535e-06,0.00375469384,2.7416550100000004e-06,1.64414458e-05,0.26603488848,24.744877140000003,0.01205533503,-0.001032975016,-0.00181908046,1.60233135e-06,1.6041763249999997e-05
147,1709250000,0.303803102,0.30381671200000004,-0.013972689299999999,-1.10863865,0.9590917640000001,0.47355560499999994,0.856151133,0.775973693,0.007314444170000001,0.1394816085,1.40399536e-05,5.258067586e-07,6.325938254e-07,1.7207005429999998e-06,1.0163424150000001e-06,1.397551391e-06,6.5053744199999995e-06,4.6619539599999994e-06,0.140664854,0.011168198399999999,5.15258874e-05,81.16915350000001,58.050553,1.009582277e-05,6.30880737,0.00837961306,3.3815155199999998,0.0005438727717999999,4.9430487713000004e-05,0.0171950119,12.431588540000002,0.0005438727717999999,4.9430487713000004e-05,0.004714740869999999,10.089533532999999,0.0005438727717999999,4.9430487713000004e-05,0.001538948266,9.904616758,0.0005438727717999999,4.9430487713000004e-05,0.0038028038799999995,3.79349475e-06,1.7405237500000003e-05,0.2096424356,1.172470326,0.00537320882,-0.0006155697069999999,-0.0014194796729999999,1.239119087e-06,1.0346242e-05
147,1709250600,0.347762312,0.34777587,-0.0162610064,-1.40322138,0.9946803690000001,0.532733173,0.8677764910000001,0.79821187,0.01159580492,0.16594001500000002,1.3793831599999998e-05,3.1792440800000003e-07,3.593146450000001e-07,8.591784380000001e-07,7.60548675e-07,1.024987869e-06,5.280880719999999e-06,3.934373270000001e-06,0.16284638199999998,0.01097137255,5.0541013800000005e-05,77.8751786,56.4267674,1.156181825e-05,6.04087062,0.009051788000000002,3.7651615900000004,0.00020092805350000001,1.7937782030000003e-05,0.018634571100000004,14.334371750000003,0.00020092805350000001,1.7937782030000003e-05,0.004418128570000001,5.08457923,0.00020092805350000001,1.7937782030000003e-05,0.001268407025,4.745412310000001,0.00020092805350000001,1.7937782030000003e-05,0.0037225490399999998,2.52069979e-06,1.6086667400000003e-05,0.0885381237,1.099870792,0.005019055239999999,-0.001072453988,-0.0017513053400000003,8.382069769999999e-07,8.76198435e-06
147,1709251200,0.6611067540000001,0.6611203700000001,-0.0139766819,-1.29495687,1.311452517,0.6834936089999999,1.1305095150000002,1.038031694,0.02468999867,0.3091079724,1.5933368499999996e-05,2.5848414840000004e-06,2.793308616e-06,3.9541215240000005e-06,4.189688153e-06,5.355165136e-06,1.066912989e-05,1.5491662880000004e-05,0.3198814244,0.010560506249999999,6.39493582e-05,74.6314361,54.8000575,2.1965616049999998e-05,6.18745932,0.011754014900000002,7.0809688500000005,0.000501234621,4.538894157e-05,0.0244727412,28.259963199999998,0.000501234621,4.538894157e-05,0.004812505189999999,9.96991055,0.000501234621,4.538894157e-05,0.0017916239200000002,9.7604826,0.000501234621,4.538894157e-05,0.00378230751,4.11004003e-06,1.77753259e-05,-0.12644461573000002,41.292822361999995,0.01229823363,-0.000740111578,-0.0014060315070000002,2.741954496e-06,2.85436804e-05
147,1709251800,2.04228117,2.04229471,-0.0089531451,-1.5055679100000001,2.1635535299999997,1.2788162299999999,1.9897356899999998,1.8659819300000002,0.05466787759999999,0.915290687,1.63323137e-05,3.59344425e-06,3.6806891495e-06,4.831504800000001e-06,6.74452388e-06,8.818739357e-06,1.5643834320000002e-05,3.194810255e-05,1.008660078,0.0122547958,0.000147392973,67.9062578,51.3453348,6.79040941e-05,6.135841709999999,0.022087728600000002,21.42382755,0.001952571491,0.0001782857869,0.0458847473,88.6144644,0.001952571491,0.0001782857869,0.00598599912,37.50728408,0.001952571491,0.0001782857869,0.00342592428,37.83456565000001,0.001952571491,0.0001782857869,0.0037535049000000003,4.4064832e-06,1.78638394e-05,0.00527403258,0.8377155515,0.00702663739,-0.00019541116439999998,-0.0010749125699999998,8.2040301e-07,1.0568471000000001e-05
147,1709252400,3.0195169,3.01953054,-0.01064472274,-1.44430283,2.61844243,1.5539825699999998,2.47890065,2.35769692,0.0401695146,1.27133728,1.6800296e-05,3.913649718e-06,4.02230045e-06,4.607174946e-06,6.77887245e-06,8.46249662e-06,2.0803915699999998e-05,2.9551625200000002e-05,1.49861209,0.01091348995,0.00015177866300000002,64.4555106,50.7632979,0.00010048463440000002,5.40699517,0.0269840264,31.4668979,0.0026560850559999996,0.0002426608381,0.056442762599999995,130.877439,0.0026560850559999996,0.0002426608381,0.006670147610000001,54.273754499999995,0.0026560850559999996,0.0002426608381,0.0042466441099999995,54.71938130000001,0.0026560850559999996,0.0002426608381,0.00409463162,1.0380790529999999e-05,2.40408279e-05,0.0024072371099999996,-0.10875046300000002,0.00828907772,0.0015270512870000003,0.00040286948100000006,7.9051365e-07,1.183307955e-05
147,1709253000,2.89243392,2.89244747,-0.015056519699999998,-1.52247419,2.5072890200000004,1.53880187,2.3422839800000004,2.23900586,0.047801038799999994,1.2452664199999997,2.0049999299999998e-05,7.70045207e-06,8.65182958e-06,9.50773923e-06,1.2180241909999999e-05,1.544842886e-05,3.470258555e-05,4.62854613e-05,1.43555642,0.010304048100000001,0.000215611422,64.215646,50.740659699999995,9.62051923e-05,6.0123311600000005,0.0266977597,30.5083343,0.0017428784280000002,0.0001589661926,0.05551492119999999,126.7713846,0.0017428784280000002,0.0001589661926,0.006398275319999999,42.5568038,0.0017428784280000002,0.0001589661926,0.003952924080000001,42.3427695,0.0017428784280000002,0.0001589661926,0.00435064232,1.438042935e-05,2.8109526300000002e-05,0.019109523265,-0.058496384600000007,0.012508405050000001,0.0024259612500000002,0.001161437065,1.159447689e-06,1.57632727e-05
147,1709253600,3.6925178700000005,3.69253121,-0.013331660350000002,-1.5377056700000002,2.7663469399999996,1.7459686399999998,2.63055538,2.5306522599999997,0.0412087969,1.5395671100000001,1.9343841e-05,7.121531070000001e-06,9.314950360000002e-06,9.273245390000001e-06,1.356722608e-05,1.705024683e-05,3.87135809e-05,5.977313e-05,1.83563699,0.010162650110000001,0.000298549097,64.6571945,50.59289530000001,0.00012278611699999997,6.15645147,0.0301998119,38.690979500000005,0.0021427220898,0.00019558003814000002,0.0625663927,160.665985,0.0021427220898,0.00019558003814000002,0.00671336917,53.46167317,0.0021427220898,0.00019558003814000002,0.004333996500000001,53.3697363,0.0021427220898,0.00019558003814000002,0.004478347820000001,1.74688845e-05,3.093377080000001e-05,-0.08307299812000002,-0.1522346564,0.0112564304,0.0029153475400000004,0.0015675001500000002,1.168591819e-06,1.5535967350000002e-05
147,1709254200,3.00378037,3.0037941600000004,-0.015842987600000004,-1.5173783,2.5716410400000003,1.56773317,2.39358554,2.2924824399999997,0.0437570626,1.31319892,1.9205760199999995e-05,6.825256240000001e-06,8.532650179999999e-06,8.766562509999999e-06,1.1960103160000001e-05,1.675903693e-05,3.4170199400000004e-05,5.07845318e-05,1.49159084,0.0098834974,0.00027257380900000004,64.74437259999999,50.684479100000004,9.988078990000001e-05,6.1898628800000015,0.0272182871,31.7088256,0.0026112862716,0.00023861878241999995,0.056602195,131.750868,0.0026112862716,0.00023861878241999995,0.00638511632,51.53872959,0.0026112862716,0.00023861878241999995,0.00400505658,52.067527667,0.0026112862716,0.00023861878241999995,0.00458305792,1.7766545099999998e-05,3.13221908e-05,0.0411656331,-0.098119997,0.013240308449999998,0.00327518609,0.0017977562399999997,1.4139536899999999e-06,1.7573634200000004e-05
147,1709254800,2.4259894199999996,2.42600295,-0.016843420249999998,-1.4115591,2.39639813,1.38656673,2.23184313,2.11648959,0.0372767718,1.0498136,1.68131269e-05,4.083480483e-06,6.23416269e-06,5.88132878e-06,8.539078670000001e-06,1.1864594409999998e-05,2.9872932899999995e-05,4.166787615e-05,1.2016579699999999,0.0109644653,0.00026076408,66.942457,50.961580500000004,8.063005829999999e-05,6.371251289999999,0.0242346257,25.689824999999995,0.0017730606363999999,0.0001617891861,0.050611218400000005,105.52413899999999,0.0017730606363999999,0.0001617891861,0.0063065410399999995,40.7625537,0.0017730606363999999,0.0001617891861,0.0038886707400000004,40.760305900000006,0.0017730606363999999,0.0001617891861,0.0044372564,1.5153912849999999e-05,2.8739353599999996e-05,0.0695432747,-0.1411234791,0.011348858400000002,0.0029006141099999993,0.00144801515,9.98506321e-07,1.484150795e-05
147,1709255400,2.06085449,2.06086785,-0.01942169,-1.40542693,2.2006422,1.2801560100000002,2.0718632799999996,1.9650224700000003,0.0221516612,0.8698650179999999,1.64053902e-05,3.6499258060000002e-06,5.749730359999999e-06,5.3348213890000006e-06,6.50758844e-06,8.40263933e-06,2.411075615e-05,2.6198550919999997e-05,1.01682935,0.013332027799999998,0.00018266364799999997,68.11044050000001,51.32281379999999,6.854287280000001e-05,5.85022101,0.0222919921,21.8542271,0.0015799161474999996,0.00014416202351,0.046774739499999995,89.8740865,0.0015799161474999996,0.00014416202351,0.005883942769999999,33.0147606,0.0015799161474999996,0.00014416202351,0.0034534573999999998,33.081841299999994,0.0015799161474999996,0.00014416202351,0.00445939762,1.58245742e-05,2.92592646e-05,0.05494459,-0.159778806,0.01063548325,0.00301760274,0.0015426249400000002,1.309105805e-06,1.5331077349999997e-05
147,1709256000,1.91324896,1.91326262,-0.021896236299999997,-1.4706161599999998,2.14397796,1.2478249499999998,1.9623974,1.8534190600000002,0.026216468399999998,0.824326443,1.8662101199999998e-05,5.76185492e-06,7.63564153e-06,7.4644706900000005e-06,9.232461349999999e-06,1.2654613139999999e-05,2.95136751e-05,3.6086024840000004e-05,0.9405661030000001,0.0157232559,0.000221672189,67.02105329999999,51.686394500000006,6.360952159999999e-05,6.027414299999999,0.021579269899999996,20.4024358,0.001252159542,0.00011409549140000001,0.04486988389999999,82.67115040000002,0.001252159542,0.00011409549140000001,0.00578242631,29.722996000000006,0.001252159542,0.00011409549140000001,0.00330951346,29.536819700000002,0.001252159542,0.00011409549140000001,0.004399292269999999,1.4878490650000001e-05,2.8480780600000002e-05,0.04178473840000001,0.5759523569999999,0.013504738499999999,0.0027479702199999997,0.0013522732,1.258059636e-06,1.7752130300000003e-05
147,1709256600,2.0947801299999997,2.09479342,-0.015958265800000003,-1.5843894,2.1743164200000002,1.32338089,1.94754696,1.8432187300000002,0.0513585236,0.954592476,1.59110561e-05,3.5036976100000004e-06,5.24411417e-06,4.5286992700000005e-06,6.11722931e-06,8.56420477e-06,2.493926965e-05,2.932612815e-05,1.034462461,0.01262689165,0.000215823298,66.82956290000001,51.2352262,6.966101920000001e-05,5.788601849999999,0.0230609708,22.5563779,0.0010413146880000003,9.478077835e-05,0.0470582673,91.1333522,0.0010413146880000003,9.478077835e-05,0.00564707887,27.007432299999998,0.0010413146880000003,9.478077835e-05,0.00321657003,26.6789635,0.0010413146880000003,9.478077835e-05,0.00442343325,1.5763813999999998e-05,2.9074386000000002e-05,0.0224021337,2.6639303629999995,0.0210367409,0.0028846105000000003,0.0014996450700000001,2.469173137e-06,3.123914195e-05
147,1709257200,1.8424656900000003,1.8424792500000002,-0.0134566625,-1.6569869700000002,2.0096488399999997,1.25767749,1.74192816,1.66876341,0.06269798940000001,0.859666371,1.49495793e-05,2.1812369229999998e-06,3.5469219400000003e-06,3.6513021099999995e-06,4.7711475699999995e-06,1.032098785e-05,1.727364002e-05,2.319364582e-05,0.9089137559999999,0.012027224400000001,0.00022533284299999998,70.1478302,51.317842,6.12771722e-05,6.024518909999999,0.0221281351,20.4230129,0.001385628633,0.00012640707047,0.044298074,80.87854049999999,0.001385628633,0.00012640707047,0.005554883070000001,29.993661529999997,0.001385628633,0.00012640707047,0.0030304201199999998,29.961604299999998,0.001385628633,0.00012640707047,0.004474375839999999,1.64484275e-05,2.9978985500000002e-05,0.0719833886,2.246639347,0.0227285903,0.00287898662,0.0014695841899999998,3.30939489e-06,3.8733472149999995e-05
147,1709257800,2.172726,2.1727394,-0.01449760095,-1.54103069,2.20386727,1.33903228,2.0108863999999995,1.9196835999999997,0.0609695911,0.990123492,1.73247281e-05,4.777111294e-06,6.43993626e-06,6.7948713400000014e-06,9.01356696e-06,1.282762157e-05,2.791512835e-05,4.00279628e-05,1.076717287,0.0093073328,0.000226597116,66.10669099999998,50.903036,7.221193019999998e-05,6.21563134,0.023266162799999997,23.126131899999997,0.0015822031108000002,0.00014436382119999998,0.04795174710000001,94.6345065,0.0015822031108000002,0.00014436382119999998,0.00583365063,34.66040629999999,0.0015822031108000002,0.00014436382119999998,0.00341056043,34.73556654,0.0015822031108000002,0.00014436382119999998,0.00436638225,1.501822795e-05,2.8315792100000004e-05,0.018945556626,0.7945516243000001,0.01606290675,0.0026918877900000003,0.00133414948,1.2991522799999999e-06,1.6594027099999996e-05
147,1709258400,2.32607296,2.3260867899999997,-0.0180261688,-1.48897774,2.35679694,1.37511779,2.12481485,2.02487431,0.0620920299,1.0819192640000002,2.0338080250000002e-05,7.734916553e-06,8.391329469e-06,1.020686108e-05,1.3089935160000001e-05,1.970798801e-05,3.6235581300000005e-05,5.385262810000001e-05,1.15300672,0.0096148289,0.000259216968,64.3743463,50.862620799999995,7.73083074e-05,6.37571328,0.023914416,24.728217,0.0015781084286000003,0.00014396790230000001,0.0496299355,101.3880189,0.0015781084286000003,0.00014396790230000001,0.006072778820000001,36.9081585,0.0015781084286000003,0.00014396790230000001,0.0035669276299999998,36.8063876,0.0015781084286000003,0.00014396790230000001,0.00427125412,1.33833998e-05,2.69882116e-05,-0.015440892080000001,-0.261216465,0.01037915427,0.0022653416600000005,0.001011244302,1.077504712e-06,1.4473656450000002e-05
147,1709259000,2.8022511900000002,2.8022645600000002,-0.0174220866,-1.5217544,2.5036514199999997,1.5146324400000002,2.30752046,2.2043923000000003,0.04452909100000001,1.2347477599999999,1.68441786e-05,4.40348496e-06,4.545654022e-06,6.364381939999999e-06,8.62999595e-06,1.2804458390000001e-05,3.0134258500000007e-05,4.087733696e-05,1.38968159,0.011059755499999999,0.00027287574399999996,66.2846203,50.8218546,9.317680200000001e-05,5.93651791,0.026413622000000005,29.936197100000005,0.0021205973281,0.00019366434775,0.054565966099999995,122.4246426,0.0021205973281,0.00019366434775,0.0063133797899999995,45.1594827,0.0021205973281,0.00019366434775,0.0038529315,45.43147426,0.0021205973281,0.00019366434775,0.00433041848,1.4737251299999998e-05,2.8209707999999997e-05,0.030522179850000004,7.044285242399999,0.019216784849999998,0.0024853455699999994,0.00120050343,3.377539062e-06,3.94721956e-05
147,1709259600,2.88142317,2.8814366099999993,-0.017798810999999998,-1.46531893,2.5680784,1.52504449,2.3932855799999997,2.27740696,0.0415829102,1.24775737,1.73277212e-05,4.898725170000001e-06,5.19398609e-06,7.24132755e-06,9.96662215e-06,1.6497216629999998e-05,3.36605529e-05,5.00069091e-05,1.42932016,0.01093025885,0.000329761855,65.78042330000001,50.794378900000005,9.5766735e-05,6.32140358,0.026622911800000003,30.679809700000003,0.0022038132957999997,0.00020125548351,0.055340195,125.84289540000002,0.0022038132957999997,0.00020125548351,0.00647503232,47.556616000000005,0.0022038132957999997,0.00020125548351,0.0040188373099999996,47.78171155,0.0022038132957999997,0.00020125548351,0.00434830134,1.45739112e-05,2.8086251599999998e-05,-0.0002116759860000004,-0.299705791,0.009418380799999999,0.00255668923,0.0012459726199999998,1.1431913509999998e-06,1.4630330050000002e-05
147,1709260200,2.52584123,2.52585487,-0.0157166152,-1.45453916,2.3792601200000005,1.42353591,2.25914398,2.14742803,0.0204219213,1.046210961,2.087806845e-05,8.30551545e-06,9.50210654e-06,1.080526679e-05,1.37150752e-05,1.9991652910000003e-05,3.74281238e-05,5.526902079999999e-05,1.2534459999999998,0.009076127869999999,0.0002355005135,64.10951,50.741309799999996,8.395565360000001e-05,6.26987942,0.0249257116,26.943237,0.0024283816767,0.00022190105976,0.051867036,110.40049400000001,0.0024283816767,0.00022190105976,0.0064281185599999995,48.1303959,0.0024283816767,0.00022190105976,0.003976817,48.5833573,0.0024283816767,0.00022190105976,0.00427458595,1.3534272800000001e-05,2.703974e-05,0.0028776449499999996,-0.270101144,0.00976202498,0.0022796828900000002,0.001065380949,8.33967131e-07,1.2886014749999999e-05
147,1709260800,3.0624756,3.0624892799999994,-0.0165223081,-1.48426204,2.58919153,1.57336527,2.4446246099999995,2.3358713100000004,0.042959855500000005,1.30239335,1.781274465e-05,5.276275570000001e-06,6.43286752e-06,7.815962360000001e-06,1.056890038e-05,1.6942413419999997e-05,3.43016857e-05,5.506493546e-05,1.52429694,0.0064701492,0.000329703648,63.855598199999996,50.445655800000004,0.0001018131382,6.2402727,0.0277654628,33.071529899999994,0.002409673363,0.0002200825527,0.057266091799999995,134.867938,0.002409673363,0.0002200825527,0.0066435034,51.225823319999996,0.002409673363,0.0002200825527,0.004219457479999999,51.52838587000001,0.002409673363,0.0002200825527,0.0044277204,1.5770004700000002e-05,2.9339101000000008e-05,0.00727649021,-0.20403759050000003,0.011830565349999999,0.00272116659,0.00139658469,1.29831798e-06,1.489284805e-05
147,1709261400,2.3759473499999997,2.3759609100000003,-0.0180835998,-1.4820099299999998,2.3563844099999995,1.38914659,2.15237822,2.0568627700000004,0.0383762341,1.0391963800000001,1.71843537e-05,4.52030337e-06,5.32940273e-06,5.7693017600000004e-06,7.994326600000001e-06,1.193811322e-05,2.5709306499999996e-05,3.4009115299999995e-05,1.1798083000000001,0.00785046583,0.000215961876,64.66139580000001,50.685245300000005,7.901785799999999e-05,6.00554457,0.024306598000000002,25.4388195,0.0023406584764,0.00021385366889999996,0.05032475059999999,104.0963211,0.0023406584764,0.00021385366889999996,0.0063354202499999995,46.11280560000001,0.0023406584764,0.00021385366889999996,0.0038806821200000003,46.549311,0.0023406584764,0.00021385366889999996,0.00430973329,1.4028252049999999e-05,2.75870164e-05,0.021502756313000002,-0.187140183,0.01254018315,0.00232543257,0.001143583554,1.2100588919999998e-06,1.64094992e-05
147,1709262000,2.6575611199999996,2.6575745100000003,-0.017515634100000003,-1.5068517,2.39722322,1.46860397,2.25854393,2.15946592,0.0501357048,1.151486027,1.92287113e-05,6.8615581599999995e-06,7.477777116e-06,9.459141119999999e-06,1.2123270180000003e-05,1.644670437e-05,2.7478022699999998e-05,5.2745588199999996e-05,1.319813,0.008561650510000001,0.000267144386,64.5601248,50.672376099999994,8.834178639999998e-05,6.256779020000001,0.0257622499,28.4442046,0.00231524014,0.00021147258370000002,0.05330239379999999,117.2376456,0.00231524014,0.00021147258370000002,0.00648364935,48.289228099999995,0.00231524014,0.00021147258370000002,0.00402513055,48.5825873,0.00231524014,0.00021147258370000002,0.00398184817,8.7437398e-06,2.21457877e-05,-0.010158220100000002,0.196971473,0.0082022159,0.001202563989,7.51603466e-05,1.193223456e-06,1.249866175e-05
147,1709262600,2.00416536,2.00417903,-0.018978767100000002,-1.5354374,2.1811040499999996,1.28697509,1.94023427,1.85518164,0.0373722539,0.897286022,1.78314995e-05,5.05840004e-06,5.3686593799999996e-06,7.2310726699999994e-06,8.98284585e-06,1.204450979e-05,1.9312055300000003e-05,3.96464852e-05,0.9914553899999999,0.0103014189,0.00022398633800000002,66.30006169999999,51.07678,6.66339943e-05,6.465849459999999,0.022202878100000004,21.0952543,0.001232987889,0.00011232616142999999,0.0460190789,87.0739131,0.001232987889,0.00011232616142999999,0.00573845698,27.730088900000005,0.001232987889,0.00011232616142999999,0.00322546768,27.52858066,0.001232987889,0.00011232616142999999,0.00400453397,8.82255071e-06,2.24145298e-05,0.0430996093,5.3975711539999995,0.019174513300000005,0.001044154061,-6.0760006e-05,2.13815981e-06,2.18923294e-05
147,1709263200,1.89731192,1.8973252999999999,-0.017020305399999998,-1.55233969,2.05825032,1.25469591,1.8815449299999998,1.7610162799999998,0.0656204461,0.8807401269999999,1.5556944699999995e-05,2.8152087550000003e-06,3.2213186369999997e-06,4.117550757e-06,5.2251901000000005e-06,6.8226476900000005e-06,1.140334852e-05,2.460955398e-05,0.938835289,0.0095600459,0.000200190859,67.4462738,51.062192499999995,6.3106429e-05,5.95776339,0.021649477700000003,19.849821500000004,0.0020831559282,0.00019029399967,0.04466809680000001,82.2130247,0.0020831559282,0.00019029399967,0.0059902692199999994,40.05392937999999,0.0020831559282,0.00019029399967,0.0034687114299999993,40.386598539999994,0.0020831559282,0.00019029399967,0.00394692922,8.1605282e-06,2.16737015e-05,0.07591673602000001,10.845821067,0.019924545699999997,0.000867929529,-0.000177143783,1.96286083e-06,2.00692405e-05
147,1709263800,2.11627098,2.11628462,-0.0138478179,-1.63767664,2.01009888,1.34183664,1.87434473,1.82563072,0.0400609714,0.9119560119999999,1.863876815e-05,5.708223086999999e-06,6.087124526000001e-06,7.86668676e-06,1.010165897e-05,1.3013675360000003e-05,2.155940757e-05,4.4100628999999995e-05,1.048059066,0.009685325199999999,0.00027768053299999997,65.30534610000001,50.9526594,7.03277207e-05,6.2608089,0.023295082699999997,22.4312991,0.0018930367162,0.00017284831115,0.0472898594,91.85591679999999,0.0018930367162,0.00017284831115,0.00594190367,36.79558752,0.0018930367162,0.00017284831115,0.00341717378,37.16160318,0.0018930367162,0.00017284831115,0.00390871188,6.89468191e-06,2.05366731e-05,0.061489370932000006,1.3753004020000001,0.010707973269999999,0.0005924788359000001,-0.00043769347399999996,1.443894145e-06,1.3798390550000001e-05
147,1709264400,2.54490496,2.54491873,-0.0161728218,-1.55766155,2.36812227,1.4426196399999998,2.1198271800000006,2.0425373500000004,0.055855506799999996,1.1671934929999999,1.94225838e-05,1.190140421e-05,5.231413375699999e-05,8.79233998e-06,1.141938573e-05,1.798125676e-05,5.680512875e-05,4.755627479999999e-05,1.2649498950000002,0.00677171875,0.000518388232,63.465725799999994,50.6164631,8.461217439999998e-05,6.252522320000001,0.0254511247,27.816351899999994,0.0015015662406999998,0.00013696091966,0.0519077421,113.04049089999998,0.0015015662406999998,0.00013696091966,0.00598341248,35.652930170000005,0.0015015662406999998,0.00013696091966,0.00440265029,35.870590830000005,0.0015015662406999998,0.00013696091966,0.006958392349999999,0.00012687307721,0.0001406254983,0.05219397064999999,16.500561302,0.031974311039999995,0.008395531881,0.006450688149,6.698757995999999e-06,9.654845979999999e-05
147,1709265000,2.7628644099999997,2.76287813,-0.022107905800000004,-1.4644541500000001,2.61705496,1.48975335,2.32664605,2.21238002,0.038355596799999996,1.1966697199999998,2.00487481e-05,2.53455835e-05,0.000248116471,1.0556521126e-05,1.318906593e-05,2.071025127e-05,0.000213665257,4.8840217160000004e-05,1.37105813,0.008247656569999998,0.0015397122399999998,65.04858560000001,50.67179,9.188682e-05,6.2108244699999995,0.028371273599999997,35.93416070000001,0.0018864100195999998,0.00017217874887,0.055480183100000004,131.923674,0.0018864100195999998,0.00017217874887,0.00648748376,45.912329899999996,0.0018864100195999998,0.00017217874887,0.00881645178,47.356793499999995,0.0018864100195999998,0.00017217874887,0.0192916141,0.0006256676379999999,0.000639308167,0.0021697548899999998,-0.455511409,0.0578615464,0.0401557541,0.034544451999999996,1.0414223419999998e-05,0.000298034583
147,1709265600,3.23537282,3.2353865300000004,-0.0315330672,-1.44760414,2.77440966,1.6110231899999998,2.53342736,2.40487344,0.045791302299999996,1.37442353,1.97374689e-05,2.6718480100000005e-05,0.0002502199240000001,8.651787080000002e-06,1.148504214e-05,2.30180984e-05,0.000228321738,4.6187446099999995e-05,1.6027774799999999,0.01255732715,0.0017509346800000003,65.9513375,50.85151929999999,0.00010761979769999998,5.92769949,0.0305924154,41.678621299999996,0.0031436474526999997,0.00028748788122000003,0.0599411381,152.928428,0.0031436474526999997,0.00028748788122000003,0.006849378309999999,61.58325719999999,0.0031436474526999997,0.00028748788122000003,0.00919063805,64.142296,0.0031436474526999997,0.00028748788122000003,0.019399177,0.0006391587690000001,0.000652860133,0.00785093628,-0.447615069,0.05368014809999999,0.041044077899999996,0.035424112800000004,6.0579798199999995e-06,0.0002747168600000001
147,1709266200,2.9435985,2.943612,-0.0355455359,-1.4624930500000002,2.69475725,1.54173528,2.40337337,2.2705068200000005,0.0572246614,1.2940788399999998,1.90270249e-05,3.00370203e-05,0.000239477795,8.480930115e-06,1.0979606779999999e-05,3.180584505e-05,0.00018017212700000002,4.6842332159999995e-05,1.45678518,0.012649202200000001,0.0018114330099999998,65.81986789999999,50.938070999999994,9.78764317e-05,5.99732042,0.029252164399999996,37.9759951,0.004078106497,0.0003729790435,0.0572363603,139.909088,0.004078106497,0.0003729790435,0.007354831610000001,76.63500430000002,0.004078106497,0.0003729790435,0.009699858450000001,79.39423629999999,0.004078106497,0.0003729790435,0.019169408199999998,0.000609614294,0.0006232321889999999,0.0024091163399999997,-0.5138540280000001,0.052902168900000004,0.0395353442,0.0342108187,6.859496459999999e-06,0.00026745647000000003
147,1709266800,3.46618926,3.4662032099999998,-0.0203992011,-1.4697982,2.8758127300000007,1.67203667,2.6058045200000004,2.4853883,0.0347079613,1.4654689699999999,2.174286055e-05,2.7402003419999997e-05,0.00024215863600000003,1.1773932869999998e-05,1.5727182439999997e-05,3.749620423e-05,0.00021340627900000002,5.9607537899999994e-05,1.7209496599999998,0.009938915659999999,0.00159073268,64.88014000000001,50.6489693,0.000115258224,6.0290589,0.0313928776,43.6884398,0.0027888491534,0.00025477876849999996,0.061975655000000004,162.919673,0.0027888491534,0.00025477876849999996,0.006689736639999999,53.63275030000001,0.0027888491534,0.00025477876849999996,0.008877027389999998,55.9418775,0.0027888491534,0.00025477876849999996,0.019067553299999998,0.000612308953,0.000625945268,-0.0013276882629999996,-0.45716069299999995,0.0546752727,0.039908051,0.0343093165,7.210538360000001e-06,0.000278456368
147,1709267400,2.89394535,2.89395904,-0.012095728849999998,-1.47365892,2.59526672,1.52612069,2.3774225600000003,2.26368159,0.0319538241,1.23831689,2.3576616e-05,2.6776634600000003e-05,0.000252924182,1.482098985e-05,1.85875483e-05,2.8078275949999997e-05,0.00023836038999999997,7.155465410000001e-05,1.4393962399999998,0.0053849072,0.00153034024,61.299596900000004,50.440775200000004,9.618729910000001e-05,6.519581820000001,0.029152870000000004,37.7786765,0.002036712938,0.00018586259459999998,0.05681691200000001,138.110223,0.002036712938,0.00018586259459999998,0.006552413379999999,46.19175695,0.002036712938,0.00018586259459999998,0.00883702753,47.463341160000006,0.002036712938,0.00018586259459999998,0.0192492512,0.000625723906,0.000639500372,-0.0033940329339999993,-0.45639546100000006,0.054905407,0.0403204225,0.03471041230000001,7.543858980000001e-06,0.00027447011500000005
147,1709268000,2.8742852400000003,2.8742989700000003,-0.0117797213,-1.4834450399999999,2.5873914499999997,1.52152568,2.35867203,2.2476686300000006,0.041643728899999996,1.2393114300000003,1.64506963e-05,2.41301721e-05,0.00023935302900000003,5.374008636e-06,7.67060071e-06,2.7359026299999996e-05,0.00023278910600000002,3.9420184189999995e-05,1.4322164899999996,0.00284220878,0.00150505598,63.2438288,50.266617100000005,9.55941892e-05,6.09449243,0.029563791500000002,38.759792600000004,0.001281503326,0.00011667557239999999,0.056815834200000005,138.100462,0.001281503326,0.00011667557239999999,0.00638540001,39.08774269999999,0.001281503326,0.00011667557239999999,0.0086825114,39.9245614,0.001281503326,0.00011667557239999999,0.0192603922,0.000633382004,0.0006470330709999999,-0.0028891231699999997,-0.42422182799999997,0.054830455199999996,0.0409375101,0.035270183499999996,5.55943559e-06,0.000275405651
147,1709268600,2.58656663,2.5865802899999997,-0.01367737355,-1.52217742,2.4570000399999996,1.4523755699999998,2.19434196,2.10306414,0.0347970578,1.1462584839999999,2.37738088e-05,3.4091618599999996e-05,0.00024306974500000003,1.3042240139999999e-05,1.67763542e-05,2.79190136e-05,0.00023728786400000002,6.310025479999999e-05,1.2901650800000002,0.00097840791,0.0014944815000000001,59.0746178,50.150969,8.59686954e-05,6.37819442,0.028189716499999996,34.8604706,0.0017578382937000001,0.00016035514424,0.0540256498,125.3926414,0.0017578382937000001,0.00016035514424,0.006253088969999999,39.06322730000001,0.0017578382937000001,0.00016035514424,0.008611210309999999,40.738528099999996,0.0017578382937000001,0.00016035514424,0.0191973876,0.000622762981,0.000636385663,0.0019096704800000003,-0.4655856,0.0501234096,0.0403253836,0.0349574598,5.624043580000001e-06,0.000270368281
147,1709269200,3.4487284600000003,3.44874192,-0.009545127550000001,-1.52759912,2.77320967,1.6794921499999997,2.53406488,2.4418495499999997,0.038239168500000004,1.46589752,1.9017629399999998e-05,2.29125572e-05,0.000245176069,8.589642590000001e-06,1.143899342e-05,5.48725692e-05,0.00022454668399999998,4.74610999e-05,1.72118585,0.0010921892110000002,0.00146579179,60.4005042,50.100697399999994,0.00011471497950000002,6.06104384,0.0322153483,45.475701900000004,0.0016203523359000001,0.00014772306383999999,0.06233639980000001,165.152848,0.0016203523359000001,0.00014772306383999999,0.006463721259999999,42.64087044,0.0016203523359000001,0.00014772306383999999,0.00873172885,43.993249250000005,0.0016203523359000001,0.00014772306383999999,0.0193335293,0.000640939099,0.000654328756,0.008252738499999999,-0.404956373,0.0566647044,0.0413552616,0.03560930059999999,5.98774095e-06,0.000281707213
147,1709269800,3.9007624499999998,3.9007756999999996,-0.007071975249999999,-1.49412078,2.9730907600000003,1.7790294199999999,2.7454962899999997,2.62643015,0.035516231899999993,1.64007394,2.2380761199999997e-05,2.294561827e-05,0.000261832079,1.4433125839999998e-05,1.80694944e-05,3.573313850000001e-05,0.00026284830899999995,6.67000384e-05,1.9467856399999999,0.0014294408769999999,0.00147459279,59.2056909,50.120916199999996,0.00012974207500000004,5.87553675,0.0337364444,49.9363678,0.0032418613619000004,0.00029633829204,0.0659831732,184.117522,0.0032418613619000004,0.00029633829204,0.00720564605,67.1628831,0.0032418613619000004,0.00029633829204,0.0094805212,68.7443864,0.0032418613619000004,0.00029633829204,0.0195470462,0.000654012679,0.000667392528,0.01056356954,-0.413367887,0.0548326283,0.0418718253,0.0360000918,5.7925451e-06,0.000282892352
147,1709270400,3.70682769,3.70684115,-0.009290952849999999,-1.4959092100000002,2.8683875700000003,1.73103469,2.6646063399999997,2.56020315,0.04584545,1.5681487399999998,1.944911265e-05,1.9556273579999997e-05,0.00011703273284,1.053175256e-05,1.4841872929999998e-05,5.078834254e-05,0.0001055543504,6.7132231e-05,1.85081258,0.001331317833,0.0008787508690000001,60.45750119999999,50.0853407,0.000123243342,6.067686499999999,0.0318545871,43.9743122,0.003998376599,0.0003656450526,0.0638680583,170.520729,0.003998376599,0.0003656450526,0.0074653313,78.15997789999999,0.003998376599,0.0003656450526,0.00721551574,79.8794364,0.003998376599,0.0003656450526,0.01134227799,0.0003067936887,0.000320226492,0.00832181927,0.06359985739999999,0.0329946312,0.021848152589999996,0.017048298797,1.6918076219999994e-05,0.00015144254529999998
147,1709271000,3.38905786,3.38907123,-0.0187516904,-1.5031778999999998,2.6871820200000003,1.6592223000000001,2.5334648799999995,2.44383712,0.037573631499999996,1.42925934,2.1445005499999997e-05,9.348674609999999e-06,1.010047488e-05,1.2060522589999999e-05,1.631388165e-05,2.163977622e-05,3.675944689999999e-05,7.12876781e-05,1.69231932,0.00164454071,0.00037953766500000005,61.646728599999996,50.129920999999996,0.00011267193510000002,6.41315764,0.0290741089,35.580244699999994,0.0028034258818000002,0.0002561780275,0.060237610899999995,148.858368,0.0028034258818000002,0.0002561780275,0.00674556422,56.545866020000005,0.0028034258818000002,0.0002561780275,0.00431993121,57.157390199999995,0.0028034258818000002,0.0002561780275,0.004003301400000001,9.2332054e-06,2.26690252e-05,-0.010160892969999998,0.0893626115,0.00848522355,0.00131055956,0.00019115402200700003,9.0096956e-07,1.20716774e-05
147,1709271600,3.05784457,3.05785812,-0.022577703,-1.52988738,2.5333898699999997,1.5833945,2.37198492,2.2984452,0.031829026999999996,1.30021446,2.18571031e-05,9.472131179999999e-06,1.0381596069999999e-05,1.235683669e-05,1.5897099019999998e-05,2.061540585e-05,3.34325274e-05,6.44463319e-05,1.5263142699999999,0.00203473546,0.00039839766800000003,60.417186900000004,50.187150300000006,0.0001016716533,6.231609140000001,0.0274338604,31.5164179,0.0033402597860000003,0.000305370353,0.056884095700000005,132.59511700000002,0.0033402597860000003,0.000305370353,0.00686860559,61.5496773,0.0033402597860000003,0.000305370353,0.004467553470000001,62.499735699999995,0.0033402597860000003,0.000305370353,0.004044359499999999,9.576552850000001e-06,2.31018847e-05,0.01195278453,0.2676837841,0.00898331377,0.0013383848800000001,0.00020095150939999999,1.2291099739999998e-06,1.3489786750000001e-05
147,1709272200,3.2875012,3.28751461,-0.020965520300000002,-1.5304153399999998,2.6087672,1.6416866199999998,2.45910005,2.38121016,0.039164872299999993,1.3898673400000001,1.65077427e-05,4.2358063599999995e-06,5.016004429999999e-06,5.75681428e-06,8.07244117e-06,1.079118106e-05,1.880190029e-05,4.03909335e-05,1.6412363200000002,0.00204702277,0.00037101845800000004,61.5422943,50.16414629999999,0.00010936474700000002,5.658083560000001,0.028579602599999997,34.2234533,0.004312345263999999,0.0003944614202,0.059153421500000004,143.599668,0.004312345263999999,0.0003944614202,0.007261110360000001,76.7791477,0.004312345263999999,0.0003944614202,0.0048652633099999995,78.29571189999999,0.004312345263999999,0.0003944614202,0.004101756999999999,1.05607703e-05,2.40490336e-05,0.01803539374,0.18011080166,0.009816113400000001,0.0016652090000000002,0.00043357756340000003,1.1502081950000002e-06,1.31208526e-05
147,1709272800,3.17738649,3.17739996,-0.019106440899999997,-1.53986112,2.56522832,1.6172636999999999,2.4113986499999998,2.3389839100000005,0.030454539200000002,1.34079514,1.72885891e-05,4.8875619e-06,5.7697006000000005e-06,6.430761215999999e-06,9.079129279999999e-06,1.2014038310000002e-05,2.072455405e-05,4.213188915e-05,1.58630068,0.00191793077,0.00036982662299999997,61.23831889999999,50.171009100000006,0.0001056933848,5.86068663,0.0279773449,32.689959599999995,0.0026018878106,0.00023768680520000002,0.0580065045,137.902985,0.0026018878106,0.00023768680520000002,0.00676043735,57.698106159999995,0.0026018878106,0.00023768680520000002,0.004341828640000001,57.88078108,0.0026018878106,0.00023768680520000002,0.004170842709999999,1.14867192e-05,2.5029124500000004e-05,0.0332630748,0.09484971374000001,0.010440753899999999,0.0019458073399999999,0.00064688505,1.1402382039999998e-06,1.32799195e-05
147,1709273400,2.6834838899999998,2.68349775,-0.024162764200000002,-1.5389667,2.4437246200000002,1.48647332,2.21564263,2.12818999,0.054707918599999995,1.1937491000000002,1.78673537e-05,5.07331744e-06,6.480402240000001e-06,7.94293675e-06,9.9194957e-06,1.377288797e-05,2.2732430930000006e-05,4.8455110099999995e-05,1.3381453899999998,0.0030424610699999995,0.000435648788,62.83034310000001,50.2717692,8.921922640000001e-05,6.06303674,0.0258766749,28.185967999999995,0.0018436080449999999,0.00016823413809999998,0.053501989699999995,117.5427652,0.0018436080449999999,0.00016823413809999998,0.006240366230000001,42.07397519999999,0.0018436080449999999,0.00016823413809999998,0.00377968968,42.0892123,0.0018436080449999999,0.00016823413809999998,0.004294781460000001,1.3415356650000002e-05,2.7127344299999995e-05,-0.011493403,4.1079567182000005,0.0174458959,0.00221706687,0.000853387968,2.3339794399999995e-06,2.3719581300000002e-05
147,1709274000,2.86558581,2.8655995699999997,-0.0227170335,-1.54886002,2.43749936,1.5372128100000002,2.2719318499999996,2.20236726,0.04203052930000001,1.2347535200000002,1.7426921999999998e-05,4.62671894e-06,5.079728826e-06,6.71983246e-06,8.70908761e-06,1.147122564e-05,1.938944486e-05,4.06725896e-05,1.42920337,0.0030923713100000005,0.00039687268299999997,62.310485400000005,50.2720445,9.533067139999999e-05,6.00283062,0.026539788400000004,29.487533900000006,0.0018721840310000001,0.00017083609426999998,0.0550562773,124.2783691,0.0018721840310000001,0.00017083609426999998,0.00624484936,41.80614172999999,0.0018721840310000001,0.00017083609426999998,0.00379688746,41.93816792,0.0018721840310000001,0.00017083609426999998,0.00406970955,9.938004649999998e-06,2.35386704e-05,-0.005447920460000002,0.581092697,0.011337116800000002,0.00143708278,0.00023100130919999993,1.2476932200000001e-06,1.3660998150000002e-05
147,1709274600,2.49543962,2.49545319,-0.027391415399999997,-1.53304606,2.34925923,1.42908414,2.13385262,2.0489875499999997,0.060418063999999994,1.1037220400000003,1.90815322e-05,6.5624675099999995e-06,6.944377627000001e-06,8.91707611e-06,1.090022791e-05,1.418613936e-05,2.2268892590000004e-05,4.541066105e-05,1.243849445,0.00336271897,0.00038689000400000007,62.157772699999995,50.312031000000005,8.299089350000001e-05,6.062423579999999,0.025037589399999997,26.545697299999993,0.0020022353891,0.00018280089264999998,0.051585901,109.8195614,0.0020022353891,0.00018280089264999998,0.006287081480000001,45.02970319999999,0.0020022353891,0.00018280089264999998,0.0038016315599999997,45.05996084,0.0020022353891,0.00018280089264999998,0.00406555057,9.769236650000002e-06,2.3378779e-05,0.0025222941700000006,3.5819344457999995,0.015327442899999998,0.00130657789,0.00013261954059999999,1.91621448e-06,1.9512821300000003e-05
147,1709275200,2.73900965,2.73902317,-0.0270736168,-1.54831264,2.4610876500000005,1.5017802300000003,2.22681797,2.13479014,0.06453702759999999,1.2268730700000001,1.61420039e-05,3.6355153099999996e-06,4.02191036e-06,5.517472929999999e-06,7.868562689999999e-06,1.112752229e-05,1.91658791e-05,4.38874705e-05,1.36357558,0.005376804309999999,0.00045454455499999993,65.33432020000001,50.4392924,9.10627034e-05,6.2224718,0.026313707600000003,29.223209699999995,0.0016487146689999998,0.000150377241,0.0541179365,120.82034000000002,0.0016487146689999998,0.000150377241,0.006165194140000001,40.3730728,0.0016487146689999998,0.000150377241,0.0036792587599999995,40.223745179999995,0.0016487146689999998,0.000150377241,0.0039699036,8.494092830000001e-06,2.20675754e-05,-0.02732494738000001,3.3691530116000004,0.013873323699999999,0.001059746544,1.5431181599999993e-05,1.606776851e-06,1.93379091e-05
147,1709275800,1.99546475,1.99547859,-0.0282312571,-1.5730127399999998,2.16347853,1.28715571,1.8794823699999998,1.7936422299999997,0.057577341299999994,0.9194282149999999,1.54431148e-05,2.3769509260000004e-06,2.74762818e-06,7.086523450000001e-06,4.80501626e-06,5.783570259999999e-06,1.0498247150000002e-05,2.2134021750000003e-05,0.990605585,0.006715405510000001,0.000354301372,68.21809040000001,50.73678780000001,6.637279970000001e-05,6.069638,0.022363449300000005,21.1747256,0.0021644435130000004,0.00019770407219999998,0.045948268,87.2175985,0.0021644435130000004,0.00019770407219999998,0.00597992762,40.61229661,0.0021644435130000004,0.00019770407219999998,0.0034406026799999995,41.08128477,0.0021644435130000004,0.00019770407219999998,0.00433165736,1.5966611949999998e-05,2.96733009e-05,0.0358351806,10.46818119,0.0332239914,0.0015327054100000002,0.0002213213172,1.094199738e-05,7.263145380000001e-05
147,1709276400,1.4507849099999999,1.4507985099999998,-0.035141365800000005,-1.5662652799999999,1.9016080899999999,1.0984196640000001,1.6047489899999998,1.52820914,0.0430028189,0.692882531,1.67510074e-05,3.7336350820000005e-06,4.326211453e-06,8.653786220000001e-06,7.018312989999999e-06,8.84501852e-06,1.697426169e-05,3.02195557e-05,0.71721941,0.007702757329999999,0.00038743470699999997,65.8767507,51.1521206,4.82111781e-05,6.35952584,0.018985162200000003,15.4186057,0.0009406000419999999,8.558217466e-05,0.0390200091,62.928843300000004,0.0009406000419999999,8.558217466e-05,0.005462838959999999,21.990934160000002,0.0009406000419999999,8.558217466e-05,0.0028171071900000002,21.787752070000003,0.0009406000419999999,8.558217466e-05,0.004212224499999999,1.4205383700000003e-05,2.78174339e-05,-0.0338256492,17.0387431,0.033688418,0.0007485375980000001,-0.0004565258483,1.2274685749999999e-05,7.73664222e-05
147,1709277000,1.18202736,1.182040845,-0.05151375610000001,-1.46988619,1.7670914800000002,0.9803300270000002,1.5117836199999999,1.41949334,0.034124468399999996,0.546385588,1.658149885e-05,3.5764390799999996e-06,4.031194519999999e-06,8.443493080000001e-06,6.352134149999999e-06,8.26217868e-06,1.566637218e-05,2.5935705999999996e-05,0.580421712,0.0100833462,0.00043326467300000007,66.8550882,51.84902950000001,3.9278070300000005e-05,6.500696040000001,0.017032513899999997,12.7895418,0.0008711750380000001,7.92517106e-05,0.035159872999999994,51.27837730000001,0.0008711750380000001,7.92517106e-05,0.005277793459999999,19.04081619,0.0008711750380000001,7.92517106e-05,0.0025552273199999998,18.853866529999998,0.0008711750380000001,7.92517106e-05,0.00415083001,1.3471137100000002e-05,2.69622182e-05,-0.032182169100000005,22.2580943,0.037251518899999995,0.000584979432,-0.0005102622309999999,1.30295209e-05,8.72926883e-05
147,1709277600,1.15946222,1.1594755700000001,-0.047039344600000005,-1.5259784999999997,1.7343154299999999,0.9790671609999999,1.4601446,1.3719418700000001,0.04413999540000001,0.563894095,1.5830390449999998e-05,2.8809565659999994e-06,5.11544721e-06,7.442411809999999e-06,5.787807100000001e-06,6.612929774999999e-06,1.250113477e-05,1.996355475e-05,0.570202035,0.00905268819,0.000413661775,69.4217165,51.6833495,3.85539416e-05,6.25833163,0.0170734403,12.76276185,0.001017242959,9.26428321e-05,0.0349842985,50.8013789,0.001017242959,9.26428321e-05,0.00527973553,19.692605649999997,0.001017242959,9.26428321e-05,0.0026606107099999996,19.707726029999996,0.001017242959,9.26428321e-05,0.00447761933,1.9249655200000003e-05,3.27002603e-05,-0.013395934000000003,12.572768700000001,0.0393102833,0.0023657246199999997,0.000908849324,1.2818088950000001e-05,9.08628191e-05
147,1709278200,1.408293541,1.4083070960000001,-0.003996248272,-1.6346739399999997,1.7431282099999996,1.088588554,1.53885946,1.48890797,0.0335947681,0.6419233369999999,1.46686854e-05,1.7363162229999999e-06,3.85450993e-06,5.442890860000001e-06,3.7841959800000008e-06,5.08921111e-06,1.14370406e-05,1.79950369e-05,0.6958767539999999,0.007775742629999999,0.000443699162,68.95845979999999,51.278054299999994,4.68410404e-05,6.129845810000001,0.01913739725,15.350846100000002,0.0018465864879999999,0.00016863528809999998,0.03840480660000001,61.602392099999996,0.0018465864879999999,0.00016863528809999998,0.005699881509999999,32.57459986,0.0018465864879999999,0.00016863528809999998,0.00315514111,33.01398375,0.0018465864879999999,0.00016863528809999998,0.004468870209999999,1.9156862800000002e-05,3.26796274e-05,0.015344496850000009,13.04818646,0.0401806723,0.00229022983,0.000860888341,1.272620575e-05,9.05221355e-05
147,1709278800,1.6866144222222224,1.6866278777777777,-0.016202598244444446,-1.6102169555555557,1.934809011111111,1.1916654666666664,1.7019686222222221,1.6410917666666667,0.04013592233333334,0.7657498822222224,1.5686873222222218e-05,3.071307961111111e-06,5.068556344444445e-06,7.057055166666667e-06,5.736210666666667e-06,7.6106843666666675e-06,1.492777461111111e-05,2.7692242333333334e-05,0.8353744233333333,0.007327162133333333,0.0005321805877777778,67.51368866666665,50.92812911111111,5.607872444444444e-05,6.167069888888889,0.020967704999999996,18.32869711111111,0.0017168584844444443,0.0001567277516111111,0.042258825444444446,73.59338311111111,0.0017168584844444443,0.0001567277516111111,0.005743827788888888,33.859290666666666,0.0017168584844444443,0.0001567277516111111,0.0032642142333333336,34.122529722222225,0.0017168584844444443,0.0001567277516111111,0.004433027388888889,1.8182556666666667e-05,3.1582112777777775e-05,0.05317184776666666,10.885026388888889,0.036725554,0.0022959136666666664,0.0008663766922222223,1.2349796333333334e-05,8.4742386e-05
147,1709279400,1.39167752,1.3916909400000002,-0.037147327200000003,-1.6040848399999998,1.8351935099999999,1.08415941,1.53529685,1.47904515,0.0383090996,0.6553161930000001,1.4764428350000001e-05,1.9398176059999997e-06,3.91061678e-06,5.46488492e-06,3.53596126e-06,4.534426400000001e-06,1.08424547e-05,1.6239479219999998e-05,0.687148778,0.00816031326,0.000481829794,68.92076750000001,51.2270802,4.6283374100000005e-05,5.92106221,0.018825605899999997,15.014201400000001,0.0010454553583000002,9.523392081e-05,0.038399527700000005,60.682107599999995,0.0010454553583000002,9.523392081e-05,0.005402225300000001,24.3756406,0.0010454553583000002,9.523392081e-05,0.00285853046,24.13776945,0.0010454553583000002,9.523392081e-05,0.004307006340000001,1.6375697550000002e-05,2.9816488700000003e-05,0.025792765539999995,14.456827200000001,0.0376008719,0.0017423482599999997,0.000521348318,1.3205935599999997e-05,9.082187510000001e-05
147,1709280000,1.3282397549999998,1.328253101,-0.0526219633,-1.48051086,1.89770793,1.034542204,1.57913569,1.48474535,0.055988266499999995,0.634295784,1.5499149949999996e-05,2.705175173e-06,4.68855346e-06,6.54979369e-06,4.8740764499999995e-06,6.556909200000001e-06,1.234113773e-05,2.1443942300000003e-05,0.656316564,0.00722354553,0.0005184362179999999,68.39077089999999,51.27891519999999,4.4171159499999994e-05,6.2105994,0.018231927,14.657290249999999,0.0013180764180000001,0.00012021290805,0.0373864304,58.68684900000001,0.0013180764180000001,0.00012021290805,0.005546409939999999,26.451446640000007,0.0013180764180000001,0.00012021290805,0.00295343853,26.54511478,0.0013180764180000001,0.00012021290805,0.0042644382,1.587410075e-05,2.93006437e-05,-0.052418837900000015,18.333282450000002,0.041850005200000005,0.0015759489499999999,0.0004049259793999999,1.252256645e-05,9.442225859999999e-05
147,1709280600,1.33027366,1.33028713,-0.05594075229999999,-1.4416037499999999,1.8843200199999999,1.0332200950000001,1.6120617199999998,1.5166963,0.038906023,0.6236796749999999,1.56422306e-05,2.6994204980000004e-06,4.972484370000001e-06,6.7027931e-06,5.20557234e-06,6.635901250000001e-06,1.120129641e-05,1.958284589e-05,0.6568276,0.007753614219999999,0.000496401733,68.271694,51.233533699999995,4.424130420000001e-05,6.14812547,0.0182643371,14.660367650000001,0.001176155524,0.00010719765899999999,0.037666718599999996,58.74842149999999,0.001176155524,0.00010719765899999999,0.0055985136,25.57045415,0.001176155524,0.00010719765899999999,0.00302897669,25.486594900000004,0.001176155524,0.00010719765899999999,0.004348941050000001,1.7078154600000002e-05,3.04091007e-05,0.028608265949999996,13.37509111,0.03816981679999999,0.00201655094,0.0007165771709999999,1.263795155e-05,9.05508259e-05
147,1709281200,1.411834055,1.411847376,-0.0558605561,-1.4329802500000002,1.9081707399999999,1.060763667,1.66028816,1.57444805,0.0273715331,0.640984574,1.469506555e-05,2.147263913e-06,3.3456328399999995e-06,5.4418917400000005e-06,3.9229241440000005e-06,5.948286283e-06,1.076646717e-05,1.9676490879999998e-05,0.696125703,0.00921839666,0.0005203138079999999,70.3659869,51.458181,4.69391363e-05,6.16580835,0.0186896997,15.453321899999997,0.0007270725136999999,6.606424676e-05,0.038651828799999996,62.17104400000001,0.0007270725136999999,6.606424676e-05,0.00525436904,18.55763063,0.0007270725136999999,6.606424676e-05,0.00265951164,18.27548107,0.0007270725136999999,6.606424676e-05,0.00426191457,1.49659248e-05,2.8443775699999996e-05,0.02556871980000001,12.988926639999999,0.0351914735,0.00164898498,0.00040311411493100004,1.15611511e-05,8.43775117e-05
147,1709281800,1.3283402100000001,1.328353834,-0.053440377500000004,-1.4839445700000002,1.7921797400000004,1.0404650800000002,1.58603593,1.5110711099999998,0.028178797100000003,0.602508896,1.567558935e-05,2.5517330849999997e-06,4.5086094099999995e-06,6.40136268e-06,4.84141047e-06,6.287179000000001e-06,1.2525045409999999e-05,2.0871921960000003e-05,0.655471169,0.0081322751,0.000506604555,67.9710394,51.326142600000004,4.41635369e-05,6.0541059499999985,0.018222814999999996,14.5099871,0.0015610809662,0.00014247329523,0.0373004887,57.4294713,0.0015610809662,0.00014247329523,0.005696135160000001,29.831856849999998,0.0015610809662,0.00014247329523,0.00310259811,30.02056263,0.0015610809662,0.00014247329523,0.004377238780000001,1.63728012e-05,2.9949005300000003e-05,0.066019943412,9.358926469999998,0.032366259200000004,0.0020609463,0.000675567586,1.0755539099999999e-05,7.61818759e-05
147,1709282400,1.263135278,1.263148751,-0.054881898400000004,-1.50617132,1.8190680500000003,1.016882837,1.5304967,1.4515568200000002,0.0329802543,0.580283732,1.6174858500000003e-05,3.1552415949999993e-06,4.09522068e-06,7.19864369e-06,5.9161852199999995e-06,7.89788505e-06,1.270451083e-05,2.503165167e-05,0.620707236,0.0102616021,0.0005301466300000001,67.336352,51.795791400000006,4.19891818e-05,6.18770269,0.017517864400000003,13.459029300000001,0.0013145323879,0.00011989438573,0.0362418335,54.5418767,0.0013145323879,0.00011989438573,0.005537941209999999,26.933126889999993,0.0013145323879,0.00011989438573,0.00288930765,27.002932022000003,0.0013145323879,0.00011989438573,0.004162123910000001,1.38434134e-05,2.72734505e-05,0.016363353,22.7717814,0.040393075300000005,0.000745814975,-0.00045170371199999994,1.2236723750000001e-05,8.19200503e-05
147,1709283000,0.655289861,0.65530335,-0.034545654800000006,-1.62127361,1.3171901949999998,0.7322225920000001,1.044106865,0.968729586,0.031390641,0.338135524,1.4057405099999999e-05,1.097663372e-05,0.00018714488944,4.3674630500000005e-06,2.3025847659999998e-06,3.0415100079999998e-05,0.0001372974087,1.2794608110000001e-05,0.31616988900000004,0.0095149101,0.001574276293,75.08667360000001,53.6868636,2.1756482599999998e-05,6.654206960000001,0.01719616715,13.284570949999999,0.00036130110974999996,3.2792121107000005e-05,0.028731139299999996,37.93050459999999,0.00036130110974999996,3.2792121107000005e-05,0.004607026,8.768158524,0.00036130110974999996,3.2792121107000005e-05,0.00601407395,9.5993151,0.00036130110974999996,3.2792121107000005e-05,0.01576995015,0.0004846970759,0.0004982059703,0.001073699136000001,11.235796044,0.06861710929999999,0.031767411690019995,0.02717535539,1.8973121899999995e-05,0.0002814238874
147,1709283600,0.374969375,0.37498295300000006,-0.05905000309999999,-1.62373291,1.02700636,0.567963341,0.79179916,0.722572071,0.01636776718,0.200284977,1.4785676e-05,1.898183768e-05,0.00023301332399999997,4.8515819399999996e-06,2.4850509249999995e-06,1.4391864839999999e-05,0.000198553043,1.0137853e-05,0.173871725,0.011284720699999999,0.0018445679,77.2749385,56.90286829999999,1.2443923499999999e-05,6.72522478,0.01629961015,12.2328558,0.00038375686534999995,3.474310305e-05,0.024257700800000004,27.889436,0.00038375686534999995,3.474310305e-05,0.0044774399299999995,7.605156803999999,0.00038375686534999995,3.474310305e-05,0.0069754048099999995,8.79353811,0.00038375686534999995,3.474310305e-05,0.0188565794,0.000609448226,0.000623032828,-0.0187623302,-0.44569901700000003,0.0661775366,0.0397545914,0.03440826179999999,1.33193265e-05,0.000330488218
147,1709284200,0.556771594,0.556785198,-0.0836997604,-1.30688648,1.4504692900000002,0.6521560519999999,1.0680326150000001,0.95781673,0.0200356879,0.27896717499999996,1.4770360699999999e-05,1.756605749e-05,0.00022751688199999998,4.762191320000001e-06,2.6383056150000004e-06,5.43346202e-05,0.0001520091909,1.0957831779999998e-05,0.266564304,0.0095374705,0.0018129525,75.25261239999999,53.8751769,1.84951967e-05,6.510375259999999,0.0172380024,13.9852521,0.0003928855638,3.546569213999999e-05,0.027710030000000004,35.854523099999994,0.0003928855638,3.546569213999999e-05,0.004711652919999999,8.635719409999998,0.0003928855638,3.546569213999999e-05,0.00713418564,9.88629198,0.0003928855638,3.546569213999999e-05,0.0186451984,0.0005949008210000001,0.0006084535419999999,-0.016381490086,-0.41712716099999997,0.07757878680000001,0.039143769499999995,0.0338681312,1.6586738099999997e-05,0.000353027467
147,1709284800,0.672444956,0.6724582920000001,-0.0332507378,-1.08023289,1.5474097199999999,0.691103856,1.26438859,1.1501226,0.026116513200000004,0.32678090600000004,1.5346083400000002e-05,1.743507592e-05,0.000237202204,5.674510540000001e-06,3.71317825e-06,3.853855350000001e-05,0.00018314409,1.370845064e-05,0.32279085799999996,0.011420962900000001,0.00150920088,73.7062825,53.7802007,2.23273772e-05,6.5474447499999995,0.0178434299,15.217811799999998,0.000753485235,6.848886862000001e-05,0.029803081499999995,41.188034599999995,0.000753485235,6.848886862000001e-05,0.00507371485,14.96696734,0.000753485235,6.848886862000001e-05,0.00760472621,16.342220500000003,0.000753485235,6.848886862000001e-05,0.0188910646,0.000614390274,0.0006276953829999999,-0.02027100045,-0.422407613,0.0685705986,0.0399747468,0.0344716823,1.227438265e-05,0.000328124858
147,1709285400,0.559492006,0.5595053959999999,-0.06342121549999999,-0.9165097770000001,1.52697161,0.608588322,1.17269826,1.050819592,0.0269471071,0.28486886,1.5386456000000002e-05,2.21439532e-05,0.00023197546800000001,5.8139782399999996e-06,3.7108680099999997e-06,2.5841147980000004e-05,0.00019904211500000002,1.4600370199999998e-05,0.26539216799999993,0.012272941249999999,0.00157575254,73.355385,55.179297399999996,1.8573594550000002e-05,6.771993449999999,0.0170978705,14.17868975,0.000683673951,6.20808532e-05,0.027591060100000002,35.7470977,0.000683673951,6.20808532e-05,0.00507337361,13.637235899999999,0.000683673951,6.20808532e-05,0.00756974128,14.907905499999998,0.000683673951,6.20808532e-05,0.018871285999999998,0.0006147551510000001,0.000628196579,-0.0249430671,-0.41671621400000003,0.071123048,0.0399625685,0.034532056,1.3461338450000002e-05,0.00033331169900000006
147,1709286000,0.6900206219999999,0.690034322,-0.0592207786,-1.06013566,1.54849725,0.6926146790000001,1.27901405,1.16816064,0.0236024653,0.326363155,1.517104755e-05,2.3736908399999998e-05,0.000228095055,5.149157470000001e-06,3.534393059999999e-06,5.885050570000001e-05,0.0001625249943,1.3953762500000001e-05,0.332728063,0.010178719559999999,0.00160610526,74.0053354,53.26321800000001,2.2907122899999998e-05,6.72978732,0.018076420099999997,15.654998600000003,0.0004950821993,4.481169430000001e-05,0.030133523000000002,41.8705824,0.0004950821993,4.481169430000001e-05,0.0048768523,11.1012317,0.0004950821993,4.481169430000001e-05,0.0073391427499999995,12.228545270000001,0.0004950821993,4.481169430000001e-05,0.0188156666,0.000610359514,0.000624028641,-0.0272511085,-0.419472803,0.0692334196,0.039808782,0.0343265181,1.11772271e-05,0.00031483899800000003
147,1709286600,0.896824775,0.896838457,-0.052359831600000004,-1.25065293,1.68976407,0.821857022,1.41135558,1.2959270699999998,0.0249377372,0.42352519000000005,1.4576493700000002e-05,1.68514618e-05,0.00023274609100000003,4.479401519999999e-06,2.37392985e-06,3.152948683e-05,0.00018764137,1.1783042169999999e-05,0.43949753300000005,0.006794570880000001,0.0016320239299999998,71.6760721,51.66153369999999,2.9807761e-05,6.323680820000001,0.019547697000000003,17.8164757,0.0006680886166999999,6.0693244859999996e-05,0.03364267160000001,51.2143923,0.0006680886166999999,6.0693244859999996e-05,0.0050974724200000005,14.607854829999999,0.0006680886166999999,6.0693244859999996e-05,0.007543672699999999,15.853520400000003,0.0006680886166999999,6.0693244859999996e-05,0.0188166124,0.000609322994,0.0006229096539999999,-0.02449226,-0.41880047099999995,0.069908751,0.0397995775,0.034357209900000005,1.24376349e-05,0.000324084759
147,1709287200,1.01504062,1.0150541199999998,-0.0509235833,-1.27408234,1.75505355,0.8725540290000001,1.4740574999999998,1.3569414100000001,0.034028099199999995,0.48027275199999986,1.4889212350000001e-05,2.48782466e-05,0.00022675793699999998,4.94464828e-06,2.5539554640000003e-06,1.414997647e-05,0.000204217537,9.582705080000001e-06,0.499908296,0.00552282457,0.00160075595,69.68352440000001,51.3361846,3.376832230000001e-05,6.008219029999999,0.0201916586,18.9069166,0.0009782162889000001,8.910052635000001e-05,0.0352166095,56.26168630000001,0.0009782162889000001,8.910052635000001e-05,0.00536397889,18.851434450000003,0.0009782162889000001,8.910052635000001e-05,0.00781797751,20.268323919999997,0.0009782162889000001,8.910052635000001e-05,0.0188925297,0.000612270518,0.000625894608,-0.019986630300000002,-0.4236364330000001,0.06852541820000001,0.0398444608,0.0343690489,1.19779059e-05,0.000319368805
147,1709287800,0.6463564319999999,0.646370345,-0.0525718076,-1.23616926,1.4479567000000002,0.6930380909999999,1.18368616,1.08835822,0.0238427658,0.313692949,1.512769225e-05,1.88971442e-05,0.00022975051800000002,4.81733669e-06,2.7867417269999998e-06,3.967521505e-05,0.0001678677234,1.244855978e-05,0.31629347599999996,0.00480860977,0.0015986645099999998,70.4977599,51.7726126,2.14674923e-05,6.584068279999999,0.0175519297,14.776378650000002,0.00042850733800000007,3.8692653560000005e-05,0.029538274200000002,40.389942,0.00042850733800000007,3.8692653560000005e-05,0.004889049810000001,9.87232221,0.00042850733800000007,3.8692653560000005e-05,0.007285271760000001,10.99765525,0.00042850733800000007,3.8692653560000005e-05,0.018714661299999998,0.0005982795759999999,0.0006120614410000001,-0.027163838200000002,-0.443121849,0.0656341291,0.039243818,0.033941584000000004,1.1905349049999997e-05,0.000315170011
147,1709288400,0.7192703359999999,0.719284121,-0.021956185,-1.2369978700000002,1.61183671,0.73217387,1.2616885000000002,1.1591978859999998,0.030582031,0.36332352199999995,1.4931793700000002e-05,1.6279655569999996e-05,0.00022703034000000002,5.405492299999999e-06,3.0600146500000003e-06,2.1615890100000002e-05,0.00018589517600000002,1.263995601e-05,0.35364521400000004,0.004113450529999999,0.0014032663000000001,69.9364124,51.35486519999999,2.3898075699999997e-05,6.5240174699999995,0.018000881,15.443053500000001,0.0006115901552,5.5522540100000004e-05,0.030683671000000003,43.2340977,0.0006115901552,5.5522540100000004e-05,0.005009474599999999,13.27499502,0.0006115901552,5.5522540100000004e-05,0.007346940539999999,14.449729900000003,0.0006115901552,5.5522540100000004e-05,0.0185706712,0.000588393151,0.000602185433,-0.028875462,-0.42119831100000005,0.07044758400000001,0.0388820238,0.0335456929,1.64259719e-05,0.000354261402
147,1709289000,0.7515238080000001,0.751537428,-0.0202101892,-1.21761039,1.62518711,0.741386003,1.29303946,1.18121106,0.029084676799999997,0.37306764600000003,1.5569459150000003e-05,1.584237759e-05,0.00021465276999999998,6.138575810000001e-06,3.77122657e-06,4.1021283e-05,0.0001842842254,1.6227653960000002e-05,0.369690769,0.00420042332,0.00138677598,67.51469959999999,51.438331100000006,2.4971935e-05,6.4723793999999994,0.0184746901,16.189340699999995,0.0006148548281999999,5.578865065e-05,0.0310416607,44.2233916,0.0006148548281999999,5.578865065e-05,0.0049488432399999996,12.03579951,0.0006148548281999999,5.578865065e-05,0.007143875950000001,13.31881771,0.0006148548281999999,5.578865065e-05,0.0183989996,0.000567629297,0.000581268337,-0.027232949200000002,-0.42500004799999996,0.069263334,0.0382303057,0.032807191400000005,1.4530337800000001e-05,0.00032409784599999995
147,1709289600,0.8218540860000001,0.8218675879999999,-0.012391654989999999,-1.27290174,1.6889015400000003,0.784699457,1.3386783500000001,1.2265124600000001,0.033309684299999996,0.401262122,1.4418129349999997e-05,1.496005229e-05,0.00020151084299999998,7.558626569999999e-06,4.558816520000001e-06,3.9720032199999997e-05,0.0001752954286,1.382954945e-05,0.4055368629999999,0.0035651902,0.0013665055700000002,68.78173650000001,51.1326881,2.7316268e-05,6.443022170000001,0.018856236399999997,17.0879467,0.0005594587897,5.070927377e-05,0.032004138499999994,46.69849899999999,0.0005594587897,5.070927377e-05,0.0051239491000000005,13.820975659999998,0.0005594587897,5.070927377e-05,0.00717379925,14.815743710000003,0.0005594587897,5.070927377e-05,0.018302156899999998,0.0005522620160000001,0.000565788228,-0.014019194850000003,-0.382834118,0.0776538845,0.037185689400000006,0.03155220599999999,1.9333981000000003e-05,0.00032881898699999994
147,1709290200,0.8463626790000001,0.846376306,-0.0276682125,-1.32730121,1.67750117,0.8050373649999999,1.33072813,1.2342752,0.0263856803,0.4083644390000001,1.556057405e-05,1.601957918e-05,0.00020637485400000003,6.333116120000001e-06,4.352147785e-06,2.4299998429999998e-05,0.000194439539,1.615242082e-05,0.41782229200000004,0.0033929836800000003,0.0014961677900000002,67.184553,50.993976200000006,2.8127364600000002e-05,6.379970500000001,0.0187687978,16.922132299999998,0.000797683486,7.25075144e-05,0.0324878373,47.8808846,0.000797683486,7.25075144e-05,0.00520170227,16.03981244,0.000797683486,7.25075144e-05,0.00727224803,17.21705715,0.000797683486,7.25075144e-05,0.018105819999999998,0.000549046556,0.0005626444159999999,-0.01068310061,-0.409135846,0.0668889005,0.037762895000000005,0.032291812600000004,1.3743015099999998e-05,0.000304450271
147,1709290800,0.78329723,0.783310763,-0.0220419873,-1.26058533,1.5861484000000001,0.76728734,1.3104774899999998,1.2038617600000001,0.0314595087,0.380476935,1.42916607e-05,1.495761163e-05,0.00019936434400000003,4.26674488e-06,2.02394534e-06,1.6100891950000003e-05,0.00018903486,9.98263298e-06,0.385621103,0.0042517920600000005,0.00133906399,71.03488899999999,51.285918300000006,2.6044719100000002e-05,6.42099153,0.0182959884,16.051063600000003,0.0005034408095,4.556718787e-05,0.031396019000000004,44.7892867,0.0005034408095,4.556718787e-05,0.00504172774,12.45596428,0.0005034408095,4.556718787e-05,0.007059270590000001,13.369597500000001,0.0005034408095,4.556718787e-05,0.017838907600000002,0.000531961671,0.000545514545,-0.0075192413999999996,-0.42636585600000004,0.06685084220000001,0.037167304799999995,0.031931911800000004,1.210609385e-05,0.000296053025
147,1709291400,1.091351345,1.0913648729999998,-0.013445485950000002,-1.32650399,1.8119803400000003,0.9134586020000001,1.52517156,1.41769325,0.0375291267,0.517497259,1.3816268349999998e-05,1.480863029e-05,0.000197904891,4.21165166e-06,2.0925687600000003e-06,1.4499973039999999e-05,0.00019123331499999998,1.2110284609999999e-05,0.5411987930000001,0.0026968462399999996,0.00134285855,67.76579910000001,50.627045599999995,3.6299270400000004e-05,6.16931299,0.0203710703,19.2259337,0.0006501666582,5.907052628999999e-05,0.03614287930000001,58.196471700000004,0.0006501666582,5.907052628999999e-05,0.00515529904,15.711172010000002,0.0006501666582,5.907052628999999e-05,0.0071516676599999995,16.70650277,0.0006501666582,5.907052628999999e-05,0.017825205,0.000530708955,0.000544216016,-0.0068981763,-0.42504715600000004,0.06855462339999999,0.036957417400000005,0.03177844789999999,1.30425668e-05,0.000296094219
147,1709292000,1.23048059,1.23049413,-0.0066530074700000014,-1.36631378,1.8904702299999996,0.977404527,1.6126617399999996,1.5053709400000002,0.0265385532,0.5582144139999999,1.49557579e-05,2.13553685e-05,0.000197691753,6.161591100000001e-06,4.29288513e-06,1.9185514980000003e-05,0.000193279746,2.037856389e-05,0.6111727660000001,0.00223329597,0.00137046642,65.409661,50.4739534,4.08919195e-05,6.3908279100000005,0.021119716099999998,20.495602100000003,0.0009068612116,8.249748209999998e-05,0.0382069981,64.3499407,0.0009068612116,8.249748209999998e-05,0.00535689438,19.52764399,0.0009068612116,8.249748209999998e-05,0.00737970472,20.54018315,0.0009068612116,8.249748209999998e-05,0.017933073899999995,0.000537189374,0.000550680411,-0.014714740280000003,-0.431173256,0.0666378288,0.0371365579,0.03188947859999999,1.3577267699999999e-05,0.00030590708399999995
147,1709292600,1.1573537669999998,1.1573672130000001,-0.0028794815429999997,-1.33468263,1.8908452400000002,0.94129785,1.57501056,1.4697448400000002,0.024705920899999997,0.5376330930000001,1.45408609e-05,1.789389846e-05,0.000200034764,5.5063264399999995e-06,3.2189634499999994e-06,1.968121313e-05,0.00019061992599999999,1.219138818e-05,0.573595859,0.00330845681,0.0013222816800000001,67.2450524,50.71779,3.8496606600000006e-05,6.10492699,0.0207187393,19.8890109,0.0007478495155000001,6.796080515000001e-05,0.037105216600000004,61.1280347,0.0007478495155000001,6.796080515000001e-05,0.00529754873,18.4148078,0.0007478495155000001,6.796080515000001e-05,0.00732167886,19.38370983,0.0007478495155000001,6.796080515000001e-05,0.0179477771,0.000540213651,0.0005537444329999999,-0.01321535821,-0.41370516299999993,0.0714804193,0.037272031100000005,0.03204981950000001,1.4889362599999997e-05,0.000313512612
147,1709293200,1.33505236,1.33506588,0.001457843673,-1.30902393,2.0102863600000003,1.0106955860000002,1.72126506,1.60227392,0.0247161886,0.6034007490000001,1.562712e-05,2.0184576919999998e-05,0.00020146282000000002,6.99715786e-06,5.33205435e-06,2.8174360799999996e-05,0.000199420735,2.2424624070000003e-05,0.659101967,0.00656523281,0.00137287798,67.95111209999999,51.078536,4.43639921e-05,6.32771839,0.021862319399999997,22.1046001,0.00090324103535,8.220348617e-05,0.039577489699999996,68.7333377,0.00090324103535,8.220348617e-05,0.00542359112,20.310574810000002,0.00090324103535,8.220348617e-05,0.00747923499,21.572258620000003,0.00090324103535,8.220348617e-05,0.018011604000000004,0.000547402782,0.000560862258,-0.01157961485,-0.401348925,0.0675182956,0.03773678899999999,0.032360193,1.34489247e-05,0.00030889959399999997
147,1709293800,1.44081893,1.44083242,0.0050756145400000004,-1.2885976700000001,2.0776383599999995,1.04479629,1.8017424899999999,1.6590131599999995,0.054810051699999994,0.675995079,1.57121093e-05,2.3748337040000005e-05,0.00017494707619999998,6.882405270000001e-06,5.52254796e-06,2.21453559e-05,0.00021145615399999996,2.339327732e-05,0.713566067,0.0050984716299999995,0.0012746059759999998,66.7389151,50.80036630000001,4.78947046e-05,6.17408058,0.0223801189,23.3507292,0.00112445087195,0.00010245894608,0.0407072586,72.229523,0.00112445087195,0.00010245894608,0.00566535911,24.52792804,0.00112445087195,0.00010245894608,0.0071907292900000004,25.496310900000005,0.00112445087195,0.00010245894608,0.016667617699999998,0.000504020876,0.000517603555,-0.01800008454,0.38180573799999995,0.07144263099999999,0.0366419172,0.0285003699,3.1762347849999996e-05,0.000308637262
147,1709294400,1.1563340110000002,1.156347491,0.01051169503,-1.2903818900000001,1.9709851400000002,0.9348966559999999,1.6042239600000001,1.49329558,0.030953265900000006,0.543914757,1.5127979999999998e-05,2.14485952e-05,0.00020439120900000003,6.24601664e-06,4.037170960000001e-06,4.06575503e-05,0.000299963595,1.921608266e-05,0.571160982,0.0048686387,0.00153973088,67.72802800000001,50.98777320000001,3.84301305e-05,6.23548341,0.022484800299999996,24.2887529,0.000990845766,9.018573470000002e-05,0.0371543328,61.29336790000001,0.000990845766,9.018573470000002e-05,0.0055177881100000005,21.59120445,0.000990845766,9.018573470000002e-05,0.007652201439999999,22.848722199999997,0.000990845766,9.018573470000002e-05,0.0191343955,0.000617405787,0.0006309018649999999,-0.0329882126,-0.31944483299999993,0.0781049184,0.0407898689,0.0343508401,1.52070986e-05,0.00034922010300000004
147,1709295000,1.1507785939999997,1.150792223,0.018464725849999995,-1.31437559,1.9475844500000001,0.937281915,1.59466121,1.4904455,0.02665520005,0.528683755,1.5004817550000001e-05,1.9459140429999997e-05,0.000212124351,5.31288493e-06,3.54559052e-06,3.186849132e-05,0.00030811746499999994,1.4532522859999999e-05,0.5682855480000001,0.00492669552,0.0015806982,68.38962740000002,50.993203699999995,3.82669025e-05,6.1359413400000005,0.0224588002,24.304439300000002,0.001028489217,9.36257517e-05,0.0371698194,61.4117226,0.001028489217,9.36257517e-05,0.005480614139999999,20.93742885,0.001028489217,9.36257517e-05,0.0076735469200000005,22.165327159999997,0.001028489217,9.36257517e-05,0.0193005132,0.0006307713109999999,0.000644349177,-0.045588549500000006,-0.323047971,0.07360563540000001,0.041250694399999996,0.0347357426,1.3986867349999999e-05,0.000346088072
147,1709295600,1.23205453,1.23206807,0.011748780399999999,-1.28084482,1.9826855300000001,0.9637368839999999,1.6655383499999998,1.5452721500000002,0.050488975400000004,0.576301302,1.549785475e-05,1.4349942579999998e-05,0.000185361052,6.984651129999999e-06,5.04763974e-06,1.355366183e-05,0.0002542286586,2.4094019049999998e-05,0.6095282390000001,0.0045882205,0.00140527095,67.11873670000001,50.8871952,4.09519799e-05,6.454274670000001,0.021585006,22.2046262,0.0010142282246,9.235150782e-05,0.03773940889999999,62.787056899999996,0.0010142282246,9.235150782e-05,0.00549193553,21.270293399999996,0.0010142282246,9.235150782e-05,0.007093309019999999,22.40718485,0.0010142282246,9.235150782e-05,0.0173325686,0.0005255227718,0.0005390649399999999,-0.022790310799999998,1.59290134,0.0777969091,0.03550820606,0.029858973759999997,1.927840145e-05,0.000312026064
147,1709296200,0.86162555,0.8616389449999999,0.013315345950000002,-1.26664444,1.7192399699999998,0.804976728,1.38690481,1.28160161,0.0372504164,0.42247527900000004,1.5443537899999998e-05,1.34772765e-05,0.000176102828,6.358091429999999e-06,4.27734319e-06,9.23595762e-06,0.000108017074,1.8064267819999998e-05,0.424789643,0.004386991979999999,0.0012985520000000001,67.3118377,51.209025600000004,2.8632544e-05,6.52058593,0.0169665563,13.45880075,0.0006781873074,6.156862275e-05,0.032212989799999994,46.498172999999994,0.0006781873074,6.156862275e-05,0.00510276933,14.380709209999997,0.0006781873074,6.156862275e-05,0.00670198539,15.356217600000003,0.0006781873074,6.156862275e-05,0.01645529665,0.000431517881,0.000445031038,0.0314180753,-0.4942469559999999,0.06315028339999999,0.0325280544,0.0280946556,2.0013078499999998e-05,0.00026530456499999997
147,1709296800,0.6896081780000001,0.6896218169999999,0.016270482949999998,-1.23995368,1.56289774,0.7141858059999999,1.2546008199999998,1.1603229269999997,0.0202783824,0.329354094,1.56162708e-05,1.5184920450000001e-05,0.000181678911,6.522299810000001e-06,4.31608583e-06,7.99740802e-06,8.81513136e-05,1.6285805640000002e-05,0.33793738900000003,0.005212535130000001,0.00133204142,68.5210078,51.8516259,2.29100836e-05,6.529948379999999,0.0152144925,10.937292750000001,0.0007478079564,6.795579004e-05,0.0292717008,39.1079139,0.0007478079564,6.795579004e-05,0.004979909939999999,13.724641499999999,0.0007478079564,6.795579004e-05,0.00672144727,14.739453520000001,0.0007478079564,6.795579004e-05,0.016793763,0.000434641132,0.0004481528,0.0298958992,-0.650499872,0.0633668256,0.0319086397,0.0280282437,1.3278899450000002e-05,0.000262585821
147,1709297400,0.600785863,0.600799235,0.0165779334,-1.24744724,1.51298363,0.6729515699999999,1.1731858,1.082358036,0.0170207034,0.296190443,1.489053635e-05,1.630403306e-05,0.000175157415,5.601807779999999e-06,3.32194423e-06,7.3058182499999995e-06,8.393844849999999e-05,1.2510499339999996e-05,0.293144073,0.005633568019999999,0.00130961319,69.99952040000001,52.1553768,1.995822905e-05,6.56750103,0.014493854500000004,10.01069145,0.000571044282,5.176782410000001e-05,0.027688770100000003,35.054725399999995,0.000571044282,5.176782410000001e-05,0.0049351347100000005,12.30699021,0.000571044282,5.176782410000001e-05,0.006625107819999999,13.20424759,0.000571044282,5.176782410000001e-05,0.0166124147,0.00042573720000000005,0.00043913634299999995,0.0339061015,-0.6358788759999999,0.0690070559,0.031479254600000006,0.0277472842,1.4762762000000001e-05,0.000275306888
147,1709298000,0.735556557,0.7355701239999999,0.00898600391,-1.2294358,1.64971282,0.739858906,1.2988146600000001,1.19474897,0.024353054699999994,0.366641445,1.4351003649999997e-05,1.5625660360000003e-05,0.000176102421,4.82950033e-06,2.35551847e-06,1.0131804580000001e-05,7.86762091e-05,9.1331522e-06,0.360422702,0.0057378624900000005,0.0013200114,70.9723034,51.81534519999999,2.4455485099999997e-05,6.2236933699999994,0.0157089719,11.497475900000001,0.0006470172790000001,5.872288629999999e-05,0.030179433100000003,41.233999000000004,0.0006470172790000001,5.872288629999999e-05,0.0050602346299999995,14.08050237,0.0006470172790000001,5.872288629999999e-05,0.00677110867,14.966094569999996,0.0006470172790000001,5.872288629999999e-05,0.016704554599999998,0.000430662689,0.000444165308,0.026196234699999998,-0.639455809,0.065205764,0.0316956651,0.027918614799999998,1.4894111300000002e-05,0.00026968255
147,1709298600,1.030277511,1.030290801,0.004691688435,-1.2547768400000001,1.92748383,0.8751770459999999,1.51834635,1.4075304800000001,0.032700721200000005,0.50169379,1.480807695e-05,1.6460401290000004e-05,0.000178256101,6.18743096e-06,3.552571956e-06,1.376427932e-05,8.42831232e-05,1.530125951e-05,0.5073592080000001,0.00610257641,0.00135761848,69.6874593,51.46709400000001,3.42465882e-05,6.30517422,0.0179201184,14.83661755,0.0009083340134000001,8.26552735e-05,0.0348193172,54.20179410000001,0.0009083340134000001,8.26552735e-05,0.005371612480000001,19.87150513,0.0009083340134000001,8.26552735e-05,0.007103254370000001,20.90162841,0.0009083340134000001,8.26552735e-05,0.0167987046,0.00043740279699999994,0.000450812523,0.0252796278,-0.6110542409999999,0.0661609522,0.032042340399999994,0.028058517699999997,1.633433735e-05,0.000289860482
147,1709299200,0.938023401,0.938036915,0.004618594746999999,-1.2840593999999999,1.7891046,0.8435190349999999,1.44911923,1.34854116,0.023583271600000004,0.434592903,1.5564402900000003e-05,1.828031559e-05,0.00017788923200000003,6.06962971e-06,4.2840146e-06,1.610837362e-05,8.22425894e-05,1.7192805159999997e-05,0.461062003,0.00630340044,0.00132217643,68.3455497,51.49104609999999,3.11670553e-05,6.40747663,0.0171863054,13.747136899999997,0.000949765147,8.64498719e-05,0.0335750017,50.1681864,0.000949765147,8.64498719e-05,0.0052045788899999995,18.22347362,0.000949765147,8.64498719e-05,0.006934606960000001,19.35985457,0.000949765147,8.64498719e-05,0.016724772199999998,0.000433710003,0.00044710684300000006,0.027606253300000005,-0.6231898280000001,0.0676150905,0.0319393611,0.028065186599999997,1.3666913700000001e-05,0.00026352840400000003
147,1709299800,1.110452804,1.110466213,-0.0012600447119999996,-1.2549239899999998,1.91248338,0.9116033439999999,1.57808565,1.47026985,0.027362914100000003,0.5090347599999999,1.4496312749999999e-05,1.597643815e-05,0.000204981487,6.429710459999999e-06,4.2307062000000005e-06,1.386156888e-05,0.00010479650200000002,2.362790837e-05,0.5451576570000001,0.00826789039,0.00142583353,71.01362259999999,51.68826849999999,3.68775395e-05,6.609149329999999,0.018660539400000002,16.2736238,0.0009129547666,8.30809806e-05,0.036317450099999996,58.8198029,0.0009129547666,8.30809806e-05,0.00549315515,21.4815037,0.0009129547666,8.30809806e-05,0.007551323389999999,22.528458800000003,0.0009129547666,8.30809806e-05,0.0177928491,0.0004986798969999999,0.0005121300840000001,0.019820887649999997,-0.612022565,0.06569491150000001,0.034589718400000004,0.030247101300000002,1.54390729e-05,0.00029791893800000004
147,1709300400,1.038899763,1.038913075,0.00808122073,-1.23373813,1.85589418,0.8740817519999998,1.5361594,1.4249684999999999,0.0288039718,0.4723704860000001,1.494246335e-05,1.63260829e-05,0.000206961443,3.649881893e-06,3.35602883e-06,1.305776676e-05,0.00010027522920000001,1.3914550629999996e-05,0.5105755719999999,0.00714680236,0.0013682932599999999,71.0785311,51.64243210000001,3.4555531099999994e-05,6.34887393,0.0181468779,15.392821399999999,0.0009611524929999998,8.74761281e-05,0.0351561303,55.684137699999994,0.0009611524929999998,8.74761281e-05,0.0054603247399999996,20.6625027,0.0009611524929999998,8.74761281e-05,0.00756877247,21.9032285,0.0009611524929999998,8.74761281e-05,0.0177346333,0.0004967746210000001,0.00051010559,0.02179700543,-0.629364434,0.05870340949999999,0.0346966819,0.030480988699999996,8.03941815e-06,0.000256110191
147,1709301000,0.9641547200000001,0.9641682579999997,0.006682662119999999,-1.1623846199999999,1.8227056799999999,0.8377871020000001,1.51530875,1.40021772,0.024777952,0.44288410999999994,1.4764262000000001e-05,1.58973942e-05,0.000205956685,2.8975747e-06,3.5003029200000006e-06,1.0994654950000001e-05,0.00012005876900000003,1.818546594e-05,0.46958059399999996,0.010790308839999999,0.0013276968600000002,71.355956,52.4445047,3.20239539e-05,6.55052199,0.0178665209,15.024854049999998,0.0009746145789999999,8.871879969999999e-05,0.034095326100000004,52.088861599999994,0.0009746145789999999,8.871879969999999e-05,0.00545458161,21.097194039999998,0.0009746145789999999,8.871879969999999e-05,0.00753957073,22.015628369999998,0.0009746145789999999,8.871879969999999e-05,0.0176670036,0.000498728688,0.000512134512,0.015252727130000001,-0.611479919,0.0451234031,0.0350407543,0.0306911784,4.87705603e-06,0.00022892721199999996
147,1709301600,0.9885935,0.988606692,-0.0034733718600000003,-1.14178979,1.83478099,0.8425649149999999,1.5342843499999999,1.4178057899999998,0.02389681635,0.45359035300000006,1.4900971999999999e-05,1.955354563e-05,0.000181376531,3.641380979999999e-06,3.88249607e-06,1.599020947e-05,0.000169086891,1.86918708e-05,0.481540823,0.011144285200000001,0.0011977088599999998,71.10928549999998,52.420954099999996,3.28438657e-05,6.47271834,0.018827683499999998,16.9468546,0.0008990909163999999,8.183598478e-05,0.0341590488,51.96258279999999,0.0008990909163999999,8.183598478e-05,0.005313858159999999,19.339632379999998,0.0008990909163999999,8.183598478e-05,0.00714384376,20.302443299999997,0.0008990909163999999,8.183598478e-05,0.017061609300000002,0.00048241097499999996,0.0004956823329999999,0.0201724187,-0.45509595,0.049160467,0.035388209399999995,0.030403364199999998,5.2745923600000005e-06,0.00022676616600000003
147,1709302200,0.9069337940000001,0.906947439,-0.009701101350000001,-1.09371716,1.79990499,0.8005219310000001,1.4818952499999998,1.36136656,0.031821255799999996,0.434435812,1.59987234e-05,1.434005723e-05,0.000188113574,3.741173811e-06,4.238363779999999e-06,1.050451134e-05,0.000170298348,1.579039505e-05,0.43996016199999993,0.011915432200000001,0.00118188978,70.30635469999999,52.8111258,3.01528681e-05,6.210092380000001,0.018325166599999998,16.0222779,0.0006283557849,5.704486739e-05,0.03279850769999999,48.167025100000004,0.0006283557849,5.704486739e-05,0.0050640159,13.783444900000001,0.0006283557849,5.704486739e-05,0.006857480340000001,14.84645918,0.0006283557849,5.704486739e-05,0.017048658799999998,0.00048079520599999994,0.000494380015,0.023465761100000003,-0.4650444239999999,0.046389528699999995,0.0353575419,0.0304182101,4.0392803099999995e-06,0.00021506308299999998
147,1709302800,1.114832713,1.114846326,-0.009911049199999999,-1.1727255499999998,1.9189335999999997,0.8959395029999999,1.5976612600000002,1.4825702600000001,0.031612796900000004,0.5055506820000001,1.4413144650000002e-05,1.587669805e-05,0.00018558756699999998,2.0664494639999997e-06,2.97332749e-06,2.5621704499999998e-05,0.00015337779399999998,1.869393438e-05,0.546488804,0.00925815116,0.00126429191,71.3273121,51.94488809999999,3.70368908e-05,6.5302134800000005,0.0195992008,18.1718167,0.000891294588,8.10596943e-05,0.0360854227,58.0406728,0.000891294588,8.10596943e-05,0.00540718651,19.2226413,0.000891294588,8.10596943e-05,0.00721955027,20.30045775,0.000891294588,8.10596943e-05,0.017087066999999997,0.00048411389300000006,0.0004977686189999999,0.022923152649999997,-0.450165597,0.04835709269999999,0.035509708,0.030628165899999997,3.98400672e-06,0.00021511852500000003
147,1709303400,1.0216635330000001,1.02167764,-0.015273375500000002,-1.1818516000000001,1.8583317599999998,0.8616463019999999,1.5372094400000003,1.42673107,0.0271406413,0.4686898029999999,1.604523375e-05,1.86845561e-05,0.000182810088,2.853950934e-06,3.575775376e-06,1.0654236220000002e-05,0.00016831077399999996,1.80113052e-05,0.50076279,0.00841618412,0.00124597616,68.2404962,51.8163083,3.39574689e-05,6.38536878,0.018905439700000002,16.951217800000002,0.0008024603639999999,7.291941570000001e-05,0.0346834625,53.475625300000004,0.0008024603639999999,7.291941570000001e-05,0.00532024558,17.37334803,0.0008024603639999999,7.291941570000001e-05,0.00705170574,18.521598680000004,0.0008024603639999999,7.291941570000001e-05,0.0170384384,0.0004789495479999999,0.000492949164,0.0249390482,-0.4695852080000001,0.0472359657,0.03522077,0.030344396699999998,3.5697686700000006e-06,0.000207072063
147,1709304000,1.2839671200000002,1.28398081,-0.0112064085,-1.23155799,2.0112238499999995,0.9743254409999998,1.7049145000000003,1.59349863,0.024427323299999998,0.563121643,1.603870075e-05,1.63878861e-05,0.000186604233,4.31176751e-06,4.8719978e-06,1.346044221e-05,0.000168729,2.1772679740000002e-05,0.632302632,0.00802238762,0.00124010871,68.3723931,51.3756944,4.26816941e-05,6.37044576,0.0205333353,19.7382225,0.0009578999858999999,8.724560991e-05,0.0384882327,64.9028557,0.0009578999858999999,8.724560991e-05,0.00560793079,23.2579366,0.0009578999858999999,8.724560991e-05,0.00734261599,24.0935591,0.0009578999858999999,8.724560991e-05,0.0170673673,0.000480664892,0.0004943791759999999,0.0227584318,-0.45623511800000005,0.0492164456,0.035241335400000004,0.0302468713,4.26720623e-06,0.00021331365900000002
147,1709304600,1.6583728,1.65838657,-0.009061656349999999,-1.26962158,2.1383903,1.1148878899999999,1.92399624,1.8056801100000002,0.024787505300000002,0.705024057,1.8145624650000002e-05,1.809907115e-05,0.00018914706,7.16566543e-06,8.85858536e-06,1.352439106e-05,0.00017938330899999999,3.435492487e-05,0.819118217,0.0083480274,0.0012653078,64.406056,51.123247000000006,5.513623580000001e-05,6.30666823,0.022453355799999998,23.350039900000002,0.0011878342980000001,0.00010817916969999999,0.043264046300000004,80.9422641,0.0011878342980000001,0.00010817916969999999,0.005686891540000001,25.5370049,0.0011878342980000001,0.00010817916969999999,0.00737986803,26.468210899999995,0.0011878342980000001,0.00010817916969999999,0.017048075200000002,0.000478681691,0.000492405601,0.01436875494,-0.46705114400000003,0.0448272614,0.035106905,0.0302124069,3.5480572100000004e-06,0.00020446019699999998
147,1709305200,1.5408747,1.54088844,-0.010342154600000002,-1.26956815,2.08521365,1.07542408,1.8515065200000003,1.73457793,0.028859784899999998,0.6752667709999999,1.64232424e-05,1.555469335e-05,0.000179161673,5.65990162e-06,6.89554307e-06,2.1892662819999996e-05,0.00015793941299999998,3.22218089e-05,0.76048459,0.00830638346,0.00122433365,67.55195189999999,51.1904962,5.11962769e-05,6.453119429999999,0.0217582989,21.8896193,0.001291586961,0.00011770518319999998,0.0417848591,75.650767,0.001291586961,0.00011770518319999998,0.0059049164200000006,28.743548000000004,0.001291586961,0.00011770518319999998,0.00751453039,29.842339199999998,0.001291586961,0.00011770518319999998,0.016712729,0.000455585939,0.00046925133100000004,0.021824507700000002,-0.48465002999999995,0.0431017068,0.0341906389,0.029346731699999996,3.33442446e-06,0.000194287441
147,1709305800,1.37185454,1.37186811,-0.00800223674,-1.27824304,1.95804729,1.0180879649999999,1.7472158400000002,1.63692494,0.023982284899999998,0.5920048529999999,1.4821534799999998e-05,1.66680909e-05,0.00017048461500000003,2.6699041779999997e-06,3.494311936e-06,2.7345457530000004e-05,0.00013401495329999998,1.701060255e-05,0.6765684340000001,0.007833220679999999,0.00115268613,69.1622211,51.2335379,4.5618364000000005e-05,6.13550255,0.0208914697,20.1675365,0.0011212392999999999,0.0001021120405,0.039732790899999995,68.640101,0.0011212392999999999,0.0001021120405,0.00573574747,24.6550485,0.0011212392999999999,0.0001021120405,0.00732505363,25.668174099999998,0.0011212392999999999,0.0001021120405,0.016542178600000002,0.00044468020000000005,0.00045827581899999994,0.0194514112,-0.498485795,0.041537296700000004,0.033698014699999994,0.028998135400000003,3.06009906e-06,0.00018987979899999998
147,1709306400,1.8898360800000003,1.88984959,-0.00764647156,-1.35404265,2.3138956299999998,1.21021434,2.00634873,1.8851450200000002,0.04539184239999999,0.848889574,1.5239312150000002e-05,1.4193131200000001e-05,0.000168570602,3.7660481760000003e-06,4.78684568e-06,1.074281262e-05,0.000154924073,2.47527972e-05,0.935824742,0.007545074069999999,0.00116464862,67.5332698,50.894561700000004,6.285100119999999e-05,6.223901929999999,0.023539728599999997,25.2024158,0.001753522054,0.0001600228801,0.0458981623,90.4284603,0.001753522054,0.0001600228801,0.006082123,36.017302050000005,0.001753522054,0.0001600228801,0.00755071987,37.4482979,0.001753522054,0.0001600228801,0.0164354153,0.000434810146,0.00044832869299999995,0.0022864171,-0.50100744,0.046255334599999996,0.033036237499999996,0.0282649654,5.47412283e-06,0.000198303755
147,1709307000,1.778199433,1.7782131700000001,-0.01351482685,-1.45551895,2.0738133,1.1923993240000001,1.8765572999999995,1.7838169700000002,0.038383165399999995,0.7862534740000001,1.6153586550000003e-05,5.626650439999999e-06,3.0215832690000002e-05,3.824340998e-06,5.399393499999999e-06,1.9489587320000003e-05,4.29906388e-05,2.387955435e-05,0.8808752679999999,0.00780138404,0.00028917459000000003,66.30285889999999,50.9460755,5.9146264899999986e-05,5.91452856,0.021453035999999995,20.5256926,0.001673506934,0.0001527230782,0.0436257131,79.57728549999999,0.001673506934,0.0001527230782,0.0059732223999999995,34.36556469999999,0.001673506934,0.0001527230782,0.00416247751,34.687779,0.001673506934,0.0001527230782,0.0068914564,8.51254654e-05,9.876994940000001e-05,0.00937132746,-0.20343655999999996,0.01899930095,0.010071661479999999,0.006540335369999999,8.87452725e-06,5.5160100299999995e-05
147,1709307600,1.2835801249999998,1.283593614,-0.0178345689,-1.5240119,1.77459169,1.0284389959999998,1.5535599100000002,1.47878263,0.030932952599999997,0.5823524840000001,1.612259565e-05,3.4087243159999998e-06,8.28563703e-06,4.152651421999999e-06,5.395350336e-06,1.152063512e-05,3.368190610000001e-05,2.203092314e-05,0.6337302140000001,0.0078122923999999995,0.00015632114199999998,65.94919780000001,51.287582900000004,4.2683638399999996e-05,5.98704543,0.0180395941,14.367060700000001,0.0010457412336,9.524956843e-05,0.0367400714,55.7830921,0.0010457412336,9.524956843e-05,0.00531972174,22.50059107,0.0010457412336,9.524956843e-05,0.00288736692,22.45164544,0.0010457412336,9.524956843e-05,0.0051884222,2.72229784e-05,4.073508169999999e-05,0.011431532349999999,1.5301587299999997,0.0195800011,0.00526662078,0.00334346892,2.86561948e-06,3.71374347e-05
147,1709308200,1.179466375,1.1794797559999999,-0.0194717755,-1.49747466,1.6980143199999997,0.9820616870000001,1.5201839300000002,1.43914389,0.022362052099999998,0.521227196,1.64555401e-05,3.5112737230000002e-06,3.96200228e-06,4.834442669999999e-06,5.874596474e-06,7.544060819999999e-06,1.444822911e-05,2.3016264200000003e-05,0.581290404,0.00825285109,0.00012371451520000001,66.3829123,51.4764853,3.92072091e-05,6.2711612,0.0168441779,12.31416755,0.0006408088923,5.813866256e-05,0.035082022899999996,50.66055240000001,0.0006408088923,5.813866256e-05,0.00514517507,15.655886450000002,0.0006408088923,5.813866256e-05,0.00246158446,15.36807134,0.0006408088923,5.813866256e-05,0.00379218943,5.50123807e-06,1.8861506000000002e-05,0.07510922817000001,20.906913628999998,0.01444296419,-1.1360812999999977e-05,-0.0008800841660000001,3.0399504860000003e-06,3.1511268499999995e-05
147,1709308800,0.8827017360000001,0.882715328,-0.0189614707,-1.40734951,1.5676228900000002,0.838390253,1.3585540000000003,1.2716637800000001,0.021565569450000002,0.40040479599999995,1.477513475e-05,1.48597471e-06,2.069554919e-06,2.328316487e-06,2.910531983e-06,3.806401356e-06,8.823295040000001e-06,1.3424720030000001e-05,0.433479525,0.0077503593100000006,8.49692618e-05,69.415418,51.835806500000004,2.93528662e-05,6.21898896,0.014639462,9.507845040000001,0.0007569688563000001,6.882686447e-05,0.03044214900000001,38.3384004,0.0007569688563000001,6.882686447e-05,0.00505113118,15.121504860000002,0.0007569688563000001,6.882686447e-05,0.00220826305,14.963237470000001,0.0007569688563000001,6.882686447e-05,0.00379634009,5.35132755e-06,1.8973139699999998e-05,-0.032726858531,20.6287129604,0.01260523399,-3.5608572500000025e-05,-0.000821194163,2.1021727899999997e-06,2.34670493e-05
147,1709309400,0.8616769,0.8616904849999999,-0.020712024199999998,-1.3572264,1.45943205,0.820680568,1.36140406,1.2767265,0.013242073440000002,0.368490976,1.5263700799999997e-05,1.976284502e-06,2.6683367649999998e-06,3.195060569999999e-06,3.57326592e-06,4.774395497e-06,1.035290065e-05,1.527081304e-05,0.424203155,0.0065001016299999995,9.16803726e-05,67.69445809999999,51.578778799999995,2.86478978e-05,6.31604865,0.014251238350000004,9.02774552,0.0006496244259999999,5.89689223e-05,0.0300029728,37.0656751,0.0006496244259999999,5.89689223e-05,0.00511022176,14.497032149999999,0.0006496244259999999,5.89689223e-05,0.0023025688499999997,14.23412256,0.0006496244259999999,5.89689223e-05,0.00382595852,5.9072667299999996e-06,1.9434610199999996e-05,-0.0234809128,0.1523103834,0.006722306209999999,0.00022129158910000002,-0.000639267648,1.222527819e-06,1.1152216649999999e-05
147,1709310000,1.030598887,1.0306123799999998,-0.018369533200000003,-1.45246764,1.6181369099999998,0.911014636,1.4467192,1.36039155,0.012807218740000001,0.43698309999999996,1.6111761e-05,3.102099896e-06,3.6832678499999996e-06,4.125616607e-06,4.994030465000001e-06,6.4838472329999985e-06,1.2638177799999999e-05,1.952961018e-05,0.508614007,0.00653331573,9.49085227e-05,65.7992927,51.357560899999996,3.42762051e-05,6.108591970000001,0.0156156405,10.6563534,0.0006738651309999999,6.117624649999999e-05,0.0327815031,44.240943599999994,0.0006738651309999999,6.117624649999999e-05,0.00517953602,16.16156607,0.0006738651309999999,6.117624649999999e-05,0.00243965933,15.851182900000001,0.0006738651309999999,6.117624649999999e-05,0.00378380439,5.5639819999999995e-06,1.90355428e-05,0.0503433895,10.75864284245,0.01216143984,0.0001142861023,-0.0007128300799999999,1.749444923e-06,2.0492899049999998e-05
147,1709310600,0.8712758559999999,0.871289545,-0.017787852399999998,-1.4571257,1.49449559,0.837260053,1.3251029699999999,1.2453755499999999,0.01632272623,0.37730745299999996,1.47372746e-05,1.373239544e-06,2.170248138e-06,2.52412554e-06,2.670043535e-06,3.642751876e-06,9.49179439e-06,1.276369558e-05,0.42878169800000004,0.00673225021,8.822283749999998e-05,69.9590116,51.66228689999999,2.89685975e-05,6.19169723,0.014496218400000002,9.28767404,0.0005354149790999999,4.852660111e-05,0.030150439500000004,37.6665337,0.0005354149790999999,4.852660111e-05,0.00500193095,13.190338640000002,0.0005354149790999999,4.852660111e-05,0.00219080011,12.899487900000002,0.0005354149790999999,4.852660111e-05,0.0038884109899999996,7.1953919499999996e-06,2.0793637399999998e-05,-0.013487272569999995,4.7788317104999996,0.013957425420000003,0.0005647567063000001,-0.000365898424,1.9796413639999998e-06,2.2006002500000003e-05
147,1709311200,1.020284991,1.020298491,-0.0156405464,-1.4812402199999999,1.60433646,0.910546139,1.4183683,1.33189065,0.02369757426,0.455265487,1.5381143600000005e-05,2.2660432060000002e-06,2.9389442270000004e-06,3.167301086e-06,4.1035236760000005e-06,5.70036441e-06,1.277286822e-05,1.823673438e-05,0.503369199,0.00662316647,9.899772689999999e-05,68.0146659,51.359000300000005,3.3922606e-05,6.1824151,0.01588577145,11.034965999999999,0.00044684742899999997,4.03732237e-05,0.0328654889,44.7145476,0.00044684742899999997,4.03732237e-05,0.00503991298,13.62679006,0.00044684742899999997,4.03732237e-05,0.0022618392899999996,13.21098182,0.00044684742899999997,4.03732237e-05,0.0038511602299999997,6.72944933e-06,2.0262406e-05,-0.0772988018635,16.9512851192,0.0132028095,0.000502015723,-0.000414042752,2.6035912190000004e-06,2.97191851e-05
147,1709311800,1.0517082370000002,1.0517217440000002,-0.01325347265,-1.48844528,1.58427335,0.9238434730000001,1.44308152,1.3540163500000002,0.0237474668,0.46590518799999997,1.5701324649999996e-05,2.678531571e-06,3.260788307e-06,3.819099994e-06,4.2846614999999995e-06,5.34491368e-06,1.3606588850000002e-05,1.7109482880000005e-05,0.518757744,0.006962363640000001,8.177892190000001e-05,66.35078600000001,51.396449600000004,3.4976194099999994e-05,6.050604890000001,0.01608920215,11.321799250000002,0.0009291141729999999,8.457142639999999e-05,0.0331870015,45.5842968,0.0009291141729999999,8.457142639999999e-05,0.0052405308,18.5044373,0.0009291141729999999,8.457142639999999e-05,0.00250884425,18.3871674,0.0009291141729999999,8.457142639999999e-05,0.003912266100000001,7.47597377e-06,2.0953308700000005e-05,0.05138709835000001,-0.0888901814,0.007611692199999999,0.000799975833,-0.00019052636659999998,1.10438875e-06,1.093248875e-05
147,1709312400,0.784584921,0.784598456,-0.013331338199999997,-1.4832580600000003,1.36354159,0.8015193110000001,1.2551258200000002,1.18132357,0.014465305959999999,0.339360858,1.4213292049999999e-05,9.396221650000001e-07,1.549978115e-06,1.491554175e-06,1.8269798569999997e-06,2.704875605e-06,8.110607370000001e-06,9.199611249999998e-06,0.384876717,0.007317712509999999,7.15915573e-05,71.53024239999999,51.9162239,2.6093948400000002e-05,6.10638321,0.0137741041,8.3127913,0.00046750282790000003,4.23152846e-05,0.028618141899999998,33.6892093,0.00046750282790000003,4.23152846e-05,0.00482516436,10.771898830000001,0.00046750282790000003,4.23152846e-05,0.00198484843,10.457814873,0.00046750282790000003,4.23152846e-05,0.0038097138699999997,5.67728509e-06,1.91944621e-05,0.078001874576,-0.08034802859999998,0.00630991607,0.0002617275836,-0.0005921564999999999,8.40693133e-07,1.0418253849999998e-05
147,1709313000,0.8440645230000001,0.8440780670000001,-0.0117891935,-1.47632392,1.4082429900000002,0.830345945,1.30807743,1.2321750999999999,0.00771543036,0.355833028,1.574566305e-05,2.5287502699999996e-06,2.799575146e-06,3.5307867629999997e-06,4.29982771e-06,5.55589675e-06,1.074076293e-05,1.722607054e-05,0.41445808600000006,0.00745036798,7.489728759999999e-05,67.9187738,51.7993561,2.80524434e-05,6.322623269999999,0.014303408499999998,8.92359435,0.0011041389260000002,0.0001006316527,0.029772389599999994,36.407987500000004,0.0011041389260000002,0.0001006316527,0.00536325004,21.060598699999996,0.0011041389260000002,0.0001006316527,0.00249449438,21.1286066,0.0011041389260000002,0.0001006316527,0.0037453463400000005,3.88311952e-06,1.7467112899999998e-05,-0.03811321881,0.4531387960999999,0.00545929591,-0.0005105963204,-0.0012540920419999999,8.976947500000002e-07,1.001756585e-05
147,1709313600,0.536404066,0.5364176479999999,-0.013894713250000001,-1.48029895,1.1465975400000001,0.664738119,1.03878171,0.9797549090000001,0.011933037859999999,0.237415214,1.486844085e-05,1.465643076e-06,1.6394951750000001e-06,2.468295395e-06,2.5660006070000003e-06,3.3003126899999996e-06,6.40357231e-06,1.030048653e-05,0.260331628,0.007767275549999999,7.309108e-05,71.4536234,52.94392640000001,1.78279126e-05,6.400660220000001,0.011259529199999998,5.595643969999999,0.0005287586201999999,4.7938347629999996e-05,0.0236597797,23.0478654,0.0005287586201999999,4.7938347629999996e-05,0.0048385460900000005,11.05257005,0.0005287586201999999,4.7938347629999996e-05,0.00181778605,10.81610702,0.0005287586201999999,4.7938347629999996e-05,0.00375260511,3.4989989700000006e-06,1.70158255e-05,-0.0313336315,0.6299183819999999,0.00480483112,-0.0007990097899999999,-0.00143795418,9.501878909999998e-07,9.3006357e-06
147,1709314200,0.478463566,0.478477101,-0.0141069748,-1.42829799,1.1000586,0.6243843659999999,1.0110683550000001,0.9400037249999998,0.0068982505299999995,0.206357002,1.42151882e-05,8.26153351e-07,8.632322650000001e-07,1.3093179969999999e-06,1.5000948600000002e-06,1.9359295629999993e-06,4.68003453e-06,6.43874992e-06,0.231293871,0.00785645525,6.293822100000001e-05,74.21415160000001,53.344015,1.59121288e-05,6.1596538700000005,0.0106732148,5.10135211,0.0003949961570999999,3.568424051e-05,0.0222214589,20.305037300000002,0.0003949961570999999,3.568424051e-05,0.0046535566899999995,8.41517058,0.0003949961570999999,3.568424051e-05,0.001594474227,8.12148452,0.0003949961570999999,3.568424051e-05,0.00370638372,2.41713447e-06,1.59946231e-05,0.0379059284,0.646350157,0.0039724672199999995,-0.00114198002,-0.0017718546500000002,7.460054849999999e-07,8.659325620000001e-06
147,1709314800,0.472294325,0.472307745,-0.014606269799999998,-1.45077399,1.08764565,0.6235237990000001,1.004693172,0.9318284499999999,0.0038998562299999997,0.197528878,1.413689765e-05,8.84809631e-07,9.80697512e-07,1.8121305559999999e-06,1.7496380680000002e-06,2.34427005e-06,5.9861936799999995e-06,8.19993578e-06,0.227508496,0.008540578900000002,7.51189891e-05,72.96621050000002,53.657102599999995,1.56961068e-05,6.47216315,0.0105807911,5.01746505,0.00037403096939999997,3.377250768e-05,0.0221101154,20.087065899999995,0.00037403096939999997,3.377250768e-05,0.004613596440000001,8.07068065,0.00037403096939999997,3.377250768e-05,0.00156641856,7.763609810000001,0.00037403096939999997,3.377250768e-05,0.0037322500700000005,3.37764644e-06,1.67720444e-05,-0.002036841869999998,0.7713654350000001,0.0049416778299999995,-0.000705072248,-0.00143600068,1.13134571e-06,9.8921197e-06
147,1709315400,0.4832423,0.48325569999999995,-0.0134808648,-1.39389341,1.10463376,0.624762814,1.029706434,0.9563166840000001,0.004152140899999999,0.201282666,1.387471135e-05,6.04667484e-07,6.57298875e-07,1.157630069e-06,1.314844839e-06,1.6754163700000004e-06,4.403697530000001e-06,6.1076340899999995e-06,0.23244508800000002,0.0090968741,6.265370209999999e-05,75.54903479999999,53.807627600000004,1.606711445e-05,6.28709147,0.01067098095,5.1428068,0.00041951988360000006,3.7953598845000004e-05,0.022321910099999998,20.451896100000003,0.00041951988360000006,3.7953598845000004e-05,0.00472383352,9.2862753,0.00041951988360000006,3.7953598845000004e-05,0.0016789493999999998,8.96333426,0.00041951988360000006,3.7953598845000004e-05,0.00369889146,2.7624350799999998e-06,1.62038519e-05,-0.0033489231,0.593132585,0.0038948083600000003,-0.000970196752,-0.00162611684,8.27254835e-07,8.92036225e-06
147,1709316000,0.561986034,0.5619994660000001,-0.01343023585,-1.4524662899999998,1.1632855100000001,0.678500718,1.08772075,1.0121933699999999,0.00618866883,0.23726477900000004,1.48511846e-05,1.6186545339999999e-06,1.797910017e-06,2.7890288499999993e-06,2.77438521e-06,3.5613406000000004e-06,6.91695857e-06,1.109921266e-05,0.27155433100000004,0.00933747295,6.91308641e-05,73.1229482,53.40292850000001,1.8675339800000004e-05,6.46259099,0.0115267438,5.928262309999999,0.0007798627000000001,7.09460838e-05,0.024007741399999998,23.7262987,0.0007798627000000001,7.09460838e-05,0.00501488229,14.82296074,0.0007798627000000001,7.09460838e-05,0.00203478203,14.73163465,0.0007798627000000001,7.09460838e-05,0.0037632119999999997,3.81682957e-06,1.72764476e-05,0.018557476099999998,0.7138437641000001,0.00461821101,-0.000603491456,-0.0013369028939999997,1.179657343e-06,1.022134172e-05
147,1709316600,0.6170622550000001,0.6170758450000001,-0.0134307823,-1.4976722800000002,1.2104244499999999,0.715976048,1.1241718299999999,1.0500320499999998,0.005370085509999999,0.26247850800000005,1.5105590949999998e-05,1.7060370260000001e-06,1.7783956000000001e-06,2.364126358e-06,2.838177324e-06,3.576723496e-06,6.70823242e-06,1.069759142e-05,0.299190421,0.00924446,6.50613571e-05,72.3136963,53.05169000000001,2.05115925e-05,6.06430428,0.012138913650000001,6.4673390600000005,0.0003376726204,3.041130753e-05,0.025255904000000003,26.1874122,0.0003376726204,3.041130753e-05,0.0047898592100000005,9.186609740000002,0.0003376726204,3.041130753e-05,0.0018073451400000002,8.7522593,0.0003376726204,3.041130753e-05,0.00370941505,2.62401737e-06,1.61866689e-05,0.02478292102,0.7548554283999999,0.00463832133,-0.0010424605174000003,-0.00167387142,7.51122799e-07,8.713475849999999e-06
147,1709317200,0.4948764789999999,0.4948898890000001,-0.014910120399999999,-1.52813603,1.0771454100000002,0.6426196940000001,0.988605203,0.9301783840000001,0.0055502899300000005,0.21176934199999997,1.447940095e-05,1.270352369e-06,1.350229579e-06,1.8434064589999998e-06,2.2995222879999997e-06,3.028397469e-06,6.51993137e-06,9.565024500000001e-06,0.24060191799999994,0.0067414235000000005,6.78095972e-05,71.3410531,52.756262199999995,1.6445872199999998e-05,6.42501234,0.0109775932,5.25645464,0.0003575656323,3.224540885e-05,0.022677846499999998,21.113422500000002,0.0003575656323,3.224540885e-05,0.0046724845,7.8643367799999995,0.0003575656323,3.224540885e-05,0.00163948527,7.56730153,0.0003575656323,3.224540885e-05,0.0037004530099999993,2.66084967e-06,1.6080586099999996e-05,0.0835633619,0.807816152,0.005016994889999999,-0.001003311129,-0.0016654821850000002,8.267588710000001e-07,9.0499507e-06
147,1709317800,0.5051234179999999,0.505136977,-0.014516380300000001,-1.5204498800000001,1.0769578600000003,0.648479675,1.002780613,0.9424787499999999,0.005401814180000001,0.21235251699999996,1.4893453500000002e-05,1.533026016e-06,1.695447097e-06,2.4929832310000004e-06,2.679876838e-06,3.3990419150000005e-06,7.143279900000001e-06,1.062210495e-05,0.24586912400000002,0.0065932592,6.832126569999999e-05,68.94108150000001,52.64555949999999,1.67847928e-05,6.23505349,0.0112287043,5.5110655600000005,0.0003373151411,3.0422765709999998e-05,0.0229268543,21.584406800000004,0.0003373151411,3.0422765709999998e-05,0.004649354970000001,8.308768259999999,0.0003373151411,3.0422765709999998e-05,0.00160282696,8.002099609999998,0.0003373151411,3.0422765709999998e-05,0.00375423336,3.40519538e-06,1.69188169e-05,0.04700347312,0.7068078657500001,0.00466838036,-0.0007350695492,-0.001443371525,9.953964720000002e-07,9.48173575e-06
147,1709318400,0.46597395299999994,0.46598739800000005,-0.01573286135,-1.57892378,1.009830835,0.62788071,0.9388036659999999,0.883676979,0.00574560027,0.19667717099999998,1.39066734e-05,6.20287819e-07,6.800422720000001e-07,1.2005876e-06,1.4468244710000002e-06,2.0197194760000003e-06,5.76873421e-06,7.657521029999998e-06,0.225905192,0.0069925325400000005,6.93154983e-05,74.28367150000001,53.073386600000006,1.5487382500000002e-05,6.486045010000001,0.010680555050000002,4.941983339999999,0.000761168934,6.927037908e-05,0.021931526,19.781626999999997,0.000761168934,6.927037908e-05,0.00496223422,14.36567436,0.000761168934,6.927037908e-05,0.0019320131,14.27021058,0.000761168934,6.927037908e-05,0.00369639336,2.6270283400000003e-06,1.60563416e-05,0.07593901762,1.0238016269999999,0.00563416506,-0.0010220168929999998,-0.0016740500199999998,8.5785795e-07,9.2975794e-06
147,1709319000,0.46744815200000006,0.4674614839999999,-0.01637919715,-1.5035041999999998,1.06675755,0.622839276,0.969142086,0.9085027369999998,0.00530872626,0.203063103,1.42789993e-05,1.0891962700000003e-06,1.23402267e-06,1.972814906e-06,2.019396899e-06,2.6967718e-06,6.233715489999999e-06,8.79548437e-06,0.22699075,0.006648069380000001,6.020395039999999e-05,72.00679110000002,52.8934215,1.55339051e-05,6.23132688,0.010638648850000001,4.974262380000001,0.0006605490505000001,6.00231192e-05,0.0220429869,19.973336300000003,0.0006605490505000001,6.00231192e-05,0.0048985808799999996,12.19008786,0.0006605490505000001,6.00231192e-05,0.00187958882,12.07823115,0.0006605490505000001,6.00231192e-05,0.0037234609599999997,3.17491295e-06,1.651634055e-05,0.024485132639999997,0.6852345701000001,0.004471640840000001,-0.0008459446464000001,-0.001509453987,1.0166264429999998e-06,9.247019089999998e-06
147,1709319600,0.425011345,0.42502463299999993,-0.0177639539,-1.4727900799999998,1.0064182350000002,0.592386434,0.9370411010000002,0.875014226,0.00353134055,0.17673685300000003,1.3969619949999998e-05,8.190303649999998e-07,8.94812746e-07,1.35089453e-06,1.544855033e-06,1.987092214e-06,5.263682860000001e-06,6.37673085e-06,0.205690618,0.00674133194,5.4698763099999996e-05,72.29153099999999,53.2111369,1.4129894e-05,6.39196435,0.0101318883,4.5579629,0.00025450959674,2.2888698856e-05,0.0210188937,18.135695700000003,0.00025450959674,2.2888698856e-05,0.00444416916,6.0438296550000015,0.00025450959674,2.2888698856e-05,0.0013845656499999997,5.712923697000001,0.00025450959674,2.2888698856e-05,0.0036749617499999996,2.4790107200000002e-06,1.5784425749999996e-05,0.0941381588276,0.695881442,0.0037550431,-0.0010467637229999997,-0.00171357214,8.350576639999999e-07,8.64589767e-06
147,1709320200,0.599621394,0.5996346129999999,-0.016088142300000004,-1.46427155,1.24432548,0.698419995,1.109996399,1.032181515,0.00945445855,0.258828649,1.4019330500000002e-05,9.591089680000002e-07,1.0221599176e-06,1.8381312169999999e-06,1.6049411289999997e-06,1.97160748e-06,5.28876859e-06,5.83777971e-06,0.28995469300000004,0.00978752457,4.90567649e-05,75.9555889,53.291416100000006,1.9949565000000004e-05,5.77177662,0.0119408008,6.398890570000001,0.0006642542663,6.0358891309999996e-05,0.024752831999999995,25.4833689,0.0006642542663,6.0358891309999996e-05,0.00484224228,12.609435600000001,0.0006642542663,6.0358891309999996e-05,0.00189131087,12.47562855,0.0006642542663,6.0358891309999996e-05,0.00373293727,3.7214460999999996e-06,1.7001530899999996e-05,0.05284841965,3.333589276,0.008546223050000001,-0.0005994826499999999,-0.001346265204,1.314524932e-06,1.17666062e-05
147,1709320800,0.836048321,0.836061724,-0.01062849819,-1.40442083,1.46108211,0.819121992,1.34280347,1.2444379900000002,0.02183198373,0.360018348,1.53900732e-05,2.267623445e-06,2.415261047e-06,3.089890936e-06,3.824915054e-06,4.779302499e-06,8.71640223e-06,1.472980965e-05,0.405384907,0.01250967285,8.72205019e-05,71.000333,53.070466999999994,2.7789989200000003e-05,6.19453409,0.0139688955,8.73681956,0.00026921605720000007,2.412792789e-05,0.029296893,35.4267528,0.00026921605720000007,2.412792789e-05,0.00469971706,8.25251544,0.00026921605720000007,2.412792789e-05,0.0018546002699999999,7.822169620000001,0.00026921605720000007,2.412792789e-05,0.0036872754200000003,2.9398590200000004e-06,1.62641892e-05,0.018327103,0.8100831850000001,0.00526030465,-0.000825866133,-0.0015453011499999998,8.70880215e-07,9.011099800000001e-06
147,1709321400,0.8040297150000001,0.8040429660000001,-0.0113572391,-1.3744815,1.4376063700000001,0.793425665,1.29903964,1.22069976,0.01748464462,0.367093757,1.3656714299999997e-05,6.448751509999999e-07,7.428627279999999e-07,1.655647792e-06,1.8704043500000002e-06,2.59103531e-06,6.04371581e-06,1.1480704570000001e-05,0.393914053,0.007988112500000002,8.719037190000001e-05,73.14636340000001,52.155340100000004,2.67255267e-05,6.267815409999999,0.013619103300000001,8.347925210000001,0.0011043822506,0.00010068338465999999,0.028850441499999997,34.7817959,0.0011043822506,0.00010068338465999999,0.00531135558,20.88956144,0.0011043822506,0.00010068338465999999,0.00245938036,20.93696339,0.0011043822506,0.00010068338465999999,0.0037344903999999997,3.90062603e-06,1.71924806e-05,-0.009772855499999997,0.8272753819999998,0.00562681118,-0.000548818648,-0.0012573884399999999,1.1031202950000001e-06,1.000283585e-05
147,1709322000,0.6034561789999999,0.6034693289999999,-0.0124406551,-1.39787674,1.221224792,0.691091127,1.136172203,1.0564072549999999,0.00811523628,0.254581142,1.48905575e-05,1.96298548e-06,2.0932355389999996e-06,2.7723765900000003e-06,3.3002578600000004e-06,4.283009904999999e-06,7.84281971e-06,1.321205632e-05,0.29486244,0.006766438099999999,6.17805874e-05,69.4850009,52.304025100000004,2.00530166e-05,6.40659052,0.011987856149999998,6.43446038,0.00029832162800000003,2.6814378650000004e-05,0.025063559999999995,26.0290113,0.00029832162800000003,2.6814378650000004e-05,0.00471639238,8.257686589999999,0.00029832162800000003,2.6814378650000004e-05,0.0017688542799999998,7.869869459999999,0.00029832162800000003,2.6814378650000004e-05,0.00365360737,2.6347736800000004e-06,1.5775996399999998e-05,0.04124026530000001,3.3685389540000004,0.00732217025,-0.000960496387,-0.00162913438,8.38805137e-07,9.29301227e-06
147,1709322600,0.837993876,0.8380072519999999,-0.0117089469,-1.5172599199999999,1.3662416599999998,0.826533615,1.2689637269999998,1.19636154,0.016550695959999997,0.358566172,1.4931294650000001e-05,1.903852059e-06,2.029056155e-06,2.924414255e-06,3.3820956579999995e-06,4.337295587e-06,8.204963409999999e-06,1.440961285e-05,0.413476511,0.005412262419999999,6.93309111e-05,67.2608322,51.412417899999994,2.7863267700000002e-05,6.222040730000002,0.0141353381,8.718685010000002,0.0010290475255,9.37647235e-05,0.029577255999999996,36.4745331,0.0010290475255,9.37647235e-05,0.005202788359999999,19.63716299,0.0010290475255,9.37647235e-05,0.00235929428,19.63441968,0.0010290475255,9.37647235e-05,0.0037204248600000004,3.66529736e-06,1.6938336500000003e-05,0.01489240845,0.5980272034999999,0.00458822698,-0.0005755712138,-0.0013013911560000003,1.048246289e-06,9.7222419e-06
147,1709323200,0.7738517540000001,0.7738650420000001,-0.01206692615,-1.4743680200000002,1.32922807,0.792866992,1.24935067,1.1765234199999999,0.01020257783,0.324220028,1.4542402e-05,1.5337670069999997e-06,1.6011964235e-06,2.242380927e-06,2.8824932139999997e-06,3.741277844e-06,7.35127878e-06,1.300258674e-05,0.38155227599999997,0.005269227400000001,7.069311170000001e-05,69.0517772,51.41798250000001,2.5729997300000003e-05,5.985292889999999,0.0137093518,8.19616859,0.0010880985389999998,9.918089613999998e-05,0.028523407100000002,33.586081300000004,0.0010880985389999998,9.918089613999998e-05,0.00523557674,19.631149600000004,0.0010880985389999998,9.918089613999998e-05,0.00237269234,19.71886914,0.0010880985389999998,9.918089613999998e-05,0.00368392092,2.83305826e-06,1.6178064700000003e-05,-0.0013839128999999979,0.8339996590000001,0.005512366560000001,-0.0008999899149999999,-0.0015775459399999998,7.895976299999999e-07,8.951844430000001e-06
147,1709323800,0.693848981,0.693862253,-0.009905938199999999,-1.48666594,1.2565883699999998,0.7529266160000001,1.18293614,1.11843416,0.0052363372500000005,0.28872707000000003,1.4146799350000001e-05,1.094925776e-06,1.1382896904000001e-06,1.9006672050000002e-06,1.9025554019999996e-06,2.2274279380000004e-06,4.51621229e-06,7.08948755e-06,0.341533188,0.005329856860000001,4.06408684e-05,69.8536417,51.56144680000001,2.30866494e-05,5.460675220000001,0.013088667100000001,7.42524991,0.0007845734910000001,7.136704149999999e-05,0.027048887100000002,30.0423454,0.0007845734910000001,7.136704149999999e-05,0.00501173556,15.024130480000002,0.0007845734910000001,7.136704149999999e-05,0.00210569861,14.909739429999998,0.0007845734910000001,7.136704149999999e-05,0.00372274642,3.6524047900000006e-06,1.6931348000000003e-05,-0.024403285677,0.4341261156,0.004229119499999999,-0.0006492828070000001,-0.00133244172,1.042928329e-06,9.1748215e-06
147,1709324400,0.73001901,0.7300323200000001,-0.008760449200000001,-1.5057188799999999,1.28655178,0.773345401,1.20476179,1.14074733,0.005644120109999999,0.303536684,1.47098398e-05,1.6710921520000005e-06,1.713614042e-06,2.440799072e-06,2.9282338360000005e-06,3.744882936e-06,7.187747569999999e-06,1.2204219499999999e-05,0.35957713,0.00533883447,6.00798057e-05,68.1926938,51.4942445,2.42757701e-05,6.14950112,0.013335757600000001,7.68561696,0.0006634071355,6.026323882e-05,0.0277180137,31.5230501,0.0006634071355,6.026323882e-05,0.004953065549999999,14.03540046,0.0006634071355,6.026323882e-05,0.0020635243100000002,13.88071467,0.0006634071355,6.026323882e-05,0.00369105442,3.06949508e-06,1.6371663e-05,-0.010751227200000001,0.9695182812000003,0.00537792235,-0.0007792677051600001,-0.00151333922,9.70164414e-07,9.93756906e-06
147,1709325000,0.7985399750000001,0.7985533000000001,-0.007888449189999999,-1.50869564,1.33455323,0.809515255,1.2501006799999999,1.1869862100000002,0.009393241129999999,0.333346236,1.4021011050000001e-05,9.517953979999999e-07,9.74486389e-07,1.72588075e-06,2.07217199e-06,2.7639713360000003e-06,6.32333331e-06,1.0934898550000001e-05,0.39428566200000004,0.0048930595499999995,6.47982111e-05,67.977326,51.27221159999999,2.6557339299999995e-05,6.1559186100000005,0.0139480626,8.39877154,0.0007229182315,6.572242448e-05,0.0290035734,34.597487,0.0007229182315,6.572242448e-05,0.005108602379999999,15.66935517,0.0007229182315,6.572242448e-05,0.00224560375,15.46536394,0.0007229182315,6.572242448e-05,0.0036954227299999995,3.2434235899999995e-06,1.65581152e-05,-0.0044331842,0.5261548260000001,0.0046468013,-0.00070889438,-0.0014238150929999998,9.170498100000001e-07,9.039367499999998e-06
147,1709325600,0.860306084,0.86031948,-0.007738067480000001,-1.51318983,1.37430446,0.8412810940000002,1.29836463,1.2366377300000002,0.00511975917,0.354380358,1.4324902750000002e-05,1.220292281e-06,1.3343214334e-06,2.2237451279999998e-06,2.5415598429999996e-06,3.3015013699999997e-06,7.19639281e-06,1.2307772300000001e-05,0.425201781,0.0048535995,6.66238839e-05,67.499322,51.1522233,2.8613130599999997e-05,6.135686359999999,0.0145330666,9.1062066,0.00020274112760000005,1.8106658156000002e-05,0.030277182899999998,37.6083699,0.00020274112760000005,1.8106658156000002e-05,0.004708379889999999,8.59444994,0.00020274112760000005,1.8106658156000002e-05,0.0018441072500000003,8.118909539999999,0.00020274112760000005,1.8106658156000002e-05,0.0037521235199999997,3.915609509999999e-06,1.7292628e-05,0.045740057099999995,0.4981849574,0.00515854412,-0.0005037933929999999,-0.0012698581800000002,1.0681131430000001e-06,1.01061001e-05
147,1709326200,0.618766814,0.618780205,-0.010260233499999999,-1.52089779,1.18679873,0.714322454,1.10384621,1.0398317600000002,0.00988640079,0.263808575,1.57095904e-05,2.560680254e-06,2.742289957e-06,3.5301955279999995e-06,4.150020126e-06,5.388487180000001e-06,9.6265936e-06,1.5590476e-05,0.304395811,0.004883357159999999,5.82403973e-05,64.6515739,51.62508690000001,2.0561245900000003e-05,6.384618810000001,0.01223213115,6.463623429999998,0.000560090985,5.079555772000001e-05,0.0254438404,26.586233400000005,0.000560090985,5.079555772000001e-05,0.00485474261,11.695383060000001,0.000560090985,5.079555772000001e-05,0.00189190111,11.45350748,0.000560090985,5.079555772000001e-05,0.0036999349500000007,2.7201893800000002e-06,1.61691081e-05,-0.008030531000000002,1.1289248099999998,0.005982918509999999,-0.0010021335429999999,-0.0016599173849999999,8.70325251e-07,9.40319309e-06
147,1709326800,0.5862805470000001,0.5862938440000001,-0.01162735995,-1.5391663100000001,1.14134735,0.698783194,1.06499502,1.0097557929999998,0.00545750296,0.245273179,1.4574205799999998e-05,1.4772268989999999e-06,1.5957436460000002e-06,2.491072989e-06,2.4921947139999997e-06,2.977954288e-06,5.9403140500000005e-06,9.074608780000001e-06,0.28806107099999995,0.00500517028,4.6615442700000004e-05,69.0164462,51.717035800000005,1.94987229e-05,6.0767569,0.01220819205,6.4198245,0.0005902556494000001,5.357349234999999e-05,0.0249030994,25.4820792,0.0005902556494000001,5.357349234999999e-05,0.004903058470000001,12.19640775,0.0005902556494000001,5.357349234999999e-05,0.0019280477599999998,12.05818108,0.0005902556494000001,5.357349234999999e-05,0.0037339647000000004,3.68246798e-06,1.6990239150000003e-05,0.006688337650000001,0.489624522,0.0045691196,-0.000662260524,-0.00135013628,1.0282289139999998e-06,9.46082464e-06
147,1709327400,0.5049995519999999,0.505012859,-0.01071384675,-1.49625815,1.10377119,0.6440458299999999,1.002893122,0.9475789280000001,0.00569118618,0.219195725,1.3654904250000002e-05,4.85454838e-07,5.060968539e-07,9.498680559999999e-07,1.136977181e-06,1.484989525e-06,4.177418619999999e-06,5.6079025400000004e-06,0.24730431299999997,0.00513374208,4.70191705e-05,72.03376610000001,52.0952499,1.6799757300000002e-05,5.877119809999999,0.011086872000000001,5.391792660000001,0.00030132543947,2.7182964444999996e-05,0.0230072687,21.832152100000002,0.00030132543947,2.7182964444999996e-05,0.00461995675,7.59974642,0.00030132543947,2.7182964444999996e-05,0.0016105380699999998,7.233819710000001,0.00030132543947,2.7182964444999996e-05,0.0036746975799999996,2.6305738999999996e-06,1.58810297e-05,0.021727357849999997,0.940949231,0.00483109079,-0.001011922602,-0.0016768251450000001,8.544267440000001e-07,8.958719300000001e-06
147,1709328000,0.49606077800000004,0.49607412,-0.00861242353,-1.5121299,1.06510749,0.6401066609999999,0.9958428799999999,0.9390661799999999,0.0044138380400000005,0.207295754,1.4122340349999999e-05,9.26059685e-07,1.0063762459999998e-06,1.6126924200000003e-06,1.8578070000000002e-06,2.4725656e-06,6.110972659999999e-06,8.513579829999999e-06,0.243011696,0.00493820612,5.70952429e-05,70.60329440000001,52.02610179999999,1.6489134799999997e-05,6.41795469,0.0109903234,5.26048854,0.0003069293067,2.7622371499999994e-05,0.0227957482,21.324819799999997,0.0003069293067,2.7622371499999994e-05,0.004602635839999999,7.284212169999999,0.0003069293067,2.7622371499999994e-05,0.00157809556,6.93372155,0.0003069293067,2.7622371499999994e-05,0.0036901752400000003,2.7093766600000003e-06,1.60357273e-05,-0.03236002872700001,1.051832739,0.004406812129999999,-0.000993837294,-0.0017059697799999998,1.029513739e-06,9.32563513e-06
147,1709328600,0.440030244,0.440043469,-0.0124353959,-1.52204211,0.9977554450000001,0.6047705029999999,0.9336659959999999,0.880339376,0.0036435034500000006,0.182237877,1.4313395850000001e-05,1.2331445999999997e-06,1.369218957e-06,2.219809385e-06,2.263788695e-06,2.893594752e-06,6.404805579999999e-06,9.361436249999999e-06,0.215024704,0.0049102122799999995,5.32393343e-05,69.7032947,52.2685604,1.462218775e-05,6.322548660000001,0.0102337963,4.569601359999999,0.00035748627600000005,3.22527244e-05,0.0214890757,18.959188899999997,0.00035748627600000005,3.22527244e-05,0.00466561016,8.085521889999999,0.00035748627600000005,3.22527244e-05,0.0016267479500000001,7.783032329999999,0.00035748627600000005,3.22527244e-05,0.0037207529199999997,3.3255676999999997e-06,1.658502055e-05,-0.00979893015,1.0178574509999998,0.00534680054,-0.000674408202,-0.001543633186,1.3313415e-06,9.84838475e-06
147,1709329200,0.478206592,0.478219939,-0.01298682445,-1.5378609000000003,1.03660666,0.6309266339999999,0.965842003,0.9124028479999999,0.00473628487,0.20160137700000003,1.3750440600000002e-05,5.44636781e-07,5.803722729999999e-07,1.035876641e-06,1.196786908e-06,1.6056393569999999e-06,4.0965292500000005e-06,5.83517425e-06,0.234120318,0.004918732279999999,4.8854434899999995e-05,71.7296236,52.1023575,1.5904265700000002e-05,5.96041757,0.010793461,5.04760544,0.0004252399326,3.846281794e-05,0.022361321299999997,20.530987699999997,0.0004252399326,3.846281794e-05,0.004733034190000001,9.01978366,0.0004252399326,3.846281794e-05,0.0017012130899999999,8.75616989,0.0004252399326,3.846281794e-05,0.00368257748,2.47003196e-06,1.5822577300000002e-05,0.023688173700000002,0.727732939,0.0037376115599999996,-0.001077987363,-0.00174491461,8.26149655e-07,8.79651659e-06
147,1709329800,0.446251046,0.44626443600000004,-0.01402355475,-1.5788713300000001,0.983542508,0.6133721050000001,0.9153279380000001,0.867926486,0.00406889786,0.185457571,1.3867949949999999e-05,6.06074306e-07,6.987885449999999e-07,1.433658904e-06,1.167077632e-06,1.5244308419999998e-06,4.60577665e-06,5.08926045e-06,0.21844675100000002,0.00461861893,4.45399895e-05,72.46529489999999,52.126344700000004,1.4849452950000001e-05,5.9124935999999995,0.010499331300000001,4.73702602,0.0004493453875,4.0679389060000004e-05,0.0214930666,18.9485757,0.0004493453875,4.0679389060000004e-05,0.00467763591,9.135810130000001,0.0004493453875,4.0679389060000004e-05,0.00164179879,8.889436159999999,0.0004493453875,4.0679389060000004e-05,0.00374021146,3.3725830399999996e-06,1.67955011e-05,0.06586246300000001,0.537724872,0.00410325628,-0.0007325150040000001,-0.00144620279,1.084782405e-06,9.46857095e-06
147,1709330400,0.7035963110000001,0.703609813,-0.01096649275,-1.50624329,1.268888744,0.750158439,1.1672981249999999,1.0968710029999997,0.01839204638,0.308572958,1.48152672e-05,1.539227695e-06,1.6185225860000002e-06,2.2295275549999997e-06,2.755932966e-06,3.496580632e-06,7.249690480000001e-06,1.1417013620000003e-05,0.346392322,0.005315989950000001,5.8169011600000005e-05,69.5761387,51.704198,2.3395029399999998e-05,6.216425439999999,0.012964449150000001,7.4930138600000005,0.0007311813630000001,6.647244072e-05,0.026884272200000003,30.629210900000004,0.0007311813630000001,6.647244072e-05,0.00501348783,14.55217073,0.0007311813630000001,6.647244072e-05,0.00207906131,14.38626023,0.0007311813630000001,6.647244072e-05,0.0036995818399999996,2.79640437e-06,1.62369226e-05,0.017651608399999998,2.614498367,0.00860783061,-0.0009704313376000002,-0.001639116677,9.32589519e-07,1.0502050890000002e-05
147,1709331000,0.7498005919999999,0.749813934,-0.010651309500000001,-1.53279862,1.2836266800000002,0.786235354,1.2059243199999998,1.1404097799999997,0.008492621830000002,0.31235182000000006,1.4221531850000001e-05,1.117518702e-06,1.212262948e-06,2.128099226e-06,2.44100746e-06,3.1392878849999997e-06,6.597625070000001e-06,1.193879363e-05,0.368689771,0.006106858519999999,7.41580495e-05,68.922954,51.698422400000005,2.49231806e-05,6.24200605,0.013396681600000002,7.797700310000001,0.0009274517573000001,8.4485763313e-05,0.0279601761,32.35558809999999,0.0009274517573000001,8.4485763313e-05,0.005131693369999999,17.778088030000003,0.0009274517573000001,8.4485763313e-05,0.0022499410200000004,17.74087671,0.0009274517573000001,8.4485763313e-05,0.00373318071,3.59349754e-06,1.70004825e-05,9.744880000000094e-05,0.5155622679999999,0.005094281270000001,-0.000543423926,-0.001360219621,1.1857120039999999e-06,1.0081413300000002e-05
147,1709331600,0.486089711,0.48610304800000004,-0.01410733195,-1.53947221,1.050107056,0.6357091989999999,0.970379633,0.9152529399999999,0.00517496591,0.205634411,1.4527530100000001e-05,1.348764788e-06,1.423770978e-06,2.006984496e-06,2.365735284e-06,2.998009062e-06,6.124208010000001e-06,9.147145509999998e-06,0.23774349300000003,0.00522513599,4.9536768e-05,70.1628134,52.181576099999994,1.6159135999999998e-05,6.12860234,0.01094790135,5.20105539,0.0003208047578,2.8931950793999998e-05,0.0225753094,20.9948448,0.0003208047578,2.8931950793999998e-05,0.004636504830000001,7.778754717,0.0003208047578,2.8931950793999998e-05,0.0015979889000000001,7.419386417499998,0.0003208047578,2.8931950793999998e-05,0.0036831986099999997,2.53314693e-06,1.58909778e-05,0.01108702176,0.6692518679999999,0.00442419154,-0.001074871405,-0.0017151787100000003,8.46327504e-07,8.967194999999999e-06
147,1709332200,0.46386014600000003,0.46387360799999994,-0.0189886615,-1.52181084,1.026856365,0.620408911,0.946003885,0.8974024030000001,0.00673327968,0.19699858799999997,1.41863169e-05,8.788066919999999e-07,9.662500396000001e-07,1.6987790009999999e-06,1.5205667429999998e-06,1.879735154e-06,4.719427509999999e-06,6.08470121e-06,0.22751421600000002,0.004348767629999999,4.83489128e-05,70.3863074,51.91178440000001,1.542682435e-05,5.91925365,0.010665987049999999,4.9446191200000005,0.0003621676753,3.27106402e-05,0.022096772100000002,20.0537897,0.0003621676753,3.27106402e-05,0.0046712865899999996,8.31685813,0.0003621676753,3.27106402e-05,0.00163084073,7.9739625400000005,0.0003621676753,3.27106402e-05,0.0037347220299999997,3.21982912e-06,1.6600394099999996e-05,0.0429898774,1.308100712,0.005359380339999999,-0.0008065415939999999,-0.0015790275504,1.2608780180000002e-06,1.057360485e-05
147,1709332800,0.512134764,0.5121482509999999,-0.0194177533,-1.48543998,1.0835205899999998,0.647430453,1.003005605,0.953691601,0.00560967802,0.215613462,1.4034377100000001e-05,6.977622590000001e-07,7.229923589999999e-07,1.2628733720000002e-06,1.4073224239999999e-06,1.817326069e-06,4.11681969e-06,6.49063842e-06,0.25196645700000003,0.00402788898,5.5926246900000004e-05,70.973069,51.6322858,1.70332144e-05,6.147789959999999,0.01113672755,5.406837690000001,0.00033254364869999994,2.9975639224999992e-05,0.0231926825,22.1148802,0.00033254364869999994,2.9975639224999992e-05,0.00464628271,7.68701317,0.00033254364869999994,2.9975639224999992e-05,0.0016209986299999999,7.37829973,0.00033254364869999994,2.9975639224999992e-05,0.0037033932500000004,2.61965794e-06,1.61314343e-05,-0.038043636320000004,0.5727552467000001,0.00363118698,-0.001058100352,-0.0017042743399999997,8.489737959999999e-07,9.0090026e-06
147,1709333400,0.47677553100000003,0.47678915199999994,-0.02023790175,-1.50205951,1.037956709,0.624124799,0.9617918440000001,0.9125903579999999,0.00568845295,0.20146865899999997,1.43130981e-05,8.583037260000001e-07,9.47200088e-07,1.588115577e-06,1.7762157090000002e-06,2.362363904e-06,5.87881345e-06,8.56965111e-06,0.23473305500000002,0.0035641819000000003,6.77049393e-05,69.4701586,51.5487573,1.58470161e-05,6.37710683,0.0108135582,5.0931748599999995,0.0006979643369,6.347266775600001e-05,0.022405805,20.700539299999996,0.0006979643369,6.347266775600001e-05,0.00495911075,13.139965530000001,0.0006979643369,6.347266775600001e-05,0.00189154653,13.02179775,0.0006979643369,6.347266775600001e-05,0.00372392036,2.7042065699999998e-06,1.63182181e-05,0.040227966500000004,0.9845491114000001,0.00467933381,-0.00101099127154,-0.00170395453,9.476425990000001e-07,9.484457019999999e-06
147,1709334000,0.375612889,0.375626148,-0.0242548123,-1.51706227,0.9289033549999999,0.556910499,0.852963538,0.8061621149999999,0.00417735018,0.15927965,1.4223359e-05,1.095569327e-06,1.242843279e-06,2.010079062e-06,1.9063594689999997e-06,2.486124203e-06,5.27143399e-06,7.376211289999999e-06,0.18350638700000002,0.004221118729999999,5.6496494900000005e-05,69.79519730000001,52.2968311,1.2487144500000001e-05,6.2720413399999995,0.0095176182,3.9604913999999996,0.0003587524495,3.237870942e-05,0.0198988725,16.297227200000002,0.0003587524495,3.237870942e-05,0.00463642524,7.871183449999998,0.0003587524495,3.237870942e-05,0.0015513139500000002,7.57446665,0.0003587524495,3.237870942e-05,0.00372286664,3.2137758700000004e-06,1.6497045199999998e-05,0.0017516509760000013,1.025549066,0.004668307700000001,-0.0008639014200000001,-0.0015387138000000002,1.124047316e-06,1.0349658150000001e-05
147,1709334600,0.22324720049999996,0.22326074499999998,-0.0325410048,-1.52164435,0.7034089700000001,0.42148841800000003,0.634069354,0.5923680819999999,0.00402806877,0.0962418996,1.4020128400000001e-05,5.590380350999999e-07,6.18308514e-07,1.0835116389999998e-06,1.004964521e-06,1.2783880630000001e-06,3.3044584299999996e-06,3.745360845e-06,0.10706822530000001,0.0044980757199999995,4.51494474e-05,76.42005549999999,55.13644939999999,7.424023179999999e-06,6.31092068,0.00730251755,2.4921279100000002,0.00015659173010000002,1.3892691196000002e-05,0.014745223999999998,9.55927028,0.00015659173010000002,1.3892691196000002e-05,0.004289931459999999,3.5789547400000004,0.00015659173010000002,1.3892691196000002e-05,0.001046662161,3.211145935,0.00015659173010000002,1.3892691196000002e-05,0.0036990218500000003,2.29301747e-06,1.5805466099999998e-05,-0.0866491742,1.819636401,0.0055968942600000005,-0.001286908255,-0.0018951632,8.81520211e-07,8.99533285e-06
147,1709335200,0.12656097900000002,0.12657455990000002,-0.0424847188,-1.39319383,0.6049684770000001,0.322213085,0.520328386,0.47480200100000003,0.00366379721,0.060864508,1.36963732e-05,1.5645932650000003e-07,2.871389556e-07,9.46157543e-07,4.537679330000001e-07,6.648224750000001e-07,2.66720351e-06,2.232882924e-06,0.058622024800000005,0.00460517589,4.55179251e-05,79.3219745,57.4521656,4.20438898e-06,6.47813664,0.0056918195000000005,1.51984262,0.0001367275591,1.2228082474000001e-05,0.0111776209,5.1815937100000005,0.0001367275591,1.2228082474000001e-05,0.004197124839999999,3.0431612599999998,0.0001367275591,1.2228082474000001e-05,0.0008606457179999999,2.682405799,0.0001367275591,1.2228082474000001e-05,0.00375632571,2.9817141899999998e-06,1.6572513250000006e-05,0.02127345754,0.972003127,0.0043193860499999995,-0.000841694065,-0.0016934771499999997,1.263400692e-06,1.0004110999999998e-05
147,1709335800,0.255652503,0.25566607,-0.028661609900000003,-1.50783289,0.796674328,0.458500073,0.703971494,0.6529699309999999,0.006401633620000001,0.11531472410000002,1.3961848900000002e-05,4.832968019999999e-07,5.533173080000001e-07,9.05747947e-07,1.041513086e-06,1.4560022e-06,3.73777119e-06,5.18827829e-06,0.1232278467,0.004525553860000001,5.892286970000001e-05,74.7063019,53.888416400000004,8.492318969999999e-06,6.549539209999999,0.00789327243,2.7776041100000004,0.00032377999820000004,2.9231345320000003e-05,0.0161106699,10.8685979,0.00032377999820000004,2.9231345320000003e-05,0.0045026515,6.580936545999999,0.00032377999820000004,2.9231345320000003e-05,0.001292940943,6.294030864,0.00032377999820000004,2.9231345320000003e-05,0.0036928322899999998,2.01424424e-06,1.5529447e-05,0.06825662184,4.061994515,0.005921604110000001,-0.00136986611,-0.00197822082,8.376941950000001e-07,9.82207827e-06
147,1709336400,0.121587782,0.121601458,-0.029367339399999998,-1.5963164300000001,0.55955458,0.321803012,0.474201971,0.42500046999999996,0.00563512059,0.0589494787,1.4003770950000001e-05,3.666911005e-07,5.070433860000001e-07,1.282953146e-06,6.704699780000001e-07,9.708132080000001e-07,2.065602909e-06,2.5121952099999996e-06,0.0564574079,0.00428883626,3.87190839e-05,79.79056019999999,57.6422879,4.039826150000001e-06,6.539070069999999,0.00558683626,1.4091875299999999,0.00015616294423,1.3970564664000001e-05,0.010882024100000002,5.007430810000001,0.00015616294423,1.3970564664000001e-05,0.0042027555299999995,3.2504443359999997,0.00015616294423,1.3970564664000001e-05,0.0008612011319999999,2.9070317759999997,0.00015616294423,1.3970564664000001e-05,0.00377990011,3.22213687e-06,1.69311005e-05,0.05857676649999999,1.154826182,0.00508258864,-0.0008891868719999999,-0.0015971059999999998,1.1080351580000003e-06,9.481740550000001e-06
147,1709337000,0.15680590700000002,0.156819543,-0.030626053599999998,-1.58442681,0.628369184,0.365972644,0.5352538339999999,0.49276503600000005,0.00710343343,0.0755661505,1.37894456e-05,1.8569717100000004e-07,2.490685045e-07,5.028236239999999e-07,4.6088279099999994e-07,5.8575674e-07,1.5350832089999999e-06,1.860434444e-06,0.0741561526,0.00419761429,4.35817522e-05,79.31266439999999,55.5228384,5.21572198e-06,6.3457847,0.00628681177,1.7417465,9.882055246e-05,8.645299569999997e-06,0.0125696119,6.58895936,9.882055246e-05,8.645299569999997e-06,0.00414226846,2.346244084,9.882055246e-05,8.645299569999997e-06,0.000831430165,1.981546066,9.882055246e-05,8.645299569999997e-06,0.00371149402,1.87619901e-06,1.55376773e-05,-0.026837912499999995,2.27801141,0.00528539284,-0.001525685514,-0.00206976256,8.27241039e-07,8.83547157e-06
147,1709337600,0.16247695299999998,0.162490543,-0.0222526165,-1.6965485400000002,0.592855607,0.37665266799999997,0.5080280110000001,0.481589709,0.00458196342,0.0740452344,1.3986177650000001e-05,4.446115715e-07,5.2150665e-07,1.034067451e-06,8.566047409999999e-07,1.0891606559999999e-06,3.711363180000001e-06,3.2374969299999996e-06,0.077519662,0.00365438902,5.2855955100000005e-05,76.36770759999999,54.5945818,5.3989593e-06,6.47265122,0.0065404363600000005,1.84081317,0.00021155090835,1.8972557365e-05,0.012888623999999998,6.871799609999999,0.00021155090835,1.8972557365e-05,0.00432036169,4.240082996,0.00021155090835,1.8972557365e-05,0.001028403675,3.9199132840000006,0.00021155090835,1.8972557365e-05,0.00371430957,2.36898998e-06,1.59433389e-05,0.06215548580000001,1.0335984870000001,0.00457209511,-0.00115096995847,-0.0018254213099999999,8.94017852e-07,8.87602665e-06
147,1709338200,0.18156756540000002,0.18158127840000002,-0.0189144328,-1.69898941,0.620568949,0.394296995,0.532553751,0.504652907,0.007132124199999999,0.084706978,1.43164736e-05,6.44933632e-07,8.86665583e-07,1.51791168e-06,1.146094086e-06,1.532574005e-06,3.83394704e-06,4.22018736e-06,0.0869765996,0.0037443319999999995,4.838346499999999e-05,74.63816240000001,54.528180500000005,6.03274715e-06,6.513687679999999,0.00679595645,1.98963768,0.00012304529316000003,1.0907721763e-05,0.0134735538,7.648459470000001,0.00012304529316000003,1.0907721763e-05,0.00418951571,2.943502672,0.00012304529316000003,1.0907721763e-05,0.0009163286119999999,2.5722809628,0.00012304529316000003,1.0907721763e-05,0.0037760465299999995,3.1458989400000006e-06,1.6837032000000002e-05,0.09123762109000001,1.120158406,0.00470517528,-0.0008716512339999999,-0.00160402796,1.12319947e-06,9.85036809e-06
147,1709338800,0.36224160899999996,0.362255205,-0.009790452289999998,-1.6923266,0.828587802,0.559734145,0.749010381,0.7299972780000001,0.00720438166,0.15856476299999997,1.404784155e-05,5.672029419999999e-07,7.92426225e-07,1.1042647070000002e-06,1.3314510719999998e-06,1.7182984060000003e-06,3.59378097e-06,6.19558342e-06,0.177631323,0.0034017145400000006,7.18519324e-05,71.2978196,51.97267420000001,1.203859715e-05,6.483155139999999,0.009642911399999999,3.8501288600000003,0.0003669583746,3.3205626627e-05,0.0194398711,15.602337499999999,0.0003669583746,3.3205626627e-05,0.00457662468,7.6118782199999995,0.0003669583746,3.3205626627e-05,0.00145128492,7.341278306999999,0.0003669583746,3.3205626627e-05,0.00372334871,2.76538339e-06,1.63806485e-05,-0.040544498129999995,0.547140439,0.0038426633999999993,-0.001018276047,-0.00166797912,9.303028379999999e-07,9.29835816e-06
147,1709339400,0.23071410499999997,0.23072762399999996,-0.0195680022,-1.6615603399999999,0.6840958790000001,0.437904985,0.5997933040000001,0.573092487,0.008127778560000002,0.1082705671,1.4065065200000003e-05,6.18027551e-07,9.19025137e-07,1.441687241e-06,1.18205613e-06,1.477452287e-06,3.0118978300000003e-06,4.510106176e-06,0.11240799890000001,0.00287885882,5.573488280000001e-05,71.72060350000001,52.792826000000005,7.669273340000002e-06,6.480289909999999,0.007517302250000001,2.4571294499999996,0.0002642648363,2.3822919507e-05,0.0152812006,10.046412360000001,0.0002642648363,2.3822919507e-05,0.004352597379999999,5.361367423,0.0002642648363,2.3822919507e-05,0.0011368146900000002,5.061284757,0.0002642648363,2.3822919507e-05,0.0037613005299999996,3.3714456600000005e-06,1.69348564e-05,-0.016804168223,0.673134737,0.004607565620000001,-0.000834677013,-0.00150390925,1.038303433e-06,9.62708688e-06
147,1709340000,0.23817665799999999,0.238190402,-0.0176804501,-1.56849386,0.734047412,0.437863879,0.645319692,0.613406226,0.011276924399999999,0.1101822031,1.4071229450000002e-05,4.175242335e-07,6.95517095e-07,9.319514000000001e-07,9.04909267e-07,1.229704559e-06,2.8483270800000003e-06,4.2574104550000004e-06,0.11686071549999999,0.002154047576,6.18958961e-05,72.324301,52.2910969,7.91726005e-06,6.42145069,0.0075386650700000005,2.51927749,0.00013050711004999999,1.1539027595999998e-05,0.0153910666,10.1959571,0.00013050711004999999,1.1539027595999998e-05,0.004331662749999999,3.6961391620000006,0.00013050711004999999,1.1539027595999998e-05,0.0011182256100000002,3.2935194951999995,0.00013050711004999999,1.1539027595999998e-05,0.00373357972,2.7926681799999997e-06,1.6499677899999995e-05,-0.013210102899999998,1.6711182924999999,0.00612315747,-0.001035017118,-0.0016574244530000001,9.354414599999999e-07,1.0738927160000001e-05
147,1709340600,0.197315894,0.19732948499999997,-0.029930061299999998,-1.47154828,0.730372305,0.400591883,0.6219564830000001,0.5759050790000001,0.00603082811,0.09215673580000001,1.4303915800000001e-05,8.27022856e-07,1.273727747e-06,1.9804938130000002e-06,1.395243408e-06,1.923727976e-06,3.634560663e-06,5.4654970599999995e-06,0.09327019219999999,0.00531306717,5.7331449e-05,74.03628710000001,55.8066968,6.55276843e-06,6.660309809999999,0.00680491604,2.13145344,9.531205728000001e-05,8.378008267e-06,0.013886866000000001,8.143773720000002,9.531205728000001e-05,8.378008267e-06,0.00418762495,2.97840844,9.531205728000001e-05,8.378008267e-06,0.0009757610499999999,2.5810268439999997,9.531205728000001e-05,8.378008267e-06,0.0037861752799999994,4.2891289900000005e-06,1.78709214e-05,0.13502408286,4.091457968,0.00842592177,-0.00046623055100000006,-0.00121830213,1.3121395360000002e-06,1.2270709100000002e-05
147,1709341200,0.341998523,0.342012124,-0.0196342794,-1.49688091,0.944503836,0.532961782,0.824125149,0.772673579,0.0088642085,0.159680882,1.40531371e-05,6.084982790000001e-07,1.0461708810000002e-06,1.2314768620000001e-06,1.640819555e-06,1.8403884530000001e-06,3.9268319400000005e-06,5.272623019999999e-06,0.164899101,0.006030459889999999,5.3305691e-05,74.67961650000001,53.5814261,1.1366824049999999e-05,6.376521769999999,0.009142862500000001,3.72265005,0.00041255455430000003,3.731315558000001e-05,0.018766121599999998,14.527012899999999,0.00041255455430000003,3.731315558000001e-05,0.00463558763,8.2042869,0.00041255455430000003,3.731315558000001e-05,0.00153686274,7.94441721,0.00041255455430000003,3.731315558000001e-05,0.0037989652699999994,5.12153496e-06,1.86616316e-05,0.0609632846,0.1687808267,0.005714956320000001,-5.630386049999994e-05,-0.000841490259,1.096204233e-06,1.1205231e-05
147,1709341800,0.51871698,0.518730537,-0.0230433848,-1.38446444,1.1545102539999998,0.636329148,1.033456547,0.9539541329999999,0.02015475645,0.24266306199999996,1.4571674499999998e-05,1.246905246e-06,1.60008485e-06,2.2374122900000003e-06,2.28852982e-06,3.1410575599999997e-06,6.42577483e-06,1.024076537e-05,0.24881497300000005,0.01042701289,8.78157097e-05,73.6269055,53.946207900000005,1.723164845e-05,6.461067179999999,0.0108012867,5.47287494,0.0006613176054000001,6.013280061e-05,0.0225399628,21.82800265,0.0006613176054000001,6.013280061e-05,0.00491035456,13.094338760000003,0.0006613176054000001,6.013280061e-05,0.00191598917,12.95347962,0.0006613176054000001,6.013280061e-05,0.00377166968,4.50206028e-06,1.79745553e-05,0.015196802800000006,1.2610379434,0.00677797323,-0.000281883074,-0.0010866097840000002,1.3768685650000001e-06,1.2717244100000003e-05
147,1709342400,0.8866900469999999,0.8867035050000001,-0.012342964150000002,-1.55925179,1.4563569700000003,0.8659835630000001,1.31891528,1.2250874,0.0219697642,0.398491676,1.51487436e-05,2.03132421e-06,2.321877238e-06,2.9395965399999995e-06,3.71956058e-06,4.827161930000001e-06,8.30443792e-06,1.4164456549999998e-05,0.42393536700000006,0.0192645494,0.0001042660325,75.61265350000001,54.475987399999994,2.9467371e-05,6.368670270000001,0.0145935327,9.313601799999999,0.0009664974067,8.802538187999999e-05,0.029992103800000003,37.1294136,0.0009664974067,8.802538187999999e-05,0.005204734040000001,19.955469339999997,0.0009664974067,8.802538187999999e-05,0.0023824809999999997,19.893438859999996,0.0009664974067,8.802538187999999e-05,0.0038047801399999997,5.30136718e-06,1.87737606e-05,0.009289740699999998,0.5408088043,0.008466875000000002,-2.8499858800000033e-05,-0.0008647694899999999,1.214908822e-06,1.170897035e-05
147,1709343000,0.9451145279999998,0.945127969,-0.009485252100000001,-1.57557434,1.46978238,0.8949959550000001,1.35416636,1.2655136200000001,0.016435197699999998,0.406790272,1.5316590800000004e-05,2.268880441e-06,3.188038987e-06,3.3000378339999996e-06,3.7695670959999995e-06,5.229309069999999e-06,1.214224089e-05,1.4223441249999998e-05,0.45209451399999995,0.020316951800000004,9.85570248e-05,75.2782828,54.40121620000001,3.14291237e-05,6.096535660000001,0.015189949999999999,10.087924950000001,0.00046156589790000006,4.1750950020000003e-05,0.0311864409,40.145779,0.00046156589790000006,4.1750950020000003e-05,0.00482387658,11.47696688,0.00046156589790000006,4.1750950020000003e-05,0.00206570308,11.102799450000001,0.00046156589790000006,4.1750950020000003e-05,0.0039921703,8.946827589999999e-06,2.2352904999999998e-05,-0.004214077889999999,0.06377805769999999,0.009480899099999999,0.0010449130553999999,6.846773899999997e-05,1.248721907e-06,1.325886705e-05
147,1709343600,0.68964908,0.689662465,-0.017663692550000002,-1.44873319,1.3542788700000001,0.75570828,1.2143620899999998,1.11070891,0.0197006858,0.311730782,1.4300646900000002e-05,1.2741850050000001e-06,2.2706213899999998e-06,1.5338217790000002e-06,1.944231285e-06,3.0057691120000003e-06,1.050781765e-05,7.672947209999999e-06,0.322161756,0.022524263,0.0001093432299,81.300046,56.7035526,2.2931755199999996e-05,6.071077650000001,0.0127363351,7.46190217,0.00046801039399999993,4.237742001e-05,0.026143661000000002,28.248286200000003,0.00046801039399999993,4.237742001e-05,0.00467948145,9.606849259999999,0.00046801039399999993,4.237742001e-05,0.0018548194099999998,9.369108140000002,0.00046801039399999993,4.237742001e-05,0.003958633620000001,9.0366162e-06,2.24264081e-05,0.00591427435,-0.4558319,0.0074837409600000005,0.00119686012,0.000272416985,7.65249112e-07,1.12842473e-05
147,1709344200,0.8248465810000001,0.824859969,-0.009186437610000002,-1.5839216300000003,1.4056553900000002,0.8408106160000001,1.26952625,1.17832347,0.017193809100000002,0.37097551300000003,1.4363206749999998e-05,1.288160714e-06,2.8752973299999997e-06,1.9606471600000003e-06,2.4341834740000003e-06,3.85044595e-06,1.2322299550000002e-05,1.132660778e-05,0.39260392,0.0196800127,0.00010063219900000001,76.32419209999999,54.8314936,2.7409155500000003e-05,6.24560243,0.014286495100000001,8.975830900000002,0.0006849588597999999,6.224730145e-05,0.029019880899999996,34.680253,0.0006849588597999999,6.224730145e-05,0.005002127729999999,15.021242669999998,0.0006849588597999999,6.224730145e-05,0.0022418824,14.849995360000003,0.0006849588597999999,6.224730145e-05,0.0040389681900000005,1.0281206750000001e-05,2.3743321500000002e-05,0.0035349677393000005,-0.34608997599999997,0.01071619916,0.0014610878099999996,0.000528747052,1.0485773590000001e-06,1.390744575e-05
147,1709344800,0.650078373,0.650091811,-0.01102148335,-1.44040542,1.32165285,0.7348226840000001,1.18818625,1.087833186,0.01640927075,0.293461187,1.43503973e-05,1.267637134e-06,2.90719676e-06,2.2873264359999994e-06,2.243071493e-06,3.1689601799999996e-06,1.2594743250000002e-05,1.070533751e-05,0.30347399900000005,0.021426432500000002,0.000102538615,79.1235049,56.673299699999994,2.15975344e-05,6.45574551,0.0124292684,7.100695450000001,0.0009404823311000001,8.571013344000001e-05,0.025432285500000002,26.643742299999996,0.0009404823311000001,8.571013344000001e-05,0.00506902477,17.387367060000003,0.0009404823311000001,8.571013344000001e-05,0.00227860532,17.397687690000005,0.0009404823311000001,8.571013344000001e-05,0.00405887728,1.08510456e-05,2.4199276e-05,-0.0362178086,-0.46063543640000015,0.0071262329099999995,0.0015918852899999998,0.000608519654,1.2439348680000001e-06,1.2906311550000001e-05
147,1709345400,0.670751205,0.670764627,-0.018149432899999998,-1.32117146,1.39673016,0.73614528,1.2443629699999998,1.13523464,0.0166554323,0.307156862,1.4333473099999999e-05,1.2704752580000002e-06,2.31204532e-06,1.739664318e-06,2.145497895e-06,3.085894823e-06,1.069687944e-05,9.32945758e-06,0.308174807,0.0270578278,0.00011020190959999999,80.708051,58.143326200000004,2.22901545e-05,6.31517625,0.01240135995,7.26947434,0.00075014550716,6.828802604e-05,0.0256748253,27.113151700000003,0.00075014550716,6.828802604e-05,0.0049757314,15.255750050000003,0.00075014550716,6.828802604e-05,0.00213610631,15.17021016,0.00075014550716,6.828802604e-05,0.0039078689800000005,8.18728136e-06,2.16212849e-05,0.0031424199939999995,-0.18991088400000003,0.010504224589999998,0.0009510291000000001,4.7594384499999994e-05,8.19874837e-07,1.164325235e-05
147,1709346000,0.6968055379999999,0.6968190649999999,-0.015853878,-1.40730602,1.37227941,0.7584196779999999,1.2427504500000002,1.13245953,0.015893174250000003,0.31149733500000004,1.4228177299999999e-05,9.997564679999998e-07,2.1723072499999998e-06,1.94940102e-06,1.915309823e-06,2.8133132709999998e-06,1.037281993e-05,9.27538159e-06,0.32147354800000005,0.0267858062,0.00011249445379999999,82.90770859999999,57.76862070000001,2.31563975e-05,6.165052020000001,0.0127604477,7.532832549999999,0.0014674894847999998,0.00013400400723,0.0261974747,28.2243487,0.0014674894847999998,0.00013400400723,0.00543242519,26.455111940000002,0.0014674894847999998,0.00013400400723,0.0026023223000000003,26.69395634,0.0014674894847999998,0.00013400400723,0.00398014525,9.23344145e-06,2.27454892e-05,-0.0426258875,-0.382124291,0.00615225439,0.001203545168,0.00023947333790000003,1.032201828e-06,1.180975335e-05
147,1709346600,0.6858375440000001,0.685850956,-0.023076068400000004,-1.19437425,1.41686822,0.73078014,1.2997522099999999,1.17622341,0.010731093050000001,0.29713342400000003,1.52841866e-05,2.2588336179999996e-06,3.3620220700000004e-06,3.0155731740000003e-06,3.5169289710000003e-06,5.384999970000001e-06,1.251814337e-05,1.3346649750000001e-05,0.31341982000000007,0.029331586399999998,0.00012155715409999999,78.0507407,58.627035,2.2779723199999998e-05,6.317868720000001,0.01240955225,7.4162111,0.000603192751,5.475472736e-05,0.025889515799999995,27.5504793,0.000603192751,5.475472736e-05,0.004903956839999999,13.014529330000002,0.000603192751,5.475472736e-05,0.00207727938,12.838304729999999,0.000603192751,5.475472736e-05,0.00393750766,8.7184789e-06,2.21246134e-05,-0.010165486570000002,-0.466790658,0.00612653619,0.0011197968730000001,0.00020149114060000005,8.288023290000001e-07,1.134152025e-05
147,1709347200,0.625053999,0.6250675350000001,-0.0266582971,-0.9862509129999999,1.4199433499999998,0.6687511380000001,1.27462642,1.1446849200000002,0.017758352800000002,0.28462775999999995,1.4469825300000002e-05,1.395484359e-06,3.7495642999999997e-06,2.3393543399999995e-06,2.254385719e-06,4.12486113e-06,1.834274565e-05,1.0692654330000002e-05,0.28478053400000003,0.027566959799999995,0.000135048293,82.5893426,59.27502969999999,2.07540396e-05,6.534851739999999,0.01200081355,6.99125844,0.0005759403671,5.2298203856e-05,0.024624269600000005,25.2988798,0.0005759403671,5.2298203856e-05,0.00489112344,12.45500854,0.0005759403671,5.2298203856e-05,0.00213498464,12.240625609999999,0.0005759403671,5.2298203856e-05,0.00448476898,1.65025057e-05,2.99783369e-05,-0.00793610367,-0.40990548800000004,0.01008656942,0.0027805383649999998,0.001572531659,1.47156752e-06,1.5574720400000003e-05
147,1709347800,0.538408357,0.538421974,-0.0290634735,-1.05107748,1.30500235,0.635282008,1.18316111,1.0557322,0.010522354360000001,0.23799715299999996,1.4271970300000001e-05,1.303459862e-06,6.7554578e-06,1.3250550180000001e-06,1.5963496259999999e-06,5.026811793e-06,3.0133549800000002e-05,7.0440296e-06,0.24059577700000007,0.028411697199999995,0.0001423802215,84.9545178,60.71974130000001,1.78878047e-05,6.255909470000001,0.011806911350000001,6.70311995,0.000850105827,7.738254103e-05,0.0227458579,21.444927600000003,0.000850105827,7.738254103e-05,0.00517461028,16.615155440000002,0.000850105827,7.738254103e-05,0.0026332116099999996,16.619040849999998,0.000850105827,7.738254103e-05,0.005435830920000001,2.99328613e-05,4.35334873e-05,0.024671175979999998,-0.814400314,0.01159371115,0.00529031926,0.00376626335,1.061706275e-06,2.0303079199999998e-05
147,1709348400,0.6040365679999999,0.604050108,-0.0268296142,-1.3316213000000001,1.30162722,0.699105248,1.17037321,1.06885762,0.014565019699999997,0.271455816,1.5040263499999999e-05,2.13698557e-06,7.544920820000001e-06,2.843268964e-06,2.8268218770000002e-06,7.73901167e-06,3.1531351e-05,1.074886744e-05,0.276935253,0.0248578399,0.00015752017499999997,80.7264766,58.3295864,2.00627124e-05,6.2373952500000005,0.0125482799,7.46486422,0.00115277214333,0.00010519202508600001,0.0244278473,24.7092076,0.00115277214333,0.00010519202508600001,0.005268419460000001,20.927709500000006,0.00115277214333,0.00010519202508600001,0.0027395833700000006,21.022300819999998,0.00115277214333,0.00010519202508600001,0.00547565058,3.0861838900000005e-05,4.444246729999999e-05,0.0239481101,-0.756464202,0.011741282,0.00544237715,0.00385297139,1.310430515e-06,2.13376935e-05
147,1709349000,0.842785136,0.842798731,-0.018210577899999997,-1.2567405600000001,1.6067365499999997,0.8053763979999999,1.39365502,1.26326356,0.030959572549999998,0.395346659,1.487889125e-05,1.4126884830000002e-05,0.00019184041345,2.217200272e-06,3.0373931389999997e-06,1.109362929e-05,6.40514251e-05,1.4283320379999999e-05,0.39659281300000004,0.023545729699999997,0.0009509626849999999,79.2960619,55.946463599999994,2.7986518500000004e-05,6.49371701,0.0160573404,11.86988448,0.0007465927294000001,6.785318560999999e-05,0.0315173999,45.085802400000006,0.0007465927294000001,6.785318560999999e-05,0.0051319762800000005,15.98221163,0.0007465927294000001,6.785318560999999e-05,0.00618834911,17.08083168,0.0007465927294000001,6.785318560999999e-05,0.01530988385,0.00044262983809999993,0.00045613568750000005,-0.0010243200799999995,0.16319754400000025,0.041673919499999997,0.02661237955,0.02343332219,1.1953576699999999e-05,0.0002030116748
147,1709349600,0.8312461609999999,0.831259577,-0.0170846994,-1.1137053300000002,1.6632882800000002,0.784037833,1.42425598,1.30125222,0.015296360350000001,0.359976242,1.5090668800000001e-05,2.957223691e-05,0.000318317795,2.787469814e-06,3.4741782e-06,1.4382360420000001e-05,0.0001078919135,1.2998871139999998e-05,0.392222754,0.0214408311,0.00146770738,78.00414450000001,55.315781400000006,2.7615930799999996e-05,6.33565357,0.0174203597,13.899235,0.0011737711909999998,0.00010696464589999999,0.03339227830000001,51.6407821,0.0011737711909999998,0.00010696464589999999,0.00547758303,22.384215349999998,0.0011737711909999998,0.00010696464589999999,0.009020724900000002,24.5476339,0.0011737711909999998,0.00010696464589999999,0.0220059019,0.0007460686999999999,0.0007595294850000001,-0.0059380764200000005,-0.807478033,0.051327775799999996,0.0419587009,0.0375258249,4.13996186e-06,0.00031147902200000005
147,1709350200,0.770963206,0.770976569,-0.0186742533,-1.2045711999999997,1.5739230100000001,0.7690331319999999,1.34824116,1.22696248,0.014882010849999999,0.3380164,1.4867242099999997e-05,2.8744834499999997e-05,0.00031472137,3.1397632200000004e-06,3.5018196100000003e-06,1.475596755e-05,0.000101998628,1.3832872899999999e-05,0.362239642,0.0212803018,0.00147937127,76.9425389,55.7197362,2.56019661e-05,6.45579125,0.0169208445,12.9741882,0.0010668871709000002,9.724367007e-05,0.032434573700000004,48.9301349,0.0010668871709000002,9.724367007e-05,0.005243242810000001,19.673123030000003,0.0010668871709000002,9.724367007e-05,0.0087583567,21.687645399999997,0.0010668871709000002,9.724367007e-05,0.0219140282,0.000734928882,0.0007483354849999999,-0.00608548022,-0.824324252,0.050073023499999994,0.0414969083,0.037133276300000004,3.88352533e-06,0.00030711264299999993
147,1709350800,0.8881856499999999,0.8881991600000001,-0.0180555866,-1.1068086300000002,1.7031519999999998,0.804267901,1.4656572300000001,1.3459536,0.017557003149999997,0.38641527699999995,1.51473647e-05,2.98320033e-05,0.000307473374,2.7698441359999997e-06,3.3913367870000006e-06,1.1299140689999999e-05,0.0001074980885,1.3521879399999999e-05,0.422382215,0.019754608400000005,0.0014781694899999999,76.0076779,54.6806454,2.9515554599999996e-05,6.35890919,0.017641431300000003,14.284741700000001,0.0006127419554,5.560890485000001e-05,0.0341084687,53.70324860000001,0.0006127419554,5.560890485000001e-05,0.0050098099,13.687458740000002,0.0006127419554,5.560890485000001e-05,0.00842713328,15.3244933,0.0006127419554,5.560890485000001e-05,0.0217264866,0.000724774887,0.000738232986,-0.006176681973,-0.809252176,0.049313980300000004,0.0412656073,0.0368739929,4.12930984e-06,0.00030357845
147,1709351400,1.23226769,1.23228124,-0.015022468899999999,-1.29086893,1.90209559,0.979082185,1.6627632300000001,1.5380719199999997,0.022282701199999998,0.5337392970000001,1.4326421100000001e-05,8.03658129e-06,0.000344757256,1.8924004019999998e-06,2.193890077e-06,5.641892709999999e-06,0.000104774622,1.010223394e-05,0.594263093,0.0199095306,0.00148310698,76.9298777,53.393810800000004,4.1005950399999996e-05,6.158520010000001,0.019658054600000002,17.292265899999997,0.0010205655584,9.291269509e-05,0.0388983854,68.6178657,0.0010205655584,9.291269509e-05,0.00551280945,22.088629299999997,0.0010205655584,9.291269509e-05,0.0090254378,24.046552400000003,0.0010205655584,9.291269509e-05,0.022305115200000003,0.0007564843180000001,0.000769983073,-0.00445183576,-0.8392834109999999,0.050228244,0.0419569828,0.037549728399999996,4.510223090000001e-06,0.00031732824499999996
147,1709352000,0.6759648460000001,0.6759785100000001,-0.0171693439,-1.14434802,1.50282085,0.711265111,1.2698637700000002,1.14764753,0.02453599415,0.309693632,1.4943154e-05,2.4182468769999997e-05,0.000330122036,2.1173513350000004e-06,2.8598643e-06,1.7389874250000002e-05,8.943432655e-05,1.084136541e-05,0.31698478,0.0190273591,0.00149196014,77.7344485,56.03319309999999,2.24633823e-05,6.55849714,0.0160519988,11.76476065,0.0008143553532999999,7.405029086e-05,0.0309739802,45.20020999999999,0.0008143553532999999,7.405029086e-05,0.00521739053,16.41786856,0.0008143553532999999,7.405029086e-05,0.0087979217,18.356287000000002,0.0008143553532999999,7.405029086e-05,0.0223376032,0.000755424217,0.00076911479,-0.0031837798029999997,-0.855440602,0.0488307635,0.0417832979,0.0375327475,3.8791343e-06,0.000314722384
147,1709352600,0.768055932,0.768069525,-0.0063275846597,-1.114416367,1.60054886,0.750790694,1.3645166899999999,1.24792558,0.016108235800000002,0.34197949699999997,1.59241867e-05,3.309104248e-05,0.000324736011,3.856236341e-06,4.733710353e-06,2.4533394320000003e-05,9.472482800000001e-05,1.604579946e-05,0.36289836000000003,0.019150664,0.00147421807,76.0640055,55.2153354,2.5514227200000004e-05,6.40334852,0.0170838671,13.328629800000002,0.00074302426,6.74911929e-05,0.032566516899999995,49.517665699999995,0.00074302426,6.74911929e-05,0.00514753457,15.361178,0.00074302426,6.74911929e-05,0.00875718095,17.2766374,0.00074302426,6.74911929e-05,0.0223647329,0.0007643390490000001,0.000777945253,-0.0037040344499999996,-0.824140015,0.052727140500000005,0.0422524508,0.03777583190000001,4.67387848e-06,0.00032109879199999995
147,1709353200,0.7636662980000001,0.763679942,-0.008510257685,-0.948421869,1.6554505499999999,0.719638714,1.4072679700000001,1.2789015200000002,0.018420635199999997,0.34218888999999997,1.4608004150000001e-05,2.8716486599999997e-05,0.000321566041,2.377200147e-06,2.95726789e-06,9.8896102e-06,0.00013881180239999998,1.384304892e-05,0.359442706,0.020357673399999998,0.00151340757,76.2621009,55.54010040000001,2.5364787300000004e-05,6.616373619999999,0.0172633954,14.031319,0.001030904485,9.38735059e-05,0.032328872800000005,48.6804364,0.001030904485,9.38735059e-05,0.00535086917,20.21253849,0.001030904485,9.38735059e-05,0.00889830865,22.171586499999997,0.001030904485,9.38735059e-05,0.022056253499999998,0.00076945138,0.000783012904,-0.004281759023,-0.7267692730000002,0.0547384787,0.0432156629,0.0384098888,5.28339777e-06,0.00032526498300000005
147,1709353800,0.6985091239999999,0.698522458,-0.01005367082,-1.000951305,1.55610999,0.69718393,1.3285530600000002,1.2059618100000002,0.0144927365,0.308769857,1.452768225e-05,2.020358403e-05,0.000301333928,2.647981866e-06,2.9924647729999997e-06,3.700867505000001e-05,0.0001469193583,1.1654024650000002e-05,0.32874712500000003,0.018461746999999997,0.00152027813,77.9881154,55.4136121,2.32009896e-05,6.40232242,0.0176970638,14.743589599999998,0.0006385621939,5.7981556699999995e-05,0.0311080195,45.13710809999999,0.0006385621939,5.7981556699999995e-05,0.00494947954,13.14021888,0.0006385621939,5.7981556699999995e-05,0.00826220661,14.833261769999998,0.0006385621939,5.7981556699999995e-05,0.021067811099999997,0.0007324313460000001,0.0007458040890000001,-0.000994120272,-0.60010754,0.054928025699999994,0.0431050112,0.0378943802,5.12665682e-06,0.00031198930299999997
147,1709354400,0.608296289,0.608309807,-0.00877616423,-1.40225752,1.3422409499999999,0.695889355,1.1220717599999999,1.035031606,0.01386837205,0.28934983000000003,1.4552498999999999e-05,9.575418414999999e-06,9.58318571e-05,1.4953845309999998e-06,2.130028166e-06,5.78429562e-06,5.707405701000001e-05,8.54103598e-06,0.289908676,0.0135242002,0.0005335002125,76.8048939,54.8854426,2.0218718900000004e-05,6.2239269,0.0137042746,8.77117702,0.000361665607,3.2594166200000004e-05,0.026294923999999997,30.673905149999996,0.000361665607,3.2594166200000004e-05,0.00479051739,9.19250057,0.000361665607,3.2594166200000004e-05,0.00393737752,9.563821780000001,0.000361665607,3.2594166200000004e-05,0.00949461391,0.00023581222619999996,0.0002493669198,0.061193108090000004,2.1285734740000004,0.0271331019,0.014746788690000004,0.01240821057,5.376526420000001e-06,0.00013389015630000002
147,1709355000,0.7532198330000001,0.753233456,-0.0077608697800000005,-1.60904193,1.30882746,0.802983515,1.180161,1.11265897,0.012784670799999998,0.32984899400000006,1.4456142450000001e-05,1.0914103069999998e-06,2.3301243100000002e-06,2.030604625e-06,2.3222048439999998e-06,3.9882988e-06,1.3447404600000002e-05,1.139686835e-05,0.364749685,0.011726875350000002,9.572077609999999e-05,73.32500660000001,53.1812984,2.50402699e-05,6.269016390000001,0.013576474699999999,8.057777089999998,0.0006914940494999999,6.287189836e-05,0.0279390765,32.1013609,0.0006914940494999999,6.287189836e-05,0.00491346962,13.618997750000002,0.0006914940494999999,6.287189836e-05,0.0020253510000000003,13.462899570000001,0.0006914940494999999,6.287189836e-05,0.00415825991,1.1440547100000002e-05,2.50536458e-05,0.0459346935,0.01764151624,0.01140210538,0.0017874491200000002,0.0005468595300000001,1.4613575059999997e-06,1.532172965e-05
147,1709355600,0.759213279,0.759226785,-0.01111413155,-1.52678849,1.35922897,0.796448962,1.2232123700000002,1.14776001,0.0147204911,0.33498216000000003,1.57168816e-05,2.6456910490000004e-06,3.8024047500000007e-06,3.3754596599999995e-06,4.5859616399999996e-06,6.7413133e-06,1.71443408e-05,1.92740477e-05,0.36806283,0.0113712423,0.00011223619809999999,70.43968039999999,53.035321800000006,2.52142287e-05,6.608154140000001,0.0138001229,8.41314657,0.0008014554126,7.290859597e-05,0.028118460999999994,32.5413466,0.0008014554126,7.290859597e-05,0.00506692353,16.615709380000002,0.0008014554126,7.290859597e-05,0.0021834554300000004,16.461678820000003,0.0008014554126,7.290859597e-05,0.00404032384,9.725917e-06,2.3255984799999998e-05,0.059926289599999995,-0.01189174013,0.00954877115,0.0013799532,0.00022929392690000002,8.961100620000001e-07,1.1961734799999999e-05
147,1709356200,0.7665051220000001,0.76651856,-0.0109764706,-1.48950372,1.3874298800000002,0.798504258,1.24668806,1.1657606,0.018545232399999997,0.34416473699999994,1.4660762700000001e-05,1.738574272e-06,4.198800320000001e-06,2.5964134079999998e-06,3.1414668359999995e-06,7.687982450000001e-06,3.44517031e-05,1.3550006699999998e-05,0.369853787,0.0131977768,0.0001319168144,72.79118549999998,53.4713401,2.54629989e-05,6.3579976600000006,0.0142181938,9.289115049999998,0.0008114951741,7.386331488e-05,0.028322413499999997,33.08626769999999,0.0008114951741,7.386331488e-05,0.0050755303299999995,16.751040879999998,0.0008114951741,7.386331488e-05,0.0023657500299999997,16.677245890000002,0.0008114951741,7.386331488e-05,0.005051507469999999,2.51609872e-05,3.85250731e-05,0.005507218949999999,-0.523966784,0.014518495749999999,0.004348361890000001,0.00291028169,1.8181152599999999e-06,1.98766046e-05
147,1709356800,0.8639824269999998,0.863995909,-0.0113381072,-1.5047123800000002,1.46333219,0.845648049,1.31119004,1.2341626600000002,0.0180991592,0.38541049099999997,1.4299443799999998e-05,1.21277102e-06,3.02655804e-06,1.572397779e-06,2.1866985730000004e-06,3.24835552e-06,2.67729033e-05,1.08992998e-05,0.420542907,0.01129820795,0.0001002266082,72.37738119999999,52.67040199999999,2.8735161099999997e-05,6.0536656,0.014754085,9.80057045,0.0008143300440000001,7.407136595e-05,0.029978047399999996,36.9526376,0.0008143300440000001,7.407136595e-05,0.0052121198,17.76274876,0.0008143300440000001,7.407136595e-05,0.00249245244,17.6213368,0.0008143300440000001,7.407136595e-05,0.00455225556,1.75140518e-05,3.10308844e-05,-0.034420294069999996,-0.4546363176,0.0100847661,0.00296177679,0.0017602181519999999,1.1648020980000003e-06,1.54594714e-05
147,1709357400,0.795660703,0.7956742779999999,-0.01279899385,-1.5221255,1.38795487,0.8141080370000001,1.25317575,1.18301111,0.015225442750000002,0.350400009,1.60758177e-05,2.8189959899999997e-06,4.8221250799999995e-06,3.93353479e-06,4.788213623e-06,8.109092939999999e-06,1.9527891899999996e-05,1.879500698e-05,0.385806164,0.0118488981,0.0001092748699,68.0703538,53.008853099999996,2.64338647e-05,6.44712675,0.014212654200000003,8.9773193,0.0007336304856,6.66865813e-05,0.028862592500000006,34.3063081,0.0007336304856,6.66865813e-05,0.0052073957999999995,17.249585579999998,0.0007336304856,6.66865813e-05,0.0024413881600000003,16.99419702,0.0007336304856,6.66865813e-05,0.004247519640000001,1.2846726e-05,2.63616662e-05,-0.00976643844,-0.19236709015,0.009161011149999999,0.00224879468,0.0010236518969999999,1.32916803e-06,1.37984376e-05
147,1709358000,0.9117348740000001,0.9117482670000001,-0.005046752000999999,-1.31404356,1.6374875,0.8332051159999999,1.41533071,1.31134004,0.023730400699999998,0.42579559200000006,1.564125175e-05,1.0356432714e-05,0.0001295603205,3.78917622e-06,3.946683430000001e-06,1.9221122890000003e-05,0.00011447558690000001,1.552478192e-05,0.441243912,0.01339919,0.0009241698405,72.8503071,53.17547020000001,3.0296566900000002e-05,6.3347207999999995,0.017668763799999997,14.5335224,0.0004980261103,4.5063672519999995e-05,0.03199509390000001,45.328058799999994,0.0004980261103,4.5063672519999995e-05,0.00489328191,11.49055684,0.0004980261103,4.5063672519999995e-05,0.0051076368500000005,12.109118079999998,0.0004980261103,4.5063672519999995e-05,0.012467116650000002,0.00033688126034999994,0.00035028333240000006,0.001824656995000001,-0.26244429,0.03559762533,0.02373195962,0.020168606465,4.833515850000001e-06,0.000148831607
147,1709358600,0.577690904,0.5777042499999999,-0.0043812925600000005,-1.0793356109999999,1.44323157,0.6486229330000001,1.1944114899999998,1.08093298,0.0181911409,0.268398094,1.4294528399999998e-05,1.8535265649999995e-05,0.000212224379,3.22015169e-06,2.2289151829999997e-06,1.7643361979999998e-05,0.000195059928,1.064380287e-05,0.27185039899999996,0.015021331600000002,0.0015130564799999999,77.9866412,55.56504460000001,1.91793334e-05,6.478045140000001,0.01754451,14.592484149999999,0.0004051338754,3.658851936e-05,0.027431969699999996,35.004355700000005,0.0004051338754,3.658851936e-05,0.00475060504,8.66400593,0.0004051338754,3.658851936e-05,0.00699868884,9.83489385,0.0004051338754,3.658851936e-05,0.0181501115,0.000565168296,0.0005785619860000001,0.00530905636,-0.41016426800000005,0.049862035799999996,0.0384944309,0.03330448600000001,4.77976691e-06,0.000249601681
147,1709359200,0.5474844080000001,0.547497942,-0.007484219219999999,-1.50356632,1.37347942,0.666579505,1.047031973,0.958566762,0.021616559400000002,0.25564629,1.4363430499999999e-05,4.265588165e-06,4.743372189e-05,2.6727971900000002e-06,2.60684114e-06,5.07907318e-06,5.758990635e-05,1.2655904250000002e-05,0.25774468799999994,0.015467467500000002,0.00039643375239999996,75.7379985,56.16251289999999,1.81773165e-05,6.58492289,0.013011228350000001,8.02031006,0.0005712795181500001,5.1867557065999994e-05,0.023866760799999998,25.1282735,0.0005712795181500001,5.1867557065999994e-05,0.004819842459999999,11.093569950000001,0.0005712795181500001,5.1867557065999994e-05,0.00305919301,11.204397399999998,0.0005712795181500001,5.1867557065999994e-05,0.00718118918,0.00012903437900000004,0.0001425080155,0.20180576770999997,24.2191721297,0.05385544075,0.0098256275,0.00774581614,1.0220138405e-05,0.00015438093230000003
147,1709359800,0.625299858,0.625313404,0.00512523502,-1.0443633499999998,1.50582094,0.6692559229999999,1.24398797,1.1338096300000002,0.0207916498,0.298853427,1.5325158299999997e-05,2.7082162370000003e-05,0.00025570072299999997,3.3704176500000002e-06,3.337393505e-06,1.66712965e-05,0.00017411420899999999,1.37277118e-05,0.296086886,0.01464486575,0.00142190597,74.25867439999999,54.936076,2.07706145e-05,6.51490419,0.017141298300000003,14.029556099999999,0.0006151689829999999,5.579363149999999e-05,0.0292393731,39.8359531,0.0006151689829999999,5.579363149999999e-05,0.0050466387799999995,13.14005185,0.0006151689829999999,5.579363149999999e-05,0.00784930933,14.735980699999999,0.0006151689829999999,5.579363149999999e-05,0.020129739200000003,0.000653991073,0.0006675373289999999,-0.00289420062,-0.5666111779999999,0.0527767348,0.0408473491,0.03546639050000001,1.4211490409999998e-05,0.000285191181
147,1709360400,0.519272249,0.519285721,0.0019611981999999996,-1.15434388,1.4413190200000003,0.626668174,1.1252968399999999,1.0163185179999998,0.0131997471,0.23979955199999997,1.48021948e-05,2.270163454e-05,0.00026145174700000005,2.489191018e-06,3.0352878790000006e-06,2.11796433e-05,0.000186459294,1.202905872e-05,0.24347172300000003,0.014213244,0.0014397031700000003,74.8175691,55.6878162,1.72374336e-05,6.60188625,0.0168133064,13.4173921,0.000626485365,5.684280020000001e-05,0.027503535200000002,35.5275846,0.000626485365,5.684280020000001e-05,0.0049437308,12.242093270000002,0.000626485365,5.684280020000001e-05,0.007834685550000001,13.810607959999999,0.000626485365,5.684280020000001e-05,0.019805947599999995,0.0006642898320000001,0.0006777694929999999,-0.011883330550000001,-0.509230093,0.0602356834,0.0414265315,0.0361799499,8.2586451e-06,0.000315440604
147,1709361000,0.48891089699999996,0.48892467,0.007563477860000001,-1.1482633400000002,1.3177902499999998,0.6094329510000001,1.09570844,0.987330139,0.01220187,0.22363887600000004,1.4424798900000002e-05,2.2612159229999997e-05,0.00025446396100000003,1.6182737359999998e-06,1.937151968e-06,2.438200685e-05,0.000168395066,9.02284683e-06,0.227189558,0.015379793000000003,0.00140273664,78.673041,56.570873600000006,1.6227129449999997e-05,6.678474830000001,0.016354702000000002,12.6644833,0.0004492189963999999,4.059982714e-05,0.0267981173,33.820528100000004,0.0004492189963999999,4.059982714e-05,0.00477855204,9.37048282,0.0004492189963999999,4.059982714e-05,0.00754359841,10.5887795,0.0004492189963999999,4.059982714e-05,0.0195810234,0.000646163451,0.000660005961,-0.009165249479999998,-0.5287485060000001,0.05004114139999999,0.0407332797,0.03557932330000001,4.44746212e-06,0.000275074085
147,1709361600,0.537216237,0.537230027,0.004332272619999999,-1.2643030469999998,1.34539105,0.644142725,1.1176466379999999,0.9834300330000003,0.028246944599999997,0.259763858,1.4358174e-05,1.0806727429999999e-05,0.00013273703596,1.667013037e-06,1.6656661920000004e-06,2.2626624529999998e-05,0.00026139509294,8.242248469999999e-06,0.251662392,0.0155399824,0.0009650428701999999,77.65172790000001,56.17598949999999,1.7857040650000004e-05,6.25131998,0.0178069469,15.768412750000001,0.00044155618500000003,3.9977030307e-05,0.0253557902,29.2219696,0.00044155618500000003,3.9977030307e-05,0.0045847137199999995,8.65635883,0.00044155618500000003,3.9977030307e-05,0.00500890187,9.187760690000001,0.00044155618500000003,3.9977030307e-05,0.01538039137,0.0004252720161999999,0.0004390109818,-0.00249161236,-0.42767170600000004,0.04545092,0.027941486720000002,0.023951043464,1.5736441075000003e-05,0.00020854943269999997
147,1709362200,0.808769457,0.8087830269999999,-0.0030315539939999993,-1.4371192899999998,1.51317119,0.806453273,1.2851642429999999,1.17382331,0.0394149278,0.382858928,1.5361052000000003e-05,9.821701194999999e-06,0.00014172906483,3.3639859600000006e-06,3.97584518e-06,1.3413560089999999e-05,0.00015356966525,1.826457412e-05,0.38792888,0.0152061043,0.0009036453442000001,74.264549,54.1092712,2.6869528e-05,6.467779800000001,0.0173267416,14.41140714,0.0008976111870000001,8.171408366e-05,0.030344325,41.5494842,0.0008976111870000001,8.171408366e-05,0.005206884429999999,18.49713835,0.0008976111870000001,8.171408366e-05,0.00551957228,19.256387729999997,0.0008976111870000001,8.171408366e-05,0.012999672270000002,0.0003760255082,0.0003895895299,-0.023230022106,6.374503355530001,0.044736870500000005,0.025401472520000003,0.021249307531000003,1.337479067e-05,0.0001801050187
147,1709362800,0.4692309679999999,0.469244627,0.0005905574084999999,-1.3032868700000002,1.28962688,0.612596133,1.03289403,0.928265849,0.014632253349999999,0.21630370999999998,1.448161855e-05,1.764052379e-05,0.000227813037,2.003070491e-06,1.8712579199999996e-06,1.786195892e-05,0.000241607982,8.03066232e-06,0.216113622,0.01654455515,0.0014394491800000001,78.23221190000001,57.6216237,1.5580679600000004e-05,6.63060402,0.0174921655,14.578086500000001,0.0004239395279,3.8374322203e-05,0.0257496491,31.244687000000006,0.0004239395279,3.8374322203e-05,0.00460035147,8.478052519999999,0.0004239395279,3.8374322203e-05,0.00701890052,9.74421752,0.0004239395279,3.8374322203e-05,0.0190052678,0.00061745143,0.000631159536,-0.0013141952900000003,-0.396458408,0.057636194499999995,0.0406977406,0.034911125800000005,6.7839629899999996e-06,0.00028615616999999995
147,1709363400,0.41622253099999995,0.41623618800000006,0.00154778412,-1.2087227900000002,1.33447822,0.571248618,0.996592934,0.8897521600000001,0.013540200249999999,0.19993076800000004,1.4179765700000002e-05,2.2242663370000002e-05,0.00022720683499999998,1.4869458450000003e-06,1.6134307900000002e-06,2.069539971e-05,0.00022992932299999998,8.20010058e-06,0.187769092,0.018410143599999994,0.00141932033,82.9269015,59.3421295,1.38100217e-05,6.64603721,0.017016905899999997,13.871111199999998,0.0006055173466,5.498460826999998e-05,0.024757443900000002,29.001824499999998,0.0006055173466,5.498460826999998e-05,0.00481179271,11.08174614,0.0006055173466,5.498460826999998e-05,0.007304705329999999,12.48517377,0.0006055173466,5.498460826999998e-05,0.0189860232,0.00062233397,0.000635903733,-0.00253286453,-0.38678216500000007,0.0690439159,0.0408102048,0.0351112825,8.71177931e-06,0.00030227098199999997
147,1709364000,0.604585435,0.6045990549999999,0.0029276217559999996,-1.20650325,1.44469411,0.682170294,1.1980865600000001,1.08472064,0.0198324787,0.28008228499999993,1.4338810949999998e-05,2.3594696200000002e-05,0.00024121130799999998,1.9241120429999997e-06,1.8937756800000003e-06,4.154033245e-05,0.00022018671700000004,9.56511226e-06,0.282613312,0.017613542000000003,0.00152474363,78.0447458,56.1735272,2.0074033700000003e-05,6.583200720000001,0.018476267100000002,16.2429336,0.00037124705439999997,3.346237164e-05,0.028587818000000004,38.1778338,0.00037124705439999997,3.346237164e-05,0.00468201681,7.8911716400000005,0.00037124705439999997,3.346237164e-05,0.007338078690000001,9.17303488,0.00037124705439999997,3.346237164e-05,0.0194796625,0.000657701167,0.0006713485760000001,-0.011672727780000001,-0.404930224,0.054160417599999996,0.042004525200000004,0.0361603241,5.0709915499999994e-06,0.00028198491000000004
147,1709364600,0.603781377,0.603794938,-0.00709150836,-0.904659405,1.5112211,0.637728927,1.2493881199999999,1.1287844500000002,0.01717631181,0.28242242799999995,1.4549053699999999e-05,1.8038876946e-05,0.000248242468,1.5764730789999997e-06,2.0867749720000003e-06,3.466310737e-05,0.00022969934199999997,9.646536649999997e-06,0.279689148,0.020121220800000002,0.0015346681600000001,80.12808949999999,57.317933700000005,2.0053738e-05,6.54535614,0.018275449299999996,16.2260698,0.00047409691400000006,4.28709532e-05,0.0284487656,37.8969329,0.00047409691400000006,4.28709532e-05,0.00490981302,10.55787607,0.00047409691400000006,4.28709532e-05,0.0075555551700000004,11.761875290000003,0.00047409691400000006,4.28709532e-05,0.0194266376,0.0006581650869999999,0.000671785913,-0.010421512859999999,-0.39888137200000007,0.0516478921,0.04221304869999999,0.0363546871,4.48854101e-06,0.00027989894
147,1709365200,0.43320288300000004,0.43321650700000003,-0.00651511559,-1.306316434,1.1990240970000001,0.5798527430000001,0.980804959,0.8729141200000001,0.01305327375,0.200167493,1.489965855e-05,1.0909865558e-05,0.00013822971862999998,3.7424506039999997e-06,2.428202903e-06,2.3679410834999997e-05,0.00012475968360000001,9.110663370000001e-06,0.197616396,0.0177899558,0.0008801531077,80.2529024,58.7790797,1.4378716999999998e-05,6.484756470000001,0.014160349599999997,10.262395530000001,0.00023447493369999997,2.0959499e-05,0.022751817,24.6593266,0.00023447493369999997,2.0959499e-05,0.00443671033,5.26951854,0.00023447493369999997,2.0959499e-05,0.004518656260000001,5.860353829999999,0.00023447493369999997,2.0959499e-05,0.012538677209999998,0.0003668374129400001,0.0003804273072,-0.0049528534,0.20610214559999998,0.03577110752,0.024878854858,0.019201596610000003,1.6112659256e-05,0.0001759087623
147,1709365800,0.37649818700000004,0.376511808,-0.010038594000000001,-1.7184827500000002,0.9463413770000001,0.577999106,0.79506177,0.7329223629999999,0.011155806649999999,0.178163012,1.44323057e-05,1.056217658e-06,2.35130096e-06,3.658235983e-06,1.886447759e-06,2.9272363400000002e-06,7.3791057e-06,8.37873684e-06,0.171761726,0.01638412015,7.3051732e-05,77.1430192,58.92464910000001,1.2507525949999999e-05,6.367272880000001,0.00982563565,4.19223839,0.0007143718358000001,6.496537341000001e-05,0.019282193299999997,15.419425750000002,0.0007143718358000001,6.496537341000001e-05,0.0048668785199999995,12.95734291,0.0007143718358000001,6.496537341000001e-05,0.0018827758400000003,12.89002752,0.0007143718358000001,6.496537341000001e-05,0.004227245060000001,1.2010104839999999e-05,2.56029674e-05,0.03868277568,0.9561039189999999,0.01200070805,0.0014811779441999998,0.00041208674099999995,1.4747473499999999e-06,1.55561737e-05
147,1709366400,0.464974329,0.4649878170000001,-0.00814377118,-1.7566274100000001,1.030531442,0.6449686619999999,0.850750962,0.8005744480000001,0.013829899359999998,0.212470829,1.43481914e-05,1.0641552349999998e-06,1.210694784e-06,1.699177102e-06,1.993183647e-06,2.84519933e-06,6.2037242e-06,8.515928129999999e-06,0.21728371900000001,0.015111928,6.68061898e-05,78.17697749999999,56.618322899999995,1.5453164949999998e-05,6.002349489999999,0.0110584018,5.1186541199999995,0.0005880762369500001,5.339677150600001e-05,0.021542007000000002,19.156824899999997,0.0005880762369500001,5.339677150600001e-05,0.004695857060000001,10.495291636000001,0.0005880762369500001,5.339677150600001e-05,0.0016565026139999997,10.34295966,0.0005880762369500001,5.339677150600001e-05,0.00381980611,4.86898374e-06,1.84065616e-05,0.687222283,51.417524654,0.0196515771,-0.000484700454,-0.001325240004,3.4409786600000003e-06,3.536044595e-05
147,1709367000,0.39020412400000004,0.39021765300000005,-0.00427317463,-1.7446396700000002,0.969329579,0.5886688139999999,0.7862114809999999,0.7378725160000001,0.01281414693,0.180861732,1.4321730449999998e-05,9.91105348e-07,1.2178814240000002e-06,2.05869716e-06,1.9180080910000003e-06,3.01678046e-06,6.113849499999999e-06,9.454996770000001e-06,0.179934768,0.0150689837,7.22561035e-05,78.3194216,58.08766059999999,1.2954882399999999e-05,6.480625450000001,0.0102764714,4.40142996,0.00069300953305,6.303220286e-05,0.0195711733,15.9504121,0.00069300953305,6.303220286e-05,0.00476646966,12.67103329,0.00069300953305,6.303220286e-05,0.001686785026,12.593769714999999,0.00069300953305,6.303220286e-05,0.00386720521,5.64912461e-06,1.91693568e-05,0.337810029,20.227927859999998,0.0162472895,-0.00014430244899999998,-0.001045216135,2.72925409e-06,2.631079505e-05
147,1709367600,0.5278765219999999,0.527890175,-0.0016984221780000004,-1.053559206,1.39973019,0.621565352,1.16283548,0.9860551340000001,0.03381418718,0.261006457,1.431907735e-05,1.6531697839999997e-05,0.0001824178889,1.96616095e-06,2.65721283e-06,5.471709455999999e-05,0.00012694831985,1.2313605070000001e-05,0.244156183,0.0182204688,0.0011632196675,78.795739,57.5174481,1.75225106e-05,6.7219764600000005,0.015893219,12.40838544,0.0007300197928000001,6.639813169e-05,0.025925761400000004,31.4700447,0.0007300197928000001,6.639813169e-05,0.00501355988,14.80091527,0.0007300197928000001,6.639813169e-05,0.0062391700299999995,15.692671720000002,0.0007300197928000001,6.639813169e-05,0.015347409839999998,0.0004853567643200001,0.0004989366753,0.03063203800000001,26.294706251,0.0575968601,0.032303953947,0.02612615097,1.973420332e-05,0.00025697634049999995
147,1709368200,0.47652604300000007,0.4765396310000001,-0.003099666658,-1.06485164,1.3360532800000002,0.5947495710000001,1.096346,0.972929686,0.013591904399999999,0.21913061799999997,1.42725798e-05,2.9140340919999996e-05,0.00023644213300000002,1.976875714e-06,1.96308376e-06,7.94628557e-05,0.00016371068415000001,9.80220738e-06,0.217463234,0.018766949999999998,0.0015092864499999998,80.57712589999998,58.36783949999999,1.58200592e-05,6.65749225,0.0172881446,14.3272123,0.0004137159778,3.752909264500001e-05,0.026274776499999996,32.53561500000001,0.0004137159778,3.752909264500001e-05,0.00464827647,8.79227603,0.0004137159778,3.752909264500001e-05,0.007320935169999999,9.968575579999998,0.0004137159778,3.752909264500001e-05,0.019274202900000002,0.000650035534,0.000663633,-0.0248070721,-0.411029521,0.05394432020000001,0.0415358879,0.035853147999999994,5.54486523e-06,0.00027989027499999996
147,1709368800,0.268044826,0.268058443,0.0027218017999999997,-1.39174403,0.877901799,0.465230312,0.719571956,0.6477197780000001,0.008420734570000001,0.12296839439999999,1.41585083e-05,2.8442112181999997e-05,4.7323813012999995e-05,1.227435668e-06,1.191426027e-06,4.8552528879999994e-05,2.4685783450000002e-05,5.8543836200000005e-06,0.11545113039999999,0.0179321045,0.0004808550747,86.4933035,65.6186846,8.89769109e-06,6.61810703,0.01061785455,5.6327891999999995,0.00057505288,5.2249408093000006e-05,0.0175838283,14.030980320000003,0.00057505288,5.2249408093000006e-05,0.004639848090000001,10.597442255,0.00057505288,5.2249408093000006e-05,0.003151580255,10.791330484000001,0.00057505288,5.2249408093000006e-05,0.00818325022,0.00018644321299000002,0.0002000394322,0.07314799359999999,2.3405514543,0.02270929154,0.011906767692000001,0.00949456256,1.0362006960000002e-05,9.080022465e-05
147,1709369400,0.415361873,0.415375328,-0.0094954404,-1.75876898,0.92267817,0.609524784,0.803312021,0.761273227,0.00969700656,0.186321239,1.464743575e-05,1.357196919e-06,1.834769914e-06,2.537503555e-06,2.238487139e-06,3.41912849e-06,7.8106516e-06,9.6665116e-06,0.19120297800000002,0.0163709879,7.6799095e-05,78.00568899999999,57.993117700000006,1.380030985e-05,6.20319631,0.010526608199999999,4.6601104200000005,0.0004926150909999999,4.4671947899999995e-05,0.0201542031,16.74617175,0.0004926150909999999,4.4671947899999995e-05,0.00457707783,8.971206689999999,0.0004926150909999999,4.4671947899999995e-05,0.0015416632499999998,8.806027266,0.0004926150909999999,4.4671947899999995e-05,0.0038819665499999997,6.2953891599999995e-06,1.97956922e-05,0.1276778072,1.5696972649999998,0.00974638005,0.00022902614200000001,-0.000714371152,1.52405354e-06,1.2650477e-05
147,1709370000,0.37449070500000003,0.374504426,0.00510292082,-1.58587907,0.953316601,0.557857613,0.7832489060000001,0.720621981,0.01465228133,0.1785229425,1.429598965e-05,7.01432667e-07,9.71165138e-07,1.2511638959999999e-06,1.2045109819999999e-06,1.9086539100000003e-06,5.991704520000001e-06,5.157489909999999e-06,0.169540394,0.0176084937,7.74176784e-05,84.35217449999999,63.1522633,1.244609859e-05,6.17279243,0.00977823051,4.1546875100000005,0.0006900126548,6.275392561999999e-05,0.018321622099999997,14.946529240000004,0.0006900126548,6.275392561999999e-05,0.00473115396,11.983650654000002,0.0006900126548,6.275392561999999e-05,0.001606745511,11.888798844,0.0006900126548,6.275392561999999e-05,0.0037914406499999997,4.72351894e-06,1.84095652e-05,0.0679170596,1.0157241664999999,0.00899589237,-0.00020402048889999998,-0.000976498592,9.35623759e-07,1.1542213049999997e-05
147,1709370600,0.196187021,0.196200678,0.025557977370000002,-1.3290141300000002,0.7958868050000001,0.394793473,0.6591951180000001,0.566004783,0.0067468901599999995,0.092528579,1.4380646900000003e-05,8.11465647e-07,1.194207262e-06,1.7796138710000003e-06,1.31728169e-06,2.00704002e-06,6.10912876e-06,4.672726799999999e-06,0.0752761993,0.022719142299999998,7.845684899999999e-05,90.9641056,76.69338339999999,6.50454635e-06,6.72515625,0.00726285512,2.2911894800000003,0.000289060589,2.6027237639999997e-05,0.01232777085,6.678485929999999,0.000289060589,2.6027237639999997e-05,0.0044279622200000006,5.56553685,0.000289060589,2.6027237639999997e-05,0.0011845375680000002,5.292948310000001,0.000289060589,2.6027237639999997e-05,0.00381756917,5.24848441e-06,1.88985196e-05,0.02356731105,-0.030545905099999993,0.00564676904,-2.5444928000000008e-05,-0.00079812413,9.995320069999999e-07,9.824264549999999e-06
147,1709371200,0.24124255199999997,0.24125625899999997,0.01337765061,-1.4842741,0.842500701,0.453168553,0.724634639,0.6380819709999999,0.006862893980000001,0.1096008244,1.4247696250000002e-05,5.94203579e-07,9.09786852e-07,1.069844154e-06,1.1235415069999998e-06,1.811593843e-06,5.7278681099999996e-06,4.1414462500000005e-06,0.09859247139999999,0.0219182968,9.397361500000001e-05,91.7820486,68.517746,8.00989486e-06,6.408332759999999,0.00807481718,2.7393715199999997,0.0003795177929,3.428810286e-05,0.0145166132,8.72954546,0.0003795177929,3.428810286e-05,0.004505110139999999,7.156145280000001,0.0003795177929,3.428810286e-05,0.0012847109239999999,6.900255149999998,0.0003795177929,3.428810286e-05,0.0037931894399999997,5.03922258e-06,1.87724146e-05,-0.0017945842500000006,-0.09045370121,0.00501539076,-2.4344007900000003e-05,-0.000796918162,8.024780560000001e-07,9.736386150000001e-06
147,1709371800,0.19737275699999998,0.19738652699999998,-0.013641204200000001,-1.3694371899999997,0.845913339,0.40371320199999994,0.6614452049999999,0.5747050459999998,0.00708408967,0.1006605599,1.38856569e-05,1.8997250540000001e-07,4.78159437e-07,1.0754452980000001e-06,5.92017061e-07,1.42099379e-06,5.191407150000001e-06,2.5989054e-06,0.07673850740000002,0.0218216864,0.0001141088081,93.9206088,72.83103550000001,6.55308043e-06,6.589375250000001,0.00700206711,2.33681186,0.0003632136574,3.281280481e-05,0.0127248122,6.76888472,0.0003632136574,3.281280481e-05,0.00444420206,6.652598863,0.0003632136574,3.281280481e-05,0.0012013338840000001,6.404442588,0.0003632136574,3.281280481e-05,0.00388089037,6.50264898e-06,2.0217992499999998e-05,-0.030710205829999997,0.9865323392,0.01069090309,0.00035082207149999997,-0.00057080569,1.6055989e-06,1.5095200699999999e-05
147,1709372400,0.25490857899999997,0.254922105,-0.00801433302,-1.53977193,0.8515759880000001,0.467683935,0.7097841550000001,0.636281925,0.007505650700000001,0.11838828480000001,1.4230768700000001e-05,7.96546507e-07,1.063784322e-06,1.429343075e-06,2.02206814e-06,4.21573149e-06,6.2048615800000005e-06,5.26437491e-06,0.10711564600000001,0.020222100500000003,9.42334539e-05,87.6508624,66.33507549999999,8.46021295e-06,6.676718660000001,0.00825427553,3.11230325,0.0005210070340299999,4.7311682460000006e-05,0.0151223934,9.50922324,0.0005210070340299999,4.7311682460000006e-05,0.00461462129,9.40642277,0.0005210070340299999,4.7311682460000006e-05,0.00142720298,9.230710915,0.0005210070340299999,4.7311682460000006e-05,0.003977483350000001,9.15173945e-06,2.2727940299999997e-05,-0.0163753446,1.315331325,0.01229573222,0.0011617837800000001,0.0001528454827,1.279171879e-06,1.5006755350000003e-05
147,1709373000,0.375446024,0.375459636,-0.0115951036,-1.68316182,0.9671920210000001,0.576837577,0.820450056,0.753510492,0.0106459226,0.17224534600000002,1.4230605e-05,7.6484739e-07,1.065649975e-06,1.663391904e-06,1.68503092e-06,3.7292105299999997e-06,7.2625107599999996e-06,6.1399924299999995e-06,0.17113108999999999,0.0164538891,0.000114631466,80.6405349,58.880777699999996,1.247009395e-05,6.263242740000001,0.009991322,4.37268915,0.00037831219389999996,3.4237504146999996e-05,0.0190796796,15.015438,0.00037831219389999996,3.4237504146999996e-05,0.00451670565,7.614594834,0.00037831219389999996,3.4237504146999996e-05,0.001411481136,7.371909346,0.00037831219389999996,3.4237504146999996e-05,0.004010463380000001,9.27071063e-06,2.28654338e-05,-0.049839423199999996,0.6123065225,0.009346876569999999,0.001065319087,4.938949999999999e-05,1.7409231300000002e-06,1.5669938300000003e-05
147,1709373600,0.5661555879999999,0.5661692260000002,-0.0137278192,-1.4536392,1.37422945,0.667054305,1.06968268,0.975742288,0.01384693605,0.28322643,1.52599506e-05,5.364161087e-06,4.8410832132e-05,2.831908564e-06,3.364093774e-06,9.881028126e-06,4.11637893e-05,1.4053951810000002e-05,0.26743278800000003,0.0151024456,0.00041556543699999994,73.410606,55.9027145,1.8803293349999998e-05,6.464890849999999,0.012714669500000001,7.66702884,0.0008514733560000001,7.749742350000001e-05,0.024327068099999998,26.1764547,0.0008514733560000001,7.749742350000001e-05,0.00502012542,15.25140887,0.0008514733560000001,7.749742350000001e-05,0.0031132764899999997,15.468385280000001,0.0008514733560000001,7.749742350000001e-05,0.00679002485,0.00012308041536,0.00013669128599999998,-0.014926709109999997,21.462333148229998,0.02404226941,0.00789099047732,0.006224401893,2.023316996e-06,6.19353381e-05
147,1709374200,0.438123139,0.438136733,-0.017544418399999998,-1.18278894,1.20757435,0.5681582159999999,1.02213121,0.911390325,0.009848388599999999,0.20362189699999997,1.44807839e-05,1.285245939e-05,0.00023041939300000002,1.4655460920000001e-06,1.8332281859999996e-06,3.2615580559999995e-05,0.000159435002,8.456695609999999e-06,0.212844914,0.00436848365,0.0014001835099999999,70.9013186,52.2298844,1.4550442399999998e-05,6.54653916,0.016053995999999997,12.0094578,0.0004332584136,3.921100992999999e-05,0.025680167999999996,30.963782600000002,0.0004332584136,3.921100992999999e-05,0.004778976789999999,9.23190243,0.0004332584136,3.921100992999999e-05,0.007152897400000001,10.251199600000001,0.0004332584136,3.921100992999999e-05,0.018399186399999996,0.0005768374600000001,0.0005905184060000001,-0.010486775350000001,-0.477503703,0.0472140769,0.0386927127,0.033622478100000006,3.26445816e-06,0.00024379863799999998
147,1709374800,0.415275975,0.415289597,-0.0190534033,-1.15584907,1.2039367399999996,0.549457895,0.990592758,0.889639657,0.0119915637,0.194597817,1.4681692349999997e-05,2.080745776e-05,0.00022182189399999998,2.1217583579999997e-06,2.2883506899999996e-06,6.44699066e-05,0.0001273249024,9.78700165e-06,0.201753458,0.004038469540000001,0.00139635948,70.55481520000001,52.213538099999994,1.378907415e-05,6.587257220000001,0.01590300415,11.8242088,0.0005170698770000001,4.682593999999999e-05,0.025287894999999998,30.1006435,0.0005170698770000001,4.682593999999999e-05,0.00482417031,9.92956261,0.0005170698770000001,4.682593999999999e-05,0.00721374325,11.183151129999999,0.0005170698770000001,4.682593999999999e-05,0.0184143392,0.000576051447,0.000589589198,-0.01134928705,-0.47475317400000006,0.05062644549999999,0.038611904700000005,0.03345403400000001,4.7580091e-06,0.000249802377
147,1709375400,0.582460339,0.582473853,-0.01732586065,-1.196651236,1.3898674199999999,0.654694009,1.1538352299999999,1.044594406,0.0180431387,0.272177294,1.4244197400000003e-05,1.48120812e-05,0.000236568041,1.864716759e-06,1.860585158e-06,6.005140729999999e-05,0.00013558798,9.66279995e-06,0.284851745,0.00444535955,0.00147190941,70.5724695,51.7829882,1.9359733849999996e-05,6.4770368099999995,0.0172830217,13.853649200000001,0.000510289812,4.6194090000000005e-05,0.0285360091,37.894638699999994,0.000510289812,4.6194090000000005e-05,0.004940670679999999,11.313368969999999,0.000510289812,4.6194090000000005e-05,0.00743547431,12.395893090000003,0.000510289812,4.6194090000000005e-05,0.018747950500000003,0.000597351802,0.000610929551,-0.008863973360000001,-0.478748652,0.0509168073,0.039341035700000006,0.0341402327,4.77878632e-06,0.00025599264499999994
147,1709376000,0.39288605000000004,0.39289982300000004,-0.0269799153,-1.0875533469999998,1.136809706,0.523032146,0.9361410829999999,0.826862755,0.0177833023,0.1890152936,1.4209597599999998e-05,2.00365297e-05,0.000227202052,1.0597536340000002e-06,1.387877125e-06,1.6152762770000002e-05,0.00017681820600000002,5.83921495e-06,0.18960714260000003,0.005009172920000001,0.0013777613699999997,73.2407297,53.7463342,1.305137272e-05,6.46738057,0.015624776900000002,11.5512484,0.0003997467443,3.60789713e-05,0.024682298999999998,29.002252900000002,0.0003997467443,3.60789713e-05,0.004700807980000001,8.197362069999999,0.0003997467443,3.60789713e-05,0.00712914035,9.351444480000001,0.0003997467443,3.60789713e-05,0.0186231582,0.0005877993390000001,0.0006015102119999999,0.008243745,-0.48075840999999997,0.0475298926,0.03930325529999999,0.0341300269,3.3421823400000003e-06,0.00024794589800000006
147,1709376600,0.273374322,0.27338792300000003,-0.0241654937,-1.045732862,1.03428159,0.44385813800000007,0.8264502410000001,0.7230595769999999,0.011057526770000001,0.135742857,1.42248526e-05,1.4763558750000001e-05,0.00024181233999999996,1.723775291e-06,1.485382014e-06,2.777971833e-05,0.000175921258,6.614694560000001e-06,0.1285798116,0.00621577743,0.00142078828,75.0325076,54.9305055,9.0731207e-06,6.672641710000001,0.014978151249999998,10.7779644,0.00034710938,3.126611602e-05,0.022596811300000002,24.239481599999998,0.00034710938,3.126611602e-05,0.00464110374,7.19525759,0.00034710938,3.126611602e-05,0.007188538859999999,8.33734171,0.00034710938,3.126611602e-05,0.018993817000000003,0.000613035217,0.0006266735150000001,0.00938957947,-0.469311245,0.0514568945,0.0401912004,0.0348494263,4.6549582900000004e-06,0.000262747608
147,1709377200,0.35343954,0.353453237,-0.022300958099999997,-1.040665243,1.137822245,0.492798175,0.9084277350000001,0.806387104,0.0171089309,0.181811992,1.43935143e-05,2.0340873099999998e-05,0.00023957350399999997,1.5968885020000001e-06,1.555027868e-06,3.9899587099999996e-05,0.000172074546,7.31612964e-06,0.16964635710000003,0.005179746420000001,0.0014106229699999999,74.3627776,53.7087015,1.1741498e-05,6.522322579999999,0.0157463782,11.8523332,0.000308205885,2.7690876589999997e-05,0.0241567439,27.8885696,0.000308205885,2.7690876589999997e-05,0.0045717608100000005,6.49538639,0.000308205885,2.7690876589999997e-05,0.007152620920000001,7.719734529999999,0.000308205885,2.7690876589999997e-05,0.019079116200000003,0.000621273508,0.000634912219,0.009840490890000001,-0.45938516499999993,0.0527369484,0.0405992721,0.0352149382,4.7755080000000005e-06,0.000268170267
147,1709377800,0.7597726610000001,0.759786359,-0.017104761099999997,-1.1665825399999998,1.60313644,0.739983732,1.31655269,1.1986490900000002,0.029936120150000002,0.37144267500000006,1.47481513e-05,1.843791472e-05,0.000251856476,1.965424838e-06,2.40648785e-06,1.252565453e-05,0.000205815702,1.322666141e-05,0.37077461899999997,0.007131037969999999,0.0014733528699999998,71.1826709,52.231784100000006,2.5251799100000007e-05,6.4842720400000005,0.0187053525,16.2043738,0.0006802938334,6.17464816e-05,0.0314684529,45.9125571,0.0006802938334,6.17464816e-05,0.005152435679999999,14.56348375,0.0006802938334,6.17464816e-05,0.00783950045,15.99762115,0.0006802938334,6.17464816e-05,0.0193991074,0.0006431237180000001,0.000656832333,0.010275784620000002,-0.465930059,0.05037785300000001,0.0413463511,0.0358963837,3.8732516900000006e-06,0.000273963763
147,1709378400,0.5831955179999999,0.5832092359999999,-0.00914887482,-1.16749251,1.3978927099999998,0.651512979,1.17416091,1.0666450900000002,0.0160975919,0.276925204,1.47601061e-05,2.295262836e-05,0.00024962534500000004,1.4728614569999997e-06,1.937311069e-06,1.9074806350000003e-05,0.000197405558,8.7166314e-06,0.284205146,0.00541412321,0.00147621251,71.0033015,52.048490400000006,1.93775525e-05,6.29904395,0.017460310300000004,14.3710663,0.00041352109799999996,3.7313316020000004e-05,0.028784088199999995,38.53636530000001,0.00041352109799999996,3.7313316020000004e-05,0.004809523809999999,8.8801091,0.00041352109799999996,3.7313316020000004e-05,0.00751720134,10.28570061,0.00041352109799999996,3.7313316020000004e-05,0.019441754,0.000646489766,0.0006601761620000001,0.013059338260000001,-0.464723737,0.0502151876,0.0415454829,0.0360900262,3.38395972e-06,0.00027046023
147,1709379000,0.68714166,0.6871552910000001,-0.007967505377,-1.1510012,1.51317119,0.703279378,1.26840119,1.16017291,0.0194511038,0.319410838,1.4656687399999999e-05,2.2225264799999996e-05,0.000240392004,1.6682817239999997e-06,2.0941409339999996e-06,2.385330781e-05,0.000193314572,8.925250589999999e-06,0.334904517,0.00674074499,0.0014320278,71.30808119999999,52.2318261,2.2838575699999998e-05,6.08737194,0.018120672400000003,15.458590300000001,0.0008883290160000001,8.08234805e-05,0.0303169603,42.47621399999999,0.0008883290160000001,8.08234805e-05,0.00519795355,16.751646240000003,0.0008883290160000001,8.08234805e-05,0.007781684099999998,18.349821560000002,0.0008883290160000001,8.08234805e-05,0.019141365299999998,0.000627476749,0.000641195394,0.01170049155,-0.45263676200000014,0.0488495173,0.0409190745,0.0354708653,3.88001945e-06,0.000268668693
147,1709379600,0.619780103,0.619793752,-0.007161077499999999,-1.03426565,1.48830792,0.65439033,1.24436301,1.1312970100000002,0.0168993098,0.29375638600000004,1.475509115e-05,2.068102506e-05,0.000237106403,1.962920954e-06,2.4575866800000004e-06,2.617283026e-05,0.000191335566,1.1007337330000001e-05,0.29767930600000003,0.010305173349999999,0.00141375243,73.24446699999999,53.509522700000005,2.0577090900000004e-05,6.64214496,0.0175600779,14.612002900000002,0.000512888432,4.642279059e-05,0.0290247895,38.983313100000004,0.000512888432,4.642279059e-05,0.00494127089,11.31447504,0.000512888432,4.642279059e-05,0.00747949547,12.402274300000002,0.000512888432,4.642279059e-05,0.019000222000000004,0.000617087299,0.0006306785129999999,0.014476970499999997,-0.451561086,0.0502975419,0.040574651100000005,0.035169172,3.7037599999999998e-06,0.000259983445
147,1709380200,0.7025239160000001,0.702537597,-0.011221112549999999,-1.012295245,1.5474472499999998,0.694282384,1.32840302,1.21443707,0.014325896849999997,0.31052646,1.460837105e-05,2.4657016599999998e-05,0.00024761693199999994,2.239549504e-06,2.64478816e-06,1.964459383e-05,0.000220558152,1.27682211e-05,0.335960425,0.013338061949999997,0.0014322905900000002,73.8304464,53.950929800000004,2.3327890099999998e-05,6.584205450000001,0.018452009900000003,16.24439215,0.000660641299,5.9952980999999995e-05,0.030566729100000002,43.0595103,0.000660641299,5.9952980999999995e-05,0.00513622602,14.187405100000001,0.000660641299,5.9952980999999995e-05,0.00784115948,15.415284069999998,0.000660641299,5.9952980999999995e-05,0.019515275300000003,0.000657704334,0.0006713508550000001,0.011147479069999999,-0.432682169,0.050791818700000005,0.04202986329999999,0.036368141799999996,6.36873776e-06,0.000284986574
147,1709380800,0.806425352,0.806439027,0.0010018223399999998,-1.0324428700000001,1.65432552,0.7449611659999998,1.4221934199999997,1.30781489,0.014434117100000001,0.35547325500000004,1.43883922e-05,2.1958175539999998e-05,0.000249183795,1.4970814839999998e-06,2.2305843279999998e-06,2.379049093e-05,0.00021460339000000002,1.036539541e-05,0.38743015899999994,0.01387872125,0.00137933773,76.79712590000001,53.5818172,2.67934039e-05,6.32460224,0.0190712196,17.357842499999997,0.0006456439899999999,5.856230539999999e-05,0.0322405248,47.520469500000004,0.0006456439899999999,5.856230539999999e-05,0.005030166399999999,12.92158985,0.0006456439899999999,5.856230539999999e-05,0.00771851642,14.3196611,0.0006456439899999999,5.856230539999999e-05,0.0194610524,0.000656351534,0.00067009148,0.00895213891,-0.427268017,0.05008451380000001,0.0420887992,0.0364107271,4.137460899999999e-06,0.00027589144699999995
147,1709381400,0.7543493410000001,0.7543630589999999,0.0022379851350000004,-1.0430588200000002,1.60744907,0.72514802,1.37471698,1.25936345,0.0135820262,0.333299581,1.511133245e-05,2.4769738560000002e-05,0.000244783193,1.9041618969999997e-06,2.542988277e-06,2.78809999e-05,0.000204510364,1.273882397e-05,0.361639645,0.013627530999999998,0.00138686121,75.01004890000002,53.7570732,2.50571244e-05,6.504237140000001,0.0186279865,16.5175015,0.0006741584128,6.124538461e-05,0.0314455315,45.3312243,0.0006741584128,6.124538461e-05,0.0051308403899999995,14.701036750000004,0.0006741584128,6.124538461e-05,0.0078000297200000014,16.073259470000004,0.0006741584128,6.124538461e-05,0.019376031499999998,0.000647551414,0.000661258683,0.007687055999999999,-0.4404091039999999,0.0498961499,0.0416612658,0.036064484200000003,4.190149570000001e-06,0.000272587847
147,1709382000,0.78914946,0.7891632489999999,0.007223959323999998,-1.05068453,1.63463739,0.741296906,1.40396786,1.2926269700000002,0.0136461681,0.345469179,1.58967327e-05,2.0928535300000002e-05,0.000253589577,3.056738805e-06,4.10926072e-06,1.7553361730000004e-05,0.00022191608800000004,1.674675951e-05,0.379276838,0.01336654155,0.00139133017,70.8748546,53.54679610000001,2.62094012e-05,6.5156591399999995,0.018819566,16.829705699999998,0.0005951427455,5.3942561240000003e-05,0.0318866815,46.539334100000005,0.0005951427455,5.3942561240000003e-05,0.00509398332,13.159600640000003,0.0005951427455,5.3942561240000003e-05,0.00777020704,14.532033239999999,0.0005951427455,5.3942561240000003e-05,0.0194487034,0.000652302336,0.0006660305170000001,0.007643681750000001,-0.444926483,0.05065804730000001,0.0418266265,0.03620886870000001,3.6527953399999996e-06,0.00027473731199999994
147,1709382600,0.838146325,0.838159984,0.01043015665,-1.05350896,1.66542585,0.762186451,1.44229406,1.32536546,0.0178110784,0.371486601,1.5731591e-05,2.539093067e-05,0.000242799287,2.848519693e-06,3.5321275600000005e-06,2.383314354e-05,0.00020687517900000002,1.328455849e-05,0.403544467,0.01364714155,0.0013608102799999998,73.104706,53.501200700000005,2.7851152100000002e-05,6.25927845,0.019117904499999998,17.3250177,0.000995479551,9.06234925e-05,0.032627464300000006,48.7208647,0.000995479551,9.06234925e-05,0.00545545006,19.7186725,0.000995479551,9.06234925e-05,0.008076767549999999,21.378074599999998,0.000995479551,9.06234925e-05,0.0192745805,0.0006395356369999999,0.0006532280130000001,0.006441088764,-0.4436298430000001,0.0495331661,0.0413301878,0.0357697493,3.5592907e-06,0.0002695754339999999
147,1709383200,0.8201685260000001,0.8201823450000001,0.00910747489,-1.0561777799999998,1.67450112,0.755320698,1.4249310000000002,1.3020772399999998,0.022722921,0.372771806,1.5331108900000003e-05,2.0211050100000002e-05,0.000246129974,2.79181378e-06,3.6049730699999997e-06,2.9783150299999998e-05,0.00020282046599999997,1.517673971e-05,0.39563625,0.01258358205,0.00134228628,72.6044258,53.298085300000004,2.7244331599999997e-05,6.461156669999999,0.0190609193,17.2052617,0.0006035951289999999,5.47105368e-05,0.03238699700000001,48.02527640000001,0.0006035951289999999,5.47105368e-05,0.00497554493,12.27778386,0.0006035951289999999,5.47105368e-05,0.007591810569999999,13.622600400000001,0.0006035951289999999,5.47105368e-05,0.019239155200000004,0.0006366435800000001,0.000650354309,0.00805503988,-0.44292732500000004,0.0517732322,0.0412454103,0.0356965115,4.4689931e-06,0.00027255172100000005
147,1709383800,0.8404858340000001,0.8404995160000001,0.0035419251140000004,-1.073700256,1.6704134699999997,0.7644714789999999,1.4312311800000002,1.3121275700000001,0.01811829325,0.37317886699999997,1.4973706e-05,1.548153615e-05,0.000248352975,2.397256074e-06,2.8804081149999995e-06,1.934510858e-05,0.000205276769,1.3756641989999998e-05,0.40643516600000007,0.0119739775,0.00132497512,73.410607,53.16963869999999,2.7933367299999997e-05,6.36410673,0.0189803908,17.0885183,0.0009201301269999998,8.37256969e-05,0.0326257597,48.8343567,0.0009201301269999998,8.37256969e-05,0.00531251458,18.6340511,0.0009201301269999998,8.37256969e-05,0.00789014855,19.761169740000003,0.0009201301269999998,8.37256969e-05,0.0191674683,0.000630010851,0.0006437206029999999,0.00697398366,-0.445529362,0.0520301683,0.04091869620000001,0.035374703,4.9277806999999995e-06,0.000270475487
147,1709384400,0.65452917,0.6545428120000001,0.00940597739,-1.00403462,1.52153396,0.668033087,1.28958938,1.18402368,0.0134544047,0.29672369499999995,1.494516805e-05,2.3134668799999996e-05,0.00023939552300000002,2.206800886e-06,2.5976312300000003e-06,1.069394904e-05,0.000205375262,1.0344886049999999e-05,0.313230168,0.012240507000000001,0.00129883102,73.19147749999999,53.9186153,2.1759083900000004e-05,6.268677759999999,0.017614074099999998,14.823355700000002,0.000462787961,4.1863255460000005e-05,0.029540542600000004,40.2749707,0.000462787961,4.1863255460000005e-05,0.00482238931,9.82369859,0.000462787961,4.1863255460000005e-05,0.00738512507,11.058464749999999,0.000462787961,4.1863255460000005e-05,0.019060315900000003,0.0006218156440000001,0.0006355443549999999,0.002970979973,-0.462926898,0.04842792159999999,0.0405678636,0.0351971534,3.5030580899999998e-06,0.000262511077
147,1709385000,0.823677856,0.8236916390000001,0.0011538526850000002,-1.09994353,1.67037601,0.76226396,1.3725419229999998,1.265251134,0.0417118316,0.41245893499999997,1.5038421250000001e-05,1.705816977e-05,0.00013418330291299998,2.46534033e-06,2.79396498e-06,1.581466281e-05,0.0001082131367,1.432345228e-05,0.39661054300000004,0.0141589503,0.0007731069788,72.705484,53.9026357,2.73617673e-05,6.32655684,0.0162731188,13.130927689999998,0.0005450486347999999,4.9374470230000004e-05,0.030299024900000006,42.3156097,0.0005450486347999999,4.9374470230000004e-05,0.00506717875,13.005987999999999,0.0005450486347999999,4.9374470230000004e-05,0.00518177934,13.499917120000001,0.0005450486347999999,4.9374470230000004e-05,0.012327081529999999,0.00035461203042999996,0.00036838965609999996,0.11249036073799998,39.030141357999995,0.047194375999999996,0.022589627560999997,0.01756456817629,2.435764381e-05,0.0002128543137
147,1709385600,0.812327037,0.812340829,-0.002100103365,-1.0516234599999998,1.6471628000000003,0.7544840749999999,1.41923083,1.30278978,0.018755656000000002,0.35895302300000004,1.51789394e-05,2.435523646e-05,0.000255387132,2.887725107e-06,3.4706578879999994e-06,2.7785701700000005e-05,0.000191114761,1.586492075e-05,0.389346573,0.014921685200000001,0.0013728239599999999,73.6460546,53.84810080000001,2.6972372400000003e-05,6.41219472,0.0187746227,16.634044699999997,0.0005464029595999999,4.9505720510000005e-05,0.032365746699999996,48.05697790000001,0.0005464029595999999,4.9505720510000005e-05,0.00502091885,12.50267889,0.0005464029595999999,4.9505720510000005e-05,0.007773487700000001,13.73940844,0.0005464029595999999,4.9505720510000005e-05,0.0196481012,0.000657579487,0.000671354781,0.0018876490687999997,-0.4838982850000001,0.0528796321,0.0415390556,0.03611398419999999,4.66563798e-06,0.00028098736200000003
147,1709386200,0.9937965170000002,0.9938101280000001,-0.00312404932,-1.0638861,1.8152053900000003,0.8319358379999999,1.56488524,1.4473941699999997,0.017196425300000002,0.437417793,1.55267547e-05,2.0782030149999998e-05,0.000259446401,2.906674976e-06,3.768900334e-06,1.775718168e-05,0.00020427663899999997,1.718389438e-05,0.479698566,0.01530726355,0.0013643463300000002,73.05975149999999,53.207772999999996,3.3020136099999996e-05,6.29914821,0.0198047873,18.503869299999998,0.000741433739,6.732565679999999e-05,0.0350608853,55.6604075,0.000741433739,6.732565679999999e-05,0.0051794835,15.1298205,0.000741433739,6.732565679999999e-05,0.00792953268,16.401157250000004,0.000741433739,6.732565679999999e-05,0.0196235484,0.000656717734,0.0006702746340000001,0.0011308714404999992,-0.479710622,0.0525178769,0.0415913202,0.03611761949999999,4.8671775199999995e-06,0.000280078062
147,1709386800,1.084077772,1.0840914080000001,-0.000594803066,-1.10979837,1.8838324700000002,0.8802934170000001,1.61727439,1.4932206000000001,0.021734135949999997,0.490308207,1.553365375e-05,2.4440325400000005e-05,0.000257365047,3.6780164899999997e-06,4.27655495e-06,2.1986236579999998e-05,0.00019616561399999998,1.612103199e-05,0.523682827,0.016471140699999998,0.0013589211000000002,71.38292959999998,53.23951029999999,3.60249351e-05,6.25763949,0.0203423094,19.3529557,0.0007561946006,6.874761018999999e-05,0.0363249011,59.68096109999999,0.0007561946006,6.874761018999999e-05,0.00524218002,17.13387605,0.0007561946006,6.874761018999999e-05,0.00799466856,18.440581090000002,0.0007561946006,6.874761018999999e-05,0.019646797900000002,0.000659010693,0.000672643198,-0.01284231498,-0.487860695,0.0513816316,0.0413944279,0.03599494809999999,4.188819079999999e-06,0.00028002715899999993
147,1709387400,1.094513247,1.094526893,-0.0016261532300000004,-1.032849401,1.89812043,0.865847627,1.6345249,1.50499597,0.026255209399999997,0.4920922200000001,1.5606912049999997e-05,2.15652027e-05,0.000257787736,3.8998789199999995e-06,4.6414685700000005e-06,2.1992441019999998e-05,0.00019166261,2.0349749099999998e-05,0.526774996,0.0185575157,0.00140018164,73.0738581,53.76115980000001,3.63516706e-05,6.56488217,0.0201302982,19.1008537,0.0011823246439999998,0.00010772263299999999,0.0362713328,59.8969745,0.0011823246439999998,0.00010772263299999999,0.00563025268,23.932159300000002,0.0011823246439999998,0.00010772263299999999,0.008344656760000001,25.6567707,0.0011823246439999998,0.00010772263299999999,0.019533419,0.000651101547,0.000664844148,-0.02124991358,-0.49349447700000004,0.051138056200000004,0.040930140600000005,0.035644772799999995,3.7897577399999997e-06,0.000273955731
147,1709388000,0.9632697200000001,0.963283684,-0.00890928334,-1.0966983,1.74890341,0.826219061,1.5260341199999998,1.41581826,0.0141528267,0.415116601,1.5787562199999997e-05,2.2324492739999998e-05,0.000252468512,4.56995985e-06,3.2956676330000003e-06,2.560576244e-05,0.00018246664199999998,1.3755309529999999e-05,0.465711974,0.014051208200000002,0.00136525007,72.4406441,53.0360197,3.2016757099999995e-05,6.0262709,0.0195811558,17.8664735,0.000966541626,8.79532052e-05,0.034787674799999994,54.760049300000006,0.000966541626,8.79532052e-05,0.00537677522,19.2181473,0.000966541626,8.79532052e-05,0.008060061099999998,20.8182028,0.000966541626,8.79532052e-05,0.019541797399999998,0.000645451384,0.00065930843,-0.015131104734,-0.49219547299999994,0.0508854668,0.0405532722,0.03523840269999999,4.51043217e-06,0.00027568137499999997
147,1709388600,1.0540201599999999,1.054033963,-0.0127844834,-1.1235923700000001,1.8188430399999997,0.8673859780000001,1.58971103,1.4700448700000002,0.0200096895,0.46107293,1.5638951450000002e-05,2.189816183e-05,0.00024866765700000003,4.752366559999999e-06,4.41331907e-06,1.990794169e-05,0.000203782327,1.854231216e-05,0.512051369,0.01293370215,0.0015011807999999998,71.9145086,52.5806545,3.50201479e-05,6.49957489,0.020489422900000002,19.213723599999998,0.000637907298,5.7824808800000004e-05,0.035997458100000004,58.291783300000006,0.000637907298,5.7824808800000004e-05,0.0052124341799999994,14.5004472,0.000637907298,5.7824808800000004e-05,0.00783163239,15.974761749999999,0.000637907298,5.7824808800000004e-05,0.019600566500000003,0.000639864828,0.0006536293659999999,-0.0147242386,-0.5032450319999999,0.0517779124,0.040403789100000004,0.0351495013,5.9612845299999996e-06,0.00027900043900000004
147,1709389200,1.5290626499999997,1.5290764,-0.01012918195,-1.24152475,2.08836379,1.06666027,1.8612943300000002,1.7420031699999998,0.0208726676,0.655465226,1.54193205e-05,3.245162814e-05,0.000247844593,3.674480865e-06,3.763324409999999e-06,5.471342184e-05,0.0001678742101,1.756364224e-05,0.7523688909999999,0.010192069449999999,0.00144073655,69.80463510000001,51.413147300000006,5.0848252399999994e-05,6.03063835,0.023212260499999998,24.495700300000003,0.0010489401188000002,9.552942840000002e-05,0.0426381066,80.1983769,0.0010489401188000002,9.552942840000002e-05,0.0055658476,22.806384,0.0010489401188000002,9.552942840000002e-05,0.00826510922,24.191271399999998,0.0010489401188000002,9.552942840000002e-05,0.0197476267,0.000662853673,0.0006766232739999999,-0.018731526199999998,-0.481527004,0.052197478900000004,0.0413150193,0.0359282338,5.0948931e-06,0.00028033762699999996
147,1709389800,1.43887995,1.4388938599999999,-0.01145464645,-1.19758815,2.08562616,1.027923423,1.8216555800000003,1.6982018700000001,0.0281260895,0.642879075,1.487748735e-05,2.025215507e-05,0.00026357548199999997,2.3710675869999995e-06,3.03083324e-06,2.591214721e-05,0.00019938459620000003,1.541242581e-05,0.703989955,0.013466761999999998,0.00145223299,73.505941,52.019212100000004,4.7850892499999996e-05,6.09749433,0.0225164738,23.309426300000002,0.001378095924,0.0001256292571,0.04130374640000001,75.71251079999999,0.001378095924,0.0001256292571,0.005856673660000001,28.221877,0.001378095924,0.0001256292571,0.008621132200000001,29.999171700000005,0.001378095924,0.0001256292571,0.019824528500000004,0.0006732361279999999,0.000686975903,-0.011131021219999999,-0.47742262800000007,0.052077006800000006,0.0419775459,0.036446387600000005,4.14160501e-06,0.000282639169
147,1709390400,1.6592321,1.65924585,-0.0104630153,-1.23647753,2.17682897,1.1038609439999998,1.9189335399999998,1.7914672299999999,0.0273483052,0.721389461,1.75264468e-05,2.064959987e-05,0.00027116229,5.286670226e-06,7.20967963e-06,1.548921026e-05,0.000230958433,3.22217652e-05,0.815291,0.012220911599999999,0.0015172765599999998,69.7451864,51.7355687,5.51417194e-05,6.51912171,0.0235703705,25.606650100000003,0.0014229481639999998,0.00012972736069999998,0.043695920900000004,85.1864313,0.0014229481639999998,0.00012972736069999998,0.0059844539100000005,30.903348700000002,0.0014229481639999998,0.00012972736069999998,0.00872607075,32.82594629999999,0.0014229481639999998,0.00012972736069999998,0.019899993300000002,0.0006793903480000001,0.000693180889,-0.0069500384200000005,-0.47175392499999996,0.052352608099999996,0.042268019999999996,0.0367012646,4.256968210000001e-06,0.000286040223
147,1709391000,0.8590568770000001,0.8590707930000001,-0.005841833560000001,-1.044311256,1.67915128,0.7719497519999999,1.45849452,1.34501606,0.010077801159999998,0.36236298200000006,1.598473625e-05,2.179128077e-05,0.000259537306,3.152463691e-06,3.4289047590000003e-06,1.941712888e-05,0.00020775622099999998,1.4535121130000001e-05,0.412747217,0.014847947549999999,0.0014014826300000002,73.46515339999999,53.63890310000001,2.85444226e-05,6.300972249999999,0.019013935,17.109077300000003,0.001057337331,9.62800895e-05,0.033071888099999995,49.956461000000004,0.001057337331,9.62800895e-05,0.00550588648,20.8671301,0.001057337331,9.62800895e-05,0.00823826078,22.4240663,0.001057337331,9.62800895e-05,0.0196598073,0.000663397989,0.000677320029,-0.015767678363,-0.47259384099999996,0.051081146099999995,0.0416302571,0.03611460400000001,3.98551354e-06,0.00028205512900000005
147,1709391600,0.8948233299999998,0.8948371349999998,-0.0037681299499999995,-1.07038395,1.6974143099999999,0.7933479629999999,1.4834703,1.36815424,0.0127878932,0.381889343,1.56816948e-05,1.987348205e-05,0.000261194937,2.9981453860000002e-06,3.728176386e-06,3.079734202e-05,0.000199070125,1.5408169920000002e-05,0.4308801590000001,0.01465635745,0.00133975307,72.7221149,53.4046633,2.97276931e-05,6.345184569999999,0.0194259983,17.8578507,0.0007658149720000001,6.95642843e-05,0.0337463859,51.817806299999994,0.0007658149720000001,6.95642843e-05,0.00523908623,15.894934300000003,0.0007658149720000001,6.95642843e-05,0.00800173476,17.344139749999997,0.0007658149720000001,6.95642843e-05,0.0195893446,0.000663013772,0.0006768075030000001,-0.02263773942,-0.462345673,0.0507921654,0.0416656761,0.036174694,4.95921856e-06,0.00028214203299999996
147,1709392200,0.8527133999999998,0.852727063,-0.001122801911,-1.08748051,1.6681633999999999,0.776468868,1.44405661,1.3313656699999998,0.01185035495,0.37111137599999994,1.4845408699999998e-05,1.8598438e-05,0.00026195542600000005,2.1712414619999995e-06,2.356502666e-06,1.728420326e-05,0.00020724713999999999,1.030351874e-05,0.411701401,0.012827556600000001,0.00130625441,73.41852420000001,53.149714499999995,2.8352767000000004e-05,6.20520345,0.0190925696,17.2634877,0.0007512750426000001,6.828927996999999e-05,0.0331565006,50.1869103,0.0007512750426000001,6.828927996999999e-05,0.00522191043,16.210456869999998,0.0007512750426000001,6.828927996999999e-05,0.00801007485,17.61194496,0.0007512750426000001,6.828927996999999e-05,0.019686025200000002,0.000665378904,0.000679096212,-0.005056425883000001,-0.4659040580000001,0.0514679012,0.0419150158,0.0363668853,4.1265018700000004e-06,0.000281344334
147,1709392800,0.976729962,0.9767437269999999,0.002106875096,-1.1346359899999998,1.7399780599999999,0.835728534,1.5292217,1.42024334,0.01292570025,0.420417237,1.54611535e-05,2.281925185e-05,0.000261042479,2.6322580149999996e-06,3.3543622509999996e-06,2.2535225659999998e-05,0.00020899485999999998,1.410589152e-05,0.475431972,0.011025615200000002,0.0013702078599999998,72.2485165,52.3862897,3.24656686e-05,6.26745977,0.019888625,18.628421,0.0010554600780000002,9.60970486e-05,0.0350365791,55.587187199999995,0.0010554600780000002,9.60970486e-05,0.00551914617,21.03306495,0.0010554600780000002,9.60970486e-05,0.008297803949999998,22.6662556,0.0010554600780000002,9.60970486e-05,0.0197799861,0.0006709540550000001,0.000684782453,0.004358803365,-0.46533021099999994,0.051188153599999994,0.042235915199999995,0.0366709422,3.65631561e-06,0.000282530018
147,1709393400,0.97146627,0.971480064,0.0027255846050000003,-1.13328397,1.73675301,0.8333084320000002,1.52674661,1.4157807200000003,0.01078922865,0.411310857,1.5155991099999999e-05,2.56080905e-05,0.00025712989700000003,2.7093739199999997e-06,3.4477954099999995e-06,1.7700114950000002e-05,0.000217453229,1.4593060780000001e-05,0.47254676800000006,0.011248435900000001,0.00139779503,72.5721991,52.44450830000001,3.22804669e-05,6.40321568,0.0199158249,18.734814399999998,0.0009811243462,8.936151994e-05,0.034922449099999996,55.23635730000001,0.0009811243462,8.936151994e-05,0.005435801279999999,20.475332959999996,0.0009811243462,8.936151994e-05,0.00822205936,21.9227135,0.0009811243462,8.936151994e-05,0.0197626087,0.000671282345,0.0006850157850000001,0.006274649556000001,-0.45763479399999996,0.050688331899999994,0.0423423963,0.0367258705,3.62985351e-06,0.000280898613
147,1709394000,0.898023083,0.8980367750000001,-0.0014289494130000002,-1.15919758,1.65905065,0.804576774,1.45778198,1.3521412800000001,0.00996194544,0.384933366,1.50929417e-05,2.176910812e-05,0.000262688776,2.730389755e-06,3.03163527e-06,2.1719881489999998e-05,0.00021570249199999997,1.1896961519999999e-05,0.43801846099999997,0.009067348999999999,0.00138478745,71.97002760000001,52.1585593,2.9861542700000005e-05,6.46387887,0.019651993599999997,18.178786000000002,0.0006940934518,6.301878856000001e-05,0.0338667095,52.2235963,0.0006940934518,6.301878856000001e-05,0.005105355799999999,14.297140059999998,0.0006940934518,6.301878856000001e-05,0.00792527473,15.86492641,0.0006940934518,6.301878856000001e-05,0.019833246199999995,0.0006768139250000001,0.000690405588,0.00568801192,-0.453538412,0.0516165534,0.0425279112,0.0368270453,4.84390451e-06,0.00028679084700000007
147,1709394600,0.9083136079999999,0.9083270159999998,-0.00333877303,-1.16266951,1.65166294,0.810860628,1.46325716,1.35896645,0.00962774245,0.38285904,1.4740845e-05,1.9957739500000002e-05,0.000260335746,2.2239607340000003e-06,2.86111606e-06,1.2662751989999999e-05,0.00021963507399999998,1.261330748e-05,0.44262062700000004,0.00960671125,0.0013978111399999998,71.37403149999999,52.2707703,3.0198023799999994e-05,6.35988826,0.0195257383,17.8945673,0.000950136569,8.64616923e-05,0.033904614,52.2696052,0.000950136569,8.64616923e-05,0.00531977808,18.359580349999998,0.000950136569,8.64616923e-05,0.00811345573,20.130738400000002,0.000950136569,8.64616923e-05,0.0196788135,0.0006669424190000001,0.000680427154,-0.0001540613000000005,-0.459788481,0.0504877916,0.0420860495,0.0365548376,5.46859282e-06,0.000280797134
