StationID,TimeStamp,magn@var,magn@power,magn@skew,magn@kurt,magn@abs_max,magn@abs_mean,magn@abs_max_top5p,magn@abs_max_top10p,magn@energy_sstd,magn@energy_smax,magn@power_0_5,magn@power_5_10,magn@power_10_15,magn@power_15_20,magn@power_20_25,magn@power_25_30,magn@power_30_35,magn@power_35_40,magn@power_40_60,magn@power_140_160,magn@power_other,magn@frequency_center,magn@mean_square_frequency,magn@variance_frequency,magn@frequency_entropy,magn@level4d_abs_mean,magn@level4d_energy,magn@level4d_energy_smax,magn@level4d_energy_sstd,magn@level5d_abs_mean,magn@level5d_energy,magn@level5d_energy_smax,magn@level5d_energy_sstd,magn@level6a_abs_mean,magn@level6a_energy,magn@level6a_energy_smax,magn@level6a_energy_sstd,magn@level6d_abs_mean,magn@level6d_energy,magn@level6d_energy_smax,magn@level6d_energy_sstd,magn@ulf_abs_mean,magn@ulf_var,magn@ulf_power,magn@ulf_skew,magn@ulf_kurt,magn@ulf_abs_max,magn@ulf_abs_max_top5p,magn@ulf_abs_max_top10p,magn@ulf_energy_sstd,magn@ulf_energy_smax
355,1679155200,0.027411840000000003,0.027438812899999998,0.004988534405,-0.596172946,0.519840865,0.135352633,0.26442057299999994,0.221781769,0.00749795137,0.031809479599999996,2.7026021900000004e-05,4.871613e-08,8.850571520000001e-08,2.1246653600000003e-07,2.3144935699999997e-07,3.81180157e-07,8.037042789999999e-07,1.4664000699999999e-06,0.012937650150000002,0.0007513634259999999,1.3462145700000002e-05,75.39019909999999,55.7838647,9.094548860000001e-07,7.08100707,0.0025602446499999997,0.35536897799999995,3.796377815e-05,2.7538573260000004e-06,0.00481014708,1.15063663,3.796377815e-05,2.7538573260000004e-06,0.00538538204,1.3018182980000002,3.796377815e-05,2.7538573260000004e-06,0.000394857678,0.5143080996,3.796377815e-05,2.7538573260000004e-06,0.00521726478,1.3291060700000001e-06,2.82680343e-05,0.018924708000000023,68.373109,0.013260882500000001,-0.0039475872500000005,-0.00431068093,1.40539353e-06,1.92431644e-05
355,1679155800,0.028521493399999997,0.028548580400000002,-0.001821913785,-0.7310763149999999,0.5151157239999999,0.140089556,0.26727066,0.225719388,0.007312487750000001,0.0319997291,2.7176509300000006e-05,8.758742279999998e-08,1.313363323e-07,2.6055969039999997e-07,2.89405342e-07,4.72709409e-07,9.51861409e-07,1.7490356399999998e-06,0.0136357378,0.000606758384,1.41263415e-05,75.134157,54.557694000000005,9.46011746e-07,7.217720900000001,0.00260847342,0.37338883399999995,6.727292925e-05,5.341006933e-06,0.00493390179,1.208116753,6.727292925e-05,5.341006933e-06,0.005519015330000001,1.916058135,6.727292925e-05,5.341006933e-06,0.000524768138,1.1216684846,6.727292925e-05,5.341006933e-06,0.005229681879999999,1.3328333570000002e-06,2.8415305999999995e-05,-0.038542652,73.59672880000001,0.0151955688,-0.003910776360000001,-0.00429548148,1.2821541800000002e-06,1.75939887e-05
355,1679156400,0.036491558900000005,0.0365185127,0.000865368362,-1.007382005,0.5221284359999999,0.16328310999999998,0.288946316,0.253845246,0.007458456270000001,0.0323465723,2.70538349e-05,1.0126793630000001e-07,1.3807280699999998e-07,2.67591553e-07,3.07811969e-07,4.85427847e-07,9.846807540000001e-07,1.80295089e-06,0.0175774139,0.000650679671,1.346098725e-05,73.9201266,53.7070063,1.211273016e-06,7.1004272,0.00298489596,0.44276129099999995,3.96286275e-05,2.861544449e-06,0.00580521857,1.5496261299999998,3.96286275e-05,2.861544449e-06,0.00545246509,1.509482164,3.96286275e-05,2.861544449e-06,0.00048790631600000007,0.7030162744999999,3.96286275e-05,2.861544449e-06,0.00521613164,1.2689453750000002e-06,2.8212900700000004e-05,0.18303576100000002,73.744978,0.013692191850000002,-0.00392410753,-0.004305097799999999,1.2695885240000002e-06,1.78791008e-05
355,1679157000,0.032409062800000006,0.032436118400000005,-0.0007793801399999997,-1.0037815079999999,0.504427896,0.15280187850000002,0.26832069000000003,0.243269929,0.00675646887,0.029066176600000004,2.7158243900000002e-05,1.00556286e-07,1.3808929360000001e-07,2.7369642600000003e-07,2.65953769e-07,4.27551626e-07,9.23600284e-07,1.64577469e-06,0.015506686600000003,0.000681839549,1.2052117399999999e-05,73.70708629999999,54.30701750000001,1.07601662e-06,7.02786766,0.0028355458100000003,0.405198294,3.5096797349999995e-05,2.5143878850000004e-06,0.00541102686,1.37192674,3.5096797349999995e-05,2.5143878850000004e-06,0.005396953790000001,1.3232518340000001,3.5096797349999995e-05,2.5143878850000004e-06,0.0004054321979999999,0.5170843356000001,3.5096797349999995e-05,2.5143878850000004e-06,0.005223493439999999,1.2108297200000001e-06,2.82538267e-05,0.12287012900000002,75.65936589999998,0.0128484184,-0.00398183295,-0.00429821723,1.26565342e-06,1.78000112e-05
355,1679157600,0.0306116575,0.0306386846,0.00024867592750000016,-0.771506805,0.547066712,0.1446979875,0.270008244,0.23306962000000003,0.00700654821,0.034719664500000004,2.71238197e-05,9.716977799999999e-08,1.3800301140000002e-07,1.916189964e-07,2.8833896599999995e-07,4.887149249999999e-07,8.44474e-07,1.8579811599999997e-06,0.0145790505,0.00070918561,1.3500312450000002e-05,73.5906534,54.92095440000001,1.015448015e-06,7.142416970000001,0.00269120403,0.394059335,4.6934764300000006e-05,3.5531077309999997e-06,0.00516583538,1.2773370739999999,4.6934764300000006e-05,3.5531077309999997e-06,0.005450942090000001,1.50299045,4.6934764300000006e-05,3.5531077309999997e-06,0.0004648639400000001,0.7138201399999999,4.6934764300000006e-05,3.5531077309999997e-06,0.00522403282,1.1346027839999998e-06,2.8149137000000002e-05,0.13490381630000003,103.2886019,0.0154420053,-0.0041404775,-0.0044290638,1.4629371600000001e-06,2.0584596099999997e-05
355,1679158200,0.040235267799999995,0.0402622776,-0.0014969295150000003,-0.9784860219999999,0.521303424,0.17143611200000003,0.297984105,0.264195561,0.007632662290000002,0.0345086104,2.70765775e-05,6.428146589999999e-08,9.999267839999999e-08,2.502056616e-07,2.34547885e-07,3.8580827800000004e-07,8.995580929999998e-07,1.6108122399999998e-06,0.01957866053,0.0005215298910000001,1.37335097e-05,73.1804927,52.8952896,1.3364576899999999e-06,6.98721379,0.0031331453500000003,0.48691596000000004,1.66014814e-05,9.501429099999999e-07,0.00608251269,1.72435869,1.66014814e-05,9.501429099999999e-07,0.005342253129999999,1.101063199,1.66014814e-05,9.501429099999999e-07,0.00036925058500000005,0.2887676983,1.66014814e-05,9.501429099999999e-07,0.00522024115,1.28694865e-06,2.82786157e-05,0.354662977,70.750348,0.01316286885,-0.00389788155,-0.004306664020000001,1.28635856e-06,1.7948623500000004e-05
355,1679158800,0.038604676000000004,0.03863159000000001,-0.002205406554,-0.991131384,0.522315942,0.168215736,0.301096688,0.260557952,0.0084354499,0.034453203,2.7016954000000003e-05,1.0516935540000002e-07,1.45439671e-07,2.49273166e-07,3.06266479e-07,4.56048203e-07,8.754683259999998e-07,1.73476237e-06,0.0187671136,0.0005176103090000001,1.3594489350000002e-05,73.1672815,52.83957559999999,1.281901844e-06,7.056789889999999,0.0030863420700000003,0.47627579999999997,3.91087167e-05,2.8083971699999998e-06,0.0059573173400000005,1.6589217740000002,3.91087167e-05,2.8083971699999998e-06,0.00541841195,1.4084915599999999,3.91087167e-05,2.8083971699999998e-06,0.000462710224,0.609144838,3.91087167e-05,2.8083971699999998e-06,0.005212675040000001,1.2322911399999999e-06,2.8156861399999994e-05,0.001200446299999998,66.5182834,0.0124607781,-0.003916414509999999,-0.00427774171,1.2633963e-06,1.76175061e-05
355,1679159400,0.049878184000000006,0.0499050937,-0.003345334575,-1.05667713,0.565967275,0.184330253,0.325922449,0.291496395,0.00946816983,0.041103112600000005,2.7061463799999997e-05,1.6822809779999998e-07,2.130914076e-07,3.42843196e-07,4.259359560000001e-07,6.72751726e-07,1.153332454e-06,2.24744463e-06,0.02440591385,0.000511442768,1.62673271e-05,72.133012,52.5133417,1.65540055e-06,7.076155160000001,0.0033935216,0.601428547,5.729513870000001e-05,4.472293876000001e-06,0.006633833809999999,2.15490212,5.729513870000001e-05,4.472293876000001e-06,0.005464693620000001,1.73741227,5.729513870000001e-05,4.472293876000001e-06,0.000537577778,0.9536335825999999,5.729513870000001e-05,4.472293876000001e-06,0.005215006110000001,1.5496745699999998e-06,2.8444904599999997e-05,0.08018768059999999,62.922780999999986,0.014798148949999998,-0.0037287334200000006,-0.0040916751700000005,1.38259881e-06,1.87857267e-05
355,1679160000,0.0956536224,0.09568061139999999,-0.000903172369,-1.0355902270000001,0.737947514,0.25831967950000007,0.45713895200000004,0.39507455699999994,0.014031538480000003,0.0766376624,2.7212860899999997e-05,2.570953514e-07,2.9635464590000003e-07,4.28077912e-07,5.442601170000001e-07,7.739612510000001e-07,1.315111955e-06,2.6090835e-06,0.0473226829,0.00048308946700000005,1.4568431600000002e-05,70.3585848,51.49447740000001,3.1793434199999997e-06,6.77915835,0.00463435488,1.052348381,0.00010505062170000001,8.744569019999999e-06,0.00948527609,4.148419800000001,0.00010505062170000001,8.744569019999999e-06,0.005622618050000001,2.5196844799999996,0.00010505062170000001,8.744569019999999e-06,0.000752760707,1.763342592,0.00010505062170000001,8.744569019999999e-06,0.005221615359999999,1.36427821e-06,2.83845806e-05,-0.0570154093,56.7698056,0.013769237149999999,-0.0038159567600000006,-0.00418034886,1.2920007499999998e-06,1.79906076e-05
355,1679160600,0.031921406299999996,0.03194816460000001,-0.0045466883400000005,-0.8918411080000002,0.5032278619999999,0.1499919766,0.27282082600000007,0.23591970399999998,0.006747461099999999,0.031907291,2.68129158e-05,5.856157140000001e-08,9.287580690000001e-08,2.131990896e-07,2.1562047199999999e-07,3.5209648800000005e-07,7.79318275e-07,1.44584343e-06,0.015492179710000002,0.000452217888,1.3037948550000001e-05,73.9441462,52.99331880000001,1.060273149e-06,7.15990321,0.00280230609,0.40863935199999996,3.97522849e-05,2.8891637599999996e-06,0.0054254287,1.378938824,3.97522849e-05,2.8891637599999996e-06,0.005383764590000001,1.3295283039999999,3.97522849e-05,2.8891637599999996e-06,0.0004351832119999999,0.5485127015000001,3.97522849e-05,2.8891637599999996e-06,0.005197920910000001,1.25010769e-06,2.8027776399999997e-05,-0.14085362700999998,68.52149499999999,0.01335573915,-0.00392664777,-0.00430200109,1.201315443e-06,1.79370137e-05
355,1679161200,0.0299443832,0.0299713652,-0.00297408878,-0.781981573,0.49824020300000005,0.143572626,0.266933143,0.23010702299999997,0.00724886495,0.0304435194,2.70623069e-05,8.593860379999999e-08,1.240710056e-07,2.1805469349999998e-07,2.55453671e-07,4.10720526e-07,8.3026171e-07,1.61343954e-06,0.014463584999999998,0.0004910483490000001,1.388392425e-05,74.1478767,53.6309479,9.93596214e-07,7.17160962,0.0026837326600000003,0.381386514,2.08634506e-05,1.3184922459999998e-06,0.00514503214,1.281959093,2.08634506e-05,1.3184922459999998e-06,0.0053371454,1.072124532,2.08634506e-05,1.3184922459999998e-06,0.00036260279199999993,0.2535235989,2.08634506e-05,1.3184922459999998e-06,0.00522075029,1.2693131899999998e-06,2.8265213999999997e-05,-0.1816109529,68.29093750000001,0.0123470756,-0.003956175680000001,-0.0043132412600000005,1.33080791e-06,1.7770097899999997e-05
355,1679161800,0.0356700532,0.0356972318,-0.002497253685,-0.9778884109999998,0.5264410839999999,0.16095180399999998,0.29067136800000004,0.251745178,0.00790176301,0.0326482134,2.7239573700000003e-05,6.83944046e-08,9.576712119999999e-08,1.839811965e-07,2.1953478200000002e-07,3.6237004999999995e-07,7.8235637e-07,1.4897772e-06,0.017334270300000003,0.00048315729799999996,1.4275315299999998e-05,73.45335079999998,52.848231899999995,1.184547165e-06,7.07062066,0.0029422309599999993,0.432541405,5.0037288700000005e-05,3.902488326e-06,0.005729760929999999,1.5330567050000001,5.0037288700000005e-05,3.902488326e-06,0.0054223770800000005,1.539687112,5.0037288700000005e-05,3.902488326e-06,0.00044698889600000005,0.7549527891000001,5.0037288700000005e-05,3.902488326e-06,0.00523368581,1.13824431e-06,2.82941768e-05,0.19728840039999995,64.72337130000001,0.011932295050000001,-0.004045022279999999,-0.0043616307600000005,1.2314104199999999e-06,1.7233101400000002e-05
355,1679162400,0.0392535076,0.039280638500000006,-0.001008389551,-0.9752496480000001,0.545266642,0.16767847799999996,0.298059101,0.26108297,0.00761407576,0.035479553799999994,2.7253586e-05,1.368978698e-07,1.7256423299999998e-07,3.00661975e-07,3.31064788e-07,5.28270788e-07,1.071478492e-06,1.95859791e-06,0.01918413584,0.000422706865,1.5063735199999998e-05,72.113833,52.4052283,1.302386455e-06,7.07810568,0.0031183491399999997,0.486570079,3.82547006e-05,2.764055712e-06,0.00604358373,1.70457592,3.82547006e-05,2.764055712e-06,0.00543602311,1.4326588139999998,3.82547006e-05,2.764055712e-06,0.00047658249,0.622972914,3.82547006e-05,2.764055712e-06,0.00522952326,1.2851082500000003e-06,2.8384456500000003e-05,-0.058509265700000014,67.0996778,0.01348472685,-0.00392328693,-0.00429666534,1.35480356e-06,1.86932749e-05
355,1679163000,0.040082683,0.0401098193,-0.0038079218900000005,-0.9698367899999999,0.5457541640000001,0.171144243,0.301734214,0.26168299399999995,0.00834633752,0.0361144971,2.7248141399999996e-05,1.1479592499999998e-07,1.6417793840000002e-07,3.37550893e-07,3.47107109e-07,5.52971137e-07,1.0196245169999998e-06,1.7884588199999998e-06,0.01957783325,0.000443757237,1.5172825100000001e-05,72.93723379999999,52.4236228,1.330687626e-06,7.082811930000001,0.0031588959,0.4978886429999999,4.054189800000001e-05,2.908123514e-06,0.00609189337,1.73394325,4.054189800000001e-05,2.908123514e-06,0.005440739280000001,1.369443884,4.054189800000001e-05,2.908123514e-06,0.00046658028099999993,0.574750283,4.054189800000001e-05,2.908123514e-06,0.00523661379,1.6405884900000002e-06,2.8795200399999998e-05,0.034825479699999995,40.021637999999996,0.012305198199999999,-0.0035782366400000003,-0.0040072063300000006,1.1983428700000001e-06,1.6973506299999997e-05
355,1679163600,0.028768099499999998,0.0287952884,-0.003563682444,-0.8806782390000001,0.469139324,0.1406840076,0.261270476,0.227406943,0.00657794051,0.0254885947,2.7288401899999995e-05,9.571158039999998e-08,1.303187731e-07,2.1281868359999998e-07,2.74102316e-07,4.36095492e-07,7.93759879e-07,1.62207368e-06,0.013560751599999999,0.0008099172520000001,9.672465959999999e-06,72.5760756,56.1330826,9.549075149999998e-07,6.99305406,0.00257770451,0.36151478,5.5790987000000006e-05,4.411014186e-06,0.00493522113,1.1967124500000001,5.5790987000000006e-05,4.411014186e-06,0.005437760840000001,1.590927771,5.5790987000000006e-05,4.411014186e-06,0.00042254738100000005,0.7963770458,5.5790987000000006e-05,4.411014186e-06,0.00523613548,9.61603302e-07,2.8126059299999998e-05,0.03445607209999999,114.630088,0.012448528050000001,-0.00437580737,-0.004639816969999999,1.29452094e-06,1.79231876e-05
355,1679164200,0.033382418,0.033409440199999994,-0.003282678957,-1.02191271,0.48650235999999997,0.155100065,0.2717707939999999,0.239557313,0.00648371814,0.0292681021,2.70731388e-05,4.600510939999999e-08,7.187474050000001e-08,1.577465276e-07,1.91929498e-07,3.1787979600000004e-07,7.034732830000001e-07,1.4441475699999998e-06,0.01570693435,0.0009722832560000001,8.93916005e-06,74.16849210000001,56.34078840000001,1.109002823e-06,6.94848719,0.0028046296799999998,0.405416899,4.15202411e-05,3.07031283e-06,0.00539281663,1.380989596,4.15202411e-05,3.07031283e-06,0.00541340194,1.4297414199999998,4.15202411e-05,3.07031283e-06,0.00041698035299999995,0.6407183691,4.15202411e-05,3.07031283e-06,0.005226039440000001,1.009814808e-06,2.80563415e-05,-0.145329506,129.0757802,0.014684224149999998,-0.00441908212,-0.00468324497,1.43367077e-06,1.97276855e-05
355,1679164800,0.0294116202,0.029438618500000003,-0.00340766566,-0.9076508460000001,0.47821459999999993,0.14249793549999998,0.26333304700000004,0.235244686,0.00686318893,0.026839938,2.70822779e-05,8.33623075e-08,1.0640723180000001e-07,2.792879167e-07,2.3279502700000003e-07,3.89351608e-07,9.542371260000001e-07,1.6332914599999998e-06,0.0138082214,0.000883726558,1.0094262e-05,70.95742390000001,56.2924747,9.7626844e-07,6.90329663,0.0026644582100000002,0.37719156,5.755037025e-05,4.528384805e-06,0.00500662613,1.22538685,5.755037025e-05,4.528384805e-06,0.005467144889999999,1.6706350699999999,5.755037025e-05,4.528384805e-06,0.00046118090999999994,0.886393848,5.755037025e-05,4.528384805e-06,0.005218760540000001,1.046126283e-06,2.8053938499999998e-05,-0.0730505033,110.42887070000002,0.01212499045,-0.00415677128,-0.00449568158,1.2542788199999998e-06,1.7319478999999998e-05
355,1679165400,0.0268897926,0.026916693000000002,-0.0025152582100000003,-0.749090805,0.47352695999999994,0.13345530949999998,0.258645398,0.22328181999999996,0.00673146101,0.024813707299999998,2.69293496e-05,2.0116387100000002e-08,4.83087539e-08,1.1894970530000002e-07,1.61124748e-07,2.8593909900000005e-07,6.400337510000002e-07,1.3604492700000001e-06,0.012365575100000002,0.0010675206540000002,9.03888735e-06,76.50290829999999,58.65533409999999,8.926335499999999e-07,6.968920710000001,0.00247058479,0.339953637,2.58229978e-05,1.736933102e-06,0.0046358488700000006,1.0882767880000002,2.58229978e-05,1.736933102e-06,0.00535130964,1.184513688,2.58229978e-05,1.736933102e-06,0.00034607925399999997,0.3769407776,2.58229978e-05,1.736933102e-06,0.005213551249999999,9.65466015e-07,2.7883968399999998e-05,-0.1731435507,132.0512067,0.013307399949999998,-0.00437657988,-0.00464262919,1.3351959700000001e-06,1.8188129e-05
355,1679166000,0.06352747680000001,0.06355437109999999,-0.0033475956000000003,-0.771715379,0.65597003,0.19432710800000003,0.366536185,0.31680967000000004,0.01214793277,0.059946623399999996,2.69427032e-05,5.26566765e-08,7.45211828e-08,1.5115137299999998e-07,2.0666330899999999e-07,3.41250096e-07,7.351624879999999e-07,1.63385336e-06,0.030727754899999998,0.001022402725,1.032093995e-05,72.5108294,55.6499638,2.112016492e-06,6.6998412400000005,0.00353596928,0.717052965,5.5785300200000006e-05,4.3560454260000006e-06,0.00699229631,2.687217763,5.5785300200000006e-05,4.3560454260000006e-06,0.005508010579999999,1.95747827,5.5785300200000006e-05,4.3560454260000006e-06,0.000568602784,1.1279367275,5.5785300200000006e-05,4.3560454260000006e-06,0.00521147579,9.990377989999999e-07,2.78979162e-05,0.10667855780000002,101.68810109999998,0.012257628599999999,-0.0043306586199999995,-0.00462513455,1.22639158e-06,1.65453315e-05
355,1679166600,0.15033496400000002,0.150362113,-0.00050151501,-0.9467301960000001,0.8942147910000001,0.32882974000000004,0.599193299,0.5121156330000001,0.0217318117,0.11436695459999999,2.7426854199999997e-05,3.0885438049999997e-07,3.375826136e-07,5.0711554e-07,6.486113129999999e-07,9.01736212e-07,1.7255962489999999e-06,3.4484698700000003e-06,0.07412659399999999,0.0010183466529999998,1.4363427220000002e-05,67.01553009999999,51.47726879999999,4.997496580000001e-06,6.4000651500000005,0.005917291220000001,1.651509693,0.00015019446550000002,1.2804821899999998e-05,0.01224497705,6.53922958,0.00015019446550000002,1.2804821899999998e-05,0.0057966545500000004,3.5733172800000004,0.00015019446550000002,1.2804821899999998e-05,0.000957112595,2.823949192,0.00015019446550000002,1.2804821899999998e-05,0.00523044975,1.156132796e-06,2.8265272499999997e-05,0.24470329680000003,101.19927239999998,0.015119222849999999,-0.00405790145,-0.00444643428,1.22780585e-06,1.7404109699999997e-05
355,1679167200,0.037041387200000005,0.037068490999999995,-0.00302379327,-1.072987509,0.5156407300000001,0.165088104,0.286133735,0.254107762,0.00754579571,0.0350651509,2.71973052e-05,9.50153202e-08,1.265263406e-07,2.805336975e-07,2.79955537e-07,4.3720014499999997e-07,1.015388046e-06,1.91799488e-06,0.0175662977,0.0009385227229999999,1.15837028e-05,73.32370540000001,55.2909217,1.22886523e-06,6.945599570000001,0.0030111476299999997,0.44413875900000005,4.5684334800000005e-05,3.37326956e-06,0.005795696540000001,1.548587255,4.5684334800000005e-05,3.37326956e-06,0.00549401956,1.6388611640000001,4.5684334800000005e-05,3.37326956e-06,0.000504759152,0.8368230632000001,4.5684334800000005e-05,3.37326956e-06,0.005227131769999999,1.085820647e-06,2.81668285e-05,-0.23323594939999998,107.27235089999999,0.0134892656,-0.0041592252,-0.00462946755,1.22130459e-06,1.7830143900000003e-05
355,1679167800,0.0237527836,0.023779667799999998,-0.00304756024,-0.5931820299999999,0.49565263900000006,0.1242168692,0.245669994,0.20831886000000002,0.00604862562,0.025889647099999996,2.69367733e-05,4.47158827e-08,7.47418201e-08,1.730915559e-07,1.9063269199999998e-07,3.2784885e-07,7.47106744e-07,1.40740131e-06,0.010788251330000002,0.00107604189,8.96465504e-06,75.6332858,59.4078142,7.88323954e-07,7.02703187,0.0023350212700000003,0.30775081300000007,2.6901163599999994e-05,1.7540846840000002e-06,0.00432500054,0.957516157,2.6901163599999994e-05,1.7540846840000002e-06,0.00535816304,1.180356207,2.6901163599999994e-05,1.7540846840000002e-06,0.000353878249,0.37804067890000004,2.6901163599999994e-05,1.7540846840000002e-06,0.00520843888,9.77657599e-07,2.78474383e-05,0.10075307,127.15171460000002,0.01393351055,-0.0043628253,-0.00468452014,1.25831585e-06,1.76516905e-05
355,1679168400,0.0267162036,0.026742917899999996,-0.0017896870800000002,-0.7214770423,0.4800146420000001,0.133643242,0.256170319,0.217544142,0.00582143213,0.024457171,2.6764792099999998e-05,4.15270571e-08,7.234666470000001e-08,2.2927779949999998e-07,1.80278603e-07,3.06530814e-07,7.977611869999999e-07,1.31449955e-06,0.012126966549999998,0.00121909941,8.9857958e-06,76.20087749999999,60.2912407,8.86993753e-07,6.8904707400000005,0.0025534226,0.347501258,3.64128952e-05,2.56340684e-06,0.00468491194,1.085111003,3.64128952e-05,2.56340684e-06,0.0053543383,1.25268387,3.64128952e-05,2.56340684e-06,0.000373571947,0.465441879,3.64128952e-05,2.56340684e-06,0.00519512537,1.203473135e-06,2.7907370200000004e-05,0.06296417419999997,118.9861044,0.012942319149999998,-0.004220408489999999,-0.004467090370000001,1.3064219399999999e-06,1.79421938e-05
355,1679169000,0.027932705600000003,0.027959453099999997,-0.00305105389,-0.7897173260000001,0.501202808,0.1383198875,0.26348304499999997,0.22523187700000005,0.006567887810000001,0.0282536833,2.68625437e-05,1.0981269210000001e-07,1.4817243670000002e-07,1.9179601000000002e-07,2.89053128e-07,4.577160240000001e-07,8.31096356e-07,1.74754308e-06,0.01269560295,0.0012573789400000001,9.399966950000002e-06,74.584611,59.254207599999994,9.26383775e-07,6.962017759999999,0.0025391627699999997,0.34648556499999994,6.474640410000001e-05,5.080611e-06,0.004818774099999999,1.122888112,6.474640410000001e-05,5.080611e-06,0.00546669263,1.7553938830000004,6.474640410000001e-05,5.080611e-06,0.000493783279,0.983545389,6.474640410000001e-05,5.080611e-06,0.005197006309999999,8.800508420000001e-07,2.7624951200000003e-05,0.134581406,137.02512900000002,0.013992081049999999,-0.00451905246,-0.00469612864,1.2862863550000002e-06,1.7832582399999996e-05
355,1679169600,0.0334909398,0.033517683099999994,-0.0018190190400000001,-1.015081639,0.517628301,0.154992447,0.27548341000000004,0.24341993299999998,0.007050178459999999,0.030492404,2.67947583e-05,4.6218158099999996e-08,7.343865550000001e-08,1.749385765e-07,1.8938302000000002e-07,3.27804068e-07,7.47806487e-07,1.49050879e-06,0.015659867650000003,0.0010722155600000002,1.0198832079999999e-05,74.0317195,56.5007289,1.111650278e-06,6.8518742,0.00284203242,0.410524164,2.8031206549999997e-05,1.930489559e-06,0.00542746212,1.3826879799999998,2.8031206549999997e-05,1.930489559e-06,0.00534368321,1.164658039,2.8031206549999997e-05,1.930489559e-06,0.000379254184,0.37521354090000003,2.8031206549999997e-05,1.930489559e-06,0.005194787289999999,9.22669592e-07,2.7677855e-05,0.3697623954,116.9768302,0.0128812833,-0.00431293084,-0.0045948059,1.23188205e-06,1.75894957e-05
355,1679170200,0.03268740159999999,0.032714034600000004,-0.0010787621629999998,-0.8039143850000002,0.526891072,0.150429959,0.27563340700000005,0.236482217,0.00677333765,0.0318660687,2.66714825e-05,3.1519516e-08,5.854535779999999e-08,1.487682582e-07,1.5682788e-07,2.73655855e-07,6.75546819e-07,1.335172804e-06,0.015328045400000004,0.0010037026799999999,9.137531750000002e-06,75.41852449999999,56.4538214,1.0856766430000001e-06,6.87574609,0.00281045948,0.406081673,3.80440225e-05,2.7639853549999996e-06,0.00535036075,1.3559120199999999,3.80440225e-05,2.7639853549999996e-06,0.005381022460000001,1.3495786979999997,3.80440225e-05,2.7639853549999996e-06,0.000416046879,0.5605754023,3.80440225e-05,2.7639853549999996e-06,0.005185473269999999,9.514797409999999e-07,2.76020929e-05,-0.03631436840000002,131.1593788,0.013811977539999997,-0.0043497625600000004,-0.004652874140000001,1.406438285e-06,1.93513919e-05
355,1679170800,0.0368195764,0.036846478599999996,-0.00219894931,-1.06218693,0.517365795,0.16461667099999996,0.28898382199999995,0.259020409,0.00724858216,0.0327930302,2.7011056200000003e-05,1.055950605e-07,1.360330371e-07,2.49087269e-07,2.75157236e-07,4.21748388e-07,9.493509780000001e-07,1.7638036e-06,0.017432653,0.00096239034,1.04788224e-05,72.570481,55.366565,1.2222345900000002e-06,6.875777670000001,0.0030012720400000004,0.44696412399999996,6.72268214e-05,5.3765995489999994e-06,0.005787754189999999,1.52913274,6.72268214e-05,5.3765995489999994e-06,0.005485161200000001,1.86198124,6.72268214e-05,5.3765995489999994e-06,0.000510301635,1.0833468559,6.72268214e-05,5.3765995489999994e-06,0.00521579625,1.002120147e-06,2.79569366e-05,0.007966054400000016,100.6482442,0.01210024865,-0.004366400689999999,-0.004646032190000001,1.26249904e-06,1.69684519e-05
355,1679171400,0.0271543218,0.0271813906,-0.00331921704,-0.6915114338,0.4798646529999999,0.1341559424,0.259095414,0.222906809,0.00653083592,0.0269960162,2.7172824999999997e-05,9.629483990000001e-08,1.239977128e-07,2.5254243079999994e-07,2.47717564e-07,3.91947053e-07,8.895970910000002e-07,1.5530841100000002e-06,0.012569172940000001,0.0009950048099999999,9.274768e-06,74.683479,58.25167899999999,9.011184080000001e-07,6.985051779999999,0.00250725149,0.34658649399999997,4.194907125e-05,3.064596953e-06,0.00470754863,1.1094593110000002,4.194907125e-05,3.064596953e-06,0.005432618839999999,1.40118483,4.194907125e-05,3.064596953e-06,0.00042171123,0.6065801989999999,4.194907125e-05,3.064596953e-06,0.0052258569800000005,9.964487120000002e-07,2.80637753e-05,-0.12011825549999995,123.1070458,0.012401685700000002,-0.0043563043400000005,-0.00456047732,1.1704214800000003e-06,1.6759649400000002e-05
355,1679172000,0.0321568958,0.032183836400000006,-0.00250778667,-0.9166014920000001,0.5130156619999999,0.149884189,0.274020867,0.244357458,0.007434742110000001,0.0295876054,2.70074891e-05,6.0265171e-08,8.76755404e-08,1.550705701e-07,2.1500564300000004e-07,3.4874661799999996e-07,7.38534208e-07,1.57252932e-06,0.014986567499999997,0.0010786211000000001,9.954650899999999e-06,73.24542410000001,56.83366169999999,1.067310095e-06,6.857914859999999,0.0027752822400000004,0.40202473699999997,3.8159094549999996e-05,2.76131794e-06,0.00524405478,1.3338610940000002,3.8159094549999996e-05,2.76131794e-06,0.00540229969,1.3762401100000001,3.8159094549999996e-05,2.76131794e-06,0.0004182284640000001,0.5912890415000001,3.8159094549999996e-05,2.76131794e-06,0.00521148495,9.182294810000002e-07,2.7825602400000002e-05,0.2508210287,124.71437480000002,0.0137376791,-0.0044896469799999995,-0.00469531465,1.2705825400000001e-06,1.84835123e-05
355,1679172600,0.021789340299999998,0.0218162456,-0.00180770241,-0.28812498049999996,0.49081499100000003,0.1162974975,0.238507276,0.198456052,0.005839659749999999,0.0246514568,2.6992688400000004e-05,8.304133070000001e-08,1.2119087850000003e-07,2.2316837760000002e-07,2.4649692949999997e-07,4.1956972799999996e-07,8.616882710000001e-07,1.6732988699999999e-06,0.00978691432,0.0010943642499999999,9.66909585e-06,73.2499359,61.04418840000001,7.224925270000001e-07,7.05235301,0.00221222357,0.289491847,3.0177660199999994e-05,2.060831158e-06,0.004050979729999999,0.863515241,3.0177660199999994e-05,2.060831158e-06,0.00539793662,1.30539238,3.0177660199999994e-05,2.060831158e-06,0.000389103578,0.49409532469999995,3.0177660199999994e-05,2.060831158e-06,0.005209885020000001,9.5598072e-07,2.7840653199999997e-05,0.00629413085999998,123.26605160000001,0.01359596995,-0.0044657221499999995,-0.00471602703,1.29629007e-06,1.8228738700000002e-05
355,1679173200,0.026950762100000004,0.0269778617,-0.002175312102,-0.6161183276,0.5151157310000001,0.13259518609999998,0.25778287,0.22275679499999995,0.006710081459999999,0.0295196705,2.715668e-05,5.006054929999999e-08,8.01088444e-08,1.834014845e-07,1.90706465e-07,3.2515393599999995e-07,7.57444231e-07,1.43047175e-06,0.012497476099999998,0.0009655248850000001,9.273638599999999e-06,73.50923780000001,57.5439014,8.944345490000001e-07,6.9448352600000005,0.00250195687,0.34399486799999995,3.57006526e-05,2.48188322e-06,0.00472082794,1.098333873,3.57006526e-05,2.48188322e-06,0.00542673319,1.382531487,3.57006526e-05,2.48188322e-06,0.000408528219,0.5696050944000001,3.57006526e-05,2.48188322e-06,0.00522853676,1.000289724e-06,2.80958671e-05,-0.209252695,97.944856,0.0117019321,-0.00444080763,-0.0047047101299999994,1.2811336e-06,1.7376526200000003e-05
355,1679173800,0.0582486885,0.05827565749999999,-0.0011904873698,-0.682751427,0.661482693,0.19100565349999998,0.35566086,0.2991091325,0.010328725300000001,0.055890352600000005,2.7143703799999997e-05,1.785991227e-07,2.1264157310000001e-07,3.8647011340000006e-07,3.90951511e-07,5.82435884e-07,1.259062298e-06,2.20823312e-06,0.02809513778,0.001013408085,1.0392541349999999e-05,70.29740819999999,55.88750699999999,1.9345898429999998e-06,6.7519592799999995,0.0035400782899999996,0.6827425760000001,5.103593595e-05,3.8626279429999995e-06,0.007015329620000001,2.502107894,5.103593595e-05,3.8626279429999995e-06,0.00547460027,1.6180131100000001,5.103593595e-05,3.8626279429999995e-06,0.000521957343,0.8267966870000001,5.103593595e-05,3.8626279429999995e-06,0.00522079938,1.1835854210000001e-06,2.8179249699999998e-05,0.077904361,114.79290490000001,0.0146401977,-0.00407189294,-0.0044796574799999996,1.46706398e-06,2.0503683899999996e-05
355,1679174400,0.0753455476,0.07537268759999999,-0.0017103165240400001,-1.0569490700000002,0.6671078570000001,0.23005435,0.418137769,0.357460913,0.01289844825,0.062001862000000005,2.73507944e-05,2.2512580599999998e-07,2.553059997e-07,3.5547066680000004e-07,4.77820494e-07,6.795500890000001e-07,1.235229603e-06,2.5434440099999994e-06,0.0365618387,0.0010929670499999998,1.19443751e-05,68.9895635,53.5439924,2.5036094899999995e-06,6.556950089999999,0.004162127530000001,0.849732197,0.0001380477277,1.169154452e-05,0.008350621879999999,3.22407988,0.0001380477277,1.169154452e-05,0.005702585699999999,3.07678583,0.0001380477277,1.169154452e-05,0.0007720855159999999,2.3297303900000004,0.0001380477277,1.169154452e-05,0.005236488430000001,1.0359060679999999e-06,2.81800048e-05,0.11642724390000003,122.154843,0.014751129400000002,-0.004359025690000001,-0.00461893134,1.39727466e-06,1.9077988400000003e-05
355,1679175000,0.03299468789999999,0.033021484700000006,-0.00225787279,-0.08841637800000006,0.511965624,0.14947602800000004,0.26787068100000005,0.23258209599999996,0.010292168860000001,0.044587003400000005,2.68434452e-05,3.9258589800000006e-08,5.735047e-08,1.405208087e-07,1.5245157410000003e-07,2.4879836479999996e-07,5.81842905e-07,1.109776854e-06,0.015494506920000001,0.000992578559,7.8237499e-06,75.69425299999999,56.310414300000005,1.0962793000000003e-06,6.6199398799999996,0.0027195726700000003,0.396534137,4.2192587400000004e-05,3.0622093130000003e-06,0.005275025189999999,1.37502595,4.2192587400000004e-05,3.0622093130000003e-06,0.00545754081,1.565968826,4.2192587400000004e-05,3.0622093130000003e-06,0.000474029393,0.7722857156,4.2192587400000004e-05,3.0622093130000003e-06,0.005196156990000001,7.75544436e-07,2.7608823599999998e-05,-0.052516149699999994,176.594152048,0.012223989610000001,-0.00446564874,-0.004672347830000001,1.4288260080000003e-06,2.036168815e-05
355,1679175600,0.1002369891,0.10026401659999999,-0.001283378741,-1.244456116,0.6803832690000001,0.27843491,0.469176822,0.407712443,0.017410793799999998,0.07676842489999999,2.7316278699999996e-05,3.258130844e-07,3.5478750329999997e-07,5.929450797000001e-07,7.071923560000001e-07,9.7641151e-07,1.4985978499999998e-06,2.286818256e-06,0.0498755543,0.00022531037599999998,1.0555636200000001e-05,66.9360432,50.4772521,3.3320747799999994e-06,6.45527079,0.00490972301,1.09677226,9.566083975e-05,7.999083691e-06,0.010004506600000001,4.37698293,9.566083975e-05,7.999083691e-06,0.005592672839999999,2.5222878100000004,9.566083975e-05,7.999083691e-06,0.000697998176,1.73598726,9.566083975e-05,7.999083691e-06,0.005214974190000001,1.749157892e-06,2.88014374e-05,-0.97764029256,160.68000141400003,0.014801915996000004,-0.00411361744,-0.0044141030999999996,3.467368034e-06,3.88734769e-05
355,1679176200,0.10663168649999999,0.10665881749999999,-0.002062496423,-1.1955904450000001,0.66902044,0.28488428,0.47982714600000004,0.416262712,0.0180721776,0.08659478000000001,2.73978729e-05,2.910002643e-07,2.910104037e-07,4.0256237384999995e-07,4.882270564e-07,6.25950657e-07,1.099884308e-06,2.063546695e-06,0.053022601999999995,0.000278458942,9.231816530000002e-06,69.181286,50.6188085,3.5465921700000002e-06,6.2976869,0.005026185000000001,1.1305447440000003,0.00011073536310000001,9.308325295999999e-06,0.01024098905,4.6235041500000005,0.00011073536310000001,9.308325295999999e-06,0.00563509132,2.719294563,0.00011073536310000001,9.308325295999999e-06,0.000743625719,1.9599576769999998,0.00011073536310000001,9.308325295999999e-06,0.00521474288,5.386920059999999e-07,2.76844533e-05,-1.1622056433999999,141.62558560500003,0.008299860726,-0.00426439743,-0.004549222529999999,1.095252823e-06,1.76157338e-05
355,1679176800,0.154433086,0.15446001439999998,-0.0011603890950000002,-1.3059661999999999,0.8227376270000001,0.34843471400000003,0.569979908,0.5094905639999999,0.0218109327,0.1265838917,2.7186145699999998e-05,3.05056493e-07,3.05282264e-07,4.2907828299999994e-07,6.16356548e-07,8.407836230000001e-07,1.53488663e-06,3.2167507400000007e-06,0.077060608,0.00013328072150000002,1.5107276000000001e-05,64.99850339999999,50.1777421,5.13338094e-06,6.424145009999999,0.006199020899999999,1.66042144,0.0001037532802,8.621393010000001e-06,0.012656791349999998,6.824403720000001,0.0001037532802,8.621393010000001e-06,0.00570344226,2.97141784,0.0001037532802,8.621393010000001e-06,0.0008826011370000001,2.1978337,0.0001037532802,8.621393010000001e-06,0.00519729129,7.28318964e-07,2.7646905999999998e-05,-2.9660974487000002,318.237355114,0.01457378097,-0.004201245960000001,-0.00447009328,1.672674323e-06,2.4908244e-05
355,1679177400,0.156987289,0.15701460400000003,-0.00225618905,-1.29760586,0.8433632400000001,0.35224078000000003,0.577330113,0.5085155239999999,0.024422051299999997,0.1324293765,2.74892205e-05,2.174543904e-07,2.0725988289999997e-07,3.6042065380000005e-07,4.508827804e-07,5.975999354999999e-07,1.231489341e-06,2.4709497150000004e-06,0.078374339,0.00010073001509999999,1.285930107e-05,65.48746700000001,50.1478001,5.2215091400000004e-06,6.25599779,0.00619596335,1.66622167,0.00013304522749999997,1.1259083350000001e-05,0.0127025574,6.89491137,0.00013304522749999997,1.1259083350000001e-05,0.00575522346,3.32941469,0.00013304522749999997,1.1259083350000001e-05,0.0009075603039999999,2.5386341,0.00013304522749999997,1.1259083350000001e-05,0.0052299526499999995,7.39765436e-07,2.8029466899999998e-05,-1.5799469675000002,165.18208944300002,0.00984106855,-0.004077440329999999,-0.00439107162,1.3988799929999998e-06,2.1470651000000004e-05
355,1679178000,0.164287351,0.164314448,-0.0014232938250000001,-1.3853822199999999,0.734534918,0.361578677,0.5971682420000001,0.5275286,0.0197771414,0.09555483810000001,2.75187493e-05,4.689869330000001e-07,4.750413653e-07,6.164119255e-07,7.915351049999999e-07,1.0025099619999999e-06,1.672302809e-06,3.311465924e-06,0.0820571108,6.53419915e-05,1.238246593e-05,63.51818519999999,50.078502900000004,5.463176939999999e-06,6.35212943,0.00640716415,1.7545746899999997,0.0001023135075,8.45098496e-06,0.0131357189,7.27821095,0.0001023135075,8.45098496e-06,0.00570417356,2.83289335,0.0001023135075,8.45098496e-06,0.000875673805,2.04295497,0.0001023135075,8.45098496e-06,0.0052068841300000005,5.24723696e-07,2.7604305400000003e-05,0.05766071960000001,74.607228592,0.0052102847100000006,-0.00417105526,-0.00445895813,9.18833085e-07,1.5247000300000003e-05
355,1679178600,0.14850887699999998,0.1485359936,-0.00242668291,-1.3481149000000001,0.7350599329999999,0.34229810099999997,0.5619546619999999,0.4942650810000001,0.0189197225,0.09480067489999999,2.73774111e-05,3.00614397e-07,3.004529034e-07,4.5110545099999993e-07,5.31466175e-07,6.77593227e-07,1.337662369e-06,2.37226124e-06,0.0739643013,0.0002715259446,1.2350110750000002e-05,66.4415043,50.365131,4.9390265e-06,6.387780380000001,0.00602308265,1.5512060099999998,0.00010524565074999999,8.772322740000001e-06,0.012367257500000001,6.475670490000001,0.00010524565074999999,8.772322740000001e-06,0.00567170241,2.80738617,0.00010524565074999999,8.772322740000001e-06,0.0008254790710000001,2.0111794916,0.00010524565074999999,8.772322740000001e-06,0.00521356829,5.378495889999998e-07,2.7704459799999993e-05,0.016372505010000003,38.465586963999996,0.002038049047,-0.00411003564,-0.00446036602,8.21055513e-07,1.42655962e-05
355,1679179200,0.176637518,0.17666451,-0.001255439674,-1.18551107,0.806237103,0.36263387,0.641794585,0.564017206,0.0193091465,0.101808352,2.71032024e-05,1.521281953e-07,1.426631586e-07,3.0924143390000003e-07,3.8802895959999997e-07,5.208343550000001e-07,1.23347686e-06,2.386618096e-06,0.08731867930000001,0.0009755416020000001,1.9280781199999998e-05,71.37154199999999,51.1657222,5.87363006e-06,6.34723692,0.00654687944,1.8663675299999998,0.00016182568300000003,1.3854595e-05,0.013495604750000001,7.68778222,0.00016182568300000003,1.3854595e-05,0.005845370559999999,3.9878358199999995,0.00016182568300000003,1.3854595e-05,0.001046780037,3.23558996,0.00016182568300000003,1.3854595e-05,0.005193380050000001,6.17990942e-07,2.75744349e-05,0.04340431550000001,29.792156343,0.0025593282220000005,-0.003988522519999999,-0.00438178009,8.420991199999999e-07,1.4355314300000001e-05
355,1679179800,0.189586264,0.1896131,-0.0006044860909999999,-1.1950098200000001,0.844825785,0.37775318799999996,0.6668828510000001,0.584380333,0.0236662103,0.1149089735,2.73081347e-05,5.247717883e-07,5.425790768e-07,7.263825483999998e-07,9.136371784000001e-07,1.1712603859999998e-06,2.0342133839999998e-06,3.890352755e-06,0.0939495736,0.0008136663570000001,1.942031655e-05,67.73681529999999,50.8807142,6.3014506e-06,6.284489430000001,0.006794628699999999,2.00146773,0.00017340151760000003,1.4981129616e-05,0.014006984250000002,8.29559635,0.00017340151760000003,1.4981129616e-05,0.0058236582,4.382092780000001,0.00017340151760000003,1.4981129616e-05,0.001037308012,3.6258936900000003,0.00017340151760000003,1.4981129616e-05,0.005185372780000001,6.15318031e-07,2.7476460500000002e-05,-0.09132729819999999,76.26865862999999,0.0056734777770000005,-0.004018077940000001,-0.00437558681,9.10412179e-07,1.60717848e-05
355,1679180400,0.17035508600000002,0.17038183899999998,-0.000593916754,-1.17138754,0.8096872100000001,0.35685338099999997,0.630881775,0.546279191,0.0208403745,0.10336308999999999,2.6907951599999996e-05,1.881975641e-07,1.7539312786000001e-07,2.763336847e-07,3.93435454e-07,4.934226292999999e-07,9.735558460000002e-07,1.983085564e-06,0.0843543275,0.000802132121,1.632310445e-05,71.29804349999999,50.9736044,5.66673362e-06,6.04156036,0.00642373842,1.79693479,0.0001362958709,1.158887337e-05,0.013246857800000001,7.42263969,0.0001362958709,1.158887337e-05,0.005777992040000001,3.81092835,0.0001362958709,1.158887337e-05,0.000991833956,3.03104429,0.0001362958709,1.158887337e-05,0.005170051699999999,5.080818099999999e-07,2.7227603599999998e-05,-0.038201345687,32.778377654,0.001109343675,-0.00412032905,-0.004421730359999999,8.4600013e-07,1.406201675e-05
355,1679181000,0.26004029999999995,0.260067155,-0.00011139396500000007,-1.2933251,0.9336284959999999,0.44505037100000006,0.746835299,0.67685817,0.0261886148,0.15360195059999998,2.7036790500000006e-05,2.534013472e-07,2.3787200420000003e-07,4.2088349160000003e-07,5.905200059999999e-07,7.97022666e-07,1.569300287e-06,3.413108017e-06,0.129371968,0.0006165724870000001,2.40030988e-05,68.1704124,50.5477755,8.647730099999999e-06,6.05438362,0.007950410219999999,2.73168328,0.00017066429469999998,1.4717835000000002e-05,0.0163547398,11.34896204,0.00017066429469999998,1.4717835000000002e-05,0.00587166098,4.635638780000001,0.00017066429469999998,1.4717835000000002e-05,0.001157401825,3.8858874125,0.00017066429469999998,1.4717835000000002e-05,0.00518321331,8.17792048e-07,2.7653805000000003e-05,-0.1284130958,13.562574329999999,0.0038867121600000007,-0.0037996225799999997,-0.0041993431800000005,8.568550009999999e-07,1.39594283e-05
355,1679181600,0.494619975,0.49464693299999996,-0.002144387946,-1.4298571,1.168348161,0.619880591,0.9649794459999999,0.903215065,0.024711804299999994,0.260483876,2.7630514999999997e-05,8.227638639999999e-07,8.1295373e-07,1.0688139130000002e-06,1.5486962770000003e-06,2.024599534e-06,3.42136895e-06,7.2568846700000004e-06,0.24576401360000003,0.0014943397730000003,3.3575378099999995e-05,66.20919310000001,50.648602100000005,1.6449801339999996e-05,6.271626,0.010747590300000002,5.121640650000001,0.0004168321926,3.725239022e-05,0.0223360382,21.451852929999998,0.0004168321926,3.725239022e-05,0.0062002865600000005,9.60949183,0.0004168321926,3.725239022e-05,0.0016369827899999998,8.933267714,0.0004168321926,3.725239022e-05,0.0052046429499999994,1.440779445e-06,2.83737501e-05,0.1330288623,31.333805679999994,0.011619234000000003,-0.0034315191799999998,-0.0039286446199999995,1.059450133e-06,1.57098175e-05
355,1679182200,1.1524832600000001,1.1525102499999997,-0.0023027856999999997,-1.51957432,1.6299497500000002,0.9696485300000001,1.47694509,1.41664324,0.0239176059,0.516346548,2.89475983e-05,2.303084364e-06,2.3421943234e-06,2.985373343e-06,4.276846679999999e-06,5.5558809060000004e-06,9.355366609999998e-06,2.0002881749999996e-05,0.5733416490000001,0.0027724528399999996,7.86846744e-05,64.6395126,50.5086432,3.83174396e-05,6.11592674,0.0168697808,12.0912787,0.0006776462059,6.110133630000001e-05,0.0349996922,50.518293,0.0006776462059,6.110133630000001e-05,0.0066301272599999985,15.982353810000001,0.0006776462059,6.110133630000001e-05,0.0023467194199999998,15.31429738,0.0006776462059,6.110133630000001e-05,0.00521927173,2.1260404600000003e-06,2.92792616e-05,-0.03823400705,14.464214328,0.009985824184999999,-0.0027158171,-0.0034637428500000006,1.312263797e-06,1.9517731e-05
355,1679182800,0.8717088640000001,0.8717363060000001,-0.0015527797499999998,-1.49053395,1.40378034,0.8333012099999999,1.2860267899999998,1.236000212,0.010308981,0.37189737399999995,2.8565079999999997e-05,1.389920866e-06,1.3707549480000001e-06,1.7405543020000002e-06,2.5543509299999997e-06,3.280109992000001e-06,5.444555069999999e-06,1.227575304e-05,0.43353154800000004,0.00224476074,4.884983649999999e-05,65.3932953,50.5614541,2.89918031e-05,6.03856394,0.0144472655,9.098123039999999,0.0009018630740000001,8.159441230000001e-05,0.030095678699999996,38.0177153,0.0009018630740000001,8.159441230000001e-05,0.006739608779999999,18.12909832,0.0009018630740000001,8.159441230000001e-05,0.00234279371,17.6544259,0.0009018630740000001,8.159441230000001e-05,0.005234863080000001,1.7620286200000003e-06,2.9080782400000005e-05,0.04597817658000001,7.29151427,0.0072806825899999995,-0.0030218783500000003,-0.0036829161999999997,9.70567417e-07,1.5235386000000002e-05
355,1679183400,0.5572384130000001,0.557265393,-0.002028884847,-1.4299466200000002,1.2882768400000002,0.6655739159999999,1.0629324399999998,1.0018805780000002,0.018098601500000002,0.274329626,2.8141686399999997e-05,1.36719704e-06,1.3852469919999999e-06,1.7878377819999997e-06,2.381523136e-06,3.07377952e-06,5.0999061599999996e-06,1.06464842e-05,0.276527049,0.0020049063400000003,6.02485736e-05,65.26261219999999,50.748713499999994,1.85266662e-05,6.2572823,0.01160117865,5.8406647099999995,0.00043324901109999996,3.8753641935e-05,0.0242604756,24.2387266,0.00043324901109999996,3.8753641935e-05,0.00632436096,10.339255020000001,0.00043324901109999996,3.8753641935e-05,0.00180196058,9.593070209999999,0.00043324901109999996,3.8753641935e-05,0.00522333041,1.88173716e-06,2.8895683000000002e-05,-0.04916526959999999,36.306498899999994,0.01558187633,-0.0032835065699999997,-0.0038603157400000005,1.480488172e-06,2.0621556400000002e-05
355,1679184000,0.740571032,0.7405979580000001,-0.0009561234358,-1.48463918,1.4584570300000002,0.772295201,1.20149917,1.125784355,0.033403247,0.37702809,2.80334214e-05,1.3255385609999999e-06,1.3689603052e-06,1.7909892551000003e-06,2.662985674e-06,3.514987694e-06,6.1177827900000006e-06,1.3376158480000003e-05,0.367816861,0.0023795201799999997,5.780018430000001e-05,65.2237648,50.682700499999996,2.4618950700000004e-05,6.11417271,0.013467865300000001,7.853627659999999,0.00031342111540000003,2.7750147279999998e-05,0.0279237097,32.436,0.00031342111540000003,2.7750147279999998e-05,0.0062631738499999996,9.504651560000001,0.00031342111540000003,2.7750147279999998e-05,0.0018286696799999999,8.6753011,0.00031342111540000003,2.7750147279999998e-05,0.005227339440000001,2.50502603e-06,2.94388454e-05,-0.18628376769,45.862782200000005,0.01966236185,-0.0030439073200000002,-0.0036490586399999998,2.01643392e-06,2.65882368e-05
355,1679184600,0.9716367939999999,0.9716634199999999,-0.0013970918499999997,1.5516329700000002,4.561676739999999,0.789275234,1.27601394,1.09698348,0.4166073764000001,3.0341054759999997,2.8592517699999995e-05,6.1112983950000005e-06,1.3613137626000003e-05,2.7618000785e-05,5.7636971513e-05,9.4324258517e-05,0.00018022278869,0.0004520846936700001,0.481996919,0.0020708965700000003,0.0009169099283000001,61.8017836,50.583601,3.18875483e-05,7.10764267,0.01556884305,28.64702134,0.00041991286489999997,3.7845323219999994e-05,0.029129903900000004,45.137010200000006,0.00041991286489999997,3.7845323219999994e-05,0.00635842152,10.81694277,0.00041991286489999997,3.7845323219999994e-05,0.0022536744599999997,10.257073430000002,0.00041991286489999997,3.7845323219999994e-05,0.006802308799999999,0.00032818279742,0.00035475498049999997,0.34664163330000014,344.2222936,0.31723902415000005,-0.001553307707,-0.00299012749,0.00043828849156000006,0.0031301027704
355,1679185200,1.30283858,1.3028649910000003,-0.0014819544799999998,1.9693616582,6.121049360000001,0.9428094680000001,1.43715635,1.3204153,0.501698251,3.6557961659999996,2.8839937800000002e-05,5.91673602e-06,1.3363960889999998e-05,2.5836491249999997e-05,4.7747465500000006e-05,7.98409222e-05,0.000154923893,0.0003550353909999999,0.648287951,0.00170761301,0.0007385288300000001,57.5178004,50.3297245,4.29484459e-05,7.20605507,0.0177404301,26.297269399999998,0.0006563414617,5.92934591e-05,0.0345290563,57.941632299999995,0.0006563414617,5.92934591e-05,0.006604744920000001,15.645845344000003,0.0006563414617,5.92934591e-05,0.0025743576400000003,15.095048864999999,0.0006563414617,5.92934591e-05,0.00644456095,0.0002750991315,0.00030152215799999994,-0.3905680829999999,557.1184529999999,0.43508577299999995,-0.0017721575,-0.00274114802,0.0005310255359999999,0.004096023659999999
355,1679185800,1.9912824699999998,1.9913079999999996,-0.00692846724,1.238032891,5.996545500000001,1.1507869200000003,1.7938297699999999,1.62046196,0.7879205806,5.82090743,2.9920438900000004e-05,7.430156915e-06,1.6547953277499997e-05,3.1924211128e-05,5.872411338e-05,0.00010487460069399999,0.00021381890828300003,0.0005318546188300001,0.9923583669999999,0.00121673941,0.0010963737942,57.97735989999999,50.160826,6.56664306e-05,6.71896833,0.0223308144,45.0889128,0.0007036384159999999,6.471581324e-05,0.04262378779999999,90.2292555,0.0007036384159999999,6.471581324e-05,0.0068903368699999995,19.422068000000003,0.0007036384159999999,6.471581324e-05,0.00302075873,18.77047264,0.0007036384159999999,6.471581324e-05,0.00687751662,0.00034493645221,0.0003704818917,-0.17396572810000002,256.35283568,0.36285300026,-0.0006125063260000001,-0.00241408174,0.000533708947894,0.0033508535031
355,1679186400,2.4641315500000003,2.4641574200000003,-0.004811437827,-0.07014052499999997,5.62903437,1.3275029,2.12653994,1.91589602,0.6317159411000001,5.289579583,3.0682977600000004e-05,7.789530800000002e-06,1.12139676e-05,2.063377266e-05,4.148232089e-05,7.111985453e-05,0.0001428409266,0.00037611713890000004,1.2294672210000004,0.0010842145189999999,0.000838267737,59.138954,50.1337553,8.15641823e-05,6.7811863599999995,0.0247336299,40.7816343,0.0020003882507000003,0.00018233526904999997,0.04885851,109.60009480000001,0.0020003882507000003,0.00018233526904999997,0.007449123349999999,41.9433784,0.0020003882507000003,0.00018233526904999997,0.0037285822200000007,41.901594,0.0020003882507000003,0.00018233526904999997,0.0065463977199999995,0.00021410221487,0.0002397736392,0.222327922,286.6855897,0.2914460591,-0.0004065701404,-0.00189521723,0.00029757415918000007,0.0020939671923
355,1679187000,2.79365942,2.7936847899999995,0.0033081411005,-0.023844953000000002,5.8656291099999995,1.4102321500000001,2.26881925,2.0558502400000003,0.7291105255,5.643053224,3.17799399e-05,9.067764289999998e-06,1.5167117893000003e-05,2.9625257119999996e-05,5.285516539999999e-05,8.492321373e-05,0.00018365433165000003,0.0004882823391000001,1.393911755,0.001089675536,0.0009583043053000001,59.1466488,50.1104608,9.24256962e-05,6.798394139999999,0.026479085399999998,47.8583529,0.0040084313437000006,0.00036717792368,0.051874803299999994,124.13858800000003,0.0040084313437000006,0.00036717792368,0.00798315443,78.28987287,0.0040084313437000006,0.00036717792368,0.004301325490000001,78.957418052,0.0040084313437000006,0.00036717792368,0.006698825260000001,0.00025602605435999997,0.0002814853864,0.18019136774,162.81603546,0.28864706743,-0.00043624632300000006,-0.0022435855699999997,0.00035815749146000004,0.0024966130159
355,1679187600,0.637557826,0.6375849780000001,-0.000993771104,-1.44968875,1.27293886,0.704208844,1.118209145,1.0536696760000002,0.0216091834,0.300516963,2.81377145e-05,1.182813924e-06,1.1521629050000002e-06,1.3805015821e-06,2.026085926e-06,2.458762246e-06,3.9120748399999996e-06,8.390633599999999e-06,0.316683354,0.00204513092,2.8681545300000004e-05,65.7195741,50.731970999999994,2.12094389e-05,5.85075353,0.0122615534,6.63543464,0.0004938830968000001,4.426541772e-05,0.0256237001,27.7171341,0.0004938830968000001,4.426541772e-05,0.0063723658,11.142569230000001,0.0004938830968000001,4.426541772e-05,0.0018627728200000001,10.42361478,0.0004938830968000001,4.426541772e-05,0.005225910539999999,1.36515414e-06,2.85448289e-05,-0.20503209054999996,51.27920421500001,0.0141623565,-0.00342996061,-0.00395534746,1.0914899860000001e-06,1.75466587e-05
355,1679188200,0.7458744730000001,0.745901817,-0.00295248181,2.7685292300000004,4.557439025,0.683779116,1.096045973,0.983805029,0.32337256170000006,2.6583502020000003,2.9297565e-05,5.407256333e-06,1.1833150280000002e-05,2.4559210227000003e-05,4.518427734e-05,7.800179516e-05,0.00014886134818,0.00033391093757,0.370169135,0.00146829568,0.0006499386680000001,60.37101359999999,50.5306009,2.4492090900000003e-05,7.09535545,0.013581301649999999,24.89863575,0.00028065420540000004,2.5817721770000003e-05,0.025559389199999998,35.54163770000001,0.00028065420540000004,2.5817721770000003e-05,0.006289171139999999,9.094430769999999,0.00028065420540000004,2.5817721770000003e-05,0.00202333348,8.487018884,0.00028065420540000004,2.5817721770000003e-05,0.00655462463,0.00027597190782,0.0003032254177,1.0646214870000001,440.65692470000005,0.33109018802,-0.0024267793500000003,-0.0033348285200000003,0.00041630539036000003,0.00313069181225
355,1679188800,1.47109581,1.47112285,-0.004141786986,1.270082583,5.2065839600000015,1.0047802000000001,1.64731278,1.4529443499999997,0.4475162964999999,3.4201663249999994,3.0243574800000005e-05,6.59395974e-06,1.38855921e-05,2.607912994e-05,4.961535848e-05,8.289319603e-05,0.00017053356629999998,0.0004041114186,0.7326351979999999,0.0014291859,0.000726496544,59.1436015,50.2289649,4.8535088200000006e-05,7.08458446,0.019392983750000002,34.5470688,0.0010414584489999998,9.470443243e-05,0.0374091846,67.8078096,0.0010414584489999998,9.470443243e-05,0.0068456856900000005,20.77068397,0.0010414584489999998,9.470443243e-05,0.00287881692,20.53004005,0.0010414584489999998,9.470443243e-05,0.00652952683,0.00026591129527,0.00029286093339999996,0.62076659621,318.33038535,0.3360269254,-0.0019832474,-0.00303852255,0.00041237358396,0.0029680157917999998
355,1679189400,1.0372233720000001,1.0372504379999998,-0.0028919806200000003,0.5283170909999997,4.317956820000001,0.842620975,1.353791307,1.2366377439999998,0.2722590425,2.112825636,2.95107082e-05,4.259768544e-06,8.356615047e-06,1.4881085516000003e-05,2.5491603853000003e-05,4.3902518256000005e-05,8.2410916027e-05,0.00018759159471999997,0.516265153,0.00163212512,0.0003450875741,60.4069277,50.5109741,3.4319251699999996e-05,6.68908414,0.015544505949999999,20.967208840000005,0.000900622235,8.152781874e-05,0.030884376600000003,45.836890000000004,0.000900622235,8.152781874e-05,0.00668266346,17.71625976,0.000900622235,8.152781874e-05,0.00245619637,17.27827371,0.000900622235,8.152781874e-05,0.00586040054,0.00013654926479,0.000163636235,-0.5224500643000001,397.3728583,0.27158802509999996,-0.002151581764,-0.00308524017,0.00025932664456,0.0020226195363999997
355,1679190000,1.62855312,1.62857997,-0.001883447859,-0.570768083,3.94568296,1.109747496,1.7680664499999998,1.6407125700000003,0.2673254613,2.327764305,2.99444801e-05,4.570360234999999e-06,7.350432723600001e-06,1.1818621169999998e-05,2.0419996379999997e-05,3.387702029e-05,6.517362755e-05,0.00015079356726,0.8120967660000001,0.00157367924,0.0003090944171,60.5263676,50.215364,5.40048834e-05,6.3415452,0.020067629,23.9435337,0.0011010828610000002,9.996813990000001e-05,0.040899928,72.7042239,0.0011010828610000002,9.996813990000001e-05,0.006949677749999999,24.0099107,0.0011010828610000002,9.996813990000001e-05,0.0029036902499999994,23.5401281,0.0011010828610000002,9.996813990000001e-05,0.0056479674,9.683988907000002e-05,0.000123675613,0.9537599235999998,351.50950258999995,0.19618349910000002,-0.00201525829,-0.00296843996,0.00020008715449899996,0.0015461083482
355,1679190600,3.9820960399999996,3.9821198499999992,0.001206225187,-0.694579966,6.45927216,1.71370063,2.70833266,2.4646127400000006,0.8511102819999999,6.56029613,3.09285442e-05,7.972217619999999e-06,1.299080019e-05,2.5527372039999995e-05,4.9457643050000006e-05,8.570023754e-05,0.0001856876318,0.0005207641587999999,1.9882887160000002,0.000822206999,0.0010418507869,58.35381580000001,50.0572353,0.0001318980076,6.65144001,0.0319388373,61.80654269999999,0.001945590762,0.00017950299653000002,0.06287058790000001,177.094356,0.001945590762,0.00017950299653000002,0.007982104610000002,47.5808848,0.001945590762,0.00017950299653000002,0.0044528395899999995,47.1006503,0.001945590762,0.00017950299653000002,0.006866281029999999,0.00026206938584,0.0002859127354,0.7149367324,349.8668325,0.31520435859999996,0.0020405952770000003,-0.00141261866,0.00034071716867,0.0022138199842000003
355,1679191200,2.324673676,2.32469823,0.0009976634040000003,1.4545115636,6.88266001,1.204562896,1.9410967399999997,1.651775413,0.8696716500000001,6.00438472,3.62832001e-05,1.5177624149999998e-05,2.563816793e-05,4.689880220000001e-05,8.735338640000001e-05,0.0001460291862,0.0003044627694,0.0007496779989999999,1.158731682,0.000781396644,0.001436799137,57.08571979999999,50.1255491,7.65566628e-05,7.262156429999999,0.02392128465,58.4372911,0.0011379876346,0.0001043114383,0.044385242299999995,105.2599585,0.0011379876346,0.0001043114383,0.007479269379999999,48.959634179999995,0.0011379876346,0.0001043114383,0.0037542186500000006,47.41979591,0.0011379876346,0.0001043114383,0.0077235733400000004,0.000444887735,0.0004697572540000001,0.5329749468000001,297.2299786,0.443714566,0.0011978532122,-0.0020640201459999996,0.00058895331,0.0038869193499999994
355,1679191800,1.048480589,1.048507435,-0.00488543113,-0.31245179,3.0891943,0.880048661,1.3750169700000001,1.2767639899999998,0.1666931954,1.223508386,2.92855112e-05,5.795997513e-06,9.647048603000001e-06,1.934679073e-05,3.993808525700001e-05,5.8508324369000006e-05,0.00011526733271800002,0.00027207745502999997,0.522057331,0.0011370277199999998,0.0005228692351999999,59.8461502,50.258059100000004,3.46719477e-05,6.24290447,0.016779684499999996,26.128062899999996,0.0008656873949999999,7.8391096e-05,0.0323779893,47.902371699999996,0.0008656873949999999,7.8391096e-05,0.006736083029999999,17.5864222,0.0008656873949999999,7.8391096e-05,0.00270509462,17.24280367,0.0008656873949999999,7.8391096e-05,0.0063284238700000005,0.00020649255750999999,0.0002331760354,0.0852946453,224.74478329999997,0.1798899432,-0.0018305389199999998,-0.0032299479299999997,0.00023812859049999997,0.0015146398101999999
355,1679192400,2.06024162,2.06026735,-0.00120228346,0.172052271,6.00134562,1.20829372,1.8987579499999998,1.7450407799999996,0.5769196545000002,4.942619186,3.05571767e-05,9.48031926e-06,1.7153981240000003e-05,4.24133465e-05,6.595430747000001e-05,0.00012547782504999998,0.0002451350653,0.000495715989,1.0267913300000002,0.001180826028,0.001142527297,58.3047823,50.1615614,6.79685588e-05,7.07612123,0.023110989899999997,47.28327060000001,0.0008709302620000002,7.954483488e-05,0.044391594,91.8344065,0.0008709302620000002,7.954483488e-05,0.006984733259999999,22.713911959999997,0.0008709302620000002,7.954483488e-05,0.00330570372,22.326758379999998,0.0008709302620000002,7.954483488e-05,0.0069873900099999995,0.00038851051229,0.0004144555869,0.3927848292999999,352.60708502,0.3788515307,-0.000998360131,-0.0025278268900000003,0.000709641508307,0.005927021012699999
355,1679193000,2.6596540099999997,2.6596794,0.0009356860330000001,0.3748254055,6.75961882,1.3704645599999998,2.1557532999999998,1.9526095999999995,0.7990194689999999,6.312874410000001,3.28758886e-05,2.78396176e-05,3.1258096460000006e-05,7.9044901e-05,9.18279449e-05,0.0001954573183,0.00037756144830000004,0.0007413384274,1.32425461,0.00196242104,0.0020581386959999995,58.7798949,50.205196799999996,8.767407220000001e-05,7.2639957100000005,0.026915670699999998,69.1229229,0.0010709977134,9.879520879999999e-05,0.0507451657,122.78594749999999,0.0010709977134,9.879520879999999e-05,0.007236244019999999,27.153760739999996,0.0010709977134,9.879520879999999e-05,0.00392300962,27.438927659999997,0.0010709977134,9.879520879999999e-05,0.008242311400000002,0.0007045265600700001,0.0007297484980000001,-0.5069900119999999,169.29170349999998,0.4721400946,0.00021234782399999998,-0.00196517885,0.00114372045168,0.0085898661282
355,1679193600,2.5170740999999994,2.51710083,-0.0029071744976,-0.41204540929999994,6.853409169999999,1.3722101699999998,2.1614909599999996,2.00001107,0.5797405870000001,5.19292516,3.23618437e-05,1.0696448970000001e-05,1.850887995e-05,3.2481118500000004e-05,5.3469139299999994e-05,9.75263429e-05,0.00022121504,0.00047848720899999997,1.25369091,0.00273129876,0.001196599657,59.457094700000006,50.2544463,8.32200006e-05,7.18034447,0.025704779700000003,47.1066407,0.0016343106410000002,0.0001490453459,0.05040068130000001,111.9341549,0.0016343106410000002,0.0001490453459,0.0076113067300000005,37.576127,0.0016343106410000002,0.0001490453459,0.0039741564100000005,37.3815246,0.0016343106410000002,0.0001490453459,0.00672218718,0.00031536987900000003,0.000341761012,0.3950590410000001,408.578145,0.440008946,-0.001019026401,-0.00222767178,0.000575094767,0.004613717790000001
355,1679194200,2.65418438,2.65421098,-0.0026621471442,-1.0820353969999998,4.961101570000001,1.41109902,2.2570439099999997,2.1158895699999998,0.3287538266,3.0654305660000003,3.75277384e-05,1.3363207820000001e-05,1.6519083856e-05,2.5730872738e-05,3.435825953e-05,5.510433875199999e-05,0.00010341031300399998,0.00019586774974,1.3242044869999998,0.00193729412,0.0004950343419999999,59.464516,50.181862499999994,8.804963490000002e-05,6.362166060000001,0.025462364999999997,36.0193454,0.00569152086,0.0005205127513999999,0.0518905612,116.26315199999999,0.00569152086,0.0005205127513999999,0.00841125686,100.75256830000001,0.00569152086,0.0005205127513999999,0.00466056586,102.68135035,0.00569152086,0.0005205127513999999,0.0057107194100000005,0.00011461696531000001,0.00014095826750000002,0.43129541309999997,430.67574193,0.2067641223,-0.0014608798029999998,-0.0026310636299999995,0.00017143834979499998,0.0015822661264999999
355,1679194800,4.720953439999999,4.7209748099999995,0.0044059150500000005,-0.44585012970000015,7.4479523400000005,1.8607886500000004,2.85799969,2.6538810200000005,1.1466191807,8.21600857,3.27750211e-05,1.2079690829999999e-05,2.1247163190000004e-05,3.888738397e-05,8.019522865e-05,0.0001267202811,0.00028995853025,0.000831683638,2.3561225099999996,0.0013873762800000002,0.0015548400995999997,57.911319500000005,50.0788724,0.00015624565,6.812931119999999,0.035331861000000006,82.20585450000002,0.003964238352,0.00036299153579999997,0.06838526760000001,211.199024,0.003964238352,0.00036299153579999997,0.0087255528,74.92584982000001,0.003964238352,0.00036299153579999997,0.005388759389999999,75.93628458,0.003964238352,0.00036299153579999997,0.007800982619999999,0.0004435534251,0.0004649344485,0.6421338303999999,216.69593671999996,0.35362851464999995,0.00473214967,-0.000837960709,0.0005608657772900001,0.0037849485654
355,1679195400,1.579362601,1.579389448,-0.00538794212,1.252998226,5.03617872,1.02259996,1.6548129939999998,1.4901454760000001,0.348627517,2.452204284,2.98757183e-05,6.887881703e-06,1.3072143377e-05,2.6684676277e-05,5.284723109e-05,8.66689758e-05,0.00017874272735000002,0.00044983823878,0.7865265240000001,0.00141459247,0.0009224222217,58.9086272,50.306224400000005,5.213366500000001e-05,7.033131989999999,0.0198816551,34.936932899999995,0.0014201016130000002,0.00012928835362,0.037701136999999996,70.7535782,0.0014201016130000002,0.00012928835362,0.007007981299999999,26.67864485,0.0014201016130000002,0.00012928835362,0.0031596971700000006,26.599458600000002,0.0014201016130000002,0.00012928835362,0.006863910540000001,0.00030217235632,0.00032897669449999997,0.21813945879999994,274.7085033,0.3291591748,-0.0015081213644000003,-0.00278726735,0.00041861348698,0.0027751428759
355,1679196000,1.263427059,1.26345384,-0.00131129671,3.213904754,5.90564265,0.883296008,1.440944,1.229700056,0.5578325956,3.767622213,3.14185862e-05,1.0024909e-05,2.1564426959e-05,4.16544749e-05,8.001251514000001e-05,0.00013584372291,0.00027962307236,0.0006451932471,0.628005582,0.0013472422900000002,0.001142182944,57.8982573,50.291743800000006,4.145001349999999e-05,7.28590468,0.01819618915,42.72572647,0.001142384581,0.00010381037983000002,0.0327745073,58.668905300000006,0.001142384581,0.00010381037983000002,0.006837085779999999,21.412041069999997,0.001142384581,0.00010381037983000002,0.002956901276,21.332688664000003,0.001142384581,0.00010381037983000002,0.007554504640000001,0.00045965291865999997,0.0004866124851,-0.26793564500000006,276.2355351,0.4100171002,-0.0011517978899999999,-0.00282332284,0.00062956778715,0.0039035232604
355,1679196600,0.963374712,0.9634015980000001,-0.0019155281199999998,2.377773764,5.32418741,0.7864334470000001,1.260900977,1.138422259,0.3870071854,2.877315495,2.9247586399999996e-05,6.2358074114e-06,1.647552246e-05,3.3421671098e-05,6.168865829000001e-05,0.00010468817402399999,0.000212486602946,0.00049200497565,0.478206092,0.0016155577100000003,0.0009363644913999998,59.518129699999996,50.4277184,3.162291035e-05,7.22599529,0.0157699645,34.0895156,0.000301355597,2.737770217e-05,0.0292282192,44.39806219999999,0.000301355597,2.737770217e-05,0.0063429611,9.16629242,0.000301355597,2.737770217e-05,0.00227657269,8.518219023999999,0.000301355597,2.737770217e-05,0.00694917947,0.00037564640904,0.0004025535999,-0.5833297405999999,413.08493770000007,0.40795345406,-0.0018481792700000004,-0.00303450398,0.0006040518172200001,0.0042660771128
355,1679197200,1.2413891400000001,1.2414156750000003,-0.00271887206,2.283096147,6.11133654,0.9050510199999999,1.4479191900000001,1.30578987,0.468271307,3.39022207,3.08864911e-05,9.23958496e-06,2.1073021799999997e-05,4.1182131499999996e-05,7.2649999e-05,0.00012549078100000002,0.000236131145,0.000568824937,0.616946342,0.0015915492099999999,0.0010777703140000003,57.58145559999999,50.3314121,4.07739113e-05,7.43010711,0.0181621269,41.8293259,0.0003839266093,3.511616771e-05,0.0336099561,57.481654400000004,0.0003839266093,3.511616771e-05,0.00634995505,10.7005338,0.0003839266093,3.511616771e-05,0.0025007318,10.21590107,0.0003839266093,3.511616771e-05,0.007167517770000001,0.000426443341,0.00045306824399999994,-0.12819408800000004,343.80991900000004,0.46971571800000006,-0.0008593175539999999,-0.0021147239799999998,0.0006694189450000001,0.00481320749
355,1679197800,1.82955258,1.8295793000000002,-0.00163114888,-0.5790205414999999,5.19225855,1.1727323600000001,1.8656069800000001,1.73930309,0.3061972693,2.48496513,3.00704898e-05,5.522890977000001e-06,1.0179730668e-05,2.0056256683000002e-05,3.4167608720000004e-05,6.1049707116e-05,0.00011614195847,0.00027498212176,0.912447628,0.00127057213,0.0005327008183,58.821778099999996,50.199723,6.060937220000001e-05,6.644016850000002,0.021277975299999998,28.960877100000005,0.000863569524,7.80509708e-05,0.0428569215,79.98169519999999,0.000863569524,7.80509708e-05,0.0071142409500000005,25.3419659,0.000863569524,7.80509708e-05,0.00324392478,24.5946078,0.000863569524,7.80509708e-05,0.0060452691,0.00018473476140000003,0.00021133943169999997,0.386148158,305.52772035000004,0.29850670619,-0.0017823554999999997,-0.00276405841,0.00033978572845,0.0025612471041
355,1679198400,1.045753079,1.045779663,-0.0031737336599999997,-1.3168275619999998,2.0493625700000004,0.907308929,1.45515693,1.3879923399999998,0.04021664679999999,0.6185124230000001,2.80705709e-05,1.8708872999999998e-06,2.113378307e-06,2.92884761e-06,4.52525197e-06,6.388947410000001e-06,1.125315326e-05,2.583290217e-05,0.5208791840000001,0.0018602509,8.074455030000001e-05,63.1776674,50.3928648,3.47612494e-05,6.31187447,0.016097632599999998,10.979633100000001,0.0008548443639999998,7.729461229999999e-05,0.033226971099999995,45.4565264,0.0008548443639999998,7.729461229999999e-05,0.00678201081,18.3627817,0.0008548443639999998,7.729461229999999e-05,0.00252731878,17.861822170000003,0.0008548443639999998,7.729461229999999e-05,0.00520076557,9.24835891e-06,3.59304631e-05,-0.34966631676,152.02852105,0.046127721520000005,-0.00277803297,-0.00350814154,2.4144488205999998e-05,0.00026202824309999996
355,1679199000,0.939418757,0.939445586,-0.00295585993,-1.4241867599999998,1.4893204400000002,0.853677766,1.36586672,1.30151474,0.020564150799999997,0.419594982,2.8750007999999996e-05,2.234047865e-06,2.1814858838e-06,2.657537475e-06,3.582616783e-06,4.314190662e-06,6.648721902999999e-06,1.333358795e-05,0.4677075180000001,0.0019318247,3.31482036e-05,61.64301400000001,50.52359299999999,3.12559799e-05,5.712618300000001,0.0151317326,9.709245280000001,0.0008508262939999999,7.692886130000001e-05,0.031202025599999995,40.881039300000005,0.0008508262939999999,7.692886130000001e-05,0.00659498744,17.06714976,0.0008508262939999999,7.692886130000001e-05,0.0022730955,16.6018131,0.0008508262939999999,7.692886130000001e-05,0.005173647819999999,1.6381172200000002e-06,2.8389105300000004e-05,0.03578604338000001,3.6852174600000005,0.0026797154669999995,-0.0029473202000000003,-0.0036108349800000003,8.7787749e-07,1.461828245e-05
355,1679199600,0.32842840599999995,0.32845525000000003,-0.0040848169399999995,-1.18443355,1.125446851,0.495579493,0.8288877960000001,0.762098263,0.03519110755,0.270764455,2.767031e-05,9.532404930000001e-07,1.0079415903e-06,1.324658672e-06,1.760374943e-06,2.3869713679999997e-06,5.082709e-06,8.622600049999999e-06,0.161863112,0.00229610895,3.29790642e-05,67.6884681,51.487533,1.091004176e-05,6.339845100000001,0.008866715389999998,3.61428504,0.0005213967590000001,4.6799950050000005e-05,0.0182516275,14.264533600000002,0.0005213967590000001,4.6799950050000005e-05,0.00624052403,10.124888859999999,0.0005213967590000001,4.6799950050000005e-05,0.001573307047,9.530460099999999,0.0005213967590000001,4.6799950050000005e-05,0.00520272762,1.7671638029999999e-06,2.8687550400000003e-05,-0.0469761831,125.08218213999999,0.020078120290000005,-0.00367841931,-0.004110911890000001,4.452546383e-06,5.416799035e-05
355,1679200200,0.27173639799999993,0.271763495,-0.00542146854,-1.22543309,0.914690427,0.449184507,0.785311474,0.729659774,0.012267340889999999,0.1498488825,2.7275446e-05,2.543882136e-07,2.3670832349999996e-07,3.9600346239999994e-07,5.582593959999999e-07,7.197430766999999e-07,1.1506061025e-05,3.24293541e-06,0.13385278,0.00196794142,3.03780546e-05,71.36925439999999,51.492827899999995,9.0395183e-06,5.84172891,0.00823824794,3.0373927000000003,0.00023447523799999996,2.0503058980000002e-05,0.0168173393,11.636654199999999,0.00023447523799999996,2.0503058980000002e-05,0.006083182120000001,6.056503149999999,0.00023447523799999996,2.0503058980000002e-05,0.00138232446,5.27046466,0.00023447523799999996,2.0503058980000002e-05,0.00520607673,1.5470546730000004e-06,2.85942279e-05,-0.03505399249999999,43.62723711100001,0.008034722564,-0.00344219402,-0.00388885287,1.5879745289999997e-06,2.2917669650000003e-05
355,1679200800,0.366506661,0.366533459,-0.00396260494,-1.3272512100000002,1.012680918,0.52764981,0.8842394830000002,0.824575183,0.01755816842,0.1859469215,2.7091589e-05,3.9872862199999995e-07,3.94142564e-07,6.246858246e-07,9.410560809999999e-07,1.294060211e-06,2.4548421660000005e-06,5.488289397e-06,0.18189577799999998,0.00131669532,2.8968939750000004e-05,67.9256124,50.7897894,1.218567165e-05,6.26428124,0.00927786265,3.80850607,0.0003580223763,3.182793943999999e-05,0.0195052862,15.918988700000003,0.0003580223763,3.182793943999999e-05,0.00616872916,7.68518034,0.0003580223763,3.182793943999999e-05,0.0015446741,6.9872565699999996,0.0003580223763,3.182793943999999e-05,0.00518222468,8.26690804e-07,2.76636443e-05,0.16611634447999996,17.074846630000003,0.004405399882,-0.0036972504900000002,-0.004149021,7.365592739999999e-07,1.3429348800000001e-05
355,1679201400,1.480063999,1.48009082,-0.00314134877,-1.08940993,2.4760506099999997,1.036221607,1.6423626150000001,1.5418970630000002,0.13628740390000002,1.2659739010000002,3.06496598e-05,4.424214610000001e-06,4.6784996e-06,5.8125262459999995e-06,8.20662967e-06,1.0768400383000001e-05,1.687459961e-05,3.409805047e-05,0.739518204,0.000339699606,8.53232359e-05,58.9265307,50.1493689,4.9216325800000006e-05,6.072679599999999,0.01844649523,16.17740322,0.001847684485,0.00016825206689999997,0.037974065200000004,65.589875,0.001847684485,0.00016825206689999997,0.00708588011,32.326453629999996,0.001847684485,0.00016825206689999997,0.0029198876199999996,32.405051400000005,0.001847684485,0.00016825206689999997,0.005229940169999999,7.800731020000003e-06,3.4569731599999996e-05,-0.09446169829000003,410.43716366999996,0.07119514509,-0.0025112567599999995,-0.0033051028100000005,2.1520677905e-05,0.0002375452346
355,1679202000,0.50527512,0.5053016229999999,-0.00538065413,-1.36327098,1.3117525300000001,0.625297185,1.004205649,0.9382036319999999,0.0341120091,0.277591097,2.75125718e-05,1.177921602e-06,1.2043641223e-06,1.561643851e-06,2.118970798e-06,2.6928343080000002e-06,4.48275071e-06,9.36488283e-06,0.25210882399999995,0.00047425547,3.0853660499999994e-05,61.5726337,50.221723100000006,1.68016231e-05,6.07669638,0.010947886299999997,5.257722429999999,0.0003834574813,3.419100445e-05,0.022823285199999998,22.002142499999998,0.0003834574813,3.419100445e-05,0.0061545555200000004,8.310510789999999,0.0003834574813,3.419100445e-05,0.0016523225900000001,7.60544253,0.0003834574813,3.419100445e-05,0.00517328063,2.402467963e-06,2.89148521e-05,-0.4355383012000001,284.317997023,0.032075273386999996,-0.00342911472,-0.00394860342,5.4308006430000005e-06,6.28784897e-05
355,1679202600,0.5590809419999999,0.5591073200000001,-0.00499722683,-1.146640997,1.8194055300000003,0.6515206539999999,1.059707399,0.9870301190000002,0.0627123518,0.604273603,2.75776711e-05,1.5225566069999999e-06,1.8308988285e-06,2.6557321320000003e-06,3.951659848999999e-06,5.839319518e-06,1.0094627320000002e-05,2.144610041e-05,0.27873545499999997,0.000701850831,5.45261543e-05,61.7169425,50.2730214,1.85755814e-05,6.2490383199999995,0.011615282749999999,6.16647895,0.0003788874252,3.3745627265999995e-05,0.023984200599999998,24.618927199999998,0.0003788874252,3.3745627265999995e-05,0.0061489679899999995,8.54127505,0.0003788874252,3.3745627265999995e-05,0.00167528079,7.827426779999999,0.0003788874252,3.3745627265999995e-05,0.005202870869999999,1.2127719080000001e-05,3.8539471500000005e-05,0.5338180406000002,392.79703314,0.08170390523,-0.00330579757,-0.0038504032199999996,4.6507018482999996e-05,0.0005020568809
355,1679203200,0.913288141,0.913314789,-0.001056158617,4.195513050000001,5.97884509,0.7548932349999999,1.149897616,1.0260688130000002,0.421193703,2.72176745,3.0454013899999993e-05,8.793447506e-06,2.0363537410000003e-05,4.615745882e-05,8.090723049999999e-05,0.00013792521794999999,0.0002777235501,0.0006560492345000001,0.45392142699999993,0.00024134879599999997,0.001249440847,57.18797589999999,50.082010399999994,2.9823748599999998e-05,7.52128332,0.01624341645,44.2065358,0.0008664863470000001,7.858158340000002e-05,0.0281622365,45.202140199999995,0.0008664863470000001,7.858158340000002e-05,0.00658425825,16.753284869999998,0.0008664863470000001,7.858158340000002e-05,0.00259322653,16.525610899999997,0.0008664863470000001,7.858158340000002e-05,0.00752765367,0.0004900613825,0.0005166031583,0.19369334760000007,355.33849100000003,0.465709808,-0.0014709846889999997,-0.00310881307,0.000770756677,0.00495724188
355,1679203800,0.7543801450000001,0.754406932,-0.0034269334150000006,6.112809245999999,5.42251558,0.651301409,1.0322939930000001,0.872726647,0.383226926,2.41216416,2.9439204200000002e-05,7.9858049e-06,1.902023359e-05,4.5021257170000005e-05,8.001153832999999e-05,0.0001336190583,0.0002844415018,0.0006285517434,0.37442331200000006,0.000346905379,0.0012185182470000001,57.844107400000006,50.144989100000004,2.4547033700000002e-05,7.56048746,0.014571790099999999,42.579241350000004,0.0002577268265,2.3389104220000003e-05,0.024325725,36.3398016,0.0002577268265,2.3389104220000003e-05,0.00611891067,7.34087699,0.0002577268265,2.3389104220000003e-05,0.0020376037,6.745017419999999,0.0002577268265,2.3389104220000003e-05,0.00768033474,0.0004907632387999999,0.0005175854386999999,-0.101753596,292.69980100000004,0.42095183599999997,-0.0013168386605000003,-0.00308251806,0.000648822635,0.004320569423
355,1679204400,0.49046368099999993,0.49049061399999994,-0.009458836100000001,4.021580823999999,4.54577624,0.5721104130000001,0.899314958,0.814524871,0.1891013055,1.394060894,2.86326939e-05,4.558598695e-06,9.413077011999999e-06,2.080442485e-05,3.8043216914e-05,6.0804993385e-05,0.00011679699008,0.00025606316910000007,0.24384563499999995,0.00035714869139999997,0.0005208173004999999,57.812787900000004,50.1833081,1.60886137e-05,7.259247380000001,0.011545649699999999,21.318055819999998,0.0003498923165,3.141986358999999e-05,0.0212575374,23.458867399999995,0.0003498923165,3.141986358999999e-05,0.0061443777,7.56160572,0.0003498923165,3.141986358999999e-05,0.00178310353,7.01809164,0.0003498923165,3.141986358999999e-05,0.00637890218,0.00022826207382,0.0002552348572,0.3520420960000001,456.1142,0.3676381884,-0.0023852466599999993,-0.00328817296,0.00044612280168,0.0033467171264000006
355,1679205000,0.478776143,0.478802845,-0.008809632750000001,1.166065656,2.899288463,0.5734979119999999,0.9094777510000001,0.828962802,0.1240384672,0.979747931,2.7449178199999998e-05,1.9915777199999998e-06,3.8473146780000005e-06,1.0834648223e-05,1.5306295466e-05,3.2874670236000005e-05,5.7029527267000005e-05,0.00013941479654999998,0.238627392,0.00020330968799999998,0.00029530252852,62.6635807,50.1288904,1.58026923e-05,6.817443680000001,0.0107391922,11.80382299,0.0003097703735,2.7683694609999997e-05,0.0211004023,21.5714251,0.0003097703735,2.7683694609999997e-05,0.00617129485,8.08439319,0.0003097703735,2.7683694609999997e-05,0.00167714375,7.37395293,0.0003097703735,2.7683694609999997e-05,0.005670477749999999,0.000105141032566,0.0001317715583,0.7934341795200002,305.48248084,0.19507889776400003,-0.0031861456299999993,-0.00378271763,0.00020485364787499997,0.0016644665017000002
355,1679205600,1.1834697149999998,1.1834963950000001,-0.004024124370000001,-0.15748794500000002,4.4244600499999995,0.9312054489999999,1.4660697599999999,1.33530329,0.26895666547,2.024836346,2.9590306899999998e-05,4.990605804e-06,9.390067822e-06,1.8075294157000003e-05,3.017304316e-05,5.4416387010000004e-05,0.00010505892532999998,0.0002618515796,0.590387773,0.0003635738456,0.0004966493237000001,58.5937297,50.09023079999999,3.911176460000001e-05,6.8343171499999995,0.0174134859,23.4338372,0.0011144177163000001,0.00010110058159999999,0.0341897685,53.412560799999994,0.0011144177163000001,0.00010110058159999999,0.00684775193,21.519027360000003,0.0011144177163000001,0.00010110058159999999,0.00271852602,21.2484856,0.0011144177163000001,0.00010110058159999999,0.00598105613,0.00016680860274,0.00019348379730000002,-0.6041703022,508.48929818999994,0.2569892017,-0.002167382507,-0.00302327228,0.00027961244938,0.00203430453935
355,1679206200,1.9058074699999998,1.90583408,-0.0023281909199999997,-1.40339433,2.37614755,1.2216854750000001,1.9094832700000002,1.82773082,0.07714283445,1.1289373280000001,2.93059039e-05,3.2535618889999998e-06,3.2807579340000005e-06,4.1957537100000006e-06,6.3020661500000004e-06,8.126024079999999e-06,1.4503576350000003e-05,3.12217888e-05,0.9523738680000001,0.00035166834299999995,0.0001046290579,60.0483162,50.069013999999996,6.33787543e-05,6.14890649,0.02157295235,19.966349,0.0014357156884,0.00013049011462,0.0445591972,83.5838552,0.0014357156884,0.00013049011462,0.007166662209999999,32.24839571,0.0014357156884,0.00013049011462,0.0031705809799999997,31.77730909,0.0014357156884,0.00013049011462,0.00520915473,5.34263748e-06,3.20858956e-05,-0.13599974620000002,165.12156342699998,0.03804559939,-0.0020675476700000002,-0.0029639606700000007,9.966319463999997e-06,0.00011185519609999999
355,1679206800,1.256602968,1.256629851,-0.0035833468299999996,-1.3283041340000001,1.6688009230000003,0.907163448,1.438393902,1.352103805,0.04362486755,0.61194531,2.8362367300000003e-05,1.8913861855e-06,1.877817521e-06,2.471271843e-06,3.8033111079999997e-06,5.140212048e-06,9.163298900000002e-06,1.951666614e-05,0.627938154,0.000238272836,7.961065365e-05,62.082780099999994,50.112432999999996,4.17932438e-05,6.2612428200000005,0.016234425150000002,13.6299049,0.001154619732,0.00010475128175,0.033351599100000004,56.1243491,0.001154619732,0.00010475128175,0.006795299069999999,23.45970966,0.001154619732,0.00010475128175,0.0024951146499999997,23.036358549999996,0.001154619732,0.00010475128175,0.00520055867,3.140579816e-06,2.9951839600000003e-05,0.12162226710000001,109.674310939,0.02145978506,-0.00277134765,-0.00346531645,3.1084057519999994e-06,3.942310339999999e-05
355,1679207400,0.41710765800000005,0.41713432200000006,-0.007259462634,7.56208728,4.66458004,0.5065547479999999,0.8038745439999999,0.717734393,0.23623866000000002,1.8340126400000003,2.8039732100000008e-05,3.6918070960000003e-06,1.086675477e-05,2.2221300644999997e-05,3.7650255110000006e-05,6.584880195999999e-05,0.00012522983667,0.00027705081425000004,0.206784049,0.000597041102,0.0006287835607999999,58.583950200000004,50.3191943,1.361332805e-05,7.33759689,0.010315429749999999,17.81907575,0.00028046153330000005,2.5050356160000004e-05,0.0188680955,19.553967399999998,0.00028046153330000005,2.5050356160000004e-05,0.0060806437800000005,6.40079925,0.00028046153330000005,2.5050356160000004e-05,0.0016573512,5.7912934400000005,0.00028046153330000005,2.5050356160000004e-05,0.00621557723,0.00022779422980599996,0.00025449931189999996,0.6543172219999999,496.70020894,0.38254869560000004,-0.0025754893899999996,-0.00347244424,0.000448149582993,0.0033903962599
355,1679208000,0.375074103,0.37510092300000003,0.004332155530000001,11.14421767,5.06415465,0.444111276,0.7107217020000001,0.627019139,0.25949007339999997,1.8828245709999998,2.84804583e-05,5.328949444999999e-06,1.3346263167e-05,3.1715539000000005e-05,5.5078399477e-05,9.518827773999998e-05,0.00018178602237,0.00040182674806999997,0.184851711,0.0010581396200000002,0.000841208575,58.991406299999994,50.7035831,1.213932112e-05,7.5654872,0.00980754369,23.688527560000004,0.0002444094272,2.2186844590000003e-05,0.0168793112,19.096028370000003,0.0002444094272,2.2186844590000003e-05,0.00587205893,4.90815287,0.0002444094272,2.2186844590000003e-05,0.00148584485,4.387948884,0.0002444094272,2.2186844590000003e-05,0.006720416409999999,0.00034381375733999995,0.00037049774140000005,0.1394349129999999,410.5525145,0.36777340157,-0.0029076597900000003,-0.0037597436400000003,0.0005449004011699999,0.0036555995247000003
355,1679208600,0.37979681000000004,0.37982367600000005,-0.006559595820000002,9.093014722,4.752857475999999,0.45586515,0.72598464,0.646032234,0.23023065359999997,1.5050610874,2.8382103799999998e-05,5.5842531776e-06,1.23389217716e-05,3.08220428263e-05,5.4848311101000003e-05,9.169277365300001e-05,0.00017880780171999997,0.00037641414190000004,0.18702373700000002,0.00120824327,0.0009143690137999998,59.8016923,50.7649081,1.2288609149999998e-05,7.5165538,0.010038249030000002,21.628476350000003,0.00019001151280000002,1.6887434199999996e-05,0.017199354500000003,18.0971959,0.00019001151280000002,1.6887434199999996e-05,0.0059244061200000005,4.442743210000001,0.00019001151280000002,1.6887434199999996e-05,0.0015853295400000001,3.9362325300000003,0.00019001151280000002,1.6887434199999996e-05,0.00685196288,0.00033770174566800004,0.0003645565261,-0.5707272537400001,345.966699924,0.38011793265000005,-0.002251219373,-0.00346538047,0.0005730642953499999,0.00425652041735
355,1679209200,0.15879933,0.15882623599999998,-0.0023259688320000005,-1.1717435049999998,0.736147451,0.34191624699999995,0.606806029,0.5545669249999999,0.0098704709,0.0861648884,2.7251923100000004e-05,3.8203775560000003e-07,3.839804506e-07,5.21572086e-07,6.27831125e-07,7.9094074e-07,1.359328851e-06,2.656048067e-06,0.077942509,0.00143998928,1.0079238460000001e-05,69.1258571,51.832209999999996,5.2806718e-06,6.089615619999999,0.00611607464,1.67787162,0.000152806996,1.3041275639999997e-05,0.01287286315,6.871333580000001,0.000152806996,1.3041275639999997e-05,0.00580830301,3.6948182899999997,0.000152806996,1.3041275639999997e-05,0.001003267719,2.93541953,0.000152806996,1.3041275639999997e-05,0.005188973980000001,5.47445217e-07,2.7451004800000002e-05,0.07464799838,36.838272227,0.004184462316999999,-0.0040773640900000005,-0.004413646520000001,9.54837768e-07,1.5475573349999995e-05
355,1679209800,0.139805923,0.139832932,-0.003227343812,-1.15088902,0.7266971839999999,0.319390851,0.571517446,0.5202908660000001,0.009645294589999999,0.08123906490000002,2.72057633e-05,2.2650231009999998e-07,2.2551653109999996e-07,3.653124464e-07,4.2544046799999993e-07,5.26051913e-07,1.0600217259999998e-06,1.9703669300000003e-06,0.0685756135,0.00131090995,1.142543034e-05,71.197315,51.8960613,4.6500055e-06,6.06325646,0.005759091249999999,1.48724177,0.000147739746,1.256506464e-05,0.012085552150000001,6.050640899999999,0.000147739746,1.256506464e-05,0.00578092762,3.50311436,0.000147739746,1.256506464e-05,0.0009387218690000001,2.7439750800000002,0.000147739746,1.256506464e-05,0.0052032291699999995,5.65954068e-07,2.76238254e-05,-0.0632152163,20.67843942,0.003400298626,-0.00405357192,-0.00438810597,7.69031019e-07,1.3734279099999999e-05
355,1679210400,0.24875278699999998,0.24877976100000004,-0.0019130667623000002,-1.24789211,0.9506539980000002,0.421040997,0.7125592349999998,0.6649703029999999,0.014794806330000002,0.15212750690000001,2.7488306899999997e-05,5.61083564e-07,5.762695998e-07,7.33781603e-07,1.012559087e-06,1.3140002259999998e-06,2.1664757634e-06,4.494531369999999e-06,0.12314167359999999,0.00120615649,1.718936219e-05,66.95996629999999,51.2329211,8.27215374e-06,6.08760803,0.00745727669,2.61220946,0.00017539547719999998,1.5215914625e-05,0.0156604451,10.81731487,0.00017539547719999998,1.5215914625e-05,0.00584990914,4.51655815,0.00017539547719999998,1.5215914625e-05,0.0011048751439999998,3.7409426000000003,0.00017539547719999998,1.5215914625e-05,0.0052124176,9.30505e-07,2.7979822400000003e-05,0.2403216591,109.51771739099999,0.013142035659999999,-0.00395785732,-0.00431726759,1.4306238169999998e-06,1.9913316999999998e-05
355,1679211000,0.4932337790000001,0.493260931,-0.00262693378,-1.3759279,1.2935269900000002,0.618939963,1.005818199,0.9254532469999999,0.030461953800000004,0.255766439,2.8285439799999995e-05,1.3043187374999998e-06,1.3575894543000002e-06,1.7391462234000002e-06,2.364012517e-06,3.0158635936e-06,4.931030417e-06,9.593264376999999e-06,0.24521844499999998,0.00134215992,3.081072357e-05,64.6927702,50.5794059,1.64017378e-05,5.888899389999999,0.0109237004,5.3061922500000005,0.00046905741499999996,4.19670111e-05,0.022706826200000002,21.763349599999998,0.00046905741499999996,4.19670111e-05,0.006255022460000001,9.388129270000002,0.00046905741499999996,4.19670111e-05,0.00167559044,8.745200500000001,0.00046905741499999996,4.19670111e-05,0.00525097165,2.8647800899999996e-06,2.9973859199999992e-05,-0.2501939875,120.75796362000001,0.024225760880000002,-0.0035074250099999997,-0.00401582776,3.858890753999999e-06,4.0835853599999994e-05
355,1679211600,0.284636197,0.284663374,-0.00331747855,-1.284385834,1.012455897,0.466763087,0.780248819,0.728234717,0.015156380389999998,0.15778704100000002,2.7659781699999998e-05,5.566374525e-07,5.807565550000001e-07,8.772953876000001e-07,1.0842821849999998e-06,1.498823488e-06,2.7871882920000005e-06,5.23541041e-06,0.141079982,0.001203097045,2.1900579900000002e-05,66.8204449,50.868057699999994,9.464600149999998e-06,6.192981480000001,0.00832223852,3.10287513,0.00029262487600000003,2.582161267e-05,0.017336380800000002,12.462286549999998,0.00029262487600000003,2.582161267e-05,0.00609933178,6.38787487,0.00029262487600000003,2.582161267e-05,0.00137724556,5.67551487,0.00029262487600000003,2.582161267e-05,0.005232647030000001,1.7186767029999998e-06,2.8913070700000002e-05,0.13694453709999999,79.83414096,0.015211069378,-0.0036220693300000003,-0.00407470036,1.948733151e-06,2.5443032599999997e-05
355,1679212200,0.237302708,0.237329954,-0.00395852912,-1.3376756,0.802449506,0.428088945,0.715634354,0.672508045,0.005794865769999999,0.1094792634,2.77009489e-05,5.283160345e-07,5.416176093000001e-07,6.764939198e-07,9.84562041e-07,1.2669003291e-06,2.116151891e-06,4.384604433999999e-06,0.11765525240000001,0.000967212777,1.7917901240000002e-05,66.2722037,50.8408927,7.889922900000002e-06,6.0792972999999995,0.0075316110399999995,2.47191849,0.000221653697,1.939485152e-05,0.0158468845,10.311130699999998,0.000221653697,1.939485152e-05,0.00595717216,5.174934089999999,0.000221653697,1.939485152e-05,0.001204251036,4.41450822,0.000221653697,1.939485152e-05,0.00521851055,6.65903928e-07,2.78428431e-05,0.03271352370000001,24.517525429000003,0.00331865739,-0.0040551703700000006,-0.00438254817,1.009930573e-06,1.4966735100000001e-05
355,1679212800,0.266958875,0.266985881,-0.00345651216,-1.37726378,0.8319253870000001,0.4563959540000001,0.750210394,0.706709061,0.005366445419999999,0.12307860600000001,2.76619497e-05,7.20122875e-07,7.297670459999999e-07,1.0051396879999999e-06,1.195133133e-06,1.4670459359999999e-06,2.5381225e-06,4.679010220000001e-06,0.1326655384,0.000786899936,1.400469924e-05,62.98212840000001,50.609237099999994,8.8778752e-06,6.12112228,0.008054004299999999,2.81628972,0.0002245159862,1.9644732990000002e-05,0.0168621105,11.6998571,0.0002245159862,1.9644732990000002e-05,0.005952763549999999,5.23041219,0.0002245159862,1.9644732990000002e-05,0.00123088071,4.50308289,0.0002245159862,1.9644732990000002e-05,0.0051991209,8.726876680000001e-07,2.78814925e-05,-0.011456288799999983,39.3214636333,0.0043850433920299995,-0.0037226335900000006,-0.004125004769999999,8.502508630000001e-07,1.3922321599999998e-05
355,1679213400,0.234200286,0.23422726200000002,-0.00483634262,-1.22925737,0.8940272949999999,0.41907723399999997,0.7292472520000001,0.662120209,0.018172439670000002,0.148195587,2.72387243e-05,3.17575037e-07,3.042842913e-07,6.14472432e-07,5.99037125e-07,7.507916994e-07,6.37780729e-06,2.9750883140000003e-06,0.11599869489999999,0.001069242314,1.99960834e-05,66.8668152,50.930271999999995,7.791105730000002e-06,6.02832783,0.007693903559999998,2.65263651,0.0002323281889,2.0346843144e-05,0.015680813,10.241176450000001,0.0002323281889,2.0346843144e-05,0.0060023998299999996,5.44574855,0.0002323281889,2.0346843144e-05,0.001257725065,4.745193629999999,0.0002323281889,2.0346843144e-05,0.00519946721,1.84260025e-06,2.8809387400000003e-05,-0.13039894103,30.597134049299996,0.006245826358999999,-0.00319122835,-0.0036102551600000004,1.5381953199999997e-06,2.243049195e-05
355,1679214000,0.30678400899999997,0.306811112,-0.00429671776,-1.33022484,0.8963898520000001,0.48093186999999993,0.7987743700000001,0.7501353850000001,0.00841828394,0.14168563309999999,2.75609841e-05,5.53999366e-07,5.492173429999999e-07,7.52541098e-07,1.0261544239999999e-06,1.3116980340000001e-06,3.4074557169999998e-06,4.632630555e-06,0.1523110062,0.0010482321900000002,2.0059605459999996e-05,66.19843610000001,50.7723656,1.020370068e-05,6.085774979999999,0.00852345562,3.22896188,0.00028106186149999996,2.4793632064e-05,0.0177868653,13.3296836,0.00028106186149999996,2.4793632064e-05,0.0059918134199999995,5.891613470000001,0.00028106186149999996,2.4793632064e-05,0.00129465491,5.19286917,0.00028106186149999996,2.4793632064e-05,0.00520281218,9.67847689e-07,2.7989179e-05,0.20708381767,50.13546089140001,0.01019551635,-0.00369335216,-0.004115240420000001,9.67950251e-07,1.723631545e-05
355,1679214600,0.32844391100000003,0.328470929,-0.00443204203,-1.3278214,0.9847425700000001,0.49613179600000007,0.823262637,0.7740236460000001,0.009846956749999998,0.1679356965,2.7479567699999998e-05,5.41246025e-07,5.396838307e-07,7.45664262e-07,1.037236749e-06,1.3098976779999998e-06,2.294961725e-06,4.791977275e-06,0.162858058,0.0013225978199999998,2.9585697000000002e-05,66.1542247,50.9725163,1.0923938200000001e-05,5.9409059,0.008687163119999999,3.39150155,0.00033077101139999997,2.9326042819999997e-05,0.018290768899999997,14.192261400000003,0.00033077101139999997,2.9326042819999997e-05,0.00608990114,6.98918735,0.00033077101139999997,2.9326042819999997e-05,0.0014202156939999999,6.30671052,0.00033077101139999997,2.9326042819999997e-05,0.00520679734,9.269766240000002e-07,2.7974369200000006e-05,0.1345919678,48.592046970000006,0.011745279744000001,-0.0037494026499999998,-0.004191477559999999,1.127726196e-06,1.82756269e-05
355,1679215200,0.303774795,0.30380174299999996,-0.006003855380000001,-1.2880496300000002,0.97424223,0.47987110299999997,0.81767496,0.764160829,0.008690917270000001,0.1537987484,2.7913793599999994e-05,1.0513319660000001e-06,1.0860288201e-06,1.370640493e-06,1.727976853e-06,2.1879955832999994e-06,3.618381030000001e-06,6.89312741e-06,0.150279571,0.00156943696,1.94813008e-05,64.1963921,51.072467800000005,1.0096099849999999e-05,6.187883359999999,0.0085106807,3.18528196,0.00023068629819999998,2.01563335e-05,0.0179018226,13.182554450000001,0.00023068629819999998,2.01563335e-05,0.00605890635,5.90167759,0.00023068629819999998,2.01563335e-05,0.0013766746999999998,5.179078949999999,0.00023068629819999998,2.01563335e-05,0.005195252410000001,8.52187297e-07,2.7801601299999996e-05,-0.08801182343,67.49879130999999,0.007954053206,-0.00376160252,-0.00421129368,1.07833793e-06,1.7184612399999997e-05
355,1679215800,0.49430058899999996,0.494327554,-0.006360317999999999,-1.34581577,1.1339971070000001,0.609817365,1.011218366,0.9524166199999999,0.016712491510000003,0.22986094099999996,2.7819965000000002e-05,1.021171554e-06,1.0272355379999998e-06,1.3778855789999999e-06,1.82321271e-06,2.363193913e-06,4.08193078e-06,8.187351589999998e-06,0.24576037299999998,0.00133835987,3.083033975e-05,64.9652824,50.607908200000004,1.64376588e-05,6.24845842,0.010723086699999999,5.0935802,0.0003319693785,2.9487004846e-05,0.022517955799999996,21.416289999999996,0.0003319693785,2.9487004846e-05,0.00613568532,8.211182359999999,0.0003319693785,2.9487004846e-05,0.001576982544,7.466602040000001,0.0003319693785,2.9487004846e-05,0.005194677239999999,1.1787893460000002e-06,2.81294844e-05,0.010332929029999998,47.575230865,0.006672279446000001,-0.0034289560299999994,-0.0039650229,1.0111933699999998e-06,1.60563408e-05
355,1679216400,0.642295813,0.6423226900000001,-0.00497886346,-1.41408346,1.27586394,0.711760357,1.14333491,1.08948327,0.01462488758,0.29559517199999996,2.7809857999999998e-05,1.102734095e-06,1.0861859040000002e-06,1.360773362e-06,1.978073377e-06,2.4824588699999996e-06,4.07506902e-06,8.8200691e-06,0.32012604499999997,0.000968073421,3.1970330850000005e-05,62.456181900000004,50.332524500000005,2.1365475400000002e-05,6.0361091,0.0124847384,6.68085175,0.00048484850060000006,4.343431335e-05,0.0261258021,28.062524700000004,0.00048484850060000006,4.343431335e-05,0.0063913035899999995,11.307017819999999,0.00048484850060000006,4.343431335e-05,0.00192134172,10.63068943,0.00048484850060000006,4.343431335e-05,0.00518913787,1.1761370260000003e-06,2.80706808e-05,-0.0264370232,19.879094777,0.006896776047,-0.00335405785,-0.003911438750000001,9.51905379e-07,1.56949949e-05
355,1679217000,0.28544922799999994,0.285475898,-0.00995877225,-1.1944085699999998,0.984330046,0.45641226599999996,0.801436971,0.719984463,0.0264870785,0.160106339,2.70875903e-05,4.747196755000001e-07,4.801020220999999e-07,6.79880585e-07,9.201043610000001e-07,1.1908054476e-06,2.107443876e-06,4.3452284700000005e-06,0.1410236284,0.0016693590999999996,2.10085185e-05,68.8096498,51.25069179999999,9.490545900000001e-06,6.11314677,0.00821730604,3.0158530700000004,0.0003368832635,2.98969964e-05,0.0170919816,12.439666599999999,0.0003368832635,2.98969964e-05,0.00608251265,7.06581181,0.0003368832635,2.98969964e-05,0.0014026759240000001,6.397008980000001,0.0003368832635,2.98969964e-05,0.00517247121,9.59702844e-07,2.76282981e-05,0.1710977665,65.59283335,0.010737743803599998,-0.00376544553,-0.0041990583800000005,1.2699430820000001e-06,1.84319241e-05
355,1679217600,0.181134069,0.18116098200000003,-0.006734471840000001,-1.57650946,0.712634259,0.389860361,0.573692504,0.535891362,0.006806809380000001,0.090232878,2.73073061e-05,4.418794091e-07,4.577352446e-07,6.60514741e-07,7.920586270000001e-07,1.0379204190000001e-06,1.815763751e-06,3.4692537249999993e-06,0.0882035931,0.0023356806499999997,1.8675997900000002e-05,69.3679626,52.66278520000001,6.02171731e-06,6.308158629999999,0.00686858988,1.9020987299999998,0.0001501229383,1.2864135419999998e-05,0.013691395700000001,7.73945487,0.0001501229383,1.2864135419999998e-05,0.00572690763,3.7404507750000002,0.0001501229383,1.2864135419999998e-05,0.0009379388290000001,2.989879717,0.0001501229383,1.2864135419999998e-05,0.0051914214,7.303566269999999e-07,2.7629060399999996e-05,0.0789183032,33.44203992,0.007468095859999998,-0.0039492031300000004,-0.00431193541,8.881674460000001e-07,1.4983605450000001e-05
355,1679218200,0.1028480775,0.1028751295,-0.01657736345,-1.311727935,0.5569295129999999,0.28142037000000003,0.453913857,0.41356262899999996,0.0066492985,0.05511263930000001,2.7184564000000006e-05,1.4963017140000002e-07,1.540568289e-07,2.5537871600000006e-07,3.28518293e-07,4.66618419e-07,8.917939979999999e-07,1.7923337809999998e-06,0.049260276799999995,0.00214312406,1.64557713e-05,76.36666240000001,54.589874900000005,3.41818683e-06,6.567611679999999,0.00503343287,1.084616357,0.0001521441541,1.3002493659999999e-05,0.009996084950000001,4.322698279999999,0.0001521441541,1.3002493659999999e-05,0.00572468492,3.46001771,0.0001521441541,1.3002493659999999e-05,0.000831348921,2.71692819,0.0001521441541,1.3002493659999999e-05,0.00520482696,4.48364549e-07,2.75239972e-05,-0.16731170680000002,44.69582022,0.003203792897,-0.004247437769999999,-0.00451785128,8.04615914e-07,1.428836045e-05
355,1679218800,0.317796903,0.317824127,-0.011676035060000001,-1.23753411,0.9727046830000001,0.481383664,0.829375321,0.76243577,0.01446233233,0.16252265700000001,2.77463524e-05,6.325117535e-07,6.346032678000001e-07,8.36056703e-07,1.180726707e-06,1.402029929e-06,2.607615884e-06,5.264299813e-06,0.157042981,0.0018187059700000001,2.36564666e-05,67.43408480000001,51.297911899999995,1.056725365e-05,6.22813055,0.0085870022,3.36680026,0.00027765220779999995,2.4464228799999998e-05,0.0180085249,13.86434497,0.00027765220779999995,2.4464228799999998e-05,0.00608324539,6.48341138,0.00027765220779999995,2.4464228799999998e-05,0.001378239415,5.764814784,0.00027765220779999995,2.4464228799999998e-05,0.00522205587,9.66031833e-07,2.81680227e-05,-0.0922353059,52.73573202,0.009608126882999998,-0.00374070836,-0.00419935227,1.126955366e-06,1.7588709949999998e-05
355,1679219400,0.343652465,0.343679562,-0.0103614221,-1.25136226,1.0334190349999999,0.5061307809999999,0.866088943,0.800011914,0.021062410200000003,0.183464666,2.7655155700000004e-05,6.202374955e-07,6.308362069e-07,8.27458864e-07,1.147637948e-06,1.4984881810000001e-06,2.6017025480000004e-06,5.28967996e-06,0.170289997,0.0014986817299999999,2.4359987700000003e-05,64.9911973,50.9804889,1.142959057e-05,6.0267045700000015,0.00887446473,3.51772316,0.0003228200556,2.8656087317e-05,0.018732889300000003,14.7809359,0.0003228200556,2.8656087317e-05,0.00609197449,7.279546809999999,0.0003228200556,2.8656087317e-05,0.0014353509240000002,6.55674735,0.0003228200556,2.8656087317e-05,0.00520348815,8.86179048e-07,2.78931137e-05,0.02282540447000001,67.53947174999999,0.010363006225,-0.00379203917,-0.00421437204,1.105688409e-06,1.77579066e-05
355,1679220000,0.27619524100000004,0.276222493,-0.010748878620000001,-1.20919803,0.983017493,0.4529626560000001,0.794424268,0.725759659,0.018927394849999998,0.158191055,2.77381201e-05,5.68259563e-07,5.539785425e-07,7.346098563000001e-07,9.56220004e-07,1.14365768e-06,1.97262501e-06,3.79042594e-06,0.13644616999999998,0.0016234532500000003,1.76816713e-05,67.76380110000001,51.1883131,9.187603750000002e-06,5.94191317,0.008181426149999999,2.92382525,0.0002793987118999999,2.461521634e-05,0.017045681099999998,12.042152300000001,0.0002793987118999999,2.461521634e-05,0.0060648373499999995,6.08452337,0.0002793987118999999,2.461521634e-05,0.0013329028999999998,5.336420040000001,0.0002793987118999999,2.461521634e-05,0.0052226834899999994,8.268865339999999e-07,2.8062996100000003e-05,-0.08340621760000001,37.655405259999995,0.00665232099,-0.00383197345,-0.0042539705799999996,1.084033879e-06,1.6727357700000002e-05
355,1679220600,0.260229452,0.26025653300000007,-0.0105149091,-1.2013656700000002,0.9929553090000001,0.43811802,0.772748585,0.7130842669999999,0.01414896803,0.14663749550000002,2.75849419e-05,5.89538607e-07,6.104634754500001e-07,8.617018551999999e-07,1.142338465e-06,1.5045898218000002e-06,2.637891776e-06,5.29545151e-06,0.128111268,0.00196307661,2.7130672100000003e-05,69.049965,51.55515330000001,8.649848429999999e-06,6.21275043,0.00785065532,2.73942146,0.000298979446,2.6403770599999994e-05,0.0164895456,11.241987150000002,0.000298979446,2.6403770599999994e-05,0.0061769943299999994,6.944379889999999,0.000298979446,2.6403770599999994e-05,0.00145230029,6.184281049999999,0.000298979446,2.6403770599999994e-05,0.00521628997,9.967127420000002e-07,2.8118484399999994e-05,-0.08987993139999999,36.4234503,0.00890015555,-0.00381153943,-0.00426333025,1.1948918809999999e-06,1.73633745e-05
355,1679221200,0.265093785,0.265120946,-0.012769315799999997,-1.13006026,0.9483289330000002,0.436608781,0.7902241239999999,0.721747029,0.01603504584,0.1391011305,2.75390472e-05,4.5407026200000004e-07,4.45900575e-07,6.26985633e-07,8.267824310000001e-07,1.0396252529999998e-06,1.7702647200000004e-06,3.593517560000001e-06,0.1292940542,0.0032270086600000004,1.666343325e-05,71.55845859999998,52.47416619999999,8.81729266e-06,5.806134989999999,0.007888489910000001,2.7983981,0.00019579120549999997,1.69568223e-05,0.01652491355,11.34108305,0.00019579120549999997,1.69568223e-05,0.00595021309,4.79045262,0.00019579120549999997,1.69568223e-05,0.0012311478829999999,4.00115852,0.00019579120549999997,1.69568223e-05,0.00522183267,1.224099066e-06,2.83710614e-05,0.1321834147,24.527612400000002,0.00824671228,-0.0036848400599999998,-0.0041994854,9.13672944e-07,1.4978547299999999e-05
355,1679221800,0.325373788,0.325401017,-0.010760929549999998,-1.21348271,0.996180431,0.49055068100000004,0.8621888289999999,0.802524501,0.01228885019,0.15937555499999997,2.7591903399999997e-05,4.61789582e-07,4.608974548e-07,6.65304148e-07,9.58256389e-07,1.241983659e-06,2.291246506e-06,4.836641146e-06,0.159247254,0.0034013958400000003,2.6933685899999993e-05,72.18350319999999,52.148418500000005,1.081837865e-05,6.118433520000001,0.0088723019,3.3975035599999996,0.0002618246034,2.3001639679999995e-05,0.0183936587,13.961543,0.0002618246034,2.3001639679999995e-05,0.00609063236,6.45976732,0.0002618246034,2.3001639679999995e-05,0.0014062524299999998,5.69304088,0.0002618246034,2.3001639679999995e-05,0.0052205679399999995,1.053409849e-06,2.82214262e-05,-0.012938807220000004,59.0925379,0.01110648756,-0.0037545248,-0.00420858725,1.3372264740000002e-06,1.9769168450000002e-05
355,1679222400,0.326054727,0.326081754,-0.01334169016,-1.23059794,1.021981175,0.4908331,0.853188527,0.782648896,0.017430969499999997,0.173282504,2.73905641e-05,4.327692734e-07,4.2152619870000006e-07,6.14591665e-07,8.7454491e-07,1.108115605e-06,2.026061641e-06,4.294217010000001e-06,0.16010725860000002,0.0028866712,2.32461724e-05,69.55276500000001,51.9832024,1.08449508e-05,5.95098197,0.008911207400000001,3.42948456,0.0002535897665,2.22430073e-05,0.0182989226,14.057003400000003,0.0002535897665,2.22430073e-05,0.006119776290000001,6.596154090000001,0.0002535897665,2.22430073e-05,0.00142707615,5.7783367100000005,0.0002535897665,2.22430073e-05,0.00521640373,1.124622646e-06,2.8236064e-05,0.32266379619999996,45.678858610000006,0.01058771895,-0.0036663903899999996,-0.00412368065,1.0595863840000001e-06,1.7342722550000003e-05
355,1679223000,0.597837099,0.5978642009999999,-0.00857609502,-1.30895157,1.2625885300000002,0.6743367140000001,1.14295986,1.0739952700000002,0.015480427349999997,0.270533207,2.7901207900000003e-05,1.0035966110000001e-06,1.020784802e-06,1.319180555e-06,2.015092461e-06,2.705672035e-06,4.574143147e-06,1.001792727e-05,0.2964710380000001,0.0023577346899999996,6.62759414e-05,66.42547490000001,50.816755099999995,1.9872692300000003e-05,6.23966316,0.01202975155,6.267463330000001,0.0004574692984,4.094453807e-05,0.025177284499999997,26.0521862,0.0004574692984,4.094453807e-05,0.006337325319999999,10.33830489,0.0004574692984,4.094453807e-05,0.00185224117,9.68059357,0.0004574692984,4.094453807e-05,0.00520067911,1.5753950399999998e-06,2.85321679e-05,-0.11543674210000002,13.523810680000002,0.006736396859999999,-0.0032508708400000004,-0.00376932699,1.0991651670000002e-06,1.6949505300000003e-05
355,1679223600,0.579413687,0.579440853,-0.00583867752,-1.2901037900000003,1.25223824,0.662110519,1.13534714,1.0681826500000002,0.00849133545,0.263128517,2.94063597e-05,2.459690683e-06,2.58870909e-06,3.034151826e-06,3.908872210000001e-06,4.8972511e-06,7.35456277e-06,1.4226139270000001e-05,0.28681634400000006,0.00280943024,4.033935220000001e-05,64.3779448,50.98614859999999,1.9255434900000003e-05,6.40467312,0.01185758215,6.12731214,0.000545246858,4.8934595400000003e-05,0.024845721,25.353494699999995,0.000545246858,4.8934595400000003e-05,0.00651749893,11.819292050000001,0.000545246858,4.8934595400000003e-05,0.00198943222,11.2157668,0.000545246858,4.8934595400000003e-05,0.00522557576,1.54860757e-06,2.88093354e-05,-0.013178172369999996,9.30945782,0.006751345974,-0.00322753438,-0.0037324776500000005,9.334501889999999e-07,1.5786702599999998e-05
355,1679224200,0.7919453570000001,0.791972585,-0.0052646129900000005,-1.30009957,1.5232590400000001,0.7723082480000001,1.3169652099999998,1.24136288,0.013653789759999998,0.375160171,2.9059806200000002e-05,2.090459242e-06,2.1584410334999998e-06,2.6976304655000003e-06,3.6386470140000003e-06,4.7069803849999995e-06,7.720552378e-06,1.563363198e-05,0.392733154,0.0031450583800000003,5.40212728e-05,65.0046331,50.858437599999995,2.6327808699999995e-05,6.09324506,0.013802605800000001,8.274810660000002,0.0008815768650000001,7.97435125e-05,0.0288731308,34.42968859999999,0.0008815768650000001,7.97435125e-05,0.006733535560000001,17.32999336,0.0008815768650000001,7.97435125e-05,0.00232021896,16.830269839999996,0.0008815768650000001,7.97435125e-05,0.005223301269999999,2.1640735399999995e-06,2.9305211700000003e-05,0.022897107499999996,13.689944160000001,0.01322681149,-0.00287371488,-0.0035669449099999992,1.2051691659999999e-06,1.82444072e-05
355,1679224800,0.673235964,0.6732631259999999,-0.00585898359,-1.2485005700000003,1.35146621,0.703808765,1.2232498499999997,1.14768503,0.01601684157,0.31121329000000003,2.8395462200000002e-05,1.4756156419999999e-06,1.4897199434000002e-06,1.910964173e-06,2.731551603e-06,3.5185205810000007e-06,5.785667607e-06,1.1914823209999999e-05,0.33282981200000006,0.00370453617,5.334592399999999e-05,67.3602007,51.1937418,2.2379066400000004e-05,6.20493825,0.012619419900000001,7.0056156099999995,0.000610828473,5.494234949999999e-05,0.0264631718,29.150429499999994,0.000610828473,5.494234949999999e-05,0.00648936524,12.551490080000002,0.000610828473,5.494234949999999e-05,0.00200475788,11.92300763,0.000610828473,5.494234949999999e-05,0.00521820457,1.73638501e-06,2.8915300700000002e-05,0.0508577753,20.98892257,0.008763673726,-0.00307941519,-0.00366340895,9.941077379999998e-07,1.54711989e-05
355,1679225400,0.5432781550000001,0.5433052509999999,-0.00591611227,-1.23506546,1.19201137,0.6361728950000001,1.11985917,1.0452318999999999,0.00837003985,0.23229046199999998,2.7776138799999997e-05,8.67127262e-07,9.25515026e-07,1.383931163e-06,1.8976956150000001e-06,2.4940878499999997e-06,4.37769809e-06,9.60175279e-06,0.267470531,0.00408874452,5.72651624e-05,70.3246645,51.5247072,1.80509562e-05,6.4619392300000005,0.0114287954,5.7596431,0.000587355235,5.2816757600000004e-05,0.023983625800000002,23.620509300000002,0.000587355235,5.2816757600000004e-05,0.0064553432699999995,12.189561899999998,0.000587355235,5.2816757600000004e-05,0.0019213869599999998,11.594761600000002,0.000587355235,5.2816757600000004e-05,0.00520069798,1.86627467e-06,2.8892807099999996e-05,0.035397846649999995,5.3328467646,0.0040039970040000004,-0.0030071405000000003,-0.0035181788800000002,9.85466216e-07,1.606494305e-05
355,1679226000,0.579014336,0.5790413219999999,-0.0036394649350000004,-1.37604638,1.2384003,0.6713349660000001,1.09578344,1.034019061,0.021234599249999996,0.27473909500000004,2.7845379899999996e-05,1.034055269e-06,1.252502903e-06,1.5465657079999998e-06,2.209476124e-06,2.856896697e-06,4.39302158e-06,8.93051478e-06,0.28833896900000006,0.0010935751380000002,5.1310873700000004e-05,67.073159,50.4139349,1.9254202199999998e-05,6.32125089,0.011983118599999999,6.107834240000001,0.0004687142966999999,4.194347356e-05,0.024786377499999998,25.340111999999998,0.0004687142966999999,4.194347356e-05,0.0064058779,10.91544876,0.0004687142966999999,4.194347356e-05,0.0018864840799999998,10.21686222,0.0004687142966999999,4.194347356e-05,0.005225630310000001,3.5553892899999994e-06,3.06759982e-05,0.7007534141,104.17219382260001,0.02513926248,-0.0028151803800000002,-0.00333193527,6.883664625999998e-06,8.059883424999999e-05
355,1679226600,0.5996298260000001,0.599657079,-0.001278274943,-1.39588369,1.2125620099999999,0.6845440509999999,1.1126589500000001,1.05629476,0.014634001600000002,0.26870718099999996,2.90950118e-05,2.0834162389999995e-06,2.2568290189999996e-06,2.9971649699999996e-06,3.57797404e-06,4.4993839799999996e-06,7.1423161099999996e-06,1.3985040759999999e-05,0.298937105,0.0007856415020000001,5.37021556e-05,63.15424519999999,50.3050942,1.99293973e-05,6.471604569999999,0.012119054300000001,6.238106890000001,0.000601878589,5.413126332e-05,0.025175538399999996,26.0571206,0.000601878589,5.413126332e-05,0.00641997807,12.05657037,0.000601878589,5.413126332e-05,0.0019143861800000003,11.458573000000001,0.000601878589,5.413126332e-05,0.00522716845,3.0205137700000003e-06,3.0191847600000003e-05,-0.0009407831999999963,7.272623835,0.01172551243,-0.00259649153,-0.00314699628,1.3213803639999997e-06,2.04469976e-05
355,1679227200,0.453941515,0.45396863400000004,-0.0007083320119000001,-1.3922581799999998,1.0787579299999999,0.5925713879999999,0.96711704,0.917915532,0.01056347549,0.20863211499999998,2.75112695e-05,5.473716040000001e-07,5.446515414e-07,8.52186041e-07,1.25338253e-06,1.7006259179999999e-06,3.011138248e-06,6.419918735e-06,0.226285628,0.000624293935,4.5957311700000006e-05,67.4013132,50.329407399999994,1.5093892499999997e-05,6.344041730000001,0.0104946292,4.738956030000001,0.000381257733,3.3921998400000006e-05,0.0218138265,19.7484938,0.000381257733,3.3921998400000006e-05,0.006310422959999999,8.94938568,0.000381257733,3.3921998400000006e-05,0.00173978393,8.244799740000001,0.000381257733,3.3921998400000006e-05,0.00522360875,2.20647502e-06,2.93505653e-05,0.2816907849,18.964349733,0.013002180799000002,-0.0029806420200000003,-0.0035010123399999995,1.3976167299999999e-06,2.080897895e-05
355,1679227800,0.350803549,0.350830656,0.0025545742299999995,-1.43171339,0.907340188,0.526667126,0.8413006879999999,0.803949545,0.00687746952,0.157656805,2.7549884300000003e-05,5.58518154e-07,5.588500812999999e-07,8.018940566000001e-07,1.097982931e-06,1.460897515e-06,2.52332322e-06,5.10812361e-06,0.17473425800000003,0.000624341841,3.05761177e-05,67.24787560000001,50.3807662,1.166613265e-05,6.1924572399999995,0.00943349135,3.7249221399999994,0.00034229782350000005,3.0372863700000002e-05,0.019337806500000002,15.3749786,0.00034229782350000005,3.0372863700000002e-05,0.006078403549999999,7.20870675,0.00034229782350000005,3.0372863700000002e-05,0.00142419327,6.500203510000001,0.00034229782350000005,3.0372863700000002e-05,0.005221749810000001,1.62929721e-06,2.8773359e-05,-0.17813268910000002,27.724778949999994,0.0109587566,-0.00332879715,-0.00381535206,1.1042551629999998e-06,1.774048605e-05
355,1679228400,0.36074816200000004,0.36077523,0.002014812506,-1.41618328,1.032819049,0.532512053,0.854688591,0.809124701,0.013494465100000002,0.186936221,2.78463681e-05,8.92721429e-07,9.371906231e-07,1.268193582e-06,1.629083297e-06,2.089148865e-06,3.414001495e-06,6.600580300000001e-06,0.17988155,0.00044260638499999994,3.2245938299999994e-05,65.91515749999999,50.2848609,1.199799285e-05,6.29087752,0.0094704983,3.7736109499999997,0.0002995278372,2.6541722599999997e-05,0.0195736623,15.780221200000003,0.0002995278372,2.6541722599999997e-05,0.006041157050000001,6.93609217,0.0002995278372,2.6541722599999997e-05,0.001398100623,6.207027554,0.0002995278372,2.6541722599999997e-05,0.005207334029999999,1.80219383e-06,2.8816136000000002e-05,-0.0423627321,19.71680783,0.0122989024,-0.00316973497,-0.0036800555,1.283161727e-06,1.95885865e-05
355,1679229000,0.316301333,0.31632818599999996,0.0007304819023999999,-1.30979942,0.896239879,0.489246137,0.8171499579999999,0.7736486149999999,0.00811653264,0.1439561774,2.7774416199999997e-05,1.010971712e-06,1.0744844353999999e-06,1.3506852500000001e-06,1.7433540369999997e-06,2.243537692e-06,3.4097154269999995e-06,6.54877662e-06,0.1566801076,0.001423091785,2.9004027399999996e-05,67.70225400000001,51.0289658,1.05159955e-05,6.342484979999999,0.008830134610000002,3.3514707200000005,0.00030895273300000003,2.7325991599999994e-05,0.0182408741,13.823851200000002,0.00030895273300000003,2.7325991599999994e-05,0.00614599036,7.099617790000001,0.00030895273300000003,2.7325991599999994e-05,0.00147495165,6.41004089,0.00030895273300000003,2.7325991599999994e-05,0.00519413447,1.48489894e-06,2.8431395699999998e-05,-0.02712696424999999,11.2789211998,0.0061129996290000006,-0.0032537524199999996,-0.0037122247200000007,9.226134300000001e-07,1.54045503e-05
355,1679229600,0.377798163,0.377825271,0.0014335775209999998,-1.20875434,1.0611698879999998,0.5264593200000001,0.939366183,0.861288798,0.0157791707,0.180832983,2.82150927e-05,1.244880781e-06,1.3068642100000001e-06,1.639182555e-06,2.1252382489999997e-06,2.7298792520000004e-06,4.1531630600000006e-06,7.884417047e-06,0.185470763,0.00337400114,3.2065296450000004e-05,68.868865,51.90529829999999,1.25551469e-05,6.208727349999999,0.0095082723,3.9431029000000004,0.000322165887,2.85308791e-05,0.0197634905,16.246953099999995,0.000322165887,2.85308791e-05,0.00608595808,6.93785642,0.000322165887,2.85308791e-05,0.00145361874,6.24421275,0.000322165887,2.85308791e-05,0.00520546842,1.74217287e-06,2.87772506e-05,-0.024162372300000002,20.769914604,0.01062335638,-0.00315880167,-0.0036248441200000003,1.0056526839999998e-06,1.5176398100000002e-05
355,1679230200,0.280086547,0.280113715,-0.0003085927887,-1.12471568,0.9488914530000001,0.44719475200000003,0.814787362,0.7487853560000001,0.01063611775,0.1370604105,2.76842521e-05,6.247351408e-07,6.425699827000002e-07,8.693094175000002e-07,1.1410671820000001e-06,1.4679272886e-06,2.390528044e-06,4.762850325e-06,0.13594741800000001,0.00405332067,2.99633246e-05,75.2638551,53.1562322,9.308994400000002e-06,6.3969811199999995,0.008223210210000002,2.94925158,0.00024577987,2.152631425e-05,0.0169060297,11.953585700000001,0.00024577987,2.152631425e-05,0.00606127924,6.0000781199999995,0.00024577987,2.152631425e-05,0.0013479911099999998,5.25836011,0.00024577987,2.152631425e-05,0.00522282179,1.31461079e-06,2.85496106e-05,-0.0857916154,19.097824605000003,0.00785364989,-0.0034321335300000005,-0.0038535530599999998,9.716153230000001e-07,1.630757435e-05
355,1679230800,0.444500031,0.44452720999999995,-0.00257069781,-1.17909055,1.2430504199999999,0.5675480479999999,1.0070932559999999,0.9319034440000001,0.0229945452,0.267458255,2.8417221e-05,1.4203806954999999e-06,1.4754879382e-06,1.831795116e-06,2.535416559e-06,3.3996998599999997e-06,5.0135581445999995e-06,1.3092433416e-05,0.21872538600000002,0.00345614502,3.840080455e-05,67.6324055,51.695403999999996,1.4773509500000003e-05,6.20903807,0.0103238926,4.71687352,0.00041568755399999993,3.707629079999999e-05,0.0214238964,19.185274,0.00041568755399999993,3.707629079999999e-05,0.0062996161100000005,9.229067149999999,0.00041568755399999993,3.707629079999999e-05,0.0016957693200000002,8.57198017,0.00041568755399999993,3.707629079999999e-05,0.00522543017,2.4470093599999997e-06,2.96549218e-05,-0.76077591636,91.551462807,0.012695332803,-0.0030922144799999996,-0.0035920779799999995,2.8117297290000003e-06,3.5326141800000006e-05
355,1679231400,0.5485411675,0.548568285,-0.0034450818749999996,-1.268915975,1.249069375,0.64188264,1.107877525,1.03587535,0.01694993325,0.2581037575,2.85509625e-05,1.6385022525000001e-06,1.64329018625e-06,2.038374385e-06,2.833833175e-06,3.88508665e-06,4.9795476325e-06,2.375703725e-05,0.2713305725,0.0028546873,4.3029780250000004e-05,65.37127125,51.032983,1.8245163750000002e-05,6.051018175,0.011942102999999999,6.1689549999999995,0.0004523136975,4.0428442499999994e-05,0.024262357499999998,24.24893125,0.0004523136975,4.0428442499999994e-05,0.00636211865,9.880886,0.0004523136975,4.0428442499999994e-05,0.0018111624499999998,9.2345625,0.0004523136975,4.0428442499999994e-05,0.00521000375,2.52648205e-06,2.9647232e-05,0.022496534999999998,0.38404207599999995,0.0031343255874999995,-0.0026226744250000002,-0.00320363105,8.709904750000001e-07,1.44747125e-05
355,1679233800,0.40964976,0.40965055,-0.0019859709,-1.35229415,1.0303439499999998,0.56513788,0.949341475,0.88202695,0.014397648499999999,0.185708455,1.165733e-06,3.34847895e-07,3.0859099e-07,3.97528025e-07,7.2175365e-07,9.426753199999999e-07,1.5550845e-06,3.9006199e-06,0.202260695,0.0025322855,2.3278524e-05,70.001825,51.28833,1.36256155e-05,6.07079315,0.0100560635,4.1896845,0.000156029121,1.4260170750000001e-05,0.020681278,17.5638205,0.000156029121,1.4260170750000001e-05,0.0021382056,5.6623564,0.000156029121,1.4260170750000001e-05,0.00143175895,5.5975459,0.000156029121,1.4260170750000001e-05,0.00114054307,1.09692925e-06,1.95719805e-06,0.158344465,0.254345985,0.0047654652,0.001294303975,0.000874988707,3.2416539999999996e-07,1.94833715e-06
355,1679234400,0.343145142,0.343156848,-0.00156482532217,-1.28528781,0.972517182,0.5092147290000001,0.877076757,0.819475003,0.00835877745,0.155350627,1.227617821e-05,6.88648932e-07,7.059547971e-07,9.41785774e-07,1.23961311e-06,1.6030630094e-06,2.695748536e-06,5.410131347e-06,0.16986743099999999,0.0016669306199999998,2.42930721e-05,67.8745209,50.99157269999999,1.14123526e-05,5.98860478,0.0091926062,3.6162542799999997,0.00029484541289999996,2.657225287e-05,0.019093459700000003,14.989434549999999,0.00029484541289999996,2.657225287e-05,0.00429834574,6.338154867000001,0.00029484541289999996,2.657225287e-05,0.00144808932,6.06408684,0.00029484541289999996,2.657225287e-05,0.00338242866,9.93814166e-07,1.27293501e-05,-0.02453690433,13.103929894000004,0.004676318739000001,-0.0017976390209999999,-0.00221806831,6.245132999999999e-07,8.2110309e-06
355,1679235000,0.4349626489999999,0.43498144200000005,-0.0010036134604,-1.2797462999999998,1.0678826300000002,0.569552625,0.9782548440000001,0.9085402349999999,0.013239686740000001,0.197270352,1.96781947e-05,1.0031619070000002e-06,1.0071580389000001e-06,1.281020692e-06,1.7321182979999996e-06,2.1648113569999996e-06,3.4857300489999996e-06,6.818136139999999e-06,0.21583628200000002,0.0016013691899999997,2.5250507000000004e-05,66.65708,50.821962,1.4464351099999997e-05,5.9685178699999994,0.0101548067,4.54823848,0.000319208642,2.8546515e-05,0.0212562756,18.9521111,0.000319208642,2.8546515e-05,0.00529339633,7.4065775500000015,0.000319208642,2.8546515e-05,0.0015460714699999998,6.890992174,0.000319208642,2.8546515e-05,0.004340302329999999,1.089994745e-06,1.9917796199999996e-05,0.10475921719999999,13.3148664,0.005442417473000001,-0.0026659854,-0.00311602778,7.11839811e-07,1.146011195e-05
355,1679235600,0.348801554,0.348823296,-0.00295569147,-1.28355137,1.061507421,0.513562329,0.8785768169999999,0.823825144,0.00890598284,0.19797719360000002,2.25883874e-05,9.794205966e-07,1.0115136112e-06,1.2788078870000003e-06,1.726147265e-06,2.407914426e-06,3.4889748109999998e-06,2.8194539544e-05,0.17276760100000002,0.0015539495600000001,3.92319402e-05,66.2902615,50.9452826,1.1596111099999999e-05,6.04551855,0.00950111005,4.02096004,0.0002301565272,2.0332110365e-05,0.019139230299999997,15.082455349999998,0.0002301565272,2.0332110365e-05,0.00544094111,5.415239680000001,0.0002301565272,2.0332110365e-05,0.001328716334,4.80370815,0.0002301565272,2.0332110365e-05,0.0046750106399999995,2.022240827e-06,2.37886876e-05,0.021135916129999988,98.70527430519999,0.013458339852000002,-0.00266698278,-0.0031483238000000005,2.11098329e-06,2.6924140799999998e-05
355,1679236200,0.40261008800000003,0.402633464,-0.00348433638,-1.32149,1.05010705,0.554752394,0.9365535960000001,0.8843519900000001,0.0052188638,0.18041124800000002,2.4208880499999998e-05,9.76131113e-07,9.950316410000001e-07,1.289211439e-06,1.7853725519999998e-06,2.558345983e-06,3.5224389990000005e-06,4.05392783e-05,0.199842433,0.0013539269299999998,5.61177956e-05,67.71402470000001,50.7272771,1.3386843549999998e-05,6.24478934,0.01032203335,4.68648911,0.0003858713396,3.4488914e-05,0.020568642800000002,17.332081499999997,0.0003858713396,3.4488914e-05,0.005832466640000001,8.00853332,0.0003858713396,3.4488914e-05,0.0016005654000000001,7.43374388,0.0003858713396,3.4488914e-05,0.00483805501,2.3520807400000003e-06,2.5731360600000003e-05,-0.01930453312,3.0679061079,0.004604620578999999,-0.00233418343,-0.0028979245299999997,9.00364696e-07,1.40310304e-05
355,1679236800,0.345195323,0.345219901,-0.00291513142,-1.28943593,0.9636669140000003,0.510729847,0.8751267159999999,0.818950016,0.00705797836,0.152488225,2.55043984e-05,1.042250921e-06,1.0953238941e-06,1.373308942e-06,1.7784767710000001e-06,2.51411796e-06,3.369061804e-06,2.5391750260000002e-05,0.171053262,0.0014637398799999999,4.3041701399999994e-05,66.9631153,50.8920561,1.1475275049999999e-05,6.20747786,0.00938250015,3.89449603,0.00024001418409999998,2.1130660235000002e-05,0.019058708299999998,14.9290838,0.00024001418409999998,2.1130660235000002e-05,0.00568526418,5.40000462,0.00024001418409999998,2.1130660235000002e-05,0.0012765813339999997,4.7398567499999995,0.00024001418409999998,2.1130660235000002e-05,0.0049536617100000005,1.91681795e-06,2.64403262e-05,-0.004833525399999999,1.244155816,0.003103062583,-0.00271636803,-0.00321542317,7.921111619999998e-07,1.3484276149999997e-05
355,1679237400,0.348178289,0.348203369,-0.00364918783,-1.3091586100000001,0.988905187,0.515104346,0.8773017729999999,0.824237667,0.00440302621,0.156117036,2.55549728e-05,6.04936262e-07,6.207522479999998e-07,8.9018198e-07,1.240852746e-06,1.7664095559999999e-06,2.875996845e-06,5.849232970000001e-06,0.17275170599999998,0.0012843710099999998,3.8685218700000004e-05,69.088653,50.79543819999999,1.157574465e-05,6.42424475,0.00910483555,3.59541873,0.000306758377,2.7179781599999998e-05,0.0191371442,15.03023275,0.000306758377,2.7179781599999998e-05,0.0059650026600000005,7.004594080000001,0.000306758377,2.7179781599999998e-05,0.00151784781,6.34282956,0.000306758377,2.7179781599999998e-05,0.00501173379,1.6810018599999998e-06,2.67690498e-05,0.03364468442,4.4814412049999985,0.006395950991,-0.0029407855,-0.00340888469,9.26257435e-07,1.51871475e-05
355,1679238000,0.323205838,0.323231323,-0.00337320647,-1.29770798,0.924515731,0.495427678,0.8482759,0.795549274,0.00428594462,0.143676949,2.58593136e-05,4.809689256e-07,4.76458243e-07,6.714471835e-07,9.22092616e-07,1.279087222e-06,1.98089812e-06,4.018178407e-06,0.160292304,0.0012709897,2.9150012399999996e-05,69.2221646,50.80645749999999,1.0751034950000001e-05,6.01463993,0.008912988200000001,3.43648081,0.00025040265520000004,2.2040538617e-05,0.018575207700000002,14.171259449999999,0.00025040265520000004,2.2040538617e-05,0.005814916799999999,5.49884513,0.00025040265520000004,2.2040538617e-05,0.0012865169399999998,4.8365211,0.00025040265520000004,2.2040538617e-05,0.005057248759999999,1.44450834e-06,2.69948082e-05,0.07262831038999999,14.7466755658,0.005652745245,-0.0031502741699999995,-0.0035865730900000005,9.468051019999999e-07,1.602907425e-05
355,1679238600,0.366275509,0.366301411,-0.0033902848700000003,-1.27608634,1.016993535,0.52315312,0.897927382,0.832900432,0.01410353664,0.178130943,2.6768859699999996e-05,9.875438180000002e-07,1.024569158e-06,1.2917694429999999e-06,1.701315738e-06,2.225906899e-06,3.477493907e-06,6.712126320000001e-06,0.181641839,0.0014463342,3.1263439799999996e-05,66.73601140000001,50.86859699999999,1.2177916350000002e-05,6.21892429,0.00927490875,3.8009507500000006,0.000313269008,2.77452795e-05,0.0194660083,15.8471384,0.000313269008,2.77452795e-05,0.006018670039999999,6.933106189999999,0.000313269008,2.77452795e-05,0.0014937434999999998,6.286414109999999,0.000313269008,2.77452795e-05,0.005092198819999999,1.4745408e-06,2.73713895e-05,0.045743036400000006,9.084612163,0.005363293951,-0.00314844084,-0.0036279623300000006,9.1717294e-07,1.4648270650000002e-05
355,1679239200,0.308129388,0.308155689,-0.0026534121799999997,-1.3131592,0.8749767179999999,0.48448975899999996,0.8222501049999998,0.772523591,0.00467791184,0.1310662449,2.67498331e-05,5.349892994e-07,5.427582105e-07,7.53407141e-07,9.91386493e-07,1.3498407240000001e-06,2.0157324709999998e-06,3.984875183e-06,0.15282390800000004,0.0012048098129999998,2.52765662e-05,68.9688322,50.8179409,1.024894705e-05,6.08191933,0.0086630786,3.2501694400000005,0.00029878998399999996,2.6408831899999996e-05,0.0180808118,13.4405406,0.00029878998399999996,2.6408831899999996e-05,0.00609355808,6.9537300800000015,0.00029878998399999996,2.6408831899999996e-05,0.0014791468,6.26204079,0.00029878998399999996,2.6408831899999996e-05,0.00513358556,1.434147e-06,2.7765859800000002e-05,-0.032127518280599995,4.6750813475,0.0037899608286000004,-0.00320617058,-0.00367224933,8.445522409999999e-07,1.4058490949999999e-05
355,1679239800,0.511955314,0.5119818420000001,-0.0007194035026,-1.55388707,1.038331687,0.650258407,0.968204561,0.935316051,0.00556882509,0.219839685,2.76406031e-05,1.264475231e-06,1.2885831793e-06,1.605550938e-06,2.14191249e-06,2.85521714e-06,4.1429689800000005e-06,8.07903704e-06,0.254819201,0.001100577035,3.5348918800000005e-05,65.2558812,50.4870791,1.70319893e-05,6.10733756,0.011165955850000001,5.23224933,0.00043409273450000006,3.883127613e-05,0.023215281100000002,22.0947912,0.00043409273450000006,3.883127613e-05,0.006193499159999999,9.411299755,0.00043409273450000006,3.883127613e-05,0.0017137152500000003,8.819184627999999,0.00043409273450000006,3.883127613e-05,0.0051445302200000004,1.7607368599999998e-06,2.82093115e-05,0.05311464276,3.7785954145000007,0.004023598272999999,-0.0029889262800000004,-0.00348894936,9.465684099999999e-07,1.55643724e-05
355,1679240400,0.553777815,0.553804234,0.00023643738299999997,-1.5466319499999999,1.07579536,0.674866705,1.0124934200000002,0.978029864,0.004978720420000001,0.23428300900000001,2.7198822299999996e-05,9.22230898e-07,9.53090652e-07,1.3232179400000002e-06,1.9103405150000003e-06,2.783868882e-06,4.366950806e-06,9.18462509e-06,0.275811874,0.001000499694,5.425218840000001e-05,66.09911430000001,50.4123264,1.84137491e-05,6.291503799999999,0.011657224249999999,5.70706117,0.00024230657979999997,2.124230203e-05,0.0242095111,24.0153603,0.00024230657979999997,2.124230203e-05,0.00607605221,7.65896374,0.00024230657979999997,2.124230203e-05,0.0016053907100000001,6.80102347,0.00024230657979999997,2.124230203e-05,0.00516196931,2.27395759e-06,2.87878809e-05,-0.041773271359999996,14.493220119999998,0.00975518174,-0.0028470192900000003,-0.00338411214,1.372469142e-06,2.00555052e-05
355,1679241000,0.65149101,0.651517589,0.0003367647729,-1.51542408,1.20236173,0.725207107,1.114084027,1.055469751,0.013129154059999999,0.29155280699999997,2.7699306700000002e-05,1.3101935209999999e-06,1.3123790560000002e-06,1.6385233129999998e-06,2.3346016770000005e-06,3.1091121200000004e-06,4.765739166e-06,9.84912105e-06,0.324437843,0.00123567476,4.65090732e-05,64.21026069999999,50.42915849999999,2.16663698e-05,6.054442419999999,0.0125729466,6.76034691,0.00045461864150000004,4.0705975979999994e-05,0.026123596199999998,28.384152900000004,0.00045461864150000004,4.0705975979999994e-05,0.006215620169999999,10.431463319999999,0.00045461864150000004,4.0705975979999994e-05,0.0017743544999999999,9.744038257,0.00045461864150000004,4.0705975979999994e-05,0.00516255506,1.94478691e-06,2.8561635e-05,0.00733028436,6.5898018695000005,0.0074819962394,-0.00290715104,-0.00342687833,8.77545828e-07,1.577307365e-05
355,1679241600,0.501835103,0.501862008,0.0006765407501099999,-1.37525811,1.05359467,0.590484069,0.932578471,0.857913717,0.01583396843,0.23179863989999996,2.80820969e-05,1.341271227e-06,1.3665651619999998e-06,1.6813288179999994e-06,2.25950704e-06,2.879192786e-06,4.535695376000001e-06,8.56034628e-06,0.24945746819999998,0.00139875822,3.7429842999999996e-05,68.378866,51.237294799999994,1.6689782650000004e-05,6.373073380000001,0.010183471150000001,5.1750571700000005,0.0005020671876,4.503431802e-05,0.0212056914,21.71292063,0.0005020671876,4.503431802e-05,0.00622328427,10.32143536,0.0005020671876,4.503431802e-05,0.0016536132749999997,9.71286403,0.0005020671876,4.503431802e-05,0.0051813117,1.5613804940000002e-06,2.8355653599999998e-05,0.029230756200000003,16.564351743,0.007225102197000001,-0.0032974722400000004,-0.0037597383500000007,1.01112638e-06,1.6397110899999998e-05
355,1679242200,0.279070449,0.27909728,0.0006552878592,-1.44766853,0.8793268550000001,0.45652657299999994,0.727559726,0.670182956,0.02033780436,0.1496184194,2.7053675899999998e-05,2.88057349e-07,2.82987527e-07,4.27114959e-07,5.862555043999999e-07,7.275853350000001e-07,1.2437291660000002e-06,2.5759464700000004e-06,0.1381179145,0.00138273076,2.76902341e-05,71.8739365,51.380794,9.285002949999999e-06,6.115687029999999,0.007886851220000001,2.9322294799999997,0.0001080759376,9.026613020000001e-06,0.016359461800000002,12.10444862,0.0001080759376,9.026613020000001e-06,0.00573684818,3.4134743299999997,0.0001080759376,9.026613020000001e-06,0.001041099002,2.614654526,0.0001080759376,9.026613020000001e-06,0.00518567708,1.4094738760000001e-06,2.8242488e-05,0.040469756440000004,14.627033842999998,0.007090687979999999,-0.00335350247,-0.0037824941199999995,1.030217103e-06,1.5896134999999998e-05
355,1679242800,0.15945850310000004,0.1594850561,-0.0016282778790300003,-1.08971996,0.8078496530000001,0.319528621,0.561467154,0.5125281480000001,0.015157397299999997,0.1374511715,2.66704695e-05,1.7803512699999998e-07,2.05415471e-07,4.4131397200000003e-07,4.8247878e-07,7.527808990000001e-07,8.684732779999999e-06,3.511925545e-06,0.0780683199,0.0016079685299999996,3.85192574e-05,76.22205939999999,53.88118320000001,5.29796877e-06,6.6976355,0.00608510156,1.9497005119999997,0.0001352615799,1.1634738376e-05,0.011732069959999997,6.855718639999999,0.0001352615799,1.1634738376e-05,0.00566105051,3.57305663,0.0001352615799,1.1634738376e-05,0.000898607429,2.8295311429999996,0.0001352615799,1.1634738376e-05,0.00517922721,2.7066350800000003e-06,2.93052592e-05,0.44045757319999995,60.407023204999994,0.020091944780000003,-0.00293042196,-0.0034362087799999995,3.4086945939999993e-06,4.20024967e-05
355,1679243400,0.1879916299,0.1880181684,-0.00177338168,-1.2038625200000002,0.7544480359999999,0.369540121,0.65709507,0.610481131,0.00528772575,0.0863406582,2.69096565e-05,4.31567363e-07,4.5553684499999995e-07,7.681981659999998e-07,8.292363650000001e-07,1.1017123479999999e-06,8.09190812e-06,4.48537816e-06,0.0923686514,0.0015822199800000001,2.8304965199999995e-05,71.9481271,51.7824108,6.2482509e-06,6.582024819999999,0.006891783400000001,2.1391178500000003,0.0001716583326,1.4773425590000001e-05,0.013951028199999998,8.093073610000001,0.0001716583326,1.4773425590000001e-05,0.0058056602,3.9981097400000003,0.0001716583326,1.4773425590000001e-05,0.001084443436,3.24522811,0.0001716583326,1.4773425590000001e-05,0.00515313259,1.7999154600000003e-06,2.8333201099999996e-05,0.0315155067,1.4432314931,0.003799980749,-0.00297854229,-0.0034775594900000005,8.42460311e-07,1.43223644e-05
355,1679244000,0.1137465572,0.1137732695,-0.002041765182,-1.3839413500000002,0.6238315570000001,0.298992967,0.482639732,0.45248881700000004,0.0044239988000000004,0.0631194821,2.68545306e-05,1.729866815e-07,1.909316083e-07,4.3625367799999995e-07,3.94523243e-07,5.59155952e-07,6.91380043e-06,3.0292418099999996e-06,0.055979271200000014,0.000861877388,2.0282913499999995e-05,72.844243,51.541244400000004,3.7816755799999997e-06,6.69862449,0.00554629645,1.37213007,0.0001302010372,1.1065529743000002e-05,0.0109135415,4.9079655099999995,0.0001302010372,1.1065529743000002e-05,0.00572144957,3.25451302,0.0001302010372,1.1065529743000002e-05,0.000906948319,2.471937628,0.0001302010372,1.1065529743000002e-05,0.00517108776,1.6514378599999999e-06,2.8351389100000003e-05,-0.02703122134,11.05328177,0.007637243362,-0.0031454259800000003,-0.00360039434,9.85308607e-07,1.5889014100000003e-05
355,1679244600,0.11227651870000002,0.11230332899999998,-0.0004825849811,-1.29326579,0.610668639,0.29820726700000005,0.44510108,0.414012633,0.007377164780000001,0.0707087305,2.70404618e-05,2.698234078e-07,2.981934145e-07,5.406437050000001e-07,5.64075327e-07,7.83249763e-07,6.47775943e-06,3.40791697e-06,0.0554774782,0.000627869816,2.03361939e-05,70.6309775,51.3596108,3.7314471799999996e-06,6.77472549,0.0053890778,1.3649168,9.084356705e-05,7.53145457e-06,0.01062030035,4.912925994,9.084356705e-05,7.53145457e-06,0.00562175917,2.67900444,9.084356705e-05,7.53145457e-06,0.0007869296640000001,1.9243573830000003,9.084356705e-05,7.53145457e-06,0.00517799712,1.5602937339999998e-06,2.8353665699999995e-05,0.01615114879,3.801696226,0.003707039744,-0.00317950911,-0.0036192109099999993,9.233205590000001e-07,1.545866825e-05
355,1679245200,0.0427931166,0.0428198889,-0.0063519042199999985,1.5742536610000002,0.545304155,0.17080034399999997,0.25369524,0.238244766,0.013088069946,0.09940599902000001,2.6868807299999997e-05,1.302618112e-07,1.9606786230000002e-07,3.682452305e-07,5.46726769e-07,1.061112892e-06,1.6904042989999998e-06,2.694801057e-06,0.02097750754,0.00039342695099999994,1.8786292900000003e-05,75.4849054,52.51251620000001,1.419404698e-06,6.99985124,0.00309339533,0.553992373,5.63369144e-05,4.358464874000001e-06,0.00612416999,1.8493946700000001,5.63369144e-05,4.358464874000001e-06,0.00544622088,1.6791516400000002,5.63369144e-05,4.358464874000001e-06,0.000508337608,0.9025421289999999,5.63369144e-05,4.358464874000001e-06,0.005205586890000001,3.096325341e-06,2.98980813e-05,-0.17242228327000003,89.20760761999999,0.022714669987999998,-0.00378734425,-0.00411115106,5.158701416e-06,4.308873470000001e-05
355,1679245800,0.0609564254,0.06098334460000001,-0.002520267877,-1.64639706,0.41135005500000005,0.22821442000000003,0.31362207999999997,0.30368425999999993,0.00150233201,0.030143128300000006,2.69841852e-05,7.7166959e-08,8.74434484e-08,2.1655946e-07,1.935501676e-07,3.2480782799999996e-07,6.606077869999998e-07,1.001067057e-06,0.030117406000000003,0.00034368284500000003,1.44516642e-05,73.9804585,51.1649278,2.02712532e-06,6.568442360000001,0.00399292364,0.6557477190000001,4.78985833e-05,3.6196410499999997e-06,0.00802239112,2.64781855,4.78985833e-05,3.6196410499999997e-06,0.00548317104,1.6530748549999998,4.78985833e-05,3.6196410499999997e-06,0.000569261738,0.8516374650000001,4.78985833e-05,3.6196410499999997e-06,0.005190585159999999,7.730238780000002e-07,2.76989392e-05,0.0003743254399999896,17.744035137,0.003896370412,-0.00382042349,-0.00419935345,8.590491740000001e-07,1.455735475e-05
355,1679246400,0.0321058845,0.0321327718,-0.011388394069999998,-1.3035986139999998,0.41067503099999997,0.156747951,0.25110765900000004,0.23145706700000002,0.001975375223,0.020175985100000002,2.6992028900000003e-05,1.0999513879999998e-07,1.263086413e-07,2.2512860799999998e-07,2.5072303799999997e-07,3.73325841e-07,5.650951420000001e-07,9.01097665e-07,0.01565214925,0.00038376867600000005,1.4257358299999998e-05,77.1913267,52.64539080000001,1.06711033e-06,6.97881162,0.0028748224600000003,0.359703559,5.0323939e-05,3.876800105000001e-06,0.00569811541,1.377131813,5.0323939e-05,3.876800105000001e-06,0.005462153240000001,1.659603902,5.0323939e-05,3.876800105000001e-06,0.000504347561,0.8662017756000001,5.0323939e-05,3.876800105000001e-06,0.005188348940000001,7.8675016e-07,2.7666663099999998e-05,0.11384285729999999,31.725009926999995,0.005924309192999999,-0.00386620384,-0.004189967419999999,9.210481410000002e-07,1.51649886e-05
355,1679247000,0.060939402100000005,0.0609664412,-0.0008300754240000001,-1.6901346099999999,0.36792373899999997,0.22828528,0.305409329,0.29554652600000003,0.0018061817799999997,0.029289276200000002,2.7117632099999995e-05,8.73755328e-08,1.049037785e-07,2.309738016e-07,2.65799707e-07,3.93883067e-07,6.487159409999999e-07,1.170782993e-06,0.029944567299999995,0.00050678224,1.5281990699999998e-05,74.3443325,51.7732318,2.02577607e-06,6.667489490000001,0.0039669151,0.657433967,2.7811477050000006e-05,1.98677197e-06,0.00795395064,2.6365910599999998,2.7811477050000006e-05,1.98677197e-06,0.00543626711,1.4805363360000001,2.7811477050000006e-05,1.98677197e-06,0.000494636342,0.6640419270000001,2.7811477050000006e-05,1.98677197e-06,0.0052037206199999995,8.43937092e-07,2.7907912800000003e-05,0.11031411044700001,6.573773818999999,0.0020537519602999996,-0.0037814467900000003,-0.0041210477600000005,8.75418829e-07,1.4640181899999998e-05
355,1679247600,0.067614765,0.0676419177,-0.000611047043,-1.68818552,0.444651085,0.24187219000000004,0.322959863,0.31369707,0.0018408362099999998,0.034090545099999994,2.73185327e-05,1.800004411e-07,1.9048612829999998e-07,3.08525412e-07,3.6059511200000004e-07,5.35694471e-07,8.13542272e-07,1.372463135e-06,0.03327551720000001,0.0005138376639999999,1.399219905e-05,73.0063614,51.548870799999996,2.2476785000000005e-06,6.56741049,0.00419633569,0.7250783519999999,7.111273669999999e-05,5.728362687e-06,0.008426957350000002,2.92066518,7.111273669999999e-05,5.728362687e-06,0.00552338643,1.9838941270000003,7.111273669999999e-05,5.728362687e-06,0.000587881815,1.1903007675,7.111273669999999e-05,5.728362687e-06,0.0052126965899999995,8.25251399e-07,2.7980134400000003e-05,-0.008513860299999999,8.2223563451,0.00323269111,-0.00376822953,-0.004111077230000001,7.978813980000001e-07,1.36560059e-05
355,1679248200,0.06743094359999999,0.06745783600000001,-0.0009327305380299999,-1.68970725,0.3937620249999999,0.24177104199999996,0.323072356,0.313097059,0.0017802065850000004,0.0320087738,2.7081178599999997e-05,2.033131294e-07,2.320434408e-07,3.554171549e-07,3.9759526999999995e-07,5.502623636e-07,8.158709674e-07,1.317784973e-06,0.03316041460000001,0.000537680094,1.3190129450000001e-05,74.1809964,51.615546300000005,2.2424475500000002e-06,6.543760740000001,0.00421120752,0.734830834,8.401338419999999e-05,6.894278027000001e-06,0.0084385563,2.9305982299999997,8.401338419999999e-05,6.894278027000001e-06,0.00554809186,2.2332580789999996,8.401338419999999e-05,6.894278027000001e-06,0.0006395629310000002,1.461412608,8.401338419999999e-05,6.894278027000001e-06,0.005191796480000001,9.68599407e-07,2.78900869e-05,0.16544702202,18.4663875117,0.004112948249,-0.00366480627,-0.00401111985,8.899919619999999e-07,1.49182438e-05
355,1679248800,0.0723987915,0.0724255824,-0.000755380887,-1.60456401,0.501315309,0.24923472000000002,0.33147261199999994,0.31617214699999996,0.00515404717,0.04595926339999999,2.6958888300000002e-05,1.852775162e-07,2.1561360819999999e-07,3.52652423e-07,4.07639395e-07,5.6532403e-07,8.97314352e-07,1.51620879e-06,0.035586818099999994,0.000594127663,1.4060805550000002e-05,73.72986359999997,51.6660584,2.40656559e-06,6.73207524,0.00433872814,0.790311929,6.140274515e-05,4.927300172e-06,0.0086838269,3.14175518,6.140274515e-05,4.927300172e-06,0.0055030539699999995,1.9984059499999998,6.140274515e-05,4.927300172e-06,0.000610891746,1.2068945816999999,6.140274515e-05,4.927300172e-06,0.005184092349999999,1.0878733310000001e-06,2.7911493099999998e-05,0.17516848857,34.760795175,0.00922875057,-0.0036164437700000004,-0.0039623045199999995,9.89682252e-07,1.6361543450000002e-05
355,1679249400,0.0854316272,0.0854581743,-0.001478993824,-1.67708113,0.49779019699999993,0.271437067,0.364961139,0.35318578200000006,0.00249847693,0.045885125900000004,2.68161294e-05,2.964603366e-07,3.227923758e-07,4.7265165400000006e-07,5.394036490000001e-07,7.43866565e-07,1.1531131370000001e-06,1.918091467e-06,0.0420527625,0.0006443856570000001,1.28624698e-05,71.0470959,51.524330500000005,2.8402367400000002e-06,6.546527,0.00472422942,0.923394168,6.329526009999999e-05,5.034070694999999e-06,0.009484559449999999,3.70359846,6.329526009999999e-05,5.034070694999999e-06,0.00549366347,1.9961620970000002,6.329526009999999e-05,5.034070694999999e-06,0.0006418852169999999,1.2025508186,6.329526009999999e-05,5.034070694999999e-06,0.0051532978,9.740477100000002e-07,2.7497398400000006e-05,-0.020440407480000006,29.361482466000005,0.0067594744306,-0.0036456559999999997,-0.00400078344,9.33117901e-07,1.5202487549999997e-05
355,1679250000,0.085129487,0.0851561754,-0.0013726156740000001,-1.6467005499999998,0.503190359,0.269816272,0.370548807,0.358810953,0.00221528363,0.043774518299999995,2.6876683099999998e-05,2.075564434e-07,2.3541594260000002e-07,3.4767359999999997e-07,4.07101287e-07,5.570302069999999e-07,9.100989710000001e-07,1.562604423e-06,0.0421368148,0.000410195453,1.32936839e-05,70.9040536,50.975200799999996,2.8306393000000003e-06,6.56699883,0.0047286785799999995,0.9185354800000001,9.877071990000001e-05,8.214383807e-06,0.009509073600000001,3.71719743,9.877071990000001e-05,8.214383807e-06,0.00557359719,2.47252712,9.877071990000001e-05,8.214383807e-06,0.000714378308,1.7051342464,9.877071990000001e-05,8.214383807e-06,0.00516975466,9.19930148e-07,2.76147842e-05,-0.09659132687000001,26.484047899,0.006490858962000001,-0.0037078332299999997,-0.004031052219999999,9.285424309999997e-07,1.622535055e-05
355,1679250600,0.0756751118,0.0757018374,-0.0014464673200000001,-1.66026663,0.460701573,0.254499034,0.34658557599999995,0.33552274,0.00225449842,0.0396218782,2.69044158e-05,1.9815689549999998e-07,2.16969815e-07,3.5991600700000003e-07,3.9840656000000005e-07,5.571243230000001e-07,9.06417068e-07,1.403681355e-06,0.037407726700000005,0.000413316671,1.21770485e-05,71.15845499999999,51.1135742,2.5168003e-06,6.476342120000001,0.00444788973,0.822346604,3.56252533e-05,2.572889957e-06,0.008945656550000002,3.2992070300000003,3.56252533e-05,2.572889957e-06,0.00543543099,1.53842999,3.56252533e-05,2.572889957e-06,0.000547894584,0.7220745144,3.56252533e-05,2.572889957e-06,0.00517810581,9.809968949999999e-07,2.7766143199999996e-05,-0.021885264240000007,20.254855839000005,0.004784803673,-0.00368312068,-0.00402392493,9.935323430000002e-07,1.6174505250000002e-05
355,1679251200,0.13906747800000002,0.1390944815,-0.0021470377,-1.36422914,0.652407409,0.32370823499999996,0.530378692,0.501915315,0.0032677338,0.0681952277,2.7500643299999995e-05,5.457683632e-07,5.791011717e-07,7.5193814e-07,9.265038959999999e-07,1.229274077e-06,1.7823851079999998e-06,3.08011389e-06,0.0689644348,0.0005456698310000001,1.4215413800000001e-05,68.0766923,50.8880397,4.6236265700000005e-06,6.467043309999999,0.00581851865,1.486086146,0.0001439359983,1.2272341175999999e-05,0.012004922999999999,6.08009226,0.0001439359983,1.2272341175999999e-05,0.005758218349999999,3.4025496599999996,0.0001439359983,1.2272341175999999e-05,0.0009312879700000001,2.668102803,0.0001439359983,1.2272341175999999e-05,0.00519533202,1.1409817039999999e-06,2.8100266800000003e-05,0.047201601900000015,16.047850886,0.007157831626000001,-0.00353592349,-0.0039136728,9.504587359999999e-07,1.58939847e-05
355,1679251800,0.0985009284,0.0985275794,-0.001603061393,-1.5188426800000001,0.503415374,0.278441859,0.417500247,0.393499511,0.00325886409,0.04707609650000001,2.6763422100000004e-05,1.46663082e-07,1.7583009000000002e-07,3.1905946000000005e-07,3.91918193e-07,6.036915319999999e-07,1.002877388e-06,1.915959171e-06,0.048759766600000004,0.000466582398,1.938395725e-05,72.976001,51.054463600000005,3.2733183300000003e-06,6.68616537,0.004933679830000001,1.0661157280000002,7.462854665e-05,6.063236936e-06,0.01002715535,4.29734438,7.462854665e-05,6.063236936e-06,0.00557919574,2.399381407,7.462854665e-05,6.063236936e-06,0.0007384809169999999,1.611914859,7.462854665e-05,6.063236936e-06,0.00517069531,1.124722742e-06,2.7816813400000003e-05,0.016429218000000016,31.601890292999997,0.008685674195,-0.00355697986,-0.00390830465,1.028583266e-06,1.7663769500000005e-05
355,1679252400,0.0720691917,0.0720962221,-0.0010093978274,-1.65611596,0.45012624799999995,0.24850345599999998,0.33972287,0.32873503400000004,0.00197554412,0.0382934702,2.7256726099999995e-05,2.493792702e-07,2.8404408319999997e-07,4.162742739999999e-07,4.87542497e-07,6.649870879999999e-07,1.013606022e-06,1.7023042500000002e-06,0.0356561021,0.000357884358,1.5356947549999998e-05,71.0012474,51.0158416,2.39555221e-06,6.756092390000001,0.00434124963,0.780402005,9.508675320000001e-05,7.940764374e-06,0.008737012800000001,3.1372795500000006,9.508675320000001e-05,7.940764374e-06,0.005561526590000001,2.33013067,9.508675320000001e-05,7.940764374e-06,0.000659280211,1.5656343079,9.508675320000001e-05,7.940764374e-06,0.00520119128,1.05321747e-06,2.80722528e-05,-0.020976956619999994,22.825964662100002,0.006042723932699999,-0.00361547205,-0.00397585913,9.66337286e-07,1.5779852899999998e-05
355,1679253000,0.075315227,0.07534212139999999,-0.001381763836,-1.6600950700000001,0.506340462,0.25393593099999995,0.34684808600000006,0.335822754,0.0020452477299999997,0.039036248700000005,2.70382514e-05,1.5756942990000003e-07,1.7936487600000002e-07,2.9562956560000004e-07,3.447842436e-07,5.63169953e-07,8.63128929e-07,1.5348881859999998e-06,0.0372335075,0.00040541142,1.4576688549999998e-05,73.0876906,51.0939515,2.50464463e-06,6.594748469999999,0.004455469870000001,0.827795083,5.1820880549999996e-05,4.0777421649999995e-06,0.008939998,3.29321059,5.1820880549999996e-05,4.0777421649999995e-06,0.00551778874,1.88197629,5.1820880549999996e-05,4.0777421649999995e-06,0.0006158063259999999,1.0942155155,5.1820880549999996e-05,4.0777421649999995e-06,0.00519252444,1.0077477499999999e-06,2.7925363499999992e-05,0.20401290097999997,34.539697934,0.007457835424999999,-0.0036611491199999998,-0.004032843919999999,8.676311229999998e-07,1.4898059900000001e-05
355,1679253600,0.06980892860000001,0.0698360088,-0.001096577405,-1.65327096,0.404599845,0.244411765,0.336347769,0.32464741100000005,0.00179992641,0.031673814,2.7254699900000004e-05,1.935339682e-07,2.14081571e-07,3.2841186559999997e-07,3.71260729e-07,5.461570559999999e-07,7.78023077e-07,1.2199239130000002e-06,0.034535282099999995,0.000352386849,1.29430555e-05,71.90045560000002,51.028308599999995,2.32196253e-06,6.60974686,0.00428367061,0.7535678189999999,6.213271880000001e-05,4.9402896869999995e-06,0.00860471685,3.0423144900000003,6.213271880000001e-05,4.9402896869999995e-06,0.00552080178,1.8806560439999997,6.213271880000001e-05,4.9402896869999995e-06,0.000596908098,1.0709112770000002,6.213271880000001e-05,4.9402896869999995e-06,0.00520563352,9.408445510000001e-07,2.8023461200000004e-05,0.048369256900000004,9.405729678,0.0031459684431500005,-0.0036828075699999996,-0.00401442256,8.42709774e-07,1.43559481e-05
355,1679254200,0.07635174410000001,0.076378739,-0.0026419752300000003,-1.65341937,0.47217691199999995,0.255632648,0.34928565600000006,0.338447831,0.002284587913,0.039322520699999995,2.71055738e-05,1.2198672570000002e-07,1.278770636e-07,2.3185373329999998e-07,2.6799034800000005e-07,4.36053055e-07,6.11086268e-07,8.851151239999999e-07,0.0377647476,0.00039702826400000004,1.120282979e-05,73.1525952,51.0636501,2.54081916e-06,6.27832393,0.00445102153,0.8190926299999999,0.00012106940495000001,1.021960322e-05,0.008970865999999997,3.31056817,0.00012106940495000001,1.021960322e-05,0.00561996954,2.739399796,0.00012106940495000001,1.021960322e-05,0.000718355915,1.9968260070000003,0.00012106940495000001,1.021960322e-05,0.005197420980000001,9.764852439999997e-07,2.7952364199999998e-05,0.016571922049999993,22.057555508,0.0055698233783,-0.003695678089999999,-0.00404215017,1.0160889349999999e-06,1.65700511e-05
355,1679254800,0.06725900159999999,0.06728580229999999,-0.00168937633,-1.64981144,0.45695145000000004,0.239429291,0.3278350099999999,0.31729719,0.002140645733,0.03818387299999999,2.6882303999999996e-05,8.81068811e-08,9.754014e-08,2.0576600889999998e-07,2.418407029e-07,4.1760280900000006e-07,5.4708022e-07,8.61870302e-07,0.033246296800000005,0.00036838321,1.20600103e-05,75.3393672,51.116161,2.23810139e-06,6.548951669999999,0.004206266330000001,0.73325383,4.6521350549999995e-05,3.5432538290000006e-06,0.0084246032,2.92581933,4.6521350549999995e-05,3.5432538290000006e-06,0.00546757083,1.673660404,4.6521350549999995e-05,3.5432538290000006e-06,0.0005666666079999999,0.886816441,4.6521350549999995e-05,3.5432538290000006e-06,0.00518032951,1.073998934e-06,2.7874312000000005e-05,0.0813069875,13.312087814199998,0.0060488883727,-0.00357114387,-0.00392133101,9.085285700000002e-07,1.4748916599999999e-05
355,1679255400,0.0756242521,0.0756510973,-0.001952850316,-1.65451141,0.492615041,0.25450027100000006,0.347335604,0.33702278799999996,0.00205612843,0.0381691455,2.7028979500000002e-05,2.0121119609999998e-07,2.242325021e-07,3.4675024699999995e-07,4.2104995199999996e-07,6.44955549e-07,9.87151225e-07,1.6666515499999999e-06,0.0374104609,0.000383386936,1.356062705e-05,70.67689349999999,51.0281634,2.51374883e-06,6.69696783,0.004443102439999999,0.814707093,9.17621926e-05,7.617113270000001e-06,0.0089401726,3.2844737699999995,9.17621926e-05,7.617113270000001e-06,0.005574139780000001,2.4294384200000003,9.17621926e-05,7.617113270000001e-06,0.000674877918,1.6534779130000001,9.17621926e-05,7.617113270000001e-06,0.005185113139999999,9.54090249e-07,2.78029113e-05,-0.20759495880000003,31.91807774586,0.0074934482,-0.00369258192,-0.00402879208,9.18937306e-07,1.5744090099999998e-05
355,1679256000,0.0657105475,0.0657373112,-0.0008373287786000002,-1.64798076,0.40748744600000003,0.236909353,0.326222455,0.315459623,0.001642005495,0.0313886193,2.6876051e-05,1.2218636800000002e-07,1.369026456e-07,2.5255487279999997e-07,2.687256917e-07,3.785846406e-07,6.01601655e-07,9.117737279999999e-07,0.032530908600000005,0.000311163067,1.038536697e-05,73.0579731,50.95389730000001,2.18620504e-06,6.266540770000001,0.004158181139999999,0.714883897,5.4082006899999996e-05,4.190177235999999e-06,0.0083575447,2.8719845800000003,5.4082006899999996e-05,4.190177235999999e-06,0.005467574930000001,1.7483700900000003,5.4082006899999996e-05,4.190177235999999e-06,0.0005675198169999999,0.955807565,5.4082006899999996e-05,4.190177235999999e-06,0.005178202870000001,8.965998310000001e-07,2.76859086e-05,0.037375931200000004,11.230927972,0.0016999296615999994,-0.00371686246,-0.00404572996,9.345360259999999e-07,1.4154006349999999e-05
355,1679256600,0.06754166069999999,0.06756853160000001,-0.0013806722239999999,-1.6330826999999999,0.48421477899999993,0.24056580700000002,0.32764750400000003,0.31219702800000004,0.002963570986,0.0410190639,2.6974964099999998e-05,1.20156029e-07,1.3901164979999999e-07,2.5462555859999995e-07,2.85797442e-07,4.16023936e-07,7.24748135e-07,1.208485743e-06,0.033314971799999996,0.00043791373000000007,1.4635652750000002e-05,74.8327679,51.3307687,2.2455029700000003e-06,6.6820680800000005,0.00417911434,0.732396882,5.592441549999999e-05,4.379664154e-06,0.008420350150000002,2.92791298,5.592441549999999e-05,4.379664154e-06,0.00550729594,1.8505049,5.592441549999999e-05,4.379664154e-06,0.000615453655,1.057573501,5.592441549999999e-05,4.379664154e-06,0.00518508398,9.4856826e-07,2.7796954099999994e-05,0.11570881050000001,30.643784786999998,0.006216444529999999,-0.0037257597900000002,-0.00406316668,9.507196109999999e-07,1.5456050649999998e-05
355,1679257200,0.1217521235,0.1217790514,-0.001042796061,-1.36107651,0.63560691,0.306326401,0.5022153370000001,0.46887681899999994,0.004052662300000001,0.06432400279999999,2.7076123e-05,2.08159607e-07,2.418057149e-07,3.485452934e-07,4.43775314e-07,7.050447300000001e-07,1.1010590860000002e-06,2.084634535e-06,0.06045928840000001,0.000387891488,2.3502751599999997e-05,73.073685,50.680225699999994,4.0469673e-06,6.52409909,0.00550664114,1.30417426,7.91273017e-05,6.4186644099999995e-06,0.011335668200000001,5.32392376,7.91273017e-05,6.4186644099999995e-06,0.00567536946,2.64033374,7.91273017e-05,6.4186644099999995e-06,0.0008709308380000001,1.835468602,7.91273017e-05,6.4186644099999995e-06,0.005192523520000001,1.38398659e-06,2.8308113799999996e-05,0.020606785500000002,14.148519574,0.007495788820000002,-0.0033316509200000005,-0.0037432767000000005,8.757972519999999e-07,1.5358094750000002e-05
355,1679257800,0.0823434641,0.0823705036,-0.0009270183200000001,-1.6526102400000002,0.495952636,0.265722229,0.36353609500000006,0.35262326,0.00195315512,0.0402511989,2.7270545900000003e-05,2.598914943e-07,2.98692761e-07,4.4508659100000005e-07,5.007683236e-07,7.32614378e-07,1.118738714e-06,1.811028389e-06,0.0407401273,0.000408964239,1.71258958e-05,71.67243800000001,51.0027352,2.73703245e-06,6.66535157,0.00467839961,0.9038939279999999,8.366182370000001e-05,6.924767002e-06,0.0093761866,3.6149848500000004,8.366182370000001e-05,6.924767002e-06,0.005550292230000001,2.257410154,8.366182370000001e-05,6.924767002e-06,0.000658065254,1.4600305473,8.366182370000001e-05,6.924767002e-06,0.005207000549999999,1.20617161e-06,2.82756325e-05,0.0264331735,26.991901982100007,0.0076908677087,-0.00351915931,-0.00389758006,1.073672401e-06,1.73506565e-05
355,1679258400,0.0725683353,0.0725954924,-0.0005741738053999999,-1.66689555,0.41828776999999995,0.24927463899999996,0.33994787000000004,0.32700998000000003,0.0020458749699999996,0.034275444,2.73011783e-05,1.6759829360000002e-07,1.844655288e-07,2.90264462e-07,3.31779597e-07,5.182789820000001e-07,7.604324020000001e-07,1.2713369439999998e-06,0.035831752800000005,0.000432639137,1.604730495e-05,73.1035698,51.2518295,2.41274914e-06,6.72099924,0.0043277449199999995,0.773100854,9.56110279e-05,7.929511583999999e-06,0.008709106249999998,3.13203334,9.56110279e-05,7.929511583999999e-06,0.005604201269999999,2.4381786869999997,9.56110279e-05,7.929511583999999e-06,0.0006994016389999999,1.6464272993999998,9.56110279e-05,7.929511583999999e-06,0.00521195664,9.765968210000001e-07,2.8125490899999997e-05,0.025550856899999995,6.78446381,0.003078160507,-0.0036605656,-0.00401181116,8.070305499999999e-07,1.3969288150000002e-05
355,1679259000,0.06800545359999999,0.0680325064,-0.0003477529303,-1.67668144,0.467301764,0.24190738,0.3242724,0.313622077,0.0020306391,0.038459998399999994,2.7244215800000003e-05,2.06732394e-07,2.24058389e-07,3.1400542900000003e-07,3.73259441e-07,5.25912776e-07,8.350407700000001e-07,1.463346766e-06,0.0334944447,0.000492458226,1.1578766849999997e-05,70.0411074,51.485794899999995,2.2611732e-06,6.63569457,0.004199223970000001,0.7325032389999999,9.61469049e-05,8.022846507e-06,0.00845309887,2.95135942,9.61469049e-05,8.022846507e-06,0.005580633220000001,2.407336755,9.61469049e-05,8.022846507e-06,0.000658860489,1.6436071399999999,9.61469049e-05,8.022846507e-06,0.00520357394,6.83972714e-07,2.7719780699999998e-05,-0.02675188060000001,60.77203069300001,0.0069342939409999995,-0.00401188381,-0.0043056421,9.161806459999999e-07,1.5526821500000004e-05
355,1679259600,0.0692271761,0.0692542862,0.00031454204199999995,-1.60549319,0.43977593,0.24164243700000002,0.34553554899999994,0.328622525,0.00200036647,0.033497257200000005,2.7228245700000002e-05,1.296748058e-07,1.461154114e-07,2.439054794e-07,2.7698202249999996e-07,4.09803307e-07,6.8977062e-07,1.190488469e-06,0.034144081400000005,0.00045409475699999995,1.2080991350000001e-05,73.1322596,51.31754959999999,2.3024182900000002e-06,6.52998432,0.00425197457,0.753413017,6.52097764e-05,5.248997491e-06,0.00856942455,3.0247588,6.52097764e-05,5.248997491e-06,0.005526978940000001,1.9506318559999998,6.52097764e-05,5.248997491e-06,0.000600286959,1.1507734714,6.52097764e-05,5.248997491e-06,0.00521036376,8.30657692e-07,2.7924286599999998e-05,0.14555954620000003,25.059658636,0.0070815766510000005,-0.00387191838,-0.00421553335,9.211636159999999e-07,1.4341763749999998e-05
355,1679260200,0.08159959209999999,0.081626592,-0.001266903817,-1.4302993999999998,0.545529163,0.254441976,0.40028722200000005,0.378686566,0.00249464551,0.0445757298,2.7267679699999997e-05,2.856630798e-07,3.0615427380000003e-07,4.1336987e-07,5.04831787e-07,6.79294775e-07,1.103099085e-06,2.01568557e-06,0.040360904,0.00042276676100000003,1.05280866e-05,67.03749350000001,51.04771720000001,2.71269718e-06,6.58200904,0.0045606361,0.8765602109999999,6.76171637e-05,5.378698926999999e-06,0.009276710349999998,3.5523717400000003,6.76171637e-05,5.378698926999999e-06,0.00556513804,2.0323375300000004,6.76171637e-05,5.378698926999999e-06,0.000662905731,1.2365419130000002,6.76171637e-05,5.378698926999999e-06,0.005206456440000001,6.867024029999999e-07,2.7737042599999997e-05,0.3549921260000001,53.765529225,0.00875742144,-0.0040576832,-0.004342858749999999,1.11458396e-06,1.72115303e-05
355,1679260800,0.17325955499999998,0.1732863545,0.0004496595245999999,-1.320220754,0.816662414,0.364946447,0.590005509,0.527378608,0.01524603137,0.1212068594,2.7026479799999998e-05,2.845390833e-07,3.4038586900000004e-07,5.868478879999999e-07,8.915200660000001e-07,1.27817462e-06,1.933794353e-06,3.6251129299999995e-06,0.08622418760000002,0.000376231756,2.01599936e-05,66.9278644,50.531794,5.75845803e-06,6.52217979,0.006525273319999999,1.87964943,8.86963952e-05,7.316884514000001e-06,0.01328823595,7.623474160000001,8.86963952e-05,7.316884514000001e-06,0.005673298740000001,2.971265855,8.86963952e-05,7.316884514000001e-06,0.000887282897,2.155572942,8.86963952e-05,7.316884514000001e-06,0.0052065301,2.81429428e-06,2.96337469e-05,1.07087293301,265.07117077,0.036234288923,-0.0037043619799999998,-0.004099695120000001,8.23692684e-06,9.47364115e-05
355,1679261400,0.242794987,0.24282184,0.0011593287509999999,-1.40847423,0.916040471,0.43996570299999993,0.695608726,0.6523324400000001,0.014293959910000001,0.153845713,2.70859361e-05,3.053283365e-07,3.0688717779999995e-07,4.7851801e-07,6.89958803e-07,9.68608596e-07,1.744552982e-06,3.6821467499999994e-06,0.12103222329999999,0.00033415491300000006,2.26384903e-05,67.614973,50.2908546,8.074018659999999e-06,6.394281019999999,0.007880801400000002,2.6190179899999997,0.0001644471048,1.415465281e-05,0.01608636125,10.711897599999999,0.0001644471048,1.415465281e-05,0.00584291136,4.41897909,0.0001644471048,1.415465281e-05,0.00112434126,3.6814184259999996,0.0001644471048,1.415465281e-05,0.00518664921,1.2996593159999998e-06,2.8085779900000002e-05,0.1094701691,31.781773000000005,0.0140046739,-0.0035343084400000003,-0.00393966415,1.1312720660000002e-06,1.8859939400000002e-05
355,1679262000,0.349111897,0.34913878700000006,0.0012294830749999999,-1.4222201600000002,1.0379191859999999,0.5268401229999999,0.8360880369999999,0.780886332,0.01742507834,0.19965412999999999,2.76596688e-05,8.8914989e-07,9.151685005e-07,1.1983634800000003e-06,1.5536807029999998e-06,2.080116854e-06,3.3408037749999992e-06,6.6419803800000005e-06,0.17424747199999996,0.000264150919,2.6867268000000002e-05,63.9974513,50.1831721,1.160792045e-05,6.33747542,0.00931581285,3.6519400000000006,0.00027816770789999997,2.4504821759999997e-05,0.019212095899999997,15.269717300000002,0.00027816770789999997,2.4504821759999997e-05,0.00605371676,6.444474390000001,0.00027816770789999997,2.4504821759999997e-05,0.00141369552,5.69298783,0.00027816770789999997,2.4504821759999997e-05,0.00519951996,1.47429659e-06,2.8404266300000004e-05,-0.09170162457,18.336045352,0.010923532582,-0.0033894144200000004,-0.0038318998,1.130451925e-06,1.75506421e-05
355,1679262600,0.251590467,0.25161757799999995,0.001312184937,-1.4389273299999998,0.8795893289999999,0.44935497700000004,0.705134018,0.662682721,0.0110519124,0.1369259036,2.7344836199999998e-05,3.16723499e-07,3.162053726e-07,4.895365275999999e-07,6.836223395e-07,9.79695914e-07,1.7420008950000002e-06,3.675496839e-06,0.1255754706,0.000189349498,2.1942262540000002e-05,66.56382640000001,50.1848932,8.36757314e-06,6.20331169,0.007922909740000001,2.62681587,0.0001972394184,1.708511894e-05,0.0163238538,10.9896229,0.0001972394184,1.708511894e-05,0.005936515030000001,4.698574750000001,0.0001972394184,1.708511894e-05,0.0012027685600000003,3.9482562299999997,0.0001972394184,1.708511894e-05,0.005213000319999999,1.0317056870000002e-06,2.81609879e-05,0.07120557269,24.094717971,0.00818240169,-0.0036615698599999995,-0.0040486818,9.240090999999998e-07,1.5634027999999996e-05
355,1679263200,0.29161259700000003,0.291639856,0.00327265292,-1.47928054,0.884914521,0.48492913400000004,0.754523026,0.723322077,0.0041160801700000004,0.130848286,2.76019457e-05,4.384778918000001e-07,4.379178343000001e-07,6.2458017e-07,8.564279559999999e-07,1.115859918e-06,1.927306095e-06,3.889747899999999e-06,0.145623129,0.000152699653,2.079754705e-05,66.20372789999999,50.11603169999999,9.7016961e-06,6.17756129,0.0086274454,3.1000399599999997,0.00031425560499999996,2.780227656e-05,0.0177032269,12.8750518,0.00031425560499999996,2.780227656e-05,0.00607351875,6.52978631,0.00031425560499999996,2.780227656e-05,0.0013564491,5.813167900000001,0.00031425560499999996,2.780227656e-05,0.00521712331,1.05900796e-06,2.82462587e-05,0.0183154715,8.4660617,0.005333935424,-0.00361219099,-0.00401955831,8.718006090000002e-07,1.49440171e-05
355,1679263800,0.278628343,0.27865522099999995,0.0038480497700000005,-1.45764122,0.879326848,0.472493128,0.746385286,0.708546631,0.00421483851,0.12539444260000002,2.71861309e-05,3.8603582999999994e-07,3.866695827e-07,5.499341699999999e-07,8.099630179999999e-07,1.040571114e-06,1.7642277600000003e-06,3.671253647e-06,0.138964549,0.00031845971299999996,2.2076528800000004e-05,67.79794100000001,50.258016399999995,9.2686794e-06,6.19961777,0.00838570755,2.9300587900000004,0.00031347474109999995,2.7761111669999996e-05,0.0172424688,12.21237445,0.00031347474109999995,2.7761111669999996e-05,0.0059745977100000005,6.26837038,0.00031347474109999995,2.7761111669999996e-05,0.0012883164839999999,5.598105748,0.00031347474109999995,2.7761111669999996e-05,0.00518551605,1.1033789280000001e-06,2.7958493800000004e-05,0.09881354154000002,13.3847751004,0.0066463932545,-0.00351843662,-0.00392395536,8.42526202e-07,1.46435718e-05
355,1679264400,0.277613424,0.277640326,0.00395359075,-1.29895049,0.9059901440000001,0.460730025,0.7880115460000001,0.738847559,0.00385096818,0.12056349,2.7504478100000002e-05,6.841813230000001e-07,7.172938316000001e-07,9.483944209999999e-07,1.279693628e-06,1.751955155e-06,2.8613854730000004e-06,5.58501071e-06,0.13711664999999998,0.00164367152,3.18776351e-05,70.74077459999998,51.190924300000006,9.226274699999999e-06,6.512672509999999,0.0084257584,3.0000583499999998,0.00026123163599999996,2.295415504e-05,0.0172376197,12.20400625,0.00026123163599999996,2.295415504e-05,0.00604059023,6.076193630000001,0.00026123163599999996,2.295415504e-05,0.0013298270399999998,5.35157457,0.00026123163599999996,2.295415504e-05,0.00519605614,1.24419311e-06,2.8222835099999998e-05,0.048933525500000005,6.482879,0.005326963338,-0.00340181644,-0.00386514091,8.37721996e-07,1.4365622899999998e-05
355,1679265000,0.317770509,0.31779757599999997,0.002158928914,-1.30087603,0.957179214,0.49109695999999997,0.8408506680000001,0.78943659,0.0050963089599999995,0.1473435096,2.80049097e-05,1.0396606286000001e-06,1.0726169654e-06,1.3164850306999998e-06,1.670091048e-06,2.092461227e-06,3.2114434875000003e-06,5.987146601e-06,0.15709705899999998,0.0017467558099999998,2.3873185200000003e-05,68.93607610000001,51.1105754,1.0567194300000001e-05,6.21934789,0.0088889164,3.42883518,0.00024613571700000004,2.156052912e-05,0.018418713299999997,13.993276750000001,0.00024613571700000004,2.156052912e-05,0.00599307233,5.645607320000001,0.00024613571700000004,2.156052912e-05,0.001308821475,4.9111325599999995,0.00024613571700000004,2.156052912e-05,0.0052023734,1.2107220360000002e-06,2.82286476e-05,0.05556859559999999,15.212492994099998,0.007619584619650001,-0.00350069252,-0.00390678444,8.73985044e-07,1.562795325e-05
355,1679265600,0.37960347499999997,0.379630289,0.0011888819019999998,-1.33266194,1.0592948420000001,0.539654956,0.910865308,0.85738867,0.006386207319999999,0.17884921999999998,2.76053169e-05,9.19182114e-07,9.67791144e-07,1.321525878e-06,1.7065106659999998e-06,2.309881735e-06,4.0599100599999995e-06,8.024847980000001e-06,0.188199671,0.00154318978,3.85550783e-05,67.1446125,50.815935399999994,1.261438005e-05,6.54976453,0.009705772599999999,4.09214531,0.00024125769379999997,2.1220201513e-05,0.020189975999999995,16.7620909,0.00024125769379999997,2.1220201513e-05,0.00599034549,6.3965498499999995,0.00024125769379999997,2.1220201513e-05,0.0013579029099999999,5.591270746000001,0.00024125769379999997,2.1220201513e-05,0.00518773787,1.401186245e-06,2.82536727e-05,0.16484525677,27.218442594,0.00850897719,-0.003332820919999999,-0.0038045622,9.04952932e-07,1.5439298149999998e-05
355,1679266200,0.32337999100000003,0.323407002,-0.000224501088,-1.3057140400000002,0.9754797730000002,0.4974096950000001,0.8392381239999999,0.784261434,0.011837214359999999,0.15290108900000002,2.7548553000000007e-05,6.36582014e-07,6.524004776e-07,8.652554288e-07,1.2029795749999999e-06,1.589121092e-06,2.6761349079999997e-06,5.4867384600000005e-06,0.160637755,0.0010096560330000001,2.89057324e-05,67.94122479999999,50.628738899999995,1.0754095850000001e-05,6.359840810000001,0.0089994512,3.47246612,0.00027864314039999997,2.4543559199999998e-05,0.018603661700000003,14.2896756,0.00027864314039999997,2.4543559199999998e-05,0.00607142349,6.332110160000001,0.00027864314039999997,2.4543559199999998e-05,0.00139513356,5.64973697,0.00027864314039999997,2.4543559199999998e-05,0.005198687499999999,1.054987103e-06,2.80397047e-05,0.0935496275,12.993919428999998,0.005484214085999999,-0.0035762701900000004,-0.00399772804,8.826308840000001e-07,1.44536518e-05
355,1679266800,0.36899571400000003,0.369022697,5.419566460000001e-05,-1.3302291999999998,1.0410317839999998,0.531942353,0.892227231,0.823712639,0.01638918564,0.173309159,2.7397683000000004e-05,5.05768392e-07,4.7244828100000014e-07,6.339210034e-07,8.793968329999999e-07,1.059619687e-06,1.717266842e-06,3.41006207e-06,0.18360479200000002,0.0008633673879999999,2.0454754199999997e-05,68.4306301,50.491461900000004,1.2280250700000001e-05,5.89284169,0.00957829365,3.9388250799999995,0.000252364395,2.21927917e-05,0.0198077512,16.2813369,0.000252364395,2.21927917e-05,0.0060293677399999995,6.136571880000001,0.000252364395,2.21927917e-05,0.00138046743,5.401178266,0.000252364395,2.21927917e-05,0.00519324867,1.1473154199999998e-06,2.80939521e-05,0.031204919799999998,5.83262152,0.00519321515,-0.00348027926,-0.00392297183,9.266720260000001e-07,1.42567907e-05
355,1679267400,0.650062912,0.6500898,-1.7732836999999921e-06,-1.4200107000000002,1.30173974,0.713924073,1.15256019,1.0781578990000003,0.028688248149999995,0.312418213,2.8294938800000003e-05,1.6341566250000003e-06,1.6522985706000004e-06,2.043247362e-06,2.751443334e-06,3.53080085e-06,5.58555966e-06,1.115506532e-05,0.323704019,0.001255477866,4.2142067200000004e-05,64.1751367,50.42497189999999,2.1618368500000003e-05,6.22919875,0.012494165849999999,6.78076663,0.0005338912294,4.795298394e-05,0.026062402699999997,28.398196699999993,0.0005338912294,4.795298394e-05,0.00637005084,11.705746379999997,0.0005338912294,4.795298394e-05,0.0018911583700000002,10.982049299999998,0.0005338912294,4.795298394e-05,0.005200121320000001,1.6733696870000002e-06,2.86431526e-05,0.0784962911,12.116975292000001,0.010293264379999998,-0.0031185328999999997,-0.00368027666,9.94260889e-07,1.56003855e-05
355,1679268000,0.7999653819999999,0.7999922549999999,-0.001188108944,-1.4795449399999998,1.4081304700000001,0.8032399870000001,1.24563801,1.1852987,0.02072129325,0.371829721,2.7809602099999996e-05,1.1719742509999998e-06,1.1063306324999998e-06,1.4569185439999997e-06,2.1109414700000003e-06,2.6081490760000002e-06,4.0563681519999995e-06,8.147640460000001e-06,0.39761538699999993,0.00230300122,4.22716839e-05,68.51235510000001,50.6228062,2.6619462400000004e-05,5.874053290000001,0.0139543637,8.37420494,0.0005913359343,5.318232738e-05,0.02906827,34.905034500000006,0.0005913359343,5.318232738e-05,0.00646734009,12.68755684,0.0005913359343,5.318232738e-05,0.002088222714,12.073490481999999,0.0005913359343,5.318232738e-05,0.005194677680000001,2.6971976099999998e-06,2.95993081e-05,-0.01693955416,5.260683871,0.00912249775,-0.00255866584,-0.00317413411,1.118163433e-06,1.6724062e-05
355,1679268600,0.568330775,0.5683578220000001,-0.001555458313,-1.38680518,1.24106288,0.66559185,1.091133304,1.0183435939999999,0.0155428908,0.26369185,2.85858648e-05,1.734148013e-06,1.7727091310000002e-06,2.195370201e-06,2.819394902e-06,3.5678406549999997e-06,2.9796102055000004e-05,1.119161175e-05,0.28167537400000003,0.0023624922499999998,7.28328012e-05,65.36173120000001,50.87176409999999,1.8898337299999998e-05,6.24922412,0.0121434241,6.63454141,0.0002639446757,2.3317120283e-05,0.0244933539,24.881212400000003,0.0002639446757,2.3317120283e-05,0.0060867592600000004,7.1915534899999995,0.0002639446757,2.3317120283e-05,0.001550500983,6.458536979,0.0002639446757,2.3317120283e-05,0.005209003759999999,3.47864543e-06,3.0482463400000004e-05,-0.009857886560000001,39.545766397,0.015436629943000001,-0.0023818742,-0.00299389453,1.8277789939999997e-06,2.59782964e-05
355,1679269200,0.584318861,0.584346118,-0.0016492614579999999,-1.3904200199999999,1.2497256600000002,0.6776009590000001,1.1041836999999999,1.04530689,0.013731178219999998,0.273314611,2.80402694e-05,9.279660219999998e-07,9.10003682e-07,1.1841812464e-06,1.65803547e-06,2.0814002090000003e-06,3.5953355739999998e-06,7.42773051e-06,0.289898984,0.00220726089,3.450256745e-05,68.0197071,50.8030796,1.9436000599999998e-05,6.153422740000001,0.011777720600000001,6.01979563,0.00048449402859999995,4.3392010240000004e-05,0.024794924000000003,25.2407969,0.00048449402859999995,4.3392010240000004e-05,0.00640645133,10.904679830000001,0.00048449402859999995,4.3392010240000004e-05,0.00190050503,10.25254228,0.00048449402859999995,4.3392010240000004e-05,0.00521579379,1.4451426339999998e-06,2.8590949699999996e-05,-0.05445251753000001,23.340271485,0.009599961674,-0.00328781659,-0.0038204394899999995,1.0895871029999998e-06,1.69535206e-05
355,1679269800,0.6770689740000001,0.67709583,-0.0048842982399999995,0.1391788900000001,2.86782509,0.699474309,1.11775913,1.021681196,0.14697150481,1.231447326,2.78964213e-05,3.066582180999999e-06,5.695791095e-06,1.1807910742e-05,2.5751432728999997e-05,3.7775455045999996e-05,7.5608448268e-05,0.00017265055026,0.33563159499999995,0.00219958421,0.00036982002509999997,64.48964459999999,50.7746104,2.23625364e-05,6.29097375,0.012938435100000001,15.54877367,0.0006566236426,5.923985811e-05,0.0254079533,29.916772700000003,0.0006566236426,5.923985811e-05,0.006543783859999999,14.07150812,0.0006566236426,5.923985811e-05,0.00221335473,13.5537139,0.0006566236426,5.923985811e-05,0.00598536127,0.00014324005166299999,0.00017020245710000002,0.3797759898000001,218.85919133,0.17963511342100003,-0.002792890442,-0.00360811199,0.000217968081507,0.0016991032612999999
355,1679270400,1.1085189340000001,1.108545835,-0.00144111548,2.2075067,5.749563050000001,0.8473163960000001,1.3689793,1.2393753399999998,0.4225326344000001,3.318249506,2.9262056100000004e-05,8.0338712e-06,1.951295567e-05,4.031147466e-05,8.043431863000001e-05,0.0001325123878,0.000250618211,0.0005842739944,0.549880411,0.00219108616,0.0010698452124,59.38790720000001,50.480602399999995,3.6364589199999994e-05,7.3928872100000005,0.0174030739,36.124313730000004,0.0007344544263,6.678224316999999e-05,0.0316236362,51.0189148,0.0007344544263,6.678224316999999e-05,0.0066523595300000005,15.831567049999999,0.0007344544263,6.678224316999999e-05,0.0027906790599999997,15.652305389999999,0.0007344544263,6.678224316999999e-05,0.007454828190000001,0.00046809258710000005,0.0004948940433,-0.1760192363,396.7694368,0.4296756418,-0.000497215942,-0.0022151857999999996,0.0006648467993,0.0046530568267
355,1679271000,0.9520271409999997,0.9520542389999997,-0.00821758597,3.8413280819999995,5.66211036,0.7577599660000001,1.2868142800000002,1.091020791,0.3910756969,2.539109013,2.9164173899999995e-05,6.936225040000002e-06,1.9828241339999997e-05,3.9561328100000005e-05,8.14169492e-05,0.00013404626610000002,0.0002703520564499999,0.0006512097687,0.4710279519999999,0.00255606545,0.001224080477,59.1380521,50.66163,3.11101764e-05,7.44308889,0.016501710699999998,46.08701265,0.00037910856330000003,3.410092933e-05,0.0286962231,47.17417939999999,0.00037910856330000003,3.410092933e-05,0.006308178079999999,9.2576664,0.00037910856330000003,3.410092933e-05,0.00230845587,8.70513865,0.00037910856330000003,3.410092933e-05,0.007597794220000001,0.0004788714344,0.000505990943,1.1058350605,377.148108,0.44178592599999994,-0.001413102949,-0.00293050181,0.000584011675,0.003486189917
355,1679271600,1.396959909,1.396986927,0.0011711108040000002,2.333624712,6.2476531,0.942853277,1.51804633,1.341378436,0.585918234,4.60342844,2.9938304099999997e-05,6.1548912e-06,1.2547059989999998e-05,2.201552621e-05,3.90189509e-05,7.05458634e-05,0.0001555308679,0.0003462571645000001,0.695305339,0.0017872896999999999,0.0007321122179999999,58.225834899999995,50.3199754,4.6082095099999995e-05,7.1349138199999995,0.018584599400000002,29.4360005,0.0006197401583000001,5.622643421000001e-05,0.034991402899999996,63.0219323,0.0006197401583000001,5.622643421000001e-05,0.0065423598,14.28633056,0.0006197401583000001,5.622643421000001e-05,0.0024359354100000003,13.80799394,0.0006197401583000001,5.622643421000001e-05,0.006872421079999999,0.000248227292,0.00027513565050000003,-0.8441712185,573.16001722,0.39848138099999997,0.0010032067719999997,-0.0005812759699999999,0.0005126408520999999,0.004112486833
355,1679272200,2.8630338800000006,2.8630580300000004,0.00579973988,0.2679964439999999,6.47584758,1.3865147700000002,2.2475935999999996,2.0143364999999998,0.9670495186,6.2536043,3.191853260000001e-05,7.882023829999999e-06,1.5458252970000003e-05,2.997003503e-05,5.694107326e-05,0.0001014324466,0.00021163168859999999,0.0005143549269,1.428172587,0.001401330125,0.000997291915,58.34368740000001,50.148107700000004,9.46520631e-05,6.91023285,0.026161850599999998,51.2623862,0.00116105451,0.0001094408521,0.0512037827,128.9485165,0.00116105451,0.0001094408521,0.0075604580800000005,30.547593699999993,0.00116105451,0.0001094408521,0.00372975308,29.798844399999997,0.00116105451,0.0001094408521,0.00713487644,0.00032661254970000003,0.00035052721959999997,-0.17503213539999996,302.8345988,0.351212108,0.0027835571040000003,-0.001307524657,0.0004943144940400001,0.0032670434918
355,1679272800,3.08462882,3.0846541,0.0033284529623,-0.015964954999999992,6.607364290000001,1.49114547,2.35552192,2.13190262,0.7946898009999999,5.79312032,3.04909901e-05,9.40673941e-06,1.573715157e-05,3.39443696e-05,6.76379809e-05,0.00010849462210000001,0.00024050376759999999,0.0006495656329999998,1.53885852,0.001006209169,0.0013191110977999999,58.4419065,50.0923136,0.0001019204939,7.00224108,0.028637192699999998,59.0196412,0.004074875217,0.000372451767,0.05495133649999999,138.2174016,0.004074875217,0.000372451767,0.00859987833,90.41773205000001,0.004074875217,0.000372451767,0.00516392726,90.98625124,0.004074875217,0.000372451767,0.007434515879999999,0.000341577619,0.00036741888200000005,-0.47573546899999997,210.46186400000002,0.333755154,-2.8272880000000145e-06,-0.00183803268,0.00041300265159999996,0.002478777116
355,1679273400,2.9476979599999997,2.9477230899999998,0.003748082655,0.19486863499999996,6.33589344,1.41069465,2.2295555800000004,2.021574184,0.8626988330000002,6.09729712,3.21916012e-05,1.169671162e-05,2.0649678079999998e-05,4.047385991000001e-05,7.303347499999999e-05,0.0001238611337,0.00025587283340000003,0.0006905488926,1.4704671999999999,0.001133099115,0.001025322198,56.4402374,50.1506248,9.74077687e-05,6.8731776600000005,0.0277590813,63.817780369999994,0.002381593809,0.000217198499,0.0521856785,134.3969846,0.002381593809,0.000217198499,0.007775517489999999,45.6416949,0.002381593809,0.000217198499,0.0042820409799999995,46.0871018,0.002381593809,0.000217198499,0.007505785449999999,0.00041772571109999993,0.0004426016206,0.057275778999999985,302.816716,0.34772875459999997,0.000988700507,-0.0016759985500000001,0.0005052810970999999,0.0029728740599999997
355,1679274000,0.809763075,0.8097901110000001,-0.00086346568,2.7007433259999996,4.76103282,0.703841831,1.2193872159999999,1.03908171,0.31501310309999997,1.968024814,2.94257214e-05,7.408012517e-06,1.7670545303e-05,3.629901242e-05,6.943861246999999e-05,0.00011084920576,0.0002127739949,0.0004944377632000001,0.4010371040000001,0.0020383636799999995,0.0008546684563,59.75292850000001,50.6248078,2.6538141450000004e-05,7.35426997,0.014908632199999999,35.201474430000005,0.0004456155129999999,4.01235774e-05,0.026634991099999998,39.165144399999996,0.0004456155129999999,4.01235774e-05,0.006360614810000001,9.506304570000001,0.0004456155129999999,4.01235774e-05,0.00233454775,9.260344409999998,0.0004456155129999999,4.01235774e-05,0.007140270880000001,0.00040118646524,0.00042808106140000007,-0.4602473540000001,247.92044300000003,0.37276053670000003,-0.0014356685799999998,-0.00276399568,0.00061664639413,0.004056564479399999
355,1679274600,0.9457298709999999,0.945756885,-0.0017316427199999998,1.062491171,4.50276249,0.7897212610000001,1.343703514,1.17513587,0.26675190759999995,1.843490225,2.9315235e-05,5.19293788e-06,1.088580618e-05,2.313180874e-05,4.306937404e-05,7.174807845e-05,0.00014168877687,0.00032629950834999995,0.46944760100000005,0.0021919035000000004,0.0006010390249999999,60.35498640000001,50.6007052,3.11553219e-05,7.1112144299999995,0.015570971549999998,23.670986550000002,0.000656543414,5.93283237e-05,0.0295461543,43.4828399,0.000656543414,5.93283237e-05,0.006680289719999999,15.30931615,0.000656543414,5.93283237e-05,0.00252609716,14.7839485,0.000656543414,5.93283237e-05,0.006511134739999999,0.000243270799,0.0002702936507,0.27398381499999996,305.62191139999993,0.3052730089,-0.0014906771899999998,-0.00270163651,0.00038079947295,0.002902988804
355,1679275200,1.50687007,1.50689709,-0.0007123240630000001,2.0196427844000002,6.31226776,0.9983280560000001,1.65998819,1.4067054300000001,0.532105344,3.756116519999999,3.4909561600000005e-05,1.2748522460000002e-05,2.21317867e-05,3.96954398e-05,7.600652299999999e-05,0.0001221737515,0.00024529601139999997,0.0005949329730000001,0.7487610310000001,0.00242851178,0.001124527038,57.4514831,50.4061695,4.95518308e-05,7.285441229999999,0.0197721852,42.0463457,0.00073984969,6.69559885e-05,0.036935268300000004,69.30074330000001,0.00073984969,6.69559885e-05,0.00688074757,18.883733359999997,0.00073984969,6.69559885e-05,0.0030341848599999997,18.438365299999994,0.00073984969,6.69559885e-05,0.00727473052,0.00039060455570000003,0.0004176308740000001,-0.5031074560000001,409.20747000000006,0.42792080400000004,-0.000951467495,-0.00262322338,0.000551054116,0.00391021397
355,1679275800,1.3685717999999998,1.36859863,-0.00175494179,1.5781376655,5.84894094,0.9703614070000001,1.54823477,1.38240471,0.4163596320000001,3.2209067730000003,2.98457712e-05,6.64411682e-06,1.611667028e-05,2.9847780649999993e-05,5.5041802150000005e-05,9.33201603e-05,0.00018201927739999998,0.0003970403414,0.681094113,0.0016202408599999998,0.0007884603130000001,58.146947200000014,50.3145146,4.51324941e-05,7.22572626,0.018585245000000004,32.19897350000001,0.0008364587413,7.574695603e-05,0.035788398799999996,61.6382569,0.0008364587413,7.574695603e-05,0.0068825903699999995,20.015843800000003,0.0008364587413,7.574695603e-05,0.0029397628999999997,19.4952555,0.0008364587413,7.574695603e-05,0.0067167819399999995,0.0003330230167,0.00035986455699999994,0.699531934,357.189543,0.432246102,-0.0014467581190000002,-0.0025747707100000003,0.00060545991025,0.0041156091815
355,1679276400,2.6571465899999995,2.65717314,0.0018561830450000004,-0.3398185117,6.02703402,1.38363882,2.18894183,2.00113608,0.5776175776000001,4.647476709999999,3.6504270599999996e-05,1.3085484959999998e-05,2.0334919960000003e-05,3.2652596300000004e-05,5.621016829999999e-05,9.483089250000001e-05,0.00018364697699999998,0.0004673433912,1.3255854040000001,0.0012448265999999999,0.0008648857825,56.600773600000004,50.129232200000004,8.793862819999999e-05,6.8954135800000005,0.025815756300000003,46.0472575,0.0023228905780000005,0.00021197681729999998,0.0508640234,119.08210439999998,0.0023228905780000005,0.00021197681729999998,0.0080192614,61.20731684,0.0023228905780000005,0.00021197681729999998,0.0043416565,60.6958568,0.0023228905780000005,0.00021197681729999998,0.0066591142800000004,0.00025698536145,0.00028343409539999996,0.8103461576000001,377.31536436299996,0.33196262682,-0.000517234793,-0.0022850251700000006,0.00037492862477,0.0026918171495
355,1679277000,3.78433408,3.7843593400000004,0.001695857309,-0.7424399153,6.690316579999999,1.6802036299999998,2.68481943,2.44256201,0.7384529802,6.10835167,4.82871457e-05,2.5186276959999997e-05,3.107445067e-05,4.3409749040000006e-05,6.73366746e-05,0.0001040055602,0.00019916257750000004,0.0005099682973,1.8893157200000001,0.000979784563,0.0008684481980000003,58.429555699999995,50.082343599999994,0.00012531663760000002,6.87260203,0.0308707367,56.197969,0.004252390242,0.00038847915010000003,0.0617413635,168.8606545,0.004252390242,0.00038847915010000003,0.00864843865,94.3190521,0.004252390242,0.00038847915010000003,0.005085659920000001,94.3135483,0.004252390242,0.00038847915010000003,0.00646773137,0.00020017413493,0.00022592065550000002,0.7189091029999999,356.29514370000004,0.317657591,0.00015703054869999994,-0.0016117274339999999,0.00031815681643000004,0.0022083105096
355,1679277600,1.953819764,1.953845076,-0.0025742049250000003,0.7769661147000001,5.551631779999999,1.058679585,1.7178524499999999,1.5277966539999999,0.5984207011,4.022687818,3.0501721299999995e-05,8.01943e-06,1.5717895759999997e-05,3.404297835e-05,6.503136045e-05,0.00011757092969000001,0.00024208797293000006,0.0006309892971499999,0.9729056909999999,0.0016319224940000003,0.0012536158544999999,60.21259849999999,50.383884099999996,6.43686549e-05,7.252957500000001,0.021129309750000002,46.13827545,0.0030768246255,0.00028148036571000007,0.039452896599999995,90.2674697,0.0030768246255,0.00028148036571000007,0.00755080958,66.20349393,0.0030768246255,0.00028148036571000007,0.0036142012499999995,66.26383953,0.0030768246255,0.00028148036571000007,0.007215403270000001,0.00036314343569999997,0.0003890019458,1.2079990759999997,293.5634258,0.37672670399999997,-0.00048485638000000003,-0.0023210829920000003,0.00048555681791,0.0030846928264999995
355,1679278200,1.1079488419999999,1.10797572,-0.0024161619000000003,3.16690443,5.71554939,0.819824257,1.41064305,1.158860356,0.4730072258000001,3.0992527699999997,3.18454099e-05,1.087213582e-05,2.295587092e-05,4.734056675999999e-05,9.028779237e-05,0.00015363304985,0.0003069686855,0.0007329362785,0.5499548859999999,0.0014298937,0.001219593854,58.0060843,50.3173002,3.62459105e-05,7.48821141,0.017284921,40.50925228,0.0020945225690000005,0.00019141797319999999,0.030686250600000003,51.67631890000001,0.0020945225690000005,0.00019141797319999999,0.0072240332099999995,38.3938543,0.0020945225690000005,0.00019141797319999999,0.0033446266799999997,38.86030254,0.0020945225690000005,0.00019141797319999999,0.007866999089999998,0.0005256599565,0.0005527987522999999,0.4315445393999999,264.44967699999995,0.444157812,-0.0015202781259999998,-0.00303372024,0.0006868677494,0.004266257769999999
355,1679278800,0.93259091,0.9326181910000001,-0.00533376303,4.157237520000001,5.83045297,0.7502143889999999,1.2141745499999999,1.065670018,0.4483364139999999,3.10651353,2.98476729e-05,7.54369548e-06,1.6911470640000003e-05,3.696187775e-05,7.049664120000001e-05,0.00012050236200000001,0.0002467621295,0.0005863384339999999,0.462369772,0.00178189633,0.0010556215279999997,57.822052,50.4469387,3.0491722599999995e-05,7.45029201,0.015709897100000002,36.540463,0.0005791390720000001,5.27328516e-05,0.028174353000000003,43.9630815,0.0005791390720000001,5.27328516e-05,0.006516471429999999,12.03480147,0.0005791390720000001,5.27328516e-05,0.00245108237,11.586527570000001,0.0005791390720000001,5.27328516e-05,0.00736104373,0.000421167518,0.000448422867,1.14921953775,391.234909,0.468674082,-0.0016070432099999997,-0.00296038964,0.000664415583,0.004897771269999999
355,1679279400,0.653641142,0.653668637,0.0011804722399999994,5.66557325,5.81447746,0.626972988,1.031806515,0.899389961,0.33846194399999996,2.41477691,2.9513928799999998e-05,6.646596999999999e-06,1.550583553e-05,3.50036161e-05,6.46956181e-05,0.00010796934379999998,0.0002099411196,0.00046219379500000003,0.323358795,0.00169792423,0.0008598481910000001,58.5408859,50.5735758,2.13529937e-05,7.586515830000001,0.013240732199999999,35.3175456,0.0003763871723,3.4071809690000004e-05,0.0234658225,30.6804785,0.0003763871723,3.4071809690000004e-05,0.00644130387,13.426805120000001,0.0003763871723,3.4071809690000004e-05,0.00222775265,13.01368826,0.0003763871723,3.4071809690000004e-05,0.006995988440000001,0.0003680357794,0.000395516676,-0.19912521560000002,431.102706,0.451781793,-0.0022812420821,-0.0034791965200000005,0.000590295738,0.003923442117000001
355,1679280000,0.6051673689999999,0.60519488,-0.0034937744799999997,0.85482524,3.3316016740000003,0.6315908809999999,1.028506406,0.9337785030000001,0.16825458325,1.2180454539999999,2.8858665099999998e-05,3.2731443430000005e-06,6.482830808e-06,1.698760235e-05,2.6116141088000006e-05,4.7728590909999996e-05,8.884056388e-05,0.00018761644716,0.299785537,0.0020189156599999996,0.00040088092064999997,63.47185189999999,50.9703829,1.9956559899999997e-05,6.93983162,0.012115563800000001,20.06888499,0.00047847700539999994,4.2943850415999995e-05,0.023443179999999997,28.448306600000002,0.00047847700539999994,4.2943850415999995e-05,0.006344899730000001,10.06627173,0.00047847700539999994,4.2943850415999995e-05,0.0019127484940000001,9.579039810000001,0.00047847700539999994,4.2943850415999995e-05,0.00600282209,0.000161746888499,0.00018919704649999997,0.0504497706,294.23406907000003,0.22341971397,-0.0029173334400000002,-0.0036759506999999997,0.00027132893010700003,0.0019564448387
355,1679280600,1.56762997,1.5676569800000002,-0.00138194203,0.2175167562,6.1571254,1.0496201419999998,1.7096771699999997,1.5556224799999998,0.403945106,2.8936780900000003,3.2058061700000005e-05,8.97764974e-06,1.4179373709999999e-05,3.2458141e-05,5.3707726899999996e-05,9.239929150000001e-05,0.00018100746800000004,0.0004302671720000001,0.7806797010000001,0.00148474106,0.00083249681,58.01071979999999,50.2175633,5.1713535500000006e-05,7.20359469,0.0204938393,38.3262563,0.0009257929450000001,8.382447900000001e-05,0.0390226253,71.8978342,0.0009257929450000001,8.382447900000001e-05,0.007059452649999999,21.39673006,0.0009257929450000001,8.382447900000001e-05,0.00309085455,20.889644170000004,0.0009257929450000001,8.382447900000001e-05,0.00674157442,0.000288806537,0.00031619984739999997,0.7707295599999998,510.293235,0.41948479499999997,-0.00148292217,-0.0026828615899999997,0.000526601622,0.0037207050500000006
355,1679281200,2.9046141300000006,2.90464155,0.002174551266,-1.074157142,5.97063223,1.49419453,2.4137237199999997,2.20596735,0.3382648315000001,2.9376897,3.5026096600000005e-05,1.047825744e-05,1.2624688079999999e-05,2.120995064e-05,3.556573667e-05,5.740539549999999e-05,0.00011797901299999999,0.0003019443546,1.4500992099999999,0.00100316587,0.000639776538,58.0574074,50.1099723,9.634641250000001e-05,6.715937200000001,0.027176132400000004,39.4879974,0.003172387635,0.000289563055,0.0547468867,128.05959239999999,0.003172387635,0.000289563055,0.008048915600000001,62.49472585000001,0.003172387635,0.000289563055,0.00439502648,62.8900578,0.003172387635,0.000289563055,0.006194114570000001,0.00014735468250000002,0.0001744915944,0.8621555090000002,513.963711,0.28455842899999995,-0.000944811463,-0.00221692217,0.0002292924061,0.0016811153949999997
355,1679281800,2.46358586,2.46361308,0.0066272396550000005,-0.260631685,6.34590611,1.334883045,2.19250446,1.93565912,0.4467503559999999,3.38793062,3.114067909999999e-05,8.11467789e-06,1.2833913900000001e-05,2.9239694129999995e-05,5.237432745e-05,9.140071676000001e-05,0.00019255481579999998,0.0004892795967,1.2288070370000002,0.00095120675,0.0011549353080000002,57.582933899999986,50.1254873,8.15320415e-05,6.993671860000001,0.0255379559,46.473690700000006,0.0019672043487,0.0001794779039,0.0492006015,111.0813379,0.0019672043487,0.0001794779039,0.00743959942,39.000636189999994,0.0019672043487,0.0001794779039,0.0037489139500000005,39.04485632,0.0019672043487,0.0001794779039,0.00697270924,0.00029371136500000005,0.000320847026,0.44609638599999996,314.08519399999994,0.363555362,-0.000830892736,-0.00217991449,0.0004769117034999999,0.0031138113529999996
355,1679282400,0.9029556980000001,0.9029830310000001,-0.00727233245,0.2701902199999998,3.51003204,0.8159067820000001,1.30792743,1.19381144,0.163972878,1.251499866,3.01327561e-05,5.334908278e-06,9.491945516e-06,2.1331582087000002e-05,3.2779826202999996e-05,5.9888583023e-05,0.00010895492364399999,0.00021969400273,0.44833417600000003,0.00209322717,0.0005900606821,61.810712,50.5373142,2.98300586e-05,6.82739482,0.015302388700000003,23.288578100000002,0.000981620904,8.899586809999999e-05,0.029883791899999994,40.9731616,0.000981620904,8.899586809999999e-05,0.00677174472,17.989788139999998,0.000981620904,8.899586809999999e-05,0.00254031727,17.7458314,0.000981620904,8.899586809999999e-05,0.006135931130000001,0.00019919117690999998,0.0002265230107,-0.30974004353,245.2604515,0.2288564387,-0.0026128519999999997,-0.0034885757400000003,0.00030702112395000004,0.0021445132138
355,1679283000,0.839042115,0.839069547,-0.0033317336524999993,0.625815193,3.893181320000001,0.7773528969999999,1.2256874340000001,1.120121701,0.17814544963999998,1.24248277,2.95077709e-05,6.0171645399999994e-06,1.1087123601999999e-05,3.2206048506e-05,5.1603954919999994e-05,8.585553558e-05,0.00015879237043000004,0.00033457811990000007,0.415821858,0.00227913615,0.0007378751633999999,62.8958693,50.6589947,2.76269895e-05,7.13386932,0.014789235700000004,21.523643299999996,0.0007438325524,6.728169503e-05,0.0281500453,36.5760103,0.0007438325524,6.728169503e-05,0.00670481214,15.290547310000003,0.0007438325524,6.728169503e-05,0.00256531293,14.89831627,0.0007438325524,6.728169503e-05,0.00680346601,0.00032002911118999996,0.00034750949109999994,-0.2812037481,199.970962067,0.27663457724,-0.00187700888,-0.0032545977499999997,0.00043495997064,0.0026309143309500003
355,1679283600,0.802449485,0.8024765649999999,-0.001579394948,1.141843117,4.368020854,0.7232232689999999,1.215224594,1.038556699,0.2518213989,1.7258278530000002,2.8784165700000004e-05,4.95118507e-06,1.0433568209999998e-05,2.736789049e-05,4.6753724539999996e-05,8.179422483e-05,0.00015746330585,0.00036771801475,0.39861861800000004,0.001144589349,0.0007633359628999999,60.104099399999996,50.426311,2.63748425e-05,7.239384169999999,0.014515126449999999,27.91281841,0.0003092479347,2.7993505430000002e-05,0.0266906201,36.88468855000001,0.0003092479347,2.7993505430000002e-05,0.0062577065799999994,9.106728980000002,0.0003092479347,2.7993505430000002e-05,0.00203718384,8.38665709,0.0003092479347,2.7993505430000002e-05,0.00667130111,0.00028978967847,0.0003167948536,-0.31469795859999994,312.73839294399994,0.31474664938,-0.00208225046,-0.00309948514,0.00044261166016900007,0.0028954286031999997
355,1679284200,0.9458326228571429,0.9458599828571428,-0.006020645357142857,3.651848377857143,5.882054442857144,0.7704423228571429,1.2243052285714284,1.084479555714286,0.3834668857142857,2.3845899285714287,3.052180114285714e-05,1.0357984457142858e-05,2.2133047314285715e-05,5.750603099999999e-05,9.495957928571428e-05,0.00016864576400000002,0.00032227816371428573,0.0007069356771428572,0.4688228457142857,0.0013708933,0.0013366093542857144,57.14715857142858,50.312588142857145,3.0872638000000004e-05,7.526986628571429,0.01672677685714286,45.34730378571429,0.0005840508828571428,5.282015271428573e-05,0.028905451714285713,46.21574442857143,0.0005840508828571428,5.282015271428573e-05,0.0066424497,12.011975285714286,0.0005840508828571428,5.282015271428573e-05,0.0026362019285714284,11.520278428571428,0.0005840508828571428,5.282015271428573e-05,0.007930831114285714,0.0005780615985714286,0.0006054700814285714,0.7334589014285715,339.15661,0.48477981571428563,-0.0011660044942857144,-0.0030203184000000003,0.0006830375228571429,0.003907365542857142
355,1679284800,0.9763604625,0.9763782925,-0.00401377951575,1.9637032675000001,5.7792075875,0.8134269325000001,1.3345719999999999,1.1841923962499998,0.3000457675,2.1429204375,2.0683878375e-05,6.5600783500000005e-06,1.19338549625e-05,3.0153894625000004e-05,4.6157366375e-05,8.473708237500001e-05,0.000167088640625,0.00036317331687500004,0.48495408875,0.0016014977500000002,0.00091200402625,59.12342625,50.406378375,3.2094645625e-05,7.4159722875,0.015899364750000002,28.241400875000004,0.00071713821375,6.517081662499999e-05,0.02995597975,44.364558875,0.00071713821375,6.517081662499999e-05,0.0056806987,15.540491375000002,0.00071713821375,6.517081662499999e-05,0.002570998675,15.4233564625,0.00071713821375,6.517081662499999e-05,0.0056805139125,0.0002929603,0.00031075789950000003,0.87592080875,485.95862124999996,0.4281222875,-0.00087281759875,-0.0018916363587500001,0.00048403084125,0.0032867201499999998
355,1679285400,1.0072377490000002,1.0072625359999998,-0.0019507370599999997,-0.9210210000000002,2.0641755,0.8695690150000001,1.4484442100000001,1.34025341,0.0948614364,0.7345189189999999,2.7692385900000003e-05,3.7743517580000004e-06,5.256008101000001e-06,8.483259795999998e-06,1.3393667449999999e-05,2.1864213541000003e-05,3.9842852205000005e-05,9.105799150000001e-05,0.501314789,0.0019364272300000003,0.000181069496,60.51531620000001,50.412812100000004,3.34254653e-05,6.26529586,0.015800896700000004,13.914721999999998,0.00105733545,9.592428887000001e-05,0.032222422300000005,44.4366945,0.00105733545,9.592428887000001e-05,0.006593604589999999,20.522171030000003,0.00105733545,9.592428887000001e-05,0.00252373917,20.15968355,0.00105733545,9.592428887000001e-05,0.005285404499999999,5.82143726e-05,8.30386521e-05,0.14342730099999998,34.911877180000005,0.05367098326999999,-0.00250214147,-0.0032777287099999995,6.140669390499999e-05,0.00035842747450000003
355,1679286000,0.802946401,0.802972456,-0.001072229552,-1.34918568,1.5020334,0.786541806,1.30875248,1.2231748799999997,0.030599910400000003,0.390582957,2.7107724999999996e-05,1.244121381e-06,1.1979496883e-06,1.4916415267e-06,2.330123412e-06,2.937097553e-06,4.906835400000001e-06,1.1010447460000001e-05,0.39950138300000004,0.00190650879,3.916859897e-05,63.371233200000006,50.5085601,2.6705119100000003e-05,5.8337941,0.014028931500000003,8.369075810000002,0.0005629617977,5.08207454e-05,0.029117323,35.045525299999994,0.0005629617977,5.08207454e-05,0.006418130919999999,13.09238865,0.0005629617977,5.08207454e-05,0.0020998502300000003,12.41601932,0.0005629617977,5.08207454e-05,0.00511999768,1.7043205899999999e-06,2.78078751e-05,0.009614538699999993,10.39483757,0.00902691465,-0.00302570361,-0.0036570168099999993,1.3530035589999999e-06,1.7572020449999997e-05
355,1679286600,0.7739752910000001,0.7740016310000002,-0.0015441722249999999,-1.38837864,1.41833077,0.7781364089999999,1.27215132,1.2022117300000001,0.020745109700000004,0.34622701200000006,2.7350100399999997e-05,1.246984049e-06,1.1875260564e-06,1.453213432e-06,2.1810076800000003e-06,2.6587398850000002e-06,4.349690529999999e-06,9.64065134e-06,0.38496082400000003,0.00197340872,2.9727572099999998e-05,65.14884819999999,50.5259364,2.5749913000000005e-05,6.06414511,0.01396612975,8.171935430000001,0.0007246929932,6.54008067e-05,0.028737420899999998,33.9784816,0.0007246929932,6.54008067e-05,0.00645733166,14.625234510000002,0.0007246929932,6.54008067e-05,0.00208894249,14.06946337,0.0007246929932,6.54008067e-05,0.005147311579999999,1.57963033e-06,2.79388305e-05,-0.0560239441,15.261495287000006,0.008844773810000001,-0.0031401414500000003,-0.0037364951299999997,9.39581711e-07,1.54851841e-05
355,1679287200,0.41924110299999995,0.4192679976,-0.00466934865,-1.26505781,1.0796954699999999,0.5369188170000001,0.90580266,0.853001047,0.016443562949999997,0.205807756,2.7692313900000003e-05,9.259022324000001e-07,9.404944642999999e-07,1.1540861269000002e-06,1.6964465529e-06,2.2100775264e-06,3.6566571984000003e-06,7.708280335e-06,0.208060445,0.00151389135,2.713830924e-05,67.02704279999999,51.2504815,1.393671367e-05,6.172347210000001,0.00960807383,4.36863052,0.00032897048455,2.9222280705000005e-05,0.019927873800000002,18.244778200000002,0.00032897048455,2.9222280705000005e-05,0.006082656319999999,7.95502839,0.00032897048455,2.9222280705000005e-05,0.001462300841,7.2119353340000005,0.00032897048455,2.9222280705000005e-05,0.005189281000000001,8.69273634e-07,2.77325009e-05,0.1477983686,30.971315025000003,0.00560705453,-0.0037748961299999993,-0.004185730260000001,8.671639370000001e-07,1.45536984e-05
355,1679287800,0.205040496,0.20506725499999998,-0.0078639611,-1.23854604,0.81909999,0.390295446,0.6767081570000001,0.632906814,0.00699671016,0.10032587450000001,2.72448557e-05,5.483927161e-07,5.534708769e-07,6.514147489999998e-07,9.03103777e-07,1.13480556e-06,1.7477882360000001e-06,3.5798860860000004e-06,0.10094774520000001,0.0015519934200000003,1.0906683669999999e-05,66.9400983,51.5650884,6.81996779e-06,6.15470936,0.007022340439999999,2.1163900800000004,0.0001650098412,1.4285184470000002e-05,0.0146217778,8.81183666,0.0001650098412,1.4285184470000002e-05,0.0057551843000000005,4.04370145,0.0001650098412,1.4285184470000002e-05,0.0010136434229999999,3.297845116,0.0001650098412,1.4285184470000002e-05,0.005169680720000001,5.40142138e-07,2.72043006e-05,-0.10218117294,61.990410103,0.006138048240000001,-0.00410873693,-0.0044094884200000005,8.977503430000001e-07,1.54347611e-05
355,1679288400,3.838205542,3.8382294999999997,0.0046162822368,-0.6121148499999999,3.974708794,1.561124697,2.557878076,2.2777070539999995,0.7491985627000001,3.832043702,3.77578816e-05,8.655725935e-06,9.323747796999999e-06,1.2090032125e-05,1.791569329e-05,2.623333722e-05,3.7099078650000004e-05,0.00016229622855,1.9176700754999998,0.0008733601360000001,0.0002717762171,58.6241311,50.176725600000005,0.00012762283606000002,6.094583689999999,0.027907871600000002,41.842647500000005,0.0033587684646000002,0.00031626291422999996,0.0572031118,169.17664829999998,0.0033587684646000002,0.00031626291422999996,0.0084041498,67.48622859,0.0033587684646000002,0.00031626291422999996,0.00433412106,67.45649413000001,0.0033587684646000002,0.00031626291422999996,0.00575316819,5.1279672049999995e-05,7.51849113e-05,-0.035928306860000016,174.42436054009997,0.10468091580000001,0.0029212001680000003,0.000347069021,8.6112209085e-05,0.0008615763307999999
355,1679289000,3.16807449,3.16810057,0.003686418433599999,0.5817164220000001,6.29182947,1.481395874,2.4741005200000004,2.14484054,0.6487553509999999,5.28060754,3.00839422e-05,6.970093230000001e-06,1.353238489e-05,2.9017357360000004e-05,5.398211214999999e-05,9.33226123e-05,0.0001844184911,0.0005430151670000001,1.580903333,0.0012000676060000002,0.0010053936490000003,59.3334052,50.140470900000004,0.000104928067,6.825651949999999,0.028321103700000006,58.816491500000005,0.0021357516224,0.00019480350816,0.0547064028,143.70656990000003,0.0021357516224,0.00019480350816,0.0075613426400000005,43.99129318,0.0021357516224,0.00019480350816,0.00398854595,43.9809556,0.0021357516224,0.00019480350816,0.0068747847,0.000305372307,0.0003312834327,0.34746361713999996,202.93680658739999,0.30567170223,0.0005348836500000001,-0.0010128035771,0.00046051135318,0.0035188595488000003
355,1679289600,0.8083979649999999,0.8084247659999999,-0.005019825009999999,5.53243022,5.00130269,0.6673110510000001,1.1311095549999999,0.943078809,0.4397569228,2.5354820860000005,3.06660058e-05,1.0020277122000002e-05,2.5219961574e-05,5.416070629000001e-05,0.00010101920431000002,0.00017167769279000003,0.000338180113076,0.0007867791581900001,0.39967745200000004,0.00166200152,0.0013685131863,59.3530122,50.52903680000001,2.6270778350000006e-05,7.32098373,0.015454439800000002,47.02474496,0.00054981733,5.000779909e-05,0.0254367198,40.1568203,0.00054981733,5.000779909e-05,0.0063802868,11.583111859999999,0.00054981733,5.000779909e-05,0.002435827335,11.2641782624,0.00054981733,5.000779909e-05,0.00806025251,0.00059448715113,0.0006213524869999999,0.14555423900000003,176.197382,0.40422805359999997,-0.000869960553,-0.0030356206599999997,0.0007554741218000001,0.004525710433000001
355,1679290200,0.46373263899999995,0.463759599,-0.009127330379999998,3.8749516,3.8330295150000007,0.529914963,0.880001873,0.7892865859999999,0.20685243920000002,1.599343961,2.8583313899999998e-05,4.3709166360000006e-06,1.0298835484e-05,2.2348538093999998e-05,4.1401616947e-05,6.901258222e-05,0.00013582903242,0.00029711853353999997,0.228956662,0.0018078856699999999,0.0005196235617,61.65791630000001,50.977422000000004,1.51804994e-05,7.08254371,0.010633806050000002,18.81918341,0.0004719357363,4.281357546999999e-05,0.0199095523,21.5143533,0.0004719357363,4.281357546999999e-05,0.00623425635,9.56613883,0.0004719357363,4.281357546999999e-05,0.0018399393600000002,9.09343646,0.0004719357363,4.281357546999999e-05,0.0063051652,0.00025001822156500003,0.00027690485490000004,-0.07610124039999994,398.37485482299996,0.29621795169,-0.00284819661,-0.00383059332,0.000369313892703,0.0026744583143500002
355,1679290800,0.7540405769999999,0.754067483,-0.0013712522620000001,6.79395102,5.82415275,0.652622936,1.0453069300000002,0.9102278050000001,0.42347716,2.88073008,3.0035250799999996e-05,8.77870871e-06,2.1153805599999997e-05,4.8730349400000004e-05,8.883728310000002e-05,0.0001395598826,0.000278133706,0.0006263681819999999,0.373085516,0.00158994451,0.001130046395,57.6795974,50.490765499999995,2.4562695500000002e-05,7.586356670000001,0.0142735639,37.4533416,0.00023544588799999998,2.1333116909999995e-05,0.0246515217,36.5119892,0.00023544588799999998,2.1333116909999995e-05,0.00618999997,6.895854700000001,0.00023544588799999998,2.1333116909999995e-05,0.0021234055099999998,6.468765209999999,0.00023544588799999998,2.1333116909999995e-05,0.00758157324,0.000506040968,0.000532863933,-0.13512931149999996,308.083624,0.49352170900000003,-0.0015357230530000001,-0.00300286009,0.000773132072,0.0052399734
355,1679291400,0.721503649,0.721530618,0.001514268435,1.06518014,3.613835354,0.697215811,1.13122203,1.024456271,0.23755272667000002,1.9254851789999996,2.91066143e-05,3.6135774799999996e-06,7.56022446e-06,1.3826912673999997e-05,2.5262036473999998e-05,4.337217137400001e-05,8.3000956667e-05,0.00019556223235,0.35818388400000006,0.0018351840900000002,0.00035831301839999997,61.8962447,50.7037372,2.3804636349999998e-05,6.76249763,0.013129603149999999,16.827612249999998,0.0004202207268,3.7593628949999995e-05,0.025858947299999997,32.993184649999996,0.0004202207268,3.7593628949999995e-05,0.00627716487,10.24313981,0.0004202207268,3.7593628949999995e-05,0.0019014945700000004,9.61219439,0.0004202207268,3.7593628949999995e-05,0.00588791158,0.0001437618559,0.000170761235,-0.4481823965,326.632012352,0.22915528680000002,-0.0029034942649999998,-0.00365374678,0.00027507093009899997,0.0022124889858
355,1679292000,1.1893679890000002,1.189394759,-0.00308909613,1.459928,5.61084635,0.896644895,1.4517443140000001,1.3271279859999998,0.331244996,2.7791256,2.9494080700000003e-05,5.253615540000001e-06,1.057227677e-05,2.0512672260000003e-05,3.478921563e-05,5.7788813560000004e-05,0.00010075723886,0.00022677086959999997,0.592166271,0.00159975449,0.00045880070459999997,58.40439459999999,50.375028199999996,3.93193728e-05,7.05503822,0.016652082000000002,20.937908000000004,0.0007376714278,6.664190605e-05,0.033198413999999996,52.7820922,0.0007376714278,6.664190605e-05,0.00671025466,18.20464975,0.0007376714278,6.664190605e-05,0.00255977423,17.61523028,0.0007376714278,6.664190605e-05,0.00600687159,0.00018367647635,0.00021043585429999996,3.0559054750000003,743.9535770000001,0.42716649799999995,-0.002024313799999999,-0.00293376451,0.00042811191909999995,0.0036224197683000004
355,1679292600,2.86818437,2.8682113200000003,0.0004995894836,-1.169031626,3.88294362,1.4941977999999998,2.38038518,2.25963152,0.24430896989999998,2.5352394699999996,3.2135198499999996e-05,6.487031546e-06,7.6220830536999995e-06,1.03755041776e-05,1.6739792770000003e-05,2.5726757662e-05,4.83130442e-05,0.00012213217994,1.43237513,0.00119947344,0.00027507393330000003,59.39846239999999,50.1113704,9.5295256e-05,6.189548959999999,0.026679332499999996,34.1339105,0.0018969283740000002,0.00017268416912,0.0549458695,126.9389684,0.0018969283740000002,0.00017268416912,0.007675569240000001,41.9868101,0.0018969283740000002,0.00017268416912,0.00391169227,41.708051,0.0018969283740000002,0.00017268416912,0.0054883195,4.884104336e-05,7.57216786e-05,-0.030508229600000013,187.61950042900003,0.11500656604,-0.00142391222,-0.00257270656,9.7622418873e-05,0.0008291896923000001
355,1679293200,1.2832253200000001,1.283252418,-0.0005289617119999997,0.12993223332999998,4.5368510660000005,0.89255165,1.48545785,1.336390791,0.3107986162,2.1465956250000002,2.98689373e-05,5.983113884e-06,1.02185107033e-05,2.0876259004999998e-05,4.0475799096000004e-05,6.88398199244e-05,0.000133758484773,0.00034971288983999993,0.638549615,0.0018049453,0.0006254087404499999,62.180230099999996,50.548148600000005,4.2385502200000005e-05,6.79732506,0.0171361793,24.736969369999997,0.0030390847209999993,0.00027754418100000005,0.0333312214,57.78331860000001,0.0030390847209999993,0.00027754418100000005,0.00755219614,59.20479305,0.0030390847209999993,0.00027754418100000005,0.0034174023899999997,59.662332920000004,0.0030390847209999993,0.00027754418100000005,0.0064006448600000005,0.00021543097150000004,0.0002424301665,-0.026321815650000007,279.83515415,0.21684965496599995,-0.002085761184,-0.0031838533699999998,0.000265788594327,0.0016638249528499998
355,1679293800,0.421591301,0.42161831199999994,-0.002234529512,-0.524953169,1.9632974669999999,0.527828839,0.8876521049999999,0.8067621310000002,0.10241577589999999,0.7656551389999999,2.80804786e-05,2.646845949e-06,5.5176245477000004e-06,1.122546359395e-05,1.9006006497e-05,2.7118989668999994e-05,5.746225289400001e-05,0.00013831469957000002,0.2084844795,0.0017801957300000002,0.00026855968715,66.3236638,51.1710643,1.3913989000000001e-05,6.25978471,0.0098606788,11.65928477,0.0003059507522,2.747579211e-05,0.0196212013,18.874642,0.0003059507522,2.747579211e-05,0.00614293852,6.96311815,0.0003059507522,2.747579211e-05,0.00159340499,6.31161455,0.0003059507522,2.747579211e-05,0.00572297114,0.000112337998559,0.0001393866214,-2.5352672761,288.58691919,0.11019428992,-0.0033787270439999996,-0.00396591161,0.000173863672718,0.0011501412099
355,1679294400,1.073534009,1.07356136,-0.002035722244,1.22898129,4.30681888,0.865209443,1.3893424399999998,1.2788640100000002,0.2658030245,1.9754981630000004,3.74092904e-05,1.4141253834999998e-05,2.1419017470999998e-05,3.611580088e-05,6.0338055169999995e-05,9.698457803000001e-05,0.00018662550688,0.00041206679799999995,0.5336778670000001,0.0014526835699999999,0.0007986285457,59.62996940000001,50.2858803,3.53375052e-05,6.9987116,0.0169179112,29.891693600000004,0.0011530897854999998,0.00010487070699999998,0.032289952,48.979525699999996,0.0011530897854999998,0.00010487070699999998,0.007222803180000001,34.1011266,0.0011530897854999998,0.00010487070699999998,0.0030459787099999997,32.944080819999996,0.0011530897854999998,0.00010487070699999998,0.0064938895600000004,0.00024920760574000003,0.0002764122126,0.10896920889999999,164.958236699,0.277276007218,-0.002463650793,-0.0034358422199999997,0.000425456560155,0.0028344094039999997
355,1679295000,0.9295460139999999,0.929573094,0.001243329996,2.2973269660000004,4.21287857,0.7731984759999999,1.288426825,1.1276969270000001,0.25300483827,2.0495484620000006,2.8978284400000003e-05,5.7270164019999995e-06,1.1777897365e-05,2.7584102352999996e-05,4.9631019347e-05,8.409461592800001e-05,0.000168881889518,0.00037436460118000006,0.4620965204,0.0012569603299999999,0.0006955701227999999,59.79636800000001,50.416745500000005,3.0619402999999995e-05,6.90136201,0.015508624149999997,32.148495679999996,0.0003648879551,3.3414225017e-05,0.0286842686,42.8096455,0.0003648879551,3.3414225017e-05,0.00632028241,10.02299346,0.0003648879551,3.3414225017e-05,0.0021609262299999996,9.36699357,0.0003648879551,3.3414225017e-05,0.00667185795,0.000283726831074,0.0003108992395,-0.7203069123000001,337.519683638,0.27866499683,-0.00192088152,-0.0033664846400000004,0.00035445049237,0.0025960791936
355,1679295600,0.799916209,0.799943826,-0.0003081527230000003,1.2995561839999998,3.625685693,0.730111786,1.18541121,1.0896707759999997,0.16646445999999998,1.3723963489999997,2.8706973500000002e-05,2.6120636597e-06,4.9026972481e-06,1.0340771579900001e-05,1.7627405859600003e-05,3.1925277753600003e-05,5.8119742232999994e-05,0.00012984441049999998,0.39826237100000006,0.00119459736,0.00024455679555,61.5318081,50.552351800000004,2.649404726e-05,6.714335060000001,0.01342987243,14.698098019999998,0.0005195601029999999,4.6780123100000004e-05,0.026814393599999996,35.534159700000004,0.0005195601029999999,4.6780123100000004e-05,0.0065129064600000005,12.472261499999998,0.0005195601029999999,4.6780123100000004e-05,0.00210473214,11.837806330000001,0.0005195601029999999,4.6780123100000004e-05,0.0057052977399999994,0.000105664614861,0.0001331558541,0.42165302109999986,409.43763877999993,0.23353001433,-0.00274929608,-0.00347833086,0.00025133254928,0.0020799110178
355,1679296200,1.32805959,1.3280871499999998,-0.00176953199,-0.742533995,4.04341093,1.0118346809999998,1.5898985399999999,1.4931831,0.21179077249999997,2.0881051459999997,3.0947799800000006e-05,4.639859747000001e-06,6.349561514e-06,1.0291035572399998e-05,1.694292184e-05,2.8096632175e-05,5.3633482426000006e-05,0.00012598473735,0.6624547460000001,0.001073811418,0.0002518614579,59.985494499999994,50.175057200000005,4.4051172500000004e-05,6.498489430000001,0.0183121363,18.551739599999998,0.00120246636,0.0001091059831,0.0371636085,59.1974617,0.00120246636,0.0001091059831,0.007005186890000001,23.7762328,0.00120246636,0.0001091059831,0.0027874789899999994,23.42636036,0.00120246636,0.0001091059831,0.005602021099999999,7.241051581000001e-05,9.991786099999999e-05,-0.3041356276299999,397.378819915,0.21075581115699998,-0.0024206510099999998,-0.00319223034,0.00017975585706499997,0.0016941782265999998
355,1679296800,1.1598536199999998,1.1598811599999999,-0.0007744983799999999,-1.44368873,1.70663959,0.9606369320000001,1.52907167,1.44780668,0.0334230551,0.543278771,2.90988408e-05,1.9352644220000002e-06,1.9679719450000002e-06,2.485642824e-06,3.95166223e-06,5.3195378499999995e-06,9.19341499e-06,2.1357725900000003e-05,0.578639538,0.001153811763,8.561913900000001e-05,62.995944699999995,50.212430700000006,3.856152240000001e-05,6.36093724,0.016991593699999998,12.26398835,0.0008151898313,7.362219086999999e-05,0.035237567000000004,51.0814542,0.0008151898313,7.362219086999999e-05,0.006850600599999999,19.01104526,0.0008151898313,7.362219086999999e-05,0.00252780518,18.347693980000003,0.0008151898313,7.362219086999999e-05,0.00527241175,2.50648972e-06,3.01147301e-05,-0.6260797292999999,113.37270800000002,0.019860498286,-0.00288198764,-0.0035846931200000003,2.674004476e-06,3.50858356e-05
355,1679297400,1.198452556,1.1984798529999998,-0.0014660296569999997,-0.607519147,3.5095446299999993,0.9506846390000001,1.5190213899999998,1.39654264,0.20282703940000002,1.6991055730000002,3.0402690999999998e-05,4.555748579e-06,7.927480440000001e-06,1.2941606506999998e-05,2.2147725688e-05,3.7392827601e-05,7.1628341185e-05,0.00016854658046,0.597788738,0.0008196968440000001,0.00028960222330000004,58.48164959999999,50.159246,3.972136459999999e-05,6.4106548199999995,0.017488227500000002,18.6179825,0.0005797813,5.23015539e-05,0.034978731199999995,53.600938799999994,0.0005797813,5.23015539e-05,0.006703099430000001,15.514585219999997,0.0005797813,5.23015539e-05,0.00248233289,14.868574819999997,0.0005797813,5.23015539e-05,0.00578618284,0.00011499359698,0.00014229035499999999,0.025607738000000057,274.90265441199995,0.18786023455999998,-0.0025255570500000006,-0.0033314699000000004,0.00021384481229800006,0.0015299149822
355,1679298000,0.3486001962,0.34862780829999995,-0.00034377786100000005,-1.2571378599999998,0.935166039,0.47185795299999994,0.7474352970000001,0.67772069,0.016086037759999998,0.1818944846,2.81987064e-05,6.82073088e-07,6.826216285e-07,8.396872747999999e-07,1.22956275e-06,1.591142012e-06,2.6529282870000003e-06,5.6700439999999994e-06,0.1725320616,0.0017351863200000001,1.880421742e-05,68.1332056,52.9279952,1.159554485e-05,6.221536070000001,0.00846020401,3.7437151440000003,0.0002847249115,2.512146475e-05,0.017058911,15.316679920000004,0.0002847249115,2.512146475e-05,0.006089667259999999,6.990443000000001,0.0002847249115,2.512146475e-05,0.0013118383590000004,6.217182078,0.0002847249115,2.512146475e-05,0.005267645810000001,1.0260002970000001e-06,2.8614234999999997e-05,-0.23421147454,95.3058524,0.01283663659,-0.003981735530000001,-0.00433531267,1.2296002660000002e-06,1.7685673200000002e-05
355,1679298600,0.12400032899999999,0.1240276545,-0.000589507365,-1.65968182,0.576767612,0.32510200899999997,0.448401189,0.42286290399999993,0.006935466380000001,0.0658622353,2.75586357e-05,2.6024504790000003e-07,2.774913996e-07,3.560954233e-07,5.371734389999999e-07,7.686944109999999e-07,1.2902284599999998e-06,2.868403585e-06,0.0595111575,0.00246822736,1.4171633040000001e-05,72.66835560000001,54.323898699999994,4.11952475e-06,6.46910563,0.0055976969900000005,1.316573596,0.00010764204319999998,9.204641476999998e-06,0.011102748050000001,5.205090230000001,0.00010764204319999998,9.204641476999998e-06,0.00562612254,2.8202103660000004,0.00010764204319999998,9.204641476999998e-06,0.000742139037,2.0498671186,0.00010764204319999998,9.204641476999998e-06,0.00524838209,7.78787412e-07,2.8144245399999993e-05,-0.09867942920000002,133.4757218,0.01200529215,-0.004285055259999999,-0.00451311715,1.199698971e-06,1.670761765e-05
355,1679299200,0.0617698324,0.06179716580000001,0.001898754966,-1.58069042,0.44127596999999985,0.23051684900000002,0.333610183,0.29449648400000006,0.00216428165,0.0299135424,2.7484255500000002e-05,1.5075569249999997e-07,1.633022002e-07,2.0438522830000003e-07,2.9165451850000003e-07,3.9943936860000004e-07,6.67326637e-07,1.446326226e-06,0.0284012643,0.00247159368,8.55631663e-06,79.86282750000001,58.074813899999995,2.05331456e-06,6.458952119999999,0.00402445812,0.6655441080000001,7.108993905e-05,5.81903671e-06,0.00776622727,2.4882175899999996,7.108993905e-05,5.81903671e-06,0.005503203229999999,1.949405767,7.108993905e-05,5.81903671e-06,0.000529068617,1.154359017,7.108993905e-05,5.81903671e-06,0.005243375310000001,5.14348302e-07,2.78852947e-05,-0.1614829694,147.2572909,0.00892540103,-0.00449126577,-0.00466773829,1.077102167e-06,1.626345255e-05
355,1679299800,0.0602551346,0.060282408300000014,0.001931342897,-1.4995167500000002,0.4900274529999999,0.22550592999999997,0.34347299,0.299709149,0.00609497718,0.0403810888,2.7360296200000002e-05,8.15157403e-08,8.178123765e-08,9.95431366e-08,1.511952123e-07,2.00739831e-07,3.289673796e-07,7.569642479999998e-07,0.0276191266,0.00249992841,6.66056295e-06,81.9508899,58.338356,2.0047973200000003e-06,5.927312370000001,0.00396561369,0.6455495760000001,4.98588579e-05,3.832202237e-06,0.0076111033699999995,2.4416668,4.98588579e-05,3.832202237e-06,0.005502768169999999,1.6577572239999998,4.98588579e-05,3.832202237e-06,0.000524139508,0.8639370946,4.98588579e-05,3.832202237e-06,0.00522950047,3.1646529000000004e-07,2.7623721799999998e-05,0.3145915449,113.2830725785,0.006270093018,-0.00448527595,-0.00465671909,9.66496194e-07,1.53851192e-05
355,1679300400,0.1109328404,0.11096033949999999,0.0033435944704,-1.17310726,0.664520287,0.284173125,0.504427907,0.45147627999999995,0.00719945021,0.0641304313,2.77255617e-05,2.514325288e-07,2.52797929e-07,3.1098915860000005e-07,4.4145634849999997e-07,5.880215614e-07,9.46475883e-07,2.091311312e-06,0.052454908499999994,0.0029952340700000004,1.116460192e-05,76.1362717,55.837562500000004,3.6878123e-06,6.278411010000001,0.00513735993,1.1511863940000002,9.037232880000001e-05,7.397641486e-06,0.0103800452,4.55453292,9.037232880000001e-05,7.397641486e-06,0.00569037371,2.5789692,9.037232880000001e-05,7.397641486e-06,0.000780570456,1.7987678825,9.037232880000001e-05,7.397641486e-06,0.005246606609999999,4.4740331700000006e-07,2.79042814e-05,0.3072747751999999,115.78231545000001,0.00893036447,-0.00439859391,-0.00461890947,8.369607400000001e-07,1.5125864299999998e-05
355,1679301000,0.33488699200000005,0.33491462399999994,8.686363799999998e-05,-1.222592615,0.9934803109999999,0.499795965,0.8710765840000001,0.8135873439999999,0.008994275290000001,0.16049961,2.8090621000000003e-05,5.470495510000001e-07,5.304053074e-07,6.460149641e-07,9.73782344e-07,1.2203958293e-06,1.9747598316999997e-06,4.3612791639999994e-06,0.16463145399999998,0.00278453814,1.67877879e-05,70.4085923,51.7449834,1.1140335370000002e-05,6.019318190000001,0.00878934833,3.4539072500000003,0.0002465053001,2.1596750255e-05,0.0186263556,14.34586855,0.0002465053001,2.1596750255e-05,0.006084030740000001,5.94875246,0.0002465053001,2.1596750255e-05,0.001371207896,5.18590509,0.0002465053001,2.1596750255e-05,0.00526267693,6.96637327e-07,2.8354156599999996e-05,-0.004772733199999999,52.35136618,0.007436581108000001,-0.00395497113,-0.00434092449,1.0001115529999998e-06,1.66774192e-05
355,1679301600,0.347707079,0.347734684,-0.000538814911,-1.1904473599999998,1.044594354,0.5046396740000001,0.8920022190000001,0.833125431,0.00945047836,0.165572086,2.79737053e-05,4.709034175e-07,4.5101239689999995e-07,5.651229309000001e-07,9.047965150000001e-07,1.1623622779999998e-06,1.9465317930000004e-06,4.48514453e-06,0.17084632859999999,0.00297686098,1.99756351e-05,69.9560529,51.7843248,1.1561993e-05,5.87422468,0.00908602717,3.6764213900000002,0.0003150131338,2.785558703e-05,0.019096994800000003,15.106521500000003,0.0003150131338,2.785558703e-05,0.00622608693,7.42576396,0.0003150131338,2.785558703e-05,0.00149838499,6.6875706600000004,0.0003150131338,2.785558703e-05,0.005259620610000001,6.61869391e-07,2.8288864599999997e-05,0.12440420010000001,40.836437384999996,0.006193432547000001,-0.0039535177999999995,-0.00434611721,8.26188689e-07,1.49288932e-05
355,1679302200,0.13744800299999999,0.1374757155,-0.0026796764419999997,-0.644836643,0.774398645,0.292387834,0.6262691149999999,0.528578638,0.00841159158,0.0715957522,2.8059744700000007e-05,3.6174548679999996e-07,3.82405128e-07,6.416489890000002e-07,6.526346779999999e-07,8.69866122e-07,1.7013086859999999e-06,2.8791676199999998e-06,0.058905063800000004,0.00978083611,2.9642228100000004e-05,84.83664000000002,66.1899383,4.56209952e-06,6.525277209999999,0.00562676319,1.477426986,0.0001612578218,1.386806656e-05,0.010935037849999999,5.181175059999999,0.0001612578218,1.386806656e-05,0.00579869004,3.67934737,0.0001612578218,1.386806656e-05,0.0008893582910000002,2.9212662160000002,0.0001612578218,1.386806656e-05,0.005268637849999999,9.533484780000002e-07,2.8618774699999998e-05,-0.0931856691,155.58686986,0.01427897636,-0.00401825475,-0.00438279984,1.286859909e-06,1.90785349e-05
355,1679302800,0.12777524299999998,0.12780283199999998,-0.002899103833,-0.503330838,0.7607107280000001,0.278840446,0.625556601,0.5439166060000001,0.005357366990000001,0.0685012259,2.7739462600000003e-05,1.6126072540000002e-07,1.641235816e-07,2.80433047e-07,3.1494881639999997e-07,4.092086076e-07,8.080515010000001e-07,1.5209138249999998e-06,0.05304155070000001,0.010815108600000001,2.68691218e-05,90.7498482,67.035846,4.24677067e-06,6.36473466,0.00550137149,1.3392062,0.00021814506659999998,1.9129819775e-05,0.010605386500000001,4.63019577,0.00021814506659999998,1.9129819775e-05,0.00586923975,4.5538753100000005,0.00021814506659999998,1.9129819775e-05,0.0009571855819999999,3.8203304670000002,0.00021814506659999998,1.9129819775e-05,0.00526254462,5.63166578e-07,2.82110068e-05,0.2754631548,53.15221127000001,0.0057373161300000005,-0.00422301197,-0.004591134879999999,9.811046529999998e-07,1.563213595e-05
355,1679303400,0.157596709,0.157624428,-0.007396164330000001,-0.626049277,0.83777557,0.317403126,0.670595462,0.5808927359999999,0.01359588518,0.0909287819,2.7904181000000008e-05,2.1272542489999998e-07,2.082965608e-07,2.9881949999999996e-07,3.73320383e-07,4.924365210000001e-07,9.027018209999999e-07,1.747437372e-06,0.0679529658,0.0108129862,2.7724821e-05,88.3933825,63.9444737,5.23673415e-06,6.17168005,0.006102874439999999,1.66567957,0.00031772009529999995,2.8216194517e-05,0.0119194687,5.9681147999999995,0.00031772009529999995,2.8216194517e-05,0.00596527405,6.218297826,0.00031772009529999995,2.8216194517e-05,0.001074928619,5.5324466257000005,0.00031772009529999995,2.8216194517e-05,0.00526503094,5.93085091e-07,2.82531338e-05,0.1121152226,50.575037859999995,0.006958224676,-0.00418341757,-0.00456484308,8.51867878e-07,1.4505142950000001e-05
355,1679304000,0.43077629799999995,0.430803974,-0.004461629535,0.4158011480000002,2.0911013,0.501810319,0.950616525,0.854313573,0.09486571267,0.7295581675999999,3.15903634e-05,4.269724258e-06,4.769947822e-06,6.5459191599999995e-06,7.82415819e-06,1.2200553616e-05,6.779484505399998e-05,0.00014007232103,0.20343015059999997,0.01143855575,0.0002717602043,74.5716893,57.9127823,1.424931897e-05,6.67121318,0.01026102331,7.4689539499999995,0.0006890214217,6.223718618999999e-05,0.01892495835,17.92082767,0.0006890214217,6.223718618999999e-05,0.006630693480000001,21.916339077,0.0006890214217,6.223718618999999e-05,0.001942822574,21.111480334999996,0.0006890214217,6.223718618999999e-05,0.00574150329,1.7801397112e-05,4.54404116e-05,0.28408230283,156.74758285399997,0.046446293129999996,-0.0017301306199999998,-0.00261305527,3.98128581e-06,4.096922585e-05
355,1679304600,0.35526031,0.35528782400000003,-0.004378186439999999,-0.769892364,1.231012604,0.47766989400000004,0.980654969,0.8505259580000001,0.029944773,0.214602491,2.7966788300000003e-05,5.416660333999999e-07,5.63748257e-07,8.594643387000001e-07,1.171777867e-06,1.7896667743e-06,4.7896837260000005e-06,6.75099874e-06,0.1659631381,0.0116012715,4.85025348e-05,77.12323589999998,56.900775499999995,1.180320415e-05,6.07399678,0.00909358077,3.8899509800000005,0.0005321919136,4.7761603819999994e-05,0.018591917300000003,14.648566300000002,0.0005321919136,4.7761603819999994e-05,0.00636712203,10.85317149,0.0005321919136,4.7761603819999994e-05,0.00165793037,10.24016833,0.0005321919136,4.7761603819999994e-05,0.005301173520000001,2.155606245e-06,2.9705428800000005e-05,-0.08748042726700002,34.37884523,0.010104915159999998,-0.0033636158399999996,-0.00418230404,1.94891403e-06,2.031617195e-05
355,1679305200,0.32420645,0.3242340066666667,-0.0074534935333333335,-0.82663498,1.2274124333333332,0.45809573,0.9331534866666665,0.8436507333333334,0.019200108166666667,0.20322495333333335,2.7768183333333333e-05,2.9427243333333334e-07,2.876575666666667e-07,4.84901978e-07,7.145429066666666e-07,9.400921666666666e-07,1.881344836666667e-06,3.942257766666667e-06,0.1517641,0.0102921485,3.749535733333333e-05,76.01750866666667,56.387999,1.0777439999999999e-05,5.923265533333333,0.008606496333333333,3.4648879999999997,0.0007085107,6.391682733333333e-05,0.018048198,13.484964,0.0007085107,6.391682733333333e-05,0.0066975622,14.391863,0.0007085107,6.391682733333333e-05,0.0019644508666666663,13.792589666666666,0.0007085107,6.391682733333333e-05,0.005263281333333334,1.1911756333333334e-06,2.8734223333333336e-05,0.16096609999999997,82.05076533333333,0.014460672333333332,-0.0037819471000000004,-0.004313014733333333,1.3189841333333332e-06,1.9532932666666668e-05
355,1679307600,0.406494424,0.40649883400000003,0.23912695199999998,-0.887972508,1.2146620799999999,0.52017015,1.0872331800000001,0.9833550040000001,0.021497653699999997,0.191321142,4.69263504e-06,3.5238476800000007e-07,3.2332430579999997e-07,5.802755615000001e-07,7.713159260000001e-07,9.355755039999999e-07,1.9795044936e-06,3.77379786e-06,0.18975580399999997,0.0112574696,0.00222463294,84.4382062,56.6379504,1.3507384100000002e-05,5.70409076,0.009828592,4.4156987,0.00027953530279999994,2.543054526e-05,0.019955452399999997,16.7646402,0.00027953530279999994,2.543054526e-05,0.0029743316400000002,6.01152526,0.00027953530279999994,2.543054526e-05,0.00142950514,5.93579676,0.00027953530279999994,2.543054526e-05,0.00206219332,1.295426052e-06,5.75132762e-06,-0.22188893880000005,54.00766331999999,0.01295638896,-6.506865800000009e-05,-0.000616926948,9.1102251e-07,8.90810316e-06
355,1679308200,0.5362044429999999,0.536219266,0.08266016829999999,-1.269938626,1.3509037499999998,0.643497452,1.0610948820000001,0.974692254,0.03531927184,0.3304330510000001,1.59809311e-05,1.358742154e-06,1.4231310580000002e-06,1.902434182e-06,2.494550255e-06,3.4125204900000004e-06,9.422562660000002e-06,1.170050433e-05,0.2547805545,0.011114728,0.0021739331100000003,77.6793065,55.3233815,1.78066343e-05,6.47491158,0.011672195800000002,6.049151930000001,0.00033732762095,3.0402607590000005e-05,0.022866297900000002,22.432483499999996,0.00033732762095,3.0402607590000005e-05,0.004779895430000001,8.626087179999999,0.00033732762095,3.0402607590000005e-05,0.001584385424,8.247764473,0.00033732762095,3.0402607590000005e-05,0.0039061960199999997,4.069445882999999e-06,1.889805015e-05,0.10268442579999996,86.15486603000001,0.02752980904,-0.00175088677,-0.0023529893799999996,7.5994250599999995e-06,8.294403379000001e-05
355,1679308800,0.611342971,0.6113627210000001,0.1456674084,-1.186506666,1.43348128,0.675269256,1.25628835,1.15687284,0.022271015800000002,0.29975336,2.03158088e-05,7.25885452e-07,7.427060873999999e-07,1.1473077630000001e-06,1.666035251e-06,2.277162475e-06,7.77509912e-06,9.76714281e-06,0.291380426,0.01219734965,0.00206900417,78.73809099999998,54.449725,2.03058123e-05,6.28399355,0.012430838699999999,6.61661105,0.00037175220570000004,3.3355355199999996e-05,0.024962605500000002,25.630069599999995,0.00037175220570000004,3.3355355199999996e-05,0.0055935232000000005,10.421224759999998,0.00037175220570000004,3.3355355199999996e-05,0.0018321433500000002,9.8663864,0.00037175220570000004,3.3355355199999996e-05,0.0044632695,1.78776025e-06,2.15765668e-05,0.033730422100000004,11.277929732,0.00936366647,-0.0023934017700000003,-0.0029887680999999998,9.56656996e-07,1.351260435e-05
355,1679309400,0.582602076,0.582624426,0.19040321000000002,-1.0502573530000001,1.4294686600000002,0.6395371830000001,1.26551362,1.16561059,0.01544069474,0.281855095,2.31911423e-05,1.036370137e-06,1.063717232e-06,1.4935740709999998e-06,2.0688070800000003e-06,2.81871634e-06,5.134630270000001e-06,1.0741977079999999e-05,0.27924424000000003,0.009947980070000001,0.0020833872,75.2359574,53.794501600000004,1.93480826e-05,6.57017881,0.011776987,6.23664387,0.0006799836262,6.149123403e-05,0.0244174879,24.5688006,0.0006799836262,6.149123403e-05,0.0061246467800000004,14.46007124,0.0006799836262,6.149123403e-05,0.00208091267,14.0839304,0.0006799836262,6.149123403e-05,0.0047235153500000005,1.3131385e-06,2.3579535000000003e-05,0.0681206003,17.60680336,0.007996668735,-0.0029007218799999997,-0.0035008772100000004,1.009767197e-06,1.4682586199999997e-05
355,1679310000,0.539070126,0.539093948,0.199674301,-1.14400452,1.2799890399999998,0.6259536379999999,1.20243674,1.1154715400000002,0.005346337810000001,0.230148346,2.4310724699999998e-05,6.42558576e-07,6.25324304e-07,9.011916110000001e-07,1.3182761389999999e-06,1.720148598e-06,3.114430803e-06,6.783938429999999e-06,0.26136998,0.00598831779,0.0021611287799999995,76.8209747,52.754933099999995,1.79199941e-05,6.20294988,0.011363968050000003,5.78453098,0.0006122060620000001,5.521049580000001e-05,0.023683757299999997,22.9986525,0.0006122060620000001,5.521049580000001e-05,0.0062793603600000015,13.31413756,0.0006122060620000001,5.521049580000001e-05,0.0020628022200000003,12.81896443,0.0006122060620000001,5.521049580000001e-05,0.0048885184699999995,1.420803224e-06,2.5239497099999998e-05,0.008837895400000004,118.423689107,0.014430025318,-0.0031942708300000005,-0.0037395284399999998,2.362942052e-06,2.97623854e-05
355,1679310600,0.8016600689999999,0.8016850200000001,0.15206291700000002,-1.19153405,1.5440721499999999,0.7643583919999999,1.4233934400000001,1.2993396499999998,0.02774406432,0.36412783300000007,2.60621519e-05,1.40597391e-06,1.368255636e-06,1.805035285e-06,2.4929409439999998e-06,3.165096944e-06,5.44806135e-06,1.1418770870000001e-05,0.392384776,0.006581487450000001,0.0018355392000000002,73.23475649999999,52.08888880000001,2.66438979e-05,6.180660550000001,0.013756767150000002,8.59111983,0.0006248342210000001,5.62962361e-05,0.028748876099999997,34.7237765,0.0006248342210000001,5.62962361e-05,0.006360341869999999,13.87018187,0.0006248342210000001,5.62962361e-05,0.0021367198699999996,13.233629950000003,0.0006248342210000001,5.62962361e-05,0.00500504989,1.53369277e-06,2.6539968000000003e-05,-0.1563862844,27.079573370000002,0.008452265490000001,-0.00298823744,-0.0036475641100000003,1.119666296e-06,1.7252514800000002e-05
355,1679311200,0.559516874,0.5595424710000001,0.189534717,-1.1221180600000003,1.38555478,0.6343964230000001,1.2185247000000001,1.13583467,0.010672592959999998,0.26162673300000006,2.6061289599999997e-05,6.10251106e-07,5.887665287e-07,8.953490055e-07,1.2499743470000001e-06,1.553383733e-06,2.990306923e-06,6.417618310000001e-06,0.271191635,0.00662188014,0.0019301451300000002,76.88669999999999,52.8446655,1.8601705000000002e-05,5.9408058299999995,0.0115751839,5.974861510000001,0.0006482406045,5.844441565e-05,0.02409054,23.8500068,0.0006482406045,5.844441565e-05,0.006433655340000001,13.758646590000001,0.0006482406045,5.844441565e-05,0.0020577792,13.269591550000001,0.0006482406045,5.844441565e-05,0.0050615270000000006,1.432012167e-06,2.6951205100000002e-05,-0.1178127247,12.948996406000001,0.005408092301,-0.00324893577,-0.00385588788,1.0090398419999999e-06,1.4433637600000003e-05
355,1679311800,0.760073877,0.76009975,0.16425235300000002,-1.18509458,1.50098336,0.741834833,1.37291686,1.29341447,0.01566162185,0.332084095,2.6908709699999998e-05,1.2743382910000001e-06,1.2516118256e-06,1.6030555200000002e-06,2.383986306e-06,2.989404483e-06,5.090323256e-06,1.1061115309999999e-05,0.37173550499999997,0.00623169972,0.0020430283700000004,73.6153372,52.12069660000001,2.52644489e-05,6.030890899999999,0.01346710565,8.08485265,0.0007459064891,6.738679499e-05,0.027986762999999998,32.7284317,0.0007459064891,6.738679499e-05,0.00656407735,16.4232795,0.0007459064891,6.738679499e-05,0.00223922382,15.90004188,0.0007459064891,6.738679499e-05,0.00509861891,1.69387225e-06,2.7603961700000003e-05,-0.6257484259000001,104.58608549,0.014336942386100001,-0.00313223928,-0.00379547405,2.3397809290000006e-06,3.0899685050000006e-05
355,1679312400,1.0839504040000003,1.08397629,0.1305508746,-1.2424549200000001,1.77316663,0.896602796,1.6156243099999998,1.50402092,0.0408101949,0.49704107200000003,2.73541361e-05,1.8177146700000003e-06,1.7920897272999999e-06,2.2158145970000004e-06,3.1932400670000004e-06,3.932643093999999e-06,6.502111264e-06,1.3938305800000002e-05,0.534431632,0.0055499618,0.00195864994,71.21093299999998,51.3503796,3.6045054e-05,5.929268679999999,0.0159721592,11.329116500000001,0.0007947785687999999,7.185748727e-05,0.0335019387,46.706955699999995,0.0007947785687999999,7.185748727e-05,0.00664220301,17.9486413,0.0007947785687999999,7.185748727e-05,0.0024590975899999997,17.314241600000003,0.0007947785687999999,7.185748727e-05,0.00509694195,1.9728967499999996e-06,2.78891474e-05,-0.05692627390000001,8.7023768,0.00854274075,-0.00273828993,-0.0034862393400000003,9.355824770000001e-07,1.52154697e-05
355,1679313000,1.013665535,1.013691856,0.112426628,-1.3372973099999999,1.6374499699999998,0.8827650310000001,1.5294092,1.4316062100000002,0.03022502358,0.44878592800000006,2.85552924e-05,2.645102087e-06,2.7188555145999997e-06,3.434505131e-06,4.915142106000001e-06,6.128002215e-06,8.936323369999998e-06,1.71685122e-05,0.502399244,0.0027033952899999996,0.00168178992,68.60555240000001,50.788598699999994,3.3702712499999996e-05,6.0477956200000005,0.01575325285,10.669549700000001,0.000864223289,7.817420100000001e-05,0.0326573055,43.9903452,0.000864223289,7.817420100000001e-05,0.006694029309999999,18.94489817,0.000864223289,7.817420100000001e-05,0.00246381501,18.428188709999997,0.000864223289,7.817420100000001e-05,0.005142225259999999,4.7707345799999996e-06,3.0943530600000005e-05,0.4392796564000001,122.07827073200001,0.033295897996,-0.0027838787100000002,-0.00349807657,1.2261890369999998e-05,0.00013760308065
355,1679313600,0.6885845119999999,0.688611217,0.0751937532,-1.38770247,1.3689418,0.7323453339999999,1.22823749,1.1632104900000002,0.014088954419999999,0.316174409,2.79200103e-05,1.4013874669999998e-06,1.4089740278e-06,1.8109388079999998e-06,2.515639817e-06,3.284297598e-06,5.575403304e-06,1.14671482e-05,0.340857791,0.00165383653,0.00175194609,69.0987606,50.82874969999999,2.28886326e-05,6.15226331,0.013135688400000001,7.30334531,0.00044299528450000007,3.961381588e-05,0.0269671352,29.967768999999997,0.00044299528450000007,3.961381588e-05,0.006285844929999999,10.39792709,0.00044299528450000007,3.961381588e-05,0.00185569142,9.67463554,0.00044299528450000007,3.961381588e-05,0.0051752741,1.6923399999999997e-06,2.8395114199999997e-05,0.04902541563,25.324009617000005,0.011842802000000001,-0.0031240663500000003,-0.0037008741500000005,1.440601127e-06,1.90622254e-05
355,1679314200,0.680463555,0.6804903729999999,0.09784929099999999,-1.38495011,1.30586485,0.7276069740000001,1.2359252,1.16628559,0.017072752650000002,0.29129445900000006,2.7953435100000003e-05,1.373559843e-06,1.3759469763999998e-06,1.7520210149999996e-06,2.4483685129999997e-06,3.070396163e-06,5.048387732999999e-06,1.0516745160000002e-05,0.335921351,0.00245156401,0.0018320087299999997,70.8521696,51.1108348,2.2622154600000002e-05,6.28040252,0.0130990246,7.22394482,0.000541515725,4.860599635000001e-05,0.026713190300000002,29.486559600000003,0.000541515725,4.860599635000001e-05,0.0064267154100000005,12.261245999999998,0.000541515725,4.860599635000001e-05,0.00198105143,11.58935123,0.000541515725,4.860599635000001e-05,0.00518300424,1.76956068e-06,2.8544337399999998e-05,-0.03545895264,12.056676529999999,0.009646709139999998,-0.00311638864,-0.00365780254,1.1368056470000001e-06,1.786608775e-05
355,1679314800,0.528102011,0.52812899,0.1016191394,-1.3887059499999999,1.21514962,0.6386293810000001,1.076282865,1.0159810290000002,0.018398102399999998,0.258994807,2.7583653999999996e-05,7.641066120000001e-07,7.587927374e-07,1.123765365e-06,1.3994920950000001e-06,1.729901063e-06,3.2434635100000004e-06,6.13695613e-06,0.260247333,0.00185505479,0.0019324597400000002,73.097857,51.2241743,1.75628216e-05,6.2959563,0.011491377899999999,5.654790459999999,0.00035879931179999997,3.1906038643999997e-05,0.0234175063,22.859353300000002,0.00035879931179999997,3.1906038643999997e-05,0.0061661474,8.72234848,0.00035879931179999997,3.1906038643999997e-05,0.001621133404,8.006823523,0.00035879931179999997,3.1906038643999997e-05,0.0052067176899999994,1.8389095200000003e-06,2.8876678799999997e-05,0.04997012289999999,13.602705826,0.00990309243,-0.0031054212300000005,-0.0036346326800000004,1.077754283e-06,1.7594104800000002e-05
355,1679315400,0.431358944,0.431385873,0.0837066759,-1.4507068699999999,1.0327815299999998,0.586089976,0.959616785,0.9165279730000002,0.010314953149999999,0.194055419,2.7663628700000002e-05,8.91493482e-07,9.351239466e-07,1.2313567900000001e-06,1.6606138669999998e-06,2.1491058780000002e-06,3.604665174e-06,7.371588363e-06,0.21216392499999998,0.00133956105,0.00215727957,73.2604764,51.258370400000004,1.4336944050000001e-05,6.29273261,0.0105953327,4.68831918,0.00044542067789999994,3.98329121e-05,0.0213363591,18.6932169,0.00044542067789999994,3.98329121e-05,0.00619309697,9.53593737,0.00044542067789999994,3.98329121e-05,0.00160593059,8.89579953,0.00044542067789999994,3.98329121e-05,0.00519086439,1.45652515e-06,2.8354472899999995e-05,-0.18909499400000002,19.914051035,0.007573351220000001,-0.00327917353,-0.00376405613,1.011794668e-06,1.6998620449999997e-05
355,1679316000,0.446536548,0.446563557,0.1127501925,-1.3922578199999998,1.13069701,0.591874916,0.989505198,0.9441663329999999,0.0133298525,0.212126107,2.7667336000000004e-05,7.648124349999999e-07,7.9648471e-07,1.102238309e-06,1.5408392220000001e-06,2.058404357e-06,3.528935804e-06,7.3658624200000005e-06,0.218969165,0.002094274723,0.0021870091499999996,72.8216772,51.6971044,1.4837324299999998e-05,6.4464890299999995,0.010634180000000002,4.74503514,0.0003959435334,3.531585568e-05,0.0215252028,19.1052918,0.0003959435334,3.531585568e-05,0.00620569202,8.953666089999999,0.0003959435334,3.531585568e-05,0.0016300032599999997,8.24723922,0.0003959435334,3.531585568e-05,0.0052082071600000005,1.58355215e-06,2.86485429e-05,0.11162301997533,29.714750220000003,0.008873225713,-0.0032772325,-0.0037633375599999998,1.394284107e-06,1.8981053199999998e-05
355,1679316600,0.353062438,0.35308974600000004,0.22708877200000002,-1.19317182,1.061207396,0.51308503,0.9620543869999999,0.8972148900000001,0.00801558372,0.15956955499999997,2.8092991200000002e-05,9.057225159999999e-07,9.481249540000002e-07,1.2666238050000001e-06,1.605644334e-06,2.1491154429999997e-06,3.5529284760000003e-06,7.159823459999999e-06,0.17020632500000002,0.00400808469,0.00229830276,76.0409527,53.149212399999996,1.1723898250000002e-05,6.530829690000002,0.0093871604,3.77317458,0.00019014068060000002,1.644465954e-05,0.019007524700000004,14.839871250000002,0.00019014068060000002,1.644465954e-05,0.005976078730000001,4.905119409999999,0.00019014068060000002,1.644465954e-05,0.0013058917999999998,4.08076524,0.00019014068060000002,1.644465954e-05,0.00522736165,1.1525250599999998e-06,2.8466933700000005e-05,0.013197522600000006,2.981982371,0.001966521775,-0.0035417012899999997,-0.00397484748,9.264148050000001e-07,1.4405218100000001e-05
355,1679317200,0.35121633500000005,0.35124358899999997,0.20241968200000002,-1.23201601,1.0648825250000002,0.5156208170000001,0.9482539579999999,0.881426899,0.01151339569,0.168443116,2.7486447699999998e-05,3.28559898e-07,3.2044388920000004e-07,4.970427637000001e-07,6.78160028e-07,8.79849898e-07,1.70166714e-06,3.6009747740000005e-06,0.168538496,0.004730628870000001,0.00233077215,80.39825420000001,53.5514417,1.16742752e-05,5.99106818,0.0094968725,3.80817234,0.0001427204617,1.21973833e-05,0.0189733629,14.797665650000003,0.0001427204617,1.21973833e-05,0.00598307857,5.244723479999999,0.0001427204617,1.21973833e-05,0.00130587276,4.405786000000001,0.0001427204617,1.21973833e-05,0.00522228186,1.2178936549999998e-06,2.84703836e-05,-0.16221876305,14.377422669000001,0.0036347763346000006,-0.0034953204200000006,-0.00392034389,1.090161258e-06,1.67365007e-05
355,1679317800,0.326427682,0.32645495,0.20467316600000002,-1.2324069899999999,1.09274585,0.49682877099999995,0.904715111,0.83770057,0.0204265479,0.177920674,2.7718170800000003e-05,5.41389585e-07,5.517389579999999e-07,8.26434884e-07,1.0610647999999999e-06,1.422943746e-06,2.57667223e-06,4.889657660000001e-06,0.157986265,0.00294797869,0.0022672027399999995,75.94750459999999,52.705235200000004,1.0845649099999999e-05,6.404160210000001,0.009106798499999999,3.5521490799999995,0.00030743501140000003,2.7194021340000002e-05,0.0183238684,13.87380755,0.00030743501140000003,2.7194021340000002e-05,0.00603841735,6.9398348400000005,0.00030743501140000003,2.7194021340000002e-05,0.00134989506,6.204720015999999,0.00030743501140000003,2.7194021340000002e-05,0.00521996791,1.2781625300000001e-06,2.84797109e-05,0.117555843,20.16916955,0.007267413769999999,-0.00346885816,-0.003914668410000001,9.46060853e-07,1.5235002000000001e-05
355,1679318400,0.31371813200000004,0.313745281,0.212971866,-1.25369967,1.0069807329999998,0.487496038,0.884314489,0.8317003789999999,0.01103981533,0.150765049,2.74736335e-05,3.916528345999999e-07,3.857432834e-07,6.294339557e-07,7.842131950000001e-07,1.000011783e-06,1.937779199e-06,3.83160211e-06,0.152232513,0.0024195502599999997,0.0021976982199999997,76.4584998,52.4581809,1.0427722650000002e-05,6.15122014,0.0089161198,3.3990098699999995,0.00024143816999999999,2.113833774e-05,0.0180249512,13.363831449999998,0.00024143816999999999,2.113833774e-05,0.006052089719999999,6.0192495699999995,0.00024143816999999999,2.113833774e-05,0.00136126414,5.27652384,0.00024143816999999999,2.113833774e-05,0.005221813300000001,1.1409998169999998e-06,2.8385296800000006e-05,0.04193788319999999,14.636668182700001,0.0045791897751,-0.0035434671199999998,-0.0039715233,1.0228830500000001e-06,1.5044668399999999e-05
355,1679319000,0.300836132,0.300863431,0.20894218799999997,-1.2774125299999999,0.9539166250000001,0.47867316200000004,0.8613638009999999,0.811487281,0.0072340960499999996,0.13803278999999996,2.7929496e-05,7.355134409999999e-07,7.572836071999999e-07,9.59902109e-07,1.3028290360000001e-06,1.734343439e-06,2.856803467e-06,5.944194230000001e-06,0.14576414,0.0024138349999999996,0.00222517369,75.20137689999999,52.6256572,9.991218499999997e-06,6.41790824,0.008798384999999999,3.2751282799999997,0.000379892734,3.3813976500000004e-05,0.0176387885,12.81304965,0.000379892734,3.3813976500000004e-05,0.006147319819999999,7.923759769999999,0.000379892734,3.3813976500000004e-05,0.001442096764,7.27531456,0.000379892734,3.3813976500000004e-05,0.00522175607,8.242259390000001e-07,2.80672722e-05,-0.12737193920000003,16.749801792,0.004093038061,-0.00381351786,-0.0041641851199999995,8.88310617e-07,1.4675156049999998e-05
355,1679319600,0.266483374,0.266510568,0.24558556999999998,-1.21897262,0.924478236,0.44811221300000004,0.8359380240000001,0.7826113840000001,0.0037439532000000005,0.1179793589,2.7520913099999996e-05,4.042545125e-07,4.244741876e-07,6.31660944e-07,8.249739440000001e-07,1.1032620749999998e-06,2.06730104e-06,4.108249319999999e-06,0.127859632,0.0031515282600000005,0.00222061605,79.72110699999999,53.4708071,8.851216349999999e-06,6.56282782,0.0082982346,2.92072847,0.00021977221720000003,1.916475383e-05,0.016537493800000004,11.214888550000001,0.00021977221720000003,1.916475383e-05,0.00596159712,5.39471915,0.00021977221720000003,1.916475383e-05,0.001233394902,4.621048930000001,0.00021977221720000003,1.916475383e-05,0.005215501030000001,9.69255892e-07,2.8136657499999998e-05,0.048508643,33.411373471,0.005229612332999999,-0.00376184056,-0.00415687136,1.0410857020000003e-06,1.60411644e-05
355,1679320200,0.25864837799999996,0.258675566,0.256777115,-1.2316154300000002,0.887277082,0.44321760900000007,0.8237501500000001,0.7682109560000001,0.0052567334299999996,0.11342314579999999,2.7408664800000002e-05,3.01761297e-07,2.6953196169999996e-07,4.564528042e-07,5.86961528e-07,7.942786020000001e-07,1.431735058e-06,2.850340941e-06,0.12426755900000001,0.0028085619799999998,0.00224111523,80.1101401,53.3426247,8.6016417e-06,6.14967738,0.00808218348,2.77329533,0.0002330781944,2.0370369269999998e-05,0.0162014547,10.7665616,0.0002330781944,2.0370369269999998e-05,0.0060539182,5.940933940000001,0.0002330781944,2.0370369269999998e-05,0.00133750161,5.200624930000001,0.0002330781944,2.0370369269999998e-05,0.00521978054,1.0757997539999999e-06,2.8293131e-05,-0.0017085505999999973,34.829996775,0.005630286265,-0.00362556828,-0.00406688809,9.90801149e-07,1.63300074e-05
355,1679320800,0.24831128199999997,0.24833855200000002,0.266866201,-1.2463795799999997,0.873701666,0.4352872499999999,0.8010619629999999,0.752160466,0.00561355018,0.1087342854,2.77452195e-05,5.324285530000001e-07,5.424253435000001e-07,7.067381045e-07,9.073667919999998e-07,1.159090329e-06,1.8907642640999996e-06,3.5424321689999994e-06,0.1195337831,0.00231248464,0.00229961771,78.19096010000001,53.0982471,8.256381600000002e-06,5.94481636,0.00791044444,2.66718853,0.00028060888479999993,2.472701964e-05,0.0159104119,10.3887876,0.00028060888479999993,2.472701964e-05,0.00601483671,6.15294888,0.00028060888479999993,2.472701964e-05,0.001266345844,5.42107436,0.00028060888479999993,2.472701964e-05,0.00522336104,8.810435930000001e-07,2.81562098e-05,0.08440652084999999,4.615666620000001,0.0025000193977000006,-0.00375723773,-0.00413935346,8.37091194e-07,1.3756885850000001e-05
355,1679321400,0.241927874,0.24195544,0.265075188,-1.2778983,0.9208405949999999,0.43148483200000004,0.781111346,0.7384350559999999,0.00473497248,0.1251928444,2.7848304600000003e-05,3.405573765e-07,3.4324623679999997e-07,5.412389330000001e-07,7.09833693e-07,9.89380552e-07,1.6792566860000002e-06,3.283909143e-06,0.11717299699999999,0.00149617516,0.0022865434200000003,77.3919224,52.4940693,8.04203537e-06,6.37704413,0.00792425558,2.6926497400000002,0.00019182009930000002,1.6664780203e-05,0.01585404385,10.338383050000001,0.00019182009930000002,1.6664780203e-05,0.00594927341,4.8274248,0.00019182009930000002,1.6664780203e-05,0.001162528455,4.0545729999999995,0.00019182009930000002,1.6664780203e-05,0.00525133373,1.1293979149999999e-06,2.8670116e-05,0.115830155,32.360580605,0.0068230009800000005,-0.0036690543800000004,-0.00408219093,1.057296906e-06,1.62978937e-05
355,1679322000,0.288880732,0.28890811,0.22962467699999997,-1.31925502,0.90809023,0.473621285,0.8417882109999999,0.797986862,0.00337687891,0.1258742311,2.7965357199999997e-05,6.660113660000001e-07,6.821974975e-07,9.61334901e-07,1.175909251e-06,1.5699343599999997e-06,2.6535120099999994e-06,4.8033840799999995e-06,0.140756057,0.0014566102,0.0022145665699999993,74.71340560000002,52.013982799999994,9.598918700000001e-06,6.35349774,0.00860881285,3.14849861,0.00025982349380000003,2.283107854e-05,0.017377738400000002,12.38599865,0.00025982349380000003,2.283107854e-05,0.0060695769,6.30756909,0.00025982349380000003,2.283107854e-05,0.0013410243699999997,5.568370697000001,0.00025982349380000003,2.283107854e-05,0.00523207767,1.1778254019999998e-06,2.8520976499999996e-05,0.058664827100000004,21.926884231,0.005707357354,-0.003541516360000001,-0.00396428431,9.720340240000001e-07,1.571001145e-05
355,1679322600,0.268533915,0.26856144600000004,0.24417508999999998,-1.3602734699999999,0.84658835,0.46039416000000005,0.8053370939999999,0.76543585,0.0030014374,0.11247397289999998,2.7765867700000002e-05,3.0689626400000003e-07,2.870964756e-07,4.3154167300000005e-07,6.102054310000001e-07,8.117911989999998e-07,1.309974877e-06,2.532774325e-06,0.131092706,0.0008972792019999998,0.0022703880300000002,77.171334,51.7734828,8.93001295e-06,5.84630209,0.008306034399999999,2.93136093,0.0001338885991,1.135235264e-05,0.0167477203,11.5041785,0.0001338885991,1.135235264e-05,0.00593731188,4.378145470000001,0.0001338885991,1.135235264e-05,0.00117365868,3.5887237000000005,0.0001338885991,1.135235264e-05,0.0052523946600000005,1.0163645660000001e-06,2.85865448e-05,0.0031511528000000037,8.237674611,0.0034463185600000002,-0.00368054737,-0.0040782527600000005,8.390539129999999e-07,1.443595025e-05
355,1679323200,0.243080023,0.24310773800000002,0.274399851,-1.3109177499999998,0.909065254,0.43580669800000005,0.779948809,0.738585056,0.004638894060000001,0.12053402319999999,2.8407366600000002e-05,7.689294815e-07,7.892759713e-07,1.0164934323e-06,1.269307593e-06,1.664055204e-06,2.547108263e-06,4.590824725e-06,0.1180763498,0.0010645015599999997,0.0023858027600000002,73.7675185,52.1445605,8.076362259999998e-06,6.254195510000001,0.007920377750000002,2.68492431,0.00021832948540000002,1.9093007039999997e-05,0.0158883576,10.3637647,0.00021832948540000002,1.9093007039999997e-05,0.00595591113,4.98875397,0.00021832948540000002,1.9093007039999997e-05,0.001157284773,4.221068804,0.00021832948540000002,1.9093007039999997e-05,0.005268962699999999,1.041841541e-06,2.87751533e-05,0.10039824435,16.144311440000003,0.00601043206717,-0.0036998131600000004,-0.00411419328,9.80549249e-07,1.632860475e-05
355,1679323800,0.11077989799999999,0.11080780410000002,-0.0715750636,-1.50529736,0.5403540019999999,0.2987479249999999,0.448063666,0.428938093,0.00415168007,0.05315820810000001,2.81241037e-05,2.36986411e-07,2.5106000929999996e-07,4.05677083e-07,4.78698689e-07,6.87582054e-07,1.1778569084999999e-06,1.91737648e-06,0.0517278381,0.000995818946,0.00266087567,81.419342,55.272294099999996,3.6787370099999994e-06,6.59173213,0.00540434971,1.31553458,6.141123905000001e-05,4.944193363e-06,0.010359094449999998,4.541547209999999,6.141123905000001e-05,4.944193363e-06,0.005571025879999999,1.9424788499999999,6.141123905000001e-05,4.944193363e-06,0.000622423964,1.115747592,6.141123905000001e-05,4.944193363e-06,0.0052819091,9.454891160000001e-07,2.88011491e-05,0.1438066986,33.687009589999995,0.007900254249,-0.0037857791799999997,-0.00422265128,9.423632959999998e-07,1.603759785e-05
355,1679324400,0.1028300156,0.10285759700000001,-0.0541530066,-1.54561676,0.52501604,0.29234836700000005,0.43441326199999997,0.41682523099999996,0.00203771011,0.047771201400000005,2.77766058e-05,2.1087350149999998e-07,2.173006372e-07,3.4154172450000003e-07,4.02679898e-07,5.625906039999999e-07,8.639323499999999e-07,1.399235742e-06,0.047593233799999995,0.00111987776,0.0026975490300000004,85.22462949999999,55.55202670000001,3.4165194e-06,6.473908599999999,0.00534776686,1.2383046200000003,0.00012393598570000001,1.0445196236e-05,0.01009270315,4.18147885,0.00012393598570000001,1.0445196236e-05,0.005749076850000001,3.10592505,0.00012393598570000001,1.0445196236e-05,0.000823984268,2.318449877,0.00012393598570000001,1.0445196236e-05,0.00525820726,7.94601938e-07,2.8426971400000005e-05,0.0725249275,10.992665763000002,0.002857495914,-0.0038851486599999997,-0.00425412553,8.985868849999999e-07,1.4944356849999997e-05
355,1679325000,0.1482301063,0.1482578295,0.09597257080000002,-1.4275736399999999,0.708659147,0.34028594500000003,0.561129623,0.533641295,0.0032131181660000003,0.07787569809999999,2.7857912699999997e-05,1.6635250129999998e-07,1.671998358e-07,3.32345573e-07,3.8199988e-07,5.07351844e-07,1.095127116e-06,1.9148279359999996e-06,0.07021429230000001,0.00129908307,0.0025969286900000004,81.900656,54.5814934,4.925954380000001e-06,6.55212524,0.00614157583,1.6686553699999997,7.589169369999999e-05,6.1030968900000004e-06,0.011982033950000002,6.07986329,7.589169369999999e-05,6.1030968900000004e-06,0.00566413751,2.37818001,7.589169369999999e-05,6.1030968900000004e-06,0.000780103198,1.5344784247,7.589169369999999e-05,6.1030968900000004e-06,0.00526701673,7.936482229999999e-07,2.8483570999999997e-05,0.31709989510000003,67.628143685,0.009511174626,-0.00401563143,-0.0043952136,1.136223102e-06,1.82789235e-05
355,1679325600,0.143786206,0.1438140494,0.07067228769999999,-1.44274883,0.663207758,0.338065352,0.5549044439999999,0.515603241,0.0046942843000000005,0.0681130016,2.81848214e-05,3.7120681400000004e-07,3.734019662000001e-07,5.14065136e-07,6.276360924e-07,8.18790597e-07,1.430962413e-06,2.6247097359999998e-06,0.0680693672,0.00123413724,0.00258238207,79.6214426,54.3196467,4.77520244e-06,6.38492046,0.00611513663,1.6414534499999998,0.000185287322,1.6051881339999997e-05,0.011903540200000002,5.96092646,0.000185287322,1.6051881339999997e-05,0.005824341490000001,4.03235205,0.000185287322,1.6051881339999997e-05,0.000924864567,3.2749086829999996,0.000185287322,1.6051881339999997e-05,0.00527616862,6.08362055e-07,2.84155209e-05,0.2649446761,38.405675494,0.004372501603000001,-0.004185110420000001,-0.0044745696000000005,9.91763484e-07,1.55475859e-05
355,1679326200,0.11216889609999998,0.1121968656,-0.126492251,-1.56181448,0.514253203,0.306693899,0.43205068100000005,0.417125233,0.0021322398,0.051725234200000005,2.8262395299999997e-05,3.172216292e-07,3.2637187529999996e-07,4.90084129e-07,5.365166399999999e-07,7.05180755e-07,1.333793507e-06,2.129550975e-06,0.0525349406,0.0010176293860000001,0.002525711,81.92636050000002,54.7851352,3.7254381200000006e-06,6.531563539999999,0.005487805,1.30349957,0.00015561631769999998,1.3373344247000001e-05,0.010561178099999999,4.57849373,0.00015561631769999998,1.3373344247000001e-05,0.00578924316,3.7076814249999996,0.00015561631769999998,1.3373344247000001e-05,0.000844313459,2.939308598,0.00015561631769999998,1.3373344247000001e-05,0.00529057424,6.983029690000001e-07,2.86530928e-05,0.15217848663000005,29.899444932,0.0045097515124,-0.00414470477,-0.00445814439,9.77529986e-07,1.578261285e-05
355,1679326800,0.11395034170000003,0.1139780555,-0.13942118460000003,-1.5666227099999999,0.580442723,0.310464777,0.43317572000000004,0.416262707,0.00269359825,0.0592944397,2.7954334900000002e-05,2.5354391509999996e-07,2.6199644e-07,4.1867750539999997e-07,4.5053639329999996e-07,5.836853610000001e-07,1.1542839300000003e-06,1.8180231949999998e-06,0.0532120481,0.0012381202799999999,0.0025195573299999995,82.83621400000001,55.0790259,3.78562594e-06,6.24957244,0.00563244782,1.3797636800000002,0.0002926414628,2.5886526200000005e-05,0.010706732599999998,4.7123649599999995,0.0002926414628,2.5886526200000005e-05,0.0059798423000000005,5.643604170000001,0.0002926414628,2.5886526200000005e-05,0.0010515664520000002,4.918899603,0.0002926414628,2.5886526200000005e-05,0.00527145622,7.60641328e-07,2.8477787900000003e-05,0.5233780082,185.27552729500002,0.012601805615999998,-0.0041120786,-0.004475479800000001,1.4245115760000001e-06,2.14414813e-05
355,1679327400,0.099083348,0.0991113367,-0.05683644289999999,-1.55094545,0.523590989,0.287540471,0.42552547800000007,0.40876247899999996,0.0017568989829999996,0.046882546600000005,2.8260718299999996e-05,2.84345722e-07,2.956933979e-07,4.157643997e-07,4.954357365e-07,6.47294899e-07,1.1054053393e-06,1.9454954950000005e-06,0.045589950100000005,0.0013075776500000003,0.00263857731,82.5171801,56.1383824,3.28994154e-06,6.49710778,0.00521866785,1.18918173,8.551023114999999e-05,7.014854207000001e-06,0.009872429650000002,3.9999435500000002,8.551023114999999e-05,7.014854207000001e-06,0.00569047745,2.4841950369999997,8.551023114999999e-05,7.014854207000001e-06,0.000715062083,1.6668836609,8.551023114999999e-05,7.014854207000001e-06,0.0052964692899999995,4.91101393e-07,2.85108939e-05,0.2848079056,43.914270378000005,0.005444810005,-0.00432137932,-0.00459549198,8.850331999999999e-07,1.492487745e-05
355,1679328000,0.10390123209999999,0.10392911229999999,-0.00037205932,-1.5444533200000001,0.557904526,0.29309140699999997,0.448588694,0.42912560099999997,0.0019429625800000002,0.050809800800000006,2.7980483999999994e-05,1.102633695e-07,1.1023690825000001e-07,2.336557037e-07,2.42796181e-07,3.27954531e-07,7.383317456000002e-07,1.2057615079999999e-06,0.0480693759,0.00126218913,0.0026159483300000003,85.4428514,55.7566046,3.4529935399999997e-06,6.287956,0.005325422330000001,1.22195867,8.18164418e-05,6.673428227e-06,0.0101005376,4.18639714,8.18164418e-05,6.673428227e-06,0.005687437039999999,2.62899635,8.18164418e-05,6.673428227e-06,0.0007395153549999999,1.805215239,8.18164418e-05,6.673428227e-06,0.005279811430000001,5.437953179999999e-07,2.83993263e-05,0.5084295218,56.732229387000004,0.004148293895999999,-0.00416663969,-0.00452931778,8.76253995e-07,1.457197365e-05
355,1679328600,0.105488256,0.1055158579,-0.008402396740000002,-1.54281731,0.589517993,0.295199443,0.44915121100000005,0.429650612,0.0023409970070000004,0.05784973619999999,2.7782598699999996e-05,1.9823935800000003e-07,2.0014791810000004e-07,3.260305724e-07,3.6285724009999997e-07,4.899220455e-07,9.260399090000001e-07,1.5868620270000002e-06,0.0490736369,0.00114059383,0.0025255344,84.78656600000001,55.307509800000005,3.5053461899999998e-06,6.35966486,0.005434228849999999,1.27262389,0.00012206966320000002,1.0425428194e-05,0.01027855825,4.34280146,0.00012206966320000002,1.0425428194e-05,0.005655961630000001,2.903519854,0.00012206966320000002,1.0425428194e-05,0.0007204892140000001,2.1143248540000004,0.00012206966320000002,1.0425428194e-05,0.00525885211,6.1689251e-07,2.8224939500000003e-05,0.20798392049999997,120.1594195525,0.009552725080000001,-0.0041778922700000005,-0.0044936358099999995,1.0292793859999998e-06,1.6990332349999997e-05
355,1679329200,0.09013920439999999,0.0901668783,-0.110812027,-1.5391017399999998,0.473376957,0.274378816,0.39346200700000006,0.37924908,0.0017435173600000003,0.0422634307,2.77978497e-05,1.3592538310000003e-07,1.428446814e-07,2.92131907e-07,2.8699983000000003e-07,4.118920904e-07,9.019764979999999e-07,1.4694471e-06,0.041338167499999995,0.00112715687,0.0026003749700000004,84.86084550000001,56.30854899999999,2.99247045e-06,6.657010420000001,0.0049915706,1.0950231599999998,0.0001521729389,1.3057460505000002e-05,0.0094015209,3.6301813199999997,0.0001521729389,1.3057460505000002e-05,0.005742365680000001,3.3526713200000002,0.0001521729389,1.3057460505000002e-05,0.000789760492,2.5800320269999997,0.0001521729389,1.3057460505000002e-05,0.00526255279,5.712082450000001e-07,2.82509382e-05,0.34890718939999993,22.52356191,0.0020895888279999996,-0.0041925313,-0.00451026777,7.981863730000001e-07,1.363617465e-05
355,1679329800,0.11172370679999999,0.1117512137,-0.0959121015,-1.55758091,0.5510793190000001,0.305802325,0.43760085000000004,0.421962878,0.0024569201500000003,0.05420375259999999,2.76594368e-05,1.6513671189999997e-07,1.616471848e-07,3.0702642299999996e-07,3.0676818299999996e-07,4.0429384899999996e-07,8.67470386e-07,1.3290472639999998e-06,0.0523520482,0.00099062107,0.00251528507,84.7360783,54.743324599999994,3.71442836e-06,6.38348947,0.00545757924,1.3004877700000004,0.00021598213299999996,1.8893774655999998e-05,0.0105665706,4.58246211,0.00021598213299999996,1.8893774655999998e-05,0.00580200329,4.323084809999999,0.00021598213299999996,1.8893774655999998e-05,0.0008969550899999999,3.5867617899999997,0.00021598213299999996,1.8893774655999998e-05,0.005246222689999999,6.616546210000001e-07,2.8149294e-05,0.3062635048,81.14583417099999,0.0051915435526,-0.00406403848,-0.004373076300000001,1.007156384e-06,1.61230014e-05
355,1679330400,0.13171989460000003,0.1317472875,-0.11342433,-1.5540579,0.602868398,0.331169417,0.46707676200000003,0.447801174,0.0047523110199999994,0.0685790195,2.7550434199999996e-05,1.811409914e-07,1.8105919809999998e-07,2.936789089e-07,3.8186156199999995e-07,5.21801375e-07,9.973191256999999e-07,1.9378180460000003e-06,0.0623484076,0.0010630204600000001,0.0024438072800000003,82.83156699999999,54.1545728,4.376477229999999e-06,6.34212165,0.00588547768,1.50623325,0.00015190197769999997,1.3091875999999997e-05,0.01148909945,5.47139144,0.00015190197769999997,1.3091875999999997e-05,0.00579656429,4.0258140099999995,0.00015190197769999997,1.3091875999999997e-05,0.000918774187,3.2583099140000003,0.00015190197769999997,1.3091875999999997e-05,0.00523832961,5.435148509999999e-07,2.7953680899999996e-05,0.18357815499999997,34.735297364000004,0.00587955239,-0.0041977813600000006,-0.00447138815,8.45291145e-07,1.44966437e-05
355,1679331000,0.1013660049,0.10139360900000001,-0.09748042600000001,-1.55886487,0.504840426,0.291049701,0.418550284,0.403437317,0.0019715071,0.0463112378,2.77775697e-05,1.9065460540000004e-07,1.939594801e-07,3.2010032149999996e-07,3.470016077e-07,4.4293064499999997e-07,8.72375783e-07,1.50862832e-06,0.0469196788,0.00118752439,0.00257160346,84.1669431,55.728320800000006,3.3679222500000004e-06,6.422637310000001,0.005269037880000001,1.2135569099999999,3.6111018300000004e-05,2.592075674e-06,0.01002590215,4.14415252,3.6111018300000004e-05,2.592075674e-06,0.00555842564,1.825080016,3.6111018300000004e-05,2.592075674e-06,0.0006140084259999999,0.9975519892000001,3.6111018300000004e-05,2.592075674e-06,0.00525828047,5.271741740000001e-07,2.8151605899999998e-05,0.1683636985,71.60722838500001,0.0051205548040000005,-0.00427592989,-0.004545214110000001,9.365687020000001e-07,1.53129891e-05
355,1679331600,0.09138454230000001,0.09141225939999999,-0.0913713394,-1.54322037,0.470676867,0.27587991300000003,0.40073723299999997,0.38539927099999993,0.0017073591,0.043992351900000004,2.78070258e-05,1.0026074750000001e-07,9.509877999999999e-08,2.145361292e-07,1.958627764e-07,2.538331112e-07,5.904888643000001e-07,8.86437352e-07,0.042032513300000005,0.0010736036899999999,0.0025836404600000002,87.183232,56.075462,3.0382246700000003e-06,6.20014144,0.004974547049999999,1.09070469,4.34481285e-05,3.2007828939999995e-06,0.009460905649999999,3.6742606300000005,4.34481285e-05,3.2007828939999995e-06,0.005553233499999999,1.6903267199999998,4.34481285e-05,3.2007828939999995e-06,0.0006051587030000002,0.875388876,4.34481285e-05,3.2007828939999995e-06,0.00526427698,5.529662120000001e-07,2.8250847300000007e-05,0.1560805666,36.817211945,0.001780475779,-0.00418095525,-0.004498424490000001,8.423575070000001e-07,1.4279561899999997e-05
355,1679332200,0.09361233029999999,0.0936401253,-0.11740648360000001,-1.53446561,0.528128621,0.279543704,0.399987213,0.38457424,0.00204150201,0.048526489900000004,2.8006811600000004e-05,2.264966922e-07,2.4330615980000003e-07,4.0977970300000004e-07,4.06530331e-07,5.27117153e-07,1.127339645e-06,1.66734483e-06,0.0432703509,0.0009612118830000001,0.00256956609,83.218553,55.65384,3.1089976599999998e-06,6.674947640000001,0.00509595346,1.1428574399999998,5.7583986499999996e-05,4.37189553e-06,0.009623069750000001,3.8020207,5.7583986499999996e-05,4.37189553e-06,0.005603326410000001,1.88906529,5.7583986499999996e-05,4.37189553e-06,0.0006459494899999999,1.083727183,5.7583986499999996e-05,4.37189553e-06,0.00527703182,7.21361198e-07,2.8525129599999998e-05,0.19727333780000003,29.255084684000003,0.007010958069999999,-0.004055528839999999,-0.00444139749,1.0187729630000002e-06,1.6547171800000003e-05
355,1679332800,0.09958804600000001,0.09961603440000001,-0.12277283320000001,-1.5279836000000002,0.532328751,0.28790846,0.40951250000000006,0.389674394,0.00221001261,0.049893608000000006,2.8225150799999998e-05,2.54032192e-07,2.6614947509999995e-07,3.7919720099999997e-07,4.46745501e-07,5.808941960000001e-07,1.033367861e-06,1.8209447850000004e-06,0.0461976244,0.00107233724,0.00251899575,81.84291340000001,55.4924437,3.3069869399999995e-06,6.67647954,0.005210632450000001,1.19246357,9.48361895e-05,7.76057735e-06,0.009956037099999999,4.08266306,9.48361895e-05,7.76057735e-06,0.005713136509999999,2.5589620339999994,9.48361895e-05,7.76057735e-06,0.0007396271950000001,1.7614465980000003,9.48361895e-05,7.76057735e-06,0.00529228969,5.361489e-07,2.85189299e-05,0.39813289365000004,39.952718923999996,0.0046478928289999995,-0.00425610025,-0.00453741586,9.051951309999999e-07,1.5180375850000003e-05
355,1679333400,0.21372724199999998,0.213754899,0.1480521273,-1.3926922800000001,0.8334629329999999,0.406403248,0.679933254,0.6476072690000001,0.00602652396,0.1107584031,2.7973459200000004e-05,3.76463597e-07,3.8497851100000005e-07,5.58774446e-07,7.454470489999999e-07,9.69949273e-07,1.8077004630000004e-06,3.5496316560000003e-06,0.10358779300000001,0.000973045329,0.00229401302,76.395794,52.8222522,7.101438379999999e-06,6.4520091100000005,0.0073362993799999995,2.37116961,0.00012764513049999998,1.086303342e-05,0.0146086789,9.095167300000002,0.00012764513049999998,1.086303342e-05,0.00583050774,3.9189864899999995,0.00012764513049999998,1.086303342e-05,0.0010068727,3.104215422,0.00012764513049999998,1.086303342e-05,0.00525968336,8.28492803e-07,2.8423654500000003e-05,0.23489478800000002,89.893683691,0.009863127588,-0.004044548989999999,-0.0043694743599999985,1.25398811e-06,1.9951716500000003e-05
355,1679334000,0.268022786,0.268050332,0.238548393,-1.3710106100000001,0.864551395,0.46083693699999995,0.800011917,0.760373217,0.0031579611300000003,0.11741752870000002,2.79172841e-05,4.31437435e-07,4.273850087500001e-07,6.448307172999999e-07,7.906988105000001e-07,1.0129486097e-06,1.9603618238e-06,3.5481662430000002e-06,0.13121103299999998,0.000677139439,0.00211401795,75.03784200000001,51.5508433,8.91232e-06,6.01216764,0.008293206899999999,2.9336747499999998,0.000140173638,1.190806509e-05,0.016788649699999998,11.571042499999999,0.000140173638,1.190806509e-05,0.00588202551,4.09899867,0.000140173638,1.190806509e-05,0.0011084016149999999,3.2595896600000005,0.000140173638,1.190806509e-05,0.0052469866300000004,8.589773439999999e-07,2.83793952e-05,0.030022317700000002,13.090723382000002,0.0017976029760000001,-0.0038566257699999993,-0.00425396603,8.80008314e-07,1.4535634300000001e-05
355,1679334600,0.17078060400000003,0.17080803,0.0589187415,-1.4246466999999998,0.684358378,0.36114747299999994,0.5940931349999999,0.5603046120000001,0.00507784404,0.08000506489999999,2.7750146e-05,3.619507769e-07,3.671910203e-07,4.992986643000001e-07,6.21078231e-07,7.799558382e-07,1.3596046551999999e-06,2.517036672e-06,0.0820472809,0.000970601329,0.00236556826,78.567704,53.7618456,5.67832713e-06,6.206977060000001,0.006477834460000001,1.8937633299999994,0.0001832092957,1.5833026469999995e-05,0.012834097999999999,7.157641129999999,0.0001832092957,1.5833026469999995e-05,0.0058700772100000005,4.37422924,0.0001832092957,1.5833026469999995e-05,0.00102424512,3.5873594659999997,0.0001832092957,1.5833026469999995e-05,0.00524776355,6.246536320000001e-07,2.81291185e-05,-0.012580838000000006,55.874524083999994,0.006529521000000001,-0.004122952840000001,-0.004434427230000001,9.01892604e-07,1.57877068e-05
355,1679335200,0.0844306785,0.08445871190000001,-0.1548027384,-1.53272844,0.4643766780000001,0.26606431,0.371148835,0.358285937,0.0015794718400000002,0.0387841076,2.8130269300000004e-05,1.025060109e-07,1.003928166e-07,2.552813956e-07,2.0460143209999997e-07,2.719599561e-07,7.05574002e-07,9.806763739999998e-07,0.0385449539,0.0011570645800000003,0.00251051016,87.6391198,56.670925,2.80535654e-06,6.44260511,0.00479812294,1.02696867,5.930991579999999e-05,4.657903744e-06,0.0090837769,3.391375,5.930991579999999e-05,4.657903744e-06,0.005605972460000001,1.9951709400000002,5.930991579999999e-05,4.657903744e-06,0.0006125919080000001,1.1667900226,5.930991579999999e-05,4.657903744e-06,0.00529809773,5.842322499999999e-07,2.8637047800000002e-05,0.1968691807,15.855493393,0.002908520498,-0.0041707014,-0.004558255410000001,9.04297633e-07,1.4347161700000002e-05
355,1679335800,0.09946375369999999,0.0994916006,-0.10493515280000001,-1.55773796,0.543804108,0.28910460899999996,0.41168756999999995,0.396349597,0.0019462333500000002,0.050453540899999996,2.8000269199999995e-05,1.66052842e-07,1.756404188e-07,3.0687169170000003e-07,3.459035367e-07,4.786528831e-07,9.87642024e-07,1.767188932e-06,0.0459627667,0.0012428748600000002,0.00252176532,82.05149349999999,55.861483299999996,3.3025932500000002e-06,6.51240759,0.0051874511299999995,1.18499517,0.00010191813259999999,8.53906298e-06,0.0099207815,4.04273794,0.00010191813259999999,8.53906298e-06,0.005689177870000001,2.7930506,0.00010191813259999999,8.53906298e-06,0.0007264354289999999,1.979078667,0.00010191813259999999,8.53906298e-06,0.00528307799,5.105826059999999e-07,2.8392862400000003e-05,0.308047299,29.588368208,0.00423585482,-0.0042565256700000005,-0.0045703984900000005,9.176751299999999e-07,1.4932794899999998e-05
355,1679336400,0.0969814326,0.0970096396,-0.12775717950000004,-1.54873821,0.480727173,0.285228421,0.402312285,0.38764933,0.0019375102200000001,0.044167307499999996,2.8316710799999996e-05,1.2015492319999998e-07,1.174026296e-07,1.9537517629999998e-07,2.3141323250000003e-07,2.8585220200000003e-07,5.573297900000001e-07,1.01364458e-06,0.0446734669,0.0012133589100000002,0.00260111926,87.4731985,56.03665530000001,3.22275542e-06,6.432356090000001,0.00512048501,1.1530212299999998,8.97434497e-05,7.357457372999999e-06,0.009770143750000002,3.92299086,8.97434497e-05,7.357457372999999e-06,0.00573130918,2.68420958,8.97434497e-05,7.357457372999999e-06,0.0007443119989999999,1.8727570609999997,8.97434497e-05,7.357457372999999e-06,0.0053076274300000005,4.26444234e-07,2.8574989199999996e-05,0.15710615700000002,51.1069212366,0.00268090626,-0.00435041923,-0.00462350887,9.31660239e-07,1.59182763e-05
355,1679337000,0.09561132200000001,0.0956394339,-0.08986349889999999,-1.54733567,0.49227753100000005,0.28263016300000005,0.40909998,0.39383701899999995,0.00204013272,0.0476965923,2.8305025200000006e-05,2.1030094170000001e-07,2.1739909340000003e-07,3.9450766690000004e-07,3.7543515700000004e-07,4.90732927e-07,1.03490853e-06,1.6430580250000003e-06,0.04405709869999999,0.0011449826199999998,0.0025989303800000004,84.4793715,55.943363399999996,3.17487762e-06,6.53231421,0.005137639330000001,1.159584,0.0001498384443,1.2846766949999998e-05,0.009733480449999998,3.89270701,0.0001498384443,1.2846766949999998e-05,0.00576066239,3.338737595,0.0001498384443,1.2846766949999998e-05,0.0007641455650000001,2.5450040229999997,0.0001498384443,1.2846766949999998e-05,0.00530755126,6.287704380000001e-07,2.8780179699999996e-05,0.29941586000000003,30.654013896600002,0.00241626391,-0.00416302498,-0.00443014157,8.494054649999999e-07,1.44838816e-05
355,1679337600,0.10281613459999998,0.10284403010000001,-0.1047939054,-1.5432077899999999,0.582017767,0.29250953700000004,0.416975227,0.40343731499999996,0.00244164864,0.05585922880000001,2.8175209e-05,3.048063526e-07,3.1938393459999994e-07,4.457953553e-07,5.460738580000001e-07,7.242224273e-07,1.2746712279999999e-06,2.3452655579999996e-06,0.0479268591,0.0009364011740000001,0.00253854292,79.9306692,55.072626099999994,3.4141315e-06,6.63829953,0.0053032869699999995,1.23034719,7.051120925e-05,5.620363446e-06,0.010122482149999999,4.21405153,7.051120925e-05,5.620363446e-06,0.005632441510000001,2.18839682,7.051120925e-05,5.620363446e-06,0.000671023959,1.370322382,7.051120925e-05,5.620363446e-06,0.00528588761,5.63714447e-07,2.8441233299999996e-05,0.466603709,151.433024197,0.010606413472999999,-0.0043118055800000004,-0.00457743127,9.458552259999999e-07,1.6238886250000002e-05
355,1679338200,0.1137824363,0.11381054490000002,-0.1172316601,-1.56024726,0.5713299330000001,0.308691146,0.432463203,0.41982531500000003,0.00231328675,0.05928948629999999,2.83794239e-05,2.961987668e-07,3.1117110530000005e-07,4.703441806e-07,5.14889619e-07,6.674535444000001e-07,1.289493007e-06,2.115727242e-06,0.053452240100000006,0.0009420392889999999,0.00249087497,79.2862797,54.53047339999999,3.78002173e-06,6.45074405,0.0055375740700000006,1.3361909400000003,0.00015002174870000002,1.2836054996000001e-05,0.01068156965,4.68501428,0.00015002174870000002,1.2836054996000001e-05,0.005785458500000001,3.3164895999999997,0.00015002174870000002,1.2836054996000001e-05,0.000819093706,2.529836608,0.00015002174870000002,1.2836054996000001e-05,0.0053081852,6.206617509999999e-07,2.8770456200000005e-05,0.1878044317,85.05185784,0.005380261636,-0.004260925359999999,-0.00456270332,1.049738149e-06,1.666219595e-05
355,1679338800,0.1054558704,0.10548393520000002,-0.09231197869999999,-1.5577136699999998,0.5222784380000001,0.29630618799999997,0.421662868,0.40666241599999997,0.0025430960899999995,0.05382021100000001,2.83275351e-05,2.607876755e-07,2.68077086e-07,4.1145062229999993e-07,4.5098822899999997e-07,5.792705896e-07,1.141878238e-06,1.951000086e-06,0.0492019202,0.001039248155,0.0024813430599999998,81.36574350000001,55.1251305,3.5025295700000007e-06,6.50248028,0.00539747674,1.2631776000000001,0.0001508574873,1.2991066738000002e-05,0.0102643384,4.341340199999999,0.0001508574873,1.2991066738000002e-05,0.00578318283,3.56157826,0.0001508574873,1.2991066738000002e-05,0.0008131266500000002,2.771880916,0.0001508574873,1.2991066738000002e-05,0.00530064921,7.99126117e-07,2.8798176399999996e-05,1.4478686511,65.02369702799999,0.009620038850000002,-0.00420999107,-0.00454832259,1.3615647059999999e-06,1.9844025949999997e-05
355,1679339400,0.1225104624,0.12253842499999998,0.0377787081,-1.46625264,0.6171938260000001,0.311566231,0.49692767300000007,0.458263977,0.0044002804299999995,0.06470107379999998,2.83408686e-05,4.096012404e-07,4.2960214260000005e-07,5.866313167e-07,6.73005847e-07,8.59381501e-07,1.5184695260000002e-06,2.647692456e-06,0.0577411258,0.0010235834000000001,0.0024830011400000006,80.087091,54.80099249999999,4.068640329999999e-06,6.58711888,0.0056645071200000004,1.42455478,0.0001686082266,1.4534651794e-05,0.01091487065,5.06841931,0.0001686082266,1.4534651794e-05,0.00582352306,3.895544044,0.0001686082266,1.4534651794e-05,0.0008815721969999999,3.127477982,0.0001686082266,1.4534651794e-05,0.00529433145,5.96810106e-07,2.8582798799999994e-05,0.4044208858999999,75.98767092199999,0.005371467099299999,-0.004186391879999999,-0.0045311653700000004,1.0271953759999998e-06,1.668217015e-05
355,1679340000,0.20965289900000003,0.209680787,0.040152338400000015,-1.4908218500000001,0.735997458,0.41202525,0.6382319680000001,0.6128812129999999,0.0036114538500000002,0.0933271926,2.8288719799999997e-05,4.607915570000001e-07,4.6380485930000007e-07,6.67671168e-07,8.092466690000001e-07,1.0509088664e-06,1.9102119006000004e-06,3.5632759180000008e-06,0.10145514959999999,0.0009317202600000001,0.00243022012,75.3064029,52.499007000000006,6.967389460000001e-06,6.28170589,0.007363152119999999,2.3217303800000004,0.0001526334004,1.304672883e-05,0.014682402849999998,8.900857429999999,0.0001526334004,1.304672883e-05,0.00586767904,3.88914032,0.0001526334004,1.304672883e-05,0.001014488532,3.0804649829999997,0.0001526334004,1.304672883e-05,0.00528388358,7.50406153e-07,2.8638527900000002e-05,0.0020045012999999725,39.998902836999996,0.005445226121499999,-0.00403725585,-0.00439034233,1.032739053e-06,1.602761855e-05
355,1679340600,0.16799976700000002,0.168027642,-0.253934606,-1.51659072,0.572679985,0.375398523,0.483164747,0.468539301,0.0026470248899999995,0.0778585375,2.82718951e-05,4.4865855960000003e-07,4.539888395000001e-07,6.940535903000001e-07,7.374354733999999e-07,9.20296468e-07,1.7406960426e-06,2.824821545e-06,0.0803785764,0.0010544310100000002,0.00255860217,80.10624650000001,53.2585869,5.582635879999999e-06,6.21256154,0.00660816949,1.92047873,0.0002689485947,2.368764218e-05,0.01313813505,7.08994388,0.0002689485947,2.368764218e-05,0.006030906019999999,5.78271507,0.0002689485947,2.368764218e-05,0.001150495309,5.05042073,0.0002689485947,2.368764218e-05,0.005275434609999999,7.421717709999999e-07,2.8564975599999996e-05,0.20571739500000003,8.122484685,0.0011657528299999997,-0.00395234156,-0.00431512641,8.228457780000001e-07,1.38985901e-05
355,1679341200,0.200236001,0.20026376099999998,0.17436032299999998,-1.37084729,0.807174631,0.394654589,0.673933075,0.63943203,0.00536256449,0.10165732890000001,2.7958372000000003e-05,2.3930500720000003e-07,2.2091037574999994e-07,2.6473822405000003e-07,4.14286561e-07,4.823555650000001e-07,7.411140104e-07,1.7082512469999999e-06,0.09679775719999999,0.0010131287529999999,0.0023027521200000003,79.0104465,52.8677724,6.66224666e-06,5.727878389999999,0.00712014963,2.22035842,8.91290509e-05,7.334802793999999e-06,0.014237498800000001,8.507631799999999,8.91290509e-05,7.334802793999999e-06,0.00577674762,3.08851664,8.91290509e-05,7.334802793999999e-06,0.0009176638139999999,2.288693972,8.91290509e-05,7.334802793999999e-06,0.0052796924,5.70792769e-07,2.8385564299999998e-05,0.23277095,136.317648489,0.010106868750000001,-0.0042435741099999995,-0.004494007650000001,1.1180283669999998e-06,1.88430635e-05
355,1679341800,0.156961421,0.1569894501,0.02913366609999999,-1.48007073,0.6255191049999999,0.35190258899999993,0.544891638,0.5232534799999999,0.0040517053300000005,0.0728803023,2.82111184e-05,2.151486266e-07,2.10934465e-07,3.55337696e-07,4.1609825359999996e-07,5.355997994e-07,1.1121610843e-06,2.0065753579999997e-06,0.075123048,0.000959021936,0.0023935471,79.43685860000002,53.72638959999999,5.21813588e-06,6.38106609,0.006372113730000001,1.80186721,0.0001339965253,1.1424829469e-05,0.0124514666,6.634942100000001,0.0001339965253,1.1424829469e-05,0.00580140933,3.4568633360000005,0.0001339965253,1.1424829469e-05,0.000884922806,2.6473885434000004,0.0001339965253,1.1424829469e-05,0.00529171136,5.88801192e-07,2.85776623e-05,0.04444904599999997,39.55669398,0.0014914954286999998,-0.004203323699999999,-0.00451713344,8.63938587e-07,1.4500989550000003e-05
355,1679342400,0.10475573760000001,0.10478370249999999,-0.0682376111,-1.55117625,0.5223159510000001,0.295002222,0.43096315,0.41438765499999997,0.0021474289,0.0489334137,2.81120875e-05,1.6514895099999997e-07,1.6816249629999998e-07,2.848835966e-07,3.299137748e-07,4.3509635099999997e-07,8.90586788e-07,1.5881846279999998e-06,0.0488445436,0.0009728620030000001,0.00255637337,82.71678440000001,55.0852517,3.47995982e-06,6.3966932199999995,0.00533601769,1.24104149,3.71210673e-05,2.5870962890000006e-06,0.0102090155,4.2861468,3.71210673e-05,2.5870962890000006e-06,0.00559370186,1.650625475,3.71210673e-05,2.5870962890000006e-06,0.000629845902,0.822093415,3.71210673e-05,2.5870962890000006e-06,0.005293855219999999,4.92175713e-07,2.84967563e-05,0.27369756889999997,59.670551038000006,0.0039928147337,-0.00420753361,-0.00456214983,8.71836916e-07,1.527303995e-05
355,1679343000,0.08718575510000001,0.0872136365,-0.0616416995,-1.5243818399999998,0.4950901119999999,0.268671808,0.398074654,0.380711618,0.00194883244,0.0425497136,2.80213248e-05,1.487620855e-07,1.519340619e-07,2.829327284e-07,2.8787959399999996e-07,3.74695854e-07,8.005094609999999e-07,1.316216633e-06,0.0398458722,0.0010734427999999998,0.00266984808,85.8982786,56.4501081,2.8961951300000002e-06,6.62363815,0.0048796338,1.05638073,0.000104669738,8.764385487e-06,0.009250085500000001,3.5115448599999994,0.000104669738,8.764385487e-06,0.0056991366699999995,2.70395522,0.000104669738,8.764385487e-06,0.0007217568679999998,1.9048188160000001,0.000104669738,8.764385487e-06,0.005280706090000001,5.08008705e-07,2.8365651700000002e-05,0.3406051733,31.861300084000003,0.00457674435,-0.004289221920000001,-0.0045932989899999995,9.55577602e-07,1.4907353749999999e-05
355,1679343600,0.09879732100000001,0.0988251914,-0.148955609,-1.53346282,0.5408790170000001,0.28731603899999997,0.40058721799999997,0.387086817,0.002275958744,0.052133674799999995,2.8117091e-05,2.611807169e-07,2.7018735769999995e-07,4.223877185e-07,4.290634686e-07,5.410283903e-07,1.0867705377e-06,1.698937313e-06,0.04582902640000001,0.000960733271,0.00260385166,82.88898889999999,55.3934378,3.28268315e-06,6.25396686,0.005202281269999999,1.20127633,0.00017048764779999999,1.4712454216e-05,0.00992858755,4.05643888,0.00017048764779999999,1.4712454216e-05,0.00582140576,3.68539799,0.00017048764779999999,1.4712454216e-05,0.0008589527830000001,2.9086108669999993,0.00017048764779999999,1.4712454216e-05,0.0052858675,6.52883312e-07,2.85434862e-05,0.4968230609999999,122.219624649,0.007607802267999999,-0.004139068930000001,-0.004532316069999999,1.0866382810000002e-06,1.698331725e-05
355,1679344200,0.09788038460000001,0.09790793340000001,-0.1290274849,-1.5412994899999999,0.4663267400000001,0.28556873,0.40223727800000003,0.388699371,0.0018224753100000001,0.0436433361,2.7731038800000003e-05,2.00168514e-07,2.0761474140000002e-07,3.30530275e-07,3.809244348e-07,5.144788736e-07,9.591117645000001e-07,1.746032991e-06,0.045386721899999996,0.0009514046630000002,0.00259748053,81.297879,55.42491,3.25131523e-06,6.5533269700000005,0.0051693232,1.1688915899999999,5.0952861000000005e-05,3.8819017e-06,0.0098524057,3.98714321,5.0952861000000005e-05,3.8819017e-06,0.0055900080299999995,1.9628967800000001,5.0952861000000005e-05,3.8819017e-06,0.00065484813,1.1427306830000001,5.0952861000000005e-05,3.8819017e-06,0.0052483122899999995,4.7111367900000005e-07,2.80133793e-05,0.18970904409999997,7.006450474,-0.0008501597290000001,-0.00416361194,-0.004487355860000001,7.4272095e-07,1.3472435e-05
355,1679344800,0.09656767949999999,0.09659531300000002,-0.1026021396,-1.5390867,0.526066054,0.28370256499999996,0.407749953,0.392186973,0.0022350974100000002,0.0471812573,2.7722902900000002e-05,1.0106395670000002e-07,1.0014997100000001e-07,2.152865898e-07,2.20197232e-07,2.890868444e-07,6.51509778e-07,1.076796407e-06,0.0445486772,0.001084643404,0.00264775885,86.4028955,55.839856,3.20914844e-06,6.4055915200000015,0.00511229468,1.15463747,0.0001293305159,1.0957028594e-05,0.0097389529,3.8954662899999994,0.0001293305159,1.0957028594e-05,0.00575496564,3.1538880899999997,0.0001293305159,1.0957028594e-05,0.000824358009,2.3921499020000003,0.0001293305159,1.0957028594e-05,0.00525415525,5.772124920000001e-07,2.81546835e-05,0.1787107494,59.31184330299999,0.00579527121,-0.00423635362,-0.0045126503100000005,9.425368829999999e-07,1.57056233e-05
355,1679345400,0.1068015489,0.10682926029999999,-0.03193528096999999,-1.5381804,0.600843346,0.29634687,0.439663422,0.42316291800000005,0.0032316617999999997,0.0623294487,2.7947583599999996e-05,2.5508800089999997e-07,2.6691171470000007e-07,4.3985345599999995e-07,4.5856476760000006e-07,6.11916279e-07,1.261496978e-06,1.972061444e-06,0.050029674,0.000870245656,0.0024953030399999998,78.64120840000001,54.774516199999994,3.54774336e-06,6.545325549999999,0.005398643979999999,1.27866426,0.00011592784340000002,9.811780141e-06,0.01033690235,4.40824667,0.00011592784340000002,9.811780141e-06,0.00571626684,3.042722339,0.00011592784340000002,9.811780141e-06,0.000775894281,2.2352208626,0.00011592784340000002,9.811780141e-06,0.0052735134500000004,7.38463252e-07,2.8492306700000003e-05,0.6802586406,115.690294931,0.008461753895,-0.00405834706,-0.004369094539999999,1.010906405e-06,1.5954228899999998e-05
355,1679346000,0.107574864,0.1076024635,-0.0660135776,-1.56515896,0.520928399,0.300147298,0.439813422,0.421400366,0.00226790602,0.051821964500000005,2.7741371800000002e-05,1.55842357e-07,1.569892162e-07,3.360951446e-07,3.18986606e-07,4.107195314e-07,1.030801772e-06,1.533189428e-06,0.05010037429999999,0.00122097534,0.00246195398,81.80744640000002,55.277298900000005,3.57301559e-06,6.30434711,0.00545916523,1.28604547,7.976840070000001e-05,6.465733365e-06,0.01036894235,4.419240609999999,7.976840070000001e-05,6.465733365e-06,0.00560650371,2.2077973,7.976840070000001e-05,6.465733365e-06,0.00067964457,1.411794306,7.976840070000001e-05,6.465733365e-06,0.00525212551,6.636962940000001e-07,2.82241005e-05,0.269539157,46.12234682699999,0.002352383338,-0.00402486124,-0.0044006120900000004,9.40331284e-07,1.452406415e-05
355,1679346600,0.09624030400000001,0.0962681705,-0.173844457,-1.5454196100000002,0.49610265,0.285209685,0.39229947600000004,0.37624898399999995,0.001981964,0.0460478873,2.8017206499999998e-05,1.6102843390000002e-07,1.654770273e-07,2.324797074e-07,3.11299675e-07,4.1038522690000004e-07,7.35365742e-07,1.463597344e-06,0.044078444,0.0014807270900000001,0.00255731963,84.81201349999999,56.60020219999999,3.19667572e-06,6.440532569999999,0.005073282069999999,1.1446247499999997,0.0001093749106,9.133862925000003e-06,0.00969555095,3.8634065,0.0001093749106,9.133862925000003e-06,0.00573678219,2.98391832,0.0001093749106,9.133862925000003e-06,0.0007683335520000001,2.1855022197999996,0.0001093749106,9.133862925000003e-06,0.00528518267,3.3528645600000004e-07,2.82492276e-05,0.24964858447,84.28471626700001,0.003644180147,-0.0044616705799999995,-0.004682927490000001,7.95211168e-07,1.4395587950000001e-05
355,1679347200,0.097402499,0.0974304784,-0.12678073529999997,-1.4911171399999998,0.5766176000000001,0.284409014,0.41742523500000006,0.383449195,0.00340353672,0.050250848599999995,2.82827403e-05,3.2507726079999997e-07,3.407975365e-07,5.036066212000002e-07,5.58567872e-07,7.32710768e-07,1.347365826e-06,2.26925091e-06,0.0444704,0.0016918532200000003,0.00253257494,80.3414529,57.02176109999999,3.2330587699999997e-06,6.61722729,0.00515746464,1.19390634,8.781883899999999e-05,7.18898321e-06,0.009738440800000001,3.93798592,8.781883899999999e-05,7.18898321e-06,0.00568567027,2.52902823,8.781883899999999e-05,7.18898321e-06,0.0007002361510000001,1.7092053275,8.781883899999999e-05,7.18898321e-06,0.005295791980000001,6.00455808e-07,2.85802891e-05,0.300182785,181.40723936999999,0.009895751029,-0.0043198689,-0.00465132599,9.90989823e-07,1.6655007300000003e-05
355,1679347800,0.175173207,0.17520129899999998,-0.216275175,-1.32119868,0.751410452,0.37332494,0.5452666340000001,0.496365153,0.015160612230000004,0.11836118040000002,2.8495108400000003e-05,4.3538558939999995e-07,4.898514034e-07,8.059534754e-07,1.333244071e-06,1.7964793590000003e-06,2.1598526549999997e-06,3.78804566e-06,0.0846688883,0.00045287142979999993,0.00245357137,74.7229449,52.585557300000005,5.817096989999999e-06,6.67777686,0.00667098707,2.0835571099999997,0.00017399604789999999,1.496741865e-05,0.013278953399999998,7.47095112,0.00017399604789999999,1.496741865e-05,0.00590411127,4.05231908,0.00017399604789999999,1.496741865e-05,0.0010298759179999998,3.257205217,0.00017399604789999999,1.496741865e-05,0.0053256132999999995,3.6745871770000007e-06,3.174836650000001e-05,0.7591133830000001,283.50586935,0.036892305838,-0.004104643610000001,-0.0044823315200000005,1.4661639128000001e-05,0.00016392670494999996
355,1679348400,0.262448817,0.26247682400000005,-0.163030339,-1.43069936,0.849513436,0.45812637800000006,0.6801207420000001,0.635006894,0.01428305819,0.149277494,2.86675074e-05,7.45908531e-07,7.533719024e-07,9.768374419999998e-07,1.224946824e-06,1.5319319320000003e-06,2.591305115e-06,4.98920749e-06,0.1286043825,0.0001419403303,0.00246461622,70.5438697,51.363553100000004,8.723533850000001e-06,6.49814595,0.00817157751,2.93188746,0.00023073862359999998,2.0165801010000002e-05,0.016480617,11.31975476,0.00023073862359999998,2.0165801010000002e-05,0.006034680669999999,5.37775423,0.00023073862359999998,2.0165801010000002e-05,0.00122308152,4.638335745000001,0.00023073862359999998,2.0165801010000002e-05,0.00529819428,8.979509250000001e-07,2.88890658e-05,0.42696702570000006,113.41585257000001,0.013483560397,-0.00395842977,-0.00436436026,1.3497430289999997e-06,2.11294458e-05
355,1679349000,0.275530755,0.27555857999999994,-0.182171739,-1.42182248,0.8851770159999999,0.47111133799999994,0.6945212009999999,0.650532365,0.01196448181,0.1582131311,2.84267852e-05,6.76230797e-07,6.702307949e-07,1.0082175897000002e-06,1.1280992920000002e-06,1.4085068200000001e-06,2.6516098449999998e-06,4.48825815e-06,0.1352477615,0.00012424963100000002,0.00238073393,70.6194006,51.199666300000004,9.16051415e-06,6.28042846,0.008419332649999998,3.09130256,0.0002247376168,1.9669131925e-05,0.0170250246,11.970343600000001,0.0002247376168,1.9669131925e-05,0.00591788396,4.77083805,0.0002247376168,1.9669131925e-05,0.001123164886,4.043797111999999,0.0002247376168,1.9669131925e-05,0.00527922814,1.0757694459999998e-06,2.88812462e-05,0.3047803454,78.191383406,0.011008051306,-0.0037557849800000003,-0.0041672255,1.169888415e-06,1.8145591749999997e-05
355,1679349600,0.31457423100000004,0.31460225900000005,-0.155446782,-1.44184505,0.915627952,0.504093789,0.748522855,0.702246432,0.01324502303,0.17315592500000002,2.8334539600000004e-05,3.9164639499999994e-07,3.7820478930000006e-07,5.029883649999999e-07,8.604488859999999e-07,1.1548103997999998e-06,2.0647204764e-06,4.869700606000001e-06,0.154902449,8.732733989999999e-05,0.0022868270599999997,71.7972929,51.0279299,1.04570106e-05,6.3445478600000005,0.00882530005,3.35003939,0.00026418148649999995,2.3251968740000003e-05,0.018094077899999998,13.465512499999999,0.00026418148649999995,2.3251968740000003e-05,0.0061679588100000005,6.640359910000001,0.00026418148649999995,2.3251968740000003e-05,0.001401694216,5.86992668,0.00026418148649999995,2.3251968740000003e-05,0.00530067895,6.97960918e-07,2.8731128099999995e-05,0.2217849262,60.333284533,0.00797670572,-0.00398319481,-0.004362584080000001,1.0494810990000002e-06,1.691163885e-05
355,1679350200,0.31527927299999997,0.3153072820000001,-0.17026976900000002,-1.46810902,0.838188074,0.5057093589999999,0.7415851410000001,0.703933979,0.004014453949999999,0.1351085245,2.8591969399999998e-05,6.804069240000001e-07,6.86791679e-07,9.459071760000001e-07,1.235620106e-06,1.5993389730000003e-06,2.866924736e-06,5.579149610000001e-06,0.155182442,8.39055282e-05,0.0023590936599999996,70.27837199999999,51.0128966,1.047986095e-05,6.32782176,0.00898244645,3.48940922,0.00013747004420000002,1.1612698299999999e-05,0.018287988499999998,13.7416896,0.00013747004420000002,1.1612698299999999e-05,0.00596364756,4.466941869999999,0.00013747004420000002,1.1612698299999999e-05,0.00118038672,3.62844661,0.00013747004420000002,1.1612698299999999e-05,0.00529369162,7.9853336e-07,2.8810340500000002e-05,0.24956256039999997,9.41812329,0.0026100711899999995,-0.0038426129999999995,-0.004280549070000001,8.669180149999999e-07,1.4139693649999999e-05
355,1679350800,0.27742942299999995,0.27745757000000004,-0.179186201,-1.47606767,0.79682432,0.475487752,0.6870209669999999,0.6564950260000001,0.0036122302,0.12279813329999997,2.82796854e-05,1.9412848139999998e-07,1.4830535357e-07,3.140732227e-07,3.67965776e-07,4.1104624600000006e-07,9.207626689999999e-07,1.6738138389999999e-06,0.136099175,0.000162517685,0.0024488348299999997,76.444361,51.235440700000005,9.2335356e-06,5.847843190000001,0.00849529685,3.1009307099999996,0.00026780822530000003,2.357115297e-05,0.017144571100000002,12.060202550000001,0.00026780822530000003,2.357115297e-05,0.00613325609,6.127738389999999,0.00026780822530000003,2.357115297e-05,0.001312347933,5.3616018400000005,0.00026780822530000003,2.357115297e-05,0.00530802725,8.791448340000001e-07,2.90271311e-05,0.17773203599999998,31.082475767999995,0.0039609323516,-0.00381375268,-0.004219812630000001,8.94267406e-07,1.5237164700000002e-05
355,1679351400,0.28530282700000004,0.285330875,-0.17744467199999997,-1.44922592,0.855438632,0.479944696,0.704008996,0.671120488,0.00483653879,0.132090957,2.8281827800000004e-05,3.0638461450000003e-07,2.913846391e-07,4.34001208e-07,6.41624328e-07,8.47712902e-07,1.626407772e-06,3.43784848e-06,0.140095897,0.000127908691,0.0024197637300000002,72.804022,51.1547463,9.48787495e-06,6.179541,0.008599554700000001,3.20441134,0.0001651567085,1.4199541814999998e-05,0.0174213122,12.4739686,0.0001651567085,1.4199541814999998e-05,0.006024835659999999,4.97705348,0.0001651567085,1.4199541814999998e-05,0.00120902656,4.188063649999999,0.0001651567085,1.4199541814999998e-05,0.005308445020000001,8.53858662e-07,2.89811517e-05,0.1440898643,43.56005643,0.008755641490000002,-0.0039236149199999995,-0.004309061469999999,9.503945789999999e-07,1.614759245e-05
355,1679352000,0.273509924,0.27353811,-0.264336365,-0.92949981,1.1419473590000002,0.453440153,0.6909585899999999,0.6450946930000001,0.013488173400000001,0.20866215659999998,3.15245592e-05,3.0687218219999997e-06,2.3554555854e-06,2.5417797720000003e-06,3.137407818e-06,4.3215751510000004e-06,7.352599111e-06,1.374520522e-05,0.1325001106,0.0008644706340000001,0.0033504696599999995,75.76434499999999,52.28185119999999,9.07021536e-06,6.558373899999999,0.008313868260000001,3.38811956,0.00025792457995,2.5105536524e-05,0.016705415799999998,11.683484000000002,0.00025792457995,2.5105536524e-05,0.0060712866599999995,5.16312502,0.00025792457995,2.5105536524e-05,0.00128721953,4.56569206,0.00025792457995,2.5105536524e-05,0.00538728627,3.257104343e-05,6.069206139999999e-05,-3.3379999415,214.68228638600004,0.043209054829000004,-0.00370411341,-0.00424260295,0.00014816098774099998,0.0015793778377
355,1679352600,0.718878224,0.7189059510000001,-0.161848868,-1.33158053,1.7542660599999997,0.739794073,1.093533389,1.0282064190000002,0.0363728616,0.39757033299999994,3.0640945899999994e-05,3.837912874e-06,4.268547531e-06,5.215547802e-06,6.843819388e-06,9.210576414999998e-06,1.4428355579e-05,2.7290832800000003e-05,0.35582981799999996,0.000719607247,0.00281543098,69.6821743,50.919726100000005,2.38696643e-05,6.705090289999999,0.013471206539999999,8.54673466,0.0007481764579999999,6.766770662e-05,0.0271762324,31.914774599999998,0.0007481764579999999,6.766770662e-05,0.00665267059,15.228553569999999,0.0007481764579999999,6.766770662e-05,0.00215633649,14.684576510000003,0.0007481764579999999,6.766770662e-05,0.005435782030000001,2.455324495e-05,5.24031757e-05,2.6910399826999996,315.2827325,0.11971947095999999,-0.0031759408199999997,-0.0038120866000000003,6.493714091e-05,0.0005667709483000001
355,1679353200,1.019308815,1.01933668,-0.1012700437,-1.4874533199999997,1.44746918,0.9084251519999998,1.3136651000000001,1.26720119,0.025294056449999998,0.457147868,2.99301481e-05,2.454679776e-06,2.48969944e-06,3.04608925e-06,4.092426695e-06,5.1900439225e-06,8.283775855000002e-06,1.62727345e-05,0.506369968,0.000610885414,0.0026293869399999998,66.3673152,50.42943019999999,3.389758950000001e-05,6.03861552,0.016397244499999998,11.212460199999999,0.0007773830832,7.02459649e-05,0.0331715996,45.348577299999995,0.0007773830832,7.02459649e-05,0.006704199849999999,17.625575740000002,0.0007773830832,7.02459649e-05,0.0022937715600000004,17.00412796,0.0007773830832,7.02459649e-05,0.00527626214,2.27808327e-06,2.99658902e-05,0.1307150375,14.672202454999999,0.01373456757,-0.00280292172,-0.0035239659800000004,1.3216271389999998e-06,1.94502242e-05
355,1679353800,0.5409934649999999,0.541021116,-0.11030065714000001,-1.4176158,1.14232237,0.6540206690000001,0.9796799039999999,0.931678449,0.01783356507,0.260770803,2.85542286e-05,1.050485974e-06,1.047843809e-06,1.482528295e-06,1.8394759719999998e-06,2.362483726e-06,4.285126055e-06,7.826179679999999e-06,0.267284594,0.001021064453,0.00217003411,70.2030434,50.9113949,1.798745125e-05,6.20146357,0.0117573962,5.8475591,0.0006411753405999999,5.778339484000001e-05,0.023861053700000003,23.5795046,0.0006411753405999999,5.778339484000001e-05,0.00642678478,12.68924422,0.0006411753405999999,5.778339484000001e-05,0.0018285683000000001,12.110839882999999,0.0006411753405999999,5.778339484000001e-05,0.00526398919,1.685783204e-06,2.93348142e-05,0.1543593083,9.4277031,0.008339375265,-0.00319217147,-0.00374324209,1.052642574e-06,1.5960428500000002e-05
355,1679354400,0.5051357590000001,0.505163316,0.0398260979,-1.3039141,1.2024367100000002,0.6188394199999999,1.07317026,1.000905552,0.014740873060000003,0.231076763,2.8226733e-05,8.197227680000001e-07,8.155916159999998e-07,1.091781336e-06,1.6306676030000002e-06,2.251067984e-06,3.965101404e-06,8.35791493e-06,0.249019135,0.00178977975,0.0017385485199999998,71.4476902,51.1576384,1.67825252e-05,6.4034013000000005,0.0111797236,5.38585322,0.000532192171,4.77340106e-05,0.0230539086,21.860003499999998,0.000532192171,4.77340106e-05,0.00649186603,11.24789166,0.000532192171,4.77340106e-05,0.00188366836,10.60331725,0.000532192171,4.77340106e-05,0.0052555024,1.245764381e-06,2.8817247900000006e-05,-0.0186696644,7.882948214,0.0045393965804,-0.0034962172699999996,-0.003955481509999999,9.056518589999999e-07,1.44855049e-05
355,1679355000,0.485136756,0.48516441599999993,0.0695641761,-1.3606640300000001,1.170335736,0.610491234,1.039194236,0.9735297150000001,0.010611995059999999,0.22567777300000005,2.8899726799999994e-05,1.373080193e-06,1.3989840929999999e-06,1.740133861e-06,2.29720751e-06,3.054227916e-06,5.132945309999999e-06,9.728729710000001e-06,0.239282014,0.001542595936,0.0017175456700000002,70.4770528,51.0867875,1.61203418e-05,6.522856969999999,0.0109050989,5.189964740000001,0.00045397178499999996,4.0578420780000006e-05,0.022557024000000002,21.045977399999995,0.00045397178499999996,4.0578420780000006e-05,0.0063364496,9.7629499,0.00045397178499999996,4.0578420780000006e-05,0.00171407124,9.10035135,0.00045397178499999996,4.0578420780000006e-05,0.00526136981,1.242276866e-06,2.8896861800000004e-05,-0.02349106305,11.06484564,0.005072003214000001,-0.00349708336,-0.003963504140000001,9.981778049999999e-07,1.57562727e-05
355,1679355600,1.4000311130000003,1.40005636,-0.05174118694,-0.850611847,2.455424966,0.8886487040000001,1.442069023,1.2823891570000001,0.4827788686500001,2.152255064,3.37957207e-05,4.244731742e-06,5.456917463899999e-06,7.969207401e-06,1.1905437133e-05,1.9649745473000005e-05,2.8734676094e-05,0.00010987062812999999,0.697646535,0.000416895918,0.0017553178499999998,66.8159125,50.489335999999994,4.64993874e-05,6.2186792,0.016072084799999997,15.765412340000001,0.0009026736316999999,8.918865748999999e-05,0.0325025981,61.26673309999999,0.0009026736316999999,8.918865748999999e-05,0.00678427104,18.692130780000003,0.0009026736316999999,8.918865748999999e-05,0.00218420913,17.94006175,0.0009026736316999999,8.918865748999999e-05,0.00576735211,5.8905853120000004e-05,8.420371229999998e-05,0.07776408688999983,198.847499046,0.127988452038,0.00112883604,-0.001952898468,0.00020761474543,0.0022311326611999995
355,1679356200,1.106204304,1.106231714,-0.0958749723,1.9627648760000003,5.1747079199999995,0.860336684,1.2349877,1.1062837809999997,0.43213703045,3.0454439609999997,3.0028689400000002e-05,7.178020474000001e-06,1.8076343754999998e-05,3.552222636e-05,6.979618344999999e-05,0.00012521763038000002,0.00024032870279000002,0.0005943692363,0.548844761,0.00044955575400000005,0.0027144674,60.8050078,50.3241062,3.62886125e-05,7.2666403200000005,0.0175847176,37.08868776,0.0005914754670000001,5.364300563e-05,0.031625679000000004,51.5844068,0.0005914754670000001,5.364300563e-05,0.00665831701,13.807870099999999,0.0005914754670000001,5.364300563e-05,0.0025871975699999997,13.325118069999998,0.0005914754670000001,5.364300563e-05,0.0071921825,0.00040923622620999995,0.00043665700129999995,0.6391641343000001,348.25932078,0.4183899079400001,-0.0013672965889999999,-0.00268089024,0.00054609952352,0.0036585438344999997
355,1679356800,1.6976253199999998,1.69765233,-0.056258379000000004,2.29028249,6.408233180000001,1.052165757,1.67063847,1.3790670999999999,0.6755540919999999,4.17952436,3.2779543800000004e-05,1.312696866e-05,3.1109878899999996e-05,6.35903173e-05,0.0001260803663,0.000209742769,0.00042397969800000003,0.001039392038,0.8430673689999999,0.000511328529,0.0033209163399999997,57.868720100000004,50.2058445,5.5564275499999996e-05,7.503087719999999,0.022722153999999998,66.0675304,0.000959449005,8.729811764999999e-05,0.038636091299999994,78.35900010000002,0.000959449005,8.729811764999999e-05,0.00687365303,19.605171739999996,0.000959449005,8.729811764999999e-05,0.00323810405,19.397085859999997,0.000959449005,8.729811764999999e-05,0.008929849609999999,0.0007251343969999999,0.0007521790979999999,0.14343543860000002,165.24159099999997,0.4817475480000001,0.0006256339580000001,-0.002123742103,0.0008410584690000001,0.005060845119999999
355,1679357400,1.1014767839999997,1.1015043590000002,-0.07147111689999999,2.4207013099999997,6.039521809999999,0.8593528139999999,1.4004427600000002,1.133772075,0.40977389099999995,2.9185376400000003,3.13252752e-05,7.902699350000001e-06,1.848586003e-05,3.79996194e-05,6.712223969999999e-05,0.00011730958219999999,0.00029018842560000005,0.000582197279,0.5455534839999999,0.001298889298,0.00276026748,59.717456600000006,50.4724217,3.609810260000001e-05,7.46867874,0.018934047500000002,43.9511242,0.000668210316,6.063062713e-05,0.031725566299999994,51.7521846,0.000668210316,6.063062713e-05,0.0066397320699999995,16.58302231,0.000668210316,6.063062713e-05,0.00260695316,16.281762365,0.000668210316,6.063062713e-05,0.00770505276,0.00041040811850000003,0.000437941699,-0.344546095,368.27382300000005,0.45470363599999997,0.000855722133,-0.00114732966,0.0006282087407500001,0.004176640196600001
355,1679358000,0.8680837889999999,0.868111382,-0.1140553846,0.638187753,4.05484881,0.786376844,1.150047616,1.045944446,0.25224285665,2.071734606,3.05677336e-05,4.9049177580000005e-06,9.373677329e-06,1.6613725728e-05,2.8176871145999998e-05,4.5216447236e-05,7.827858309e-05,0.0001693711744,0.4308117530000001,0.0007198451399999999,0.0021550328899999998,65.4395831,50.554499,2.8656304600000003e-05,6.84505721,0.01464494295,16.42197472,0.0023504262836999998,0.00021450718178999995,0.028572640700000002,38.506983399999996,0.0023504262836999998,0.00021450718178999995,0.007109495810000001,44.82805787,0.0023504262836999998,0.00021450718178999995,0.00274239282,45.263755915,0.0023504262836999998,0.00021450718178999995,0.00587942743,0.00013536189735,0.0001630323465,-0.37252830139000004,439.38787599999995,0.2821750906,-0.0024395043,-0.0033054606700000004,0.000325379982944,0.0025956875899
355,1679358600,2.2129400099999996,2.21296685,-0.06708251509999999,-0.61056215065,5.070379690000001,1.2749411399999997,1.9422217900000003,1.7918797000000002,0.51086434,4.398688783999999,3.13071422e-05,6.2763744e-06,9.366843499999999e-06,1.5413955169999996e-05,2.7539179080000007e-05,4.796036917e-05,9.009090209e-05,0.000227907549,1.103618055,0.0005325833163999999,0.00188985078,60.682207299999995,50.1630548,7.33254821e-05,6.69581309,0.0236393851,35.082951,0.0011135313186,0.00010129765049000002,0.046751382200000004,99.13409010000001,0.0011135313186,0.00010129765049000002,0.00722481173,27.774911260000003,0.0011135313186,0.00010129765049000002,0.0032575584499999997,27.324376710000003,0.0011135313186,0.00010129765049000002,0.0059735197899999995,0.00012924597428,0.00015605001450000002,-0.30397416120000004,361.86182300300004,0.253177049,-0.000593554347,-0.0017684723939999998,0.00024034690303999993,0.0021264272869000005
355,1679359200,2.22969236,2.2297198000000003,-0.0587669755,-1.4119948939999998,2.4108360699999998,1.3290027000000002,2.06140045,1.94480939,0.07557295449999998,1.1639334159999999,3.06963899e-05,4.0663608e-06,4.18282826e-06,5.3991189799999995e-06,7.969819059999999e-06,1.227907404e-05,1.86044579e-05,4.10308344e-05,1.1125943550000001,0.0006755291760000001,0.00147926814,63.118319799999995,50.1608219,7.411918889999998e-05,6.34699428,0.023659517799999998,23.8537331,0.001397877054,0.0001269155693,0.0486278778,98.3439905,0.001397877054,0.0001269155693,0.00749555452,33.883207,0.001397877054,0.0001269155693,0.0035077899999999993,33.35110283,0.001397877054,0.0001269155693,0.00531349062,8.00343983e-06,3.5466091199999994e-05,0.041516198800000015,67.4068552164,0.03434525101000001,-0.0012212605890000003,-0.002220274,5.382143046e-06,5.793104734999999e-05
355,1679359800,2.9372834500000002,2.9373094600000003,-0.022065690180000003,-0.35887293699999984,5.01712821,1.47048111,2.30482037,2.1186646399999995,0.5379236834000001,4.07258796,3.34245191e-05,9.756069180000002e-06,1.4306842792999999e-05,2.6298706074e-05,4.818245964e-05,7.768656213e-05,0.00016831583916,0.00043622111406999996,1.4650025000000002,0.000980421332,0.00187061188,61.5703082,50.1549407,9.72652515e-05,6.513985669999999,0.027070513300000005,44.7433817,0.0039550726525,0.00036209157567,0.05376801839999999,129.3244956,0.0039550726525,0.00036209157567,0.00837584574,90.03185470000001,0.0039550726525,0.00036209157567,0.00472082953,90.42182084,0.0039550726525,0.00036209157567,0.006515344300000001,0.0002178692123,0.00024381778270000004,0.5463777110000001,138.50053422700003,0.19791127579999998,0.0004334598953999999,-0.0017040260799999999,0.00025016361685,0.0015770999272
355,1679360400,1.230530027,1.2305567600000002,-0.0776057392,1.6113691248,4.989827409999999,0.8942672930000001,1.385629782,1.189798834,0.5103932094,3.644195532,2.9988114599999996e-05,9.054008225e-06,1.691892836e-05,3.6564072514e-05,7.744891592000001e-05,0.00011080012913,0.00023103269002,0.0005183019745,0.610579536,0.00110676293,0.00257522609,61.907324700000004,50.493054,4.0423070999999997e-05,7.23773905,0.0182995522,41.548702,0.0006493987308,5.902739712e-05,0.0330001898,58.25682009999999,0.0006493987308,5.902739712e-05,0.006593356139999999,15.0003525,0.0006493987308,5.902739712e-05,0.0026868252100000004,14.59254719,0.0006493987308,5.902739712e-05,0.007530187870000001,0.00041520399257999997,0.00044209861299999997,0.13244876300000002,259.94970943000004,0.33276108919,-0.0007080458970000001,-0.0028568856499999996,0.0005194629753,0.0034192088801
355,1679361000,0.9772674240000001,0.9772946530000001,-0.0984143955,1.5137359,4.37582098,0.797494911,1.2515631900000002,1.0377316870000002,0.36087446955,2.4373519630000002,2.9686579700000002e-05,6.680070352e-06,1.6244173131999997e-05,3.2485676893999997e-05,6.080214496999999e-05,0.00010120184928000001,0.00019844653094999997,0.00046307996779999995,0.48416624099999994,0.0010901449,0.0024956466500000002,62.016005899999996,50.588706200000004,3.20749244e-05,7.19484434,0.016197161600000003,33.98229756,0.0005306953374,4.8130174000000004e-05,0.029320191899999997,46.8953735,0.0005306953374,4.8130174000000004e-05,0.0065076410500000004,12.92688446,0.0005306953374,4.8130174000000004e-05,0.0023521811500000003,12.37682447,0.0005306953374,4.8130174000000004e-05,0.006854632520000001,0.00035594771397,0.00038301936810000004,-0.5311469061,263.671008213,0.313947244335,-0.001973622963,-0.0031211340199999997,0.0004657627273490001,0.0029554436881
355,1679361600,2.3015171700000003,2.30154262,-0.056228134,0.710694185,6.426983720000001,1.2405152569999998,1.9121458399999998,1.6857514560000002,0.772282792,5.73841954,3.0564259499999994e-05,8.45786021e-06,1.581968282e-05,3.2972348080000006e-05,6.41025909e-05,0.00010819473310000002,0.0002292681223,0.0005870584400000001,1.146511361,0.0008309780530000001,0.0023654223499999997,59.63904070000001,50.2584397,7.598134770000001e-05,7.27270197,0.024110713100000004,48.7978628,0.0022140438894,0.00020245810205999997,0.04500004170000001,100.8664231,0.0022140438894,0.00020245810205999997,0.007434150740000001,41.07890837,0.0022140438894,0.00020245810205999997,0.0037247286499999996,41.319508,0.0022140438894,0.00020245810205999997,0.007483940800000001,0.00036483174500000004,0.0003904189248,-0.19876682949999996,233.45915359999998,0.372208847,0.000503972396,-0.00183488739,0.00046628546809999994,0.0032031166960000005
355,1679362200,1.9087896880000002,1.908815715,-0.0657456509,0.3797366999999999,5.369526330000001,1.134484095,1.7406906299999996,1.5654103059999998,0.5205272622,3.8486306400000005,2.95601738e-05,6.931008990000002e-06,1.287900059e-05,2.594641792e-05,5.1040444270000006e-05,8.424192939e-05,0.00017800950746,0.0004274200619,0.9505811129999999,0.0008589946980000001,0.0021646535500000003,60.89984830000001,50.311071399999996,6.304233389999999e-05,7.03456204,0.021562591300000003,36.243764299999995,0.00134123588,0.0001222292418,0.0412763703,84.8413008,0.00134123588,0.0001222292418,0.0071216905499999995,26.635668980000002,0.00134123588,0.0001222292418,0.00331690664,26.43411782,0.00134123588,0.0001222292418,0.006909257029999999,0.00028909114755,0.0003151363158,-0.017996770939999983,335.42762144999995,0.3237371607,-0.000278660437,-0.002262014536,0.00039655751885000004,0.0025530127099999997
355,1679362800,0.900285108,0.900312121,-0.0893489746,3.34375527,5.60705869,0.7668693459999999,1.2081368600000002,0.968654585,0.45107776,3.23991678,3.14484041e-05,8.88821496e-06,2.012915257e-05,3.387603729e-05,6.041356633000001e-05,0.0001018048489,0.00018110269569999998,0.000414647658,0.445995412,0.000721251415,0.00260035451,60.3645856,50.4667503,2.95121403e-05,7.403815540000001,0.015075862300000001,28.837293199999998,0.0018942605827999997,0.00017309114304,0.027828897999999998,41.95351169999999,0.0018942605827999997,0.00017309114304,0.006728420340000001,33.68353105000001,0.0018942605827999997,0.00017309114304,0.0025706664399999996,33.937516409,0.0018942605827999997,0.00017309114304,0.006609958890000001,0.0003219962252,0.00034912795609999997,0.5599989259999999,501.40410199999997,0.426582269,-0.001887673285,-0.00300412697,0.000587965036,0.00416878187
355,1679363400,1.9716228000000005,1.97164921,-0.048021047500000004,1.0669434230000001,6.4590846200000005,1.1527882150000002,1.87220717,1.5462846899999998,0.671655618,4.7454948,3.18213408e-05,9.77376423e-06,1.999081907e-05,3.693639645e-05,7.5786822e-05,0.00012070146669999998,0.000267407812,0.0006320399800000001,0.9813664800000002,0.0008622589080000001,0.0024136243199999997,58.8156648,50.2033006,6.49433469e-05,7.315304119999999,0.0230588609,49.5383178,0.0022075916662,0.00020167426652000002,0.0423353074,89.2713639,0.0022075916662,0.00020167426652000002,0.00739450058,51.53267459999999,0.0022075916662,0.00020167426652000002,0.003675788259999999,51.431866019999994,0.0022075916662,0.00020167426652000002,0.00743558064,0.0004112167427,0.0004374621739999999,0.610040085,248.929968,0.41094296799999996,-0.0008046158329999999,-0.00242342625,0.0005765548640000001,0.0037785214169999996
355,1679364000,2.0929589,2.09298539,-0.03393912859999999,0.486246804,6.5742131200000005,1.2120273099999999,1.9057706699999997,1.6778012199999999,0.680384236,5.04410166,3.0725119e-05,8.41548541e-06,1.8239308700000003e-05,3.4567864299999994e-05,6.564289720000001e-05,0.00011550466430000002,0.00024385211960000004,0.000605902092,1.042197016,0.00106442141,0.00212126803,58.235414500000005,50.200612899999996,6.90187782e-05,7.213337350000001,0.0235338638,47.314351,0.0015731385365,0.00014326343079,0.044430713200000006,93.7188271,0.0015731385365,0.00014326343079,0.00717720474,29.649847969999996,0.0015731385365,0.00014326343079,0.00345157148,29.622287340000003,0.0015731385365,0.00014326343079,0.007244048239999999,0.0003792646736,0.000405615379,0.1154711526,361.92783149999997,0.41235925800000006,-0.000420727304,-0.0022324274999999997,0.0005472464309999999,0.00353339934
355,1679364600,2.1304244100000003,2.1304509300000003,-0.0300095295,0.9498342959999999,6.656528220000001,1.22100215,1.8879201399999999,1.6794887799999998,0.7364822959999999,5.41517367,3.1796324e-05,9.532752669999998e-06,2.023531825e-05,3.92846365e-05,7.01168339e-05,0.00012787767099999998,0.00027103034500000004,0.0006768296350000001,1.0605600929999999,0.00121884351,0.00221287601,57.7983299,50.205602799999994,7.01837778e-05,7.2575214400000005,0.024308551700000004,54.8666984,0.00135225403,0.00012285579920000002,0.0449372569,97.29763419999999,0.00135225403,0.00012285579920000002,0.007415660910000001,29.722085000000003,0.00135225403,0.00012285579920000002,0.003713486689999999,29.227622500000003,0.00135225403,0.00012285579920000002,0.00743605739,0.00039921326999999994,0.00042591624400000003,-0.22297158043,269.19139,0.4086896729999999,-0.00080100086,-0.00231988172,0.000558813599,0.00342292238
355,1679365200,1.61189432,1.61192156,-0.0661436031,-0.09888171009999999,5.10341836,1.080836839,1.6730010499999999,1.4765325900000001,0.4150222995999999,3.2115248739999998,3.15049635e-05,7.621127940000001e-06,1.3553115393999998e-05,2.4424249710000004e-05,4.517837073e-05,7.943824817e-05,0.00016520276848,0.0004310263226,0.802013155,0.0008179630009999999,0.00234524955,60.62997499999999,50.296610199999996,5.3179771300000004e-05,7.024847969999999,0.020651335,33.947572349999994,0.001360547797,0.00012363294375000004,0.039536415000000005,73.829057,0.001360547797,0.00012363294375000004,0.00708269592,27.13537205,0.001360547797,0.00012363294375000004,0.00320866744,26.971325509999996,0.001360547797,0.00012363294375000004,0.00659910362,0.00023611411312000007,0.0002631963556,0.5572283530000002,453.922261,0.31636529780000006,-0.00128275502,-0.00257321149,0.00035706893733,0.002588803404
355,1679365800,0.8780279180000001,0.878055236,-0.0768113215,-0.64918776,3.4736935100000004,0.82354105,1.22411235,1.09522094,0.171953469,1.437998381,2.8889362500000002e-05,3.6224057009999996e-06,5.6741359307e-06,1.21544653826e-05,2.43422051e-05,3.841505321999999e-05,7.876562648800001e-05,0.00018991625659,0.43501232500000003,0.001026784164,0.00262035546,64.03704359999999,50.627468799999995,2.9044055300000007e-05,6.61348489,0.0152840749,18.082602950000002,0.0005999150725,5.4269977599999994e-05,0.0295595997,38.945268399999996,0.0005999150725,5.4269977599999994e-05,0.00638583972,12.38732653,0.0005999150725,5.4269977599999994e-05,0.00212916306,11.850406199999998,0.0005999150725,5.4269977599999994e-05,0.005976241269999999,0.00013698135138000002,0.0001642979705,-0.6373710062800002,322.16590395000003,0.21281316880000004,-0.002588918701,-0.0033663334100000005,0.00022093861502499998,0.0016753790577999999
355,1679366400,0.840150937,0.8401777779999999,-0.1008487545,1.18466307,4.091787367,0.7611169000000001,1.136809723,1.006230705,0.26521979270000007,1.9360728420000002,2.8306048399999997e-05,3.651600396e-06,9.102022754e-06,1.9331845902e-05,3.2348417915000006e-05,6.0701318767000006e-05,0.00010693832605,0.0002568347103,0.415825667,0.001308404065,0.00245095627,64.828721,50.8079684,2.77000582e-05,6.97784113,0.0144793625,22.281263799999998,0.00048078485260000004,4.316268758e-05,0.0273628302,37.4399418,0.00048078485260000004,4.316268758e-05,0.0063740353,11.1557017,0.00048078485260000004,4.316268758e-05,0.0020938945599999997,10.51516148,0.00048078485260000004,4.316268758e-05,0.006162453010000001,0.00021030720632,0.0002373619342,-0.3012025024,257.22994553999996,0.29059665590999995,-0.002355253497,-0.00320995534,0.00041292546618,0.0029867814882999994
355,1679367000,2.1786063399999995,2.1786328399999997,-0.045216638,0.22788703499999996,6.241278030000001,1.25130941,1.9280839100000002,1.7540035500000002,0.6277774610000002,5.1870323,3.21028543e-05,9.49619654e-06,1.7047636199999998e-05,3.0715096130000004e-05,5.659025497e-05,9.84899111e-05,0.00019651041940000003,0.0004990211689,1.084774538,0.0015615741500000003,0.0020533640800000003,58.83923840000001,50.2340017,7.19619751e-05,7.0625095,0.0241873792,45.8050138,0.0017406917083999998,0.00015852538515,0.0461649674,99.1430372,0.0017406917083999998,0.00015852538515,0.0073235865599999995,33.57432884000001,0.0017406917083999998,0.00015852538515,0.0036239625299999993,33.66036684000001,0.0017406917083999998,0.00015852538515,0.00684015489,0.0003118309697,0.00033843790719999994,-0.14993163780000002,312.4556180000001,0.366458755,-0.001055393057,-0.00233251912,0.0004705169866,0.00333872017
355,1679367600,1.52029775,1.5203248799999998,-0.0314022925,-0.455047086,4.39303405,1.064699466,1.6941517099999999,1.57876067,0.2850748246,2.383771971,2.92184899e-05,4.03116469e-06,7.525640601999999e-06,1.6087618474e-05,2.6986928139999998e-05,4.775808647299999e-05,9.889950649e-05,0.00023915469970000003,0.756350925,0.0016373676700000002,0.00171802811,62.48128440000001,50.3778561,5.034886030000001e-05,6.771333870000001,0.01967655,27.237567249999994,0.0011611305748,0.00010532798117999999,0.0389679618,66.2421612,0.0011611305748,0.00010532798117999999,0.00702666421,25.75593367,0.0011611305748,0.00010532798117999999,0.00301277541,25.3076335,0.0011611305748,0.00010532798117999999,0.006005725200000001,0.00015579725056,0.00018264961269999995,-0.48832779390000003,320.550249231,0.22972841799000002,-0.0013999048320000001,-0.00242221205,0.00028482625204,0.0020928150051
355,1679368200,1.1167817859999998,1.1168089799999998,-0.049531905,0.4085218769999999,3.43109221,0.8964028520000001,1.4876704099999998,1.3434035039999999,0.1742852405,1.3776476690000001,3.08263964e-05,6.9669047180000005e-06,1.1093296808999999e-05,2.2763084503999998e-05,4.305767828999999e-05,6.38039278914e-05,0.000127871705515,0.00027514160213000006,0.553977435,0.0018891476800000002,0.0019694990400000003,62.7804771,50.5515919,3.68932959e-05,6.599129100000001,0.017367408999999997,24.8366453,0.0009325626145,8.46979751e-05,0.0332280219,50.237806,0.0009325626145,8.46979751e-05,0.006837105149999999,19.95555299,0.0009325626145,8.46979751e-05,0.00272557838,19.529044040000002,0.0009325626145,8.46979751e-05,0.0064305080699999986,0.00022637938946,0.0002535835101,0.04473368719999997,85.51988029099999,0.195161956702,-0.002011176924,-0.0030594783400000004,0.00026719482165,0.0015755318796999997
355,1679368800,0.989680262857143,0.9897037271428571,-0.05219496885714286,2.115859042857143,5.388057385714285,0.7849236357142858,1.3116293057142856,1.1161947785714283,0.3877917894285714,2.5554339785714286,2.5649248571428568e-05,6.936686642857144e-06,1.849830914285714e-05,3.7865322071428566e-05,7.029908314285715e-05,0.00012262793157142858,0.0002492500634285714,0.0005725605191428571,0.48889068714285716,0.002241340514285714,0.002627422285714286,61.801794571428566,50.78768071428571,3.2378563428571425e-05,7.407686385714286,0.017065167285714285,46.69878142857143,0.0003502076385714286,3.171980814285715e-05,0.029318938428571428,47.213800142857146,0.0003502076385714286,3.171980814285715e-05,0.0059985728714285706,8.490071871428572,0.0003502076385714286,3.171980814285715e-05,0.0023462556571428573,8.161424614285716,0.0003502076385714286,3.171980814285715e-05,0.007082662900000001,0.000444868236,0.00046854217328571435,-0.5160206985714286,384.6340978571429,0.40821118999999995,7.577492142857161e-05,-0.002146358042857143,0.0005896211857142857,0.0039440040714285715
355,1679369400,0.925735908,0.925761655,-0.0201405767,4.35791904,6.14471263,0.7272835179999999,1.2787140099999998,1.0527321170000001,0.45092219899999997,2.9642158800000002,3.79587351e-05,1.7463950910000002e-05,2.8198956359999996e-05,4.87489682e-05,8.234294470000001e-05,0.0001438305459,0.00027625325250000003,0.0006389638240000001,0.456218849,0.0027259344000000003,0.00267394845,60.8681309,50.9019928,3.0186304000000004e-05,7.58521757,0.0158287447,39.861998899999996,0.0025398357127,0.00023222884696000003,0.027465905900000004,43.6239992,0.0025398357127,0.00023222884696000003,0.007000734620000002,47.273295329999996,0.0025398357127,0.00023222884696000003,0.0031139783200000003,47.99591804,0.0025398357127,0.00023222884696000003,0.007266660949999999,0.000434910972,0.0004605778305,0.040295584000000016,389.333569,0.455977939,-0.001218000934,-0.0026910640599999997,0.000661364117,0.00475571586
355,1679370000,1.03977764,1.0398041930000002,-0.003774094979999999,2.0969915930000003,5.76951367,0.818751114,1.3932800300000001,1.1947489669999998,0.353253229,2.534477156,2.90879129e-05,6.07642054e-06,1.194879184e-05,2.558786043e-05,5.544062278e-05,7.925510166000001e-05,0.00015403061469,0.0003548574404,0.514355445,0.00275493349,0.00208801392,61.8728192,50.888171299999996,3.42249593e-05,7.269289669999999,0.015789187700000002,26.15116253,0.000633509187,5.7298409899999996e-05,0.030273312200000003,46.465954499999995,0.000633509187,5.7298409899999996e-05,0.0065432713099999994,13.794446440000002,0.000633509187,5.7298409899999996e-05,0.0024655183,13.3043543,0.000633509187,5.7298409899999996e-05,0.00646684443,0.00030038168875,0.0003268993572,-0.7240999770000001,581.199245,0.441325039,-0.0019978774600000002,-0.0029724469999999996,0.0005755759727000001,0.004790862075
355,1679370600,1.9923984333333333,1.9924077999999998,-0.021544352666666666,-1.2326513333333333,4.107625233333334,1.2552470333333332,1.9744353,1.8840575333333334,0.16774457799999998,2.2972064666666667,1.1239962433333333e-05,2.7525565000000003e-06,3.1489619999999996e-06,4.966229533333333e-06,8.901242333333332e-06,1.3884318199999998e-05,2.6140448333333336e-05,7.448877950000001e-05,0.9938475833333333,0.0007502461333333334,0.0014652386,64.25078166666667,50.22046766666667,6.623477333333333e-05,6.484621400000001,0.021936245000000004,21.92557533333333,0.0019934775333333332,0.00018218384999999998,0.045473653333333336,85.82046333333334,0.0019934775333333332,0.00018218384999999998,0.0054830818,35.635150333333335,0.0019934775333333332,0.00018218384999999998,0.0035207169999999996,36.149014,0.0019934775333333332,0.00018218384999999998,0.0032888735333333335,3.212684813333334e-05,4.1304028e-05,0.15597163999999988,663.1517331666666,0.18781809266666669,0.00032275439733333336,-0.0005499445166666667,8.524507106666666e-05,0.0008793467776666668
355,1679371200,2.22161097,2.2216326000000004,-0.049464280799999996,-1.46706626,2.3459591,1.32788345,2.0570128100000002,1.9582347500000001,0.05644696240000001,1.0551909999999998,2.73083636e-05,6.549094313e-06,6.773131106999999e-06,8.09390598e-06,1.124449575e-05,1.46629569e-05,2.41620772e-05,4.85728819e-05,1.108427907,0.0007436597149999999,0.0015080488100000001,62.229770499999994,50.214254499999996,7.385583359999998e-05,6.46855159,0.0229760544,22.2987003,0.002162081135,0.0001971643945,0.047847223800000005,95.10569799999999,0.002162081135,0.0001971643945,0.0070431778100000005,45.033518699999995,0.002162081135,0.0001971643945,0.0036790428699999995,45.0149815,0.002162081135,0.0001971643945,0.0046838387,3.98500398e-06,2.5680517999999995e-05,-0.052536450199999994,5.6015539379999995,0.01255895733,-0.0013066085159,-0.00220663658,1.16035656e-06,1.740454695e-05
355,1679371800,2.03278594,2.03281084,-0.0680130736,-1.43992532,2.34937176,1.2745248500000002,1.9533221399999998,1.85101901,0.08458864760000001,1.16160851,3.04221264e-05,6.236674729e-06,6.3351067866e-06,7.447349741999999e-06,9.935520276999999e-06,1.2496380029999998e-05,1.970193308e-05,3.7720962e-05,1.013994756,0.000556033629,0.00173646831,61.2378494,50.204557900000005,6.760879010000001e-05,6.01441723,0.0222664535,20.9313112,0.001616472636,0.00014706359280000002,0.0461528436,87.956986,0.001616472636,0.00014706359280000002,0.00710825304,33.8833361,0.001616472636,0.00014706359280000002,0.00334484107,33.64636295999999,0.001616472636,0.00014706359280000002,0.005031593710000001,4.44427562e-06,2.94798918e-05,-0.06732093990000002,53.02828928300001,0.022111807885,-0.00177000902,-0.00266058872,4.560243945e-06,5.51623444e-05
355,1679372400,2.00533449,2.0053607999999996,-0.05934002470000001,-1.4691902200000002,2.1170521,1.2702265799999999,1.9589098100000002,1.8644069399999998,0.035421135750000006,0.875034971,3.10490282e-05,5.558512045e-06,5.5501298263000004e-06,6.4633581255e-06,8.716999977e-06,1.0734734150000001e-05,1.684597325e-05,3.2650236440000006e-05,1.0005932610000001,0.00033122322300000004,0.0016512809400000001,61.026834199999996,50.17310629999999,6.670856290000001e-05,5.66596776,0.0222255131,20.6457368,0.0026898655299999997,0.000245401549,0.046062225799999995,86.9931254,0.0026898655299999997,0.000245401549,0.007577105249999999,47.1509645,0.0026898655299999997,0.000245401549,0.00371000239,47.5266996,0.0026898655299999997,0.000245401549,0.005129609369999999,3.37890117e-06,2.9631425500000002e-05,0.05407104669999999,1.2191748060000003,0.005743282915,-0.00193330076,-0.0028138905299999995,9.39798973e-07,1.57505304e-05
355,1679373000,0.684779678,0.684806721,-0.1803924658,-1.32194415,1.2454505299999998,0.669924549,1.049244535,0.951029028,0.05165529244,0.36038405650000005,2.87593631e-05,1.970481234e-06,1.9620629234000004e-06,2.27984358e-06,3.111588332e-06,3.7925604099999992e-06,6.662586660000001e-06,1.122221779e-05,0.3392655546,0.0007071511030000001,0.00238376099,70.45017920000001,51.293336599999996,2.27698329e-05,6.04866018,0.011999934100000002,7.34867088,0.0004937091956,4.427684897e-05,0.024341442499999998,29.844830100000003,0.0004937091956,4.427684897e-05,0.00632500892,11.355704550000002,0.0004937091956,4.427684897e-05,0.001812255234,10.66856999,0.0004937091956,4.427684897e-05,0.00519391531,1.7462838059999998e-06,2.86589626e-05,0.015108471800000006,9.076950485,0.0068645602200000004,-0.0031047669799999997,-0.00363087033,9.65572281e-07,1.5949178099999998e-05
355,1679373600,1.0216321650000002,1.021659205,-0.08669802843900001,-0.7229809845999999,3.2843877999999997,0.7825010350000001,1.240050352,1.0963084689999998,0.2507611433,1.651589881,2.9369164399999998e-05,4.236566828e-06,7.792954183e-06,1.600825583e-05,2.9593315302999997e-05,5.050520319300001e-05,0.00010661031314,0.00026898492282999997,0.5064489454000001,0.00242608169,0.0014547513685,67.0774011,51.3056127,3.372553605e-05,6.699361210000001,0.014976452999999997,20.94978518,0.00038864522659999996,3.47414143e-05,0.028539901899999998,45.762591,0.00038864522659999996,3.47414143e-05,0.00642097492,12.22518996,0.00038864522659999996,3.47414143e-05,0.00211816573,11.462538518,0.00038864522659999996,3.47414143e-05,0.00609656149,0.00016048135435,0.0001874187445,0.4481551249,285.075733127,0.19788545906999996,-0.00227019129,-0.00326159592,0.000220836916042,0.00141109614
355,1679374200,1.72830155,1.72832832,-0.0009271904700000003,0.6888020599999999,6.2829792499999995,1.0827818699999998,1.8178680100000002,1.56544778,0.5271795256,3.63310874,3.03087517e-05,8.076093079999998e-06,1.743429422e-05,3.6725631630000004e-05,6.896141924e-05,0.00011995583679999999,0.0002464944926,0.0006130929629999999,0.8588337530000001,0.00307043597,0.001132275642,58.69075069999999,50.430040000000005,5.69449858e-05,7.222526599999999,0.0219087313,50.4968335,0.0009681122250000002,8.771012359999998e-05,0.04014417,79.9013405,0.0009681122250000002,8.771012359999998e-05,0.00717318024,23.2547198,0.0009681122250000002,8.771012359999998e-05,0.00340135084,22.9678302,0.0009681122250000002,8.771012359999998e-05,0.007351194529999999,0.0004113031183,0.000438172538,0.25287858760000004,364.96475300000003,0.41385359800000004,-0.0004848434070000001,-0.00234699894,0.0005782318885,0.00364052486
355,1679374800,0.824107652,0.824135099,-0.0017702196599999997,4.913569310000001,5.48900504,0.6968964000000001,1.1730358099999998,0.960516793,0.401371725,2.43552782,2.9822827e-05,8.68418115e-06,1.9471726007e-05,4.544586719999999e-05,8.882774239999999e-05,0.00014716370117,0.000304598939,0.0007123091072,0.405761033,0.00362759052,0.0013345721599999998,59.82260190000001,51.0307296,2.68348181e-05,7.51931704,0.0157349352,43.03152737,0.0005107952839999999,4.6612113870000004e-05,0.025859853,39.9426319,0.0005107952839999999,4.6612113870000004e-05,0.00641644916,10.57621428,0.0005107952839999999,4.6612113870000004e-05,0.00238424756,10.19896375,0.0005107952839999999,4.6612113870000004e-05,0.008068898680000002,0.00054120350375,0.000568673302,0.40547951100000007,252.381023,0.441571775,-0.0006439370439999998,-0.0027928348099999995,0.0006633308493000001,0.004262370486999999
355,1679375400,0.766605464,0.766633001,0.00069126077,1.8955881060000004,4.022897805999999,0.712795521,1.0852831259999998,0.9159279640000001,0.2938483872,1.9172076740000001,3.4979609899999995e-05,1.0667255947e-05,2.0290696450000003e-05,3.9653139169999995e-05,6.754685901e-05,0.00011921141922,0.00022350955977,0.00052169435677,0.377960487,0.0033654439,0.0009664413718,61.94871350000001,51.198184000000005,2.5055491799999996e-05,7.254511609999999,0.0148856099,36.72591899,0.0021096484150000005,0.00019314316621999998,0.0256015585,36.974868799999996,0.0021096484150000005,0.00019314316621999998,0.00683189875,41.03437692,0.0021096484150000005,0.00019314316621999998,0.0026360659800000004,41.37462299,0.0021096484150000005,0.00019314316621999998,0.00711559643,0.00039134360265000005,0.00041884176999999994,-0.5690040035399999,263.2622535502,0.30754211392999997,-0.001823399735,-0.0031827117700000004,0.00050933181259,0.0029357179013
355,1679376000,1.2519227499999999,1.25194984,-0.001094743975,-0.13021395210000014,4.05942385,0.964252764,1.40348033,1.28036406,0.3136095155,2.2243187769999997,3.649964650000001e-05,1.2707799806999998e-05,2.0717190894e-05,4.2260110714e-05,6.1268636166e-05,0.00011972385726,0.00021731914469999997,0.00045282326164999994,0.6209930750000001,0.0032011302,0.0008302746452,62.3861449,50.6258952,4.12595541e-05,6.90246112,0.0186435421,34.7548739,0.0012820018520000001,0.0001166490715,0.034487713899999994,56.193527399999994,0.0012820018520000001,0.0001166490715,0.0070525948700000006,34.01722047,0.0012820018520000001,0.0001166490715,0.00302680579,33.479983479999994,0.0012820018520000001,0.0001166490715,0.006721885719999999,0.00031770268442,0.0003448425697,0.5298107253,252.19944667149997,0.270188295955,-0.0015240295760000002,-0.0026613162500000002,0.00045247949433,0.0026319389879
355,1679376600,0.922249077,0.92227628,-0.0012878585259999999,-0.873762767,3.6442862899999993,0.862643354,1.2385878,1.1525227000000002,0.1498851948,1.37140388,2.8864698299999998e-05,3.0588899330000003e-06,5.091290559e-06,9.596311420000001e-06,1.6515478975e-05,2.7123883950000003e-05,5.727560158e-05,0.00010842729231999998,0.45766263200000007,0.00299875211,0.00023408762399999998,62.8786487,50.696995400000006,3.0565676999999995e-05,6.61275326,0.0156598294,14.2900567,0.000548881947,4.9350913000000004e-05,0.030809026,41.1855006,0.000548881947,4.9350913000000004e-05,0.006477058249999999,14.28759905,0.000548881947,4.9350913000000004e-05,0.00211770172,13.510983166999997,0.000548881947,4.9350913000000004e-05,0.005600583189999999,8.192363421e-05,0.0001092368726,0.2968045601399999,506.2230363265001,0.24928321353809996,-0.00249365681,-0.0031646817800000003,0.00018762022299599997,0.0017352022520999999
355,1679377200,0.9101456450000001,0.910173099,-0.001048531452,-1.371792943,1.9479969799999999,0.863899269,1.25546332,1.1701482099999998,0.0903293537,0.737633687,2.9837328800000003e-05,3.2080811609999996e-06,4.419815536e-06,6.690963541e-06,1.0690407386e-05,1.7285950617e-05,3.77444313e-05,7.040985108000001e-05,0.45161541000000005,0.0031248813600000002,0.00017930210599999998,65.6561713,50.7441011,3.0202373900000005e-05,6.4083802599999995,0.015500384249999999,13.75819925,0.0008874028685999999,8.035632309e-05,0.030750634500000002,40.369269700000004,0.0008874028685999999,8.035632309e-05,0.00653865844,17.726939465,0.0008874028685999999,8.035632309e-05,0.00216815059,17.271388005,0.0008874028685999999,8.035632309e-05,0.00544245664,4.4794214550000004e-05,7.222066e-05,-0.19653987310000004,47.04683466,0.060730513220000004,-0.0024877822560000003,-0.00316026728,8.2090594984e-05,0.0005298426417
355,1679377800,2.32257833,2.32260529,-0.0007882421319999999,-0.21349874740000002,6.5257243,1.3093320400000001,2.06503805,1.8401812099999997,0.571644908,4.01836912,3.374836700000001e-05,1.017293216e-05,1.7851949969999998e-05,3.1987212950000004e-05,5.427820469999999e-05,9.67561579e-05,0.0001870375494,0.000457384116,1.1572944349999998,0.0023188620299999995,0.000813558742,57.4702216,50.2250477,7.677781589999999e-05,7.014598559999999,0.024674515299999998,42.3805766,0.0017013914969999998,0.0001548189256,0.0479121859,105.5951145,0.0017013914969999998,0.0001548189256,0.00736468474,33.8345702,0.0017013914969999998,0.0001548189256,0.0036009062099999997,33.8219909,0.0017013914969999998,0.0001548189256,0.0066573762100000005,0.00029235395999999993,0.0003194404025,0.27428454190000007,464.5338989999999,0.41861106000000003,-0.000997843275,-0.0022403666800000005,0.000510072571,0.0034794882399999997
355,1679378400,2.20126312,2.20129071,-0.00203061851,-1.40417244,2.7343210200000003,1.3279943200000002,2.0793259300000004,1.9853106500000002,0.07417024180000001,1.311461972,3.1222185e-05,4.6077677560000005e-06,4.929565245200001e-06,6.490540921e-06,9.80083559e-06,1.4153650997999998e-05,2.3416363862e-05,5.416755196e-05,1.09850302,0.0018327051099999998,0.000174189244,62.584078399999996,50.1977144,7.3178766e-05,5.8086689400000004,0.023579269099999998,24.115417799999996,0.001621670587,0.00014747695894999998,0.04839623010000001,96.5338222,0.001621670587,0.00014747695894999998,0.007380950959999999,37.9370167,0.001621670587,0.00014747695894999998,0.0034081364999999997,37.4527866,0.001621670587,0.00014747695894999998,0.00531139699,1.6628777830000002e-05,4.40464491e-05,0.15662352159999998,77.315304511,0.04992699646,-0.00190659073,-0.0027857936800000003,3.1656153924e-05,0.00030320054065
355,1679379000,1.84138822,1.8414155399999999,-0.00249314102,-0.545393281,4.57697726,1.165685631,1.8088677,1.63516239,0.38684068899999996,2.84357994,3.0483717699999995e-05,6.999043120000001e-06,1.22964785948e-05,2.6337430847e-05,4.863637502e-05,8.2609941345e-05,0.00017801816597,0.00046959318994,0.917062732,0.00202724922,0.0007754386679000001,61.057769699999994,50.29554420000001,6.0848843099999995e-05,6.73626593,0.0223935486,39.410341700000004,0.0014110116556,0.0001285177281,0.04235584219999999,82.5941428,0.0014110116556,0.0001285177281,0.00720041755,28.232382100000002,0.0014110116556,0.0001285177281,0.00333911389,28.097755190000004,0.0014110116556,0.0001285177281,0.0067227374399999994,0.00026193800825999997,0.0002892763716,0.3302752967,161.67161784,0.25672833731,-0.0014337871839999999,-0.00272913092,0.000369419237095,0.0024374293834999996
355,1679379600,1.2878136900000001,1.2878408399999999,-0.0036879341000000004,-1.236534454,2.59207912,1.0092372399999998,1.5483847699999997,1.45211932,0.1123889787,0.9896806139999998,2.8265565e-05,2.311973532e-06,3.6018583400000003e-06,8.408787883e-06,1.513001294e-05,2.5731661540000007e-05,5.287155136300001e-05,0.00012357718677,0.640773522,0.0026302812699999997,0.0002697827246,65.32031219999999,50.4623943,4.27544474e-05,5.96906324,0.018345082599999996,19.826469000000003,0.0011334511331999998,0.00010283091775,0.0365240783,56.82470430000001,0.0011334511331999998,0.00010283091775,0.006789327040000001,21.4984344,0.0011334511331999998,0.00010283091775,0.0025986907999999997,21.092453,0.0011334511331999998,0.00010283091775,0.00557516236,6.950654088e-05,9.675159309999999e-05,-0.12991032247599996,149.00469544,0.085319328542,-0.0023607476650000002,-0.00314989793,9.1165560363e-05,0.00063741052215
355,1679380200,2.17544758,2.17547489,-0.001400790284,-0.438467524,6.01300861,1.2862517199999997,1.93880917,1.7727540699999995,0.456713005,3.47314126,3.6089103900000006e-05,1.3032111479999999e-05,2.3598188795e-05,4.1235348863e-05,8.024393150000002e-05,0.00012609043693,0.0002718320224,0.0006094543702999999,1.082969002,0.00254590311,0.001034273736,58.6737302,50.2592911,7.17994516e-05,7.0688100899999995,0.025130262800000004,52.1396881,0.0021900706856,0.00020003871960000001,0.046628045800000004,98.43864679999999,0.0021900706856,0.00020003871960000001,0.007716921729999998,52.27511116999999,0.0021900706856,0.00020003871960000001,0.00408723209,52.17418882,0.0021900706856,0.00020003871960000001,0.0072582867999999995,0.000395496812,0.00042261048029999993,0.765239091,368.149536,0.41975133899999995,-0.00038501126100000003,-0.0019037571399999997,0.0005460535707999999,0.00356218268
355,1679380800,1.4685289700000002,1.46855638,-0.001253039239,-0.24710133399999998,5.087480199999999,1.06539236,1.55434743,1.41120559,0.31967059999999997,2.402169761,3.08101936e-05,8.3869339e-06,1.893376854e-05,3.7402726309999996e-05,6.643142622999999e-05,0.00011463062055,0.00022308341370000004,0.0004942265719999999,0.729683151,0.0026075060699999996,0.0010068778665,60.35555860000001,50.3958313,4.84026613e-05,7.184915049999999,0.0206736958,39.9035539,0.0011597959100000002,0.00010571681019999999,0.0382498063,66.3689568,0.0011597959100000002,0.00010571681019999999,0.0070828116600000005,23.69105196,0.0011597959100000002,0.00010571681019999999,0.00316485313,23.53505287,0.0011597959100000002,0.00010571681019999999,0.00698334377,0.00038814314058,0.0004156192449,0.3125722151,349.88912612000007,0.39176410745,-0.00118645524,-0.00263170465,0.00058138632405,0.0037078085733999997
355,1679381400,1.42209989,1.42212759,-0.0011193941047,-0.741363484,4.3656957599999995,1.05168742,1.63126232,1.50900854,0.24336526209999998,2.058478873,2.8776827400000002e-05,3.0919919729999998e-06,6.176780941000001e-06,1.2359354043e-05,2.0499986975000003e-05,4.025112867e-05,7.762816067e-05,0.00017476477744000001,0.708316302,0.00203895961,0.00035810675450000004,61.695756700000004,50.3201459,4.7139679500000006e-05,6.412035150000001,0.019322863500000002,23.0826796,0.001267211837,0.00011523991271000004,0.0381519389,63.081679599999994,0.001267211837,0.00011523991271000004,0.00699587121,24.981077459999998,0.001267211837,0.00011523991271000004,0.0028583417099999997,24.73236484,0.001267211837,0.00011523991271000004,0.0058237127699999995,0.00012303021860000002,0.0001505715021,-0.58141464015,286.11367341,0.22465107292000003,-0.0019270689899999998,-0.0027822149600000004,0.00025932448617700004,0.0019761177858
355,1679382000,1.275871773,1.275899409,-0.0011880173,-0.796613113,3.7599398400000004,0.984799009,1.51954636,1.39706766,0.2161826054,1.9074093910000003,2.98439194e-05,4.083044675e-06,7.4073069300000006e-06,1.310845558e-05,2.225217908e-05,3.714777814e-05,7.955114353e-05,0.00017833383756,0.6361325520000001,0.001116069871,0.00034238725169999997,59.180994,50.192178,4.227333519999999e-05,6.67558492,0.018057384000000003,21.3671687,0.0010807449809999998,9.799275265e-05,0.035776374799999996,56.843579,0.0010807449809999998,9.799275265e-05,0.006903845059999999,22.38101924,0.0010807449809999998,9.799275265e-05,0.0026864688,21.978680750000002,0.0010807449809999998,9.799275265e-05,0.00586621271,0.00012733024207000002,0.0001550576849,-0.2896853159999999,208.40156107099997,0.214135851785,-0.0023946734899999997,-0.0031669639800000005,0.00025265491811299996,0.0018340755530500002
355,1679382600,0.684635506,0.684663074,-0.001445826723,-1.44191204,1.32172784,0.7332282609999999,1.1504601200000002,1.0838580419999997,0.0298124006,0.34370698699999996,2.7768828300000002e-05,4.0574254000000003e-07,3.3420369889999996e-07,4.81773741e-07,1.0243241329999999e-06,1.3110669240000001e-06,2.391684537e-06,6.21987348e-06,0.341227364,0.0010205616000000001,5.7291547999999997e-05,65.699687,50.37749169999999,2.2779207e-05,5.70746991,0.01289449815,7.174492070000001,0.0005427571868,4.873769116e-05,0.0267104253,29.997324899999995,0.0005427571868,4.873769116e-05,0.006414654420000001,12.1713562,0.0005427571868,4.873769116e-05,0.00190265761,11.49504388,0.0005427571868,4.873769116e-05,0.005244913990000001,1.58595959e-06,2.9006933500000003e-05,-0.11255522579999999,18.78819558,0.0104013149404,-0.0032858254999999998,-0.003790044220000001,1.105128564e-06,1.78726134e-05
355,1679383200,0.362030524,0.362058036,-0.0031134959280000006,-1.2930092400000002,1.014255976,0.518678153,0.8768892770000001,0.8129123070000001,0.014989678449999998,0.1790054615,2.84852156e-05,1.071597674e-06,1.109940749e-06,1.3220407550000001e-06,1.806858934e-06,2.458491902e-06,3.7045144100000002e-06,7.56325051e-06,0.17967570100000002,0.00127764405,4.17002826e-05,64.6609716,50.8859317,1.20369334e-05,6.23602389,0.00924477246,3.83295665,0.0003067329868,2.7096247500000003e-05,0.019272503399999998,15.80202956,0.0003067329868,2.7096247500000003e-05,0.006132210030000001,6.855375780000001,0.0003067329868,2.7096247500000003e-05,0.00143031258,6.145976267,0.0003067329868,2.7096247500000003e-05,0.00527971497,1.575868637e-06,2.9172915e-05,0.059265680099999996,44.2421882,0.013336221799999997,-0.0036607000400000005,-0.0041019216,1.35358661e-06,1.82459193e-05
355,1679383800,0.342668056,0.342695524,-0.0051550089,-1.29298103,0.9916802670000001,0.507166108,0.8642138770000001,0.7991118939999999,0.0181916325,0.1651922014,2.79137932e-05,5.48078094e-07,5.76250969e-07,7.600694960000001e-07,1.1918711250000002e-06,1.6827923029999997e-06,2.82704377e-06,6.55610816e-06,0.17000920390000002,0.0012634707400000001,4.65484573e-05,67.3831974,50.8473195,1.1389187699999998e-05,6.31237986,0.00901239035,3.60374209,0.00032134504999999997,2.843852802e-05,0.01878455975,14.825693299999998,0.00032134504999999997,2.843852802e-05,0.00611637726,6.798611020000001,0.00032134504999999997,2.843852802e-05,0.00143019044,6.08608858,0.00032134504999999997,2.843852802e-05,0.00526438118,1.5657749499999999e-06,2.89790731e-05,-0.10764639999999996,49.5375403,0.013951548149999998,-0.0037100698600000003,-0.00413612207,1.39963871e-06,1.92829099e-05
355,1679384400,0.179798164,0.17982558099999996,-0.0076410468100000005,-1.3423210300000001,0.733672401,0.374280936,0.6219565009999999,0.563492195,0.010801983300000002,0.0932815286,2.7843217199999998e-05,4.754358369999999e-07,5.075824919999999e-07,6.296237939999999e-07,9.04254138e-07,1.2512488020000002e-06,2.0561505099999997e-06,4.4118194e-06,0.08864509310000002,0.0012084985199999998,3.4609995900000007e-05,67.80840080000002,51.4548179,5.97552959e-06,6.4713746,0.006567954799999999,1.92311099,0.0002041706749,1.7776420053e-05,0.013642094000000002,7.770051270000001,0.0002041706749,1.7776420053e-05,0.0059069105,4.48147484,0.0002041706749,1.7776420053e-05,0.001073828846,3.7434681277000004,0.0002041706749,1.7776420053e-05,0.00526588781,1.1430641500000003e-06,2.8636733200000003e-05,-0.16095189415,60.53160230000001,0.011485110250000001,-0.0040493373400000005,-0.004358691749999999,1.2061781529999998e-06,1.69301037e-05
355,1679385000,0.14033712999999998,0.14036445900000002,-0.00724788759,-1.45086955,0.6962462439999999,0.332316227,0.5246035179999999,0.4821522100000001,0.009640327370000002,0.08075433109999999,2.75765171e-05,2.8121456980000003e-07,2.8903562199999995e-07,3.5368234910000005e-07,5.50206488e-07,7.67321001e-07,1.213804184e-06,2.608333213e-06,0.0689680158,0.0011653635100000001,2.85897986e-05,70.95598100000001,51.927699,4.66631433e-06,6.32956609,0.00578642157,1.493014705,0.00014223875380000003,1.210205253e-05,0.011890881450000002,6.04617968,0.00014223875380000003,1.210205253e-05,0.00578905898,3.4646331599999995,0.00014223875380000003,1.210205253e-05,0.000920942242,2.71696922,0.00014223875380000003,1.210205253e-05,0.0052393085,8.271662480000001e-07,2.81625816e-05,-0.3129642581,142.90436591999998,0.01427670419,-0.004104994229999999,-0.0043713554499999994,1.4048538829999998e-06,2.0958653199999998e-05
355,1679385600,0.26939477399999995,0.269422163,-0.0059612458999999994,-1.29995842,0.850938462,0.44398082099999997,0.756735609,0.6877335,0.01205246523,0.1319778799,2.78991496e-05,5.525278548e-07,5.839765924e-07,7.355381056999999e-07,1.1085711820000001e-06,1.5900968639999997e-06,2.600210633e-06,5.747807551e-06,0.1333552606,0.0012853842100000001,4.2873260900000003e-05,68.9924331,51.181248800000006,8.95421852e-06,6.25525933,0.007860763310000001,2.86336055,0.0001962160233,1.7042645082999998e-05,0.0164281987,11.7678396,0.0001962160233,1.7042645082999998e-05,0.005973491080000001,5.22335543,0.0001962160233,1.7042645082999998e-05,0.00121674771,4.4124894,0.0001962160233,1.7042645082999998e-05,0.00524191458,9.60052235e-07,2.8345423900000002e-05,0.10764024409999999,27.804740181,0.006447060209999999,-0.0038586445900000007,-0.00421724327,1.0363917420000003e-06,1.5837127599999998e-05
355,1679386200,0.43713577,0.43716314,-0.036507352215000004,-1.2862659300000001,1.1162591,0.577358327,0.98159248,0.9008900040000001,0.0186942644,0.208128971,2.79717495e-05,7.208609629999999e-07,7.330113616e-07,9.12156241e-07,1.4046543769999999e-06,1.8470069749999996e-06,3.068802875e-06,6.86326412e-06,0.21571531,0.001176468045,0.0016597265921000001,69.08364379999999,51.068268,1.4531708699999998e-05,6.1181166000000005,0.01046299325,4.74593722,0.000374615493,3.331294889999999e-05,0.0214582974,18.9987755,0.000374615493,3.331294889999999e-05,0.00624429093,8.2225723,0.000374615493,3.331294889999999e-05,0.0016248693200000002,7.55009378,0.000374615493,3.331294889999999e-05,0.005254593569999999,1.50420612e-06,2.8860791399999995e-05,0.2451203927,32.7108111,0.0113375064,-0.0035832102499999997,-0.0040349461,1.2603543200000001e-06,1.7299023299999996e-05
355,1679386800,0.404743934,0.404771505,-0.061525818499999996,-1.28533662,1.0148184559999998,0.555399755,0.943453802,0.870664086,0.0099113571,0.175128063,2.8551866600000007e-05,1.102484912e-06,1.15133931e-06,1.713898666e-06,1.9081964849999996e-06,2.5077112e-06,4.755056766e-06,8.39170763e-06,0.198437917,0.000853852982,0.00305750812,71.0574235,51.3959889,1.34462289e-05,6.40908163,0.010137325950000001,4.443334200000001,0.00037952830389999996,3.3831327897e-05,0.0205765761,17.392764500000002,0.00037952830389999996,3.3831327897e-05,0.0062836631399999995,8.78303024,0.00037952830389999996,3.3831327897e-05,0.0016211730800000002,8.07112762,0.00037952830389999996,3.3831327897e-05,0.00528102934,2.24520508e-06,2.9843001300000003e-05,0.45416386500000006,22.50905003,0.0115803324,-0.00307198793,-0.00367784384,1.37164929e-06,1.74187653e-05
355,1679387400,0.41202252,0.412050204,-0.08430381649999999,-1.26856582,1.08269554,0.5589838540000001,0.940828705,0.867776495,0.0133720384,0.197583274,2.8836983999999998e-05,1.289412404e-06,1.3372257547999999e-06,1.6594486719999997e-06,2.160192357e-06,2.835184264e-06,4.600854545e-06,9.05526445e-06,0.20196083599999998,0.001017588843,0.0030086245000000003,70.0973335,51.431044099999994,1.36930511e-05,6.41782261,0.01022188,4.51664059,0.00043156461659999996,3.853073912e-05,0.0207519049,17.695357099999995,0.00043156461659999996,3.853073912e-05,0.006203925460000001,8.64807827,0.00043156461659999996,3.853073912e-05,0.0015414359799999998,7.98412081,0.00043156461659999996,3.853073912e-05,0.00529633832,1.80583766e-06,2.95338183e-05,0.4467437309999999,30.550326900000005,0.013055387100000001,-0.0034728949700000003,-0.00400207983,1.32052545e-06,1.89723292e-05
355,1679388000,0.5119048740000001,0.51193237,-0.0745188876,-1.29981381,1.18484866,0.625387473,1.044294384,0.962879393,0.0186951729,0.243162164,2.86335552e-05,1.323833826e-06,1.3670998706000002e-06,1.7342086330000001e-06,2.306129145e-06,3.0665054750000003e-06,5.11125495e-06,1.041322266e-05,0.25207194,0.000925324028,0.00292851709,69.523762,51.097926799999996,1.7013289100000003e-05,6.38382724,0.0113802756,5.62661004,0.00034429025420000005,3.053730193e-05,0.0232450465,22.2887601,0.00034429025420000005,3.053730193e-05,0.00625156645,8.46352462,0.00034429025420000005,3.053730193e-05,0.0016632249099999999,7.740402639999999,0.00034429025420000005,3.053730193e-05,0.0052586043399999996,1.8440061e-06,2.92162594e-05,0.4323664099999999,25.070086,0.012760161649999999,-0.00330679849,-0.0038870965699999995,1.3160632060000001e-06,1.84756797e-05
355,1679388600,0.518510703,0.5185382310000001,-0.09412024,-1.30582886,1.28576427,0.629762333,1.0256938150000001,0.9434163099999999,0.029001484900000003,0.31112878099999997,2.82997298e-05,9.35027178e-07,9.487188357000001e-07,1.295078059e-06,1.6331335849999998e-06,2.03939615e-06,6.24096072e-06,8.34104891e-06,0.25563809,0.0008475270359999999,0.00274736622,69.05737839999999,51.0355131,1.72402732e-05,6.1926831700000005,0.0114346941,5.69804755,0.000500516889,4.483030192e-05,0.0232422563,22.5034191,0.000500516889,4.483030192e-05,0.0063140229499999995,9.94427504,0.000500516889,4.483030192e-05,0.0017058315299999997,9.34106881,0.000500516889,4.483030192e-05,0.005283832099999999,2.11144413e-06,2.97714404e-05,0.2819652046,20.6938187,0.01219687109,-0.0031577155100000003,-0.00374728146,1.15976698e-06,1.67765465e-05
355,1679389200,0.369803024,0.369830384,-0.21814912,-1.39002111,0.91832806,0.536964271,0.776161191,0.717621899,0.022389252919999998,0.190885726,2.77909643e-05,5.161220711000001e-07,4.870840164e-07,7.116464640000001e-07,9.106121790000001e-07,1.1710185009999998e-06,6.711355235000001e-06,4.2562967e-06,0.181361992,0.0010791280650000001,0.00244483637,73.19258260000001,51.5152961,1.229887266e-05,5.814940699999999,0.00953304954,4.130471170000001,0.00013881058299999998,1.1752955760000001e-05,0.01941116785,15.921736249999999,0.00013881058299999998,1.1752955760000001e-05,0.00598167568,5.07289716,0.00013881058299999998,1.1752955760000001e-05,0.00130500895,4.23894623,0.00013881058299999998,1.1752955760000001e-05,0.00523737657,1.6675742649999996e-06,2.90200857e-05,0.20331905469999997,10.053055389999999,0.008719873219999999,-0.0032774968600000004,-0.00377640921,1.038085485e-06,1.6866449200000002e-05
355,1679389800,0.274929069,0.2749565,-0.20756047,-1.47967351,0.78336141,0.47299226,0.6464822290000001,0.6065060259999999,0.0184684678,0.146017592,2.7743414600000004e-05,3.6672373099999997e-07,3.5963190190000005e-07,5.449107323e-07,7.26258192e-07,9.67103874e-07,1.7312005750000001e-06,3.675792566e-06,0.1339029419,0.00132504,0.00222750929,76.65533059999998,52.0454575,9.138194530000001e-06,6.0928361099999995,0.00833368372,3.04749523,0.0002740775914,2.4246839489999998e-05,0.016747194199999996,11.801747709999999,0.0002740775914,2.4246839489999998e-05,0.0059905505099999996,6.497234949999999,0.0002740775914,2.4246839489999998e-05,0.0012399006490000002,5.773605910000001,0.0002740775914,2.4246839489999998e-05,0.005241296269999999,1.052214192e-06,2.84457367e-05,0.150730384,27.690749800000003,0.00925797151,-0.003727633,-0.004151474939999999,1.17761289e-06,1.726498395e-05
355,1679390400,0.353382588,0.353410062,-0.16472113,-1.54816694,0.830200345,0.53953814,0.731534818,0.69692127,0.011223616200000001,0.1639970135,2.8221535800000003e-05,8.407389250000001e-07,8.76395498e-07,1.232722235e-06,1.552242503e-06,2.077294686e-06,3.6788723549999994e-06,7.255252170000001e-06,0.17297957400000002,0.00162978837,0.0020635970300000002,72.34209849999999,51.7412839,1.1737666149999999e-05,6.443068569999999,0.0094275684,3.83203685,0.0001734335756,1.493570816e-05,0.019124918499999997,15.236732999999997,0.0001734335756,1.493570816e-05,0.0059617774,5.0124060199999985,0.0001734335756,1.493570816e-05,0.0012644581000000002,4.200867929999999,0.0001734335756,1.493570816e-05,0.005243516549999999,1.1625714180000002e-06,2.86244724e-05,0.055670045,10.216891801,0.0036936421603000003,-0.00349389611,-0.00399990784,9.977002590000002e-07,1.4993541499999998e-05
355,1679391000,0.9550522810000001,0.955079743,-0.07698520599999999,-1.36639812,1.51047109,0.862660784,1.37891712,1.2988146099999998,0.0330148002,0.43213136399999996,2.92138904e-05,2.084035201e-06,2.0988334778e-06,2.5866442639999996e-06,3.599638893e-06,4.566054659000001e-06,7.39363389e-06,1.5594291299999998e-05,0.473648414,0.00113917272,0.00269867502,66.9905444,50.6059685,3.1755111699999995e-05,6.03651329,0.015451162200000002,10.25845525,0.0006265321859999999,5.6353684749999995e-05,0.0318711411,41.83504309999999,0.0006265321859999999,5.6353684749999995e-05,0.00667115684,15.692493129999999,0.0006265321859999999,5.6353684749999995e-05,0.0022849127100000003,14.965211270000001,0.0006265321859999999,5.6353684749999995e-05,0.00526108517,2.16613084e-06,2.96414701e-05,0.012534819000000003,17.027634799999998,0.0121462891,-0.0028827976999999997,-0.00362562582,1.3112211699999998e-06,1.99440184e-05
355,1679391600,0.693176826,0.693204269,-0.07206712470000001,-1.3331107599999998,1.35371635,0.72935573,1.18758625,1.1090213700000002,0.028619018200000002,0.332992673,2.85804048e-05,1.3865197680000001e-06,1.424096828e-06,1.8999231150000005e-06,2.6902031799999998e-06,3.5611616e-06,6.162261379999999e-06,1.2987972059999997e-05,0.34275840199999996,0.001004971602,0.00279363239,68.4648023,50.81785670000001,2.3036983999999996e-05,6.297906210000001,0.0131980461,7.55785064,0.00046053957740000004,4.1212297923999996e-05,0.0270686824,30.375645799999994,0.00046053957740000004,4.1212297923999996e-05,0.006467390200000001,11.244973190000001,0.00046053957740000004,4.1212297923999996e-05,0.001960247933,10.51105542,0.00046053957740000004,4.1212297923999996e-05,0.005259142400000001,2.09073723e-06,2.9503992800000002e-05,0.28339541799999995,19.3322952,0.012169320950000001,-0.0030584107800000005,-0.0037135299500000002,1.36809994e-06,1.841890895e-05
355,1679392200,0.22506326699999998,0.225090725,-0.21721876099999998,-1.5047938699999999,0.711246717,0.431766773,0.584755343,0.54515414,0.01553812355,0.12351944559999999,2.79001972e-05,5.013816730000001e-07,5.147388599e-07,7.279217099999999e-07,8.97284786e-07,1.216289191e-06,2.2009523359999997e-06,3.96670182e-06,0.10938983740000001,0.0011281415100000002,0.0020030707600000005,73.9001632,52.15503590000001,7.477892729999999e-06,6.44189107,0.007541267879999999,2.4859482,0.0003106142505,2.7566014025999996e-05,0.015212788900000001,9.6025021,0.0003106142505,2.7566014025999996e-05,0.00602887115,6.24188464,0.0003106142505,2.7566014025999996e-05,0.001243386427,5.543720730999999,0.0003106142505,2.7566014025999996e-05,0.00524620375,9.56010489e-07,2.8409705700000002e-05,0.06992571189999999,53.71693918,0.009484671,-0.00383259581,-0.00424133874,1.1530155330000001e-06,1.7586265550000003e-05
355,1679392800,0.254902964,0.254930502,-0.197887731,-1.52614142,0.758348136,0.457893857,0.621431466,0.57755514,0.0181563897,0.14019886610000004,2.79675394e-05,4.83547468e-07,4.823333693999999e-07,7.278500224e-07,8.800834550000001e-07,1.130863026e-06,2.080577673e-06,3.94356336e-06,0.12434235560000002,0.0011567261549999999,0.00194198966,74.2221413,51.952795300000005,8.47342662e-06,6.3690159,0.007965865030000002,2.7652754600000002,0.000206157126,1.803301243e-05,0.01610257495,10.882832870000001,0.000206157126,1.803301243e-05,0.00590529517,5.06520345,0.000206157126,1.803301243e-05,0.001141165955,4.312204685999999,0.000206157126,1.803301243e-05,0.005248357279999999,1.1550589879999998e-06,2.86097586e-05,0.04420585804,32.99575861,0.010045897266000001,-0.0036723144,-0.00415169819,1.198861755e-06,1.74692289e-05
355,1679393400,0.27722326299999994,0.277251049,-0.13891659557000002,0.13367106400000006,1.3078149449999998,0.460088542,0.67318306,0.6054559950000001,0.06795992435,0.5765275836000001,2.8598469200000002e-05,1.037808675e-06,1.8359727529999998e-06,2.5182298809999997e-06,2.6013649370000004e-06,4.09314859e-06,4.539901072e-05,5.000291534000001e-05,0.1350646882,0.001174046915,0.00226421722,71.085576,51.91547440000001,9.175429999999999e-06,6.73310989,0.00911223303,5.24825001,0.00026941973449999996,2.387978111e-05,0.0164667501,12.1748412,0.00026941973449999996,2.387978111e-05,0.006043646160000001,6.0674927400000005,0.00026941973449999996,2.387978111e-05,0.001281424857,5.307276658,0.00026941973449999996,2.387978111e-05,0.0056608143799999995,1.767494137e-05,4.54668007e-05,0.8471140913399999,90.99471021000001,0.052265439920000004,-0.00187732907,-0.00285729915,4.051610511e-05,0.00043186153259999993
355,1679394000,0.34188579799999996,0.34191333,-0.14554337869999998,-1.1659771529999998,1.2405378800000002,0.509738149,0.8041745500000002,0.729809766,0.0312845585,0.24974059600000004,2.83239012e-05,8.932532569999999e-07,9.382785069999998e-07,1.660654276e-06,1.974246333e-06,3.872896887e-06,5.7583953512e-05,4.376350622e-05,0.1670286086,0.00133806697,0.00246465579,71.70130789999999,51.7301111,1.1341915e-05,6.525146770000001,0.010468893149999998,5.948806070000001,0.00025840291340000003,2.2697262610000003e-05,0.0186490703,14.6346675,0.00025840291340000003,2.2697262610000003e-05,0.0060463555199999994,6.02960224,0.00025840291340000003,2.2697262610000003e-05,0.0013645658040000001,5.271489264,0.00025840291340000003,2.2697262610000003e-05,0.00578074033,1.4628969389999998e-05,4.22609024e-05,0.34018008796,19.931368586699996,0.01773102705,-0.0011919609199999997,-0.0022610839499999998,4.462004749999999e-06,4.3524497300000006e-05
355,1679394600,0.273381605,0.273409297,-0.16730753059999998,-1.49506368,0.784636452,0.473601013,0.6473072639999999,0.6138562320000001,0.01049959705,0.12937037999999998,2.82233898e-05,6.14781458e-07,6.375076412e-07,8.81339492e-07,1.129738472e-06,1.51469114e-06,2.665677329e-06,5.3026554799999995e-06,0.13253411399999998,0.0019195782299999999,0.0022226942499999998,75.3135854,52.49204519999999,9.08112295e-06,6.4381799,0.008309921,3.0117816100000003,0.00024033666439999998,2.103108743e-05,0.0167845505,11.6465254,0.00024033666439999998,2.103108743e-05,0.00602973959,5.61374426,0.00024033666439999998,2.103108743e-05,0.001264609724,4.85317097,0.00024033666439999998,2.103108743e-05,0.005271840829999999,1.1504683150000002e-06,2.88041856e-05,0.30480335228,35.134106859999996,0.009308126869999999,-0.0037756446300000004,-0.00419603757,1.006910375e-06,1.58124773e-05
355,1679395200,0.24410322300000004,0.244130871,-0.07374203256,-1.54039119,0.7949867799999999,0.452218777,0.651132386,0.605530977,0.0159840091,0.133225011,2.81162382e-05,5.209120459e-07,5.335460196e-07,6.83751719e-07,9.192717789999998e-07,1.2060814180000001e-06,1.889093412e-06,3.89112311e-06,0.11817112069999999,0.0019396655200000002,0.00192982183,76.58946,52.6332993,8.1137836e-06,6.33731339,0.00800051107,2.7088772899999998,0.00015512355429999998,1.3424227271999997e-05,0.0158835147,10.44974435,0.00015512355429999998,1.3424227271999997e-05,0.00585842259,4.5291005,0.00015512355429999998,1.3424227271999997e-05,0.0010571957199999999,3.7626832099999996,0.00015512355429999998,1.3424227271999997e-05,0.00526469951,1.011364407e-06,2.86141392e-05,0.1636375884,44.70505794,0.009857321829999998,-0.00389303633,-0.00422810929,1.1544503419999998e-06,1.7212112e-05
355,1679395800,0.35039313200000005,0.350420667,-0.0382883023,-1.53344967,0.990067728,0.5368243189999999,0.7917616630000002,0.7345349200000001,0.0207889657,0.23269714900000005,2.80999812e-05,6.673136166e-07,6.97434499e-07,8.937710066000001e-07,1.370906333e-06,1.95771809e-06,4.506197919999999e-06,7.371443319999999e-06,0.169515085,0.0037539371,0.0019088580700000004,75.61646,53.00821069999999,1.1635186149999999e-05,6.54532276,0.00952299135,3.86338875,0.0001475646075,1.2623596020000004e-05,0.018815805599999996,14.9788026,0.0001475646075,1.2623596020000004e-05,0.005963379709999999,5.324310989999999,0.0001475646075,1.2623596020000004e-05,0.00123994632,4.46445963,0.0001475646075,1.2623596020000004e-05,0.0052653695099999995,1.2509942849999999e-06,2.8846329e-05,0.1551982677,49.092169987000005,0.0097625468,-0.00375884041,-0.00412048473,1.2520137280000003e-06,1.853635205e-05
355,1679396400,0.799255836,0.7992832689999999,-0.10375863989999998,-1.42343636,1.3591165,0.796614568,1.219087224,1.1536101970000001,0.019856049999999997,0.365215893,3.02642872e-05,3.1450326560000003e-06,3.2546495094e-06,3.809519939e-06,5.0110251749999995e-06,6.3247672530000005e-06,1.4821512670000002e-05,1.934804455e-05,0.394902316,0.0025076620100000003,0.0021589376100000003,66.4831598,50.992881800000006,2.6557283200000004e-05,6.31572407,0.0141662067,8.73541604,0.00040783680299999995,3.6322411549999994e-05,0.029126041000000002,34.9309443,0.00040783680299999995,3.6322411549999994e-05,0.006441306620000001,11.186434740000001,0.00040783680299999995,3.6322411549999994e-05,0.0019914322299999995,10.39658547,0.00040783680299999995,3.6322411549999994e-05,0.0052560621,2.27790018e-06,2.97049281e-05,0.1412856065,19.33360594,0.013157266039999999,-0.0029485701,-0.00354589139,1.33896926e-06,1.90931538e-05
355,1679397000,0.7535475359999999,0.7535750560000001,-0.136068154,-1.36181202,1.32821555,0.757103273,1.1702982240000002,1.096683471,0.026489075300000005,0.354889464,2.93560775e-05,2.1181442480000005e-06,2.1905243444e-06,2.6610666209999998e-06,3.696865730000001e-06,4.923782597e-06,1.0625279645e-05,1.621423812e-05,0.37100166,0.0035523595,0.00217376336,70.08731350000001,51.57686220000001,2.5037980999999998e-05,6.44926154,0.0134428932,8.26874732,0.0005188365856000001,4.651873937e-05,0.027790527900000007,33.015260999999995,0.0005188365856000001,4.651873937e-05,0.00645534985,12.39205132,0.0005188365856000001,4.651873937e-05,0.00196295711,11.6838253,0.0005188365856000001,4.651873937e-05,0.005255495840000001,1.96983836e-06,2.9393918800000002e-05,0.28164252900000003,18.31265757,0.0132382887,-0.00312251609,-0.0037116691900000004,1.2215041e-06,1.78517323e-05
355,1679397600,0.358622062,0.358649645,0.0029379549810000004,-1.6281406399999998,0.9117653449999998,0.551159528,0.783886431,0.740385102,0.010046874110000001,0.166206706,2.8170101300000004e-05,6.787989330000001e-07,6.84574054e-07,8.517855216000001e-07,1.255433946e-06,1.669259768e-06,2.6870777600000003e-06,5.816137210000001e-06,0.175926348,0.00328418533,8.43190361e-05,71.3845194,51.9669775,1.1922365650000001e-05,6.22296408,0.0094996862,3.7576380400000007,0.0004996785978,4.4869498292999995e-05,0.019346390600000003,15.4228209,0.0004996785978,4.4869498292999995e-05,0.0062916052,9.98392563,0.0004996785978,4.4869498292999995e-05,0.0015885110590000001,9.380818710000002,0.0004996785978,4.4869498292999995e-05,0.0052721016499999995,1.117387286e-06,2.87732763e-05,0.03696570310000001,57.03829293000001,0.01159365655,-0.0037722801,-0.0041677018199999995,1.263599734e-06,1.87832831e-05
355,1679398200,0.41427958899999995,0.414307055,0.0026622892109999996,-1.6465589699999998,0.9617543589999998,0.592315606,0.8309128679999999,0.793299205,0.01261803399,0.198243634,2.7887157999999998e-05,5.2525943e-07,5.278331462e-07,6.973845149999999e-07,1.144985576e-06,1.570020649e-06,2.6967108240000002e-06,6.23585985e-06,0.204004765,0.0030290880599999994,9.14713832e-05,70.348266,51.6375042,1.3772288099999999e-05,6.161206689999998,0.01022532015,4.37759397,0.0003808330093,3.3979604534e-05,0.020776114300000002,17.9504334,0.0003808330093,3.3979604534e-05,0.00611168146,7.94310148,0.0003808330093,3.3979604534e-05,0.001447696003,7.233191695999999,0.0003808330093,3.3979604534e-05,0.005254828489999999,1.3103743939999998e-06,2.87567674e-05,-0.350823955777,32.830702079999995,0.00985664147,-0.0036721361300000007,-0.004084559989999999,1.0877862789999999e-06,1.71783714e-05
355,1679398800,0.6652012749999999,0.6652286180000001,0.0031377635530000004,-1.5658778500000001,1.39444257,0.743407905,1.09173331,1.0359316010000001,0.0324113787,0.373221476,2.88853974e-05,1.770049387e-06,1.8643993547e-06,2.361356258e-06,3.6746918050000004e-06,4.866349865e-06,6.85183029e-06,1.349379465e-05,0.33087174199999997,0.001576457815,0.0001156912306,64.9947677,50.5789123,2.21170962e-05,6.320233540000001,0.0128721873,6.971239709999999,0.0005289421386,4.7526423909e-05,0.026443128800000004,28.868704,0.0005289421386,4.7526423909e-05,0.00637727077,11.98746421,0.0005289421386,4.7526423909e-05,0.0018785229199999999,11.293778150000001,0.0005289421386,4.7526423909e-05,0.00527952151,4.83595018e-06,3.22458347e-05,0.5245132937499999,166.42742669999998,0.042827540600000005,-0.0033111131199999996,-0.0038420340399999997,1.0245377385999998e-05,0.0001139753559
355,1679399400,0.7068284370000001,0.706855578,0.00530984573,-1.5592865599999999,1.3185402299999998,0.7648597909999999,1.1158840800000003,1.07725787,0.026328903600000002,0.36609633,2.8328576099999998e-05,1.4111780589999999e-06,1.430807049e-06,1.7836763140000002e-06,2.649369125e-06,3.531365828e-06,5.87348015e-06,1.2620801229999998e-05,0.35238181199999996,0.000878964961,0.00012135296649999999,64.7255514,50.336781900000005,2.34996606e-05,6.2456027899999995,0.01321802445,7.24881345,0.0004163649573,3.7237203585e-05,0.027292705500000004,30.617432699999995,0.0004163649573,3.7237203585e-05,0.006320507759999999,10.96908819,0.0004163649573,3.7237203585e-05,0.0018702889499999996,10.189582239999998,0.0004163649573,3.7237203585e-05,0.005225639790000001,1.6226815e-06,2.8785913599999997e-05,0.0980622891,13.003252839999998,0.009267809230000002,-0.0032099230899999996,-0.0037936202099999997,9.15243864e-07,1.528848805e-05
355,1679400000,0.614970214,0.614997957,0.0026467116800000003,-1.56448109,1.24050035,0.714315153,1.039944257,0.998993003,0.027691329700000007,0.32445647200000005,2.8546084300000002e-05,9.741616980000001e-07,9.718206088e-07,1.2191701764999999e-06,1.8894499749999998e-06,2.4691810829999997e-06,4.236197079e-06,9.454093760000003e-06,0.306033801,0.00131476865,0.0001113618786,66.80412199999999,50.5140327,2.04492969e-05,5.997126700000001,0.0124537498,6.40683745,0.0003229056695,2.8638126426e-05,0.025496376100000002,26.800731000000003,0.0003229056695,2.8638126426e-05,0.00626697118,8.59902715,0.0003229056695,2.8638126426e-05,0.00170296455,7.812921059999999,0.0003229056695,2.8638126426e-05,0.005276303830000001,1.55352237e-06,2.9240132100000004e-05,-0.12426496409999999,40.866538102999996,0.0127756935,-0.00340156169,-0.0039239145,1.17809332e-06,1.873099155e-05
355,1679400600,0.6114231130000001,0.611450633,0.00322222612,-1.55342736,1.2500256699999999,0.709937316,1.03660664,0.9950178620000001,0.025304421030000003,0.32816835999999994,2.82861328e-05,9.028206869999999e-07,8.869894704999999e-07,1.1184290465e-06,1.71585957e-06,2.1073327599999995e-06,3.4422051900000002e-06,7.6489707e-06,0.30447554999999993,0.0010938370559999998,0.0001183902847,67.89898280000001,50.461649699999995,2.03403826e-05,6.0297459,0.0124470055,6.407810260000001,0.0007623157674999999,6.88278096e-05,0.025421299899999993,26.7098193,0.0007623157674999999,6.88278096e-05,0.006574407020000001,14.79860745,0.0007623157674999999,6.88278096e-05,0.00203805513,14.316541467000002,0.0007623157674999999,6.88278096e-05,0.005252016369999999,1.6545603400000001e-06,2.9189769999999998e-05,-0.33779329416000003,19.848871179,0.007188179876000002,-0.0032093724499999998,-0.003708506389999999,1.0383297889999998e-06,1.684214005e-05
355,1679401200,0.800586143,0.8006137000000001,0.00108588358,-1.5671331,1.39886771,0.812322862,1.179411,1.14622251,0.02190312057,0.39945769699999994,2.8868146900000003e-05,1.592864492e-06,1.6175445909999998e-06,1.8967760389999998e-06,2.7498652e-06,3.401320435999999e-06,5.2582892169999994e-06,1.116565733e-05,0.39918497999999997,0.0009617721500000001,0.00011672024959999999,64.76305219999999,50.3269699,2.66319081e-05,6.03135305,0.014119572300000003,8.24338625,0.0008509190170999999,7.7022236544e-05,0.0290590103,34.778807500000006,0.0008509190170999999,7.7022236544e-05,0.00661128249,16.694381200000002,0.0008509190170999999,7.7022236544e-05,0.00217111039,16.241606423999997,0.0008509190170999999,7.7022236544e-05,0.005252359279999999,1.7627308700000003e-06,2.9306945200000002e-05,0.03889572786599996,9.947673758,0.007365142016000001,-0.00306925604,-0.0036214978699999996,9.79390232e-07,1.6929820099999998e-05
355,1679401800,1.2043849,1.20441269,0.001824526428,-1.3726157700000001,1.72096504,0.967108921,1.5928611400000001,1.5036458799999999,0.0311450555,0.5387877619999999,3.01567307e-05,2.7169414649999997e-06,2.7240479480000004e-06,3.278066698e-06,4.548704676e-06,5.7749603349999996e-06,8.91510322e-06,1.866203316e-05,0.5985302119999999,0.0034908960864,0.00012083545770000002,64.23434139999999,50.6501303,4.00499102e-05,5.861103139999999,0.0172036885,12.738813699999998,0.0009722219446000001,8.801163055e-05,0.0357942537,52.878087199999996,0.0009722219446000001,8.801163055e-05,0.006947157880000001,20.8369925,0.0009722219446000001,8.801163055e-05,0.0026379288800000003,20.28363978,0.0009722219446000001,8.801163055e-05,0.00528646059,2.84730488e-06,3.05980884e-05,-0.006213112464,6.846244690000001,0.0110666538,-0.0026055604899999996,-0.00331176627,1.1307833730000002e-06,1.733565365e-05
355,1679402400,0.8237808079999999,0.823808534,0.00402726997,-1.28049539,1.50117084,0.7829956689999998,1.34940365,1.2557258399999998,0.029938891159999998,0.37578668200000004,2.91479187e-05,1.6953232510000005e-06,1.7468086380000002e-06,2.1498522969999996e-06,3.1112989489999996e-06,3.952076466999999e-06,6.425492052999999e-06,1.4131751699999998e-05,0.40831859000000004,0.00342471819,0.00011083562829999999,67.68539369999999,50.9435673,2.7387735799999997e-05,6.1253442499999995,0.0138366823,8.465857360000001,0.0007482544804000001,6.752323750999999e-05,0.029150952500000004,35.5638608,0.0007482544804000001,6.752323750999999e-05,0.00668507114,15.526581300000004,0.0007482544804000001,6.752323750999999e-05,0.00223777023,14.98148304,0.0007482544804000001,6.752323750999999e-05,0.005279059,2.0750672500000003e-06,2.9778349099999998e-05,-0.024092093670000002,11.522863354,0.009555045145,-0.00307944527,-0.0036591091400000005,1.1908417130000001e-06,1.77277084e-05
355,1679403000,0.539179713,0.53920736,0.015200468540000001,-1.30888909,1.23967535,0.6379561939999999,1.0983710199999999,1.007093232,0.02341401596,0.25516753000000003,2.8389255899999997e-05,8.78072087e-07,8.969425520000002e-07,1.102353045e-06,1.6614730910000002e-06,2.13983564e-06,3.495941005e-06,7.639692320000002e-06,0.266889309,0.00254721003,0.00013390525689999997,69.2826686,51.0763062,1.7933361600000003e-05,6.067143140000001,0.0112782148,5.6317921,0.0005882816972,5.288743403e-05,0.0236619355,23.355786099999996,0.0005882816972,5.288743403e-05,0.006503231229999999,12.16826946,0.0005882816972,5.288743403e-05,0.00190598583,11.575288519999999,0.0005882816972,5.288743403e-05,0.00528606578,1.6526016300000003e-06,2.9425753000000004e-05,0.08804036629999999,17.84782361,0.010300319864,-0.0033811659700000002,-0.0038733404,1.2035628969999998e-06,1.726571215e-05
355,1679403600,0.484431736,0.48445949799999993,0.01161989774,-1.3386503100000002,1.20322423,0.6125360209999999,1.026106336,0.954816646,0.0226254851,0.25078954,2.8990905500000002e-05,1.398954976e-06,1.474802881e-06,1.8206872729999997e-06,2.58889648e-06,3.4908622239999997e-06,5.545297463999999e-06,1.144444297e-05,0.240106075,0.0019643037400000002,0.00011553475540000001,66.9889834,50.8811451,1.6095265899999997e-05,6.3336126,0.010796122149999999,5.101568589999999,0.00016428993754999998,1.4157256376e-05,0.022602945,21.076351099999997,0.00016428993754999998,1.4157256376e-05,0.00606335213,5.95916925,0.00016428993754999998,1.4157256376e-05,0.00143248173,5.125649470000001,0.00016428993754999998,1.4157256376e-05,0.00528438435,1.9896528199999997e-06,2.96583016e-05,0.137373977112,19.7637711,0.01198884495,-0.0032540794399999995,-0.00376377087,1.2267050500000002e-06,1.76232775e-05
355,1679404200,0.46456317300000005,0.46459080100000005,0.004408187950000001,-1.3568904800000001,1.12623438,0.6009741080000001,1.0009430499999998,0.9314909419999999,0.017323226000000004,0.22430736,2.81722704e-05,6.940616159999999e-07,7.028113840000001e-07,1.0102954896e-06,1.388751748e-06,1.939749344e-06,3.1398650299999998e-06,6.9218092100000005e-06,0.230481509,0.00171249838,7.105736300000001e-05,68.8637327,50.7979701,1.54510108e-05,6.2930832500000005,0.01061576535,4.91380957,0.00039125307,3.482085675e-05,0.0221621973,20.226865800000002,0.00039125307,3.482085675e-05,0.00631997555,8.810806809999999,0.00039125307,3.482085675e-05,0.0016835877400000001,8.094730760000001,0.00039125307,3.482085675e-05,0.0052880446499999996,2.1086566000000004e-06,2.98601798e-05,0.01909551469999999,19.88634878,0.012593017500000001,-0.00316453686,-0.0036805473500000005,1.2075155949999998e-06,1.83753322e-05
355,1679404800,0.4287132720000001,0.428741196,0.00533232981,-1.3895042499999999,1.05730727,0.579266316,0.950691522,0.8928647599999999,0.011895288600000001,0.19605296599999997,2.84329036e-05,6.27057449e-07,6.464145775999999e-07,8.849169459999998e-07,1.3309658309999997e-06,1.897161327e-06,2.881073719e-06,6.15626611e-06,0.21282354799999997,0.0014457512799999999,7.1473024e-05,68.9277905,50.7523257,1.42594213e-05,6.22075387,0.01016480315,4.49420099,0.0003385038576,2.999676418000001e-05,0.021231406,18.559519400000003,0.0003385038576,2.999676418000001e-05,0.0062732518600000006,8.06200777,0.0003385038576,2.999676418000001e-05,0.0016083021799999995,7.3320858,0.0003385038576,2.999676418000001e-05,0.00529643307,2.24483058e-06,3.0086222400000003e-05,0.0228241251,12.16133895,0.010847977,-0.00306394938,-0.0036090363800000006,1.1239127650000002e-06,1.70622629e-05
355,1679405400,0.331789479,0.331817201,0.007095617279999999,-1.42942887,0.94806645,0.512464479,0.826000232,0.76926098,0.0116833453,0.157019708,2.8346430400000002e-05,7.33743148e-07,7.587422206e-07,1.037598022e-06,1.379835558e-06,1.972757301e-06,2.9801815400000002e-06,5.77149545e-06,0.164457075,0.00135309286,6.88839586e-05,69.7331251,50.9267351,1.1031685499999998e-05,6.33510673,0.008990401149999999,3.5327871899999996,0.0004072617977,3.63182283e-05,0.0186458689,14.415271199999998,0.0004072617977,3.63182283e-05,0.00623758813,8.05783522,0.0004072617977,3.63182283e-05,0.00152085692,7.396238889999999,0.0004072617977,3.63182283e-05,0.0052857769200000005,2.22630995e-06,2.99790403e-05,0.0632339546,10.610892649999998,0.01071147773,-0.00301937364,-0.0035646300600000007,1.078368764e-06,1.6481214649999998e-05
355,1679406000,0.28907331399999997,0.2891011,0.009934125200000001,-1.4326334600000001,0.8537510540000002,0.47558315400000006,0.7708360400000001,0.709484156,0.00852529104,0.1314651664,2.85679924e-05,8.89889596e-07,9.521114569999999e-07,1.2384480120000002e-06,1.7012908749999997e-06,2.427161184e-06,3.5904836899999997e-06,7.109150989999999e-06,0.14318968859999998,0.0012563846099999999,7.16337016e-05,67.9411736,51.0635269,9.60527459e-06,6.54076368,0.00833384707,3.06095569,0.00023122409545,2.0320715732999996e-05,0.017289142,12.51723912,0.00023122409545,2.0320715732999996e-05,0.00602673886,5.66762574,0.00023122409545,2.0320715732999996e-05,0.001269842054,4.87730603,0.00023122409545,2.0320715732999996e-05,0.0052895904,2.24713387e-06,3.0011198200000003e-05,-0.03803697809999999,15.818804799999999,0.012080831400000002,-0.00306400005,-0.00361103927,1.23225654e-06,1.82665439e-05
355,1679406600,0.219418931,0.21944695100000003,-0.12377829446,-1.4849228799999998,0.7910866449999999,0.420123183,0.60058085,0.556479488,0.00852043646,0.1157541626,2.8457365900000002e-05,5.1756103e-07,5.454596752e-07,7.62031821e-07,1.046899162e-06,1.6233624849999997e-06,2.2759488970000003e-06,4.465529669999999e-06,0.10718926070000001,0.0012432818299999999,0.0012651260041000002,75.3963616,51.97670480000001,7.2900440700000005e-06,6.571121289999999,0.007346667820000001,2.38898585,0.00021982636835000003,1.9269921886999998e-05,0.0149311061,9.3210735,0.00021982636835000003,1.9269921886999998e-05,0.00595008736,5.09561975,0.00021982636835000003,1.9269921886999998e-05,0.001123369766,4.32449041,0.00021982636835000003,1.9269921886999998e-05,0.005312596270000001,2.2424371899999995e-06,3.02128449e-05,0.16787506695,16.895830450000002,0.0136069053,-0.0031036731599999997,-0.0036476742700000003,1.26867145e-06,1.91207131e-05
355,1679407200,0.325435139,0.325462896,-0.182144522,-1.2993335500000003,0.9325034630000001,0.4994352430000001,0.7799488130000001,0.722047035,0.014117164169999998,0.15894263140000003,2.8374560399999998e-05,7.45149666e-07,8.110944695999999e-07,1.105003885e-06,1.444630052e-06,2.012473469e-06,3.47350018e-06,6.780154529999999e-06,0.159573219,0.0009212224959999999,0.0022058398299999995,74.11277670000001,51.4873333,1.08103201e-05,6.55837298,0.0089628797,3.53729823,0.00031612750880000005,2.795865266e-05,0.018366028799999996,13.9062448,0.00031612750880000005,2.795865266e-05,0.00618786772,7.104384420000001,0.00031612750880000005,2.795865266e-05,0.00147208944,6.3583041,0.00031612750880000005,2.795865266e-05,0.00529449139,2.0549872500000004e-06,2.9820640899999998e-05,0.3294794150000001,22.019136300000003,0.014632990700000001,-0.00321743876,-0.00374878141,1.183201113e-06,1.8153383599999998e-05
355,1679407800,0.316056984,0.316084904,-0.19144323300000002,-1.32813548,0.842875729,0.492180369,0.755535581,0.703708983,0.00850476497,0.14264443300000001,2.8204530400000006e-05,3.9877015200000004e-07,4.485150924e-07,7.23139271e-07,1.0832149499999999e-06,1.6526938499999998e-06,2.9326865600000003e-06,6.3318273900000006e-06,0.154928969,0.00092574527,0.00215910796,74.78676460000001,51.5669682,1.04957204e-05,6.64138901,0.0088937886,3.49136927,0.00030044075700000003,2.6543623764e-05,0.018118951499999997,13.647519399999998,0.00030044075700000003,2.6543623764e-05,0.00618128432,6.855108110000001,0.00030044075700000003,2.6543623764e-05,0.0014346659799999999,6.10075746,0.00030044075700000003,2.6543623764e-05,0.00530529891,1.92384052e-06,2.9849497900000006e-05,0.25917132900000006,15.7798115,0.01084699785,-0.0032926311900000004,-0.00379818149,1.18711235e-06,1.75198754e-05
355,1679408400,0.265462794,0.26549067800000004,-0.214994483,-1.3109965899999998,0.8188749869999998,0.451979925,0.6920086289999999,0.642169595,0.0068809274099999995,0.1238035565,2.84814881e-05,6.997917939999999e-07,7.580533486e-07,1.0180446750000002e-06,1.275643009e-06,1.74040647e-06,2.8195966600000002e-06,5.1696507300000005e-06,0.129725724,0.000751490797,0.0022397765200000003,73.9122114,51.696929999999995,8.8209954e-06,6.489189260000001,0.00815245188,2.94789322,0.000270133597,2.3793081387e-05,0.0166171547,11.350580449999999,0.000270133597,2.3793081387e-05,0.006020854090000001,5.615771943,0.000270133597,2.3793081387e-05,0.001245809256,4.8994107583,0.000270133597,2.3793081387e-05,0.00530872911,2.1210183100000002e-06,3.0040804299999998e-05,0.3121684746,23.041956699999997,0.013416040300000001,-0.00318931202,-0.00374576101,1.3092609960000003e-06,1.9275460800000002e-05
355,1679409000,0.508683018,0.508710692,-0.08598082710000002,-1.3456389500000001,1.1377096999999998,0.6269274699999999,1.0184560830000002,0.9478414369999999,0.013882778799999999,0.232760617,2.8981543300000003e-05,1.471617267e-06,1.5347884955000001e-06,1.8991273359999998e-06,2.611492583e-06,3.4358937450000005e-06,5.44036987e-06,1.1089050440000001e-05,0.251198867,0.000582972932,0.00253062768,69.86843800000001,50.915510499999996,1.69067153e-05,6.5129633600000005,0.01127822635,5.482221730000001,0.000524944554,4.7064977e-05,0.023088233,22.0142283,0.000524944554,4.7064977e-05,0.00645135055,10.59677349,0.000524944554,4.7064977e-05,0.00185267777,9.985513919999999,0.000524944554,4.7064977e-05,0.00529469437,2.2287002499999998e-06,2.9950885800000003e-05,0.37113003200000005,21.96151415,0.0135828451,-0.0031453605500000002,-0.0036910646400000005,1.25355599e-06,1.8079009900000003e-05
355,1679409600,0.522125402,0.522153315,-0.08304178200000001,-1.3319424800000002,1.14956009,0.634404354,1.04290681,0.969517097,0.011027603149999999,0.22673716300000005,2.93365533e-05,1.642854199e-06,1.756033418e-06,2.1764137369999998e-06,2.978803536e-06,3.984796289999999e-06,6.5710978e-06,1.3279062450000001e-05,0.257601751,0.0007738917959999999,0.0026527062,69.4843031,50.9761233,1.7340164400000002e-05,6.641290209999999,0.01145158875,5.62492328,0.000523678351,4.69402783e-05,0.023453606999999998,22.5886245,0.000523678351,4.69402783e-05,0.00652867052,11.214185230000002,0.000523678351,4.69402783e-05,0.00192755645,10.565895809999999,0.000523678351,4.69402783e-05,0.00531062536,2.2275704200000003e-06,3.01268129e-05,0.362488186,19.613061000000002,0.01302191415,-0.00317326001,-0.0037103615799999995,1.2465414700000001e-06,1.79767508e-05
355,1679410200,0.505160876,0.5051889110000001,-0.0808222204,-1.3228835499999998,1.15001007,0.623843605,1.02618134,0.9557541909999999,0.01273513905,0.228545407,2.87171787e-05,8.58754453e-07,8.746332340000001e-07,1.168998384e-06,1.6946316359999998e-06,2.317449817e-06,4.036319964e-06,8.57356134e-06,0.24906001100000003,0.000824969645,0.00267484082,71.5216664,51.0412181,1.67909816e-05,6.432503509999999,0.011239815650000002,5.41932432,0.0004417565128,3.943724234e-05,0.023005836999999998,21.7245024,0.0004417565128,3.943724234e-05,0.006342545270000001,9.26893135,0.0004417565128,3.943724234e-05,0.00172802516,8.588045150000001,0.0004417565128,3.943724234e-05,0.00532019187,2.1931028399999995e-06,3.01634853e-05,0.3807000585,25.902504,0.014594153200000001,-0.0032320123300000002,-0.00377295202,1.4739716600000003e-06,2.08907623e-05
355,1679410800,0.42282734600000005,0.42285526500000004,-0.0812659485,-1.31800431,1.041594304,0.570332564,0.9442038370000001,0.876739286,0.009121070250000002,0.182926046,2.8856332599999997e-05,1.109212929e-06,1.163198397e-06,1.569651587e-06,2.0026803300000003e-06,2.6648411349999997e-06,4.540351059999999e-06,9.03815313e-06,0.208124149,0.000703783625,0.0025625315699999997,70.2852646,51.136595,1.4042317999999999e-05,6.47122875,0.01036994875,4.60780104,0.0003591796785,3.187106484e-05,0.0210759437,18.252007199999998,0.0003591796785,3.187106484e-05,0.00629039963,7.79577728,0.0003591796785,3.187106484e-05,0.0016199318599999998,7.092015989999998,0.0003591796785,3.187106484e-05,0.00531997212,2.21844293e-06,3.02403613e-05,0.4082361623,23.9239282,0.013599000549999999,-0.0031770346499999996,-0.0036907718300000004,1.25932219e-06,1.84968065e-05
355,1679411400,0.337521764,0.337549689,-0.12085839300000001,-1.2746744800000003,0.9195280530000002,0.5042472840000001,0.836200526,0.7672734240000001,0.01135658336,0.15096109800000002,2.82756937e-05,4.88053576e-07,5.18835719e-07,7.43853803e-07,1.137428534e-06,1.5533179520000003e-06,2.801667373e-06,6.35476314e-06,0.1655020194,0.000660015875,0.00258423736,73.95849949999999,51.476735700000006,1.120955433e-05,6.627160769999999,0.0092096471,3.69496858,0.00029798696749999996,2.6302726430000002e-05,0.0186357078,14.4645459,0.00029798696749999996,2.6302726430000002e-05,0.0061461076400000005,6.718973319999999,0.00029798696749999996,2.6302726430000002e-05,0.00142130633,5.98687372,0.00029798696749999996,2.6302726430000002e-05,0.00531192932,1.8594165200000004e-06,2.97973417e-05,0.383177971,23.563409999999998,0.012319684899999999,-0.00339003139,-0.0038874208099999993,1.167191095e-06,1.74408887e-05
355,1679412000,0.352633423,0.3526613820000001,-0.11280793060000001,-1.2980391700000002,0.9872551059999999,0.5194597609999999,0.855251118,0.790786639,0.008306256179999999,0.164323854,2.8638054899999995e-05,7.93037719e-07,8.32691281e-07,1.099299058e-06,1.485745611e-06,1.9711031790000003e-06,3.2794141119999994e-06,6.864033049999998e-06,0.173083482,0.000616795506,0.00259923866,72.28320900000001,51.345484299999995,1.17211744e-05,6.557147949999999,0.009382275249999999,3.79200044,0.000387614375,3.44867478e-05,0.0191127226,14.9838879,0.000387614375,3.44867478e-05,0.0063134202,8.371953640000001,0.000387614375,3.44867478e-05,0.00162067246,7.6712820399999995,0.000387614375,3.44867478e-05,0.00531018954,1.95340776e-06,2.98395626e-05,0.411775055,25.783941,0.0127218763,-0.00337500706,-0.0038649962700000005,1.2948607700000003e-06,1.8115809199999998e-05
355,1679412600,0.374631223,0.374659373,-0.1186973684,-1.3211221400000002,0.9343410289999999,0.537156295,0.87066409,0.809762211,0.0078381593,0.159423216,2.88046023e-05,8.045714284e-07,8.719819391000002e-07,1.1586472199999998e-06,1.5804392650000002e-06,2.137520952e-06,3.78503726e-06,7.75556563e-06,0.18425202899999998,0.0005053133709999999,0.0025392009699999997,70.9740417,51.1733112,1.24483953e-05,6.51609234,0.00971546695,4.074967200000001,0.0002887574152,2.5473921900000002e-05,0.019762401000000002,16.035846,0.0002887574152,2.5473921900000002e-05,0.00619669948,7.0366602700000005,0.0002887574152,2.5473921900000002e-05,0.00149228499,6.23739591,0.0002887574152,2.5473921900000002e-05,0.005326208170000001,1.9521325400000002e-06,3.0064329600000002e-05,0.44272041900000003,28.904502200000003,0.014196291300000002,-0.00333405019,-0.00384505713,1.3732593699999998e-06,2.0308171100000002e-05
355,1679413200,0.319947215,0.31997524299999996,-0.144018201,-1.2836268,0.901340018,0.493635836,0.8033495239999999,0.745185253,0.006662026310000001,0.14065251299999998,2.86862485e-05,7.71752558e-07,8.06666508e-07,1.044020263e-06,1.470121713e-06,1.99075414e-06,3.3430362600000003e-06,6.977998970000001e-06,0.156773098,0.000645875003,0.00253745114,72.624449,51.4466273,1.0628003550000001e-05,6.64558604,0.009053045000000001,3.54655208,0.000295091873,2.6007985900000002e-05,0.018292555000000002,13.747256150000002,0.000295091873,2.6007985900000002e-05,0.00617052944,6.39395049,0.000295091873,2.6007985900000002e-05,0.00141865945,5.66672705,0.000295091873,2.6007985900000002e-05,0.00532447843,1.74880164e-06,2.98399415e-05,0.360022164,25.4577811,0.011473132149999999,-0.0034803459500000002,-0.00395034383,1.1802411500000001e-06,1.7036667000000002e-05
355,1679413800,0.323498337,0.3235266,-0.03308559590000001,-1.32201617,0.929803377,0.49935903000000004,0.8366505399999999,0.775748695,0.010258027920000001,0.14917063800000002,2.9079318999999996e-05,9.504071129999999e-07,9.94150588e-07,1.354578068e-06,1.67941101e-06,2.1755469670000004e-06,3.622409966e-06,6.64182124e-06,0.160164446,0.0008032084780000001,0.0007631225999,67.22201670000001,50.8462985,1.0755347099999999e-05,6.391413040000001,0.008934884249999999,3.4643573000000005,0.000385181202,3.426056833e-05,0.0184448883,14.04907665,0.000385181202,3.426056833e-05,0.006284407730000001,7.96596729,0.000385181202,3.426056833e-05,0.0015067785000000002,7.2429725000000005,0.000385181202,3.426056833e-05,0.00533000546,1.8544129199999996e-06,3.00729657e-05,0.11122364600000001,22.062545094,0.010465231856,-0.00333299042,-0.0038397329999999993,1.23151354e-06,1.8334839400000003e-05
355,1679414400,0.1307258,0.130753795,0.000148760466,-1.5184947100000001,0.641194571,0.32876868400000003,0.503977883,0.46913932099999994,0.00365855256,0.0669608778,2.81430456e-05,1.73482129e-07,1.98945341e-07,2.7980455e-07,4.630227279999999e-07,6.378768340000001e-07,1.0422943369999998e-06,2.278117172e-06,0.06413120630000001,0.0011914352899999997,3.47112303e-05,73.7374829,51.9155446,4.34618453e-06,6.56447965,0.00570783343,1.41577227,6.59552958e-05,5.23238904e-06,0.0116905855,5.61734815,6.59552958e-05,5.23238904e-06,0.00571800384,2.4334400700000005,6.59552958e-05,5.23238904e-06,0.00079971169,1.6147530030000001,6.59552958e-05,5.23238904e-06,0.005308854399999999,1.382338225e-06,2.9386662800000003e-05,-0.05407567640000001,24.288155542000002,0.00923095081,-0.0037091192699999997,-0.004065703590000001,1.178456544e-06,1.69215454e-05
355,1679415000,0.13174341250000002,0.13177118799999998,0.000963465958,-1.5256896100000001,0.572792483,0.329796058,0.5062654409999999,0.46985184999999996,0.00351922527,0.061375797499999996,2.8080011500000004e-05,3.266328599e-07,3.6986424200000004e-07,5.664187270000001e-07,7.18628264e-07,9.98605181e-07,1.719005458e-06,3.3145830500000006e-06,0.06473307510000001,0.0010968011800000003,3.3434759799999994e-05,71.25865509999998,51.7484368,4.37792295e-06,6.604849419999999,0.00578115557,1.45546945,0.0001382622799,1.176383691e-05,0.01173674145,5.66617427,0.0001382622799,1.176383691e-05,0.005781935970000001,3.31325967,0.0001382622799,1.176383691e-05,0.0008850145120000002,2.5213579440000005,0.0001382622799,1.176383691e-05,0.00529124604,1.68649196e-06,2.94138139e-05,-0.0016828938000000015,36.7388155,0.0120802097,-0.00358363671,-0.0040075248199999995,1.29754972e-06,1.74117021e-05
355,1679415600,0.12385447950000002,0.12388217700000001,0.00026045817500000004,-1.62234096,0.559292072,0.324262347,0.466551738,0.43775086099999994,0.0029396114899999997,0.0572431724,2.79440449e-05,2.85559081e-07,3.21770564e-07,4.61254087e-07,6.63640432e-07,9.610068029999998e-07,1.69239345e-06,3.4160050599999997e-06,0.06062843979999999,0.0012571331500000002,3.34031409e-05,71.72234510000001,52.098177199999995,4.114327600000001e-06,6.729848620000001,0.00566590962,1.36810415,8.250854070000001e-05,6.713426336e-06,0.011386146000000002,5.33428979,8.250854070000001e-05,6.713426336e-06,0.00567435013,2.437375307,8.250854070000001e-05,6.713426336e-06,0.00076216607,1.6233505691,8.250854070000001e-05,6.713426336e-06,0.00529258218,1.46368947e-06,2.9212079399999997e-05,0.14028492780000001,38.25526729999999,0.010766971900000002,-0.0037722258,-0.00414541257,1.16510692e-06,1.7142650700000002e-05
355,1679416200,0.1112871586,0.11131473849999998,0.00021875124890000002,-1.6601572399999998,0.520290878,0.308903826,0.425750499,0.406437411,0.00244354362,0.05198300339999999,2.7808435599999998e-05,2.54753076e-07,2.9147541500000006e-07,4.58001223e-07,6.18593022e-07,8.355050379999999e-07,1.425670367e-06,2.81603864e-06,0.054521011400000007,0.0010852550199999997,2.97794992e-05,72.1922193,52.025055099999996,3.69972201e-06,6.74211041,0.00543559887,1.2441809700000002,0.0001818496125,1.5745973650000003e-05,0.010787215,4.7809989900000005,0.0001818496125,1.5745973650000003e-05,0.00582509177,3.9039975900000004,0.0001818496125,1.5745973650000003e-05,0.0009236065329999999,3.1377417450000005,0.0001818496125,1.5745973650000003e-05,0.00527306184,1.6294721300000001e-06,2.9177570899999996e-05,0.09481368480999999,37.6689721,0.013503630550000001,-0.0036137742700000004,-0.00402951048,1.341350366e-06,1.9009952399999998e-05
355,1679416800,0.11578322249999999,0.11581095829999999,0.00020788816729999993,-1.69235586,0.5320662410000001,0.31662216400000004,0.4218503699999999,0.40906249000000006,0.00242690699,0.053878250399999994,2.8000498000000002e-05,2.994668393e-07,3.480631535e-07,5.040299709999999e-07,6.20355495e-07,8.851680369999999e-07,1.415432401e-06,2.78139503e-06,0.056615136899999995,0.0012378013399999997,3.0830246299999996e-05,73.215654,52.198494,3.8475766e-06,6.67336785,0.00556736357,1.28917525,7.18072144e-05,5.9597680830000005e-06,0.011027576100000002,5.00251838,7.18072144e-05,5.9597680830000005e-06,0.005659308,2.61410258,7.18072144e-05,5.9597680830000005e-06,0.0007398853509999999,1.7696972034000003,7.18072144e-05,5.9597680830000005e-06,0.00528677363,1.62377166e-06,2.9354820699999995e-05,0.18260103379999998,23.7743247,0.0109870963,-0.0035543774,-0.0039560459700000005,1.12225449e-06,1.65637781e-05
355,1679417400,0.21210164439999998,0.212129352,0.0002011504615,-1.46506943,0.756585584,0.402486399,0.6225190090000001,0.5855428629999999,0.007446974439999999,0.10056572020000001,2.7992345100000004e-05,3.647582751e-07,3.9456934910000006e-07,5.90829187e-07,7.774104909999999e-07,1.120172187e-06,1.867158477e-06,3.9126642400000005e-06,0.1051172298,0.0008865470149999998,3.759692169999999e-05,69.37773200000001,51.150990099999994,7.05206349e-06,6.47943025,0.007115144030000001,2.2890650399999997,0.0002240371018,1.9609020503e-05,0.0145596154,9.23545117,0.0002240371018,1.9609020503e-05,0.00596955244,5.055199539999999,0.0002240371018,1.9609020503e-05,0.0011441192040000001,4.2786651506,0.0002240371018,1.9609020503e-05,0.00529091566,1.8904249399999998e-06,2.96122855e-05,0.0432771647,29.344824499999998,0.013008945550000001,-0.00343955216,-0.0038765833,1.33381787e-06,1.90302316e-05
355,1679418000,0.29157290700000005,0.291600807,0.0006809242499999999,-1.3441446099999999,0.8842769819999999,0.475446905,0.79884938,0.7460852759999999,0.007135863070000001,0.13074043600000002,2.8314016400000004e-05,5.03745185e-07,5.425971563999999e-07,7.15854003e-07,1.026205965e-06,1.402844035e-06,2.2942003540000002e-06,4.8228486e-06,0.14479478099999998,0.000939993699,3.9429841e-05,67.51668099999999,50.699160400000004,9.697803050000001e-06,6.34345586,0.008441415150000001,3.1012462999999997,0.0002698604,2.371093525e-05,0.0175572959,12.665102699999998,0.0002698604,2.371093525e-05,0.006161928159999999,6.239073540000001,0.0002698604,2.371093525e-05,0.001404725285,5.51867116,0.0002698604,2.371093525e-05,0.00530220741,1.94506519e-06,2.9761236300000002e-05,-0.011081392799999996,27.9216087,0.01218151495,-0.00344569599,-0.00388909043,1.33909085e-06,1.85384105e-05
355,1679418600,0.28177517399999996,0.281802915,2.3875274799999973e-05,-1.35005951,0.8990899369999997,0.46799468399999994,0.785086469,0.728647246,0.00752875787,0.1320389849,2.8268088400000005e-05,6.23492699e-07,6.603909669999999e-07,8.588308300000001e-07,1.1977796640000001e-06,1.582011939e-06,2.524367485e-06,5.21580204e-06,0.139958568,0.000876105469,3.9409950999999996e-05,66.5177029,50.672995400000005,9.3701687e-06,6.3098591200000005,0.008321936700000001,3.0141556,0.0003049278267,2.698639687e-05,0.017273519300000005,12.261794149999998,0.0003049278267,2.698639687e-05,0.00615540371,6.712019960000001,0.0003049278267,2.698639687e-05,0.0013992395970000003,5.93131639,0.0003049278267,2.698639687e-05,0.005296818809999999,1.8993417600000003e-06,2.96503131e-05,-0.09111441425,37.2335129,0.013623342049999997,-0.00348921035,-0.003931892290000001,1.5006294199999999e-06,2.03651101e-05
355,1679419200,0.25456269099999995,0.254590399,0.00038351295560000003,-1.32913916,0.8221751000000002,0.44294974600000003,0.7517479450000001,0.697221275,0.00652124257,0.11279505819999999,2.78530131e-05,2.1114928869999998e-07,2.24038797e-07,3.66939546e-07,5.41915774e-07,7.49824518e-07,1.407921926e-06,3.11629807e-06,0.126317127,0.0009183193739999998,3.8723357e-05,69.32887480000001,50.7807413,8.467651e-06,6.19732961,0.00788675851,2.71280508,0.000198354214,1.7218684479999996e-05,0.016413890100000002,11.067164450000002,0.000198354214,1.7218684479999996e-05,0.00600570752,4.92219696,0.000198354214,1.7218684479999996e-05,0.001230424769,4.19398045,0.000198354214,1.7218684479999996e-05,0.0052857261,1.7533393200000001e-06,2.9431247400000002e-05,0.1177677031,29.888358,0.012791666899999998,-0.00350843027,-0.0039516143299999995,1.2773016400000003e-06,1.78952107e-05
355,1679419800,0.25938649,0.259414292,0.00031577536899999995,-1.34235889,0.8832269480000001,0.4485789240000001,0.7557980760000002,0.70093388,0.007099126740000001,0.11896251199999999,2.84328426e-05,7.207012755e-07,7.813140510999999e-07,1.0350078559999997e-06,1.3470469929999999e-06,1.8610838230000001e-06,2.9570581859999998e-06,5.81675893e-06,0.128742374,0.000893364537,4.21065311e-05,66.85638639999999,50.738565900000005,8.6230437e-06,6.451649720000001,0.008002028849999999,2.79513602,0.0002152793198,1.8733613079999997e-05,0.016596602800000002,11.317188650000002,0.0002152793198,1.8733613079999997e-05,0.006022201259999999,5.04644842,0.0002152793198,1.8733613079999997e-05,0.00124741936,4.258565589999999,0.0002152793198,1.8733613079999997e-05,0.00530235064,2.07300737e-06,2.98688213e-05,-0.02358703769999999,35.681951600000005,0.0158023228,-0.0033926367299999998,-0.0038509859699999995,1.44609216e-06,2.01892611e-05
355,1679420400,0.24485643499999998,0.24488445799999997,-0.0004336703085,-1.3630747099999998,0.805449584,0.43725589,0.7292847640000001,0.6769331679999999,0.0062907725,0.109276767,2.84212838e-05,4.6482326180000004e-07,4.8483287e-07,6.91731908e-07,9.13054505e-07,1.247894394e-06,2.1025510720000004e-06,4.18070163e-06,0.12152407589999999,0.0008566031570000001,3.6868226099999996e-05,67.7706113,50.7636184,8.144612400000001e-06,6.263400000000001,0.00772677504,2.6051015499999997,0.0001911448435,1.650477097e-05,0.0160679131,10.6013876,0.0001911448435,1.650477097e-05,0.0060360579,4.882275590000001,0.0001911448435,1.650477097e-05,0.0012213878800000002,4.087926510000001,0.0001911448435,1.650477097e-05,0.00532605795,1.91124038e-06,2.9952635799999997e-05,0.09690819032,38.0222129,0.013927700799999998,-0.0035172648999999994,-0.00397603561,1.3784408899999999e-06,1.87991167e-05
355,1679421000,0.21793497,0.217963171,0.000712957731,-1.33748393,0.803724541,0.409685011,0.6885585240000001,0.637106949,0.00707551196,0.1008183077,2.83536745e-05,2.0494755689999998e-07,2.283607461e-07,3.70791564e-07,6.13085451e-07,9.03936256e-07,1.758504896e-06,4.1993215e-06,0.1076405806,0.0012829988099999998,3.50126066e-05,69.7185702,51.303595099999995,7.244795539999999e-06,6.426669050000001,0.007266568629999999,2.3505163700000002,0.00022609597509999998,1.9763284705e-05,0.0150914947,9.47403769,0.00022609597509999998,1.9763284705e-05,0.00602738655,5.07389501,0.00022609597509999998,1.9763284705e-05,0.001162490436,4.3228465799,0.00022609597509999998,1.9763284705e-05,0.00533658463,1.3725017699999998e-06,2.9525269300000003e-05,0.1089388738,69.41241299999999,0.0135035348,-0.004057776359999999,-0.00443509258,1.35932425e-06,1.87863984e-05
355,1679421600,0.27910968699999994,0.279137651,0.000724800089,-1.31598402,0.8726516280000001,0.460796869,0.7866240079999999,0.722797074,0.011153626540000001,0.124348978,2.8676304999999995e-05,8.028942195999999e-07,8.486568487000001e-07,1.1122579317999998e-06,1.434203971e-06,1.837854594e-06,3.1512619899999998e-06,6.269301140000001e-06,0.1384386101,0.001068030715,3.084350640000001e-05,64.3873961,50.8308295,9.27969258e-06,6.24033507,0.00826005301,3.01768994,0.00028055059,2.4679914e-05,0.0171437067,12.235105200000001,0.00028055059,2.4679914e-05,0.00606864029,5.6871742,0.00028055059,2.4679914e-05,0.0012720859,4.96829287,0.00028055059,2.4679914e-05,0.005319597099999999,1.5625643799999998e-06,2.9551688399999994e-05,-0.015401320300000007,57.8775682,0.013306033649999998,-0.00377122643,-0.0042457065899999995,1.4212361899999998e-06,1.9113052800000003e-05
355,1679422200,0.09630196266666667,0.09633021000000001,0.000211366096,-1.4020467622222224,0.5461000088888889,0.2752799066666667,0.4528888244444445,0.4108458733333333,0.005590248933333333,0.04952629277777778,2.8357073555555557e-05,1.3133837988888887e-07,1.5438232733333333e-07,2.4678105288888886e-07,3.6776738999999997e-07,5.486700511111111e-07,1.0953833044444447e-06,2.488418e-06,0.04681986988888889,0.0013014150444444444,2.404945222222222e-05,72.02404066666666,52.94949866666666,3.2006292555555556e-06,6.602539155555556,0.0048294230777777775,1.074980972222222,8.520945266666666e-05,6.8702129444444435e-06,0.009835727388888889,4.102067122222222,8.520945266666666e-05,6.8702129444444435e-06,0.005727462266666667,2.385616266666667,8.520945266666666e-05,6.8702129444444435e-06,0.0007407897066666668,1.5776159744444445,8.520945266666666e-05,6.8702129444444435e-06,0.005340070311111111,1.12928987e-06,2.9357365555555553e-05,-0.17236126444444444,98.95169944444444,0.014445835722222224,-0.004352034388888888,-0.004634432455555556,1.4233652666666666e-06,2.0370149111111113e-05
355,1679431200,0.20256488000000003,0.20256645333333334,-0.00044103867716666664,-1.2804673,0.8394006133333334,0.39196694000000004,0.68077079,0.63014422,0.006935905066666667,0.10842269,1.8439220000000002e-06,1.93319115e-07,2.2178114333333333e-07,3.8378488666666665e-07,5.782277966666668e-07,8.367984566666668e-07,1.6346372e-06,3.9817224e-06,0.10026600166666666,0.0009741782466666667,3.254667766666667e-05,68.666805,51.024846,6.732515233333334e-06,6.452652133333333,0.007039093466666667,2.1800022,0.00016594627566666664,1.5135737433333332e-05,0.014655439666666667,8.838989833333333,0.00016594627566666664,1.5135737433333332e-05,0.0019738960333333336,3.4142058,0.00016594627566666664,1.5135737433333332e-05,0.0010754301666666666,3.4203538000000004,0.00016594627566666664,1.5135737433333332e-05,0.0013633421333333333,1.5231915666666666e-06,3.0730129000000003e-06,-0.22148471,51.02471766666667,0.016055948666666667,0.0008129832500000001,0.00041663809586666676,1.0074208166666666e-06,7.3216622666666664e-06
355,1679431800,0.23176657500000003,0.231777876,0.0008648966969999998,-1.3210312199999998,0.818687493,0.42220359699999993,0.7202844949999999,0.669320438,0.00624786109,0.10745185049999999,1.2168353500000001e-05,9.494036499999998e-07,1.0182501456e-06,1.2783328950000001e-06,1.604299568e-06,2.1020901700000003e-06,3.493244924e-06,6.781490980000001e-06,0.11470208490000003,0.00112682579,3.57918616e-05,63.761128799999994,51.02195429999999,7.70019833e-06,6.35508872,0.00754323794,2.50273886,0.0001856061566,1.658388795e-05,0.015667980899999996,10.0915728,0.0001856061566,1.658388795e-05,0.0040880433,4.21432437,0.0001856061566,1.658388795e-05,0.00119254263,3.922682279999999,0.0001856061566,1.658388795e-05,0.0033876881100000007,1.40801403e-06,1.276260885e-05,0.147581155,68.9769728,0.0162185823,-0.0019403549859999998,-0.00240673229,1.18132693e-06,1.19697125e-05
355,1679432400,0.235042163,0.23505958199999996,-0.0016101243850000003,-1.3246827600000002,0.7771737200000001,0.42474954,0.721822043,0.6712329899999999,0.00628247049,0.10137996499999999,1.78757919e-05,5.29910119e-07,5.78022126e-07,8.15476825e-07,1.096877289e-06,1.5511891149999999e-06,2.6930450600000003e-06,5.8359571400000005e-06,0.1164091196,0.00105595902,4.20151859e-05,66.0198316,50.9490595,7.80889263e-06,6.475026,0.00760849589,2.54052574,0.0002016900947,1.7847242190000002e-05,0.015800122399999998,10.2821484,0.0002016900947,1.7847242190000002e-05,0.00490159043,4.49638267,0.0002016900947,1.7847242190000002e-05,0.001176740955,4.017953579,0.0002016900947,1.7847242190000002e-05,0.00420438343,1.39681946e-06,1.88049756e-05,0.03736850675000001,57.3127696,0.01338727115,-0.0027577194500000004,-0.0032131450800000003,1.099847597e-06,1.2897643799999997e-05
355,1679433000,0.202577456,0.202597984,-0.001416489962,-1.23756741,0.8136248480000001,0.38914310700000004,0.683608362,0.6335818270000001,0.00587053622,0.0919723982,2.0904950800000003e-05,4.260200633e-07,4.3889761099999996e-07,5.849458849999999e-07,8.105249155000001e-07,1.0590729913e-06,1.8016584689999994e-06,3.6120225920000005e-06,0.0999555731,0.00128573323,3.6855822100000006e-05,69.03234769999999,51.317064300000006,6.73524893e-06,6.197263049999999,0.007033885229999999,2.1801706,0.000204112035,1.79541466e-05,0.014671212349999999,8.869116049999999,0.000204112035,1.79541466e-05,0.0052857354500000005,4.57088065,0.000204112035,1.79541466e-05,0.0011686075,4.02795893,0.000204112035,1.79541466e-05,0.0045399496800000005,7.517176799999999e-07,2.1271465200000002e-05,0.0867921468,52.89495803,0.007981633515399999,-0.0033733595599999998,-0.0037278347400000003,1.0595310679999998e-06,1.4983749100000001e-05
355,1679433600,0.2231661565,0.22318892999999998,-0.00264052612,-1.3487286139999999,0.9311159309999999,0.409475769,0.651994914,0.5916930519999999,0.024430997729999997,0.17173364239999997,2.32073164e-05,5.182133184e-07,5.576795215e-07,7.711294123000001e-07,1.2046803694e-06,1.6087284386000002e-06,2.1940958290000003e-06,4.181460424e-06,0.11050837,0.0010211234930000003,4.05216646e-05,69.1540517,51.44854300000001,7.420453790000001e-06,6.2775628999999995,0.007150174399999999,2.4220281979999996,0.0002137303531,1.8791208080000005e-05,0.01481361725,9.765847879999999,0.0002137303531,1.8791208080000005e-05,0.00549450447,4.825179383,0.0002137303531,1.8791208080000005e-05,0.001149287146,4.196806514,0.0002137303531,1.8791208080000005e-05,0.0047972849,2.359871684e-06,2.51711702e-05,0.8916598465,243.56142156,0.0313392941644,-0.00364663141,-0.0039652310399999995,9.034433742e-06,0.0001011489828
355,1679434200,0.31898545700000003,0.319009717,-0.00229431509,-1.48018985,0.9354660450000001,0.51037064,0.7634482969999999,0.727297206,0.0161347467,0.186351756,2.4664165300000003e-05,4.965172755999999e-07,4.82990145e-07,6.856133049999999e-07,9.51285825e-07,1.2287655960000001e-06,2.2307043100000003e-06,4.74283181e-06,0.158901659,0.0005289982259999999,5.0387231399999995e-05,67.27086419999999,50.3720891,1.0608235e-05,6.277511959999999,0.008985553099999998,3.4142236599999998,0.0003293314216,2.9326929916e-05,0.0184484731,14.0917499,0.0003293314216,2.9326929916e-05,0.005786417340000001,6.794300529999999,0.0003293314216,2.9326929916e-05,0.001375819847,6.192769504,0.0003293314216,2.9326929916e-05,0.0049282447,8.913769080000001e-07,2.5123910200000002e-05,0.35613927250000005,78.1870014,0.007338417477699999,-0.0034867356099999997,-0.0039043146099999996,1.2097309910000001e-06,1.76968889e-05
355,1679434800,0.473123119,0.47314829100000005,-0.00263959181,-1.51480345,1.1658355999999999,0.62231765,0.9230531800000001,0.885439534,0.024334552449999998,0.286610173,2.67039122e-05,1.68558235e-06,1.738879542e-06,2.143357883e-06,2.818939744e-06,3.6135503330000006e-06,5.7364091399999995e-06,1.139768045e-05,0.23593250000000002,0.00054204418,5.583808810000001e-05,62.847018199999994,50.2993802,1.57265985e-05,6.41329779,0.01075482485,4.86521105,0.0003190484534,2.8337899702999998e-05,0.022274244000000002,20.524513199999998,0.0003190484534,2.8337899702999998e-05,0.00597057033,7.8421854699999995,0.0003190484534,2.8337899702999998e-05,0.001579075784,7.15380311,0.0003190484534,2.8337899702999998e-05,0.00502824442,1.142828325e-06,2.6350284000000004e-05,-0.05237810139999997,62.16925954599999,0.0107435494379,-0.0033722546700000002,-0.00384807846,1.0760555740000002e-06,1.671330835e-05
355,1679435400,0.451124191,0.4511499380000001,-0.00271131942,-1.52950931,1.1162965749999998,0.610589115,0.8860020399999999,0.852438531,0.02172820452,0.26735806599999995,2.6619909500000002e-05,1.0330887406000002e-06,1.0230700844e-06,1.2942159390000001e-06,1.7247308999999998e-06,2.1538092933999996e-06,3.5428507339999994e-06,7.310104209999999e-06,0.22480594700000003,0.000688130378,4.8757373699999996e-05,64.7634297,50.359253,1.5002866000000002e-05,6.01788761,0.010603472700000002,4.68602995,0.00037567354989999997,3.3547972435e-05,0.021829012000000002,19.6889878,0.00037567354989999997,3.3547972435e-05,0.00598450043,8.29301147,0.00037567354989999997,3.3547972435e-05,0.001509719905,7.646648728,0.00037567354989999997,3.3547972435e-05,0.005077719560000001,9.625578479999999e-07,2.6713941400000004e-05,0.084288557,15.937838605,0.005294137571499999,-0.00346689791,-0.003911752480000001,8.86299795e-07,1.4294821e-05
355,1679436000,0.48574348900000003,0.48576957200000004,-0.00209213294,-1.54679841,1.093158378,0.634032636,0.917465512,0.890014671,0.019315877999999998,0.25868022199999996,2.67570948e-05,8.27871503e-07,7.979983730999999e-07,1.025427674e-06,1.448004383e-06,1.8075696959999996e-06,3.0409592100000002e-06,6.485436200000001e-06,0.242092319,0.000714587309,4.84370803e-05,65.2038077,50.34062970000001,1.6157609050000003e-05,5.98712117,0.011051034599999999,5.081523160000001,0.00035741616,3.1827861790000004e-05,0.022702117700000003,21.266690699999998,0.00035741616,3.1827861790000004e-05,0.00603637641,8.25038302,0.00035741616,3.1827861790000004e-05,0.0015568245850000003,7.592318039999999,0.00035741616,3.1827861790000004e-05,0.0051087977400000005,9.6766857e-07,2.7028177599999997e-05,0.30956273094599995,31.216580741,0.0065541968983400005,-0.0034716062,-0.00394104902,8.550006850000001e-07,1.5479393300000002e-05
355,1679436600,0.36791164300000007,0.367938217,-0.0032311528000000004,-1.59859164,0.9383536450000001,0.55214714,0.7883490670000001,0.7656983760000001,0.007139170510000001,0.17609702200000002,2.6986487099999996e-05,5.224517044e-07,5.015663133e-07,7.220614635e-07,1.007839687e-06,1.2745938929999998e-06,2.372483713e-06,4.8818339139999996e-06,0.183012104,0.0008856921050000001,4.56558015e-05,68.3369861,50.5490371,1.223843485e-05,6.04444543,0.00969143935,3.8829835000000004,0.0003378264721,3.0044180769999995e-05,0.0197303743,16.1553162,0.0003378264721,3.0044180769999995e-05,0.00600922681,7.4248351,0.0003378264721,3.0044180769999995e-05,0.00140102976,6.746429797,0.0003378264721,3.0044180769999995e-05,0.00514954676,8.655729209999999e-07,2.7363331e-05,0.0816818331,23.535726930000003,0.004815460118000001,-0.00361091944,-0.00406319164,7.73336574e-07,1.35335949e-05
355,1679437200,0.46997083,0.469997262,-0.0016845041059999999,-1.59562671,1.0458694139999998,0.6245240900000001,0.895414841,0.8686015020000001,0.007599687419999999,0.213957351,2.7325260999999997e-05,1.040746901e-06,1.066568548e-06,1.380046266e-06,1.9372218079999998e-06,2.53657554e-06,4.283228551e-06,9.10964412e-06,0.233637462,0.001263035758,6.17266394e-05,66.5339299,50.5864194,1.5620562e-05,6.30196429,0.010898706849999999,4.92623556,0.00039153145670000006,3.493797897999999e-05,0.0222791923,20.5567998,0.00039153145670000006,3.493797897999999e-05,0.006150020599999999,8.94336153,0.00039153145670000006,3.493797897999999e-05,0.0016169756569999999,8.275934580000001,0.00039153145670000006,3.493797897999999e-05,0.00514396057,1.0083176099999999e-06,2.7431688199999997e-05,-0.12013422864000001,35.790023022,0.006682537303999999,-0.00349688126,-0.00396216913,1.006176751e-06,1.58916404e-05
355,1679437800,0.574986308,0.575012916,-0.001654213443,-1.62858624,1.0787954199999998,0.696129622,0.9750297440000001,0.9560541770000001,0.007268709849999999,0.251116991,2.7292965699999997e-05,8.333946180000001e-07,8.203663656e-07,1.1615470816e-06,1.6547422489999999e-06,2.1766327360000002e-06,3.78158053e-06,8.42144542e-06,0.285293498,0.0021061872,7.32983581e-05,68.8790058,50.78147319999999,1.91193436e-05,5.97846371,0.01220429275,6.030908030000001,0.0004545035361,4.072114045e-05,0.0247313224,25.111216699999996,0.0004545035361,4.072114045e-05,0.00613247876,10.20129328,0.0004545035361,4.072114045e-05,0.00162696804,9.560312565999999,0.0004545035361,4.072114045e-05,0.00517634112,1.170292694e-06,2.7940078e-05,-0.0540280434,19.104868163,0.004088576044,-0.0033276064799999997,-0.00386312855,8.326636400000001e-07,1.446164665e-05
355,1679438400,0.576117336,0.576144305,-0.001279140285,-1.60745964,1.124434327,0.694663696,0.99066776,0.9641544370000001,0.01147993564,0.261510272,2.78542838e-05,1.061893307e-06,1.0449715655999998e-06,1.305212245e-06,1.8850589850000001e-06,2.379984286e-06,3.890815255e-06,8.21881796e-06,0.286145537,0.0018257521299999998,6.60426685e-05,68.24694379999998,50.6796489,1.91620338e-05,5.91238463,0.012232657099999999,6.09076867,0.00045454685849999994,4.074313006000001e-05,0.024786946999999997,25.311319400000002,0.00045454685849999994,4.074313006000001e-05,0.00625684023,11.053028000000001,0.00045454685849999994,4.074313006000001e-05,0.0017208310299999998,10.30874805,0.00045454685849999994,4.074313006000001e-05,0.0051946727799999995,1.117237635e-06,2.8059440200000004e-05,0.066304390475,42.262640341,0.0083734957685,-0.00341753354,-0.0039321454700000005,9.26150946e-07,1.59742464e-05
355,1679439000,0.7599781489999999,0.7600053529999999,0.00028352850319999997,-1.58575536,1.2705388000000002,0.7939064429999999,1.1555977499999999,1.1131839700000001,0.01910727475,0.3404782,2.82383987e-05,1.3137669199999999e-06,1.3053378159999998e-06,1.675086787e-06,2.465459378e-06,3.1283112909999997e-06,5.29012128e-06,1.127624039e-05,0.3784853060000001,0.00140743625,6.86221067e-05,64.42229,50.4305192,2.5271919e-05,5.9492075,0.013851486799999998,7.86224801,0.00018382658330000001,1.595983959e-05,0.028335041999999998,33.0936847,0.00018382658330000001,1.595983959e-05,0.00610984469,8.773202375999997,0.00018382658330000001,1.595983959e-05,0.0016683072300000001,7.8085161476,0.00018382658330000001,1.595983959e-05,0.005207125410000001,1.4252785e-06,2.8505568599999996e-05,-0.13220592835,18.749496564,0.0063165730174,-0.0031660163899999995,-0.0037485508600000003,9.580808449999998e-07,1.58188704e-05
355,1679439600,0.981227945,0.9812549370000001,-0.001357233154,-1.58623997,1.45905704,0.9040466750000002,1.3123150499999998,1.2684762,0.020011523999999996,0.44497801300000006,2.825568e-05,1.591721309e-06,1.5665633333e-06,2.083747682e-06,2.9921866100000003e-06,3.847257883e-06,6.7145072630000005e-06,1.4235978199999999e-05,0.48881655100000004,0.0016792034599999999,8.33475977e-05,64.946549,50.357553900000006,3.2630331099999995e-05,6.12368444,0.0160268894,10.525895600000002,0.0007721272872,6.973211789e-05,0.0325273381,43.54356560000001,0.0007721272872,6.973211789e-05,0.00667224946,17.798365670000003,0.0007721272872,6.973211789e-05,0.0023090292600000005,17.14571396,0.0007721272872,6.973211789e-05,0.00520191789,1.85811233e-06,2.8872274e-05,0.09203818886,10.376822911,0.008105039349999999,-0.00282839389,-0.00351960823,1.03870429e-06,1.6229879399999998e-05
355,1679440200,0.821778589,0.8218054560000001,-0.005323516800000001,-1.55807903,1.3639166399999998,0.823899931,1.21529963,1.1603979199999999,0.0301864079,0.397709282,2.7575120300000003e-05,9.522091460000001e-07,8.571759164000001e-07,1.117802782e-06,1.74646233e-06,2.0821457445e-06,3.570264271e-06,7.915917229999999e-06,0.40745457700000004,0.0033245057599999997,9.042913010000001e-05,67.773038,50.8733353,2.7343694700000002e-05,5.66834063,0.0145501989,8.638206299999998,0.0006573571144,5.9290069349999996e-05,0.029457650699999997,35.867736900000004,0.0006573571144,5.9290069349999996e-05,0.006454823359999999,14.169717020000002,0.0006573571144,5.9290069349999996e-05,0.0020695329599999994,13.511084199999999,0.0006573571144,5.9290069349999996e-05,0.00520137541,1.79465814e-06,2.8698107100000006e-05,0.0017113781499999985,16.147874665,0.00970788177,-0.00305269287,-0.00367421838,1.137363946e-06,1.6403140950000002e-05
355,1679440800,0.490602192,0.49062947700000004,-0.0006494332759999998,-1.3011224399999999,1.23881281,0.612567439,1.04155682,0.9646044550000001,0.015953070300000004,0.239386798,2.87967498e-05,1.683634044e-06,1.7349161705000003e-06,2.122163976e-06,2.7812526529999996e-06,3.5173396729999996e-06,5.63551944e-06,1.0818341860000002e-05,0.240088168,0.00511970046,6.13543662e-05,70.4021213,52.1407794,1.6303838350000003e-05,6.25500142,0.0112155447,5.335736880000001,0.0005758570195999999,5.181627607699999e-05,0.022776262000000002,21.424889,0.0005758570195999999,5.181627607699999e-05,0.006304695609999999,11.4044219,0.0005758570195999999,5.181627607699999e-05,0.0016987746450000001,10.782121042,0.0005758570195999999,5.181627607699999e-05,0.005240360510000001,1.9121395e-06,2.9168107500000003e-05,0.0319181482,28.722249190000003,0.01396495109,-0.0032912955000000002,-0.0039234186800000004,1.2407725699999999e-06,1.7702613399999997e-05
355,1679441400,0.38957279899999997,0.389600058,0.001056042039,-1.19724975,1.0909458100000002,0.5393539369999999,0.9642669319999999,0.8864145649999999,0.00814285347,0.177353692,2.7883731400000003e-05,7.231784169999999e-07,7.475898847000001e-07,1.030323569e-06,1.4337473589999999e-06,1.9435976989999997e-06,3.443360177e-06,7.13174883e-06,0.189685984,0.005020432680000001,6.22595204e-05,74.0422026,52.647184800000005,1.2947661549999999e-05,6.345814069999999,0.0098475033,4.1098573499999995,0.00033332506600000005,2.9535561929999996e-05,0.0201554594,16.6806944,0.00033332506600000005,2.9535561929999996e-05,0.00628058547,8.26649156,0.00033332506600000005,2.9535561929999996e-05,0.00162176495,7.50124062,0.00033332506600000005,2.9535561929999996e-05,0.0052427909100000005,1.4680976000000002e-06,2.8846047299999998e-05,0.057025690799999994,22.28985441,0.008952679629999998,-0.0034559483500000003,-0.00402567383,1.0458680009999999e-06,1.6132756400000002e-05
355,1679442000,1.011827753,1.0118549079999999,-0.004792356191000001,3.61918647,4.82137215,0.767682189,1.243837949,1.0723452130000002,0.4726618733,3.019657058,2.95683498e-05,8.124015193e-06,2.3529368491999997e-05,4.760786943e-05,9.179295468e-05,0.00016205656976000003,0.00030666419563,0.000762909461,0.49928235700000007,0.003783835050000001,0.00144224206,61.0016709,51.111327200000005,3.30317036e-05,7.264606780000001,0.016725828699999997,46.271650269999995,0.000521777788,4.7170534000000005e-05,0.028531244899999995,48.041314299999996,0.000521777788,4.7170534000000005e-05,0.0064954481,11.494014019999998,0.000521777788,4.7170534000000005e-05,0.0025691600599999998,11.191478239999999,0.000521777788,4.7170534000000005e-05,0.00797106316,0.00057911284229,0.0006062174521000001,0.17514613,140.319534,0.36121640685,-0.0009219286939999999,-0.0028888570699999996,0.00064024807093,0.003823929695
355,1679442600,1.8211651899999999,1.8211907930000002,0.0019678173300000006,4.457097509999999,6.40212036,0.9333773729999999,1.5838983199999999,1.2931519699999998,1.1802222335,6.139782783999999,5.550988460000001e-05,2.8027885005000004e-05,4.4450197508999996e-05,7.3246914347e-05,0.00012144530126999998,0.00019912547696,0.00037235319463999994,0.00087753641347,0.9031712410000001,0.004058854749999999,0.0016059677169999998,59.4748517,50.6218363,5.9707018400000005e-05,7.305956589999999,0.019704752100000004,52.93286730000001,0.0038344275897999997,0.00035579326997000005,0.034994877699999996,83.1404154,0.0038344275897999997,0.00035579326997000005,0.00784174313,74.2609894,0.0038344275897999997,0.00035579326997000005,0.00361563851,74.57950357000001,0.0038344275897999997,0.00035579326997000005,0.00814358549,0.00056960642815,0.0005965107823999999,0.02700152200000002,188.46711450000004,0.4629804512000001,0.0011395051409999997,-0.0024220851799999993,0.00077034646224,0.0051842647859999995
355,1679443200,1.5316700920000001,1.5316958040000002,-0.06476763055,1.9100384950000002,6.32633065,0.9343434649999999,1.55944758,1.30121472,0.7763478643000001,4.524191824,3.1736803999999995e-05,7.60708966e-06,1.672115299e-05,3.5060326159999995e-05,6.8170529e-05,0.0001157716996,0.0002251910275,0.0005130963457,0.759676155,0.0027501054099999997,0.0024208716879999996,60.900596300000004,50.7185327,5.04377596e-05,7.305821650000001,0.018688724400000002,39.24682727,0.0008264887397,8.009912762e-05,0.0345063764,69.32012149999998,0.0008264887397,8.009912762e-05,0.007032590350000001,19.193785459999997,0.0008264887397,8.009912762e-05,0.0028365787899999996,18.57741817,0.0008264887397,8.009912762e-05,0.007192133810000001,0.0003821835495,0.00040774729999999996,-0.2800618796,520.9526870000001,0.45174727299999995,0.0010947883890000004,-0.00205524684,0.0005832354317000001,0.003946152850000001
355,1679443800,1.211101532,1.211128883,-0.08313924810000001,1.741611309,6.2070020800000005,0.8989886810000002,1.44401908,1.24965062,0.449026657,3.4172687799999997,2.96242243e-05,7.07107759e-06,1.842275205e-05,3.85334961e-05,7.54555054e-05,0.00012371844569999998,0.0002442516586,0.0005960235125,0.5986816960000001,0.00277229625,0.00299055795,61.356344899999996,50.7481383,3.9734871199999995e-05,7.45503767,0.0186395351,45.547228000000004,0.0005913544380000001,5.3797031349999995e-05,0.0333508993,57.4721034,0.0005913544380000001,5.3797031349999995e-05,0.006878026180000001,17.52768825,0.0005913544380000001,5.3797031349999995e-05,0.00291434449,17.037417350000005,0.0005913544380000001,5.3797031349999995e-05,0.007375821399999999,0.0004445161029,0.00047185694499999995,-0.17020811900000005,560.499307,0.453397734,-0.001394723623,-0.0028734115,0.000646707705,0.0043382047799999995
355,1679444400,1.1669828079999998,1.1670105610000001,-0.079072222,0.8515179920000001,5.29651169,0.88964251,1.4781826299999998,1.2586509639999999,0.38605952857,2.9756110989999995,3.2006642699999996e-05,6.9878403060000006e-06,1.274456309e-05,2.4459778099999997e-05,4.0119465184000003e-05,6.9424008422e-05,0.00017908718899999998,0.00035767489151,0.577165466,0.00309688064,0.00253326681,63.2291248,50.90523979999999,3.84460562e-05,7.11313414,0.0180723557,27.03660575,0.0008802381153,7.976977683999999e-05,0.0327904164,51.9912934,0.0008802381153,7.976977683999999e-05,0.00664626678,16.876685109999997,0.0008802381153,7.976977683999999e-05,0.0024638808700000003,16.502422709999998,0.0008802381153,7.976977683999999e-05,0.0070087525000000015,0.000237215426857,0.00026497491710000007,-0.500407347,327.48261921,0.35765188602000003,0.0008316518058,-0.0007064753300000004,0.000447181558824,0.0032993331688
355,1679445000,1.6048069900000002,1.60483484,-0.0730449702,-0.317688244,3.9042442800000003,1.0826236809999998,1.74271571,1.5645852599999999,0.35189306859999997,2.7561231769999996,2.8976732599999997e-05,2.648138325e-06,4.9147050349999995e-06,9.09050292e-06,1.705487195e-05,2.9361137670000002e-05,5.579241306e-05,0.00013495649285,0.7982817160000001,0.00201537439,0.0018512147,64.3369132,50.4243866,5.32176575e-05,6.42489739,0.019866570899999998,23.3820786,0.0008709250579999999,7.8948756e-05,0.0399559295,71.75017790000001,0.0008709250579999999,7.8948756e-05,0.0069569335,21.56220843,0.0008709250579999999,7.8948756e-05,0.00279567149,20.8093888,0.0008709250579999999,7.8948756e-05,0.0057360592,9.715252403e-05,0.00012474768559999998,1.2685529399,380.367606794,0.219418085545,-0.00207971473,-0.00294454075,0.00023815596158399994,0.0019264292409
355,1679445600,2.10434853,2.1043758699999997,-0.02791707005,-1.3600046200000002,2.57711618,1.2721743899999998,2.03957478,1.9312339900000002,0.09804291759999999,1.3177424649999998,3.333354720000001e-05,6.800481794e-06,6.943991234199999e-06,8.112269781e-06,1.0928520120000001e-05,1.3794433674999998e-05,2.1462690249000005e-05,4.2811432980000005e-05,1.0491362030000002,0.0022839939600000003,0.0006354057878,60.945239099999995,50.3161296,6.99844864e-05,5.8506977099999995,0.022600197600000003,22.183229,0.0025416384070000003,0.000231764087,0.046681190100000006,92.09590399999999,0.0025416384070000003,0.000231764087,0.00764848518,47.500545900000006,0.0025416384070000003,0.000231764087,0.003635694440000001,47.76169576,0.0025416384070000003,0.000231764087,0.00528237019,5.398399890000001e-06,3.2942697400000004e-05,0.5758649515,183.446531094,0.04245869296,-0.00212254758,-0.0030101591600000003,9.241572297e-06,0.00010705170735000001
355,1679446200,2.51717072,2.5171987200000006,-0.0017563051,-1.42515792,2.45891253,1.4120521299999997,2.27568197,2.1665911799999997,0.04070799070000001,1.1153211600000001,3.24621335e-05,5.1571517910000005e-06,5.1444458980000005e-06,6.0154730285e-06,8.50530116e-06,1.1281250329999999e-05,1.6202720547e-05,3.458287396e-05,1.2558070200000002,0.00257701318,0.000109487377,61.75955330000001,50.229629,8.374619220000001e-05,5.670891490000001,0.025125842599999997,26.3997652,0.002025729801,0.00018442141549999998,0.0519018914,110.53539350000001,0.002025729801,0.00018442141549999998,0.00773013823,43.1162146,0.002025729801,0.00018442141549999998,0.0037959565800000004,42.92642867,0.002025729801,0.00018442141549999998,0.005301617220000001,5.258049700000001e-06,3.30876017e-05,-0.01735661184,2.7759435425,0.009863133540000001,-0.00150454498,-0.00245970414,1.1941114890000002e-06,2.03267771e-05
355,1679446800,1.093622258,1.093649698,-0.001341837641,-1.45861244,1.6251496399999996,0.895545354,1.3946676,1.303164792,0.05989593289999999,0.591604068,3.0864247099999995e-05,3.8450988889999995e-06,3.9915789306000005e-06,4.711412709800001e-06,6.5001227599999985e-06,8.382631164e-06,1.3207579155e-05,2.6201226889999998e-05,0.542989357,0.00365090691,9.99448356e-05,67.543232,51.01705540000001,3.634507360000001e-05,6.18378823,0.015715912899999997,11.29679586,0.0011602900257000003,0.00010531537339000001,0.03210105579999999,47.3097167,0.0011602900257000003,0.00010531537339000001,0.00671184403,23.03045506,0.0011602900257000003,0.00010531537339000001,0.00233056585,22.59725135,0.0011602900257000003,0.00010531537339000001,0.005263609779999999,2.06223046e-06,2.9655652600000003e-05,0.8332655581800001,50.263510354,0.014873757249999998,-0.00303947673,-0.003637663029999999,1.375019834e-06,2.1396563e-05
355,1679447400,1.283015056,1.28304273,0.001232796969,-0.4649275920000001,4.25424235,0.9865452410000002,1.4698198699999998,1.3557788700000002,0.28240236570000005,2.1035691279999997,3.0498625999999997e-05,6.24150239e-06,1.4436813864999998e-05,2.7015615579999997e-05,4.934064269e-05,8.287357329999999e-05,0.00015645913729999997,0.00035154279175,0.6370732480000001,0.0030313441499999995,0.00071186628,61.288316800000004,50.582876999999996,4.237102909999999e-05,6.94615776,0.018665150299999995,30.550122599999998,0.0011621088363,0.00010564225425999999,0.0354151022,58.622750800000006,0.0011621088363,0.00010564225425999999,0.006934083790000001,23.25219198,0.0011621088363,0.00010564225425999999,0.00291885227,23.072467009999997,0.0011621088363,0.00010564225425999999,0.00661613813,0.00029467669866,0.0003223096017,0.33261956540000004,274.8116821,0.3055694205,-0.0015904230460000001,-0.00272884995,0.000460736360335,0.0029632646819
355,1679448000,2.21530582,2.21533143,0.00286936977,1.833878174,6.28822945,1.1889440050000002,1.8909952599999997,1.58794848,1.04316857,6.468377975,3.12295648e-05,1.0402545979999999e-05,2.41668177e-05,4.5216675949999995e-05,8.218678329999999e-05,0.00014130731,0.000301829569,0.0007579766927999999,1.1020633860000002,0.0025178255499999995,0.001702600559,60.158833200000004,50.2901859,7.284385860000001e-05,7.25272754,0.023436239399999996,50.8380128,0.002358902903,0.00021598316695,0.043718519299999994,100.8524417,0.002358902903,0.00021598316695,0.00793401501,70.64087174999999,0.002358902903,0.00021598316695,0.00410581931,69.89466644,0.002358902903,0.00021598316695,0.007508020139999999,0.00045835093189999993,0.0004840591754,0.24390339170000003,203.650319,0.394694339,-0.0001533175599999999,-0.00235882707,0.0005861311726,0.0034871641645
355,1679448600,2.90403628,2.90406128,0.00311923251,1.1410786576,7.29952276,1.388341,2.1647535899999997,1.86481945,1.1747731440000002,8.191214499999997,3.70021435e-05,1.84711699e-05,3.12438429e-05,5.8707502899999996e-05,0.0001083737456,0.00018079330900000001,0.00038524424749999996,0.001059984071,1.44608815,0.0018504239700000002,0.0022238753050000002,58.6890455,50.166754899999994,9.545408580000001e-05,7.32527938,0.027980133299999998,68.5638855,0.0032516584628,0.00029718973110000004,0.051015883299999995,132.50732750000003,0.0032516584628,0.00029718973110000004,0.00848410548,76.23077680000002,0.0032516584628,0.00029718973110000004,0.0050295982400000005,76.38802759999999,0.0032516584628,0.00029718973110000004,0.00862099945,0.00054673658,0.000571578387,0.5251593425,177.6509044,0.41388876,0.0026943393560000008,-0.001522905857,0.000584950506,0.0036190991900000003
355,1679449200,2.62369125,2.62371714,0.0019767891800000006,-0.06022688499999993,5.420340550000001,1.3727542099999999,2.14619048,1.94229678,0.7645135047,5.387749385000001,3.44680091e-05,1.0821439356e-05,1.5796676143e-05,2.6926026743999996e-05,4.641630646e-05,7.9458720046e-05,0.0001710089632,0.00044244208094,1.308164753,0.0020353067,0.0008421492653999999,57.767013199999994,50.19529920000001,8.67970202e-05,6.66620183,0.0259034051,47.2789937,0.002486198518,0.000227051755,0.0500909037,115.95658060000001,0.002486198518,0.000227051755,0.00780407142,47.98501305,0.002486198518,0.000227051755,0.004008458370000001,48.151627000000005,0.002486198518,0.000227051755,0.0067009326800000005,0.00023153262084999997,0.0002571169428,0.18034443825,211.849132096,0.2514964871,0.00019017573169999988,-0.002216872234,0.000321024058174,0.0021833152327000002
355,1679449800,1.9848793929999995,1.9849057900000002,-0.0010672235332999998,1.7690483452000003,6.252265929999999,1.14372641,1.796604855,1.580260743,0.64533901,4.75382945,3.08132334e-05,1.0268741529999998e-05,1.9588370829999997e-05,3.9989972400000005e-05,7.79546823e-05,0.00012701436779999998,0.00027519503700000007,0.0007424318990000001,0.987504328,0.00231334522,0.0013249222620000001,57.22031360000001,50.3472595,6.54152558e-05,7.26069715,0.023291500799999997,55.15338390000001,0.0019719498819999997,0.00018025467995,0.04173271460000001,89.73973939999999,0.0019719498819999997,0.00018025467995,0.007345306739999999,34.666463969999995,0.0019719498819999997,0.00018025467995,0.00372982827,35.21437921,0.0019719498819999997,0.00018025467995,0.008033318469999998,0.000437203948,0.00046377354299999995,0.01977519069999999,196.2422142,0.38748759600000005,0.00043068008399999995,-0.0023438815100000005,0.000556751919,0.00345414255
355,1679450400,0.805701423,0.8057289249999998,0.0004009907499999998,1.3196029705999999,4.35212042,0.732787355,1.1913363599999998,0.995205379,0.2867795225,1.818508224,3.0284638999999998e-05,7.978810342999998e-06,1.7511914608e-05,3.5664554307e-05,7.100294711e-05,0.00011147943660999998,0.00023321958219999997,0.0005358722453600001,0.398592106,0.0022189232100000003,0.0010240761233,60.59259060000001,50.73113120000001,2.6358519500000002e-05,7.278106129999999,0.0155341746,34.444440300000004,0.00045249997400000004,4.12900328e-05,0.0265634223,38.6277785,0.00045249997400000004,4.12900328e-05,0.006361547110000002,9.395252170000001,0.00045249997400000004,4.12900328e-05,0.0023212502099999996,8.97152606,0.00045249997400000004,4.12900328e-05,0.0074524532099999995,0.00039082440068,0.00041830070120000006,0.3860585066,242.65707839999996,0.3078117291,-0.0008452284400000001,-0.0029830523999999996,0.00047623621102000003,0.0027732558620000005
355,1679451000,0.893562251,0.8935899039999999,0.0049083502599999995,3.4219285774000006,5.02436589,0.7534655320000001,1.26123849,0.992317787,0.42171776669999994,2.7016774100000003,3.04118754e-05,8.259305972000002e-06,1.838018788e-05,3.969312183e-05,7.376316605000001e-05,0.0001269530116,0.00026111592626,0.0006135284519,0.44218298699999997,0.00217750529,0.0012757374949999999,60.910025899999994,50.595552399999995,2.9168923250000003e-05,7.4273326,0.0159588201,35.7673147,0.0018202586278,0.00016613970130000002,0.0273046165,41.14464600000001,0.0018202586278,0.00016613970130000002,0.00694614999,36.69792041,0.0018202586278,0.00016613970130000002,0.0028636663899999997,36.73532381,0.0018202586278,0.00016613970130000002,0.0076555387400000004,0.00042820851696000005,0.00045582401670000007,-0.182098497,200.03481459999998,0.38070888,-0.0009546846630000001,-0.00287498842,0.0006270921812,0.0040984572480000005
355,1679451600,0.668685724,0.668713327,-0.0007974084199999998,3.690506793,5.58917059,0.672262269,1.058169767,0.8833769559999999,0.29795441000000006,2.40796367,3.16725903e-05,7.422381979999999e-06,1.446733606e-05,2.77015389e-05,4.96786212e-05,8.32352806e-05,0.0001562694173,0.00035127500800000004,0.33079435999999995,0.00216237407,0.0006916766169999999,59.14433329999999,50.724590899999995,2.1907223899999997e-05,7.48051309,0.013226915750000002,23.368493949999998,0.0010923399519,9.934138962000001e-05,0.0242450046,31.381769,0.0010923399519,9.934138962000001e-05,0.0066462818300000006,21.92204306,0.0010923399519,9.934138962000001e-05,0.00233590564,21.619583409999997,0.0010923399519,9.934138962000001e-05,0.006524401809999999,0.000258389468,0.00028605205000000004,-1.9287902876000005,607.7651289999999,0.445106728,-0.0022639614,-0.0032937381100000005,0.0004989022789999999,0.0038419760399999994
355,1679452200,1.006424564,1.006452277,-0.001833265157,1.7430474919999999,5.554932,0.841478764,1.3286280400000001,1.113371467,0.381864196,2.75313118,3.00973635e-05,6.16107455e-06,1.4764369800000002e-05,3.0327020560000005e-05,5.435372596e-05,9.64478104e-05,0.00018050780460000001,0.0004274850029999999,0.499638692,0.00196110503,0.000799424487,59.16229410000001,50.433509300000004,3.30721528e-05,7.328888940000001,0.0166885416,32.093061399999996,0.000584198654,5.2739754999999996e-05,0.030466794699999994,46.698043799999994,0.000584198654,5.2739754999999996e-05,0.006641987489999999,14.61103101,0.000584198654,5.2739754999999996e-05,0.002454983,14.060751540000002,0.000584198654,5.2739754999999996e-05,0.00684072067,0.0003389181655,0.00036666721129999995,0.31679215699999996,485.07549200000005,0.446944457,-0.0016185215549999999,-0.0028463529800000003,0.0006095725906,0.00445811286
355,1679452800,0.9426162349999998,0.9426437880000001,0.00161668921,3.369381865,5.71108688,0.7856805120000001,1.2465380499999998,1.0000430269999998,0.43418219599999996,2.91050612,3.07649056e-05,9.27386828e-06,2.19710273e-05,4.454235676e-05,8.50159954e-05,0.0001416678595,0.00027845665360000003,0.000650205875,0.4666114349999999,0.0022295043599999996,0.001232413847,58.4864611,50.5409845,3.07942861e-05,7.5100191899999995,0.0166520475,41.249724900000004,0.0005173174141999999,4.7408759679999995e-05,0.028619341399999998,45.759988299999996,0.0005173174141999999,4.7408759679999995e-05,0.0063183741,11.62378802,0.0005173174141999999,4.7408759679999995e-05,0.00231826733,11.172816119999998,0.0005173174141999999,4.7408759679999995e-05,0.007771187360000001,0.0005128004665,0.000540263104,-0.128364639,288.126629,0.46105681699999995,-0.0008771995619999999,-0.00287495652,0.0007580758899999999,0.00481760679
355,1679453400,0.7976228670000001,0.7976504339999999,-0.0021578350160000002,1.753267111,5.16758284,0.7552583069999999,1.105421234,0.9757798010000001,0.28547131049999996,2.176099162,2.95326665e-05,5.95772501e-06,1.2889083294000001e-05,2.9998758019999996e-05,5.652795755e-05,9.035389462000001e-05,0.0001762131735,0.00040823650920000006,0.394963563,0.0022421421999999996,0.000823284472,59.74527119999999,50.662097700000004,2.61754828e-05,7.380439849999999,0.015019886399999998,27.112980130000004,0.0002767528148,2.4672921556e-05,0.027093923400000004,37.09898990000001,0.0002767528148,2.4672921556e-05,0.00615214831,7.62227427,0.0002767528148,2.4672921556e-05,0.00192645883,6.9361204700000005,0.0002767528148,2.4672921556e-05,0.006948041319999999,0.00032731954,0.0003549271518,1.5471354513,510.7188386000001,0.4422208181,-0.00164033425,-0.0029166558,0.0005748872435439999,0.004091455405949999
355,1679454000,0.8370224970000001,0.8370501149999999,-0.002782276283,2.32004037,5.1335691699999995,0.7552944500000001,1.20554932,0.9872176420000001,0.31209739999999997,2.0974249629999995,3.0528813299999995e-05,8.183971536000002e-06,1.6604330950000002e-05,3.601741174e-05,6.97691575e-05,0.00011069591189999999,0.0002223756891,0.0005022537893,0.41437554400000004,0.0021645436500000005,0.0010021796000000002,59.8530143,50.6171997,2.7397966900000002e-05,7.4738133399999995,0.015513288549999999,30.9506879,0.0005429110395999999,4.9562761699999994e-05,0.027184070699999997,38.809073,0.0005429110395999999,4.9562761699999994e-05,0.006484112849999999,13.395748730000003,0.0005429110395999999,4.9562761699999994e-05,0.00238048301,12.954119999999998,0.0005429110395999999,4.9562761699999994e-05,0.0073107189999999985,0.00039356386759999997,0.00042124014850000003,0.303023558,338.6258296,0.40558143300000005,-0.0015794425529999999,-0.0030973876100000002,0.0005242337541999999,0.00314424737
355,1679454600,0.8672937749999999,0.867321291,-0.0009978114659999998,1.5709832,4.92697549,0.7611602519999999,1.2423004409999998,1.0489070139999999,0.292083576,1.9477721039999998,2.98378696e-05,6.5035624359999996e-06,1.4508575747000001e-05,3.22316452e-05,5.893690328e-05,0.00010460701989,0.0002094977196,0.00048060170249999995,0.42945419099999993,0.0022702565299999996,0.0010123709500000002,60.65106739999999,50.673192799999995,2.8424711600000002e-05,7.29269383,0.0158848099,34.54563725999999,0.0007266299845999999,6.581300979999999e-05,0.0278809623,41.7150529,0.0007266299845999999,6.581300979999999e-05,0.00654833654,13.840961340000002,0.0007266299845999999,6.581300979999999e-05,0.0024124267499999997,13.592379764999999,0.0007266299845999999,6.581300979999999e-05,0.007164618049999999,0.0003678978791,0.00039530201810000006,-0.222244353,308.23366300000004,0.36133314899999996,-0.0006436327400000001,-0.0026780015200000003,0.0005006517805,0.0033137445760000003
355,1679455200,0.960570884,0.9605982479999999,-0.0005929262692999999,0.886645233,5.38715196,0.834149124,1.30608985,1.137934723,0.294953426,2.277270955,3.1028655999999996e-05,7.369197109999999e-06,1.35647765e-05,2.8255717399999997e-05,5.2070527280000005e-05,8.877183659999999e-05,0.00017007271905,0.00039459895350000006,0.477009476,0.00178465977,0.00073192583,59.258134299999995,50.473169,3.16074945e-05,7.302716080000001,0.0161596642,28.187422450000003,0.0007728323037,6.99848564e-05,0.0301128809,44.7785625,0.0007728323037,6.99848564e-05,0.0066985432299999995,16.6221448,0.0007728323037,6.99848564e-05,0.00259113271,16.252722419999998,0.0007728323037,6.99848564e-05,0.006694955810000002,0.00028430819259999996,0.00031173972640000005,-0.24703553,430.3985586,0.38665069220000003,-0.0020696176,-0.00303855899,0.0004922130677299999,0.0034674857613000002
355,1679455800,1.279079707,1.279107335,-0.0031213947945,1.1517066992,5.851078509999999,0.955670828,1.50060828,1.29517703,0.42255991900000006,3.02888732,3.16544697e-05,9.3907721e-06,1.99956107e-05,4.03887172e-05,7.03471228e-05,0.0001216288281,0.000231858623,0.000527243852,0.6358332259999999,0.00166075417,0.001019803786,57.400778700000004,50.30528880000001,4.2071725e-05,7.402049030000001,0.0187729628,34.763974000000005,0.000951370883,8.63972369e-05,0.0345599163,58.19659310000001,0.000951370883,8.63972369e-05,0.00691901759,20.195452980000002,0.000951370883,8.63972369e-05,0.00292476612,19.95572346,0.000951370883,8.63972369e-05,0.00722597103,0.00042521528500000005,0.000452808575,0.530415018,301.00113999999996,0.47417850799999994,-0.00182754292,-0.00294526193,0.000704765881,0.004713651720000001
355,1679456400,1.8029538999999999,1.80298187,-0.00388616294,-0.718876892,4.054323760000001,1.176842856,1.8519190200000004,1.7039020399999998,0.23550857699999997,2.214261335,3.2218576300000006e-05,6.06933097e-06,8.78809675e-06,1.3968930339999997e-05,2.3562275419999997e-05,3.642124854e-05,6.562989843999999e-05,0.0001457488991,0.899808589,0.000997047312,0.0003655864016,59.4405852,50.160094,5.98248492e-05,6.46082795,0.021236352899999998,25.9749308,0.001803608232,0.00016419217639999998,0.0428248663,79.6415076,0.001803608232,0.00016419217639999998,0.0073228657,32.952953799999996,0.001803608232,0.00016419217639999998,0.0032700522000000004,32.92650725,0.001803608232,0.00016419217639999998,0.005705106789999999,9.465747868e-05,0.0001224883499,1.093339137939,417.98844174000004,0.22437436228000002,-0.0021333516600000003,-0.0030121614200000002,0.00023102668109600003,0.0021976489351
355,1679457000,2.36719538,2.3672229199999997,-0.00219353717,-1.47492274,2.29900765,1.38197008,2.16291601,2.06908818,0.0369953129,1.0098968720000001,3.07456069e-05,3.971701331e-06,3.8135369522e-06,4.604947905e-06,6.72338575e-06,8.06118883e-06,1.2645467273999999e-05,2.7633774649999997e-05,1.18222032,0.001193327466,0.00011287256010000002,60.331696799999996,50.167954099999996,7.879423399999999e-05,5.63462198,0.023959260000000003,23.807555699999998,0.0015524961323000002,0.0001410639789,0.0498932938,101.97183749999999,0.0015524961323000002,0.0001410639789,0.00757942485,38.6438366,0.0015524961323000002,0.0001410639789,0.00368495765,38.0521328,0.0015524961323000002,0.0001410639789,0.005258270179999999,3.64080885e-06,3.12284274e-05,0.01925215684,1.9303999829999998,0.006126002044,-0.0019480461499999998,-0.0028639658400000005,8.93392309e-07,1.5746801699999997e-05
355,1679457600,1.148788497,1.1488163589999998,-0.0035149734599999997,-1.3727854999999998,1.5570850540000003,0.8690177520000001,1.403292817,1.3108149960000002,0.041536642400000004,0.5386409900000001,3.00325608e-05,2.5508805439999997e-06,2.57675717e-06,3.156242835e-06,4.3118792670000005e-06,5.338415454000001e-06,8.62919906e-06,1.722368689e-05,0.5714447490000001,0.00282285097,8.04815904e-05,65.99739650000001,51.5091801,3.821491916000001e-05,6.19260471,0.015224793179999998,11.65493874,0.0008688809875000002,7.85392712e-05,0.0313157007,49.399319399999996,0.0008688809875000002,7.85392712e-05,0.0066269523,18.09805614,0.0008688809875000002,7.85392712e-05,0.002234428667,17.561726805,0.0008688809875000002,7.85392712e-05,0.00528142362,2.3281843660000003e-06,3.01144719e-05,0.0673797136,22.115611910000002,0.00891966937,-0.0028839942699999998,-0.00352530034,1.0427996630000001e-06,1.6513796499999998e-05
355,1679458200,0.27698787900000005,0.277015602,-0.00442269588,-1.4718293199999999,0.873026654,0.47360527,0.72598465,0.6780581840000001,0.014271347560000003,0.14205588500000002,2.81230214e-05,5.007054293999999e-07,5.016232626e-07,6.186540506e-07,8.71423002e-07,1.1329756699999996e-06,1.8925473319999998e-06,4.2283577e-06,0.1358882645,0.0025555347199999997,3.9289425800000005e-05,71.362718,52.1262161,9.21226587e-06,6.0184072,0.00835813725,2.9126272699999998,0.00015906417050000002,1.3649655296000003e-05,0.016864794600000003,11.921526230000001,0.00015906417050000002,1.3649655296000003e-05,0.005970253020000001,5.07998922,0.00015906417050000002,1.3649655296000003e-05,0.001183795787,4.25616822,0.00015906417050000002,1.3649655296000003e-05,0.00528276786,1.148942186e-06,2.8862540699999998e-05,-0.228062669985,71.3855503,0.01342722355,-0.0039270691,-0.00427826638,1.38172329e-06,1.9943337199999997e-05
355,1679458800,3.91798647,3.9180113469999993,0.004646635339999999,-0.71166869,4.194203035,1.621507515,2.8087607300000004,2.25130623,0.8601396284,4.055040201,3.7104491000000006e-05,4.99558738e-06,5.4760633399999995e-06,8.243962274999999e-06,1.478267905e-05,2.817954586e-05,4.2835310189999994e-05,0.00022059464925000002,1.9568476410000002,0.0012991293259999998,0.0005085111730000001,60.05860980000001,50.197664700000004,0.0001302263012,6.0634160800000005,0.0291818191,45.900762840000006,0.0031494209465999998,0.00029807765053000004,0.058854606600000005,173.3790247,0.0031494209465999998,0.00029807765053000004,0.00842490519,61.670614879999995,0.0031494209465999998,0.00029807765053000004,0.0042439570000000005,61.4948449,0.0031494209465999998,0.00029807765053000004,0.006216853579999999,7.102941622000001e-05,9.613236789999998e-05,-0.16449887966000004,74.24727586,0.1069550765,0.004647939899999999,0.0026406292999,6.660259484000001e-05,0.0005464386601000002
355,1679459400,4.964195529,4.964224292,-0.0032972965869999997,-0.07351495000000004,6.9738629,1.7521328530000002,2.8243612540000003,2.5020763940000004,1.2158103169999999,8.351434193,4.39313641e-05,6.940442628999999e-06,1.2264716349e-05,2.5214211103e-05,4.6722674039999994e-05,8.43434329e-05,0.0001715699685,0.00048282420880000005,2.4785352519999995,0.0016212052129999997,0.0010959827744999998,60.704024600000004,50.185416100000005,0.00016456505990000003,6.97226701,0.03220917429999999,68.96729334999999,0.0032442118219999996,0.0003075784229999999,0.0637476491,218.85601649999998,0.0032442118219999996,0.0003075784229999999,0.00889448439,67.1249885,0.0032442118219999996,0.0003075784229999999,0.0048265418299999995,66.80175614999999,0.0032442118219999996,0.0003075784229999999,0.00724549492,0.00026272639028,0.00029155253960000003,0.16703634099999998,324.21776069099997,0.31757226645,0.00157278896,-0.000553954827,0.0003926167480699999,0.0027268070923
355,1679460000,1.244153236,1.244181,-0.00249006664,0.06133101399999998,5.056841909999999,0.948973844,1.5648478199999998,1.3959426,0.309065353,2.281684606,3.1462736700000006e-05,6.8846075199999994e-06,1.203286513e-05,2.6502940050000005e-05,4.69433632e-05,7.88003969e-05,0.0001599438188,0.0003658029094999999,0.619713664,0.0009493101,0.000712699861,58.2484903,50.2088644,4.1081850299999995e-05,7.131749879999999,0.0181309387,25.2085092,0.0009556950580000001,8.65090223e-05,0.034760145099999994,56.140063299999994,0.0009556950580000001,8.65090223e-05,0.006853492290000001,18.601256829999997,0.0009556950580000001,8.65090223e-05,0.00276325259,18.06813057,0.0009556950580000001,8.65090223e-05,0.006659607770000001,0.00025063308019999996,0.0002782844975,-0.606568443,341.18860799999993,0.344870044,-0.001296613119,-0.0024675601000000006,0.0004633694198,0.0031798761769999996
355,1679460600,1.026091911,1.02611968,-0.0054362276,-0.13744556469999988,4.27914301,0.859383708,1.342240984,1.21274955,0.21862632980000002,1.6511491369999998,2.9922690099999995e-05,5.029282778e-06,9.024872830000001e-06,2.0073289779999996e-05,3.784388516e-05,6.359656512e-05,0.00012949537965,0.0002931281228,0.5100196470000001,0.0018820411599999999,0.0005835317779999999,62.108248500000016,50.509562,3.388207550000001e-05,7.148973509999999,0.0166584977,24.957916399999995,0.0008815368220000001,7.974014029999999e-05,0.0310469781,46.3121282,0.0008815368220000001,7.974014029999999e-05,0.00674791028,18.23378295,0.0008815368220000001,7.974014029999999e-05,0.00250035593,17.853239730000002,0.0008815368220000001,7.974014029999999e-05,0.00639434812,0.00020537404275,0.00023312039480000006,0.246912845,323.28746680000006,0.29177599400000004,-0.001571929034,-0.0027013844499999998,0.00033951599277,0.0023996159903
355,1679461200,0.6484798,0.6485069,0.0035449640000000003,0.41778395,6.0346839999999995,0.7057953,1.0912833,0.97502977,0.19804287,2.139017,3.0897929999999996e-05,5.578754e-06,9.238169000000001e-06,1.650859e-05,2.721164e-05,5.0702896e-05,9.780304400000001e-05,0.00018062881999999998,0.32124478,0.0022084496,0.00038977642999999995,61.45789,50.721534999999996,2.1378455e-05,7.397067999999999,0.013226576,14.181789000000002,0.0013101053,0.00011899961999999999,0.02536486,29.094616,0.0013101053,0.00011899961999999999,0.006800036999999999,20.979733,0.0013101053,0.00011899961999999999,0.0023306813,20.895515,0.0013101053,0.00011899961999999999,0.0059951,0.00013670606,0.00016490591,-1.2292751,845.6328,0.45419383,-0.0013241004999999999,-0.0023324196,0.0003089387,0.0028559672999999997
355,1679462400,1.325890566666667,1.3259010222222223,-7.899381111111192e-06,0.1712393733333334,5.9976415,0.997403052222222,1.5452555000000001,1.3780420777777778,0.35282347333333336,2.704624544444444,1.4488385377777778e-05,7.795433722222221e-06,1.5681772477777777e-05,3.120615422222222e-05,5.37485741111111e-05,9.449502400000001e-05,0.0001849967718888889,0.00043777897111111117,0.659226481111111,0.0021717661555555553,0.0007160060144444444,57.861051777777774,50.37546566666666,4.371319266666667e-05,7.179295455555557,0.019187462666666665,33.179177333333335,0.0013319208873333332,0.00012232179183333336,0.03587539566666667,59.576334555555555,0.0013319208873333332,0.00012232179183333336,0.004997081544444445,24.58042382222222,0.0013319208873333332,0.00012232179183333336,0.0029528343555555556,24.95636663333333,0.0013319208873333332,0.00012232179183333336,0.004726326755555555,0.0002919581403666667,0.000302481915,-0.7284199922222222,481.61355511111117,0.4085858344444444,0.0007972277477777778,-0.0004849854088888889,0.00044892953865555564,0.0032363535348888892
355,1679463000,2.22230618,2.22232588,6.265095200000005e-05,-0.019127830999999998,6.512636179999999,1.28008901,1.9992609999999995,1.76469134,0.5720777309999999,4.36340423,2.1773332599999994e-05,5.399513940000001e-06,1.226619836e-05,2.537455535e-05,4.6270438500000005e-05,8.359688950000001e-05,0.0001722176276,0.00044062187500000006,1.107261965,0.0022587962699999998,0.000843303612,58.254248700000005,50.24336280000001,7.34652478e-05,7.08250034,0.024365359800000003,45.571630400000004,0.001032510041,9.385697479999999e-05,0.0465250601,101.074415,0.001032510041,9.385697479999999e-05,0.0065594395700000006,28.13589276,0.001032510041,9.385697479999999e-05,0.00352062245,27.89014193,0.001032510041,9.385697479999999e-05,0.00601980169,0.00028905348799999995,0.00030866318600000005,-0.10262607900000001,380.38088099999993,0.399885032,-0.0002805478659999999,-0.001566738603,0.00048774091700000004,0.0035043784799999997
355,1679463600,3.2683202899999997,3.2683429000000004,0.0012762690478000003,-0.5587135256,6.52163653,1.57242557,2.43543685,2.21920526,0.6841978167,5.0477330600000005,3.0308623800000002e-05,1.118657695e-05,1.828111444e-05,3.3333834149999996e-05,5.634570313e-05,0.00010224755459999998,0.00021525743769999997,0.0005618639080000001,1.63061793,0.0015250419999999999,0.0010104799919999998,57.80937780000001,50.0956789,0.0001081587614,6.9895596300000005,0.030307259500000006,64.3147755,0.002260908481,0.00020612698641,0.0575547175,148.291676,0.002260908481,0.00020612698641,0.00750139719,48.5351361,0.002260908481,0.00020612698641,0.00427710427,48.7133209,0.002260908481,0.00020612698641,0.006561559609999999,0.000280046485,0.000302860909,0.46349446099999997,296.9745300000001,0.3444438255000001,-2.4746817199999988e-05,-0.00148160475,0.0003974762514,0.002603943755
355,1679464200,2.65054993,2.65057499,-0.001374791235,-1.180938686,4.9995775700000005,1.44532039,2.24485598,2.08281355,0.29599754370000003,2.755027523,2.7653803900000002e-05,4.656761884e-06,6.810739047000001e-06,1.323406404e-05,2.3561222599999997e-05,3.876085730000001e-05,8.413136344e-05,0.00023269201979999997,1.3229459000000001,0.0014273205500000001,0.0004950842246000001,61.28953610000001,50.1544588,8.796016e-05,6.619105099999999,0.0260083145,36.3270098,0.0016081836955,0.00014629989702,0.052354664399999994,116.72811399999998,0.0016081836955,0.00014629989702,0.00713039315,35.408045200000004,0.0016081836955,0.00014629989702,0.00355363963,35.098692543,0.0016081836955,0.00014629989702,0.00572277209,0.00011154969415999999,0.000136714846,1.7288082939999998,391.957217346,0.21730974390000002,-0.0008974702459999999,-0.00213043777,0.00018951072353,0.0014295607046
355,1679464800,2.3633656800000002,2.36339173,-0.000324513376,-0.46578624310000005,6.16462574,1.32725145,2.0329370599999996,1.83680609,0.5015112265,3.86544268,3.2370045699999994e-05,9.88377089e-06,1.52408001e-05,2.9377013119999997e-05,5.142487183e-05,8.76204327e-05,0.0001867851272,0.0004999390106999999,1.178523148,0.00140860857,0.0008639257879999999,57.912476100000006,50.1524432,7.814272920000001e-05,6.94506332,0.025244729,46.355414399999994,0.0014340380009999999,0.00013033057450000002,0.048449646,107.55417179999999,0.0014340380009999999,0.00013033057450000002,0.00733765706,34.6159004,0.0014340380009999999,0.00013033057450000002,0.00369236254,34.2784398,0.0014340380009999999,0.00013033057450000002,0.0066401364699999995,0.0002584360957,0.00028429631490000003,0.47452368300000003,479.46119,0.322967088,-0.0007666220495,-0.0021089578859999998,0.0003724997262,0.002518373083
355,1679465400,0.6342289409999999,0.634255738,0.004192332647999999,2.900687039,4.73268199,0.6650624709999999,1.0350691109999999,0.8974398920000001,0.2339030037,1.6038510550000002,2.8602634699999997e-05,5.3619609500000005e-06,1.1053502983000001e-05,2.706283929e-05,4.767855371e-05,8.07208365e-05,0.00015574197980000002,0.00035210553929999997,0.31409078999999995,0.00163411269,0.000707044495,59.657283400000004,50.596513200000004,2.08040488e-05,7.336749469999999,0.0133753593,27.055897500000004,0.0002343812139,2.135349267e-05,0.023904807299999997,29.665399,0.0002343812139,2.135349267e-05,0.00605862056,7.158955059999999,0.0002343812139,2.135349267e-05,0.0017873052660000003,6.521679399999999,0.0002343812139,2.135349267e-05,0.006602636990000001,0.0002876113317,0.000314490325,-0.48433656099999994,433.7819342000001,0.37374385499999996,-0.00198068656,-0.00305927202,0.0004549631597700001,0.0033045844878
355,1679466000,0.6311434,0.63117059,-0.00392610657,3.87711181,4.439198005,0.610707531,1.015155998,0.8339504480000001,0.29889279849999995,1.814114572,2.9199179999999995e-05,6.325569879000001e-06,1.54362475997e-05,3.5213347136e-05,6.374309289799999e-05,0.00011034900902200002,0.00023538630765200004,0.0005018512204,0.312140428,0.00149263033,0.0009672548334000001,61.1471988,50.664991099999995,2.058000165e-05,7.170006040000001,0.013295081149999999,35.91665619,0.00024775691790000006,2.245969952e-05,0.022635871499999998,31.624691000000002,0.00024775691790000006,2.245969952e-05,0.00607952709,6.1097307700000005,0.00024775691790000006,2.245969952e-05,0.0018518894959999998,5.619486684999999,0.00024775691790000006,2.245969952e-05,0.0070081268,0.000374248678056,0.00040138690070000004,-0.48880918180000005,390.594625,0.3440669758,-0.001706883843,-0.0032561170700000004,0.00048753832274,0.0031243969629
355,1679466600,0.6786568230000001,0.678684158,-0.0039119818,3.3114301499999996,5.244310144000001,0.674319074,1.0760203430000002,0.90404009,0.30056107169999996,2.280484054,2.9447903200000005e-05,5.836447530999999e-06,1.2395478406600003e-05,2.6784944885999995e-05,4.699268615e-05,8.102809109e-05,0.00015954514647999998,0.00038531718543000006,0.337331239,0.0005287822137,0.0007472936350000001,58.96137689999999,50.2517349,2.2259565650000003e-05,7.305286989999999,0.0135763417,27.75610385,0.00020396462309999998,1.8368891950000002e-05,0.024694282700000004,31.611391150000003,0.00020396462309999998,1.8368891950000002e-05,0.006062040119999999,6.44281467,0.00020396462309999998,1.8368891950000002e-05,0.0017363259150000002,5.715269739999999,0.00020396462309999998,1.8368891950000002e-05,0.0066217701099999995,0.00028713032646,0.0003145276348,-0.4798430666000001,403.1799908,0.40622466720000006,-0.0017822599099999998,-0.0030371630599999996,0.0005436429652499999,0.0041901496435
355,1679467200,0.793191307,0.793219215,-0.0006983670999999997,0.6054040449999999,5.0528292399999994,0.7521824639999999,1.21188698,1.086783183,0.2288395404,1.77259957,2.9705104e-05,4.34291625e-06,9.615011260000001e-06,2.1001455e-05,3.475007047e-05,5.9976845200000004e-05,0.00010846920129999999,0.0002297739664,0.39382766599999997,0.0018229713180000003,0.0004749903789999999,59.1837409,50.5106574,2.61566796e-05,7.24887241,0.014257058999999999,19.18488457,0.0009683603296000001,8.790677235e-05,0.027826321999999997,36.4387861,0.0009683603296000001,8.790677235e-05,0.006861077439999999,18.364269059999998,0.0009683603296000001,8.790677235e-05,0.00255267672,18.03820348,0.0009683603296000001,8.790677235e-05,0.006182143530000001,0.0002052868384,0.00023310069799999995,-0.345073077,749.218084,0.436646813,-0.0020518883300000004,-0.00298382376,0.0004950156884000001,0.0039667584269999995
355,1679467800,1.38238897,1.38241696,-0.0013022722743999998,0.30788978759999996,5.63574698,1.0142773200000001,1.52513407,1.34411604,0.382040458,2.66841519,3.10045902e-05,6.54818743e-06,1.30456939e-05,2.7135889300000004e-05,4.89817147e-05,8.60520249e-05,0.000172019844,0.00042525487,0.688076963,0.00151728395,0.000817638606,57.8555201,50.2580237,4.5579072600000005e-05,7.23342128,0.0194964573,36.167885,0.0006647389590000001,6.0312394919999996e-05,0.03654938,62.7382095,0.0006647389590000001,6.0312394919999996e-05,0.00683444064,18.41238469,0.0006647389590000001,6.0312394919999996e-05,0.00274678081,17.5676773,0.0006647389590000001,6.0312394919999996e-05,0.006833344030000001,0.0002869214855,0.0003149771224,-0.26414741510000006,375.829399,0.38993537699999997,-0.00121787096,-0.0025141863100000003,0.0004805357739999999,0.003408891715
355,1679468400,0.833317055,0.833344634,-0.004104951681999999,-0.9301537950000001,2.7946603100000003,0.8073650200000001,1.2045742499999998,1.125784375,0.1302059274,1.2129072539999999,2.92262136e-05,2.594785852e-06,3.8135297119999998e-06,6.5707083210000005e-06,1.129686399e-05,1.8023206972999998e-05,3.594858336e-05,8.68632325e-05,0.414559764,0.0017233700800000002,0.000207719092,62.222451899999996,50.4862472,2.7629208499999996e-05,6.384809200000001,0.01452073515,13.20675784,0.0006054804609,5.452592768e-05,0.0290814311,37.33949749999999,0.0006054804609,5.452592768e-05,0.006495645729999999,12.57532005,0.0006054804609,5.452592768e-05,0.0020860246899999995,12.031197096000001,0.0006054804609,5.452592768e-05,0.0055844890300000005,5.524355944e-05,8.28910207e-05,-1.0083589493000003,309.87244581000004,0.1341602989,-0.00269103204,-0.0034528442300000004,0.00010536010696,0.00082358656995
355,1679469000,0.2093714835,0.20939924599999998,-0.005337044920000001,-1.48273346,0.777736239,0.39261596099999996,0.6137812329999999,0.557642032,0.01763797173,0.1237045354,2.8194370300000002e-05,4.874468675e-07,4.779993250000001e-07,6.720272402999999e-07,7.873095885000001e-07,9.951294196e-07,1.740460077e-06,3.2724195999999997e-06,0.10261700330000001,0.0020235974600000006,3.56286413e-05,72.2799254,52.76102899999999,6.96361198e-06,6.03451883,0.006892084440000001,2.22937197,0.00037183645569999993,3.3161999495000006e-05,0.0140084072,9.042417480000001,0.00037183645569999993,3.3161999495000006e-05,0.00607226205,7.4487167560000005,0.00037183645569999993,3.3161999495000006e-05,0.0012320486709999998,6.81460025,0.00037183645569999993,3.3161999495000006e-05,0.005270052209999999,9.903019110000001e-07,2.86672282e-05,0.10213530559999999,55.9527685807,0.01124242475,-0.003857060300000001,-0.00425188034,1.211227788e-06,1.85953524e-05
355,1679469600,0.1309603906,0.1309883661,-0.009602254709999997,-1.4731168099999998,0.647494771,0.327141386,0.504090385,0.45091376799999994,0.00985931379,0.07248815489999999,2.82313365e-05,2.87796725e-07,2.928635672e-07,4.2804367400000005e-07,5.462459840000001e-07,7.321366609999998e-07,1.305772447e-06,2.4862378399999996e-06,0.06350352550000002,0.0019353346899999998,3.461223109999999e-05,73.184575,53.216378899999995,4.35511361e-06,6.37155544,0.0056757794600000005,1.4113100499999998,0.00011221393390000002,9.42151393e-06,0.01149284445,5.573480430000001,0.00011221393390000002,9.42151393e-06,0.0057784759799999995,3.1254027970000005,0.00011221393390000002,9.42151393e-06,0.0008503040310000002,2.301522196,0.00011221393390000002,9.42151393e-06,0.00530609811,1.14836613e-06,2.91603482e-05,-0.8378473506999999,70.24693115,0.012102297132000001,-0.00393830325,-0.00430139712,1.1209085e-06,1.7677019400000002e-05
355,1679470200,0.260241477,0.260269693,-0.010100003489999999,-1.30019568,0.950016505,0.436172013,0.739185052,0.661632709,0.024430475339999997,0.16143156369999997,2.8985105900000003e-05,8.45085776e-07,8.728561634999999e-07,1.101859081e-06,1.407916262e-06,1.8429651679999998e-06,2.9937214e-06,5.72076233e-06,0.1277133136,0.0023490805099999996,4.25487989e-05,67.9664008,52.325335300000006,8.65190595e-06,6.33203721,0.007594767770000001,2.70221775,0.00017078821080000002,1.4697999385999998e-05,0.015863082849999998,11.13268117,0.00017078821080000002,1.4697999385999998e-05,0.00600079869,4.81521616,0.00017078821080000002,1.4697999385999998e-05,0.0011628508700000002,4.0007460432999995,0.00017078821080000002,1.4697999385999998e-05,0.005320255920000001,1.070193215e-06,2.9248738100000002e-05,0.06735014645000001,76.30081602,0.014631803725999998,-0.0038766071199999993,-0.00427966678,1.22565861e-06,1.9282153199999998e-05
355,1679470800,0.42581161100000003,0.425839808,-0.00705419947,-1.25273483,1.1274718799999999,0.5664880940000001,0.9856426,0.908802737,0.0189928698,0.20461240200000003,2.9276758200000006e-05,1.2210913739999999e-06,1.2350130617000002e-06,1.4964230890000002e-06,2.02341157e-06,2.5812750040000006e-06,4.012512916e-06,8.293607740000001e-06,0.210535075,0.00229869849,4.9940589499999995e-05,66.13276520000001,51.131533700000006,1.415918255e-05,5.917802389999999,0.010081155999999999,4.47813628,0.00049974532,4.4743286e-05,0.0211543974,18.463685050000002,0.00049974532,4.4743286e-05,0.006490049489999999,10.293064600000001,0.00049974532,4.4743286e-05,0.0017855937399999997,9.64138015,0.00049974532,4.4743286e-05,0.00532902883,1.4204389999999998e-06,2.96603267e-05,-0.027237978099999997,40.14673881,0.01173522355,-0.0036620758100000005,-0.004131028689999999,1.192586148e-06,1.8120657099999998e-05
355,1679471400,0.433171561,0.43319987200000004,-0.00540305397,-1.2759017099999999,1.09042079,0.5723430119999999,0.988942696,0.921665638,0.011839104139999997,0.19597434900000002,2.9037065199999998e-05,8.535159260000001e-07,8.512886839999998e-07,1.098238784e-06,1.5411445090000002e-06,2.492889303e-06,3.24863588e-06,6.74951977e-06,0.21428309699999998,0.0022335774500000004,5.1420251900000003e-05,68.04907610000001,51.087016500000004,1.4407005099999998e-05,6.051387650000001,0.010148513500000001,4.51370789,0.0003116869082,2.7546504490000004e-05,0.021334114100000003,18.697511999999996,0.0003116869082,2.7546504490000004e-05,0.006303364609999999,7.806423309999998,0.0003116869082,2.7546504490000004e-05,0.0015820541029999999,7.054351326,0.0003116869082,2.7546504490000004e-05,0.00533305058,2.079000516e-06,3.0433313800000004e-05,0.094320848904,12.697160779999999,0.008865644652599999,-0.00315203416,-0.00366675136,9.743674050000002e-07,1.64910182e-05
355,1679472000,0.44318631899999994,0.44321477,-0.0029850582700000003,-1.28495533,1.13830975,0.5802213949999999,1.001093053,0.9320159670000001,0.014067491120000001,0.206830237,2.9013077700000003e-05,6.94177856e-07,6.960323755000002e-07,9.258721916e-07,1.391596545e-06,2.2016211679999995e-06,3.159923649e-06,6.962575489999998e-06,0.21948449799999997,0.0020386601999999995,5.310223160000001e-05,66.6572554,50.939033699999996,1.47364458e-05,5.94409879,0.010446040100000002,4.76610902,0.0003590699748,3.191031045e-05,0.021771276200000002,19.514214200000005,0.0003590699748,3.191031045e-05,0.0063260913,8.23241584,0.0003590699748,3.191031045e-05,0.001588048315,7.461243090000001,0.0003590699748,3.191031045e-05,0.00533943762,1.79521496e-06,3.01775381e-05,0.022725138012999992,28.04254274,0.01139114285,-0.00337957871,-0.00386335965,1.2987772e-06,1.88202658e-05
355,1679472600,0.45316364899999995,0.453191844,-0.0007640410857000001,-1.30112372,1.1435224099999999,0.588276147,0.9987680090000002,0.9303284279999999,0.020295846099999997,0.22404005099999996,2.8850702600000003e-05,8.105580529999999e-07,8.598288270000001e-07,1.2036976779999998e-06,1.8480054500000002e-06,2.71316267e-06,4.821072270000001e-06,1.0913851049999999e-05,0.224837762,0.00164972813,7.00133849e-05,67.68059600000001,50.7621228,1.50505829e-05,6.64677119,0.010501567449999999,4.78776476,0.0003613746465,3.20690003e-05,0.0219489996,19.843450100000002,0.0003613746465,3.20690003e-05,0.006420305200000001,9.08684714,0.0003613746465,3.20690003e-05,0.00170968594,8.30472654,0.0003613746465,3.20690003e-05,0.00531772207,1.1038987649999998e-06,2.9315206700000005e-05,0.0251044066,18.048692179999996,0.0063732461299999986,-0.0036904526200000004,-0.00413453551,9.106434800000001e-07,1.5355186699999998e-05
355,1679473200,0.5019050789999999,0.5019334320000001,-0.001964044945,-1.3224207500000003,1.17127327,0.6201355279999999,1.0550946700000001,0.981142464,0.013987150649999999,0.22773079000000002,2.94168664e-05,1.2132066686000002e-06,1.2188694899e-06,1.5378688570000003e-06,2.017493109e-06,2.518999265e-06,4.098474303e-06,8.19656685e-06,0.24915160900000002,0.00173531017,4.347721120000001e-05,65.6018392,50.7324956,1.6694977099999997e-05,5.92599628,0.0110065071,5.276765030000001,0.0004017626681,3.578412873e-05,0.023059325900000004,21.9264006,0.0004017626681,3.578412873e-05,0.00637713956,9.150305990000001,0.0004017626681,3.578412873e-05,0.001692887836,8.443810339999999,0.0004017626681,3.578412873e-05,0.005329120959999999,1.33082521e-06,2.96278185e-05,0.1506813424,28.2138915,0.009308512354000001,-0.0035622845399999998,-0.00403900392,9.88325302e-07,1.6348241449999998e-05
355,1679473800,0.46863146,0.46865992900000003,-0.002062464195,-1.33446473,1.196099023,0.5974347449999999,0.9931053169999998,0.919303065,0.026110012449999997,0.251862288,2.9235513300000002e-05,9.305461690000001e-07,9.613113259999998e-07,1.2207302670000002e-06,1.84362153e-06,2.61953156e-06,4.25370824e-06,9.51119389e-06,0.23218499499999998,0.00205685853,5.15380642e-05,66.7744024,51.0140386,1.5575944099999996e-05,6.40678927,0.0104821547,4.91554891,0.00033105926379999994,2.935709314e-05,0.021940247000000003,20.3792891,0.00033105926379999994,2.935709314e-05,0.00629710173,8.15234575,0.00033105926379999994,2.935709314e-05,0.00157509063,7.404951480000001,0.00033105926379999994,2.935709314e-05,0.00534481801,1.2807392369999998e-06,2.9715166599999993e-05,0.18114602490000004,44.573781936,0.01317340978,-0.00370245564,-0.00412310987,1.3045570730000002e-06,2.016259745e-05
355,1679474400,0.31624463999999997,0.31627296299999996,-0.005838815450000001,-1.36527094,0.931265941,0.496835064,0.8244251739999999,0.754073026,0.01221810253,0.147886456,2.8672302699999997e-05,4.39241775e-07,4.44773505e-07,6.22518308e-07,9.54290435e-07,1.4465831579999997e-06,2.329764143e-06,5.552378170000001e-06,0.15573567800000002,0.00233691808,3.7429202300000004e-05,69.6316186,51.585891100000005,1.051142465e-05,6.2635334799999995,0.0086732346,3.3399257399999995,0.00026140094699999997,2.2939119729999998e-05,0.018129693500000002,13.69117856,0.00026140094699999997,2.2939119729999998e-05,0.0061930994400000005,6.5029602099999995,0.00026140094699999997,2.2939119729999998e-05,0.001385809726,5.69947498,0.00026140094699999997,2.2939119729999998e-05,0.005331354159999999,1.0472774e-06,2.93805822e-05,0.09607852250000001,31.966100593000004,0.009185360027,-0.003794641,-0.00417722691,9.324275709999999e-07,1.55392845e-05
355,1679475000,0.24928014900000006,0.249308607,-0.005685470099999999,-1.62785569,0.75602309,0.45896857999999996,0.645732222,0.62188147,0.0061408225399999985,0.1131915416,2.88753373e-05,4.88826608e-07,5.07197846e-07,6.507010669999999e-07,9.525371570000001e-07,1.46159247e-06,2.1402985570000002e-06,4.82251156e-06,0.12219394210000001,0.00240239796,3.204124520000001e-05,70.0423476,51.996445300000005,8.286122840000003e-06,6.387260809999999,0.00803434193,2.6554920800000006,0.00028511048480000004,2.51256486e-05,0.016088022,10.7150238,0.00028511048480000004,2.51256486e-05,0.00606512353,6.064203589999999,0.00028511048480000004,2.51256486e-05,0.001198442984,5.316936275,0.00028511048480000004,2.51256486e-05,0.005353933060000001,1.247863643e-06,2.9771045600000003e-05,-0.045730100600000004,46.373662100000004,0.01369403337,-0.0038130646499999997,-0.004180426700000001,1.2383216940000002e-06,1.9689726600000003e-05
355,1679475600,0.571105133,0.571133747,-0.0030533312260000002,-1.5230613,1.296789596,0.679681096,1.007918238,0.9599918050000001,0.0339960596,0.36984079599999997,2.98389904e-05,1.4665867330000001e-06,1.4534079556e-06,1.8461238525000003e-06,2.693151002e-06,3.830208755000001e-06,5.955266401e-06,1.314238462e-05,0.283656352,0.0018147338999999999,4.9769412599999994e-05,65.623613,50.79170750000001,1.8988330649999997e-05,5.9899433,0.011868748,6.154868629999999,0.0005014712773,4.489516587e-05,0.024305597199999994,24.9816394,0.0005014712773,4.489516587e-05,0.00644928892,10.61085895,0.0005014712773,4.489516587e-05,0.0017869001,9.903059353999998,0.0005014712773,4.489516587e-05,0.0053814944,4.18658074e-06,3.27276179e-05,-0.5901377207,87.15178937,0.026407802079999997,-0.0034476527899999997,-0.00392021156,1.0887052925999998e-05,0.00011966126595000001
355,1679476200,0.8603988140000001,0.8604272319999999,-0.0012119232499999998,-1.50894849,1.46884484,0.838290677,1.2843017199999998,1.21338708,0.04268997,0.427283309,3.06084734e-05,2.4633848170000003e-06,2.540397835e-06,3.067947877e-06,4.16799013e-06,5.5016349699999996e-06,8.658662499999998e-06,1.8211002e-05,0.42870355299999996,0.00138225022,6.65420083e-05,62.014375599999994,50.3447367,2.8600662700000003e-05,6.228181879999999,0.0146410179,9.070795519999999,0.00050542502,4.530448494e-05,0.0302773079,37.8445143,0.00050542502,4.530448494e-05,0.00661367935,13.008367460000002,0.00050542502,4.530448494e-05,0.00207932716,12.242999306,0.00050542502,4.530448494e-05,0.005354627410000001,1.98320154e-06,3.05372676e-05,0.023408712,7.102613,0.007232079770000001,-0.00311218036,-0.0036918553,1.115440816e-06,1.64327269e-05
355,1679476800,0.812729399,0.81275794,-0.0017194398600000002,-1.4778459,1.5188713799999998,0.8141176760000001,1.24260041,1.18106106,0.043484033600000006,0.48255716500000007,2.9210545300000006e-05,9.328945530000002e-07,9.549212060000002e-07,1.4395972989999998e-06,2.424520647e-06,3.49142809e-06,6.267526763000001e-06,1.4646458319999997e-05,0.40488720100000003,0.00136453443,8.2112022e-05,65.5972339,50.393476799999995,2.70173388e-05,6.24690402,0.014020799299999998,8.343614,0.0007813561300000001,7.05073814e-05,0.029187768599999997,35.1909679,0.0007813561300000001,7.05073814e-05,0.00683051893,16.08496714,0.0007813561300000001,7.05073814e-05,0.0023120035800000003,15.498377000000001,0.0007813561300000001,7.05073814e-05,0.0053680212400000005,3.52386743e-06,3.20530247e-05,0.2653343765999999,140.01181692999998,0.029977984810000004,-0.0031958712200000003,-0.00376529773,8.35915111e-06,9.61512032e-05
355,1679477400,0.8612069080000001,0.8612354129999998,-0.00046134751929999995,-1.38497009,1.59653625,0.8253344659999999,1.3227029,1.2521257199999998,0.042010870299999996,0.500038846,2.97065757e-05,1.462569269e-06,1.4985506829999999e-06,1.9671450029999996e-06,2.964582646e-06,3.9407696e-06,6.74876826e-06,1.4698968630000003e-05,0.429019249,0.00148519191,6.43142612e-05,63.68011620000001,50.380482,2.8634838600000006e-05,6.07488939,0.014464701000000002,8.994898169999999,0.000558845225,5.01392927e-05,0.0301859061,37.596074800000004,0.000558845225,5.01392927e-05,0.006711799909999999,14.021242520000001,0.000558845225,5.01392927e-05,0.0022024340099999996,13.24166769,0.000558845225,5.01392927e-05,0.00535595518,3.3504306399999995e-06,3.1785262800000004e-05,0.2114413517,137.12381008,0.02536408399,-0.00311367428,-0.0037056833999999997,6.97373031e-06,7.917334759999998e-05
355,1679478000,0.378752304,0.378780872,-0.0005825011130000001,-1.40579686,1.071745216,0.545785887,0.885477032,0.789961624,0.036220719,0.21713870100000002,2.96167626e-05,1.161384575e-06,1.2206468215e-06,1.506428781e-06,1.9369894290000003e-06,2.5376806700000003e-06,3.996554809999999e-06,8.00674606e-06,0.18725162099999998,0.0020689972300000003,3.39350896e-05,68.179351,51.2289799,1.25889978e-05,6.2450702300000005,0.009513855,4.009493780000001,0.000251260001,2.196759745e-05,0.0196756875,16.483439349999998,0.000251260001,2.196759745e-05,0.00618096841,5.91461515,0.000251260001,2.196759745e-05,0.0013780642099999998,5.117088990000001,0.000251260001,2.196759745e-05,0.00536422456,1.36509336e-06,3.0000725999999997e-05,-0.022988283500000005,41.526631710000004,0.010948289699999999,-0.0036916214500000003,-0.00414747125,1.113091886e-06,1.82641476e-05
355,1679478600,0.16553201099999998,0.165560337,-0.001734439333,-1.5507146499999998,0.7071215790000001,0.372142938,0.549241759,0.504277894,0.01029887883,0.0906673949,2.8483845900000004e-05,1.7862455830000002e-07,1.8731563420000002e-07,3.118210645e-07,4.2915765000000006e-07,6.498001090000001e-07,1.135924405e-06,2.4471883160000004e-06,0.08058372760000002,0.0021506916,2.57101607e-05,73.95449,52.68227680000001,5.50303002e-06,6.18302222,0.006526643679999999,1.74953738,0.0001255455676,1.0689256470000001e-05,0.013055808999999998,7.065356749999999,0.0001255455676,1.0689256470000001e-05,0.00577577647,3.1697225639999997,0.0001255455676,1.0689256470000001e-05,0.000845431518,2.3555321890000003,0.0001255455676,1.0689256470000001e-05,0.00533539385,1.06462664e-06,2.9392854600000005e-05,0.08227880529999998,45.84855363,0.00948047096,-0.00396142937,-0.0043310823399999995,1.14027171e-06,1.68258661e-05
355,1679479200,0.30574494799999996,0.305773311,0.0004050263289999999,-1.4423884299999998,0.9754422770000002,0.49439413,0.7793112939999999,0.718109427,0.0212126546,0.16532031100000003,2.9167277199999998e-05,9.15988504e-07,9.482681730000002e-07,1.1835592610000001e-06,1.5861326550000001e-06,2.079846437e-06,3.2605790099999996e-06,6.49022163e-06,0.1515661655,0.00124871146,4.0050479699999996e-05,67.2075633,50.8958711,1.016522945e-05,6.42603986,0.00868778442,3.2973641299999996,0.00026842086050000004,2.3565057059999997e-05,0.017849450099999997,13.407349700000001,0.00026842086050000004,2.3565057059999997e-05,0.006119056439999999,5.98277042,0.00026842086050000004,2.3565057059999997e-05,0.0013171225000000002,5.236239090000001,0.00026842086050000004,2.3565057059999997e-05,0.0053374005499999995,1.754194937e-06,3.0070839899999995e-05,-0.04393269604999999,29.615347829999997,0.013592061450000002,-0.0034432552399999996,-0.003906088,1.1569310530000002e-06,1.79942384e-05
355,1679479800,0.37867904900000005,0.378707447,-0.001031446013,-1.50638236,1.011968386,0.547702074,0.835075479,0.787186532,0.02101260468,0.20233411490000003,2.9072521599999997e-05,8.043282339999998e-07,8.71306849e-07,1.1365364299999998e-06,1.657437967e-06,2.4083047960000003e-06,3.861351350000001e-06,8.36973237e-06,0.1880105159,0.0012510690449999999,5.7249178600000004e-05,68.0492109,50.74572740000001,1.25834533e-05,6.345188039999999,0.009578419080000001,4.02880215,0.0002272246492,1.983852103e-05,0.019746483599999996,16.5761971,0.0002272246492,1.983852103e-05,0.00616919488,6.2550808799999995,0.0002272246492,1.983852103e-05,0.00139984602,5.4620662520000005,0.0002272246492,1.983852103e-05,0.00534670631,1.8789756199999998e-06,3.03052069e-05,0.057886534700000006,18.76869982,0.01228846234,-0.00331855221,-0.00383557753,1.35538016e-06,1.8475667099999998e-05
355,1679480400,0.26654868099999995,0.266576915,-0.0032391905999999996,-1.55071959,0.8397256399999999,0.47050246500000004,0.7015339330000001,0.6480197769999999,0.015796384000000004,0.136982196,2.86185528e-05,4.80989928e-07,4.880792963000001e-07,7.097987010000001e-07,9.88578294e-07,1.5287866e-06,2.334415292e-06,4.8421924400000005e-06,0.13186543439999998,0.00135098204,4.57395685e-05,69.6260844,51.095930700000004,8.85987605e-06,6.256452250000001,0.0080960072,2.7834954699999996,0.0001307437006,1.1190449550000002e-05,0.016663481799999998,11.50703135,0.0001307437006,1.1190449550000002e-05,0.00596548396,4.54447644,0.0001307437006,1.1190449550000002e-05,0.0011532588769999999,3.6999442799999995,0.0001307437006,1.1190449550000002e-05,0.00531490405,1.7070664500000002e-06,2.9861750299999997e-05,0.1312852216,11.997261715,0.007739121579999999,-0.0033493794600000003,-0.00380538526,1.002924633e-06,1.57597918e-05
355,1679481000,0.252826505,0.252854724,-0.00380639652,-1.58256875,0.7945367510000001,0.459763972,0.6761456579999999,0.6326818160000001,0.012188879960000001,0.12535948000000002,2.8664957599999996e-05,5.14817666e-07,5.553289322999999e-07,7.138297979999999e-07,1.0125744119999998e-06,1.3920327980000001e-06,2.144388863e-06,4.628818152e-06,0.1242012445,0.00214670014,5.283344120000001e-05,72.0839725,51.7434251,8.403725859999999e-06,6.20752984,0.00797937746,2.67807513,0.0001400249802,1.1978623142999999e-05,0.01621932675,10.9073437,0.0001400249802,1.1978623142999999e-05,0.005905244740000001,4.20196785,0.0001400249802,1.1978623142999999e-05,0.0010607093069999998,3.38132333,0.0001400249802,1.1978623142999999e-05,0.005329186380000001,1.4438826200000001e-06,2.9727426900000005e-05,-0.06817468648,14.639692919999998,0.008793172829999998,-0.0035614667000000003,-0.00397290856,1.156615491e-06,1.7147765e-05
355,1679481600,0.23914149899999998,0.23916979900000004,-0.0033238740799999998,-1.53528605,0.8776767979999999,0.44554018199999995,0.6701829589999999,0.619031404,0.015591508700000001,0.13769853940000001,2.88922048e-05,6.674595200000001e-07,7.08723873e-07,8.692010020000001e-07,1.220243009e-06,1.6763650380000004e-06,2.4486842040000002e-06,5.07469152e-06,0.1179058216,0.00158385817,6.64111694e-05,70.4681224,51.372696299999994,7.948814579999999e-06,6.387656280000001,0.00789328295,2.59466421,0.00023278471820000003,2.042601465e-05,0.0158561745,10.452453,0.00023278471820000003,2.042601465e-05,0.006011283500000001,5.3092019,0.00023278471820000003,2.042601465e-05,0.001157985185,4.526333396,0.00023278471820000003,2.042601465e-05,0.00532341644,1.43076623e-06,2.96326452e-05,0.0740761865,35.91911879,0.013074610390000001,-0.0035965082099999996,-0.0039950485,1.36156513e-06,2.18433286e-05
355,1679482200,0.44669733199999995,0.44672549000000006,-0.00263607051,-0.65176676,1.6816638160000004,0.600234925,0.878914318,0.819325027,0.06118426935999999,0.609236311,2.8961549999999997e-05,1.064954615e-06,1.623742751e-06,2.738599463e-06,4.16245755e-06,7.80162608e-06,8.420945666e-05,9.313358619000001e-05,0.21999421900000002,0.00286639716,0.00029197696040000003,67.2663302,51.39087060000001,1.4806295150000001e-05,6.75541324,0.012216374500000002,8.62016925,0.00026829456630000003,2.3598240299999998e-05,0.0213447317,19.5682355,0.00026829456630000003,2.3598240299999998e-05,0.006220036060000001,7.640696350000001,0.00026829456630000003,2.3598240299999998e-05,0.00154961266,6.8492581459999995,0.00026829456630000003,2.3598240299999998e-05,0.006162042330000001,3.34041231e-05,6.158726169999999e-05,0.4056370556,124.93178057,0.06595288782,0.0003709956199999997,-0.00102322527,5.4319090649e-05,0.0005740321052
355,1679482800,0.44853749,0.44856570500000004,-0.0015409092870000002,-1.58766158,1.040956772,0.613083748,0.8959398440000002,0.85903872,0.00920502839,0.20451423900000001,2.86797865e-05,5.888720120000001e-07,5.957946284999999e-07,7.914894299999999e-07,1.268126487e-06,1.7135880029999998e-06,2.7784041280000005e-06,6.376598510000001e-06,0.221490835,0.0026911576599999995,7.14609858e-05,70.098593,51.267919400000004,1.4913677549999998e-05,6.214877330000001,0.01053871715,4.67729093,0.00032919116630000003,2.916978224e-05,0.0217422969,19.418813300000004,0.00032919116630000003,2.916978224e-05,0.0062662802900000005,8.171531909999999,0.00032919116630000003,2.916978224e-05,0.00156875158,7.402070694,0.00032919116630000003,2.916978224e-05,0.00530855756,1.4024006500000001e-06,2.95308229e-05,0.0992901445,41.392555648,0.00923932527,-0.00345476377,-0.0038891425199999996,1.261498178e-06,1.9464509349999998e-05
355,1679483400,0.46317963999999995,0.46320308000000004,-0.003289224171428571,-1.6029354999999998,1.0448890342857144,0.6255872371428571,0.9089206028571429,0.8561511399999999,0.021687510714285714,0.2267253857142857,2.4471048714285718e-05,1.1896962157142859e-06,1.2238482057142858e-06,1.5078305442857144e-06,2.096695782857143e-06,2.8981966000000004e-06,4.416050451428571e-06,9.239213442857141e-06,0.22853647000000002,0.0029508133142857147,7.78328227142857e-05,69.42802357142857,51.33542128571428,1.539372842857143e-05,6.3358224285714275,0.010790223357142857,4.875294500000001,0.0005269656364285714,4.747849492857143e-05,0.022073362571428574,20.10892014285714,0.0005269656364285714,4.747849492857143e-05,0.0058104032000000005,10.369262778571429,0.0005269656364285714,4.747849492857143e-05,0.0016664442999999999,9.90828627142857,0.0005269656364285714,4.747849492857143e-05,0.004772479414285714,1.428114442857143e-06,2.496527085714286e-05,-0.009501882342857145,16.748409942857144,0.010681474657142856,-0.0029029742371428566,-0.003343537742857143,9.938534285714285e-07,1.5449829857142856e-05
355,1679484000,0.5638567640000001,0.5638806009999999,-0.0024314520999999993,-1.6318669800000003,1.18214855,0.6920143390000001,0.9867676160000001,0.944653836,0.025125904799999998,0.28045863800000004,2.46087051e-05,9.41656142e-07,9.4649727e-07,1.1513962720000001e-06,1.7508604720000002e-06,2.373195697e-06,3.544032894e-06,7.44280308e-06,0.2759436,0.0047745014200000005,0.0011908073775999998,74.6370895,52.120858999999996,1.8747817100000002e-05,6.186226029999999,0.012096599750000001,6.01897764,0.0002858264393,2.5423130440000005e-05,0.0242085673,24.305760000000003,0.0002858264393,2.5423130440000005e-05,0.00586217704,8.89567264,0.0002858264393,2.5423130440000005e-05,0.0016491075499999997,8.240620700000003,0.0002858264393,2.5423130440000005e-05,0.00488835531,2.10903464e-06,2.58968389e-05,-0.04660909619999999,71.62082399399999,0.01689667215,-0.0027792230700000005,-0.0032629231500000003,2.053751615e-06,2.69561658e-05
355,1679484600,0.519849186,0.519875875,-0.07880991765,-1.52786088,1.094245919,0.656353495,0.965804476,0.9042275949999998,0.01849089631,0.24573245,2.74238903e-05,8.912130660000001e-07,9.075666626000002e-07,1.172539131e-06,1.7815875259999997e-06,2.486028394e-06,3.767247816e-06,8.09317734e-06,0.250748814,0.00718418468,0.0019711126699999996,78.2874106,53.334480500000005,1.72764393e-05,6.33792038,0.0113524487,5.50296844,0.0005215163256999999,4.688399799499999e-05,0.0230262782,21.879725,0.0005215163256999999,4.688399799499999e-05,0.006203793590000001,11.244913919999998,0.0005215163256999999,4.688399799499999e-05,0.0016935874400000003,10.57311922,0.0005215163256999999,4.688399799499999e-05,0.0051913641900000005,2.1218091900000003e-06,2.8874091399999997e-05,-0.012148546900000005,40.90800882,0.01703668233,-0.00306180843,-0.0035653340600000005,1.443786847e-06,2.15623827e-05
355,1679485200,0.544348774,0.544376253,-0.160233935,-1.40800682,1.155897794,0.659657101,0.985980104,0.9164154789999998,0.02023198207,0.263948785,2.8517115099999998e-05,1.225798059e-06,1.244961613e-06,1.519559943e-06,2.214770224e-06,2.925968096e-06,4.531600359e-06,9.54243304e-06,0.26296943799999994,0.00699965078,0.0021780534099999998,76.6865721,53.19671949999999,1.8083831649999998e-05,6.306754639999999,0.01135101665,5.7749501500000004,0.0003944167044,3.521844357e-05,0.023570560100000002,22.9863404,0.0003944167044,3.521844357e-05,0.0062400095,9.72526369,0.0003944167044,3.521844357e-05,0.0016701323530000003,8.96691006,0.0003944167044,3.521844357e-05,0.00524427526,1.484358494e-06,2.8906724e-05,0.0735974431,15.395654478,0.010158173000000001,-0.00329704745,-0.00380161074,1.0419418310000002e-06,1.73042072e-05
355,1679485800,0.6076482700000001,0.607676154,-0.15897807,-1.33273543,1.16358551,0.6897407739999999,1.0849456000000002,1.01346842,0.00774856395,0.260426242,2.9134061800000002e-05,1.4435487450000001e-06,1.5338019255e-06,1.985601285e-06,2.611262903e-06,3.2139195749999994e-06,4.959871856e-06,1.012162043e-05,0.29501952000000004,0.00644955136,0.00232638918,75.9483895,52.6450588,2.01910082e-05,6.285047990000001,0.01197562915,6.44788284,0.0005498830369999999,4.935559297e-05,0.025085402099999998,25.810114,0.0005498830369999999,4.935559297e-05,0.006421829309999999,11.58656146,0.0005498830369999999,4.935559297e-05,0.0018629673700000001,10.91261426,0.0005498830369999999,4.935559297e-05,0.00527689678,2.2087596e-06,3.0030343599999997e-05,0.06840201587999999,8.737079923300001,0.0049436671133,-0.0028896411800000002,-0.0034243378900000003,9.40592281e-07,1.608449615e-05
355,1679486400,0.5307561844444444,0.5307841655555556,-0.17062761777777777,-1.2571675,1.1482017444444443,0.6376837577777779,1.0346148888888889,0.9578209033333331,0.01305584811111111,0.2434720311111111,2.8538614555555554e-05,7.083902766666667e-07,7.178306733333333e-07,9.313301655555555e-07,1.4574224855555553e-06,1.9512184e-06,3.2433145800000003e-06,7.302670788888889e-06,0.2556223633333333,0.007423143333333332,0.0023147770444444443,78.86656611111111,53.4713098888889,1.763796611111111e-05,6.233061366666666,0.011066170333333333,5.630216744444444,0.0007887107158888889,7.124172782222221e-05,0.023240311555555556,22.298850555555553,0.0007887107158888889,7.124172782222221e-05,0.0066674641222222225,14.672320200000001,0.0007887107158888889,7.124172782222221e-05,0.0020462901,14.223649788888887,0.0007887107158888889,7.124172782222221e-05,0.0053057609,1.577214688888889e-06,2.9649756555555552e-05,0.027489026127777774,8.15830349888889,0.005897172244444445,-0.0032998213666666663,-0.003819943522222222,9.284203677777778e-07,1.5048315444444443e-05
355,1679487000,0.495000952,0.495028909,-0.181821749,-1.22872947,1.15758531,0.613781524,1.001168078,0.926990803,0.013555868399999999,0.22966288599999998,2.9087306900000003e-05,1.2883261159999999e-06,1.384384299e-06,1.660696012e-06,2.2792558400000003e-06,2.994887856e-06,4.693418277e-06,9.665928710000001e-06,0.23757181100000002,0.007558663040000001,0.00234399747,78.2227292,53.67257970000001,1.64375061e-05,6.4665964,0.0108176202,5.37666516,0.000594829217,5.349522825e-05,0.022575453000000002,20.9419547,0.000594829217,5.349522825e-05,0.006427483659999999,11.66718538,0.000594829217,5.349522825e-05,0.00178680536,11.09447374,0.000594829217,5.349522825e-05,0.00530078773,1.71935634e-06,2.96522522e-05,0.11095814345999999,23.558409599999997,0.0132910499,-0.0033385854499999998,-0.00385560026,1.36279302e-06,1.9954324200000002e-05
355,1679487600,0.5352870929999999,0.535314949,-0.173339613,-1.2255999100000001,1.20303674,0.637816834,1.0351441000000001,0.9568792099999998,0.02363947495,0.266886436,2.90875886e-05,1.4139151920000002e-06,1.4428457524999999e-06,1.691509535e-06,2.3490257529999996e-06,2.931478887e-06,4.443885771e-06,9.10277361e-06,0.25839441100000005,0.00697505514,0.00224886494,78.264681,53.1938711,1.77844516e-05,6.242884610000001,0.0111718658,5.722922270000001,0.00028724853830000005,2.533931344e-05,0.023444526200000003,22.7009315,0.00028724853830000005,2.533931344e-05,0.00624844387,7.72089144,0.00028724853830000005,2.533931344e-05,0.0016429989499999998,6.88987348,0.00028724853830000005,2.533931344e-05,0.005284784750000001,1.32225963e-06,2.92288927e-05,0.0720788447,8.376520664600001,0.0031813603649999992,-0.0033774330199999995,-0.0038713883000000004,9.29314696e-07,1.5476737999999998e-05
355,1679488200,0.5533635219999999,0.553391627,-0.175785743,-1.2315912199999999,1.16752314,0.647318491,1.059707345,0.9823050050000003,0.007774324680000002,0.23779557799999998,2.9465316499999996e-05,1.5602101300000002e-06,1.6327513885e-06,2.0264171664999997e-06,2.6896182969999994e-06,3.3363945120000004e-06,4.8432111130000005e-06,9.754568797e-06,0.266245486,0.008122864769999998,0.00228451156,78.98919959999999,53.558923500000006,1.83862699e-05,6.235786640000001,0.0114350594,5.991840940000001,0.000605092135,5.440193030000001e-05,0.023893282699999997,23.579920499999997,0.000605092135,5.440193030000001e-05,0.0065700362200000004,12.7051044,0.000605092135,5.440193030000001e-05,0.0019479477999999998,12.109241749999999,0.000605092135,5.440193030000001e-05,0.0052920929500000005,2.13210995e-06,3.0126020500000002e-05,-0.005919438949999996,5.6543392656,0.0028834589468,-0.0029512079700000004,-0.0034621507200000004,9.06259764e-07,1.5393407850000002e-05
355,1679488800,0.395153185,0.395181154,-0.19132217,-1.28098978,0.9971554459999998,0.551172412,0.8614013039999999,0.798061866,0.0122388536,0.186590269,2.8815504e-05,9.71628974e-07,1.0020204657e-06,1.215213469e-06,1.7491816889999999e-06,2.267470568e-06,3.3218723160000003e-06,7.195548092999999e-06,0.18795405499999998,0.00748071607,0.00212216444,80.22266800000001,54.64311630000001,1.31249332e-05,6.46229943,0.0096605651,4.27546269,0.000449639715,4.0217739177e-05,0.019952854699999998,16.5511911,0.000449639715,4.0217739177e-05,0.006319130839999999,9.15917876,0.000449639715,4.0217739177e-05,0.0016109404769999998,8.506724140000001,0.000449639715,4.0217739177e-05,0.00530125874,1.5559838100000001e-06,2.96125357e-05,0.06251358260000002,9.643856100199999,0.005551443859,-0.0033176075200000003,-0.0037685328299999995,9.174516500000001e-07,1.562201535e-05
355,1679489400,0.46782255,0.467850817,-0.188213502,-1.19316847,1.1072963400000002,0.5888904159999999,0.975817312,0.899052451,0.015780210670000003,0.22042215399999998,2.9561174999999996e-05,1.4751261829999999e-06,1.526514991e-06,1.7768654321999998e-06,2.3931261599999996e-06,3.1180973730000004e-06,4.6079205390000005e-06,9.15126209e-06,0.226517335,0.00490938562,0.0024586350700000004,75.2779106,52.798429899999995,1.55404985e-05,6.32491689,0.010524755450000001,4.9776409,0.000409439622,3.650337873e-05,0.0219619521,19.8293702,0.000409439622,3.650337873e-05,0.00637756001,9.264824350000001,0.000409439622,3.650337873e-05,0.0017102712500000003,8.51261932,0.000409439622,3.650337873e-05,0.00531293231,1.5727919499999998e-06,2.9754839200000002e-05,0.009412643830000001,7.729811150000001,0.00639751472,-0.0033079167899999996,-0.0037845645599999997,9.013540069999999e-07,1.5847699599999998e-05
355,1679490000,0.44141185399999994,0.44143981400000004,-0.196214848,-1.1145324799999998,1.169810726,0.5637194759999999,0.9592417729999999,0.8823269330000001,0.02018150907,0.257815618,2.8321955899999996e-05,5.093354470000001e-07,4.934863159e-07,6.46315949e-07,1.0837359350000001e-06,1.500728381e-06,2.433877723e-06,7.90044827e-06,0.21345781099999997,0.00459736784,0.0026356870499999996,79.40810189999999,52.87998590000001,1.4666515400000002e-05,6.18263223,0.0102771789,4.8102330900000005,0.0004688896877000001,4.19436412e-05,0.0212935175,18.6948577,0.0004688896877000001,4.19436412e-05,0.00641725437,10.2749114,0.0004688896877000001,4.19436412e-05,0.0017568683,9.55140438,0.0004688896877000001,4.19436412e-05,0.00529587579,1.6971757199999998e-06,2.9645595599999995e-05,0.12445336200000004,79.02892819399999,0.01392620684,-0.0034105583000000003,-0.0038943679899999992,1.7173193320000003e-06,2.3019235800000003e-05
355,1679490600,0.5314085580000001,0.53143673,-0.188000274,-1.30394885,1.1405222899999998,0.6397232180000001,0.9860925909999999,0.928453322,0.0198480667,0.24708898199999996,2.9874082799999996e-05,1.8966892090000003e-06,1.9701732735999997e-06,2.2945718950000007e-06,3.1910002149999996e-06,4.384626055e-06,5.78811733e-06,2.8735243699999998e-05,0.260146893,0.00305738908,0.00244877475,71.6677666,51.760719599999995,1.7653045099999997e-05,6.47627567,0.0115363257,5.99166149,0.00022996790600000004,2.002711918e-05,0.023588134200000003,22.8974157,0.00022996790600000004,2.002711918e-05,0.006279749100000001,7.209803520000001,0.00022996790600000004,2.002711918e-05,0.0016634741500000001,6.39322185,0.00022996790600000004,2.002711918e-05,0.00530738834,2.32282223e-06,3.0429950500000006e-05,0.062310884257,7.902836378000001,0.0090593424853,-0.0028521562900000004,-0.00340991797,1.0503107819999999e-06,1.72472316e-05
355,1679491200,0.5142472260000001,0.5142752110000001,-0.18819337,-1.3762713000000002,1.07827042,0.6361700699999999,0.9364411020000001,0.893352275,0.012662042359999997,0.24028598299999998,2.9459390400000004e-05,1.65499526e-06,1.725330938e-06,2.0406268079999994e-06,2.95108251e-06,3.979556510000001e-06,5.60676555e-06,3.2572900699999996e-05,0.252409058,0.0022453969899999997,0.0024160393800000003,71.40191039999999,51.514854400000004,1.70815632e-05,6.5539936999999995,0.01144297105,5.8597682,0.000411377605,3.6717245020000004e-05,0.0232003267,22.1630561,0.000411377605,3.6717245020000004e-05,0.00632865097,9.41119404,0.000411377605,3.6717245020000004e-05,0.00170173001,8.706086789999999,0.000411377605,3.6717245020000004e-05,0.0052944383800000005,2.10463819e-06,3.0096417300000003e-05,-0.05501906200000001,14.285500167900002,0.0076287396349999995,-0.00295311118,-0.0034800714000000005,1.0438328389999999e-06,1.762134305e-05
355,1679491800,0.659319113,0.659347086,-0.15556750500000002,-1.4346747,1.1858986799999998,0.726091078,1.043206836,1.006268202,0.0167025013,0.29865592100000005,2.9243582800000003e-05,1.5037911839999997e-06,1.4825702028e-06,1.7829689229999995e-06,2.607848587e-06,3.5117201660000003e-06,5.0798654e-06,3.57049504e-05,0.325549533,0.0014405087059999998,0.00261609099,70.8007241,50.9829271,2.19215854e-05,6.11153479,0.012947073199999997,7.397072179999999,0.0005446937759,4.897903575e-05,0.0262890391,28.4499116,0.0005446937759,4.897903575e-05,0.00644253373,12.20276231,0.0005446937759,4.897903575e-05,0.001888012476,11.521635953999999,0.0005446937759,4.897903575e-05,0.00530183466,2.21709539e-06,3.0269578300000004e-05,0.098433368,15.2004617554,0.010282237558999999,-0.00290871112,-0.00346885419,1.293108891e-06,2.06039516e-05
355,1679492400,0.8349793950000001,0.8350074989999999,-0.0797127326,-1.38464442,1.53199678,0.81106268,1.2632635300000001,1.18739878,0.03315138796,0.448230591,2.99107153e-05,2.075226198e-06,2.061060442e-06,2.444660649e-06,3.6217362140000003e-06,4.6669411389999996e-06,6.649728684e-06,1.584568873e-05,0.41445570500000006,0.00030965407099999996,0.0026848266300000005,66.24320750000001,50.508106,2.77660247e-05,6.1276811,0.014473370649999998,9.009996469999999,0.0005744557749999999,5.1562051199999995e-05,0.029672056699999998,36.3623698,0.0005744557749999999,5.1562051199999995e-05,0.006675452070000002,13.2941392,0.0005744557749999999,5.1562051199999995e-05,0.00220490587,12.60635263,0.0005744557749999999,5.1562051199999995e-05,0.0053077776899999995,3.2980895599999996e-06,3.12535287e-05,0.0520579582,109.13168086800002,0.025284633826999997,-0.0030349840500000004,-0.0036242671299999995,5.5748159860000006e-06,6.571489929999999e-05
355,1679493000,0.882235775,0.8822637849999999,-0.09286957700000001,-1.4224304700000001,1.49550813,0.8363920919999999,1.27245135,1.21469957,0.028067732350000003,0.44460552500000006,2.98336573e-05,2.141909767e-06,2.1994102649e-06,2.6672253746000004e-06,3.8075595580000002e-06,5.020182939999999e-06,8.111821488000001e-06,1.6855912659999997e-05,0.438148963,0.0001347532489,0.00279048179,66.82414179999999,50.4442693,2.9321696099999995e-05,6.21401103,0.014916431150000001,9.3981431,0.0005951716330000001,5.3467979330000004e-05,0.0305864943,38.5233732,0.0005951716330000001,5.3467979330000004e-05,0.00667370347,14.07150126,0.0005951716330000001,5.3467979330000004e-05,0.002206641,13.4155291,0.0005951716330000001,5.3467979330000004e-05,0.00530301216,1.8485556200000001e-06,2.9884690500000003e-05,-0.07296429979999998,20.116066193,0.010873523696,-0.00306527747,-0.0036828120300000005,1.20094902e-06,1.97572047e-05
355,1679493600,0.6715908410000001,0.671618654,-0.13843682559999998,-1.4111457,1.48159522,0.7289262449999999,1.058544821,1.01061836,0.03867918445,0.427442156,2.9317293200000002e-05,1.7180027619999998e-06,1.8033553988e-06,2.1499213265e-06,3.063882139e-06,3.948661418e-06,6.135935563000001e-06,2.721221025e-05,0.33303109200000003,0.000313693995,0.00240285919,68.3389015,50.583282999999994,2.23269436e-05,6.187764420000001,0.013017556699999999,7.393685059999998,0.0005202464023,4.668261867e-05,0.026464901899999997,29.152749399999998,0.0005202464023,4.668261867e-05,0.006460329890000001,12.20573513,0.0005202464023,4.668261867e-05,0.0019223114999999999,11.50776773,0.0005202464023,4.668261867e-05,0.00529866664,2.72140829e-06,3.06347451e-05,0.9986863158999997,131.240460348,0.026145480086,-0.00304515435,-0.0036005807900000007,5.238576729e-06,6.36884116e-05
355,1679494200,0.666809857,0.666837846,-0.143018979,-1.4676977400000002,1.29435199,0.73250941,1.0408817639999999,0.9878551489999999,0.032602379050000005,0.37400012299999996,2.95430541e-05,1.8453386860000003e-06,1.8862365078000004e-06,2.2777499373e-06,3.289882146e-06,4.528538421e-06,6.5805466419999995e-06,4.8631594600000004e-05,0.330840952,0.000341705682,0.0021510231499999996,67.3023286,50.5515577,2.21573216e-05,6.34695913,0.013119592650000001,7.55338814,0.0005818559989,5.227743438e-05,0.0263847796,28.875109799999997,0.0005818559989,5.227743438e-05,0.006464356630000001,11.96232979,0.0005818559989,5.227743438e-05,0.0019232149399999998,11.3421155,0.0005818559989,5.227743438e-05,0.005288566650000001,2.1484279699999997e-06,3.0063631200000003e-05,-0.006588591399999999,6.723101881999999,0.008584117043999999,-0.0029342368600000003,-0.00347244046,1.0029008799999998e-06,1.64713682e-05
355,1679494800,0.42259408300000006,0.42262223800000004,-0.184042851,-1.4269956,1.041256784,0.58121427,0.8014744779999999,0.7686609520000001,0.01965390062,0.24724111499999996,3.0160683799999997e-05,2.1985599250000002e-06,2.295751111e-06,2.669875953e-06,3.4436204899999995e-06,4.460792560000001e-06,6.623571789999999e-06,1.644465213e-05,0.208729051,0.000271177962,0.0022564747000000003,66.1396428,50.84830960000001,1.4037598700000002e-05,6.572549329999999,0.010259306000000001,4.55650594,0.0003572986913,3.171085484e-05,0.0209642062,18.178597200000002,0.0003572986913,3.171085484e-05,0.00621404773,7.770818660000001,0.0003572986913,3.171085484e-05,0.00151462496,7.048448283000001,0.0003572986913,3.171085484e-05,0.00531842486,1.35230551e-06,2.9534190100000004e-05,0.3169198565,87.99798543,0.016915087007,-0.00356711646,-0.00403032656,1.4797444239999998e-06,2.3382430650000002e-05
355,1679495400,0.292543131,0.292571177,-0.234189822,-1.41620099,0.797986861,0.4804349039999999,0.6506073669999999,0.6283316720000001,0.006318712129999999,0.142560429,2.8947828699999995e-05,1.0089984586e-06,1.0720151935999998e-06,1.43118125e-06,1.76668791e-06,2.3318745340000002e-06,3.81350327e-06,7.157197290000001e-06,0.1434649555,0.0004873686090000001,0.00229824627,70.4347806,51.577983399999994,9.71743679e-06,6.581806330000001,0.00853782254,3.20797921,0.00027134598549999995,2.3974316340000003e-05,0.0173478795,12.615623070000002,0.00027134598549999995,2.3974316340000003e-05,0.0060298921899999995,6.039830960000001,0.00027134598549999995,2.3974316340000003e-05,0.00123888763,5.299291309999999,0.00027134598549999995,2.3974316340000003e-05,0.005299942100000001,1.32891521e-06,2.93906302e-05,0.0681892508,4.787635380999999,0.004717128730000001,-0.0034786666400000005,-0.003925064010000001,8.653829199999999e-07,1.4592688799999997e-05
355,1679496000,0.184535277,0.184563513,-0.26344591900000003,-1.3948986700000001,0.6155062969999999,0.38414767699999997,0.5395289660000001,0.501315316,0.0044052810000000005,0.08570134900000001,2.8637133399999997e-05,4.6222604619999987e-07,5.105035588999999e-07,7.612511793000001e-07,8.77490508e-07,1.151318887e-06,2.0818075290000002e-06,3.6433792660000005e-06,0.0886574854,0.00121071284,0.0023889047700000002,78.446404,53.0235105,6.128331500000001e-06,6.519519010000001,0.0068413174499999995,2.0836114599999997,0.00023054475260000001,2.0175301033999997e-05,0.01373530115,7.79364437,0.00023054475260000001,2.0175301033999997e-05,0.006019138310000001,5.18695402,0.00023054475260000001,2.0175301033999997e-05,0.0011282269720000002,4.405092954000001,0.00023054475260000001,2.0175301033999997e-05,0.00532145398,1.2248938590000002e-06,2.9516452700000004e-05,0.014561618799999995,10.801104789,0.004094410895,-0.0035697575399999994,-0.00399875787,9.22953202e-07,1.5500517999999998e-05
355,1679496600,0.22467611299999998,0.224704471,-0.23784792000000002,-1.49846666,0.6788082120000001,0.431852909,0.5664922749999999,0.540503982,0.0049009484699999994,0.10525960640000001,2.87278823e-05,4.4904308199999996e-07,4.696093880999999e-07,7.208498260000001e-07,8.505082229999999e-07,1.034048003e-06,1.7580736690000003e-06,3.1545882829999998e-06,0.1087087105,0.00121270757,0.0024073544300000005,78.78997789999998,52.47497510000001,7.4673655e-06,6.50823739,0.00754514289,2.49715073,0.00021668698450000003,1.8964042617e-05,0.015212278,9.50924445,0.00021668698450000003,1.8964042617e-05,0.006010730940000001,5.2759075399999995,0.00021668698450000003,1.8964042617e-05,0.00114009784,4.478535355,0.00021668698450000003,1.8964042617e-05,0.005331687010000001,1.40192605e-06,2.9789188400000003e-05,0.128221241,9.888121604199998,0.00632123379,-0.00347930984,-0.00391970347,1.063721088e-06,1.726052825e-05
355,1679497200,0.48278592299999995,0.48281423300000004,-0.1386729201,-1.27489878,1.0811205170000002,0.602895734,0.984967565,0.9089527370000001,0.010815571619999999,0.21665758,2.8992281499999996e-05,8.5705048e-07,8.658213550000001e-07,1.1779863759999997e-06,1.648475662e-06,2.1401371809999997e-06,3.512940387e-06,7.22762256e-06,0.23715762400000004,0.00125318265,0.00296301745,73.8351801,51.3603076,1.6048248350000002e-05,6.2982824200000005,0.010927633099999997,5.237207119999999,0.000325932228,2.889481646e-05,0.0224113602,20.8835395,0.000325932228,2.889481646e-05,0.006301965059999999,8.7369982,0.000325932228,2.889481646e-05,0.00161540942,7.88256472,0.000325932228,2.889481646e-05,0.00531977231,1.5769188199999998e-06,2.98384125e-05,0.0668919873,10.869513058999999,0.007200467237,-0.0032989069199999997,-0.00379714627,9.78347916e-07,1.66233757e-05
355,1679497800,0.336111181,0.33613934,-0.1245312792,-1.22422661,0.93250348,0.501209723,0.84632583,0.784523945,0.0056758762899999995,0.14563020699999998,2.89669894e-05,9.038213984000001e-07,9.38301257e-07,1.2495602629999998e-06,1.5652120110000001e-06,2.028023948e-06,3.4396869309999996e-06,6.435747849999999e-06,0.16359341500000002,0.00146690433,0.00297789448,72.5586658,52.041522,1.1170930949999999e-05,6.44184734,0.0091268987,3.5855753799999994,0.00035411798360000004,3.145474771e-05,0.018574191800000004,14.1363932,0.00035411798360000004,3.145474771e-05,0.0062590143,7.72217454,0.00035411798360000004,3.145474771e-05,0.001508798933,6.98976608,0.00035411798360000004,3.145474771e-05,0.0053142587,1.1708733739999999e-06,2.9367574700000003e-05,0.06783528743999999,22.827700780000004,0.0082771338665,-0.0036229929600000003,-0.004110913200000001,1.048189265e-06,1.71906476e-05
355,1679498400,0.255820881,0.255848761,-0.028450610349999995,-1.31872803,0.8503759639999998,0.4310809910000001,0.720096991,0.671270485,0.006538717440000001,0.12354716500000003,2.85063611e-05,7.182693176000001e-07,7.506157675e-07,9.433800309999999e-07,1.242893244e-06,1.612078187e-06,2.583120473e-06,5.127334939999999e-06,0.1259503022,0.00140842501,0.0005369685217,71.0022381,51.6791235,8.503489150000001e-06,6.473757860000001,0.00760020152,2.67419962,0.000291775548,2.5731506649999994e-05,0.015853905300000002,10.96492311,0.000291775548,2.5731506649999994e-05,0.0060807905499999995,6.15149333,0.000291775548,2.5731506649999994e-05,0.0012825451060000002,5.430969500000001,0.000291775548,2.5731506649999994e-05,0.00528130911,9.225736299999999e-07,2.8790756e-05,-0.11678494625,16.133925888,0.00551598281,-0.0037732133900000007,-0.004151619819999999,9.01511032e-07,1.596247835e-05
355,1679499000,0.163650743,0.163678912,-0.003785243045,-1.4157914100000002,0.665907826,0.360649955,0.581042733,0.5469916960000001,0.0026794290600000003,0.07316841219999999,2.85290471e-05,4.0174995400000005e-07,4.1761018219999995e-07,6.044397014000001e-07,7.070935806e-07,9.284587300000002e-07,1.577314031e-06,2.955636085e-06,0.08061328450000001,0.001168573904,3.52007569e-05,71.39623639999999,51.5404137,5.44202181e-06,6.34992122,0.00621475864,1.6972275199999998,0.00012126313159999999,1.0178333779999999e-05,0.0130612373,7.005633690000001,0.00012126313159999999,1.0178333779999999e-05,0.005861037049999999,3.45751232,0.00012126313159999999,1.0178333779999999e-05,0.0009543132870000002,2.6124880150000003,0.00012126313159999999,1.0178333779999999e-05,0.005305062110000001,7.995951430000001e-07,2.89258264e-05,0.1619739017,16.021837487000006,0.003125421149000001,-0.0039171139399999996,-0.0042845203200000005,8.44200615e-07,1.47805066e-05
355,1679499600,0.1383051975,0.13833310699999998,-0.00382707532,-1.5117958900000001,0.579280184,0.336434795,0.515003213,0.48661484699999996,0.00264822075,0.06214221299999999,2.8011389000000004e-05,1.2983146829999998e-07,1.3866019249999996e-07,2.47731035e-07,3.3736603650000003e-07,4.8665312e-07,9.15450243e-07,1.847736406e-06,0.0680645493,0.00104929933,3.41685779e-05,73.63243059999999,51.631038000000004,4.60041782e-06,6.42642088,0.00578891512,1.44902605,0.00018714084190000002,1.6224644035000002e-05,0.01202125375,5.94451574,0.00018714084190000002,1.6224644035000002e-05,0.00590374852,4.15107261,0.00018714084190000002,1.6224644035000002e-05,0.000997065317,3.3838568069999995,0.00018714084190000002,1.6224644035000002e-05,0.00528793483,7.854204550000001e-07,2.8705993099999995e-05,0.10806672312000001,42.1241528936,0.0072693215070000015,-0.00396784748,-0.00430775384,9.602411939999999e-07,1.60015642e-05
355,1679500200,0.1167214784,0.1167493522,-0.0038769522500000002,-1.44953108,0.6252190710000001,0.306412277,0.484402285,0.453801348,0.00296279203,0.0584210528,2.80263567e-05,1.771959838e-07,1.860681302e-07,3.4068058349999995e-07,3.4785142799999997e-07,4.6358078100000005e-07,9.162296873999999e-07,1.4931746530000002e-06,0.05744668209999999,0.0008796501730000001,3.005490890000001e-05,72.7071086,51.5888781,3.882121340000001e-06,6.2956938000000005,0.00533688354,1.2484528400000001,0.00010579344999999999,8.801986229999999e-06,0.0110914413,5.06742857,0.00010579344999999999,8.801986229999999e-06,0.00575916775,2.8890854100000003,0.00010579344999999999,8.801986229999999e-06,0.0008208553409999999,2.0864221470000004,0.00010579344999999999,8.801986229999999e-06,0.0052829971500000005,8.53272515e-07,2.87304796e-05,-0.10398427525000002,43.8449027762,0.00526793358,-0.00386645039,-0.00425521137,1.1137059030000002e-06,1.7380328249999996e-05
355,1679500800,0.1167714001,0.1167992508,-0.0027046973509999997,-1.4198001999999998,0.5448541410000001,0.30509543,0.49103999099999995,0.46107657399999996,0.0022749999899999997,0.05219242319999999,2.8022282999999998e-05,1.883004758e-07,2.008253916e-07,3.3301256199999997e-07,4.1250906600000003e-07,5.777671639999999e-07,1.01597019e-06,2.025001352e-06,0.057375269799999996,0.000974311858,3.09692697e-05,71.908986,51.730264899999995,3.88202255e-06,6.469144719999998,0.005369842300000001,1.27070881,8.537663369999999e-05,6.932125600000001e-06,0.0111461196,5.10780336,8.537663369999999e-05,6.932125600000001e-06,0.0057316059100000006,2.5331351799999995,8.537663369999999e-05,6.932125600000001e-06,0.0007844392049999999,1.71335186,8.537663369999999e-05,6.932125600000001e-06,0.005281818370000001,7.037551520000001e-07,2.8574046600000003e-05,0.1238975278,52.85755617900001,0.00483769521,-0.00403284967,-0.00435776785,8.780214860000001e-07,1.49467981e-05
355,1679501400,0.11269624999999998,0.1127241475,-0.005219967194,-1.43606488,0.601855872,0.300703602,0.480352155,0.448176177,0.00306009515,0.0587173223,2.8146573599999998e-05,2.7247641959999997e-07,2.872135768e-07,4.49331435e-07,4.925183150000001e-07,6.187068599999999e-07,1.065316926e-06,1.7935472769999997e-06,0.05532955119999999,0.000985807094,2.7400715199999998e-05,73.00858560000002,51.8234506,3.7480040899999993e-06,6.376841520000001,0.00522181798,1.19987754,0.00014615219219999998,1.240752102e-05,0.0108826164,4.86846937,0.00014615219219999998,1.240752102e-05,0.005837797820000001,3.3229754699999994,0.00014615219219999998,1.240752102e-05,0.000894494409,2.56643107,0.00014615219219999998,1.240752102e-05,0.00528442346,8.413447340000001e-07,2.8749455000000003e-05,-0.007005363799999995,24.7059802567,0.003225706215,-0.00385340215,-0.00422148527,8.3263054e-07,1.428672935e-05
355,1679502000,0.11834292799999999,0.1183707686,-0.00628763497,-1.4208588199999999,0.585617876,0.307552183,0.494415087,0.460851568,0.0023596224500000004,0.0542362182,2.8121088999999997e-05,3.080567111e-07,3.2598663929999997e-07,4.341010396e-07,5.75973374e-07,7.076289555000001e-07,1.1517536009999999e-06,2.190459124e-06,0.0582157684,0.0009183027239999999,3.1043915400000004e-05,72.273663,51.6241912,3.93516065e-06,6.487601000000001,0.0053584650599999995,1.260418,0.00013872623130000003,1.1729613299999999e-05,0.011179984899999999,5.13896084,0.00013872623130000003,1.1729613299999999e-05,0.00580761895,3.28275047,0.00013872623130000003,1.1729613299999999e-05,0.000880796747,2.4954769459999997,0.00013872623130000003,1.1729613299999999e-05,0.00527313,6.828315939999999e-07,2.84654747e-05,-0.011979667300000002,28.292662894,0.004602501010000001,-0.00400834375,-0.00430661109,8.34918114e-07,1.4867348900000002e-05
355,1679502600,0.0968336103,0.09686146840000001,-0.003924243490000001,-1.55918462,0.508965536,0.284057793,0.422450388,0.39739962900000003,0.0022285577099999997,0.04471490189999999,2.8028700399999998e-05,1.930772151e-07,2.1140574270000002e-07,3.771417173e-07,4.01593284e-07,5.098420416e-07,9.9133705e-07,1.613938995e-06,0.047490593799999994,0.0008920951970000001,2.9302079899999995e-05,75.6972206,51.9464332,3.21993422e-06,6.41245684,0.00487407394,1.0223341969999997,0.00019391713320000001,1.6805771449999997e-05,0.0100379815,4.142692590000001,0.00019391713320000001,1.6805771449999997e-05,0.005887719979999999,4.03642739,0.00019391713320000001,1.6805771449999997e-05,0.000942564593,3.2874177739999992,0.00019391713320000001,1.6805771449999997e-05,0.0052820299199999995,9.184175399999999e-07,2.87806526e-05,0.10808198948,45.4331782567,0.005931461719,-0.00380843856,-0.00419086946,1.086890001e-06,1.73565307e-05
355,1679503200,0.083720105,0.0837478915,-0.00564449809,-1.5744737199999999,0.455526399,0.265083014,0.38862436,0.368186228,0.00194412074,0.040514154000000004,2.7931462399999998e-05,1.544729548e-07,1.663776441e-07,2.494873116e-07,2.9594728790000004e-07,3.8846402339999993e-07,6.71454936e-07,1.2526474799999997e-06,0.0410075503,0.0008205534580000001,2.84688838e-05,76.50291139999999,52.0410746,2.78487408e-06,6.3496232699999995,0.00459476709,0.9017933139999998,0.00015270516219999995,1.3035647660000002e-05,0.0094042027,3.63567981,0.00015270516219999995,1.3035647660000002e-05,0.0057900223,3.26266927,0.00015270516219999995,1.3035647660000002e-05,0.000819074639,2.509108949,0.00015270516219999995,1.3035647660000002e-05,0.0052739851300000005,5.43351909e-07,2.83532817e-05,0.04171434493,7.635002559999999,0.000400978237,-0.004132992730000001,-0.00441978106,7.82250891e-07,1.3739270050000001e-05
355,1679503800,0.23741222999999997,0.2374399302,-0.004259740349999999,-1.40395864,0.7869990010000001,0.4181643330000001,0.689458543,0.646219736,0.00435840399,0.1067552601,2.8349376800000004e-05,7.076651046e-07,7.391974974999999e-07,9.681654660000002e-07,1.308299378e-06,1.610940782e-06,2.5555974009999995e-06,4.904288980000001e-06,0.1177631142,0.0008933827089999998,3.54901131e-05,68.07817270000001,51.122947700000005,7.8937918e-06,6.506479570000001,0.0073623935,2.482403735,0.00021107272635000003,1.8451836063999997e-05,0.015358280899999998,10.281889370000002,0.00021107272635000003,1.8451836063999997e-05,0.00589815098,4.64667734,0.00021107272635000003,1.8451836063999997e-05,0.001082140407,3.8781001610000003,0.00021107272635000003,1.8451836063999997e-05,0.00526752821,1.150822387e-06,2.8841607900000002e-05,0.05758272115,30.47393833617,0.006819164073,-0.00366345248,-0.00405593587,9.868109790000001e-07,1.57597929e-05
355,1679504400,0.285777999,0.28580564199999997,-0.0037128864500000002,-1.34917839,0.8480883890000002,0.4702932239999999,0.785986498,0.738847555,0.004397236569999999,0.123384342,2.80961111e-05,5.28403412e-07,5.351006121e-07,7.39254729e-07,1.011259693e-06,1.322806468e-06,2.262353849e-06,4.602388034000001e-06,0.14204591,0.0007914279639999999,4.00568243e-05,66.0838473,50.608652,9.50328125e-06,6.1792856800000004,0.008322210549999999,2.99297879,0.00020856966589999996,1.8139777376e-05,0.017412269299999998,12.443729450000001,0.00020856966589999996,1.8139777376e-05,0.0060374915299999995,5.313774990000001,0.00020856966589999996,1.8139777376e-05,0.00127119932,4.54759454,0.00020856966589999996,1.8139777376e-05,0.0052663595200000005,8.79012822e-07,2.8587454500000003e-05,0.0602555105,20.024058180000004,0.004955051285400001,-0.0038215769999999996,-0.0042030382,8.836211259999999e-07,1.52411332e-05
355,1679505000,0.276626581,0.27665451,-0.0038755657800000004,-1.3336821100000003,0.8815394060000001,0.46155472700000005,0.7761986949999999,0.7287597550000001,0.0037397830800000005,0.12333466600000001,2.83121163e-05,4.64118218e-07,4.826051589999999e-07,6.35711068e-07,8.712331220000001e-07,1.096666245e-06,1.8519172540000001e-06,3.88807451e-06,0.13737727100000002,0.0008865343060000001,3.93746769e-05,67.81533259999999,50.6612066,9.19949775e-06,6.22061518,0.00831007175,2.9907038100000003,0.0002481990685,2.17484538e-05,0.0172636451,12.2557764,0.0002481990685,2.17484538e-05,0.00612974755,5.86949368,0.0002481990685,2.17484538e-05,0.00133287549,5.100457639999999,0.0002481990685,2.17484538e-05,0.005284601999999999,1.055376825e-06,2.8962079500000006e-05,-0.058350806,7.377056093599999,0.002619621704,-0.00364959938,-0.00404291199,8.505681650000001e-07,1.4577563049999999e-05
355,1679505600,0.26434117499999993,0.264369188,-0.00492688895,-1.3288353499999999,0.850375955,0.450881712,0.760185701,0.713196762,0.0038109141499999997,0.11879345830000002,2.86692704e-05,7.47006371e-07,8.009447374e-07,1.05881639e-06,1.337170747e-06,1.7645510979999999e-06,2.8784757359999997e-06,5.64135091e-06,0.131324861,0.000787361743,4.31380814e-05,65.97463889999999,50.646759599999996,8.7878059e-06,6.50959201,0.008020192479999999,2.77953837,0.0002059151598,1.7861676129999997e-05,0.0167582806,11.52355795,0.0002059151598,1.7861676129999997e-05,0.00604186493,5.03329674,0.0002059151598,1.7861676129999997e-05,0.0012338759,4.2302448560000006,0.0002059151598,1.7861676129999997e-05,0.00529132227,1.1452442899999998e-06,2.91082681e-05,0.1347028675,11.778802766999998,0.0056409187156,-0.00360185627,-0.00402610378,9.263392260000002e-07,1.5767534300000002e-05
355,1679506200,0.263297856,0.26332597599999996,-0.00544822082,-1.33338928,0.846550839,0.450325886,0.757373116,0.7111342140000001,0.00348434688,0.11481467149999999,2.84741699e-05,4.2279904199999997e-07,4.178208076e-07,5.91116707e-07,8.063609270000001e-07,1.031677752e-06,1.7905917099999998e-06,3.5486315460000005e-06,0.130746665,0.000856625144,3.66279389e-05,68.41288949999999,50.7144263,8.760016650000002e-06,6.1453974,0.00793352644,2.72938719,0.0001322538155,1.115552566e-05,0.0166671978,11.3849998,0.0001322538155,1.115552566e-05,0.006006475979999999,4.36486644,0.0001322538155,1.115552566e-05,0.0011953041849999998,3.5474236599999998,0.0001322538155,1.115552566e-05,0.0053004055800000005,9.79495138e-07,2.9027561099999998e-05,0.037479539099999994,34.482742087,0.0067087517890000005,-0.0038134431499999995,-0.004203313260000001,1.267106328e-06,1.94308405e-05
355,1679506800,0.27981099200000004,0.2798389499999999,-0.00376746443,-1.35499295,0.842238208,0.465795564,0.7761986999999999,0.7296972650000001,0.0034315192600000003,0.11980356250000002,2.8276312200000002e-05,4.0565573350000003e-07,4.2379021750000006e-07,6.01808286e-07,8.591186119999999e-07,1.178581694e-06,2.107248905e-06,4.436099145e-06,0.13912838499999997,0.000721856303,4.44314324e-05,67.97832079999998,50.5572479,9.301817800000002e-06,6.26454667,0.0082983772,2.9708230899999997,0.00025737872290000006,2.2621582459999996e-05,0.0173000567,12.282886349999998,0.00025737872290000006,2.2621582459999996e-05,0.00609830111,5.78848379,0.00025737872290000006,2.2621582459999996e-05,0.00130168905,5.0168086999999995,0.00025737872290000006,2.2621582459999996e-05,0.00529098664,9.42336389e-07,2.89218609e-05,0.0299155194,6.004319510000001,0.0033924897810000006,-0.00373777654,-0.00414149049,8.50474276e-07,1.4376690749999999e-05
355,1679507400,0.241223944,0.24125198300000003,-0.00288244758,-1.3242270900000002,0.779423797,0.43033520000000003,0.72778473,0.683045846,0.00310976345,0.10187756880000001,2.8444845500000004e-05,4.680727979e-07,4.6376523239999997e-07,6.267448244999999e-07,8.346289320000002e-07,1.0621292408e-06,1.7816680745e-06,3.5856908870000003e-06,0.1197628534,0.00080622675,3.3623556299999995e-05,67.7370881,50.726752399999995,8.02413755e-06,6.02024993,0.00762205621,2.51356808,0.00028261489400000005,2.48710956e-05,0.0159746446,10.46694415,0.00028261489400000005,2.48710956e-05,0.0061410790899999994,5.953107409999999,0.00028261489400000005,2.48710956e-05,0.0013115200800000002,5.20729374,0.00028261489400000005,2.48710956e-05,0.0053004290400000004,7.56997986e-07,2.883027619999999e-05,0.018661741220000003,11.281410475,0.002463349781,-0.0039445068,-0.00430404358,8.49153669e-07,1.4516298449999997e-05
355,1679508000,0.25818569900000005,0.25821370599999993,-0.00270486892,-1.31659158,0.867101466,0.44470706100000007,0.7548605420000001,0.707196596,0.00374930642,0.1167435144,2.8579119300000002e-05,6.500645475e-07,6.578562456999999e-07,8.495977422e-07,1.053956346e-06,1.2845898070000001e-06,2.0326769366000003e-06,3.85754768e-06,0.1281745855,0.0008749470480000001,3.19838119e-05,66.6251158,50.7281582,8.5917846e-06,5.8984294,0.007905971219999999,2.70702824,0.000238754967,2.085720406e-05,0.016549208699999998,11.2355671,0.000238754967,2.085720406e-05,0.00604385692,5.2597532199999995,0.000238754967,2.085720406e-05,0.001234334866,4.4706086,0.000238754967,2.085720406e-05,0.0052887718200000005,8.521183840000002e-07,2.87906174e-05,0.11352394889999999,19.795582549000002,0.005367412607,-0.00386303646,-0.004249354420000001,9.24980924e-07,1.5300514750000002e-05
355,1679508600,0.224819394,0.22484733199999996,-0.0025160523899999997,-1.29767557,0.775673684,0.413740711,0.70802161,0.662345236,0.0034733186799999994,0.09788606180000001,2.8475888900000005e-05,6.0811781e-07,6.473726461000001e-07,8.288299040000002e-07,1.090847847e-06,1.4367103085000002e-06,2.3009110300000003e-06,4.5640398e-06,0.11144396329999999,0.000916228929,3.73768444e-05,67.7625885,50.877360499999995,7.474302690000001e-06,6.3399978500000005,0.00734446864,2.3480095,0.0002037941681,1.769184582e-05,0.015420189249999999,9.7556777,0.0002037941681,1.769184582e-05,0.00604516555,4.99112768,0.0002037941681,1.769184582e-05,0.001214474934,4.212169356,0.0002037941681,1.769184582e-05,0.0052877819800000005,9.402322369999999e-07,2.8849479599999994e-05,0.1251924319,33.812959068,0.006903739940999999,-0.0038285529399999995,-0.00419546161,9.82109635e-07,1.6486094950000002e-05
355,1679509200,0.23835694699999993,0.23838479799999995,-0.002146833,-1.32160521,0.830537866,0.427673761,0.7254221450000001,0.678020699,0.00368797038,0.10724476220000001,2.8381039999999998e-05,6.140354424000001e-07,6.379142937e-07,8.853649715000001e-07,1.1191368370000001e-06,1.455143626e-06,2.481807797e-06,4.6720193049999995e-06,0.118208286,0.0009184259440000002,3.90243305e-05,67.71724279999998,50.8197033,7.9237285e-06,6.29704209,0.00760139479,2.51483239,0.0002174490829,1.896174312e-05,0.015919211699999998,10.3966828,0.0002174490829,1.896174312e-05,0.005977610270000001,4.890084760000001,0.0002174490829,1.896174312e-05,0.001158006795,4.13971189,0.0002174490829,1.896174312e-05,0.00528448966,1.011475827e-06,2.8887387299999996e-05,-0.029225909899999996,60.52459205500001,0.0085543302874,-0.0037482504899999996,-0.00418165289,1.140461698e-06,1.8723658100000002e-05
355,1679509800,0.225962461,0.22599068399999997,-0.00256128469,-1.3289930899999998,0.781411354,0.416759107,0.7029589470000001,0.660770175,0.00339002969,0.10091557710000001,2.8827973400000002e-05,6.900180245000001e-07,7.092806233e-07,9.07244538e-07,1.1999436540000001e-06,1.589878458e-06,2.4591166899999997e-06,4.65536502e-06,0.11208447659999998,0.000843272605,3.98000003e-05,67.16622229999999,50.8083796,7.51058427e-06,6.32515154,0.007383765589999999,2.3720458,0.0002194924535,1.908778135e-05,0.0154752634,9.83051725,0.0002194924535,1.908778135e-05,0.00603966291,4.90848412,0.0002194924535,1.908778135e-05,0.00118802535,4.143615649999999,0.0002194924535,1.908778135e-05,0.0053140624499999995,1.005619084e-06,2.92173253e-05,0.1432657175,15.654709383000002,0.0056193162349999996,-0.00376353934,-0.0041354219,8.820883950000001e-07,1.534728775e-05
355,1679510400,0.22113482099999998,0.221162863,-0.0030899581299999998,-1.3451542699999997,0.7661858949999999,0.413398221,0.6921586289999999,0.6497448429999999,0.00300799418,0.094651102,2.86444082e-05,6.789714624000001e-07,7.006247929000001e-07,8.908956808000001e-07,1.128846626e-06,1.4374870224e-06,2.313718085e-06,4.320982596000001e-06,0.10972297449999999,0.00079537047,3.69547517e-05,66.60261119999998,50.769909999999996,7.354077089999999e-06,6.164627009999999,0.007324094099999999,2.3335228499999996,0.000208561539,1.8089965360000003e-05,0.015344442249999998,9.669075600000001,0.000208561539,1.8089965360000003e-05,0.00599945253,4.6978680399999995,0.000208561539,1.8089965360000003e-05,0.001140747,3.9369511599999996,0.000208561539,1.8089965360000003e-05,0.0053027214900000005,7.69427936e-07,2.8871557299999997e-05,0.07186706339999999,18.978346319999996,0.0034554128619999997,-0.003957675339999999,-0.00429980897,8.101659740000001e-07,1.5276651e-05
355,1679511000,0.0909373628,0.09096557929999999,-0.005591807190000001,-1.4452741699999998,0.505402932,0.264365847,0.421100366,0.38393671800000007,0.007051646589999999,0.0480254783,2.8455256900000003e-05,2.554438676e-07,2.775768703e-07,4.5935354969999994e-07,4.7196938000000004e-07,6.38594168e-07,1.2360551126000002e-06,2.020495282e-06,0.0447248255,0.000708988842,2.89162852e-05,72.4872324,51.95389039999999,3.0227937699999997e-06,6.51398207,0.00458117421,0.966908853,6.974954089999999e-05,5.608665925000001e-06,0.00944122445,3.9259350900000003,6.974954089999999e-05,5.608665925000001e-06,0.0056659293200000006,2.169959566,6.974954089999999e-05,5.608665925000001e-06,0.000649577646,1.337898169,6.974954089999999e-05,5.608665925000001e-06,0.005315605740000001,7.930441640000001e-07,2.90113525e-05,0.06793684509999999,47.34482008522,0.0077354584135000005,-0.0040148697399999995,-0.00433459979,9.269712839999999e-07,1.59256094e-05
355,1679511600,0.20559207399999999,0.20562042000000003,-0.00196070452,-1.32669477,0.777773747,0.39729180599999997,0.671045484,0.629719218,0.0028976524499999996,0.09073224390000001,2.8691727399999995e-05,3.9189003919999997e-07,3.935911806e-07,5.207120575999999e-07,6.81704648e-07,8.673473e-07,1.3958557550000002e-06,2.796493246e-06,0.10203608850000001,0.0007223922569999999,2.9976311099999998e-05,68.1789667,50.76445149999999,6.84055511e-06,5.94562047,0.00700936552,2.13043385,0.0002011449547,1.745716821e-05,0.014739542550000002,8.9097544,0.0002011449547,1.745716821e-05,0.00606876695,4.9045752,0.0002011449547,1.745716821e-05,0.0011882262899999998,4.07427548,0.0002011449547,1.745716821e-05,0.00532431423,7.499605790000001e-07,2.9066501400000006e-05,0.09559060350000001,38.896704091,0.005194325035,-0.00401491002,-0.004344252969999999,8.705643860000002e-07,1.552535705e-05
355,1679512200,0.20087277,0.200901065,-0.001436753535,-1.26397738,0.740872612,0.38869115,0.675733134,0.631144261,0.0029086582,0.08786544569999999,2.88078187e-05,5.622308765e-07,5.739848455e-07,7.544549757000001e-07,9.057750150000001e-07,1.1167520606e-06,1.8419549289999998e-06,3.4416678900000002e-06,0.09923083540000001,0.00117039268,2.5247444799999998e-05,67.07122689999998,51.21299330000001,6.679663940000001e-06,5.94161901,0.00691795367,2.09826015,0.0001742293604,1.5003208590000004e-05,0.014557797749999999,8.6960496,0.0001742293604,1.5003208590000004e-05,0.00599333809,4.28074726,0.0001742293604,1.5003208590000004e-05,0.0010979687600000002,3.498549823,0.0001742293604,1.5003208590000004e-05,0.0053246264,6.275866850000001e-07,2.89564654e-05,-0.0014451993000000082,22.307283037,0.0034133664279999997,-0.004098281950000001,-0.0044389587199999995,8.166371789999999e-07,1.450740985e-05
355,1679512800,0.20295617,0.20298447,-0.000974603511,-1.24488465,0.765060853,0.38933942099999996,0.6848458980000001,0.6361319329999999,0.00279820997,0.08987174750000002,2.86988317e-05,4.4400056149999987e-07,4.4262952027000006e-07,5.724850996e-07,7.775670775999999e-07,9.611532302000001e-07,1.634943358e-06,3.2108539440000007e-06,0.10009896380000001,0.0013416344500000001,2.8271775100000003e-05,68.745488,51.363894499999994,6.748827530000002e-06,5.97721946,0.00697992156,2.1414641100000003,0.000197282978,1.7064932700000002e-05,0.01467292245,8.832435799999999,0.000197282978,1.7064932700000002e-05,0.00605168379,4.676800869999999,0.000197282978,1.7064932700000002e-05,0.0011644882300000001,3.89955917,0.000197282978,1.7064932700000002e-05,0.00531309144,5.47561744e-07,2.8751947400000003e-05,0.01488029019999999,36.756627769999994,0.004638904680000002,-0.00419278429,-0.004513959029999999,9.189888440000001e-07,1.5963331e-05
355,1679513400,0.19797531699999998,0.198003826,-4.0138497999999976e-05,-1.2463205,0.752160471,0.384713207,0.6753956210000001,0.628031676,0.0034327814799999996,0.0888830034,2.9040775699999998e-05,5.891862065e-07,6.079621662999999e-07,7.81522825e-07,9.68911126e-07,1.225234102e-06,2.025403036e-06,3.74249665e-06,0.097583333,0.00136439264,2.9056670799999997e-05,68.10390810000001,51.424951699999994,6.583734050000001e-06,6.29522465,0.0068951138600000005,2.09736305,0.0001660175102,1.4209743069999997e-05,0.014476796800000002,8.6133715,0.0001660175102,1.4209743069999997e-05,0.00597261204,4.06944342,0.0001660175102,1.4209743069999997e-05,0.001044873039,3.233941781,0.0001660175102,1.4209743069999997e-05,0.005347561329999999,6.93026925e-07,2.9244059799999997e-05,-0.10034741365000002,66.644893035,0.0060621816109999995,-0.00413456762,-0.00451026216,9.799735460000001e-07,1.6319842500000002e-05
355,1679514000,0.17965583899999998,0.179684339,-0.0008603326629999998,-1.27273439,0.7158968520000001,0.368551987,0.639807037,0.594018136,0.00284356484,0.0785041056,2.8689753999999995e-05,2.3009508019999996e-07,2.215025718e-07,3.728272198000001e-07,4.47010843e-07,5.708870675999999e-07,1.182926277e-06,2.188270053e-06,0.08843923760000001,0.0013529336200000003,2.9755558300000004e-05,70.50800489999999,51.5561649,5.975751859999999e-06,5.8835617,0.006545835509999999,1.8991834400000003,0.00011624323919999998,9.72241795e-06,0.013781771549999999,7.798713449999999,0.00011624323919999998,9.72241795e-06,0.00588892973,3.35493884,0.00011624323919999998,9.72241795e-06,0.0009552759259999998,2.513451129,0.00011624323919999998,9.72241795e-06,0.0053360171,6.44133146e-07,2.9086096200000005e-05,-0.1030364247,59.301432442999996,0.0061398717579999994,-0.00414232004,-0.00451644052,9.17342577e-07,1.57020262e-05
355,1679514600,0.17456284,0.17459125000000003,-0.0012059961300000001,-1.2597559500000002,0.690808587,0.36251206099999994,0.631894282,0.5869679050000001,0.00266394094,0.0765108736,2.85987907e-05,2.3462240599999996e-07,2.2682939659999998e-07,3.785128286e-07,4.783436405999999e-07,6.219968560000001e-07,1.2288516110000001e-06,2.39964381e-06,0.0859359685,0.00130997838,2.9531703099999994e-05,71.7593596,51.57232689999999,5.80493633e-06,6.16039416,0.006386556310000001,1.80568433,0.00018008367200000002,1.5477800440000002e-05,0.013515696099999999,7.48933873,0.00018008367200000002,1.5477800440000002e-05,0.00604307877,4.363156999999999,0.00018008367200000002,1.5477800440000002e-05,0.001126432196,3.57598008,0.00018008367200000002,1.5477800440000002e-05,0.005330783160000001,5.783478109999999e-07,2.89729206e-05,0.29506056599999997,32.35083981,0.003936399548,-0.00419723716,-0.00454770969,8.89386407e-07,1.5847226100000002e-05
355,1679515200,0.20242094700000002,0.202449245,-0.001282794956,-1.24263316,0.816362427,0.388593763,0.683308349,0.6339193489999999,0.0030946066200000003,0.09242190619999999,2.8741279899999996e-05,5.064613818e-07,5.146669286e-07,7.171005490000001e-07,8.7363138e-07,1.1314784930000001e-06,1.964872134e-06,3.7574233299999995e-06,0.0997716805,0.00139675452,3.2014260100000005e-05,69.09000610000001,51.4369519,6.730499759999999e-06,6.38037789,0.006940789430000001,2.1307661799999997,0.00019545776549999999,1.690173191e-05,0.0145979268,8.76349319,0.00019545776549999999,1.690173191e-05,0.00597921024,4.33099481,0.00019545776549999999,1.690173191e-05,0.00107945985,3.544002424,0.00019545776549999999,1.690173191e-05,0.00532761547,6.53804159e-07,2.90123088e-05,0.0072958637439999915,27.21511498,0.004592487925,-0.00407661975,-0.00445804537,8.539351990000001e-07,1.5002057e-05
355,1679515800,0.20634610800000003,0.2063745,-0.00234043317,-1.2454723800000003,0.7496103749999999,0.392844942,0.690771087,0.6393569940000001,0.002793992574,0.0880759104,2.8889229199999997e-05,5.65253265e-07,5.75021022e-07,7.557419425000001e-07,9.717891280000003e-07,1.2583334035e-06,2.1236500974e-06,4.120129808e-06,0.10176516719999999,0.0013634149,3.2688293099999996e-05,68.97974560000002,51.374532599999995,6.859895530000001e-06,6.2899221899999995,0.007015871579999999,2.16547302,0.00015043287520000002,1.2829689040000001e-05,0.01476731965,8.9525671,0.00015043287520000002,1.2829689040000001e-05,0.005986435700000001,4.17794316,0.00015043287520000002,1.2829689040000001e-05,0.001088005906,3.3535879099999995,0.00015043287520000002,1.2829689040000001e-05,0.00532256467,5.69872926e-07,2.88787026e-05,0.0642441928,29.629417834999998,0.0024290343399999996,-0.00417570002,-0.00450876876,8.934287949999999e-07,1.526345795e-05
355,1679516400,0.19109956099999997,0.191127807,-0.001956529,-1.23074645,0.749572889,0.37740319200000005,0.6659453150000001,0.618131366,0.0029937734,0.08803914389999999,2.8444264000000003e-05,2.3615742020000002e-07,2.2373280349999998e-07,3.178911814e-07,4.508657434e-07,5.649810046e-07,1.021345288e-06,2.1549782999999998e-06,0.09410785539999998,0.00140817696,2.83858739e-05,71.24389590000001,51.537053900000004,6.35744451e-06,5.9646759000000005,0.006697712140000001,1.98185578,0.0001389759831,1.1758505109999998e-05,0.014159533299999999,8.22358997,0.0001389759831,1.1758505109999998e-05,0.00589513008,3.5717022299999996,0.0001389759831,1.1758505109999998e-05,0.001001184292,2.768850903,0.0001389759831,1.1758505109999998e-05,0.00531494703,4.92666266e-07,2.8722119200000003e-05,-0.1321099115,33.587940485000004,0.0030618287200000005,-0.004241591790000001,-0.0045461691499999995,8.643813779999999e-07,1.5227596099999999e-05
355,1679517000,0.18592444199999997,0.185952493,-0.0016845741349999998,-1.23418966,0.747022806,0.37260914900000003,0.654207465,0.609243601,0.0032826514000000003,0.0857538703,2.83298034e-05,3.258747656e-07,3.311090912e-07,4.832196508000001e-07,6.232692579999999e-07,8.12710892e-07,1.4656123470000002e-06,2.951247554e-06,0.09146676590000001,0.00145593599,3.1483767299999996e-05,69.9734107,51.6164366,6.1828941e-06,6.116119060000001,0.00666070193,1.9627883699999997,0.00014257950659999998,1.2134478814999998e-05,0.014013558249999999,8.06824491,0.00014257950659999998,1.2134478814999998e-05,0.005899465689999999,3.72584626,0.00014257950659999998,1.2134478814999998e-05,0.001010980597,2.9324285499999996,0.00014257950659999998,1.2134478814999998e-05,0.005297865389999999,6.14679997e-07,2.86480393e-05,0.2513260194,41.95537337,0.007817052199999999,-0.00415634091,-0.00450204574,9.15453641e-07,1.53731324e-05
355,1679517600,0.11525692300000001,0.11528473600000003,-0.0018055411,-1.4641475,0.596380717,0.29520302600000004,0.46617672600000004,0.4308881560000001,0.00486405285,0.05887685210000001,2.81431993e-05,3.5425086449999995e-07,3.712863564e-07,5.20202006e-07,6.110737145000001e-07,7.980635294e-07,1.4330400029999998e-06,2.5037323219999996e-06,0.05624485580000001,0.0013461547,2.9783125599999997e-05,72.0951615,53.048062200000004,3.83197023e-06,6.4174554,0.00519757495,1.2334979830000001,0.00011365649510000002,9.525633950000001e-06,0.010612631300000001,4.96954953,0.00011365649510000002,9.525633950000001e-06,0.0057567198600000005,2.974992413,0.00011365649510000002,9.525633950000001e-06,0.0008031467300000001,2.186053106,0.00011365649510000002,9.525633950000001e-06,0.00528241095,5.872705979999999e-07,2.84404525e-05,-0.26599008009999997,107.053974,0.00842093107,-0.00433558343,-0.00460908156,1.193043097e-06,1.9048000500000003e-05
355,1679518200,0.117661732,0.11768962000000001,-0.000750191687,-1.55048525,0.5356663530000001,0.300822433,0.45582640999999996,0.428563077,0.00397902682,0.055924105999999994,2.8039848599999996e-05,1.684277586e-07,1.6282194920000002e-07,2.8072115645e-07,2.95311144e-07,3.563063024e-07,7.356196542999999e-07,1.2630117709999998e-06,0.05736668410000001,0.00143408725,2.62980584e-05,74.3692614,53.17295779999999,3.91598721e-06,5.67130489,0.00527428791,1.254796569,0.0001504496918,1.2950809971e-05,0.010737803350000002,5.07104964,0.0001504496918,1.2950809971e-05,0.00579384326,3.4447372790000004,0.0001504496918,1.2950809971e-05,0.0008347143969999998,2.6412663825,0.0001504496918,1.2950809971e-05,0.00528740825,5.132403969999999e-07,2.84417777e-05,0.014553709633399997,47.65150340000001,0.004177076050000001,-0.00426379251,-0.00459999683,8.54044606e-07,1.48041186e-05
355,1679518800,0.169763374,0.169791248,-0.0018228200949999998,-1.21072275,0.719721964,0.354459498,0.63133178,0.584342834,0.002417254985,0.0766913779,2.8289001400000006e-05,4.60540811e-07,4.7168817340000003e-07,6.57720711e-07,8.048667199999999e-07,1.0441720159999998e-06,1.84255449e-06,3.45953594e-06,0.083458254,0.00138003458,3.38747634e-05,69.28539149999999,51.68602159999999,5.64288554e-06,6.454822569999999,0.00635885244,1.78898076,0.00013858604380000004,1.1747358273e-05,0.013383664600000001,7.3538608,0.00013858604380000004,1.1747358273e-05,0.005877777150000001,3.6167600300000005,0.00013858604380000004,1.1747358273e-05,0.0009989959529999998,2.83451947,0.00013858604380000004,1.1747358273e-05,0.0052758566800000005,5.59239399e-07,2.8373003000000002e-05,0.0036939333500000116,20.810136233999998,0.0032936493560000004,-0.00416129258,-0.00450733971,7.994434840000001e-07,1.3821463049999998e-05
355,1679519400,0.171596584,0.171624559,-0.0024069581729999996,-1.21842433,0.691821111,0.35642371200000006,0.632981827,0.58475534,0.00365943403,0.0753660079,2.81392016e-05,1.980683129e-07,1.906365153e-07,3.095426528e-07,4.04665995e-07,5.259395606e-07,1.0225610260000002e-06,2.132825696e-06,0.0844698858,0.00128905111,3.37964857e-05,71.4255234,51.566749900000005,5.70770167e-06,5.99209822,0.00642655983,1.8282698500000003,0.0001729143104,1.4878808319999999e-05,0.0134767325,7.47212375,0.0001729143104,1.4878808319999999e-05,0.00600004494,4.38243853,0.0001729143104,1.4878808319999999e-05,0.001100213244,3.6005469399999996,0.0001729143104,1.4878808319999999e-05,0.005297211639999999,5.49832659e-07,2.8588646499999993e-05,-0.09982084534999999,30.449443659999996,0.00261582581,-0.00417241238,-0.00452409241,7.81896972e-07,1.4309193449999998e-05
355,1679520000,0.25372060900000004,0.25374859,-0.00226207901,-1.27623029,1.015343492,0.442968708,0.7128967620000001,0.6482447669999999,0.02241493202,0.18096262400000002,2.84804657e-05,5.843865525e-07,6.257447375e-07,9.518664579999999e-07,1.270640785e-06,1.735063723e-06,2.9009058799999998e-06,5.506552419999999e-06,0.1256679076,0.001132923693,4.4804491300000005e-05,68.2929994,51.0371574,8.431178100000001e-06,6.47644822,0.007811832020000001,2.8023942,0.0001716644744,1.4886798435000002e-05,0.01613622755,11.15671236,0.0001716644744,1.4886798435000002e-05,0.00589878313,4.33562158,0.0001716644744,1.4886798435000002e-05,0.001066046636,3.5711761639999997,0.0001716644744,1.4886798435000002e-05,0.0053125999,2.0736840360000003e-06,3.00993162e-05,0.8494092976300001,251.80079066,0.028192923926999996,-0.00393241072,-0.00434043863,4.050024190000001e-06,4.745702305e-05
355,1679520600,0.34173921999999995,0.34176723600000003,-0.00195652085,-1.50096567,0.9612668609999998,0.5283939610000001,0.789099081,0.7506229070000001,0.0180350181,0.197615816,2.83999937e-05,4.67866857e-07,4.6480960900000006e-07,6.374651969999999e-07,9.69745076e-07,1.2794866640000003e-06,2.33972067e-06,5.237888150000001e-06,0.16986788599999997,0.000942573534,4.65133928e-05,67.70532069999999,50.6423872,1.136379025e-05,6.387641319999999,0.009097120449999998,3.52146597,0.00035867249939999996,3.1865912070000004e-05,0.018879006899999995,14.788689150000002,0.00035867249939999996,3.1865912070000004e-05,0.0062346499,7.839049179999999,0.00035867249939999996,3.1865912070000004e-05,0.00149408788,7.10443203,0.00035867249939999996,3.1865912070000004e-05,0.005293642879999999,8.804852819999998e-07,2.88400318e-05,-0.8010890646999999,85.28520231799999,0.011164681360000001,-0.0039009041199999997,-0.0042911415799999995,1.136973683e-06,1.863741425e-05
355,1679521200,0.429391428,0.42941923200000004,-0.0022982735099999997,-1.58925248,1.0846830989999998,0.600641082,0.842688231,0.8143373579999998,0.02300551076,0.26228397699999995,2.8700763699999998e-05,1.02967408e-06,1.061021727e-06,1.3447763769999998e-06,1.830741428e-06,2.356482352e-06,4.058364445e-06,8.160901999999999e-06,0.212914726,0.0017009247899999996,5.864454450000001e-05,66.88690329999999,50.8320844,1.427477025e-05,6.17230981,0.010539668799999999,4.568522440000001,0.00022363654279999997,1.9603596266999997e-05,0.0213372835,18.8242715,0.00022363654279999997,1.9603596266999997e-05,0.006052351189999999,6.10135379,0.00022363654279999997,1.9603596266999997e-05,0.001349887495,5.260658923,0.00022363654279999997,1.9603596266999997e-05,0.0052918522400000004,1.191159914e-06,2.9087094499999996e-05,0.7695898201,98.51371259500002,0.0161828010635,-0.0036822912799999996,-0.00413513066,1.616916685e-06,2.39526101e-05
355,1679521800,0.42830901599999993,0.428336688,-0.00212066281,-1.6039138199999996,1.0595948400000001,0.600653369,0.8325629059999999,0.8111872630000001,0.019014411170000002,0.243024501,2.8511267100000004e-05,9.711452066000002e-07,9.83751565e-07,1.2362889765e-06,1.654373989e-06,2.0977056774e-06,3.5015093520000003e-06,6.854787290000001e-06,0.212212334,0.0018657801300000002,5.67021315e-05,68.3018093,50.912463100000004,1.4242742700000001e-05,6.20810949,0.0105396715,4.54515093,0.00022159310179999998,1.946169527e-05,0.0213232026,18.7883739,0.00022159310179999998,1.946169527e-05,0.00601649441,6.298372827,0.00022159310179999998,1.946169527e-05,0.001328452075,5.499496047499999,0.00022159310179999998,1.946169527e-05,0.005266018270000001,1.1100260989999999e-06,2.87680074e-05,0.828166035,64.18349276000001,0.01252896976347,-0.0036327318400000003,-0.00409524405,1.285983847e-06,2.009716475e-05
355,1679522400,0.4164936,0.416521232,-0.001211049645,-1.6446345699999998,0.8934647740000001,0.59491803,0.8227001100000001,0.8051495639999999,0.00612541872,0.181464874,2.8099740199999997e-05,5.727436030000001e-07,5.487273627e-07,7.51840317e-07,1.0645530069999998e-06,1.3336791119999999e-06,2.3255958640000005e-06,4.85871484e-06,0.20646031500000003,0.0017169764,5.70664414e-05,69.22694670000001,50.88154440000001,1.3852312799999998e-05,5.987880510000001,0.0103413274,4.36634701,0.0003199993865,2.838336713e-05,0.021028980699999998,18.1524328,0.0003199993865,2.838336713e-05,0.0061390162500000005,7.502110270000001,0.0003199993865,2.838336713e-05,0.0014652068600000002,6.768047078,0.0003199993865,2.838336713e-05,0.00525655381,8.790918699999999e-07,2.84931529e-05,0.10073124019999999,13.533147144,0.0037368801364000004,-0.0036787739699999994,-0.00412856901,8.107467150000001e-07,1.4866123899999999e-05
355,1679523000,0.43768179700000004,0.4377098790000001,-0.0017924078240000002,-1.6345337599999996,0.99531788,0.608428867,0.848163388,0.8292628049999999,0.006325146000000001,0.19740059799999998,2.84520795e-05,4.75640845e-07,4.468280245e-07,6.6122718e-07,9.42245098e-07,1.1842031760000001e-06,2.1927642930000004e-06,4.770578835e-06,0.217219989,0.0015530708400000003,5.668967499999999e-05,70.7103214,50.792672599999996,1.456260645e-05,5.84286623,0.01045360685,4.466485479999999,0.0003762573602,3.362153781e-05,0.0214331783,18.829231099999998,0.0003762573602,3.362153781e-05,0.00623558137,8.71702028,0.0003762573602,3.362153781e-05,0.00155269447,8.02731414,0.0003762573602,3.362153781e-05,0.005298653040000001,1.0344589839999999e-06,2.90645528e-05,0.11560837053999999,23.244339989999997,0.008556054711599998,-0.00366977649,-0.00412846424,9.26582314e-07,1.5783592799999997e-05
355,1679523600,0.435842886,0.43587081699999997,-0.00230757408,-1.6373044500000002,0.936403589,0.607651615,0.8429882340000001,0.824800186,0.006059978509999999,0.193169766,2.8584239299999998e-05,7.686918410000001e-07,7.4583435545e-07,1.0294126335e-06,1.2817806849999999e-06,1.5412249384e-06,2.6620805839999998e-06,5.137436266e-06,0.216266215,0.00158557435,5.490046529999999e-05,69.2676287,50.7730813,1.4500534800000002e-05,5.8340274700000005,0.0106328146,4.62033313,0.0003725356382,3.3220354835999996e-05,0.0215759379,19.112838599999996,0.0003725356382,3.3220354835999996e-05,0.00616915277,8.45134197,0.0003725356382,3.3220354835999996e-05,0.001467409246,7.69634694,0.0003725356382,3.3220354835999996e-05,0.005286838130000001,1.066917315e-06,2.9003078699999998e-05,0.11651284310000001,7.2192772110000005,0.0019835612693999997,-0.0035463987299999998,-0.004054765520000001,8.88344201e-07,1.4825892500000001e-05
355,1679524200,0.43441509400000006,0.434443234,-0.00293912508,-1.62006285,0.995767907,0.6013191849999999,0.854951096,0.8263752179999999,0.00934880121,0.199910371,2.89892391e-05,1.0129554709999998e-06,1.0199330349999998e-06,1.261212138e-06,1.8115480600000002e-06,2.3513676150000004e-06,3.84926845e-06,8.138887330000001e-06,0.215272246,0.00184933706,6.53548631e-05,68.523699,50.992011,1.4438966799999998e-05,6.4519255,0.0104549222,4.50264299,0.0003983975579999999,3.5531215420000003e-05,0.0212651824,18.8250332,0.0003983975579999999,3.5531215420000003e-05,0.00622056203,8.808301279999998,0.0003983975579999999,3.5531215420000003e-05,0.001512670969,8.066243095,0.0003983975579999999,3.5531215420000003e-05,0.00530378879,8.569463840000001e-07,2.89514055e-05,-0.0038901281000000105,31.305916525000004,0.00648788231,-0.00379171207,-0.00422472004,9.2360626e-07,1.5971280449999998e-05
355,1679524800,0.42243458599999995,0.422462814,-0.0031804323799999997,-1.6037568999999998,0.9548166329999999,0.591388499,0.8473758739999999,0.820862554,0.00853805429,0.187071215,2.88436705e-05,7.24229008e-07,7.014266956e-07,9.293218669999999e-07,1.268457256e-06,1.5378650052000003e-06,2.6777209260000005e-06,5.413096006e-06,0.20906902700000002,0.0020785572,5.4958287899999994e-05,68.1770074,51.108085599999995,1.4049635099999999e-05,5.8961885899999995,0.0104026564,4.45111337,0.0001749762055,1.506888337e-05,0.0210117583,18.4357673,0.0001749762055,1.506888337e-05,0.006061452310000001,5.731585249999999,0.0001749762055,1.506888337e-05,0.00131599136,4.922254494,0.0001749762055,1.506888337e-05,0.00532379381,1.02816585e-06,2.9320539599999998e-05,0.12633497633000002,29.770533273,0.008455844973,-0.0037394560800000005,-0.00419478642,1.0165557410000002e-06,1.68244746e-05
355,1679525400,0.42088422700000006,0.420912621,-0.004169102280000001,-1.4936496300000002,1.00251808,0.5813449260000001,0.8871645850000001,0.846850839,0.01481570086,0.20065971700000002,2.9532594200000003e-05,1.296641575e-06,1.3197932259999998e-06,1.6071531629999997e-06,2.088015691e-06,2.633513418e-06,4.358124334e-06,8.11707256e-06,0.208825734,0.0015330948,6.0280400199999996e-05,67.0927024,50.822259,1.39937682e-05,6.28738867,0.010345154249999999,4.47984208,0.0003576305869,3.174706698e-05,0.021037171799999997,18.52202595,0.0003576305869,3.174706698e-05,0.00626724539,8.21037542,0.0003576305869,3.174706698e-05,0.0015188271200000001,7.437687663,0.0003576305869,3.174706698e-05,0.00532144586,1.004694276e-06,2.92846064e-05,0.04734513812,19.062139984,0.0063346070899999996,-0.0037126328800000004,-0.00418711655,9.35610491e-07,1.5664654650000002e-05
355,1679526000,0.6449631520000001,0.6449912449999999,-0.001405284571,-1.59381327,1.16853565,0.7308966079999999,1.0573072879999998,1.0246062790000001,0.02007339726,0.295370388,2.9153970099999995e-05,1.237021275e-06,1.2536195972e-06,1.7054570017e-06,2.295533288e-06,2.9585132650000003e-06,5.168926416e-06,1.056249425e-05,0.321158279,0.00122699284,6.95363265e-05,65.782168,50.4271426,2.14431018e-05,6.10346986,0.0127979701,6.79480979,0.00039181532405,3.4942778304e-05,0.026138787799999997,28.3345638,0.00039181532405,3.4942778304e-05,0.006365916300000001,10.17646051,0.00039181532405,3.4942778304e-05,0.0017596383960000004,9.37197724,0.00039181532405,3.4942778304e-05,0.0053138685,1.4625585130000002e-06,2.96547931e-05,0.08144875128,10.135662871000001,0.007351012813300001,-0.0033041527099999996,-0.0038655438300000005,9.74485007e-07,1.63004276e-05
355,1679526600,0.8327896020000001,0.832817726,-0.0009834135720000001,-1.5931811000000002,1.35259127,0.832878146,1.20262421,1.1671106400000002,0.017100345700000002,0.37574251799999997,2.9407891200000002e-05,1.5254984629999997e-06,1.5140756840000001e-06,1.8973135685999995e-06,2.854575077e-06,3.668245075e-06,6.17629566e-06,1.343249492e-05,0.41492558500000004,0.00135735621,7.85405521e-05,64.2955817,50.3581938,2.76960255e-05,6.1425655699999995,0.0146174681,8.7836844,0.00041395223309999995,3.705047257e-05,0.0298434666,36.6572909,0.00041395223309999995,3.705047257e-05,0.0064149216799999995,10.99615173,0.00041395223309999995,3.705047257e-05,0.00189549878,10.13343412,0.00041395223309999995,3.705047257e-05,0.00531319888,1.5597136100000001e-06,2.97251973e-05,-0.0961634413,14.12135923,0.009948211069,-0.0032053528800000002,-0.0037972017999999995,1.212810692e-06,1.79447998e-05
355,1679527200,0.60667622,0.606704468,-0.0010825407800000002,-1.56063784,1.1467849940000001,0.706204958,1.0284689100000002,0.9951678899999999,0.0163405085,0.290163304,2.9233322899999995e-05,1.1570755879999999e-06,1.1423886454e-06,1.5103293589999998e-06,2.045185119e-06,2.565492063e-06,4.415737207999999e-06,8.699252620000001e-06,0.301584864,0.0016750247499999998,5.48108011e-05,67.5181287,50.6865606,2.017836125e-05,6.09009768,0.012368278299999999,6.35055928,0.0005544909576,4.986863930000001e-05,0.025221583400000004,26.493309599999996,0.0005544909576,4.986863930000001e-05,0.00643998411,12.252926310000001,0.0005544909576,4.986863930000001e-05,0.00181722227,11.55433161,0.0005544909576,4.986863930000001e-05,0.0053059766,1.35923393e-06,2.9479697100000002e-05,0.061637627400000006,10.605051266,0.006530347726,-0.0033491241000000007,-0.003913332760000001,9.19409278e-07,1.56333362e-05
355,1679527800,0.4084157520000001,0.40844372,0.00249009377,-1.2950244899999999,1.093945875,0.556381244,0.956579202,0.892039722,0.00786406722,0.190933077,2.88578191e-05,9.89113809e-07,1.0202874934e-06,1.2620122414e-06,1.7511575550000001e-06,2.2386610756999997e-06,3.6981445509999997e-06,7.527133764999999e-06,0.201455653,0.0026816213999999996,5.09714243e-05,70.1356319,51.432115599999996,1.3577204099999999e-05,6.3362548599999995,0.009904774799999998,4.2359465300000005,0.00028106651849999994,2.4726774869999996e-05,0.020671171899999997,17.635285099999997,0.00028106651849999994,2.4726774869999996e-05,0.006257214100000001,7.140351529999999,0.00028106651849999994,2.4726774869999996e-05,0.00154426806,6.357761930000001,0.00028106651849999994,2.4726774869999996e-05,0.0052993193,9.637836569999999e-07,2.9005710499999998e-05,0.051188790549999995,15.487304299999996,0.0050425986019,-0.00375513973,-0.00418904998,9.405052400000001e-07,1.49807888e-05
355,1679528400,0.537890787,0.537918772,0.0006883397148999999,-1.2789042,1.37775456,0.639501354,1.0812705040000001,1.005293198,0.0281660301,0.353221254,2.9786721800000004e-05,2.0129658420000004e-06,2.11497051e-06,2.778063424e-06,3.4675499540000004e-06,4.558569226e-06,2.4357753692e-05,1.4406044789999999e-05,0.266030941,0.00276667183,9.194158669999999e-05,66.27265910000001,51.0816398,1.7866029599999997e-05,6.4176196,0.011607219050000001,6.04827154,0.0005665316883999999,5.088133296999999e-05,0.0237111419,23.4344442,0.0005665316883999999,5.088133296999999e-05,0.0064938047099999995,11.850902920000001,0.0005665316883999999,5.088133296999999e-05,0.00188353064,11.22981044,0.0005665316883999999,5.088133296999999e-05,0.00530028205,2.88684469e-06,3.07340376e-05,-0.21749879253999996,73.1522324004,0.017753783739999997,-0.00298505303,-0.00358023514,2.567980429e-06,3.235399859999999e-05
355,1679529000,0.845513789,0.8455415079999999,0.0007603329640000001,-1.3967973399999998,1.9252337800000003,0.8167328509999999,1.3029397600000001,1.23015005,0.0303056244,0.40888916000000003,2.89009231e-05,1.485662402e-06,1.5152177156e-06,2.6348366760000002e-06,3.043930926e-06,4.18172373e-06,8.756702139999999e-05,1.628689105e-05,0.41823736400000006,0.00422160366,0.000179826818,68.39341540000001,51.0747924,2.81099715e-05,6.185095120000001,0.0154747366,10.7213715,0.0006842819717,6.165924836e-05,0.029801846700000002,36.61580719999999,0.0006842819717,6.165924836e-05,0.006519739639999999,14.44389238,0.0006842819717,6.165924836e-05,0.0020741949099999995,13.84791069,0.0006842819717,6.165924836e-05,0.0053493679399999996,9.21049188e-06,3.6920582400000004e-05,0.1631453309,90.78084446060001,0.05357591867,-0.0012621756800000002,-0.0020560875,9.04902136e-06,0.00010081320009999999
355,1679529600,0.77453704,0.774565136,-0.00017355581240000002,-1.21665357,1.82221815,0.793181368,1.1505726,1.10410872,0.06264293575999999,0.5912907199999999,3.087991350000001e-05,3.5485080110000004e-06,5.203661834e-06,8.030569598e-06,1.3317729050000001e-05,2.04868616e-05,3.6494459394e-05,7.331759402e-05,0.384701462,0.0022297134099999996,0.0001740078262,63.9493834,50.644183399999996,2.5699824e-05,6.401097469999999,0.01420554555,11.53792202,0.000766582501,6.950717767e-05,0.028362888600000004,34.84454409999999,0.000766582501,6.950717767e-05,0.0065978923999999994,15.70782788,0.000766582501,6.950717767e-05,0.0020961086100000003,15.158557615000001,0.000766582501,6.950717767e-05,0.005520194890000001,5.615715812e-05,8.425935999999999e-05,0.44704926468499995,42.382737729999995,0.060341796402400005,-0.00227983585,-0.0029322754699999997,7.97370069e-05,0.0005161393787999999
355,1679530200,1.033712763,1.0337408409999997,0.0027001956240000004,4.035954309999999,5.44655385,0.802597774,1.3075898999999997,1.0772953859999999,0.49356381670000005,3.2742247730000003,3.076077010000001e-05,8.476884544999999e-06,2.1466029100000005e-05,4.437332338999999e-05,8.783323553e-05,0.00014537932790000002,0.0002900462302,0.0006773135472000001,0.5119605830000001,0.0021656852,0.001451616366,60.742742899999996,50.523947899999996,3.3766574100000003e-05,7.493628169999999,0.0170850046,45.6074651,0.00047211107630000006,4.26825405e-05,0.029547289600000005,49.278757999999996,0.00047211107630000006,4.26825405e-05,0.0066518589,14.0836896,0.00047211107630000006,4.26825405e-05,0.00253080013,13.369898700000002,0.00047211107630000006,4.26825405e-05,0.007735204269999999,0.00051249389026,0.0005404634269000001,-0.120913943,200.298677514,0.40527048864,-0.001545905082,-0.0031970270199999998,0.000687826441225,0.00442037570375
355,1679530800,1.67464841,1.674676115,0.0004044413849999998,0.5080233440000002,5.79992706,1.0849841560000002,1.7541535400000001,1.5894110099999998,0.4453610198,3.4454266739999992,3.06028096e-05,5.8201716799999995e-06,1.3211617679999999e-05,2.5540385130000004e-05,4.5708234760000004e-05,8.015782419999998e-05,0.0001590626429,0.0003663789232,0.8337036190000001,0.0021564001700000003,0.0007650797615,59.0698732,50.319045900000006,5.5322894099999994e-05,6.99717061,0.0205701998,34.771877599999996,0.001302183994,0.00011832580729999999,0.040066403199999996,76.1073375,0.001302183994,0.00011832580729999999,0.007124903220000001,25.55442591,0.001302183994,0.00011832580729999999,0.00310199867,25.419541229999997,0.001302183994,0.00011832580729999999,0.00660164817,0.00027805495571000004,0.0003057941862,0.31617339499999997,480.81535725000003,0.36325186260000003,-0.0015480198910000002,-0.00275169553,0.00050548966809,0.0032651842742000003
355,1679531400,1.9787220800000003,1.9787504599999999,-0.000858001286,-0.5587609520000001,4.54405124,1.20892369,1.95917228,1.8051175799999999,0.38180658469999995,3.20800117,3.31899972e-05,6.6803329740000015e-06,1.0700017791e-05,1.785098864e-05,3.0297367629999994e-05,5.06440641e-05,0.00016332811134999999,0.0003384508349,0.98502319,0.0029489153400000002,0.0007654613280000001,61.19542399999999,50.3332632,6.555063750000001e-05,6.814708090000001,0.023244954,33.180561700000005,0.0016178597502,0.00014719620567,0.04468294169999999,87.32608640000001,0.0016178597502,0.00014719620567,0.007587479729999999,35.274082729999996,0.0016178597502,0.00014719620567,0.0035458429299999998,34.99690749,0.0016178597502,0.00014719620567,0.006728151999999999,0.00015671644040000005,0.00018494537229999996,-0.04534882335999999,357.020646129,0.19449752999999997,0.0009520233759999998,-0.00063703912,0.0002079886005,0.001381719569
355,1679532000,3.1842347999999996,3.1842622799999996,0.0016974896789999998,-0.5773365862000001,6.3563690699999995,1.5546638500000003,2.35094679,2.22246781,0.6342516290000001,5.133640949999999,3.79982897e-05,1.4848257859999999e-05,2.228911316e-05,3.8502324199999994e-05,6.3112481e-05,0.00010535948840000001,0.0002099505277,0.0005507578396,1.5887234499999998,0.00135600954,0.00102197736,57.444638399999995,50.0979193,0.0001053900137,6.873327590000001,0.0294076433,55.625655200000004,0.0031723751859999995,0.00028961015529999995,0.057030811199999996,144.1396795,0.0031723751859999995,0.00028961015529999995,0.008280283829999999,61.189068500000005,0.0031723751859999995,0.00028961015529999995,0.004599501129999999,61.7389732,0.0031723751859999995,0.00028961015529999995,0.0070794916,0.00030282524422,0.0003301639074,0.0971517839,378.51310917,0.325143671,-0.000433292995,-0.00211350787,0.00043792148784000003,0.0028240559833000002
355,1679532600,2.8195552600000005,2.8195835,-0.00065295075,-1.2631131979999999,3.8429673199999996,1.4961078799999998,2.2990827300000003,2.18189161,0.2583332798,2.7279954799999997,3.4928544200000006e-05,8.903640510000001e-06,1.114626226e-05,1.7489772009999996e-05,2.927846946e-05,4.5875492819999995e-05,8.481666173e-05,0.0001852284717,1.4077470300000001,0.0011705524700000001,0.00046909977369999996,61.51954070000001,50.1217491,9.3568903e-05,6.516682619999999,0.0268215517,36.983281,0.001367453891,0.00012404775239999998,0.0543113093,124.17679100000001,0.001367453891,0.00012404775239999998,0.00772684371,37.0065705,0.001367453891,0.00012404775239999998,0.00386870015,36.26569,0.001367453891,0.00012404775239999998,0.0057802857,9.584637913000001e-05,0.00012402089849999998,0.4655149049740001,190.64248279,0.15104172909999997,-0.0014524287640000002,-0.0025360372700000003,0.00015249883637400002,0.0012691596944999998
355,1679533200,1.29275346,1.292781794,-0.0027473068620000006,0.24478332000000008,4.648416970000001,0.987863376,1.49220805,1.31160255,0.3333206925,2.428697486,3.2032180699999994e-05,7.329224395999999e-06,1.7794044859399997e-05,3.1476328827e-05,5.4000478662e-05,9.6613145157e-05,0.00017995262406999998,0.00038358364766,0.642919484,0.0018234086099999998,0.000859059675,59.8623765,50.3386771,4.2628178e-05,6.91821605,0.0186059966,30.673300899999997,0.0010766512676000002,9.793314153000001e-05,0.0354446101,58.287883799999996,0.0010766512676000002,9.793314153000001e-05,0.00698108819,22.639364559999997,0.0010766512676000002,9.793314153000001e-05,0.00284052067,22.359694345,0.0010766512676000002,9.793314153000001e-05,0.006700173530000001,0.00032144751078000004,0.0003498638844000001,0.4309361003,272.489761077,0.36478784241000006,-0.00236700376,-0.00327098589,0.0005712407543099999,0.0041297691448
355,1679533800,1.55242473,1.55245339,0.00159059884,0.37159612062999997,5.8035646,1.06397844,1.58539841,1.3818422099999998,0.414454598,2.8522551499999995,3.47958401e-05,1.773911676e-05,3.5422544419999995e-05,7.816094570000001e-05,0.00013756163310000002,0.00021341333219999998,0.000409588792,0.000884834768,0.770750619,0.00189258848,0.001785339965,58.221586999999985,50.2808788,5.08835953e-05,7.45508401,0.023266251999999998,67.4773513,0.0006982502802999999,6.400653967000001e-05,0.0388408956,74.5540291,0.0006982502802999999,6.400653967000001e-05,0.00698546325,19.0829828,0.0006982502802999999,6.400653967000001e-05,0.0033858722,18.7974726,0.0006982502802999999,6.400653967000001e-05,0.009377264219999999,0.000782021044,0.0008104930239999999,-0.4165866993,301.4261289,0.47397462900000004,0.0028214024419999997,-0.0021512515200000004,0.0007763250260999999,0.004429990993
355,1679534400,2.39945089,2.39947877,0.0017529934179999998,-0.59682345,5.39453979,1.3425992,2.04099979,1.8642944199999998,0.436123221,3.20898748,3.3977820599999996e-05,1.320233498e-05,2.5081638549999998e-05,5.283533747999999e-05,9.423724777e-05,0.0001486880018,0.0002894794725,0.0006959938657000001,1.195818774,0.00127978928,0.0013007759239999999,57.848375999999995,50.1458331,7.924175439999998e-05,7.000398730000001,0.026586048900000003,59.0097325,0.002029971028,0.00018524128299999998,0.0488771323,108.91520469999998,0.002029971028,0.00018524128299999998,0.007468700659999999,37.91012761,0.002029971028,0.00018524128299999998,0.00387722308,38.222136660000004,0.002029971028,0.00018524128299999998,0.008143921589999999,0.0005103703805300001,0.0005383081143,-0.16821788720000003,230.1040248,0.3359546491,0.001599029806,-0.00190340742,0.00052982466337,0.0031788318886
355,1679535000,1.4648705300000002,1.464899,0.0030164035299999996,0.10734446419999996,5.465641870000001,1.0435642780000003,1.58224831,1.4107180500000003,0.353421385,2.6450400029999996,3.357337870000001e-05,1.4132504749999999e-05,3.04135401e-05,6.219217010000001e-05,0.00010989081819999999,0.0001697094052,0.0003170252235,0.0007040340624,0.728107398,0.00157193931,0.001341207897,57.8380057,50.2518625,4.8160635700000005e-05,7.39463613,0.021676763999999998,54.5214521,0.0009837705213,8.972494194e-05,0.0381057747,70.1175446,0.0009837705213,8.972494194e-05,0.00695200078,20.39762398,0.0009837705213,8.972494194e-05,0.00318324325,20.273999279999998,0.0009837705213,8.972494194e-05,0.00827645595,0.00061497150514,0.0006432021478,0.013034173500000013,249.9457097,0.44762079520000003,-0.00034597445799999994,-0.00261033189,0.00077321830403,0.004954697536
355,1679535600,2.4425100799999995,2.4425380800000003,0.0026331646863,-0.2833415775,6.19762676,1.3457797800000002,2.07227575,1.8202680400000002,0.5499819935000001,3.8036719000000003,3.2810545499999995e-05,1.2922320809999999e-05,2.80325918e-05,5.82465508e-05,9.97671744e-05,0.0001660769002,0.0003339256416,0.0008168212579999999,1.217001626,0.00133710803,0.001395401314,57.0200114,50.121060899999996,8.05818462e-05,7.20586689,0.027128233600000003,61.382292400000004,0.0012205705595999998,0.00011172652464999999,0.0492523031,112.29851779999998,0.0012205705595999998,0.00011172652464999999,0.00735223512,30.245870509999996,0.0012205705595999998,0.00011172652464999999,0.0038565543900000005,30.021941500000008,0.0012205705595999998,0.00011172652464999999,0.008496778699999999,0.0005885195954999999,0.000616424095,-0.4960687850500001,212.95181939999998,0.436497013,0.0011554571003999999,-0.0019818368979999997,0.000664679496,0.00400718997
355,1679536200,2.6660587669999996,2.6660860939999997,0.001196436252,-0.9555278850000001,4.90957489,1.4049451300000002,2.1880792799999993,1.98407306,0.44230056380000005,3.1679438540000002,3.35954142e-05,1.0083721658000002e-05,1.6884157770000003e-05,3.0429709819999998e-05,5.45315666e-05,8.928567903999999e-05,0.00017892896962,0.0004553545246,1.3297736470000001,0.0015050802999999999,0.0009075815875,60.590935999999985,50.180909699999994,8.822998960000001e-05,6.795199340000001,0.0264367931,46.1065284,0.003080372252,0.000281100602,0.05117528779999999,118.9986331,0.003080372252,0.000281100602,0.00819223974,60.847594900000004,0.003080372252,0.000281100602,0.00446552899,61.302421800000005,0.003080372252,0.000281100602,0.006892757799999999,0.00027828826303000003,0.00030574697209999997,0.44663695479999993,265.79223781999997,0.22467877139999998,-0.000146200117,-0.002221023856,0.00026912211728,0.0016020662235
355,1679536800,0.7677631009999999,0.767791568,0.0005662274722,-0.8676529389999998,2.2894073500000003,0.7827388040000001,1.12698439,1.064807495,0.10417956264999999,0.9108586630000002,3.0753269800000004e-05,3.369432493e-06,6.018256314600001e-06,1.08835600255e-05,1.7283751197999997e-05,2.9936350280000002e-05,5.482520116499999e-05,0.00012097925886,0.38093047700000005,0.0023862061700000003,0.000318309879,63.929598999999996,50.7104318,2.5424434299999998e-05,6.26243786,0.01395387105,11.64293668,0.0005656388206499999,5.0857350016e-05,0.0277611968,33.8590937,0.0005656388206499999,5.0857350016e-05,0.0065148490000000005,12.934016,0.0005656388206499999,5.0857350016e-05,0.0020243424140000002,12.334122413,0.0005656388206499999,5.0857350016e-05,0.0057742745800000005,9.636901512e-05,0.00012479077950000003,0.08991175219999999,229.53416879000002,0.1216657333,-0.0030793131899999994,-0.0037402134900000003,0.00016937783811,0.00122800176835
355,1679537400,1.9429340500000003,1.9429622299999998,-0.001663267849,0.494149655,6.40009537,1.1721030100000003,1.8563817,1.6206494599999999,0.505530409,3.2628205800000005,3.2785556e-05,1.106787551e-05,2.389263943e-05,5.21455822e-05,9.079760809999999e-05,0.00016611421589999997,0.00031413655649999996,0.000780832686,0.965911852,0.0025422023799999997,0.0015686822819999998,59.151214800000005,50.3275499,6.39630812e-05,7.370625909999999,0.0236784567,54.7851787,0.0009421448440000001,8.56263617e-05,0.0427771896,88.1982616,0.0009421448440000001,8.56263617e-05,0.00696768624,21.034807899999997,0.0009421448440000001,8.56263617e-05,0.0032518980099999996,20.6199049,0.0009421448440000001,8.56263617e-05,0.00824875908,0.000545003061,0.0005730602384,0.054894232999999924,243.34016490000005,0.418359972,0.0008129973899999998,-0.0022394889700000004,0.0007120463956000001,0.0044768346900000006
355,1679538000,2.58566614,2.5856942400000005,-0.0007243375270000001,-0.345547717,6.76618154,1.38396883,2.1766039299999997,1.9730477400000002,0.554881419,4.05636724,3.550023219999999e-05,1.4816677859999999e-05,2.5782404739999997e-05,5.455400319999999e-05,9.704029429999998e-05,0.0001577003952,0.000310657587,0.0007330812929999999,1.28719866,0.00276533919,0.0014677528919999998,58.340077300000004,50.23931890000001,8.53751732e-05,7.27546064,0.0277363613,63.16820650000001,0.0033773189939999997,0.0003082794146,0.0511753494,120.093481,0.0033773189939999997,0.0003082794146,0.0083182813,62.185841,0.0033773189939999997,0.0003082794146,0.00479083243,63.11880549999999,0.0033773189939999997,0.0003082794146,0.0083497363,0.0005233690729999999,0.0005514010260000001,0.3834847760000001,320.55325589999995,0.425777607,0.00024913908400000004,-0.00210020619,0.0006399733829999999,0.003955925469999999
355,1679538600,1.7487972299999999,1.74882487,-0.00322706715,2.1920333018,6.26501632,1.0342801549999998,1.6499754,1.4362563400000001,0.593044861,3.41204455,3.3963449500000006e-05,1.707856796e-05,3.54876722e-05,8.274304889999999e-05,0.0001427016016,0.0002349915513,0.00048649897860000006,0.0010505189260000003,0.8667312869999998,0.0032096448899999997,0.002401181675,58.8605732,50.5332022,5.72084089e-05,7.55862873,0.023412368799999996,81.01874710000001,0.0009704996537999999,8.91927719e-05,0.0387797568,85.079284,0.0009704996537999999,8.91927719e-05,0.007053849670000001,20.430529939999996,0.0009704996537999999,8.91927719e-05,0.0034860081,20.35927879,0.0009704996537999999,8.91927719e-05,0.009822976030000001,0.000862750867,0.000890525803,0.42676878439999993,177.9005865,0.46431882999999996,0.002084645673,-0.002335702873,0.0008970621020000001,0.005167930515
355,1679539200,1.581000065,1.581028225,-0.002190272685,1.1710117075,5.9200434,1.015997377,1.67851374,1.4356188500000002,0.503608755,3.103471646,3.168453850000001e-05,8.31174021e-06,2.0609540629999998e-05,4.1856034599999996e-05,7.32446833e-05,0.0001354598467,0.000259983005,0.0006199883311,0.785877974,0.00215151623,0.001307120761,59.205032700000004,50.38403039999999,5.201048459999999e-05,7.305625629999999,0.020252264649999997,43.19267354,0.0009159375681,8.332512219e-05,0.037702264799999996,73.151089,0.0009159375681,8.332512219e-05,0.00685743036,19.633925729999998,0.0009159375681,8.332512219e-05,0.0029393147300000003,19.28845802,0.0009159375681,8.332512219e-05,0.007526219649999999,0.0004568676309,0.000484862881,0.52139331,387.406784,0.415992608,-0.0010618596753999999,-0.0027506774600000003,0.0006677811278,0.004251933143
355,1679539800,2.3978493700000003,2.3978772600000005,0.000805460316,-0.007833133999999997,6.66339081,1.3232484599999998,2.02794941,1.8697695799999998,0.615493406,4.572963699999999,3.4241272700000005e-05,1.2420997909999998e-05,2.4286858110000003e-05,4.8149578099999995e-05,8.65218874e-05,0.0001503967997,0.00030863600439999994,0.000764636313,1.19408498,0.0020471113400000003,0.0013905150209999999,57.7213927,50.2078735,7.912337829999999e-05,7.17200799,0.026153529,59.1315819,0.0020664406499000003,0.00018870912109000002,0.048440985199999995,108.346811,0.0020664406499000003,0.00018870912109000002,0.00772903432,43.27452523000001,0.0020664406499000003,0.00018870912109000002,0.00402608208,43.512639130000004,0.0020664406499000003,0.00018870912109000002,0.00793127774,0.000480309505,0.0005083267096,-0.3493267186000001,362.026954,0.389920528,0.00010559537399999998,-0.00211885267,0.00056319900185,0.0036391837169999996
355,1679540400,2.40779528,2.4078234,-0.0008264192996000001,0.35892206759999995,6.3005673600000005,1.30828143,2.08802626,1.86166932,0.5205540033,3.587089126,3.67497484e-05,1.4492942829999999e-05,2.54032835e-05,5.288936932000001e-05,9.82334092e-05,0.00016330575676000002,0.0003360305174,0.0007742540282000001,1.1982249050000005,0.00258004308,0.001619145877,59.7712279,50.3186552,7.943149519999999e-05,7.27946463,0.025786868100000006,57.762905,0.0015882170003,0.00014448347747999998,0.0476231538,106.2107781,0.0015882170003,0.00014448347747999998,0.0078067286900000005,50.40435327,0.0015882170003,0.00014448347747999998,0.00424161186,49.70169382000001,0.0015882170003,0.00014448347747999998,0.008164174409999999,0.0004930643178000001,0.000521223726,0.06195961999999999,185.22189456999996,0.3848097841,-0.00018323902100000005,-0.0023270989400000002,0.0005961370396399999,0.0035830118965999996
355,1679541000,0.620633921,0.620662209,-0.0027514536300000006,-1.0613213,1.75850373,0.684260894,1.14914757,1.064395,0.049795778150000004,0.472315943,2.96356545e-05,1.806269391e-06,2.4962991824000002e-06,4.117935735399999e-06,6.200079409e-06,1.0147241752999998e-05,1.7595766789e-05,3.8535734490000006e-05,0.30642379899999994,0.0036749599600000003,0.0001357557018,68.5503572,51.2853211,2.05985066e-05,6.30123841,0.0123768286,7.199907239999999,0.0005217621703,4.676174158999999e-05,0.0252636441,27.104309399999998,0.0005217621703,4.676174158999999e-05,0.00650133455,11.590903209999999,0.0005217621703,4.676174158999999e-05,0.0018850496500000002,10.900984984,0.0005217621703,4.676174158999999e-05,0.00547182613,2.5917030440000004e-05,5.4274312399999996e-05,0.7506243419399999,90.60154491,0.06204069136,-0.0032084829600000004,-0.00383116026,3.8124232413999995e-05,0.0003261130565
355,1679541600,1.36777842,1.367806665,-0.0059655856800000006,1.6369520009999998,6.332518380000001,0.964075918,1.5171838299999998,1.3382658500000002,0.45952971600000003,3.1057674299999998,3.2730084300000005e-05,1.169764423e-05,2.3316177200000002e-05,5.431314620000001e-05,9.71217284e-05,0.00015507627400000002,0.00031508791600000005,0.0006816235850000001,0.677439495,0.00326607497,0.0018407973550000002,59.712778,50.5875442,4.484236309999999e-05,7.542025239999999,0.020142646999999996,49.950931100000005,0.000892436566,8.115165725999999e-05,0.0352925734,62.7635489,0.000892436566,8.115165725999999e-05,0.006914326170000001,19.93406081,0.000892436566,8.115165725999999e-05,0.0030136013599999997,19.614849720000002,0.000892436566,8.115165725999999e-05,0.00819765922,0.000545296554,0.000573436425,-0.4704336049999999,260.66997150000003,0.454048366,-0.0008275881960000001,-0.00255554205,0.000729481468,0.0046758367999999995
355,1679542200,1.9502643199999998,1.9502922900000002,-0.0146290094,0.14375219850000004,4.791558719999999,1.177472673,1.9026956,1.7183774299999999,0.3317426115,2.535569798,3.2030006e-05,8.366510850000001e-06,1.8059833640000002e-05,3.7297672020000003e-05,5.567205889e-05,9.994885867e-05,0.00017901137536000002,0.00040113963920000007,0.9704721549999998,0.001713585763,0.00214304043,61.6768325,50.3900948,6.45406711e-05,6.913291920000001,0.022061882499999998,40.373168699999994,0.001604945199,0.0001464876155,0.042968746,85.65231010000001,0.001604945199,0.0001464876155,0.007618016730000001,40.42577324,0.001604945199,0.0001464876155,0.0037186113399999996,39.92981214,0.001604945199,0.0001464876155,0.006775736660000001,0.00033237899909,0.00036065295129999997,0.014570649100000008,187.59918531,0.28737274403,-0.001514165495,-0.0027295127600000003,0.00047267971095,0.0029321925262
355,1679542800,1.7632310900000001,1.76325927,0.0174995397,-0.9764684564839999,3.49540674,1.16438723,1.88777012,1.76525388,0.17484695970000003,1.7210048789999999,3.0243432299999998e-05,4.212123408e-06,6.9182251009999996e-06,1.5515798375000005e-05,2.373626745e-05,4.3101534086e-05,6.354397248e-05,0.0001419075251,0.878455748,0.0014479176699999999,0.001410888,64.0073383,50.285344599999995,5.85155963e-05,6.5666128399999995,0.0210249564,24.9719329,0.001080635112,9.79565528e-05,0.04272488210000001,76.81460110000002,0.001080635112,9.79565528e-05,0.007122502280000001,25.254854639999998,0.001080635112,9.79565528e-05,0.00302273056,24.698441640000006,0.001080635112,9.79565528e-05,0.00578330681,0.00011636870841000001,0.00014448183949999997,-0.07442221820000001,130.17647615,0.170241716484,-0.00200020945,-0.00293411503,0.000217634330473,0.0015028584566
355,1679543400,1.8925965399999995,1.89262455,0.00393720071,-1.0174901938,3.8856811700000002,1.1704024409999998,1.86800703,1.7318403800000002,0.29591550045000004,2.455771178,3.418089970000001e-05,7.927404112e-06,1.1161989357999999e-05,1.7142341550000003e-05,2.6299078602999997e-05,4.4299349146000005e-05,8.190214391000001e-05,0.00020293844868,0.9424441939999999,0.00200354779,0.00145229378,62.7968975,50.395157000000005,6.27562946e-05,6.446087680000001,0.0212559867,28.3413404,0.002479122865,0.00022603505069999997,0.0426321343,82.51668930000001,0.002479122865,0.00022603505069999997,0.00775143569,47.7318406,0.002479122865,0.00022603505069999997,0.00367271313,47.962332,0.002479122865,0.00022603505069999997,0.005908757179999999,0.00011549991044999999,0.0001435254137,0.11417496900000002,203.60214725,0.152739043896,-0.0019202493379999997,-0.00294689567,0.000174102157607,0.0011992687659999998
355,1679544000,1.1447461600000002,1.1447743899999998,-0.0290335138,-1.53277812,1.6164868399999999,0.9694762159999998,1.45328186,1.38161715,0.0331608059,0.525433411,3.0086411500000005e-05,2.331442687e-06,2.374101817e-06,3.1329959950000003e-06,4.5009379399999995e-06,6.11958926e-06,1.0644581280000001e-05,2.2347003800000002e-05,0.5689504710000001,0.0019962266899999997,0.00137285433,66.19819859999998,50.5270015,3.80369747e-05,6.492090589999999,0.0169947497,11.924022200000001,0.0010531179775,9.539046239999998e-05,0.0347906461,49.7579254,0.0010531179775,9.539046239999998e-05,0.0070177746,22.04258239,0.0010531179775,9.539046239999998e-05,0.00263982949,21.500741189999996,0.0010531179775,9.539046239999998e-05,0.005327320379999999,2.30208597e-06,3.06112814e-05,0.0706774319,6.705141069,0.008138886120000001,-0.0027794163399999998,-0.0034632625600000003,1.087007963e-06,1.79246722e-05
355,1679544600,1.0409490259999998,1.040977592,-0.0628987581,-1.5502626,1.4685448500000002,0.9158846869999999,1.345803577,1.2846391760000002,0.031667961999999994,0.473711092,3.05782034e-05,2.376918999e-06,2.3725352977e-06,2.9491960380000007e-06,3.923439747000001e-06,4.8349375029999994e-06,7.95294132e-06,1.5399759049999998e-05,0.517399472,0.00152542514,0.00150773156,66.93653499999999,50.5824252,3.462617055e-05,6.005527550000001,0.016037004900000006,10.89318033,0.000986038746,8.925610996000002e-05,0.032748777599999994,45.269576300000004,0.000986038746,8.925610996000002e-05,0.0069157518500000004,20.83307481,0.000986038746,8.925610996000002e-05,0.00247490789,20.38096204,0.000986038746,8.925610996000002e-05,0.005336725589999999,2.15000559e-06,3.05664568e-05,0.07777053249999999,6.962731441999999,0.0059256810730000005,-0.00288955899,-0.00356124726,1.00430146e-06,1.612001005e-05
355,1679545200,0.46710398599999997,0.467132295,-0.168181591,-1.5548307699999997,0.961716858,0.623864515,0.818162471,0.8019244819999999,0.00868325315,0.21431060400000002,3.0102697100000006e-05,1.966249275e-06,2.0295942858e-06,2.4122520001e-06,3.027475048e-06,3.781405537e-06,5.775924567e-06,1.0664259739999999e-05,0.229746446,0.001715466,0.00205850039,68.7562611,51.3153735,1.55262185e-05,6.2320914400000005,0.010751114599999998,4.9075111499999995,0.00042176011629999993,3.7643847256e-05,0.022071064,19.988630199999996,0.00042176011629999993,3.7643847256e-05,0.006280712650000001,9.00543767,0.00042176011629999993,3.7643847256e-05,0.0015834938599999997,8.309827330000001,0.00042176011629999993,3.7643847256e-05,0.005328483760000001,1.074199005e-06,2.9447485399999998e-05,0.0566542545,5.863710093,0.00450559564,-0.0035775655100000006,-0.00406876737,8.691136890000001e-07,1.4447410149999998e-05
355,1679545800,0.41715813500000004,0.417186568,-0.192535628,-1.51814379,0.8573511629999999,0.5851280090000002,0.7824613960000001,0.7555355630000001,0.013802565999999999,0.19455879999999998,2.9797397200000002e-05,1.5121894440000001e-06,1.5528892084e-06,1.924559791e-06,2.413240376e-06,3.054333743e-06,4.947434362e-06,9.130587320000001e-06,0.20471039799999996,0.0015273059299999998,0.0023153726700000004,69.4192115,51.487379700000005,1.3862721399999999e-05,6.37087587,0.0101827955,4.50625549,0.0002844484183,2.5182655380000002e-05,0.0208299315,18.0148357,0.0002844484183,2.5182655380000002e-05,0.006145801880000001,6.719593000000001,0.0002844484183,2.5182655380000002e-05,0.0014019193599999998,5.962765891000001,0.0002844484183,2.5182655380000002e-05,0.005330623479999999,1.080668241e-06,2.9483020999999996e-05,0.1602549076,4.167403443,0.001992290167,-0.0036009627699999996,-0.00409678637,9.458214610000001e-07,1.5089833599999999e-05
355,1679546400,0.49131323400000004,0.491341758,-0.15825452550000002,1.5468961799999998,2.7763972509999997,0.5557424209999999,0.802449502,0.699471357,0.18363808917,1.0265027999999998,3.0667764500000004e-05,5.789364614e-06,1.3258297217600001e-05,3.4374751860399995e-05,5.3151550132000006e-05,9.3629632926e-05,0.000177081051002,0.00035700803235,0.24046232439999998,0.00135009569,0.00310743766,68.4649776,51.5585558,1.5992111049999998e-05,6.724383349999999,0.011291183599999999,22.84520681,0.00016151528130000002,1.4677810687999998e-05,0.019894801500000003,22.4495441,0.00016151528130000002,1.4677810687999998e-05,0.00614093938,7.2330523499999995,0.00016151528130000002,1.4677810687999998e-05,0.0016535357029999996,6.489595453,0.00016151528130000002,1.4677810687999998e-05,0.00684729538,0.00031795782419600003,0.00034654148300000004,0.09651583949999995,126.80597927,0.20647537107840003,-0.0018475169700000002,-0.0036534318,0.000349360224337,0.0019512763013
355,1679547000,1.27266773,1.2726960029999999,-0.0719707631,0.8614804570000001,5.068317339999999,0.9500525559999999,1.4728199600000003,1.2841517100000002,0.3064113751,1.99020525,3.2895646499999994e-05,1.219235949e-05,2.28971422e-05,5.49953882e-05,9.310331860000001e-05,0.0001378833128,0.00027107794349999996,0.0005836838544,0.631167714,0.001083623777,0.0029016918000000004,60.399349199999996,50.4367821,4.18220358e-05,7.432368630000001,0.0195279852,45.239884700000005,0.0008289818306,7.5222979e-05,0.0344572745,57.55732760000001,0.0008289818306,7.5222979e-05,0.00683123794,17.96115991,0.0008289818306,7.5222979e-05,0.00294603402,17.70227216,0.0008289818306,7.5222979e-05,0.00812348352,0.0005438475023,0.0005721043461999999,0.17469597450000002,274.958245,0.38794756399999997,-0.000534636384,-0.0026282512399999998,0.0006541160866,0.0036559870950000004
355,1679547600,1.0070147710000001,1.007043152,-0.0961226452,1.15515436,4.8619109200000015,0.8232194820000001,1.29873965,1.1232342499999999,0.2869006179,1.8154148239999999,3.65129084e-05,1.813449509e-05,3.377991971e-05,7.343742647e-05,0.00011924361480000001,0.00019895107274999998,0.00035451884600000004,0.0006598609966000001,0.49676694900000007,0.0019272882500000002,0.0033462713999999998,61.957192,50.68964710000001,3.28759278e-05,7.52634928,0.01828431605,49.73111305,0.0010135784109999999,9.198028829999999e-05,0.030570063200000004,48.31748269999999,0.0010135784109999999,9.198028829999999e-05,0.007261662449999999,31.023997510000004,0.0010135784109999999,9.198028829999999e-05,0.0033516025800000003,30.46984693,0.0010135784109999999,9.198028829999999e-05,0.008431704340000002,0.00063853354785,0.0006667915468,0.05582676799999999,204.38489950000002,0.4376723063,0.000495080843,-0.0024480130800000003,0.00070711381617,0.004246308464
355,1679548200,1.076344905,1.076372964,-0.08984998359999999,1.0314486059999999,5.48851758,0.864148943,1.33391572,1.20873692,0.3232509399,2.3873289939999998,3.23979747e-05,9.55821191e-06,1.69799922e-05,3.841393419e-05,7.268249397999999e-05,0.00011208944383000002,0.00021463099115,0.00045840807359999995,0.531767163,0.00264709243,0.00283074725,63.23714500000001,50.80240190000001,3.53458693e-05,7.44063828,0.0176040303,34.66763204,0.000634014352,5.7715455150000004e-05,0.0319310352,49.9623642,0.000634014352,5.7715455150000004e-05,0.00681172145,18.33116995,0.000634014352,5.7715455150000004e-05,0.00274691343,17.64596961,0.000634014352,5.7715455150000004e-05,0.007394567659999999,0.00039970183231,0.00042780914629999997,0.12732743159999999,319.16827017,0.39324715080000006,-0.001267298435,-0.0028704671899999995,0.00060674637343,0.0044193303248
355,1679548800,1.26972832,1.269756364,-0.07510943480000001,1.6668415851999998,6.1102116099999995,0.9253043960000001,1.46494472,1.27766402,0.41704039699999995,2.8712474300000004,3.12214395e-05,1.074542431e-05,2.31292009e-05,5.5897831e-05,0.000101175626,0.00016302927640000003,0.00031680014850000006,0.000691758363,0.6278420259999999,0.0025746260000000004,0.0030813392800000004,60.693426599999995,50.6336786,4.15804417e-05,7.487903149999999,0.019799032700000004,50.910371500000004,0.0007337751639,6.630739404e-05,0.0341773632,59.72884750000001,0.0007337751639,6.630739404e-05,0.00686814194,16.557090600000002,0.0007337751639,6.630739404e-05,0.00301919039,16.179931240000002,0.0007337751639,6.630739404e-05,0.008296095770000001,0.0006030296020000001,0.000631111651,1.157547332,399.59771250000006,0.495379956,-0.000154721484,-0.00256765221,0.000774625249,0.005146104049999999
355,1679549400,1.215586944,1.2156150030000001,-0.0819381824,2.057029021,5.9433314699999995,0.894712367,1.41596822,1.20509928,0.41111885700000006,2.643744716,3.1882694600000006e-05,1.4176508499999999e-05,3.2166066649999996e-05,7.234124749999999e-05,0.0001260325188,0.00019868707920000004,0.0003826664435,0.00083391738,0.600364157,0.0022957976,0.0034689311900000007,60.57693069999999,50.6167281,3.9730297e-05,7.5258105099999995,0.0199999332,60.355165799999995,0.0009009434032,8.22673983e-05,0.033292086,58.1586856,0.0009009434032,8.22673983e-05,0.006890797030000001,18.03535255,0.0009009434032,8.22673983e-05,0.0031111856600000002,17.95093394,0.0009009434032,8.22673983e-05,0.00894340364,0.0007580307449999999,0.000786087281,0.20621956899999994,372.8424604,0.47358754599999997,0.0009903117090000004,-0.002577721846,0.0008463015979999998,0.004877609200000001
355,1679550000,1.114856789,1.11488485,-0.009548291776,1.6065831760000002,5.4841674099999995,0.868583039,1.37317939,1.16407302,0.355096609,2.2287232999999995,3.43935409e-05,1.6062634420000003e-05,3.109382544e-05,7.292057636e-05,0.00012993573412999998,0.00020830322119999998,0.00039656245659999993,0.0008460006903000001,0.55001339,0.00375156341,0.0019548511960000006,60.43027709999999,50.75392860000001,3.63777337e-05,7.485775289999999,0.0199436005,60.3918212,0.0005490730091,5.042892337e-05,0.032080816899999996,54.71692320000001,0.0005490730091,5.042892337e-05,0.00673812791,15.37474101,0.0005490730091,5.042892337e-05,0.00298903812,14.978597350000001,0.0005490730091,5.042892337e-05,0.00931041694,0.0007734616953000001,0.00080164911,0.468622701,314.0479161,0.43568224200000005,0.002186864989,-0.00258240269,0.000757014509,0.0045790868799999995
355,1679550600,1.033682155,1.033710125,-0.0014074356150000002,1.074293235,5.58437045,0.8523527870000001,1.3269779999999998,1.184473663,0.33492280300000005,2.7726765469999997,3.21753366e-05,8.93214393e-06,1.659122844e-05,3.5104225099999995e-05,6.108151697e-05,0.00010284223947000003,0.00017426289489999998,0.0003767224421,0.511201092,0.00399448572,0.000865575703,59.776715100000004,50.9920956,3.40513511e-05,7.3187861299999994,0.016641852999999998,31.793641060000006,0.000909772306,8.254697155e-05,0.030644412899999994,46.554572799999995,0.000909772306,8.254697155e-05,0.00668880067,17.605724610000003,0.000909772306,8.254697155e-05,0.0025313368200000005,17.32065174,0.000909772306,8.254697155e-05,0.006945337090000001,0.00035093913866,0.0003789334636,0.3610907044000001,526.5301507,0.42709410969999995,-0.00195716532,-0.0033166136700000003,0.00057695861455,0.0044227006404
355,1679551200,2.7148990700000004,2.71492628,0.0020179410304000003,-0.43798290700000003,5.86536654,1.42161126,2.23338067,2.0539752399999998,0.5904544860000001,4.61682009,3.23504962e-05,6.961841660000001e-06,1.3653669508e-05,2.7630792540000002e-05,4.894038238e-05,8.161678347999999e-05,0.00015687423177000002,0.00039661099944999996,1.35306148,0.00285130264,0.000798891759,60.112202,50.26075970000001,8.990740710000001e-05,6.75014459,0.026449670199999997,44.199159300000005,0.00109051113,9.92444916e-05,0.0520308558,120.2960896,0.00109051113,9.92444916e-05,0.0076190832,32.4724461,0.00109051113,9.92444916e-05,0.00381868566,31.732162800000005,0.00109051113,9.92444916e-05,0.00658099407,0.00026023545435,0.00028735159650000004,0.5355100366000001,271.443268677,0.33284264787,-0.001009653564,-0.0022846925499999996,0.00043502592123000007,0.0030367923898
355,1679551800,1.659765755,1.6597939149999998,-0.0014895893459999996,-1.43702662,2.04069975,1.125757916,1.79855491,1.6762636399999997,0.06645395979999999,0.8043130119999999,3.19142791e-05,4.38073617e-06,4.409421149599999e-06,5.341457964000001e-06,7.523260779999998e-06,9.540547697e-06,1.5257040504e-05,3.2018271259999994e-05,0.826431732,0.0032386848099999997,0.000130205484,62.774945200000005,50.615389900000004,5.5195247300000007e-05,6.16395475,0.019668481300000002,16.780617130000003,0.0012853698973000001,0.00011669494864,0.0406817236,71.41636070000001,0.0012853698973000001,0.00011669494864,0.007242447440000001,28.3684397,0.0012853698973000001,0.00011669494864,0.00304277105,27.8997546,0.0012853698973000001,0.00011669494864,0.00533036013,2.86291546e-06,3.11793381e-05,0.08348508404000002,10.931112678999998,0.010816918659999999,-0.00252607377,-0.00331170124,1.1641916590000001e-06,1.90315302e-05
355,1679552400,0.891945983,0.891974326,0.0023229771818999998,-0.700797935,3.1793095400000007,0.8353448099999999,1.2234373600000001,1.1171216199999998,0.1555346522,1.2081948830000002,3.09870335e-05,5.269885438e-06,8.404222746e-06,1.9598440389999998e-05,3.1939902621e-05,5.117238035200001e-05,9.725536740000001e-05,0.00020313628157999996,0.44088645600000004,0.0041782388,0.00048780352789999995,65.0858432,51.0778324,2.94827159e-05,6.630324249999999,0.015590235049999998,18.64216,0.0007125596175,6.466817729500001e-05,0.029780742,39.6902558,0.0007125596175,6.466817729500001e-05,0.006551716789999999,15.056906339999998,0.0007125596175,6.466817729500001e-05,0.00218481219,14.559680630000003,0.0007125596175,6.466817729500001e-05,0.00622970634,0.00018116824023999998,0.0002095683909,-0.549873013,261.13735263,0.204794875843,-0.00240210263,-0.0034767110599999997,0.0002958405589,0.0022288829749999997
355,1679553000,1.224999913,1.225028386,0.00399926783,0.22666207099999996,5.5493444499999995,0.961262292,1.4227559300000001,1.2677636700000001,0.30535850950000004,2.2256186749999998,3.2582665400000006e-05,1.0805800099999999e-05,1.955951634e-05,5.2055406599999996e-05,8.786116760000002e-05,0.0001449068801,0.00026937631899999996,0.000578989936,0.606654981,0.00344742003,0.001229792229,59.8398734,50.6077375,4.02472426e-05,7.398224600000001,0.019416692000000003,39.8438059,0.000710425816,6.455920543e-05,0.03460652300000001,55.82908629999999,0.000710425816,6.455920543e-05,0.006905457039999998,17.0543689,0.000710425816,6.455920543e-05,0.0029583286100000003,16.59747429,0.000710425816,6.455920543e-05,0.00783641021,0.0005226221357,0.0005510595399999999,-0.27262344599999994,401.102217,0.45331170600000004,-0.00019340884,-0.0023321170899999995,0.0007096269850000001,0.00478876938
355,1679553600,0.9644601099999999,0.9644886619999999,0.0022976237520000004,-0.9021506800000001,2.7667219600000004,0.8745625159999999,1.27616397,1.1639230200000001,0.12989168188999997,1.0871777200000001,3.1564696699999996e-05,6.279807108e-06,1.00679241146e-05,2.4773965977999997e-05,4.2757383504000004e-05,6.4201972606e-05,0.00011765343679000004,0.00024077198720999998,0.47812547,0.0030661003799999998,0.0005284769162,64.55547620000002,50.694379299999994,3.1887519799999994e-05,6.5903163299999985,0.01650829025,21.27015737,0.0007087971271000001,6.430491354e-05,0.031278760499999995,43.3320925,0.0007087971271000001,6.430491354e-05,0.006613438420000001,15.72724091,0.0007087971271000001,6.430491354e-05,0.00228244201,15.174170039999998,0.0007087971271000001,6.430491354e-05,0.00649089627,0.00023632123286999998,0.00026485384559999997,-0.35461935137,110.55674639800002,0.15134158503900003,-0.001858917684,-0.0034217874600000002,0.000242154917482,0.0014781180282000001
355,1679554200,0.6011237800000001,0.6011521369999999,-0.0012720708419999998,-1.5178943300000003,1.26588864,0.7031433,1.0736577559999998,1.000568073,0.030297307100000004,0.32257061499999995,2.91164606e-05,9.750226910000002e-07,9.553683879999999e-07,1.22591416e-06,1.7897030669999998e-06,2.320931248e-06,3.92840155e-06,8.584499479999998e-06,0.296933494,0.0035305149899999997,7.67417248e-05,69.0750581,51.236088800000005,1.99864626e-05,6.10966563,0.01252190925,6.38520744,0.0005251688379999999,4.706938494e-05,0.0251879646,26.2861526,0.0005251688379999999,4.706938494e-05,0.00643546666,11.54051634,0.0005251688379999999,4.706938494e-05,0.0017878561150000004,10.823211800000001,0.0005251688379999999,4.706938494e-05,0.0053269649,1.3341576499999998e-06,2.96650619e-05,-0.150152956,14.007678804000003,0.005480003716000001,-0.0034617949199999996,-0.00396530017,1.012227552e-06,1.6171885700000004e-05
355,1679554800,1.0958091540000001,1.095837498,0.00011253065299999996,0.08848448800000001,4.7080436400000005,0.893858588,1.4136056399999997,1.260788484,0.2668181346,2.048877324,3.16646551e-05,6.16808309e-06,1.219420657e-05,2.416969313e-05,3.876288405000001e-05,6.432718104e-05,0.00011633048463000001,0.0002644760963,0.5443079849999999,0.00253395705,0.0005325290876,60.557745899999986,50.5950878,3.6204091899999994e-05,7.09863393,0.0165419575,19.22620173,0.0007749270712,6.99189496e-05,0.0322855074,48.1060813,0.0007749270712,6.99189496e-05,0.0066932401,16.4001017,0.0007749270712,6.99189496e-05,0.00240897958,15.870660359999999,0.0007749270712,6.99189496e-05,0.00632088923,0.00022810185214000006,0.0002565063304,0.1640595613,325.84179621400006,0.337573187197,-0.0022559827799999996,-0.00313963019,0.000421606998948,0.0030356162615999996
355,1679555400,1.18784507,1.18787389,0.000524893767,-0.5575387265999998,4.0855622899999995,0.962612204,1.4571445,1.36279159,0.2060037684,1.8041901280000001,3.14913918e-05,4.76977068e-06,8.01946441e-06,1.647920108e-05,2.6635446429999998e-05,4.7252495310000006e-05,8.880844135000001e-05,0.00019736215710000003,0.590724893,0.0022579196669999997,0.0005474295685,60.2234367,50.43741000000001,3.93310167e-05,6.87398036,0.017706818200000002,22.490538300000004,0.001603980738,0.0001459471584,0.0347387823,52.9957761,0.001603980738,0.0001459471584,0.00723473337,29.14742817,0.001603980738,0.0001459471584,0.00293970594,29.08733539,0.001603980738,0.0001459471584,0.006012227890000001,0.00014825272720999998,0.0001768910496,0.47598146876999997,307.38468687000005,0.2540893048,-0.002284359066,-0.00315242123,0.00029163587829,0.0022763142246999997
355,1679556000,0.873217157,0.8732456809999999,0.0023999823060000002,-1.01944836,2.63734306,0.8235271200000002,1.2636760800000002,1.18979882,0.11128050860000001,1.0700679750000002,2.9969734799999998e-05,2.59225203e-06,4.516355797799999e-06,8.540001446e-06,1.4108194327000002e-05,2.4657387380999997e-05,4.5703561513999996e-05,0.00010475790780999998,0.43529889999999993,0.00083015427,0.000273133665,61.241154800000004,50.2374621,2.8939827199999994e-05,6.2132026599999985,0.014868381900000002,13.09426748,0.0005803881593,5.2463250083e-05,0.0299989228,38.9335108,0.0005803881593,5.2463250083e-05,0.00655837767,13.120331470000002,0.0005803881593,5.2463250083e-05,0.00209919957,12.516008575,0.0005803881593,5.2463250083e-05,0.005708528629999999,7.15991805e-05,0.0001001689949,0.13191345389,137.261412972,0.10862537768999998,-0.002929744486,-0.0036455906000000004,0.00011012499892999999,0.00072224141465
355,1679556600,0.652636354,0.652664722,0.0038785001600000007,-1.44144515,1.26768872,0.7188513,1.143559891,1.0829580399999998,0.021162138,0.29905101,2.94883397e-05,1.346897023e-06,1.352984724e-06,1.724055365e-06,2.47166872e-06,3.2407138200000003e-06,5.456998820000001e-06,1.142653475e-05,0.325311736,0.0009103295300000001,6.75427674e-05,64.54375759999999,50.325129700000005,2.1700549399999997e-05,6.31583048,0.012644385499999999,6.86094157,0.00043038550659999994,3.8405326e-05,0.026323343199999998,28.685149400000007,0.00043038550659999994,3.8405326e-05,0.00646060653,10.487031570000001,0.00043038550659999994,3.8405326e-05,0.0018387257499999996,9.774809899000001,0.00043038550659999994,3.8405326e-05,0.005336188809999999,1.37960801e-06,2.9813200199999998e-05,0.09006314809,17.204427240000005,0.007811106908,-0.0034200518399999996,-0.003948835349999999,1.07949602e-06,1.72736027e-05
355,1679557200,0.45260407,0.452632244,0.00748159363,-1.41146402,1.11078392,0.598568358,0.973567206,0.9067776869999999,0.01564986442,0.212304891,2.89764876e-05,9.395559120000002e-07,9.223333440000001e-07,1.316002799e-06,1.6308628660000001e-06,2.084448552e-06,3.6444125469999997e-06,7.064322560000002e-06,0.225277702,0.000954095118,5.130113569999999e-05,64.18518470000001,50.4850929,1.5052912499999999e-05,5.954651790000001,0.01041068295,4.66178378,0.00036820326480000007,3.2747494757e-05,0.0218304259,19.6044256,0.00036820326480000007,3.2747494757e-05,0.006356223980000001,8.949600360000002,0.00036820326480000007,3.2747494757e-05,0.00167202525,8.15433272,0.00036820326480000007,3.2747494757e-05,0.00531412167,1.3790344609999998e-06,2.9568718200000003e-05,-0.16552577670000002,25.829428623000002,0.00858101205,-0.0035113634999999997,-0.003959935739999999,1.068429481e-06,1.74738316e-05
355,1679557800,0.439232395,0.43926063600000004,0.007116706560000001,-1.52446846,1.1050087430000002,0.600229738,0.906365178,0.8608387660000002,0.01623899355,0.23825191500000004,2.9342622499999997e-05,1.2351353341e-06,1.2628307169e-06,1.6960426546e-06,2.121091421e-06,2.8475825279999998e-06,6.524359909999999e-06,9.998643169999999e-06,0.21799059999999998,0.0015353195270000001,6.308482269999998e-05,66.9316185,50.7538038,1.46008451e-05,6.26047234,0.010535047799999999,4.7448456100000005,0.0004592299116,4.1056524799999994e-05,0.021622069200000003,19.270208000000004,0.0004592299116,4.1056524799999994e-05,0.0062920034,9.07055246,0.0004592299116,4.1056524799999994e-05,0.00157902409,8.424330260000001,0.0004592299116,4.1056524799999994e-05,0.00532130567,2.056211132e-06,3.0234720900000003e-05,-0.22111555630000007,71.840772697,0.012671880949,-0.00344207227,-0.00394320529,3.764961924e-06,4.44948079e-05
355,1679558400,0.407416319,0.40744460799999993,0.00515282636,-1.6002888299999998,0.9845550510000001,0.5843940240000001,0.8494384319999998,0.812649807,0.008056286210000001,0.18567620499999998,2.8770991199999998e-05,5.92691845e-07,5.764423846999999e-07,9.74692133e-07,1.125342094e-06,1.4717952644999997e-06,4.21155253e-06,5.570564286999999e-06,0.20146323900000002,0.00218003047,4.96258377e-05,68.43803720000001,51.123156800000004,1.3547889000000001e-05,6.085122739999999,0.010109182599999999,4.29685785,0.00021624458459999999,1.8852337684e-05,0.0207499419,17.6832616,0.00021624458459999999,1.8852337684e-05,0.00610829891,6.309496300000001,0.00021624458459999999,1.8852337684e-05,0.0013575837819999998,5.46074883,0.00021624458459999999,1.8852337684e-05,0.005329202430000001,1.4855381899999998e-06,2.98401283e-05,0.06983532783999999,16.742419172,0.0073420096955999995,-0.00340976454,-0.003965020129999999,1.0264866e-06,1.607725115e-05
355,1679559000,0.48558276300000003,0.485611121,0.00576389228,-1.39901898,1.13223458,0.619134713,1.006268231,0.9327659779999999,0.02255059977,0.23334653699999994,2.96467602e-05,1.4439671759999998e-06,1.48817175e-06,1.892074469e-06,2.4591275400000003e-06,3.214835991e-06,5.4046122e-06,1.013378303e-05,0.24147775400000002,0.00123434002,5.16018826e-05,64.3184125,50.5396199,1.61429171e-05,6.26839165,0.01091471715,5.135413059999999,0.00038448357140000004,3.420149495e-05,0.022721604200000002,21.3065037,0.00038448357140000004,3.420149495e-05,0.00636167392,8.72551105,0.00038448357140000004,3.420149495e-05,0.00165663346,8.00823764,0.00038448357140000004,3.420149495e-05,0.005328240349999999,1.263890226e-06,2.96227322e-05,0.0605898073,9.799147158,0.005749635155999999,-0.0035045363099999996,-0.00400150437,1.0746374710000001e-06,1.6507987149999997e-05
355,1679559600,0.358547595,0.358576027,0.0106027815,-1.4686581799999998,0.967867068,0.527039462,0.832525425,0.7880865700000002,0.0087149292,0.171447631,2.9055781899999996e-05,7.397067039999998e-07,7.256296616e-07,1.004868346e-06,1.248829376e-06,1.568024533e-06,2.665649337e-06,5.172733760000001e-06,0.17780030100000002,0.0014200076100000002,3.927353530000001e-05,66.5013082,50.986967500000006,1.1926201650000001e-05,6.08283659,0.009197859659999998,3.7788713099999995,0.0003476867446000001,3.081781203e-05,0.0191351626,15.647254049999997,0.0003476867446000001,3.081781203e-05,0.0062472054599999995,7.530139489999999,0.0003476867446000001,3.081781203e-05,0.00145817623,6.8059834299999995,0.0003476867446000001,3.081781203e-05,0.005337813330000001,1.1268105479999997e-06,2.9571836999999998e-05,0.004480596000000003,65.35438329,0.008903665899000001,-0.00370698629,-0.00414479192,1.0755244479999999e-06,1.771614875e-05
355,1679560200,0.308392159,0.30842065,0.005857681786,-1.436228005,0.9667420210000002,0.48631124099999995,0.7125967719999999,0.6753956130000001,0.02482582697,0.2443852559,2.9107560699999997e-05,7.471927905000001e-07,8.039057106999999e-07,1.2071683887e-06,1.484500098e-06,2.063382565e-06,4.074629723e-06,7.18879825e-06,0.1521039455,0.00202814485,4.5712362e-05,68.607681,51.6752171,1.024895156e-05,6.3670487399999995,0.00842434985,3.28467026,0.00019077075694999999,1.6529551125e-05,0.017148085700000003,13.327912190000001,0.00019077075694999999,1.6529551125e-05,0.00598991117,4.7671472050000006,0.00019077075694999999,1.6529551125e-05,0.001144351001,3.9649898175000002,0.00019077075694999999,1.6529551125e-05,0.005354313330000001,2.578922181e-06,3.11019282e-05,-0.09740565134,142.40203158599996,0.020315412539,-0.0036830123800000005,-0.004140019350000001,4.679866454e-06,5.4185494699999996e-05
355,1679560800,0.582117765,0.582146279,0.00532269171,-1.49591607,1.2026992,0.688140474,1.0713327200000002,1.0175560579999998,0.01086474996,0.263970815,2.96369759e-05,1.3069388150000002e-06,1.3447612638e-06,1.6742844497000003e-06,2.2643398929999994e-06,2.92009092e-06,5.6937383100000005e-06,1.0026992980000002e-05,0.288563065,0.0024237604500000004,4.54901019e-05,66.0240052,50.8731821,1.93589914e-05,6.03309008,0.0118979915,6.067528640000001,0.000502528908,4.4983387840000004e-05,0.0247893462,25.2321575,0.000502528908,4.4983387840000004e-05,0.006504459749999999,11.2278133,0.000502528908,4.4983387840000004e-05,0.0018671295500000001,10.56772157,0.000502528908,4.4983387840000004e-05,0.00533262624,1.49454061e-06,2.98996934e-05,0.05929561619999999,8.616702618000001,0.006855038381000001,-0.00335067527,-0.00386823686,9.98743523e-07,1.6720098100000002e-05
355,1679561400,0.871973329,0.8720015350000001,0.0016165155714000002,-1.4042887,1.4702323700000002,0.827460664,1.3438910099999999,1.25490083,0.026104220900000003,0.39670601699999997,2.9403298499999996e-05,1.4521171900000001e-06,1.3951860155000001e-06,1.8493626420000003e-06,2.481505954e-06,3.017040306e-06,5.754027619999999e-06,1.096605041e-05,0.43376899,0.00214589484,4.3678795800000005e-05,63.9667384,50.55212759999999,2.9020706500000003e-05,5.78446222,0.0144295633,9.052212110000001,0.0007409993471999999,6.6881579427e-05,0.030223435200000003,37.8531544,0.0007409993471999999,6.6881579427e-05,0.00670905849,15.9610164,0.0007409993471999999,6.6881579427e-05,0.0022267829300000003,15.25681336,0.0007409993471999999,6.6881579427e-05,0.00532890524,2.1975544999999996e-06,3.05176938e-05,-0.11290712404000003,8.235658586000001,0.006468022683999999,-0.00291534558,-0.003567667,1.1299432969999998e-06,1.6445998999999995e-05
355,1679562000,0.951218438,0.951246584,0.0001765936127,-1.43712244,1.55374744,0.86895481,1.3856673,1.31449013,0.026561100699999996,0.4406380449999999,2.9414058099999997e-05,1.5549081800000002e-06,1.4842079155e-06,1.9862062289999998e-06,2.7687490440000003e-06,3.402938961e-06,6.635012350000001e-06,1.284214199e-05,0.473545428,0.0019791882199999998,5.25523207e-05,64.5410991,50.4329896,3.1644312300000006e-05,5.71349628,0.015403295550000001,10.20633395,0.000850019172,7.680412400000001e-05,0.0319207859,42.0740155,0.000850019172,7.680412400000001e-05,0.0068137423899999995,17.106306200000002,0.000850019172,7.680412400000001e-05,0.0023516259199999993,16.560639849999998,0.000850019172,7.680412400000001e-05,0.00531187081,2.18080765e-06,3.0329774599999994e-05,-0.07641957769999999,16.106828344,0.010320499293,-0.00289362082,-0.0035269387799999998,1.151573615e-06,1.8308546200000002e-05
355,1679562600,0.6534262519999999,0.6534546759999998,-0.0015273369919999997,-1.4067385900000002,1.34666611,0.713935601,1.156535317,1.0783079129999997,0.02995779129999999,0.32272645,2.94192481e-05,1.2411519019999999e-06,1.3123056405e-06,1.883339969e-06,2.584517297e-06,3.5586628669999996e-06,7.15860953e-06,1.419779381e-05,0.32468913,0.00191968273,7.134338419999999e-05,65.8361661,50.614342,2.17194796e-05,6.33472267,0.01273666265,6.939563189999999,0.0004883730339999999,4.3684329300000005e-05,0.0261820333,28.5859421,0.0004883730339999999,4.3684329300000005e-05,0.00658089268,11.838531750000001,0.0004883730339999999,4.3684329300000005e-05,0.00198843775,11.07789729,0.0004883730339999999,4.3684329300000005e-05,0.005337993430000001,2.54277944e-06,3.08603944e-05,-0.35722147617,9.62212504,0.008801166420000001,-0.0029288119099999997,-0.0036148666099999997,1.2187169899999999e-06,1.6937618e-05
355,1679563200,0.601381688,0.60141014,0.0005739458180000001,-1.4334490500000001,1.28535173,0.6953150220000001,1.11228394,1.04459438,0.018452808300000005,0.282331781,2.91787393e-05,9.12845748e-07,9.723153745e-07,1.491635775e-06,1.978797147e-06,2.7429300180000003e-06,5.9983376e-06,1.1120253510000002e-05,0.296624655,0.00398376114,5.625358309999999e-05,68.83673460000001,51.3702019,1.99926519e-05,6.23757789,0.0123878269,6.336571139999999,0.0003978400914,3.540246523999999e-05,0.0251269405,25.9520915,0.0003978400914,3.540246523999999e-05,0.006371547850000001,9.54333887,0.0003978400914,3.540246523999999e-05,0.00175359402,8.77412667,0.0003978400914,3.540246523999999e-05,0.00536037903,2.93757867e-06,3.1414353199999997e-05,-0.5207541715,12.8609929,0.0121680706,-0.00287998398,-0.00356906313,1.371168643e-06,1.9660727899999998e-05
355,1679569200,1.6656467,1.6656472,0.0008212804850000001,-1.47444715,2.00462365,1.158749,1.835681,1.7205526,0.062173543500000004,0.76562142,8.193289149999999e-06,8.277672e-06,8.809072249999999e-06,1.0006754999999999e-05,1.26883565e-05,1.59087935e-05,2.8671298500000004e-05,4.6066491e-05,0.8283809,0.0041978052500000005,0.00010648463000000001,58.401052500000006,50.524158,5.5359967e-05,6.285242500000001,0.020338733499999997,17.729182,0.0015538189749999998,0.0001422296785,0.042176119,73.22277500000001,0.0015538189749999998,0.0001422296785,0.004064043650000001,31.963449999999998,0.0015538189749999998,0.0001422296785,0.0031663082,32.36733175,0.0015538189749999998,0.0001422296785,0.0015747908999999998,3.35859435e-06,4.0121991e-06,-0.019440808150000002,2.6928249650000002,0.014577484,0.0028140855500000004,0.0020681401,6.4799232e-07,6.914505150000001e-06
355,1679569800,1.0479156,1.0479240300000001,0.0026011165833333336,-1.4458619666666666,1.6142992666666665,0.9145204016666666,1.4608571000000001,1.3812921666666667,0.020509657166666667,0.45988111,1.0168519366666666e-05,2.0297167283333332e-06,1.9422449600000003e-06,2.287219051e-06,3.3535127249999996e-06,3.908873796666667e-06,6.767154066666667e-06,1.3251482483333333e-05,0.5202326366666666,0.0036181856999999997,7.152561266666667e-05,67.14808166666666,50.704993333333334,3.487560983333333e-05,5.845089733333334,0.016146754,11.245279499999997,0.0010121683683333334,9.237293691666668e-05,0.033504423000000005,46.264177999999994,0.0010121683683333334,9.237293691666668e-05,0.004508124366666665,19.259702666666666,0.0010121683683333334,9.237293691666668e-05,0.0024324756166666664,19.42746826666667,0.0010121683683333334,9.237293691666668e-05,0.0029233428666666666,2.3527947833333333e-06,1.0816464766666667e-05,-0.05701353766666667,2.6016857950000003,0.007041827883333333,-0.0003585824743333333,-0.0010111656258333334,9.093761050000002e-07,8.983788016666667e-06
355,1679570400,0.9370822475,0.93709156,-9.632941750000002e-05,-1.5842778375,1.4462785,0.88230157875,1.293977,1.24077225,0.027700931124999998,0.43088279124999995,1.12836507375e-05,2.254483455e-06,2.4065337075000003e-06,2.964031745e-06,4.180084080000001e-06,5.6582152499999995e-06,9.8506068e-06,2.0578423875e-05,0.46662282874999994,0.001746075825,0.00012158730625,64.1215475,50.419114375,3.1152687375e-05,6.3032690375,0.015525287374999999,9.968100125000001,0.0004694052906250001,4.2618184699999995e-05,0.031598273625,41.177523,0.0004694052906250001,4.2618184699999995e-05,0.00425561405,12.7544039625,0.0004694052906250001,4.2618184699999995e-05,0.0020778951125,12.500007399999998,0.0004694052906250001,4.2618184699999995e-05,0.0030580045249999997,3.3442050375e-06,1.26904033125e-05,-0.02806755675,14.615660994999999,0.0176263607875,-0.00017315683499999996,-0.0008615631,1.59596819375e-06,1.66472506875e-05
355,1679571000,1.1490974340000002,1.149115316,-0.000590935164,-1.55367042,1.67135101,0.975033243,1.45054426,1.38772985,0.0383010102,0.544163011,2.0039877499999996e-05,2.5874836310000002e-06,2.7090841920000003e-06,3.2367646140000003e-06,4.5082848900000006e-06,5.6062144400000005e-06,9.960023850000001e-06,2.039978014e-05,0.5732059030000001,0.001184756563,0.0001062949476,62.7591041,50.2669624,3.8221942600000005e-05,5.88041948,0.0169777753,11.9801714,0.001053244211,9.578061042000001e-05,0.0348477811,49.9399719,0.001053244211,9.578061042000001e-05,0.0057919333100000005,20.863295009999998,0.001053244211,9.578061042000001e-05,0.0025163089499999998,20.6577065,0.001053244211,9.578061042000001e-05,0.004334495000000001,4.52167865e-06,2.24261977e-05,0.022437041099999996,9.45761562,0.015278534399999998,-0.00119157072,-0.00200155,1.46870382e-06,1.764024585e-05
355,1679571600,0.9933470800000002,0.9933688239999998,4.021551900000005e-05,-1.5544056400000001,1.64435023,0.906322018,1.3387533900000002,1.27267635,0.0502436287,0.541552716,2.3561340899999998e-05,2.2176218270000002e-06,2.373110733e-06,3.0537474070000002e-06,4.484825729999999e-06,6.1838080399999995e-06,1.148650763e-05,2.461471485e-05,0.494816912,0.00166324536,0.00013658246,64.6521716,50.382314,3.301783e-05,6.448801090000001,0.0159721281,10.6655043,0.00075086721855,6.799233229500001e-05,0.0325313308,43.6966317,0.00075086721855,6.799233229500001e-05,0.00611751886,17.031236209999996,0.00075086721855,6.799233229500001e-05,0.00234011361,16.5719324,0.00075086721855,6.799233229500001e-05,0.00475722089,5.237123169999999e-06,2.69283542e-05,0.38452728036800005,75.93632778999999,0.028904081970000006,-0.0017099611599999999,-0.00252685688,3.66289983e-06,4.12256998e-05
355,1679572200,0.748013454,0.748037223,0.000354980947,-1.43017252,1.45691948,0.7706734190000001,1.22812498,1.1582603500000002,0.0311362212,0.373093744,2.4610961e-05,1.1032237619999999e-06,1.20633755e-06,1.6518320550000003e-06,2.6002569999999998e-06,3.7093268600000002e-06,6.807068089999999e-06,1.62139936e-05,0.3728691270000001,0.0009674164140000002,0.000135171175,65.95040839999999,50.3485269,2.4866931800000002e-05,6.44013551,0.013590159199999998,7.80369283,0.0006425031839999999,5.796176962999999e-05,0.027965838399999998,32.3508379,0.0006425031839999999,5.796176962999999e-05,0.00626145491,14.287079439999996,0.0006425031839999999,5.796176962999999e-05,0.00219385302,13.7034585,0.0006425031839999999,5.796176962999999e-05,0.0049606660799999995,4.185580430000001e-06,2.7897365600000006e-05,-0.0037234704000000027,13.506702690000001,0.01584466083,-0.00213153899,-0.0029365547899999995,1.7469548099999995e-06,2.19719846e-05
355,1679572800,0.7550013179999999,0.755026228,0.0025109762230000002,-1.49592078,1.4342687699999999,0.7830323000000001,1.19448644,1.13485965,0.0332514732,0.41241924,2.6437979100000008e-05,1.764326547e-06,1.8348869970000002e-06,2.2157955900000003e-06,3.1411758559999998e-06,3.998973035999999e-06,6.64219678e-06,1.451471318e-05,0.37636015899999997,0.000991573358,0.00011291262909999999,64.4221699,50.32737109999999,2.5106566700000003e-05,6.1197893500000005,0.0138559889,8.01665086,0.0004983215221000001,4.488164327e-05,0.028281136399999997,33.0714436,0.0004983215221000001,4.488164327e-05,0.0059661433400000005,11.46867361,0.0004983215221000001,4.488164327e-05,0.001747464794,10.85659353,0.0004983215221000001,4.488164327e-05,0.00504640623,3.0699206399999995e-06,2.80062456e-05,-0.11045227082999998,14.823590849999999,0.01328347554,-0.00257212537,-0.0032329275899999994,1.37633472e-06,1.86104539e-05
355,1679573400,1.0266709759999997,1.0266968640000003,0.0024302428900000003,-1.55863838,1.6099616600000002,0.9217437370000001,1.3530787800000001,1.29915217,0.042261652,0.5397072169999999,2.8591672600000002e-05,3.1163807600000004e-06,3.2143671820000003e-06,3.840073158e-06,5.160030969999999e-06,6.614251e-06,1.032712825e-05,2.11206837e-05,0.511736449,0.00141427641,0.000127126521,63.19025860000001,50.3129862,3.41336508e-05,6.221401230000001,0.016257541200000003,10.8673676,0.0008236585706000001,7.456175585000001e-05,0.033136843799999996,45.223485999999994,0.0008236585706000001,7.456175585000001e-05,0.0066242976000000005,19.29459434,0.0008236585706000001,7.456175585000001e-05,0.00240530416,18.75729732,0.0008236585706000001,7.456175585000001e-05,0.005107681290000001,2.38164439e-06,2.8371222300000002e-05,-0.01678445497,6.230566936000001,0.00892296737,-0.00260652614,-0.00325493139,9.09618382e-07,1.57433834e-05
355,1679574000,1.027673944,1.0277005289999999,0.00165162169,-1.5472943899999998,1.5893360099999998,0.9200642410000001,1.3705168699999999,1.30121471,0.0504479647,0.548969352,2.7703594e-05,1.403509364e-06,1.3782056240000003e-06,1.746914863e-06,2.8044133899999994e-06,3.67014816e-06,6.044259916e-06,1.3755843989999997e-05,0.5127014969999999,0.0009667676109999998,0.0001331586221,64.862787,50.242860900000004,3.41818594e-05,6.02831209,0.016103258599999996,10.7281075,0.000829139365,7.496774349000001e-05,0.033044211000000004,44.99723540000001,0.000829139365,7.496774349000001e-05,0.00672464084,18.1147097,0.000829139365,7.496774349000001e-05,0.00247110118,17.649346559999998,0.000829139365,7.496774349000001e-05,0.00515415678,2.22850045e-06,2.87526089e-05,-0.023077173700000005,6.093278060000001,0.007106831006,-0.00269153109,-0.0032993798999999997,9.88055854e-07,1.616178505e-05
355,1679574600,0.9050263149999999,0.9050454750000001,0.0023563020333333333,-1.5330906333333332,1.5006707833333335,0.8605882316666668,1.2804140666666666,1.2400378666666665,0.02748599641666667,0.4571535633333334,1.9638143083333336e-05,6.48395105e-07,5.801675166666667e-07,8.286342466666665e-07,1.6916293933333333e-06,2.206299543333333e-06,3.7705656283333335e-06,9.753163683333334e-06,0.45094856666666666,0.0014257736833333332,0.00011803626899999999,66.68945599999999,50.39669916666667,3.0113207166666662e-05,5.602054433333333,0.014946907583333334,9.309107,0.0008389978548333333,7.623829666e-05,0.030884107166666664,39.20478433333333,0.0008389978548333333,7.623829666e-05,0.005644748316666667,16.310035883333335,0.0008389978548333333,7.623829666e-05,0.002210132483333333,16.00807693333333,0.0008389978548333333,7.623829666e-05,0.00431173,2.481494466666667e-06,2.1799138666666663e-05,0.020816395833333334,5.417243133333334,0.011575548399999998,-0.0017456545508333333,-0.0023929685000000003,1.2034171266666667e-06,1.540516266666667e-05
355,1679575200,0.643267558,0.6432905530000002,0.0035324806799999996,-1.4014726400000002,1.26870124,0.709563425,1.15758535,1.0975084999999998,0.01369072905,0.288752891,2.4742669100000003e-05,1.948130072e-06,2.0090637791e-06,2.373398356e-06,3.2201911840000003e-06,4.164196306000001e-06,6.123872382e-06,1.203861051e-05,0.319298015,0.0022194058700000002,8.17893888e-05,65.4971439,50.7374165,2.13882842e-05,6.21012075,0.012499627699999998,6.7921119700000006,0.0005749276187,5.182706223e-05,0.026138323199999997,28.182716999999997,0.0005749276187,5.182706223e-05,0.00601943332,12.11487358,0.0005749276187,5.182706223e-05,0.0019531398800000004,11.61706875,0.0005749276187,5.182706223e-05,0.00478353225,1.7224246999999998e-06,2.46227e-05,0.032081117955,1.3995243,0.0028468464606,-0.0025969152099999996,-0.0031298283400000002,7.32585945e-07,1.2186470500000002e-05
355,1679575800,0.596734955,0.596760255,0.004729786850000001,-1.4351201999999998,1.2483381,0.6891391139999999,1.111458944,1.0416317770000003,0.01395563752,0.26268297,2.6675847199999998e-05,1.5405444550000001e-06,1.5526494779999999e-06,1.8274000425e-06,2.497602335e-06,3.153264306e-06,4.7100266870000006e-06,9.56141924e-06,0.296099465,0.0021744064899999996,6.69680421e-05,67.1263498,50.8000737,1.9848238200000005e-05,6.0930215599999995,0.01196180175,6.16789099,0.00040248313130000004,3.5948023586000004e-05,0.025084277,25.8716475,0.00040248313130000004,3.5948023586000004e-05,0.00607642697,9.119033920000001,0.00040248313130000004,3.5948023586000004e-05,0.0017518433599999998,8.475317290000001,0.00040248313130000004,3.5948023586000004e-05,0.00503311926,1.6308256e-06,2.6921415700000002e-05,0.03295485156,13.225408195399998,0.009239128477,-0.00297136623,-0.00346724951,1.09815865e-06,1.6891529599999998e-05
355,1679576400,0.667765085,0.6677914,0.0037340994100000004,-1.4304904500000002,1.2875268099999997,0.727755979,1.1720607699999999,1.11404651,0.01110990454,0.301223138,2.7596856e-05,1.455443089e-06,1.4860842365999999e-06,1.7538626119999997e-06,2.45524406e-06,3.290982583e-06,4.746372892e-06,9.795072270000001e-06,0.331990394,0.0017942082299999998,7.06124934e-05,67.05968620000002,50.59104120000001,2.2210569900000003e-05,5.8814251099999995,0.01269079495,6.92459101,0.000486148311,4.355506831e-05,0.0265908528,29.026831199999997,0.000486148311,4.355506831e-05,0.006309337029999999,11.038083379999998,0.000486148311,4.355506831e-05,0.0019183987100000002,10.40375823,0.000486148311,4.355506831e-05,0.00513190327,1.92560515e-06,2.8240029199999996e-05,0.10354909015,5.182693445,0.005070985899,-0.00286069392,-0.0033883250099999997,8.240211690000001e-07,1.4274100699999999e-05
355,1679577000,0.5689466400000001,0.568973323,0.0008309500610000001,-1.4278224,1.22283732,0.6721499740000001,1.07872045,1.02119371,0.015834685160000004,0.26313361399999996,2.73844738e-05,8.51051135e-07,8.167505176e-07,1.0070245991000001e-06,1.544294331e-06,2.1209512030000002e-06,3.10614173e-06,6.726806560000001e-06,0.28270063,0.00169070116,6.44469989e-05,68.5535061,50.602992900000004,1.89322182e-05,5.82259527,0.01198279735,6.187378799999999,0.00046956366299999994,4.202175840000001e-05,0.0248144148,25.3400309,0.00046956366299999994,4.202175840000001e-05,0.00631580174,10.25629533,0.00046956366299999994,4.202175840000001e-05,0.00180540177,9.592202019999998,0.00046956366299999994,4.202175840000001e-05,0.00516944032,1.73768955e-06,2.84424617e-05,-0.13513006180000003,8.767863666,0.0038532772790999996,-0.0030400981099999998,-0.0035315195800000006,9.53272524e-07,1.629586655e-05
355,1679577600,0.5722951249999999,0.5723222289999998,0.0034169807100000006,-1.42739132,1.1902863000000001,0.674025835,1.08449564,1.027756374,0.01261198497,0.258795585,2.79565526e-05,1.019908386e-06,1.0266374330000002e-06,1.2737616630000001e-06,1.9136643029999998e-06,2.568185279e-06,3.9056696e-06,8.27731741e-06,0.284146148,0.00190776025,7.230307650000001e-05,68.44360300000001,50.738414899999995,1.90315739e-05,6.2624914799999996,0.011630400349999997,5.83711393,0.0005512953541000001,4.952167152000001e-05,0.0245101532,24.648430400000002,0.0005512953541000001,4.952167152000001e-05,0.006383971050000001,11.410161239999999,0.0005512953541000001,4.952167152000001e-05,0.00189600761,10.8165999,0.0005512953541000001,4.952167152000001e-05,0.00520023389,1.79433051e-06,2.8833422600000004e-05,-0.01282531727,0.43532182281000004,0.0011529384425,-0.0029932040999999998,-0.00350163624,7.545428689999999e-07,1.3589358299999999e-05
355,1679578200,0.556675379,0.5567023520000001,0.004717461839999999,-1.40743346,1.19204891,0.6628219340000001,1.0739952799999999,1.017668588,0.01534036982,0.252353853,2.8084534699999996e-05,1.2490442140000001e-06,1.255890347e-06,1.53691045e-06,2.17453668e-06,2.9104967999999997e-06,4.400261129000001e-06,9.23484517e-06,0.276147208,0.00209914004,6.64203892e-05,67.40780240000001,50.8108337,1.8509955799999997e-05,6.17329945,0.0115586365,5.79461662,0.0006411347613999999,5.777043617e-05,0.0242341545,24.146446499999996,0.0006411347613999999,5.777043617e-05,0.006448931430000001,12.5412638,0.0006411347613999999,5.777043617e-05,0.00193561321,11.990615309999999,0.0006411347613999999,5.777043617e-05,0.005208990639999999,1.6289416600000001e-06,2.8724640800000002e-05,0.012683756369999999,15.4430588516,0.006995991256000001,-0.00316928089,-0.00364516134,1.023765212e-06,1.69498486e-05
355,1679578800,0.5500315899999999,0.550058997,0.00322411903,-1.43745924,1.16351051,0.662191356,1.0634949900000001,0.9997430099999999,0.013025398169999999,0.242875752,2.82841781e-05,1.035112387e-06,1.059599279e-06,1.344191074e-06,2.012349394e-06,2.822807666e-06,4.4548871099999995e-06,9.59015811e-06,0.272725985,0.00219257723,7.31219768e-05,68.1890988,50.86038359999999,1.8287306699999998e-05,6.421139340000001,0.011486445750000001,5.699762999999999,0.0006137687587,5.5287154616e-05,0.0240696038,23.8112158,0.0006137687587,5.5287154616e-05,0.00646611931,12.600604409999999,0.0006137687587,5.5287154616e-05,0.00192071336,12.00112802,0.0006137687587,5.5287154616e-05,0.005238917019999999,1.7430853900000002e-06,2.9142820300000004e-05,0.015215082920000001,7.702791873599999,0.006180122129,-0.0031057025699999996,-0.00360758018,9.57339425e-07,1.67071076e-05
355,1679579400,0.372876149,0.372903615,0.0010193152843999999,-1.4609934,0.9342285199999999,0.548014443,0.8692015559999999,0.8225126209999999,0.0039428869,0.15890350999999997,2.78032206e-05,4.4437384e-07,4.4336504e-07,5.972858039999999e-07,1.004715625e-06,1.4939360340000003e-06,2.311066537e-06,5.23698668e-06,0.18414988999999998,0.00221343514,6.222848309999999e-05,71.179297,51.2500596,1.2396550650000001e-05,6.13286237,0.00948309485,3.8977874199999993,0.0002553531172,2.239876986e-05,0.0198345755,16.1474019,0.0002553531172,2.239876986e-05,0.00605931213,5.94891364,0.0002553531172,2.239876986e-05,0.00138749915,5.226580059999999,0.0002553531172,2.239876986e-05,0.0052432132,1.34607901e-06,2.88348085e-05,0.02440076752,0.2657254454,0.00023202711399999994,-0.00333348063,-0.0037688459699999994,7.527937990000001e-07,1.334833115e-05
355,1679580000,0.461303587,0.4613309099999999,-0.00253809209,-1.3926928699999999,1.137072201,0.597419771,0.978592351,0.915890461,0.01682248825,0.220127367,2.8153787e-05,1.015178392e-06,1.017695488e-06,1.22121511e-06,1.7504263479999999e-06,2.3515829600000005e-06,3.3942714959999998e-06,7.12915551e-06,0.22891250299999996,0.0016573740899999997,6.25581481e-05,67.36299460000001,50.8116918,1.53424982e-05,6.184906079999999,0.010534345950000001,4.88295409,0.0004138238927,3.69144212e-05,0.0219852942,20.2246172,0.0004138238927,3.69144212e-05,0.00626326834,9.024948720000001,0.0004138238927,3.69144212e-05,0.001652186474,8.29773852,0.0004138238927,3.69144212e-05,0.00522825361,1.5180164299999998e-06,2.8819205999999996e-05,0.02397875116,9.2530329666,0.0059316745729999995,-0.0032559221700000003,-0.00371362325,8.50981181e-07,1.4917766149999999e-05
355,1679580600,0.5126388390000001,0.512666335,-0.004105147919999999,-1.36198287,1.1429973900000001,0.629821684,1.0442193880000001,0.977392351,0.01119675677,0.22445223700000003,2.84829207e-05,1.1496813e-06,1.1908186780000003e-06,1.419139576e-06,2.0461958319999997e-06,2.723137756e-06,4.078833113e-06,8.414286230000001e-06,0.25457166,0.00165596748,6.865566839999998e-05,67.9236331,50.7160465,1.70460988e-05,6.114518439999999,0.01107528955,5.3318938000000005,0.00038986389240000004,3.47564669e-05,0.0232374991,22.267685399999998,0.00038986389240000004,3.47564669e-05,0.0062523453800000005,8.99811298,0.00038986389240000004,3.47564669e-05,0.0016543742099999997,8.23506918,0.00038986389240000004,3.47564669e-05,0.005251865110000001,1.66896505e-06,2.91940243e-05,-0.016450121700000007,27.231889178059998,0.010084679853,-0.00321622948,-0.0036944637099999996,1.1771235510000001e-06,1.92469262e-05
355,1679581200,0.5235603529999999,0.523587772,-0.00499394303,-1.3789753200000001,1.1568353100000002,0.638725684,1.05018207,0.995392901,0.007018306909999999,0.22525503700000002,2.8038827500000005e-05,7.831272839999999e-07,7.776235220000001e-07,9.59804803e-07,1.337395472e-06,1.7071018800000002e-06,2.532423717e-06,5.30404823e-06,0.26023531699999997,0.00146806478,6.17495274e-05,68.1493388,50.596174000000005,1.74216302e-05,5.760375730000001,0.011368332049999999,5.58663917,0.00032136129300000006,2.8482322909999994e-05,0.023697098299999997,23.078113300000002,0.00032136129300000006,2.8482322909999994e-05,0.00620783886,8.30956376,0.00032136129300000006,2.8482322909999994e-05,0.0016121721499999999,7.485582469999999,0.00032136129300000006,2.8482322909999994e-05,0.00523444782,1.5480579099999996e-06,2.8927040799999998e-05,0.02271955321,2.971132965,0.0038815140599999997,-0.0032098775100000004,-0.0036907018799999997,8.32677587e-07,1.4703595299999999e-05
355,1679581800,0.389720057,0.38974735800000004,-0.00697684704,-1.4188169600000002,1.01343093,0.549171627,0.8851769999999999,0.839838138,0.0059185390099999995,0.176412328,2.7645741999999997e-05,4.4633179850000007e-07,4.296008996e-07,6.30596307e-07,8.782085789999999e-07,1.224637604e-06,1.85172119e-06,3.76151131e-06,0.1932966044,0.00149341296,5.920981100000001e-05,70.74792800000002,50.9338226,1.2965149e-05,6.07754162,0.009571933460000001,4.04174338,0.00037121242300000004,3.30056569e-05,0.0200573365,16.8740108,0.00037121242300000004,3.30056569e-05,0.0062292165400000005,8.14921212,0.00037121242300000004,3.30056569e-05,0.0015878463699999998,7.41429894,0.00037121242300000004,3.30056569e-05,0.005223163330000001,1.6247777399999998e-06,2.8881121599999997e-05,0.0585799848,7.806518883200001,0.005040497796,-0.00316062079,-0.003649333699999999,8.76513995e-07,1.48307521e-05
355,1679582400,0.32936831899999996,0.329395901,-0.0094731796,-1.4134771400000001,0.9294283699999999,0.5049599170000001,0.8183499619999999,0.768285953,0.00726943131,0.14862993649999998,2.7883539199999995e-05,3.8756905300000003e-07,3.783871388e-07,4.98476189e-07,7.77077395e-07,1.027474867e-06,1.5018634609999999e-06,3.217679416e-06,0.16321219599999998,0.00140717985,5.4764130799999995e-05,70.88594599999999,50.989196799999995,1.0960308699999999e-05,5.849532529999999,0.00888364762,3.4923937900000004,0.00028205909000000005,2.4919264960000005e-05,0.018522384,14.408441100000001,0.00028205909000000005,2.4919264960000005e-05,0.0060844296999999995,6.4947447,0.00028205909000000005,2.4919264960000005e-05,0.0013587421200000002,5.773114220000001,0.00028205909000000005,2.4919264960000005e-05,0.00525587453,1.30641875e-06,2.8892977500000005e-05,-0.10137855939400002,19.237752067699997,0.006384141549399999,-0.00344387332,-0.00386837873,9.063798950000001e-07,1.611974e-05
355,1679583000,0.42124767100000005,0.421275196,-0.00955668575,-1.34131681,1.0196936099999996,0.569306375,0.9559041880000001,0.899577461,0.00471469293,0.179993722,2.8329777799999998e-05,9.584613295e-07,9.806989457e-07,1.2887556115e-06,1.7565964379999996e-06,2.3988807589999998e-06,3.721970207e-06,7.695834556e-06,0.20894695900000002,0.0015847921099999998,7.172826420000001e-05,67.8757413,50.8066586,1.400390675e-05,6.19037417,0.0101095651,4.43954498,0.00037472626439999997,3.331940446e-05,0.021170613,18.3930222,0.00037472626439999997,3.331940446e-05,0.00627428115,8.30617266,0.00037472626439999997,3.331940446e-05,0.00162383449,7.604668910000001,0.00037472626439999997,3.331940446e-05,0.00524669055,1.5450208399999998e-06,2.90389853e-05,-0.009362804150000001,12.7819146554,0.006282476258,-0.00325595219,-0.0037523525600000004,1.037003263e-06,1.698110355e-05
355,1679583600,0.51831364,0.5183409739999999,-0.00665928497,-1.3503305100000003,1.16767314,0.631312283,1.050519568,0.987367643,0.0092686907,0.230530056,2.8368083400000004e-05,1.2054744129999998e-06,1.2204295804000002e-06,1.5413984829999997e-06,2.151340392e-06,2.848696595e-06,4.588015358e-06,9.37515009e-06,0.257828669,0.0012351000900000001,6.852352599999998e-05,65.9608333,50.5516511,1.7230956300000003e-05,6.24022995,0.0111443867,5.3706082,0.00033543264930000003,2.9727511140000007e-05,0.0233587552,22.5407742,0.00033543264930000003,2.9727511140000007e-05,0.00623953744,8.34801054,0.00033543264930000003,2.9727511140000007e-05,0.00165992456,7.620292769999999,0.00033543264930000003,2.9727511140000007e-05,0.00523661909,1.3634888300000003e-06,2.8768506999999997e-05,0.0180583519,3.9997872919999993,0.0036327125503000006,-0.0033189645599999997,-0.0038018059300000003,8.53608524e-07,1.4808416199999999e-05
355,1679584200,0.573425936,0.573453542,-0.0055198457,-1.34854064,1.19553649,0.665151114,1.1131839700000001,1.05100711,0.00634645398,0.24616063999999996,2.8980980500000003e-05,1.5655302299999998e-06,1.6011670560000004e-06,1.9594166660000004e-06,2.5984804299999997e-06,3.3739025460000006e-06,5.192355107e-06,1.028993223e-05,0.285284095,0.0013413627399999999,5.9340440900000006e-05,64.25433419999999,50.513155,1.90667264e-05,6.1782604,0.011811653850000001,5.984544389999999,0.00034825780120000004,3.0944982440000006e-05,0.0246912171,25.027696,0.00034825780120000004,3.0944982440000006e-05,0.006311378889999999,9.05420581,0.00034825780120000004,3.0944982440000006e-05,0.00173808997,8.32688814,0.00034825780120000004,3.0944982440000006e-05,0.005254789750000001,1.46686532e-06,2.9048708300000002e-05,0.052130064600000005,10.532898295999999,0.0063368172700000005,-0.00329070873,-0.0037906934499999994,8.621189739999999e-07,1.514991035e-05
355,1679584800,0.536465553,0.536493098,-0.00646418996,-1.3528660699999997,1.1978240599999999,0.6442432969999998,1.0765453800000002,1.0123059300000001,0.0065267822,0.235413798,2.86021058e-05,1.2633317740000001e-06,1.287047745e-06,1.654081903e-06,2.26071125e-06,2.9324723900000003e-06,4.86895794e-06,9.8780617e-06,0.266875035,0.00126954955,6.259041840000001e-05,64.894985,50.5107271,1.78335764e-05,6.31792247,0.011476101399999999,5.659806359999999,0.00047336586600000007,4.2354025899999994e-05,0.023953279100000002,23.536562099999998,0.00047336586600000007,4.2354025899999994e-05,0.00647634091,10.841204099999999,0.00047336586600000007,4.2354025899999994e-05,0.0018896566299999996,10.110707199999998,0.00047336586600000007,4.2354025899999994e-05,0.0052488221,1.337048635e-06,2.8840790799999995e-05,0.04813265396000001,23.48338428,0.008372689955600001,-0.0034023514400000005,-0.00390093761,1.196322526e-06,1.8567283949999998e-05
355,1679585400,0.518202505,0.5182302570000001,-0.0065632227,-1.37080655,1.12510937,0.634826778,1.05108207,0.99213027,0.0049145345299999995,0.218778704,2.8381715599999997e-05,7.88610822e-07,7.82061655e-07,1.048868464e-06,1.5411835389999999e-06,1.9907661590000002e-06,3.295625179e-06,7.15220991e-06,0.257987595,0.001038809003,5.68614637e-05,65.9936174,50.45085099999999,1.72360291e-05,5.999574010000001,0.011196978799999998,5.377349019999999,0.00027881236119999995,2.4654760154e-05,0.023464767600000002,22.5778852,0.00027881236119999995,2.4654760154e-05,0.00614240801,7.3787923499999994,0.00027881236119999995,2.4654760154e-05,0.00153513672,6.634016144000002,0.00027881236119999995,2.4654760154e-05,0.00526172503,1.3787340800000002e-06,2.90520351e-05,0.04688832374,2.724532397,0.002734521568,-0.0033453336899999997,-0.0038305196100000003,8.53516452e-07,1.4416629100000001e-05
355,1679586000,0.46197121333333335,0.46199870444444446,-0.00813447822222222,-1.3840892888888887,1.093783377777778,0.6014438933333334,0.9885301677777778,0.9323201444444444,0.005915627911111111,0.20070977666666667,2.8410801111111114e-05,1.1031873055555554e-06,1.1063401535555555e-06,1.4058378344444445e-06,1.83979023e-06,2.3867989555555557e-06,3.7352540555555557e-06,7.402245866666665e-06,0.2300397777777778,0.00087547084,5.011644055555556e-05,65.10239766666668,50.42342099999999,1.5366271111111115e-05,6.0240858444444445,0.01060059138888889,4.825950444444444,0.00037383126222222227,3.325100514444445e-05,0.02219075422222222,20.185303444444447,0.00037383126222222227,3.325100514444445e-05,0.00625419558888889,8.382533833333333,0.00037383126222222227,3.325100514444445e-05,0.0016309052222222222,7.7139348777777785,0.00037383126222222227,3.325100514444445e-05,0.005243931811111111,1.423742322222222e-06,2.8871639555555554e-05,0.03242223444444445,18.490191841111113,0.009211616731111113,-0.0033553347666666665,-0.003828687422222222,1.0006802388888888e-06,1.7023024944444445e-05
355,1679586600,0.286814667,0.28684203999999996,-0.0119347828,-1.4146783099999998,0.828625282,0.465339667,0.7563981030000001,0.705584043,0.009180905799999998,0.1281405621,2.7855583599999994e-05,5.572868868000001e-07,5.545560465e-07,7.476341846e-07,9.81011709e-07,1.2704234600000001e-06,1.965284731e-06,3.8536251409999994e-06,0.1422939476,0.0010645786039999998,3.81661759e-05,67.9845349,50.9273138,9.541561920000001e-06,6.0274994500000005,0.00827313752,3.10570571,0.0002303253585,2.0124315680000002e-05,0.017132305700000003,12.694168399999999,0.0002303253585,2.0124315680000002e-05,0.006031573110000001,5.76635294,0.0002303253585,2.0124315680000002e-05,0.001269147834,4.981863290000001,0.0002303253585,2.0124315680000002e-05,0.00523934272,1.0943644619999999e-06,2.8517208399999997e-05,0.048524918099999995,18.318029424,0.004449422828,-0.00360041913,-0.00400729273,1.029766803e-06,1.6410076249999997e-05
355,1679587200,0.262420534,0.262447954,-0.012554076949999998,-1.35936966,0.813474834,0.43816032800000004,0.730972307,0.6817708060000001,0.00714708978,0.11665009850000001,2.7933090300000003e-05,5.698141723e-07,5.656015177e-07,7.046300589e-07,9.238394214000001e-07,1.0920148703e-06,1.7153475741999996e-06,3.2887220389999995e-06,0.12969361799999998,0.0014822031099999999,2.4988246200000005e-05,69.27557789999999,51.4945147,8.731869869999999e-06,5.41877979,0.007660130839999999,2.7198769599999997,0.0002202580826,1.9185590870000002e-05,0.0160882146,11.33938832,0.0002202580826,1.9185590870000002e-05,0.00590174936,4.7517011,0.0002202580826,1.9185590870000002e-05,0.0011232893380000001,3.99805911,0.0002202580826,1.9185590870000002e-05,0.005244564459999999,7.217132660000001e-07,2.8198158899999997e-05,0.05188186600000001,34.333365072,0.004569381682999999,-0.003942954970000001,-0.00431245576,8.508614229999999e-07,1.4875164700000002e-05
355,1679587800,0.42257618199999997,0.422603568,-0.007194851320000001,-1.30437303,1.06743259,0.5671079339999999,0.969292069,0.9072651950000001,0.004805476799999999,0.186494623,2.80567498e-05,8.0106276e-07,8.34967716e-07,1.095448965e-06,1.5853578499999999e-06,2.179965115e-06,3.7589643300000003e-06,8.05926656e-06,0.209590632,0.00162727937,5.088194700000001e-05,66.677495,50.8184281,1.40423179e-05,6.41686275,0.0100751442,4.388430380000001,0.0003256164414,2.8822132700000002e-05,0.0211622134,18.3616381,0.0003256164414,2.8822132700000002e-05,0.006300959490000001,8.20434311,0.0003256164414,2.8822132700000002e-05,0.0016655078,7.4600342799999995,0.0003256164414,2.8822132700000002e-05,0.00523344832,9.48973354e-07,2.8311764199999997e-05,0.0607018133,13.296508930000002,0.0036507847320000003,-0.00364926156,-0.00410622913,8.914735580000001e-07,1.5271569550000004e-05
355,1679588400,0.376755987,0.376783394,-0.00839249381,-1.31230862,1.0354066100000001,0.5360963599999999,0.9094777709999999,0.852513549,0.00820388053,0.17439919199999998,2.7867333600000003e-05,5.88193656e-07,5.73831751e-07,7.926596389999999e-07,1.060164301e-06,1.3428241659999999e-06,2.3616030940000004e-06,4.896729550000001e-06,0.18689972000000002,0.00142842665,3.75138364e-05,66.60203659999999,50.796643,1.2530135849999998e-05,6.0471224999999995,0.0095268462,3.94355254,0.0002985619325,2.634752696e-05,0.0199880629,16.421847200000002,0.0002985619325,2.634752696e-05,0.00616215387,7.02926302,0.0002985619325,2.634752696e-05,0.00148847585,6.25555498,0.0002985619325,2.634752696e-05,0.00523862359,9.473622979999998e-07,2.8352060400000003e-05,0.1543789841,20.61454482,0.008285066097,-0.0036924322599999997,-0.00415356358,8.84024143e-07,1.56318549e-05
355,1679589000,0.35639801600000004,0.356425606,-0.008442948,-1.3249623000000001,0.9498289869999998,0.5222922050000001,0.876926761,0.8224000839999999,0.00894736057,0.1562575815,2.82210141e-05,7.319980675e-07,7.333716382e-07,8.733941768e-07,1.213532594e-06,1.4868801388e-06,2.351995484e-06,4.851557544999999e-06,0.176898026,0.00125512147,3.28089808e-05,65.23434110000001,50.762443700000006,1.1855320850000002e-05,5.77204442,0.009237495649999998,3.72691887,0.0003356850218,2.98157623e-05,0.0193821303,15.5368101,0.0003356850218,2.98157623e-05,0.00619575205,7.50532484,0.0003356850218,2.98157623e-05,0.0014875972199999998,6.826647946000001,0.0003356850218,2.98157623e-05,0.00525217817,7.12417413e-07,2.82731537e-05,0.0026524058000000016,26.048801832,0.005397871697,-0.00388918148,-0.00429004801,7.942768550000001e-07,1.45213183e-05
355,1679589600,0.1868505655,0.18687840760000002,-0.0131002964,-1.4570523000000002,0.7065965569999999,0.3765068,0.6030559179999999,0.5542669200000001,0.0069745108,0.09087182270000001,2.8166755800000003e-05,3.619679935e-07,3.568685695e-07,4.88473238e-07,6.065748730000001e-07,7.20635459e-07,1.250311e-06,2.39531336e-06,0.0919450919,0.00144728207,2.6167486700000006e-05,69.24172759999999,51.9702018,6.21697473e-06,6.1675285099999995,0.006510025,1.9470188700000002,0.00016745171559999999,1.4401895049999999e-05,0.013530620099999998,8.02131685,0.00016745171559999999,1.4401895049999999e-05,0.00589262263,4.1396326000000006,0.00016745171559999999,1.4401895049999999e-05,0.001021802317,3.3680924770000003,0.00016745171559999999,1.4401895049999999e-05,0.00527722808,6.14856335e-07,2.8427324599999997e-05,-0.22305701220000002,73.81571857,0.005330982534,-0.00411736207,-0.00445332842,1.048813865e-06,1.7080344200000003e-05
355,1679590200,0.16163636409999999,0.1616642396,-0.0121454995,-1.45156241,0.6539074650000001,0.34938653799999997,0.546916697,0.5156782430000001,0.00492524142,0.0803749327,2.80716353e-05,2.2159932109999997e-07,2.1459938110000003e-07,3.256239192e-07,3.9887650600000007e-07,4.820931598e-07,9.06371591e-07,1.719894633e-06,0.0795173351,0.00127197181,2.40667491e-05,70.3132793,52.04480099999999,5.37898346e-06,5.7646989699999995,0.006054743039999999,1.68096116,5.7129606400000006e-05,4.411377938e-06,0.012596886500000001,6.948956580000001,5.7129606400000006e-05,4.411377938e-06,0.00570262156,2.45186585,5.7129606400000006e-05,4.411377938e-06,0.000796874756,1.6249551920000003,5.7129606400000006e-05,4.411377938e-06,0.00528229883,5.48509865e-07,2.84309713e-05,-0.05572672293000003,49.648116349000006,0.0030404737200000003,-0.00418153196,-0.0045173872,8.778624640000001e-07,1.47167558e-05
355,1679590800,0.292039878,0.29206757,-0.00787342808,-1.333654,0.864626387,0.4738694409999999,0.7976868589999999,0.7487478479999999,0.0039306662,0.1251550315,2.82143829e-05,6.197162799999999e-07,6.296717770000001e-07,8.36071386e-07,1.144304411e-06,1.4878593879999998e-06,2.55854237e-06,5.3868581299999996e-06,0.14485837699999998,0.00111096779,3.72247887e-05,66.8143361,50.8044225,9.70676195e-06,6.35669965,0.00837669,3.04690467,0.00027614242899999997,2.428911782e-05,0.0176053431,12.7081037,0.00027614242899999997,2.428911782e-05,0.006136216159999999,6.2661832,0.00027614242899999997,2.428911782e-05,0.0013698449199999998,5.52048926,0.00027614242899999997,2.428911782e-05,0.0052705496099999995,7.17002233e-07,2.8470178800000003e-05,0.13546386039999997,37.3865836,0.0045719407699999996,-0.00393398797,-0.00433017203,8.992158220000001e-07,1.5122547000000002e-05
355,1679591400,0.333929136,0.3339568540000001,-0.005154815840000001,-1.3221667700000002,0.9960679139999999,0.5055405370000001,0.849438425,0.8020369870000001,0.00672483214,0.15505638500000002,2.81909708e-05,5.418962375e-07,5.282758615e-07,6.994961346000001e-07,9.636939529999998e-07,1.181463324e-06,1.9742034949999997e-06,4.13349972e-06,0.16581218800000003,0.0011106941,3.0268437900000002e-05,66.09661550000001,50.6922871,1.111097225e-05,5.841867000000001,0.00903344335,3.53771992,0.00032516780380000004,2.877855307e-05,0.018858259,14.632788600000001,0.00032516780380000004,2.877855307e-05,0.0061932164300000005,7.004819329999999,0.00032516780380000004,2.877855307e-05,0.0014520648450000002,6.256967226,0.00032516780380000004,2.877855307e-05,0.00527330045,8.40251233e-07,2.8596946099999995e-05,-0.19377804510000002,50.21114442,0.00766030794,-0.0038654509200000005,-0.00427773651,1.048690832e-06,1.70604979e-05
355,1679592000,0.488938459,0.488966247,-0.00519969704,-1.38062438,1.07947045,0.617856769,1.0154185,0.963066899,0.00446507632,0.205999796,2.8910551200000003e-05,1.2729620610000003e-06,1.2782662323e-06,1.57285778e-06,2.087589864e-06,2.5951753670000003e-06,4.0883296960000005e-06,8.22722075e-06,0.243172752,0.00123493288,3.89405639e-05,63.9148595,50.5341497,1.6261570899999996e-05,5.98820945,0.01090990885,5.127430479999999,0.00038519375495,3.431700292e-05,0.0228435887,21.4112387,0.00038519375495,3.431700292e-05,0.006297652340000001,8.7898027,0.00038519375495,3.431700292e-05,0.0016511801600000002,8.03353764,0.00038519375495,3.431700292e-05,0.00527455793,9.195014440000002e-07,2.87314404e-05,0.0512057868,4.001922035000001,0.001813782819,-0.0036338838199999994,-0.00412230031,8.546906690000001e-07,1.3616227750000001e-05
355,1679592600,0.45273869599999994,0.45276667899999995,-0.00506523376,-1.3669089700000001,1.085995654,0.591122133,0.9799049239999998,0.9227156559999999,0.00650182734,0.20231948000000002,2.8976252700000006e-05,1.1451259420000001e-06,1.1739187412000002e-06,1.459887288e-06,1.959386903e-06,2.4863433476e-06,4.017418719e-06,8.100493525999999e-06,0.225016582,0.00128841644,4.27191728e-05,64.4398082,50.628286700000004,1.5056384000000002e-05,5.996009870000001,0.0104221938,4.72176442,0.00039192696799999994,3.491522336e-05,0.0218699953,19.748945499999998,0.00039192696799999994,3.491522336e-05,0.006353732000000001,8.96475658,0.00039192696799999994,3.491522336e-05,0.00167570537,8.222678219999999,0.00039192696799999994,3.491522336e-05,0.0052936187300000005,1.0004473030000002e-06,2.89763785e-05,-0.16760295640000003,38.617753293,0.007915036220000001,-0.0037000973699999997,-0.004169679399999999,1.080064874e-06,1.792697295e-05
355,1679593200,0.310001725,0.310029685,-0.00614843529,-1.33081984,0.9058026650000001,0.488265696,0.823712646,0.77211108,0.00425896328,0.133115641,2.86108087e-05,7.59255149e-07,7.727279940000001e-07,1.001410703e-06,1.315348367e-06,1.6751170249999997e-06,2.7783817399999998e-06,5.43458592e-06,0.15357946499999997,0.00137092098,3.5998981999999996e-05,67.3079004,50.921756699999996,1.0309407850000001e-05,6.25416622,0.008635522599999999,3.25465953,0.0001648263386,1.4121226020000002e-05,0.018155534,13.5261492,0.0001648263386,1.4121226020000002e-05,0.00604044574,4.931976619999999,0.0001648263386,1.4121226020000002e-05,0.0012623012499999998,4.11250772,0.0001648263386,1.4121226020000002e-05,0.00528754238,7.65550657e-07,2.8692402100000007e-05,0.33007334200000005,30.25746603,0.0064924356220000005,-0.00391866914,-0.00432342912,8.78232396e-07,1.546899415e-05
355,1679593800,0.300331739,0.30035966399999997,-0.00487583922,-1.3162420300000002,0.912177855,0.47923411399999993,0.8122748029999999,0.7625482729999999,0.00464373415,0.134242213,2.8323774500000005e-05,4.5586277699999997e-07,4.5529602940000004e-07,6.684736979999999e-07,8.879565529999998e-07,1.1486226279999998e-06,2.1150056699999997e-06,4.274532599999999e-06,0.14875513499999998,0.0013626658399999998,3.7049397200000006e-05,68.26374770000001,50.938877,9.988235450000002e-06,6.30056392,0.00853619445,3.1816068300000007,0.00018835327445,1.632129199e-05,0.017898577000000002,13.1596194,0.00018835327445,1.632129199e-05,0.0060075436700000005,4.97649032,0.00018835327445,1.632129199e-05,0.001226930323,4.156192559999999,0.00018835327445,1.632129199e-05,0.00528763422,8.344472729999999e-07,2.87481574e-05,-0.05183292169999998,51.396179285,0.007982278049000001,-0.0038669911599999995,-0.00429885512,9.79050028e-07,1.67789913e-05
355,1679594400,0.294711243,0.29473895699999997,-0.005310896360000001,-1.28914409,0.8783142999999999,0.472772243,0.8123873039999999,0.758198152,0.0046032454500000005,0.126733434,2.81294674e-05,4.887576133999999e-07,4.823543147e-07,6.2094220015e-07,8.928113419999998e-07,1.1253711318999999e-06,1.8750914193000004e-06,3.996334986000001e-06,0.145893071,0.0014201486999999998,3.23866959e-05,67.4621535,51.0172115,9.8030716e-06,5.86190727,0.00835519675,3.04210492,0.000283827732,2.499309104e-05,0.0176222638,12.7310287,0.000283827732,2.499309104e-05,0.00614787432,6.30492452,0.000283827732,2.499309104e-05,0.001393519216,5.568260802999999,0.000283827732,2.499309104e-05,0.00526398947,6.121594809999999e-07,2.83128025e-05,-0.04183757770000001,10.560032471000003,0.0012769875,-0.003974852300000001,-0.0043491888300000005,7.867372649999999e-07,1.393456035e-05
355,1679595000,0.27565606639999995,0.2756837256,-0.005374084980000001,-1.35600851,0.9066276799999999,0.454907152,0.759398172,0.714096805,0.00644913567,0.1329832131,2.8295891099999998e-05,7.283709158000001e-07,7.355025356000001e-07,9.58030638e-07,1.2505144423999999e-06,1.5910293934999998e-06,2.657059674e-06,5.209706285e-06,0.1365660813,0.00121424694,3.3460441e-05,67.58741669999999,51.0941036,9.16463904e-06,6.27383243,0.008070883669999999,2.91577441,0.00017854910970000002,1.542585345e-05,0.0168679791,12.054874640000001,0.00017854910970000002,1.542585345e-05,0.0058998663300000006,4.47236867,0.00017854910970000002,1.542585345e-05,0.0011129053459999999,3.6959795669999997,0.00017854910970000002,1.542585345e-05,0.0052643016,8.1647744e-07,2.84719759e-05,-0.00760870800000002,95.94725983000001,0.011395385740000001,-0.00393294388,-0.00432886557,1.1474924600000002e-06,1.872770875e-05
355,1679595600,0.13023417750000002,0.130261894,-0.00815154056,-1.50148274,0.575080059,0.31930337899999994,0.49786519399999996,0.466889252,0.004379188890000001,0.059452885899999995,2.78543278e-05,1.551162119e-07,1.4654180010000003e-07,2.251241833e-07,2.7636339280000006e-07,3.2271177250000003e-07,6.068846965e-07,1.1730406890000001e-06,0.0637557171,0.0013370272100000002,2.11637235e-05,74.70358239999999,52.493005700000005,4.33545407e-06,5.80771277,0.005451624820000001,1.337910781,0.0001554176164,1.3284940480000002e-05,0.01135015765,5.53204522,0.0001554176164,1.3284940480000002e-05,0.0058009037,3.4893337000000004,0.0001554176164,1.3284940480000002e-05,0.000888172808,2.707086688,0.0001554176164,1.3284940480000002e-05,0.00526907387,4.862004269999999e-07,2.82198207e-05,-0.011007978899999998,96.09425067999999,0.005207078487,-0.004280750809999999,-0.00456265547,9.80453534e-07,1.6093247849999998e-05
355,1679596200,0.2748974430000001,0.27492518899999996,-0.00443309344,-1.3158981500000002,0.8649639239999999,0.45845474300000005,0.777586237,0.7299597820000001,0.0038271109400000005,0.1174444676,2.8425049399999997e-05,7.796247450000001e-07,7.991571005000001e-07,1.0442330640000002e-06,1.329262079e-06,1.684983581e-06,2.8086638349999997e-06,5.351730775e-06,0.13631567500000003,0.0010842658399999997,3.3914309500000004e-05,64.8893823,50.8320917,9.1401822e-06,6.11325846,0.008127056599999998,2.87102565,0.00016555456489999998,1.4205159416e-05,0.0170828755,11.97525815,0.00016555456489999998,1.4205159416e-05,0.0060141592600000005,4.769111690000001,0.00016555456489999998,1.4205159416e-05,0.0012236340600000001,3.9387831700000007,0.00016555456489999998,1.4205159416e-05,0.00527888227,7.65190267e-07,2.8593181500000002e-05,-0.00547509557000001,49.218447845,0.005471672225,-0.003910320909999999,-0.004324185029999999,9.5732461e-07,1.600814135e-05
355,1679596800,0.1315201069,0.13154782,-0.008313167370000001,-1.4889796199999998,0.574442538,0.319876795,0.500115266,0.465839218,0.005755183969999999,0.06256818030000001,2.7834718300000004e-05,1.49146781e-07,1.459531567e-07,2.54608946e-07,3.3224932e-07,4.5066566899999996e-07,8.802614699999998e-07,1.8252403399999997e-06,0.0645326605,0.0011962878199999998,2.63170572e-05,71.796288,52.1811521,4.373794370000001e-06,6.28491993,0.00556073203,1.395934045,0.0001195682541,1.006338885e-05,0.01145392625,5.68423474,0.0001195682541,1.006338885e-05,0.00577788626,3.21668787,0.0001195682541,1.006338885e-05,0.0008612515580000001,2.404277509,0.0001195682541,1.006338885e-05,0.0052651556799999995,5.88057298e-07,2.82531799e-05,-0.01219047904999998,106.85218955999999,0.008556036146,-0.00426400983,-0.00454502773,1.0547977750000001e-06,1.68359205e-05
355,1679597400,0.275278271,0.275306015,-0.004808274300000001,-1.3120296699999998,0.869801552,0.4595946270000001,0.775523669,0.7172093800000001,0.00600681601,0.1226926384,2.8192654500000004e-05,5.278943164000001e-07,5.153450368e-07,6.777448979999999e-07,8.80453465e-07,1.0423222079999998e-06,1.7289762530000002e-06,3.475014213e-06,0.136456669,0.0011448342,2.8203090200000004e-05,67.270848,50.882596899999996,9.160816699999999e-06,5.76366998,0.008139098779999998,2.90312889,0.00022132674630000003,1.9374883261e-05,0.0170642035,12.03942357,0.00022132674630000003,1.9374883261e-05,0.0060576599,5.583882449999999,0.00022132674630000003,1.9374883261e-05,0.00127435388,4.83999124,0.00022132674630000003,1.9374883261e-05,0.00526736266,7.553246489999999e-07,2.8457788800000004e-05,-0.03281626830000001,61.410887734999996,0.007225644188000001,-0.00394685071,-0.0043459195899999995,1.010079778e-06,1.6762917900000003e-05
355,1679598000,0.269944426,0.26997202200000003,-0.00492454101,-1.31407239,0.821350071,0.45416549100000003,0.771886058,0.723622093,0.00342470281,0.113198718,2.8641367400000003e-05,1.1382663595e-06,1.1818344931999999e-06,1.4421121705e-06,1.7995410020000002e-06,2.2682518192000003e-06,3.538224076e-06,6.624496917000001e-06,0.13362899300000003,0.00128955911,3.4480588700000005e-05,63.57785960000001,51.01400679999999,8.9736971e-06,6.128962329999999,0.007987265060000002,2.78636814,0.000183970797,1.5864033339999997e-05,0.0168643327,11.6657423,0.000183970797,1.5864033339999997e-05,0.00596606477,4.62379252,0.000183970797,1.5864033339999997e-05,0.00119988949,3.84674494,0.000183970797,1.5864033339999997e-05,0.00525522139,6.35255705e-07,2.8236316499999998e-05,0.08152766850000001,13.2942769,0.0023497041759999995,-0.00398650507,-0.00436627042,8.074305070000001e-07,1.4123907699999999e-05
355,1679598600,0.2586627,0.258690163,-0.0052738850799999995,-1.2915070400000002,0.8801893679999999,0.442672414,0.7598107019999999,0.709671654,0.004764934689999999,0.12002971700000001,2.80003731e-05,6.124597396e-07,6.238608388e-07,8.40921133e-07,1.102562007e-06,1.4207913135e-06,2.4213362649999997e-06,4.802127030000001e-06,0.128097865,0.00118576664,3.49834216e-05,66.5706649,50.97566619999999,8.59800933e-06,6.246429989999999,0.00784693966,2.6884657900000004,0.000249650271,2.1871434999999998e-05,0.0165070814,11.193729799999998,0.000249650271,2.1871434999999998e-05,0.00604393198,5.462988040000001,0.000249650271,2.1871434999999998e-05,0.0012821769500000002,4.73511307,0.000249650271,2.1871434999999998e-05,0.00524463706,7.268598630000001e-07,2.8204128499999998e-05,0.0359283549,20.006389031,0.0041944070699999995,-0.003917631479999999,-0.0043191437999999995,8.79173789e-07,1.45938415e-05
355,1679599200,0.279784979,0.279812685,-0.00363523471,-1.30349782,0.8639888929999999,0.46116934,0.787674044,0.7372725179999999,0.004378704170000001,0.12433492099999999,2.82062117e-05,5.695306879000001e-07,5.764535708e-07,7.460402249999999e-07,1.026680387e-06,1.3063852830000002e-06,2.203284984e-06,4.467502805999999e-06,0.13858087400000002,0.0012673023,3.2289803499999997e-05,67.111366,50.9435732,9.3060051e-06,6.22684722,0.008216932000000001,2.94736307,0.0001922004593,1.664477767e-05,0.0172451016,12.224914199999997,0.0001922004593,1.664477767e-05,0.005977196650000001,4.901645090000001,0.0001922004593,1.664477767e-05,0.001202101901,4.122559195999999,0.0001922004593,1.664477767e-05,0.005258512910000001,6.74703007e-07,2.82980283e-05,0.0040988449900000055,28.748109753,0.006123740040000001,-0.00396425641,-0.00434722079,8.987095259999999e-07,1.5715850599999996e-05
355,1679599800,0.257449437,0.25747694,-0.00454934536,-1.30607836,0.833650445,0.443206981,0.754260515,0.7067840770000001,0.0037451628600000003,0.11266458689999999,2.7928880799999994e-05,4.938279125e-07,4.823435867e-07,6.411273873e-07,8.645662730000001e-07,1.078810547e-06,1.7615824895000003e-06,3.7223094790000005e-06,0.1275329586,0.00115242845,2.9549538299999998e-05,68.05729769999999,50.9309099,8.56404505e-06,5.923267879999999,0.007888537689999999,2.7130856999999997,0.0002314100667,2.0217861150000002e-05,0.016547587,11.2412524,0.0002314100667,2.0217861150000002e-05,0.005962375860000001,4.9612424299999995,0.0002314100667,2.0217861150000002e-05,0.0011856788600000002,4.22867685,0.0002314100667,2.0217861150000002e-05,0.0052511278500000005,6.38970146e-07,2.81849237e-05,0.13644778326,39.094936535,0.0042318199909999995,-0.0040120652100000005,-0.00436807155,9.852418149999996e-07,1.596747625e-05
355,1679600400,0.252141783,0.252169372,-0.005048181529999999,-1.3120209900000002,0.8283252930000001,0.439217926,0.744622724,0.6983838170000001,0.00407346505,0.112740956,2.79014098e-05,3.81846086e-07,3.794756372e-07,5.401108232e-07,7.28322776e-07,9.246225025000001e-07,1.6296198414e-06,3.4527115020000004e-06,0.12486975680000001,0.0011619085599999998,3.0590395700000005e-05,67.756652,50.950801000000006,8.385473200000002e-06,5.98758524,0.00783202318,2.6790512600000005,0.00019044613419999998,1.6495288330000003e-05,0.0164098327,11.0562537,0.00019044613419999998,1.6495288330000003e-05,0.00598252766,4.7730609600000005,0.00019044613419999998,1.6495288330000003e-05,0.00119885666,4.021769298000001,0.00019044613419999998,1.6495288330000003e-05,0.00525056378,6.68789911e-07,2.8215562900000002e-05,0.050816769000000005,29.390117183,0.004279003353999999,-0.00396414226,-0.004345157059999999,8.53554904e-07,1.423275375e-05
355,1679601000,0.256448056,0.25647564500000003,-0.004689798340000001,-1.32161376,0.836650523,0.442824656,0.747210306,0.702171439,0.00450477959,0.1141204316,2.7960254099999996e-05,4.4260101259999994e-07,4.4320973700000006e-07,6.084639914000001e-07,8.433065310000001e-07,1.0736784141e-06,1.9040004366e-06,3.964291686000001e-06,0.127140011,0.0010405779099999998,3.32645955e-05,67.4104063,50.853914200000006,8.529039049999998e-06,5.949026399999999,0.007871758199999999,2.69537702,0.00021909774199999998,1.9077045620000003e-05,0.0165029358,11.1882857,0.00021909774199999998,1.9077045620000003e-05,0.00602736231,5.17962684,0.00021909774199999998,1.9077045620000003e-05,0.00124407054,4.42546919,0.00021909774199999998,1.9077045620000003e-05,0.005255848150000001,6.97533113e-07,2.827962e-05,0.21256848363,66.39388809999998,0.007647883778000001,-0.0039996355,-0.004377185390000001,1.031671659e-06,1.70700361e-05
355,1679601600,0.25768077300000003,0.25770855299999995,-0.005560514849999999,-1.32078891,0.806049604,0.44404272499999997,0.7537730130000001,0.7047965070000001,0.004001858840000001,0.1098587992,2.8661933899999995e-05,9.75709178e-07,1.0123387669999997e-06,1.2469910207000002e-06,1.5649324170000002e-06,1.9684216985000004e-06,3.155226448e-06,6.01041376e-06,0.1276716825,0.0011198889899999998,3.11415177e-05,63.295039700000004,50.9122745,8.565911350000001e-06,6.19627005,0.007866015550000001,2.69581669,0.000230321316,2.0090706799999996e-05,0.016534628599999997,11.2073823,0.000230321316,2.0090706799999996e-05,0.006029913909999999,5.13368661,0.000230321316,2.0090706799999996e-05,0.0012282321799999998,4.410248650000001,0.000230321316,2.0090706799999996e-05,0.00527499361,6.74914607e-07,2.8467483999999994e-05,-0.0004769047999999665,62.38086745100001,0.005473366017,-0.003993942340000001,-0.004377179529999999,1.0441298469999998e-06,1.73270789e-05
355,1679602200,0.245448237,0.245475763,-0.0049648622199999996,-1.33071798,0.8282502730000001,0.434468853,0.731722342,0.687845988,0.003309016485000001,0.10979555059999999,2.80985362e-05,6.472728680000001e-07,6.655664018e-07,8.873509367e-07,1.1504368890000001e-06,1.4897614953000001e-06,2.5602933052e-06,4.992493728e-06,0.12147658449999998,0.0012008293199999999,3.34666342e-05,66.87734769999999,51.022981,8.1600432e-06,6.19375046,0.00766334328,2.5667604300000004,0.0001282441599,1.081380816e-05,0.016119965200000003,10.659450099999999,0.0001282441599,1.081380816e-05,0.005864316140000001,3.74930643,0.0001282441599,1.081380816e-05,0.00107537412,2.94057257,0.0001282441599,1.081380816e-05,0.00525370748,7.16507076e-07,2.82889633e-05,0.014005498900000005,23.994130849999998,0.0039838054090000005,-0.00395719624,-0.00434610526,9.494616869999999e-07,1.580071635e-05
355,1679602800,0.261351632,0.261378974,-0.0050423534,-1.31069437,0.8428757219999999,0.446781369,0.760673231,0.710871693,0.0041264990199999995,0.1162602154,2.77633076e-05,4.961432629999999e-07,4.997297719000001e-07,6.7373734e-07,9.203020310000001e-07,1.199649273e-06,2.0678785949999997e-06,4.317810634000001e-06,0.12936078599999998,0.0012707773499999997,3.3498939500000004e-05,67.9960325,51.0047214,8.6905364e-06,6.25492495,0.007945801329999998,2.7576175600000004,0.000269976321,2.374114233e-05,0.016680263799999998,11.417553800000002,0.000269976321,2.374114233e-05,0.00610452943,6.142822740000001,0.000269976321,2.374114233e-05,0.00135492949,5.3897374,0.000269976321,2.374114233e-05,0.005229076059999999,6.25633447e-07,2.79528407e-05,0.081047185,12.258259186,0.002574626478,-0.00395496009,-0.00434042659,7.93108107e-07,1.3821286349999998e-05
355,1679603400,0.22971933100000003,0.229746579,-0.0055430405399999995,-1.3219853999999998,0.770348508,0.419487411,0.70982167,0.6645952860000001,0.00366435227,0.1012917906,2.7781840099999997e-05,5.971270936e-07,6.096021698e-07,7.96511391e-07,1.055487843e-06,1.3059725817e-06,2.204629912e-06,4.633061056999999e-06,0.1136560177,0.0011600825500000002,3.13844997e-05,66.61380000000001,51.05501819999999,7.63591524e-06,6.132758249999999,0.0074134223,2.4066208799999997,0.0001386428236,1.1748715e-05,0.015598596599999997,9.9927848,0.0001386428236,1.1748715e-05,0.00587693401,3.99826956,0.0001386428236,1.1748715e-05,0.001108715486,3.18576848,0.0001386428236,1.1748715e-05,0.00522060067,5.818753799999999e-07,2.7817090300000003e-05,0.0899021023,24.685313925000003,0.0036032517449999996,-0.00403018314,-0.00438391081,8.685351089999999e-07,1.460542745e-05
355,1679604000,0.21419086299999995,0.21421861199999997,-0.005478771459999999,-1.2875818600000002,0.7732735940000001,0.40295203500000004,0.6914461019999999,0.6442696649999999,0.0037877219899999995,0.0926784751,2.80120846e-05,3.215742348999999e-07,3.250612355e-07,4.7126123029999997e-07,6.63786519e-07,8.735311553e-07,1.6140057814999998e-06,3.378106312e-06,0.10582932860000001,0.0012248860699999998,3.293510519999999e-05,69.3096536,51.1875541,7.1222682e-06,6.01971351,0.00717515935,2.26051673,0.000206332896,1.7989294007e-05,0.0150683658,9.328589149999999,0.000206332896,1.7989294007e-05,0.005971879120000001,4.81558263,0.000206332896,1.7989294007e-05,0.001140368723,4.032902693,0.000206332896,1.7989294007e-05,0.00526902417,6.06908187e-07,2.8349337499999996e-05,-0.06100600345999999,30.8443962,0.0027171976549999997,-0.00406381445,-0.004421791900000001,9.26826844e-07,1.5619165150000003e-05
355,1679604600,0.20751193299999998,0.20753923199999996,-0.006175526999999999,-1.27393399,0.75947318,0.39562083800000003,0.6849584129999999,0.6368069450000001,0.00323753794,0.0916459409,2.7728953600000003e-05,4.6890021200000005e-07,4.735560625000001e-07,6.40093036e-07,8.200914249999999e-07,1.0609653839999999e-06,1.834848049e-06,3.614039427e-06,0.102460255,0.00125534996,3.0802050700000006e-05,67.48142579999998,51.25539139999999,6.89996252e-06,6.148083300000001,0.00704489889,2.18188198,0.00015791637880000002,1.353440281e-05,0.01482448515,9.018782050000002,0.00015791637880000002,1.353440281e-05,0.00588969056,4.169991949999999,0.00015791637880000002,1.353440281e-05,0.00108694867,3.3706265079999995,0.00015791637880000002,1.353440281e-05,0.0052306543,5.80151109e-07,2.79244748e-05,0.03912326838,16.713379973,0.002252886774,-0.00402623359,-0.00438628953,8.19394156e-07,1.3909364000000001e-05
355,1679605200,0.209179823,0.20920736199999998,-0.00409790847,-1.31390416,0.774248623,0.399980936,0.6782456900000001,0.6229690200000001,0.006750923439999999,0.0962763593,2.7799895400000004e-05,3.161512241e-07,3.0403564750000005e-07,4.540537423e-07,5.797260915e-07,7.287196591e-07,1.3539808289999999e-06,2.5947223189999997e-06,0.1032612442,0.0012910287900000001,3.00165265e-05,69.204117,51.335399599999995,6.9597054000000006e-06,5.835709939999999,0.007033460869999999,2.19331095,0.0001664521347,1.4320630130000003e-05,0.0147815905,9.07299189,0.0001664521347,1.4320630130000003e-05,0.005894435960000001,4.14687359,0.0001664521347,1.4320630130000003e-05,0.001084599834,3.38506372,0.0001664521347,1.4320630130000003e-05,0.00524385343,7.0277123e-07,2.8150914899999998e-05,-0.08752836514,73.11472512,0.007118487549999998,-0.00400481307,-0.00437482048,1.1439443850000001e-06,1.767064545e-05
355,1679605800,0.23016809699999996,0.23019568299999998,-0.004438591029999999,-1.3018227599999999,0.780211318,0.418601797,0.714659313,0.668795413,0.00312780127,0.099714669,2.8223494900000003e-05,7.155065855000001e-07,7.262870109e-07,8.70916831e-07,1.137492078e-06,1.4034382439999998e-06,2.190735461e-06,4.2058946870000006e-06,0.1137677632,0.0012751232599999998,2.8660544e-05,66.6892156,51.143272599999996,7.656223199999999e-06,6.15187765,0.00745124056,2.43393158,0.00020133373800000002,1.74457277e-05,0.015647881500000002,10.0574924,0.00020133373800000002,1.74457277e-05,0.0059716896799999995,4.614201960000001,0.00020133373800000002,1.74457277e-05,0.00116416229,3.86238613,0.00020133373800000002,1.74457277e-05,0.00525527628,5.7347433e-07,2.81612681e-05,0.11554263789999997,51.702135680000005,0.004635625145000001,-0.00408847036,-0.004428929329999999,9.533672459999998e-07,1.61396112e-05
355,1679606400,0.30904888399999997,0.30907631700000004,-0.0033348736700000007,-1.292481889,1.152260184,0.487052001,0.7950617750000001,0.725009626,0.02590931188,0.2193883044,2.8059124000000003e-05,7.51408179e-07,8.149149070000001e-07,1.1694359270000002e-06,1.7365970829999997e-06,2.27987521e-06,3.1337074500000003e-06,6.01521466e-06,0.153411266,0.0010547781959999998,4.15866731e-05,65.765023,50.8072906,1.027296145e-05,6.373813450000001,0.00853608765,3.3090199999999994,0.0002382311608,2.088257855e-05,0.0177968216,13.4752859,0.0002382311608,2.088257855e-05,0.00605908864,6.1538349100000005,0.0002382311608,2.088257855e-05,0.0013232960499999999,5.3581102099999995,0.0002382311608,2.088257855e-05,0.005265398829999999,3.333294465e-06,3.0783199e-05,-0.6571091061999998,219.503840883,0.030250351090000006,-0.00386132412,-0.00427112135,8.426074493999999e-06,9.548062299999999e-05
355,1679607000,0.32580436799999996,0.325832075,-0.00096528511,-1.53519806,0.9025025680000001,0.514802805,0.767798448,0.7251596520000001,0.01582105038,0.17349352140000002,2.8102922000000002e-05,4.6719871259999996e-07,4.4615514709999996e-07,6.294502116e-07,8.38590535e-07,1.0332728333e-06,1.8701251674000003e-06,3.863537167e-06,0.16196410440000003,0.0008896490349999999,3.75183592e-05,68.20994730000001,50.673503200000006,1.0839794799999999e-05,5.81781705,0.00898240333,3.38777886,0.00045080686099999997,4.029828803999999e-05,0.018360014200000004,14.167937900000002,0.00045080686099999997,4.029828803999999e-05,0.00619981386,8.636639859999999,0.00045080686099999997,4.029828803999999e-05,0.001466131683,8.00765685,0.00045080686099999997,4.029828803999999e-05,0.0052691677300000005,8.74352799e-07,2.8588133700000003e-05,-0.1347679616,36.37688597699999,0.006984043579999999,-0.0038416734099999995,-0.004237461420000001,1.0121950009999998e-06,1.6344128999999998e-05
355,1679607600,0.354383609,0.354411505,-0.0017158752599999998,-1.5637445400000003,0.983392531,0.537286828,0.774586143,0.730259804,0.021868697290000003,0.21603378700000003,2.8865797400000002e-05,1.0895877936e-06,1.1156179902000001e-06,1.382625227e-06,1.8391913339999998e-06,2.350649664e-06,3.843612376999999e-06,7.59030556e-06,0.17585034499999996,0.001270944,5.001189420000001e-05,66.15878359999999,50.8045614,1.178149995e-05,6.42386942,0.00941790822,3.7327388299999997,0.00018137287520000002,1.5761380816999998e-05,0.0190677997,15.458503400000001,0.00018137287520000002,1.5761380816999998e-05,0.00596838872,5.5480868,0.00018137287520000002,1.5761380816999998e-05,0.0012231494500000001,4.7518521499999995,0.00018137287520000002,1.5761380816999998e-05,0.0052820097199999996,9.91283306e-07,2.8804440800000004e-05,1.0369841866,97.198653014,0.013098335056000002,-0.0038266237199999996,-0.00423700123,1.260430641e-06,1.952425295e-05
355,1679608200,0.47194037200000005,0.4719680869999999,-0.000972373158,-1.5203222799999998,1.1206841889999999,0.621761908,0.918403044,0.880751897,0.02630668967,0.275602911,2.83462558e-05,7.448364330000002e-07,7.530423479999999e-07,1.0027196604000002e-06,1.46080914e-06,1.8975163829999999e-06,3.328962374e-06,7.259897250000001e-06,0.23523801100000002,0.000661559088,5.3112523699999994e-05,65.5477111,50.3196962,1.56951765e-05,6.27921878,0.01093857945,5.028005289999999,0.00037381477550000003,3.323372051e-05,0.0224255139,20.8768056,0.00037381477550000003,3.323372051e-05,0.00627347013,8.378755969999998,0.00037381477550000003,3.323372051e-05,0.00161925396,7.665230790000001,0.00037381477550000003,3.323372051e-05,0.0052687931199999994,1.096582097e-06,2.8817887000000005e-05,-0.32550116931999995,28.044957109000002,0.006649519764999999,-0.003570044039999999,-0.004044995439999999,1.139292527e-06,1.74459955e-05
355,1679608800,0.531580589,0.5316085730000001,0.000628106663,-1.5248940800000002,1.18814879,0.660773303,0.9826424890000001,0.9466413850000001,0.0194497979,0.28542272900000004,2.9283250200000004e-05,1.454480665e-06,1.4695087234000001e-06,1.7828444489999999e-06,2.352969072e-06,2.9227269374e-06,4.613574344e-06,9.26025002e-06,0.265131052,0.00058821084,4.5542998300000004e-05,63.02014380000001,50.2421476,1.768235995e-05,6.07158083,0.0116146981,5.6551374899999995,0.0004540119844999999,4.0574134290000006e-05,0.0238605146,23.468784900000003,0.0004540119844999999,4.0574134290000006e-05,0.00630851001,9.63191854,0.0004540119844999999,4.0574134290000006e-05,0.00165824468,8.93967523,0.0004540119844999999,4.0574134290000006e-05,0.0052983460500000005,1.189005541e-06,2.9188867400000004e-05,-0.03925314959,29.155072927,0.009451581897,-0.00353332959,-0.00404161031,1.0614205470000002e-06,1.731541455e-05
355,1679609400,0.573332255,0.573360031,-0.000492019118,-1.5620938600000003,1.12574687,0.6886322890000001,1.0151184939999998,0.9863551039999999,0.00750303868,0.25606052900000004,3.0165582300000004e-05,2.636861115e-06,2.749980417e-06,3.2757685459999997e-06,4.22011573e-06,5.38691624e-06,8.37307391e-06,1.603464595e-05,0.285896192,0.0006662951230000001,5.8452650999999996e-05,61.1130755,50.2751724,1.9054010500000003e-05,6.510928150000001,0.011965950650000001,5.95838502,0.00048631421204999996,4.3566347466e-05,0.0247059372,25.035498800000003,0.00048631421204999996,4.3566347466e-05,0.0064053873500000014,10.904210760000002,0.00048631421204999996,4.3566347466e-05,0.001808022624,10.1905546,0.00048631421204999996,4.3566347466e-05,0.00527735999,1.178310584e-06,2.8999238800000002e-05,0.0553533681,15.226606154999999,0.0051171996079999995,-0.00345426089,-0.003959749550000001,8.91573369e-07,1.4844260650000002e-05
355,1679610000,0.6001532620000001,0.6001810949999999,-0.0005527333131699999,-1.5805683099999999,1.1793734900000001,0.7067183029999999,1.026968863,1.000830537,0.0074494494100000004,0.27035762399999996,2.86238755e-05,9.9548228e-07,9.735297032e-07,1.2608236815e-06,1.8362003420000003e-06,2.3046795914999996e-06,3.926776974e-06,8.5519093e-06,0.29902004299999996,0.0009796166229999999,5.498888190000001e-05,65.7604832,50.3620114,1.99635252e-05,5.96989738,0.0123164324,6.28093434,0.00039970383280000003,3.5697976915000006e-05,0.025308710100000003,26.2883166,0.00039970383280000003,3.5697976915000006e-05,0.00629105537,9.734935360000001,0.00039970383280000003,3.5697976915000006e-05,0.00169193158,8.997426990000001,0.00039970383280000003,3.5697976915000006e-05,0.005283576180000001,1.1989023e-06,2.9068990199999998e-05,0.0451316006,19.370553892000004,0.007964167801,-0.00345446771,-0.0039687176,1.023729826e-06,1.77520699e-05
355,1679610600,0.622004073,0.622032116,-0.0013216925590000001,-1.6021881100000002,1.11955917,0.721899945,1.0287313900000001,1.0076932639999998,0.00729205326,0.26955781599999995,2.8833256100000002e-05,1.018711401e-06,1.017770867e-06,1.405956578e-06,2.065921426e-06,2.695084872e-06,4.930093068e-06,1.050193037e-05,0.309591742,0.0013059121700000002,7.84354982e-05,66.32262460000001,50.4532843,2.0676592e-05,6.24402164,0.012697801050000002,6.57678418,0.00032333013579999997,2.8661865090000007e-05,0.025833230699999998,27.392249299999996,0.00032333013579999997,2.8661865090000007e-05,0.0062784428699999995,8.95400536,0.00032333013579999997,2.8661865090000007e-05,0.0016686587,8.18317468,0.00032333013579999997,2.8661865090000007e-05,0.005295253840000001,1.17690382e-06,2.9205791499999994e-05,0.00043637835000000236,2.996456434,0.0023784033739999997,-0.0034086067300000003,-0.003941463399999999,8.440607910000001e-07,1.393178e-05
355,1679611200,0.4101316520000001,0.41015970900000004,-0.0019196570400000002,-1.4002450999999998,1.0472569699999998,0.565180771,0.9093652490000002,0.858176192,0.010694604190000002,0.191113611,2.90943909e-05,1.161690649e-06,1.1803777281e-06,1.4817669560000001e-06,1.8861090399999998e-06,2.395552224e-06,3.897300324000001e-06,7.50070857e-06,0.203820251,0.001163021316,6.0831929600000005e-05,65.709655,50.667981,1.363703625e-05,6.28243887,0.009999572750000001,4.26000272,0.00036282602819999996,3.2280899604000006e-05,0.0206799175,17.85123355,0.00036282602819999996,3.2280899604000006e-05,0.00616624345,7.827544599999999,0.00036282602819999996,3.2280899604000006e-05,0.001456571662,7.133961834,0.00036282602819999996,3.2280899604000006e-05,0.005294919970000001,1.015929407e-06,2.9022433500000007e-05,0.0247337843,17.662208990000003,0.004514806749400001,-0.00365292473,-0.0041304188100000005,1.0045999939999999e-06,1.5969359599999997e-05
355,1679611800,0.393661308,0.39368929599999997,-5.011744799999998e-05,-1.3809707,1.0322940250000001,0.5509984859999999,0.896314873,0.840550653,0.01307814877,0.18750416399999997,2.8664536399999998e-05,7.708545506e-07,7.91800682e-07,9.99354237e-07,1.410656669e-06,1.815771003e-06,2.9716562620000002e-06,6.429877259999999e-06,0.195784379,0.000969671952,6.06107174e-05,68.8626557,50.616668700000005,1.309112315e-05,6.227277589999999,0.00976249775,4.106620680000001,0.000258680733,2.2684764170000002e-05,0.0202263785,17.173046300000003,0.000258680733,2.2684764170000002e-05,0.00618496246,6.825582109999999,0.000258680733,2.2684764170000002e-05,0.001466393714,6.01137269,0.000258680733,2.2684764170000002e-05,0.0052902340299999994,8.78180237e-07,2.88253931e-05,0.2621767943,24.484106860000004,0.0077487572510000005,-0.00379032294,-0.00421975715,9.548395140000001e-07,1.63602446e-05
355,1679612400,0.832941627,0.832969391,-0.000634398026,-1.54602643,1.3924925,0.8228253179999999,1.22767497,1.1764484139999998,0.0253521007,0.384006125,2.9360453599999996e-05,1.8500494100000002e-06,1.8505640073000001e-06,2.2866055555e-06,3.1058525319999995e-06,3.848029296e-06,6.185638917e-06,1.2281868589999997e-05,0.415806229,0.000567191429,6.34882946e-05,63.83768289999999,50.165155399999996,2.77124562e-05,5.81026989,0.014544353699999998,8.824312420000002,0.0006778719065,6.1059977e-05,0.0297357598,36.7868804,0.0006778719065,6.1059977e-05,0.006513473820000002,14.3244176,0.0006778719065,6.1059977e-05,0.0020216236200000003,13.76101639,0.0006778719065,6.1059977e-05,0.00527907003,1.5462262660000001e-06,2.9378449e-05,0.07220361010000001,5.514277398,0.006419599645,-0.00310918766,-0.0037468518700000003,9.610048929999998e-07,1.566580945e-05
355,1679613000,0.6971433170000001,0.6971712689999999,-0.0010675647210000002,-1.56227103,1.24890063,0.756352165,1.113296493,1.067620104,0.02282016907,0.33303574999999996,2.9159479600000003e-05,1.464157419e-06,1.4862338399999998e-06,1.9076754687999997e-06,2.736317056e-06,3.5708867195e-06,6.069557932999999e-06,1.2832296220000001e-05,0.34756083200000004,0.0009029671420000002,7.59735697e-05,64.9303158,50.3170899,2.31778087e-05,6.1797035099999995,0.0132489666,7.2775590800000005,0.0005893621653999999,5.296785692999999e-05,0.027107718700000005,30.5078147,0.0005893621653999999,5.296785692999999e-05,0.0064782433,12.92523761,0.0005893621653999999,5.296785692999999e-05,0.0019525883800000001,12.28539085,0.0005893621653999999,5.296785692999999e-05,0.005281333399999999,1.432428403e-06,2.9262281799999997e-05,0.09558219780000002,18.143356073,0.00912328363,-0.00328504184,-0.0038493699200000003,1.069468457e-06,1.61971383e-05
355,1679613600,0.655797537,0.655825227,-0.00310824278,-1.42330114,1.30466481,0.7210368690000001,1.1507601,1.07710789,0.023766765080000002,0.316899824,2.8167002700000003e-05,6.91350865e-07,6.369937761999999e-07,9.602283958e-07,1.3918197080000003e-06,1.734809124e-06,3.321945144e-06,7.03527499e-06,0.3249078120000001,0.00292228882,5.22183722e-05,69.6409998,50.978768200000005,2.18165739e-05,5.886797860000001,0.0128201331,6.84668673,0.0005703858251,5.129683971e-05,0.026245887700000005,28.4981764,0.0005703858251,5.129683971e-05,0.006433603289999999,13.00543169,0.0005703858251,5.129683971e-05,0.001884524216,12.365797434,0.0005703858251,5.129683971e-05,0.005266676600000001,1.5524027199999999e-06,2.9210252900000004e-05,0.04806965379999999,20.95557458,0.01010157577,-0.0032591553599999996,-0.0038248887800000006,1.2256038739999998e-06,1.76274106e-05
355,1679614200,0.48695134599999995,0.486979076,-0.00434523635,-1.1818980799999999,1.1839861500000002,0.593359485,1.0678075699999998,0.9974554550000001,0.00823361972,0.213922107,2.90687766e-05,1.481868038e-06,1.5178115032e-06,1.8318110818e-06,2.399975082e-06,3.0788763497000002e-06,4.841930010400001e-06,9.54491107e-06,0.23893009299999995,0.00447749317,4.167882710000001e-05,68.48946240000001,51.911276400000006,1.6190263649999997e-05,5.99617433,0.010656957800000002,5.00770653,0.00041083403150000004,3.661290336e-05,0.0224532525,20.7582189,0.00041083403150000004,3.661290336e-05,0.006296682620000001,8.91385123,0.00041083403150000004,3.661290336e-05,0.0016850272200000002,8.16910334,0.00041083403150000004,3.661290336e-05,0.0052770205,1.33949957e-06,2.90630744e-05,-0.11286921099999998,20.34603377,0.007914625693999998,-0.0035411694799999996,-0.004082287089999999,1.327816023e-06,1.8271386399999997e-05
355,1679614800,0.44010540200000003,0.44013309500000003,-0.003298178949999999,-0.3132494600000001,2.076700897,0.573500122,0.928528358,0.868826518,0.08008854497,0.883754887,2.84411461e-05,1.2219140895e-06,2.0664014012e-06,3.5787052277000005e-06,5.917770598e-06,9.817717483e-06,1.8300835699e-05,3.8880076663e-05,0.21691012399999998,0.00295812604,0.00010354849530000001,67.1966021,51.46971319999999,1.4591392350000001e-05,6.414970460000001,0.010484084000000001,6.77051345,0.0003932999643,3.50985248e-05,0.0210279283,19.5890152,0.0003932999643,3.50985248e-05,0.00627415821,9.08408907,0.0003932999643,3.50985248e-05,0.0016111041899999998,8.440548524,0.0003932999643,3.50985248e-05,0.00539712289,3.0700777388e-05,5.840176980000001e-05,-0.3601925353,269.621897984,0.10213778131949999,-0.0036112255999999994,-0.004104599259999999,7.3822500802e-05,0.0006495139188
355,1679615400,0.793860566,0.7938882620000001,-0.003185847276,0.698956584,4.6813805,0.754908553,1.1827861050000001,1.083183049,0.23947396524000003,2.124833493,2.93388296e-05,4.9782899099999994e-06,1.1547991655000001e-05,2.2703676045000003e-05,4.325311821e-05,6.6641307945e-05,0.000117147875626,0.00025910747061000004,0.39338149699999997,0.00245332344,0.0005680732564000001,63.227871199999996,50.7488646,2.6165506599999998e-05,6.94730421,0.014434516849999999,21.630065359999996,0.0005351488978,4.847203126e-05,0.0274469225,35.387276199999995,0.0005351488978,4.847203126e-05,0.0064313895400000005,12.3489923,0.0005351488978,4.847203126e-05,0.0020734530199999998,11.756043189999998,0.0005351488978,4.847203126e-05,0.00624968492,0.000252782392307,0.0002804356703,0.44873611309999994,624.03652634,0.39377832313999994,-0.002170562947,-0.00312254517,0.00047670104185,0.0041007109629
355,1679616000,0.998069995,0.998097438,-0.0035856380200000003,1.1841881993999999,4.68273045,0.838564764,1.35172878,1.172248265,0.3371163808,2.4158698860000003,2.99455749e-05,5.799271797e-06,1.2451107255e-05,2.5690084480000005e-05,5.1378223159999996e-05,8.208602733e-05,0.00015897021907,0.00037745902435,0.495255414,0.0023284586600000002,0.0007347164121999999,59.86117130000001,50.549154400000006,3.2866131e-05,7.04631425,0.0164107094,28.6069751,0.0006937853064000001,6.335170309999998e-05,0.0304607946,46.0229434,0.0006937853064000001,6.335170309999998e-05,0.00668660326,16.6330646,0.0006937853064000001,6.335170309999998e-05,0.0025283004799999996,16.19333985,0.0006937853064000001,6.335170309999998e-05,0.006716408829999999,0.00028636708298,0.00031392134129999997,-0.8494282843000001,312.15529856,0.3385431392,-0.0014485003939999999,-0.00268431183,0.00044805178317,0.0030434764705
355,1679616600,1.05482196,1.05484944,-0.011069797650000001,2.2991621,5.74836301,0.8404893980000001,1.41698076,1.1925363999999998,0.40245093660000003,3.02728145,3.0383981399999997e-05,6.51608602e-06,1.5059535030000002e-05,2.9955128100000002e-05,5.2346311799999993e-05,8.948399949999999e-05,0.00027221254399999997,0.000452063706,0.521370148,0.0039057268399999997,0.001213650522,60.170442,50.819318499999994,3.46459293e-05,7.41894301,0.01913930915,34.6266455,0.000735029131,6.684424174e-05,0.031087124799999998,48.7880354,0.000735029131,6.684424174e-05,0.006681601200000001,16.31853038,0.000735029131,6.684424174e-05,0.00256903025,15.778660310000001,0.000735029131,6.684424174e-05,0.00816616787,0.00032303098900000003,0.0003505571955,-0.05972696017000003,263.932740684,0.4109838442,0.0044794380100000005,0.0020831156900000002,0.0005431182108,0.004198983511
355,1679617200,2.4068233099999996,2.406849924,-0.0010775672040000002,0.4781791846999999,6.061535070000001,1.287311584,2.05596274,1.8227431600000004,0.6051935900000001,4.737175289999999,3.03165154e-05,5.3887436949999995e-06,1.1105647578999999e-05,2.1501926009000006e-05,3.816043444e-05,6.945915860000001e-05,0.00023437498485000003,0.00041643195120000004,1.199306145,0.00233177592,0.0009729052570000001,58.991222500000006,50.3134509,7.967075590000001e-05,6.853746570000001,0.0259940593,43.67139290000001,0.0016670867409999998,0.00015186944176,0.0472806251,108.55645319999999,0.0016670867409999998,0.00015186944176,0.00747951506,36.545669579999995,0.0016670867409999998,0.00015186944176,0.0035812007599999992,36.14930598,0.0016670867409999998,0.00015186944176,0.00750675509,0.0002369490787,0.0002636183582,0.0657116016,281.34062296,0.32677513880000003,0.003625594759,0.0015470416800000002,0.00039640008506999997,0.0029092864092
355,1679617800,3.9099111,3.90993517,0.00280083277,-0.5922949510000001,6.9856006399999995,1.68357279,2.6105296200000003,2.41574879,1.0375175005,8.022239529999998,3.89413856e-05,1.4180368439999999e-05,2.00800725e-05,3.337718038e-05,5.91425792e-05,9.70751651e-05,0.00019647884400000003,0.0005427993695,1.9515235360000003,0.0014735502100000001,0.0009805041369999998,57.8931379,50.1041903,0.0001294839238,6.76452156,0.031639191299999994,62.300239399999995,0.002462211819,0.00022677739422000001,0.0617188047,176.19746159999997,0.002462211819,0.00022677739422000001,0.00787495417,50.65201199999999,0.002462211819,0.00022677739422000001,0.004122217000000001,50.43468512,0.002462211819,0.00022677739422000001,0.00705214186,0.0002775617554,0.0003013782583,1.2184232959999999,348.444672,0.344708711,0.0032068336339999997,-0.001303537934,0.0003819360516,0.00261958144
355,1679618400,3.3045713999999995,3.3045970099999997,0.0005662760399999998,-0.594432183,6.192414020000001,1.5589071300000001,2.44094952,2.21950527,0.7704591415,5.55908844,3.10830173e-05,8.570846079999999e-06,1.4770595099999998e-05,2.8634487469999998e-05,5.5498888329999996e-05,9.299040064e-05,0.00020090587668,0.0005215077875999999,1.64908877,0.00142844345,0.000839888777,57.96183990000001,50.1182218,0.00010944506069999998,6.74347991,0.029301323599999995,55.1812235,0.0022020771539999996,0.00020118193180000002,0.057158889099999985,149.5877885,0.0022020771539999996,0.00020118193180000002,0.007808126969999998,45.351380670000005,0.0022020771539999996,0.00020118193180000002,0.00418556514,45.363769700000006,0.0022020771539999996,0.00020118193180000002,0.006967318920000002,0.00029851452419999997,0.0003243886549,1.5665405760000002,315.56217499999997,0.337477331,0.00016569920899999982,-0.0016585711,0.00043608517669999997,0.0030369677872
355,1679619000,3.3372769200000008,3.33730293,-0.00100774416,-0.5884748335,5.875079390000001,1.552510614,2.44091201,2.21144251,0.5996121173,4.64198424,3.52524468e-05,1.2549888730000001e-05,1.8864474169999998e-05,3.468906946e-05,6.244732654999999e-05,9.982121079999998e-05,0.0001992142778,0.0004956832269000001,1.6654178869999998,0.00136126038,0.0009260857570000001,58.50618579999999,50.1476269,0.00011048950460000001,6.821002559999999,0.029174843100000004,54.6594705,0.002777206938,0.00025416187610000004,0.056644186399999984,148.7920724,0.002777206938,0.00025416187610000004,0.008082154690000001,55.70644707,0.002777206938,0.00025416187610000004,0.004440865130000001,55.9315922,0.002777206938,0.00025416187610000004,0.006926804440000001,0.0002911232029,0.000316944782,0.5888692470999999,259.08477282999996,0.3166378238,0.0009329950699999999,-0.001681522864,0.00041601578843,0.002863117251
355,1679619600,0.9076965229999999,0.907724196,-0.0007421986203,-1.3841655400000001,2.30380779,0.854286715,1.252013234,1.170673215,0.0934056456,1.053935906,2.8479968199999994e-05,1.480304463e-06,1.8917971000000001e-06,3.4863038509999992e-06,6.45604821e-06,1.032456663e-05,2.0076729920000004e-05,4.551739846e-05,0.451526839,0.00208693571,0.0001440601894,65.30085199999999,50.5798008,3.0152375199999998e-05,6.4308283799999995,0.014940797,11.4106268,0.0006864431714,6.188673851e-05,0.030302766499999995,39.4277392,0.0006864431714,6.188673851e-05,0.006542767719999999,15.32667377,0.0006864431714,6.188673851e-05,0.00215701638,14.79316107,0.0006864431714,6.188673851e-05,0.005417568440000001,2.915906519e-05,5.69065208e-05,-0.7861482059,186.23466193500002,0.08532605909000002,-0.0028758152000000004,-0.003482595990000001,7.5905435397e-05,0.0008118522624499999
355,1679620200,2.30157242,2.3015999000000003,-0.00038643740999999993,-0.43497074299999994,5.492642819999999,1.3118361699999999,2.09166389,1.8504940599999997,0.4309798626000001,3.10457543,3.1647924300000006e-05,8.341342394999997e-06,1.653923444e-05,3.3034697465999996e-05,6.054302334999999e-05,9.952486253000001e-05,0.00019996283334000001,0.0004755599651,1.1473639109999998,0.00171403444,0.000809989839,58.12649220000001,50.2137288,7.61344463e-05,6.93901834,0.0245246616,42.56696900000001,0.002295601638,0.0002092616624,0.0473801526,101.8443077,0.002295601638,0.0002092616624,0.00767432988,43.06989203,0.002295601638,0.0002092616624,0.0039406092099999995,43.409223710000006,0.002295601638,0.0002092616624,0.006833604609999999,0.00032393012354,0.00035141448509999997,-0.019304187859999995,300.740680221,0.35042784874,-0.0011793298569999998,-0.00250724849,0.00047563782108,0.0032298998909999995
355,1679620800,3.3660170700000003,3.36604241,-0.0015236097500000002,-0.289907606,5.65251006,1.504768095,2.4902635699999998,2.1389903099999996,0.911881893,4.7411470399999995,3.19446997e-05,5.71946699e-06,1.0709477468e-05,1.897675628e-05,3.46835934e-05,6.58776921e-05,0.00011731625170000001,0.000313851263,1.6802370100000001,0.00158410066,0.000613057667,58.320882499999996,50.161324300000004,0.0001117139072,6.540117759999999,0.0276091048,47.29923169999999,0.0020772191460999997,0.00019017136163,0.0547595246,148.45058569999998,0.0020772191460999997,0.00019017136163,0.00776786186,43.531906629999995,0.0020772191460999997,0.00019017136163,0.00386616397,43.38067873,0.0020772191460999997,0.00019017136163,0.00664805347,0.00020832570460000002,0.00023343865490000004,0.542446698005,319.6503697564,0.2940697505,0.0029392527200000004,0.00024731647999999995,0.00032598958093,0.0024886873648
355,1679621400,5.151271400000001,5.151300340000001,-0.00405466478,-0.25714393290000004,7.6180949500000015,1.85202177,3.10471984,2.57666617,1.7326541810000002,9.993451109999999,4.59551838e-05,1.2417411819999998e-05,1.7514595400000003e-05,2.87762285e-05,4.64718959e-05,7.71001031e-05,0.00015202917499999998,0.00042400340749999994,2.57206024,0.0018951389300000004,0.000904300496,58.8590248,50.1076337,0.00017080792349999998,6.725899149999999,0.0339045636,70.09760739999999,0.003803841785,0.0003520424144,0.0674596932,227.4637545,0.003803841785,0.0003520424144,0.009214890970000002,79.9774626,0.003803841785,0.0003520424144,0.0051853323,79.7629452,0.003803841785,0.0003520424144,0.00686028915,0.0002073301346,0.00023663631049999993,0.4852597730000001,453.1759559999999,0.361558574,0.00131219864,-0.0008549977470000001,0.00040396200419999995,0.0034359449
355,1679622000,3.6547917599999997,3.65481803,0.001610842743,-0.7358302769999999,6.687129110000001,1.66306683,2.62755523,2.4321367799999996,0.636585305,5.83803973,3.39015163e-05,8.8768845e-06,1.206435899e-05,2.0568117169999997e-05,3.68067158e-05,6.164089270000001e-05,0.0001275397209,0.00033893812130000005,1.8245759399999997,0.0015779363500000002,0.0006278288824999999,57.6540438,50.10446399999999,0.00012122057860000002,6.56603537,0.030612258100000005,51.9202528,0.0034166030189999993,0.00031307262990000007,0.06105781069999999,163.1729675,0.0034166030189999993,0.00031307262990000007,0.008459399409999999,66.87121429999999,0.0034166030189999993,0.00031307262990000007,0.004795930960000001,67.1374048,0.0034166030189999993,0.00031307262990000007,0.006391652140000001,0.00017066075049999998,0.000196853111,1.56360421905,480.887291075,0.32478053176,-0.00033568496299999994,-0.001891722363,0.000294546146746,0.0022673329661
355,1679622600,2.6122971900000005,2.612323295,0.0009384139870000001,-0.18354706699999995,5.798277130000001,1.30623542,2.1273274300000002,1.85435664,0.7278170586000001,5.232983591000001,3.0293335400000002e-05,7.15607962e-06,1.4924542162e-05,3.0242266900000005e-05,5.8922400510000005e-05,0.00010268505054,0.00022049135784,0.00057810307094,1.3014125560000003,0.0026739381599999996,0.0010452396863999999,60.089193699999996,50.4737797,8.634531790000001e-05,6.988973400000001,0.0252152535,55.70754396000001,0.0013320385155,0.00012177492331999998,0.0478071328,117.0474235,0.0013320385155,0.00012177492331999998,0.00719990112,26.614415389999998,0.0013320385155,0.00012177492331999998,0.00340983281,26.42277869,0.0013320385155,0.00012177492331999998,0.00728643318,0.00035266751927,0.00037871823039999997,0.054793986599999976,181.83556854000003,0.3259870735,-0.00022923788599999996,-0.0021287711000000003,0.00046393383953,0.0026098133285999995
355,1679623200,1.098853757,1.098881549,-0.00482794025,0.49659195,4.535763449999999,0.875628822,1.4357313660000002,1.24537549,0.3021232819,2.216793582,3.0478777999999997e-05,6.427453471000001e-06,1.3332057592e-05,2.6715972506999997e-05,5.2259009994e-05,8.432729860399999e-05,0.00016873377612499997,0.00038797666852999997,0.5440177239999999,0.0039207135700000005,0.0007457057546,62.2449065,50.8881781,3.6205421200000005e-05,6.9855344399999995,0.0173566085,32.873819850000004,0.0009419797259999999,8.538500609999999e-05,0.031990166400000006,50.0033283,0.0009419797259999999,8.538500609999999e-05,0.00693838619,19.718574600000004,0.0009419797259999999,8.538500609999999e-05,0.0027813063400000003,19.32831243,0.0009419797259999999,8.538500609999999e-05,0.00678318111,0.00028695534004,0.00031473124319999997,0.529652521,234.1452764,0.3218518627,-0.0017684178360000001,-0.0029295132799999997,0.00040833111705000007,0.0030957663135
355,1679623800,1.0767605479999998,1.076788229,0.00185335231,2.1653882930000004,6.173738510000001,0.850022056,1.38371727,1.200711643,0.424211115,3.53022361,3.0165290999999996e-05,6.450984349999999e-06,1.4996739720000001e-05,3.17394875e-05,5.8679582199999994e-05,9.66385801e-05,0.00019380080680000004,0.0004491804434,0.5325017479999999,0.00414393562,0.000880479636,59.390544899999995,50.855617,3.54223482e-05,7.416445319999999,0.01712336485,31.9767584,0.00041591901119999997,3.7453743509999996e-05,0.0314341844,50.1333038,0.00041591901119999997,3.7453743509999996e-05,0.00651767066,11.417340880000001,0.00041591901119999997,3.7453743509999996e-05,0.00237391429,10.83951124,0.00041591901119999997,3.7453743509999996e-05,0.00689433325,0.0003370985175,0.00036472655399999996,-0.2673962671999999,539.956435,0.44568536299999995,-0.00168357544,-0.0028485209799999998,0.000576311212,0.00399053051
355,1679624400,1.2561628171428574,1.2561904328571427,0.0005992169285714286,0.6155597514285712,5.171675714285714,0.9356947071428573,1.5139747714285716,1.3557199714285713,0.39599126371428567,2.8055377528571426,2.9556905714285715e-05,4.625480442857142e-06,9.927609215714285e-06,1.9845889828571426e-05,3.680591178571429e-05,6.686633599999999e-05,0.00013150907828571426,0.0003211042634285714,0.6226095771428571,0.004268803214285715,0.0006099178299999999,61.211929714285716,50.76402342857143,4.1483538857142855e-05,6.927859342857142,0.017908875571428572,25.296975785714285,0.0005826669921428571,5.3024785999999996e-05,0.03458418671428572,56.804226285714286,0.0005826669921428571,5.3024785999999996e-05,0.006960116328571429,18.408813114285717,0.0005826669921428571,5.3024785999999996e-05,0.0028095258428571432,17.476876999999998,0.0005826669921428571,5.3024785999999996e-05,0.006429944057142857,0.00022337763814285713,0.00025110938414285713,0.018364841142857052,375.2007385714286,0.33582520428571433,-0.0013666731428571429,-0.0024879934428571433,0.00041616756771428574,0.003076656777714286
355,1679625600,3.7902395,3.7902405999999997,-0.0025055817500000003,-1.29297945,6.0328093,1.7197563000000002,2.83302405,2.54014,0.39031197500000003,4.57405105,8.81895335e-06,9.63913135e-06,1.0357979e-05,1.29872142e-05,2.1490873999999997e-05,2.9281419500000004e-05,5.42418745e-05,0.00013069626,1.89250975,0.0020292186,0.000304124435,57.9078845,50.1570985,0.000125934145,6.2902193,0.030545974999999996,41.7139775,0.005835983750000001,0.000534488275,0.062850195,165.795115,0.005835983750000001,0.000534488275,0.006327288,97.00245,0.005835983750000001,0.000534488275,0.005114114350000001,99.888025,0.005835983750000001,0.000534488275,0.0027526936,5.0398573e-05,5.194191999999999e-05,-1.47279885,676.2968000000001,0.239568325,0.0037780211,0.002488509,9.2231158e-05,0.00070123952
355,1679626200,4.22803238,4.22804538,0.00023870609000000006,-0.8658992860000001,6.90782328,1.78375583,2.83831161,2.6028794399999997,0.722063118,5.81653996,2.16889449e-05,1.144722556e-05,1.696416286e-05,2.9311239330000003e-05,5.2315029200000006e-05,8.658666093000001e-05,0.000189513734,0.0005127156103,2.11008426,0.00208219963,0.0009419612389999999,57.3471114,50.1420443,0.0001401680038,6.787297949999998,0.033138347400000004,64.2822785,0.0031389384999999997,0.00028689401099999995,0.0653714861,187.515786,0.0031389384999999997,0.00028689401099999995,0.00742122004,64.28659970000001,0.0031389384999999997,0.00028689401099999995,0.005128609609999999,64.87618239999999,0.0031389384999999997,0.00028689401099999995,0.0055703672699999995,0.0002597344566,0.0002725899376,0.2079142416,349.46962299999996,0.324613941,0.0018367441999999998,2.8581090500000024e-05,0.00037016358699999994,0.00241777902
355,1679626800,2.04678816,2.0468093400000003,-0.002017798628,-0.11239530660000008,5.6000084,1.2310757399999999,1.91514593,1.6889015699999999,0.4736424779999999,3.11884485,2.58007711e-05,1.044765624e-05,2.206681086e-05,4.2964758159999995e-05,8.245456525e-05,0.00013930600744,0.00027771059775,0.0006785838547,1.017884934,0.0030456888299999997,0.001205117747,59.295472100000005,50.34288239999999,6.75218057e-05,7.1906443,0.024765561,59.0070233,0.0006894429397000001,6.31065486e-05,0.044853403800000004,94.7160723,0.0006894429397000001,6.31065486e-05,0.00625288933,21.429410970000003,0.0006894429397000001,6.31065486e-05,0.00319699493,20.98033057,0.0006894429397000001,6.31065486e-05,0.00720624279,0.000488455471,0.000509577994,0.09404813185999997,233.005206,0.410039367,0.00015840395699999997,-0.0014546953500000001,0.0006241053156000001,0.0038653886800000003
355,1679627400,1.559550939,1.559574751,-6.673221899999998e-05,0.6042434422999999,5.70186155,1.047693115,1.6532379600000002,1.4278186,0.46523894239999997,3.0696469879999997,2.96581566e-05,1.085532469e-05,2.0170060899999997e-05,4.0338565780000005e-05,7.525240861e-05,0.00012496780665,0.00025241483154,0.0006009437609999999,0.774411686,0.00318216411,0.001050665697,59.64456520000001,50.498769599999996,5.1329191599999995e-05,7.25467685,0.020935809950000002,45.20309640000001,0.0024049775395,0.00021953683170000001,0.0382180348,72.55603529999999,0.0024049775395,0.00021953683170000001,0.007197597520000001,47.22315206,0.0024049775395,0.00021953683170000001,0.0037160064900000006,47.82838529,0.0024049775395,0.00021953683170000001,0.007003698409999999,0.00040832264115999995,0.0004321976146,-0.04073304699999995,389.85335,0.4291889448,-0.000802711111,-0.00223032905,0.0005858485394999999,0.0037608529405000007
355,1679628000,1.8286966099999997,1.8287220000000002,0.0034109593699999997,-0.19894311000000003,5.97813258,1.18023907,1.7256901799999997,1.5816107700000002,0.4481777149999999,3.37862987,2.93675669e-05,9.08824917e-06,1.74552699e-05,3.74304445e-05,6.581275980000002e-05,0.00011375406739999999,0.00022584128160000003,0.0005199473999999999,0.9094589000000001,0.00292496417,0.0009695437330000001,58.5515487,50.3496619,6.03304826e-05,7.186064399999999,0.0228231949,42.1921081,0.0016861783035,0.0001537983882,0.0426517167,82.88036489999999,0.0016861783035,0.0001537983882,0.0070263335,31.987098279999998,0.0016861783035,0.0001537983882,0.0034209997899999995,32.19781744,0.0016861783035,0.0001537983882,0.0069010555,0.00037501755860000003,0.000400381613,-0.11489125649999994,457.26297399999993,0.45184374,-0.000597200868,-0.00197886441,0.0006415052679999999,0.004676224389999999
355,1679628600,1.29452571,1.2945519,0.0015538561299999999,0.9033415534,5.96890724,0.9715467400000002,1.4869203800000002,1.2943894800000002,0.414472301,2.9034427999999997,3.39225396e-05,1.347655119e-05,2.4449612000000003e-05,5.000767529999999e-05,8.18881626e-05,0.0001399003792,0.00026884262799999997,0.0005652485710000001,0.6420370360000001,0.00302001985,0.0010537966840000002,58.684130100000004,50.4959578,4.25804962e-05,7.4399372800000005,0.019622737600000002,43.7226417,0.0014960001710000001,0.000136211097,0.0351744777,60.310448799999996,0.0014960001710000001,0.000136211097,0.00708192703,35.87034823,0.0014960001710000001,0.000136211097,0.0033155886499999995,35.61209342,0.0014960001710000001,0.000136211097,0.00726997075,0.00045360426599999994,0.00047965449699999995,-0.590430515,345.734933,0.466138079,-0.000955644204,-0.0023152721699999995,0.000685355217,0.0046657786700000006
355,1679629200,2.16543815,2.1654642,0.0004238487214500001,-0.3136133,6.47386012,1.269054095,1.9751477999999998,1.80114248,0.4792522229999999,3.6947298499999994,2.8920841199999998e-05,5.91259061e-06,1.16904044e-05,2.4635443370000003e-05,4.31979276e-05,7.36096246e-05,0.0001498958838,0.000337012352,1.079385236,0.0019995020000000002,0.0006846858770000001,58.2478899,50.241389399999996,7.16745908e-05,7.03459534,0.0235714775,37.257373799999996,0.001410859117,0.0001282393515,0.0460107559,95.148648,0.001410859117,0.0001282393515,0.007335579069999999,32.87720377,0.001410859117,0.0001282393515,0.0035761962000000003,32.43331616,0.001410859117,0.0001282393515,0.006353075970000001,0.000247664363,0.000273971153,-0.01577290859999998,495.65146699999997,0.407078308,-0.001151241035,-0.0022846494299999997,0.000530165847,0.00407507301
355,1679629800,1.38031763,1.3803444800000002,-0.001264621311,-1.54177965,1.72055247,1.0543330279999998,1.58659843,1.5207464099999999,0.043275756900000004,0.617997465,2.8276878599999996e-05,1.8882411030000001e-06,1.7999055020000002e-06,2.2084130399999998e-06,3.523732547e-06,4.4007166300000005e-06,7.146536530000001e-06,1.645912779e-05,0.688951697,0.001090135375,7.80947906e-05,63.215063900000004,50.1963454,4.5926117999999996e-05,5.9538945199999995,0.018406507199999998,14.3049778,0.0007657516271999999,6.917334161600001e-05,0.0379169476,60.34199929999998,0.0007657516271999999,6.917334161600001e-05,0.006667081189999998,19.56543429,0.0007657516271999999,6.917334161600001e-05,0.00250011517,18.78435828,0.0007657516271999999,6.917334161600001e-05,0.00518172243,2.6156947399999993e-06,2.9402044900000002e-05,-0.010215890200000001,4.461349461,0.007289422154,-0.0025036721000000002,-0.0031883106100000004,9.30220284e-07,1.6205522099999998e-05
355,1679630400,1.516580072,1.516607144,-0.0029490651000000003,-1.5119515900000002,1.9643099199999998,1.1017797299999998,1.65192542,1.57148548,0.0797589358,0.871413528,2.8364272000000002e-05,1.712705219e-06,1.5891398552999998e-06,2.089532368e-06,3.32720349e-06,4.244281289e-06,9.604409279999999e-06,1.7472617230000002e-05,0.757008971,0.0011532556500000002,8.652095569999999e-05,62.74288859999999,50.2277431,5.0470905899999996e-05,5.808569889999999,0.018920615499999998,15.324221099999999,0.001470826825,0.0001336746108,0.0391820806,65.1400464,0.001470826825,0.0001336746108,0.00725494772,29.4904921,0.001470826825,0.0001336746108,0.0031579237399999996,29.229029099999998,0.001470826825,0.0001336746108,0.00521864218,3.3240335899999995e-06,3.0413414799999997e-05,0.10406645810000001,47.5571828442,0.017815186827,-0.00240225682,-0.0031023960800000004,2.101001354e-06,2.9514130500000003e-05
355,1679631000,1.053596794,1.053624166,-0.0033282772499999996,-1.58415077,1.47432002,0.9376865349999999,1.37205441,1.31865274,0.026911295699999997,0.46765662399999997,3.0518444499999994e-05,3.5558024579999997e-06,3.6855054736e-06,4.374025621e-06,6.00608532e-06,7.767572906e-06,1.2024069879999999e-05,2.4656389260000002e-05,0.524516362,0.00213479695,8.1723975e-05,62.7933812,50.42837,3.5016863100000004e-05,6.26113126,0.0164967558,11.1521616,0.0008499235347,7.690590980999999e-05,0.033580178700000005,46.391496000000004,0.0008499235347,7.690590980999999e-05,0.006645685629999999,17.703669780000002,0.0008499235347,7.690590980999999e-05,0.00229438797,17.2045322,0.0008499235347,7.690590980999999e-05,0.005236743800000001,2.0145993699999998e-06,2.93715613e-05,0.014926822479999999,14.506539223500003,0.009018162449999999,-0.00289104381,-0.00348929451,1.1896867659999999e-06,1.87543198e-05
355,1679631600,3.485858829,3.485883553,0.000683288,-1.0694639599999998,3.4926691599999997,1.542594463,2.4521248899999994,2.177579,0.64012240855,3.3282066639999996,3.15150802e-05,3.0667032080000004e-06,2.79681985e-06,3.912913576e-06,7.521806459999999e-06,1.3970872759999999e-05,2.3226313789999997e-05,0.00011590084807,1.741646432,0.0008220942679999999,0.0002833245322,59.804297600000005,50.1180342,0.00011592637409999999,5.9106807,0.0274155186,38.5330946,0.0022571267726000004,0.00021113818428,0.055862590999999996,153.22669659999997,0.0022571267726000004,0.00021113818428,0.008077924890000001,49.71571615,0.0022571267726000004,0.00021113818428,0.00401521174,49.173762214999996,0.0022571267726000004,0.00021113818428,0.00573486958,2.9165152259999997e-05,5.40784549e-05,0.12553237118000005,26.761391191,0.05056946441,0.0023202623699999994,-0.00025720764599999977,3.4608659325000003e-05,0.00036391047739999996
355,1679632200,2.4664495430000004,2.4664769,-0.0033882915899999997,-1.3937217800000001,2.9009009999999997,1.3086470499999998,2.1044517199999997,1.8959453749999997,0.302746221,1.895909564,2.9864537499999998e-05,3.1519498029999998e-06,3.1607433230000002e-06,4.26522351e-06,7.311819e-06,1.121405127e-05,1.908327486e-05,4.6361197800000004e-05,1.2316976059999998,0.001214142995,0.00021579030740000003,63.2664692,50.2380736,8.19900948e-05,6.41381537,0.0229154607,25.708889350000003,0.0015450697538000001,0.0001404107847,0.047153674500000006,107.1411707,0.0015450697538000001,0.0001404107847,0.007378233719999999,35.476470039999995,0.0015450697538000001,0.0001404107847,0.00333870681,35.014554759999996,0.0015450697538000001,0.0001404107847,0.00538026858,9.08156713e-06,3.63714058e-05,-0.1981502910000001,199.80815759540002,0.049181380010000005,-0.00151182379,-0.0024232921833,1.1018105904000002e-05,0.0001242690691
355,1679632800,1.9227782242857143,1.9227978514285715,0.017774879857142857,0.7345364857142858,3.503410671428571,0.9031781771428571,1.4608303142857142,1.1034979957142859,1.3245213966428568,4.423120407142856,6.269339442857143e-05,2.1784248828571432e-05,2.560670572857143e-05,3.1973123399999996e-05,4.318858088571429e-05,5.956550007142857e-05,8.986793685714286e-05,0.00017241215957142857,0.95768421,0.002868053714285714,0.0003490005341428571,62.37740557142856,50.68106171428571,6.371970285714287e-05,6.561329014285714,0.016356660714285716,21.910217771428574,0.004234732520857143,0.00040203572354285705,0.032712835,85.66276457142858,0.004234732520857143,0.00040203572354285705,0.008508706985714284,90.2527771857143,0.004234732520857143,0.00040203572354285705,0.003161192557142857,88.81330371428571,0.004234732520857143,0.00040203572354285705,0.006325918585714285,0.00012433912185714284,0.00014408369385714287,1.3639209971428572,351.38760217142857,0.25334618042857143,0.007948333242857143,0.004218930828571428,0.0003923176930142858,0.004131955131571429
355,1679633400,0.5949609083333334,0.5949740366666666,-0.006109735033333334,-1.43214895,1.27810155,0.6895033599999999,1.1042836833333334,1.0396567166666666,0.018540269,0.2979439383333333,1.3519270150000002e-05,4.64497485e-07,3.9262411533333333e-07,6.302744576666667e-07,8.777462999999999e-07,1.0920679266666666e-06,9.89917535e-06,3.784310266666667e-06,0.29352843166666664,0.003873103383333333,6.0917421666666664e-05,72.62077500000001,51.385099499999995,1.979737416666667e-05,5.7719731166666675,0.012326006666666665,6.3424717,0.0007651786943333334,6.960864625000001e-05,0.024841166166666668,25.486585333333334,0.0007651786943333334,6.960864625000001e-05,0.004796600533333333,14.295931016666666,0.0007651786943333334,6.960864625000001e-05,0.0019581984,14.191271966666664,0.0007651786943333334,6.960864625000001e-05,0.0036097421500000007,2.6695276e-06,1.5749095500000002e-05,0.033690474666666664,1.4492549176666667,0.005627437583333333,-0.0008830475866666667,-0.0014940318,8.667478750000001e-07,9.502610316666666e-06
355,1679634000,0.9930671499999999,0.993090031,-0.0074737512700000005,-0.502378912,2.92085171,0.8361750459999999,1.35727896,1.2421504200000002,0.19519178644,1.4318990409999999,2.4583665900000002e-05,3.44713349e-06,7.553960722e-06,1.6065606948999997e-05,2.7151397826e-05,4.7967597685e-05,9.447903527999999e-05,0.00022181444419000002,0.491869769,0.0037870585899999996,0.00045626462030000007,66.67835670000001,50.994530499999996,3.28286945e-05,6.572779819999999,0.015658501199999997,17.90422609,0.0005721881955,5.1615911099999997e-05,0.030561992699999995,43.9302371,0.0005721881955,5.1615911099999997e-05,0.00618538134,13.649455490000003,0.0005721881955,5.1615911099999997e-05,0.00230838341,13.06936053,0.0005721881955,5.1615911099999997e-05,0.00558463075,0.00015645231977,0.00017948589059999998,0.16476180069999996,84.944712791,0.15188184433000002,-0.0017539784520000004,-0.00264460532,0.00022231420395400002,0.0013598358219
355,1679634600,1.937055096,1.9370774140000002,0.00632870517,2.035302391,6.25102837,0.9972987050000001,1.8698821100000003,1.3243904000000002,1.0403903876,5.176721850000001,4.5557100599999994e-05,1.7615956370000002e-05,2.852859712e-05,5.3516212699999995e-05,8.96067853e-05,0.0001437869931,0.00029029269620000004,0.0006065054233,0.962317462,0.0036534741999999995,0.001303268908,59.9775524,50.62617869999999,6.37816214e-05,7.363123019999999,0.0203510101,53.9619283,0.002279586564,0.00021726009510000002,0.03667988330000001,89.1875112,0.002279586564,0.00021726009510000002,0.00798850882,59.780308500000004,0.002279586564,0.00021726009510000002,0.0037783229100000005,59.401414620000004,0.002279586564,0.00021726009510000002,0.0076682736,0.00047682537659999994,0.0004996489924000001,-0.14196239346,265.6967597,0.420883275,0.002939865132,0.00118710685,0.0007194720655,0.004552401336
355,1679635200,1.090494641,1.0905207169999998,-0.0018507235100000002,-0.23441268699999998,4.168064729999999,0.906880202,1.36260415,1.2518257099999999,0.24031863100000006,1.905656874,2.9551286399999998e-05,6.21599862e-06,1.216285895e-05,2.4938385306e-05,4.225992438e-05,7.041742336999999e-05,0.00013396630411000002,0.0002877341317,0.541122324,0.00296771008,0.000575714532,62.4174397,50.6657552,3.60032231e-05,6.98229754,0.0170252845,23.36687676,0.0009837781420000001,8.918121389999999e-05,0.032522285799999995,48.2786303,0.0009837781420000001,8.918121389999999e-05,0.006660443060000002,19.45713437,0.0009837781420000001,8.918121389999999e-05,0.00264572357,19.15594325,0.0009837781420000001,8.918121389999999e-05,0.006222112019999999,0.00023701825402,0.00026311286269999995,0.16729279044999995,214.63685819429998,0.247455858081,-0.001841195197,-0.0028233539600000003,0.00035895263368,0.00237279393135
355,1679635800,1.0589670310000001,1.058993697,-0.0018359917469999998,-0.7078444880000001,4.06017389,0.9174206320000001,1.3681167699999999,1.27320136,0.16025877830000002,1.559278196,2.89375306e-05,4.176396372999999e-06,7.1721480379999995e-06,1.3145867675000002e-05,2.611437233e-05,4.0253952350000004e-05,6.891292488e-05,0.0001612332791,0.525833867,0.0029775174999999996,0.0003479508031,62.29533500000001,50.622935199999986,3.5084163800000004e-05,6.73575749,0.0165945372,16.79187165,0.0007201868646,6.520378462e-05,0.0328833221,46.8615524,0.0007201868646,6.520378462e-05,0.00651561097,16.232783660000003,0.0007201868646,6.520378462e-05,0.00233708407,15.745007560000001,0.0007201868646,6.520378462e-05,0.005766403979999999,0.00013925996813,0.00016587130220000002,1.4973629582499999,541.63834217,0.26531005167,-0.00203178252,-0.00282856752,0.00032714193103,0.0027159725788
355,1679636400,1.72677784,1.726801986,0.00022046656000000004,-0.2966464,2.96330306,1.0112655210000001,1.48943294,1.36890431,0.8069812722,3.659793284,3.28698735e-05,3.924306661e-06,5.729335361e-06,1.4341277687000002e-05,2.1041680594000002e-05,2.378385262e-05,6.220937523999999e-05,0.00014764944803,0.859722846,0.00301152064,0.0003663312266,66.38250350000001,50.6206464,5.73020872e-05,6.163580380000001,0.0181873558,23.53705735,0.0009985168588,9.713044265000001e-05,0.0363281288,75.6961033,0.0009985168588,9.713044265000001e-05,0.006999589790000001,21.19891803,0.0009985168588,9.713044265000001e-05,0.00253057978,20.44397447,0.0009985168588,9.713044265000001e-05,0.0058173667799999995,0.00011820598135999999,0.0001422848216,0.3653141321899999,137.48461780142,0.15948458489999998,0.0011759180899999998,-0.0024438953100000002,0.00033221100184099996,0.0032641234568
355,1679637000,2.1763241399999997,2.1763506599999998,-0.0025896621559999998,-0.6911009996640001,6.098698669999999,1.2962148199999999,1.9971609099999994,1.8019675199999998,0.45209900000000003,3.8767461100000005,3.0235815e-05,6.21164556e-06,1.0936054670000001e-05,1.9965144000000003e-05,3.5018788749999995e-05,6.10445762e-05,0.00011265528099999999,0.0002757261535,1.086051725,0.001018314664,0.000566614553,58.7095695,50.1222496,7.208899639999999e-05,6.94694762,0.023773075499999997,34.9620857,0.0015209925099999998,0.00013863278729999996,0.0470359704,97.394908,0.0015209925099999998,0.00013863278729999996,0.00758272133,38.403655799999996,0.0015209925099999998,0.00013863278729999996,0.00378983055,37.8559233,0.0015209925099999998,0.00013863278729999996,0.0061152637,0.000189227061,0.0002159826656,-0.3116425639999999,540.2455062,0.36610197600000005,-0.0010730114080000001,-0.00219864027,0.00039790836557,0.003129249603
355,1679637600,2.4218390899999998,2.42186617,-0.005030381170000001,-1.2732813870000002,3.6804372799999996,1.38365044,2.14697805,2.0126489200000006,0.2477363361,2.2860903500000003,3.27015624e-05,6.995326279999999e-06,8.363703244e-06,1.1449969045999999e-05,1.76143522e-05,2.606250698e-05,4.427460383e-05,0.00010957647555,1.209759795,0.000686036447,0.0002431940034,57.6900117,50.0659093,8.0475814e-05,6.26968749,0.024843853399999997,28.3050837,0.0019522840742999998,0.00017789395967999998,0.0503912773,107.9651664,0.0019522840742999998,0.00017789395967999998,0.00740907923,40.31837653,0.0019522840742999998,0.00017789395967999998,0.00350590276,40.14529829999999,0.0019522840742999998,0.00017789395967999998,0.00543809193,4.5850075730000006e-05,7.278071199999999e-05,0.7852116617999999,324.60616739799997,0.14422424588,-0.0015437207189999999,-0.0024980631400000003,0.00012112185846400001,0.0010834614105
355,1679638200,0.8594937720000001,0.859521244,-0.0014425762110000001,-1.5778084300000002,1.30481485,0.844771366,1.229025,1.2028492299999998,0.009418108630000002,0.365991911,2.94921012e-05,2.3236606930000003e-06,2.3537669785e-06,2.8246223215000006e-06,3.733997768999999e-06,4.723248451e-06,7.312791494e-06,1.4467514970000002e-05,0.42878123700000004,0.000858052119,6.75901309e-05,61.732631300000016,50.2222967,2.8586845e-05,5.643029159999999,0.0148648741,9.092428599999998,0.0005920166181000001,5.325125374e-05,0.0303916064,37.9064267,0.0005920166181000001,5.325125374e-05,0.00640191099,13.375543930000001,0.0005920166181000001,5.325125374e-05,0.0019709494099999997,12.69153047,0.0005920166181000001,5.325125374e-05,0.00523726146,1.8867840100000003e-06,2.93058963e-05,0.032873802769999995,0.5828503489999999,0.0017454161029999999,-0.00293236302,-0.00351471801,8.35301357e-07,1.40214999e-05
355,1679638800,1.2146573139999999,1.21468466,-0.004698010435,0.8786505730000002,5.08984284,0.9334579510000001,1.46685727,1.24976319,0.39795219400000004,2.757314943,2.9611260899999997e-05,5.61996498e-06,1.3016199619999999e-05,2.6236988068e-05,5.145528476000001e-05,8.799221474999999e-05,0.00017171522310000003,0.00041363993074000003,0.6045701059999999,0.001115114406,0.0008709898549999999,60.0381981,50.2437023,3.99969227e-05,7.162178559999999,0.01824801585,35.638388,0.0005367742902,4.864524837e-05,0.033726933400000006,55.7042799,0.0005367742902,4.864524837e-05,0.00653508351,14.030222590000003,0.0005367742902,4.864524837e-05,0.00244934376,13.34595902,0.0005367742902,4.864524837e-05,0.00677162335,0.00029750724409,0.00032487773839999994,0.280485671,302.04663853,0.3544205553,-0.001337886326,-0.0024819277399999997,0.00049602494349,0.0034569663906
355,1679639400,0.609309941,0.609337183,-0.00529350158,-0.7820757700000001,2.0225117359999993,0.667886187,1.0058182209999997,0.895789856,0.13388277665,0.9782605719999997,2.82226797e-05,1.9993462500000003e-06,4.283883353e-06,8.570362604999999e-06,1.6150215223e-05,2.7172963906000004e-05,5.323974495200001e-05,0.00012249771795000002,0.302749115,0.0013757699059999998,0.0002949929829,67.2085522,50.62155829999999,2.01413756e-05,6.64186337,0.0122736758,12.04117973,0.00046526917729999997,4.165444103e-05,0.023958364800000003,27.297673800000002,0.00046526917729999997,4.165444103e-05,0.0062641046399999996,9.85667448,0.00046526917729999997,4.165444103e-05,0.00177049239,9.2476513,0.00046526917729999997,4.165444103e-05,0.0056635958600000005,9.226198972999999e-05,0.00011956562110000003,0.13573101278,60.76055838399999,0.09830332886,-0.0024727801849999996,-0.00320934805,0.000143208253942,0.0010107257372
355,1679640000,0.45882617400000003,0.45885331900000004,-0.00260346714,-1.57608964,1.04271932,0.614391881,0.899727457,0.8557011240000001,0.015714928839999996,0.218444975,2.8082518800000003e-05,1.0717339789999997e-06,1.1221989059999999e-06,1.42204212e-06,1.9170747800000002e-06,2.8217479270000003e-06,4.229959333e-06,8.427320839999998e-06,0.22830853700000003,0.0010189495400000001,6.285837190000001e-05,66.35935180000001,50.5392292,1.5252145500000002e-05,6.18577856,0.010691622049999999,4.8467022,0.00035097636890000003,3.122310953e-05,0.0219173898,20.078580300000002,0.00035097636890000003,3.122310953e-05,0.00616658734,8.413767599999998,0.00035097636890000003,3.122310953e-05,0.00156873901,7.698513199999999,0.00035097636890000003,3.122310953e-05,0.00522110376,2.3994521800000002e-06,2.9589016700000003e-05,0.02974286401,2.9053228339999997,0.00613258186,-0.00276830968,-0.0033474756899999998,9.433797689999999e-07,1.4713266e-05
355,1679640600,0.40232353,0.4023506680000001,-0.006971480909999999,-1.5621515000000001,0.9662544970000001,0.576555664,0.8587012079999999,0.80398704,0.02105047826,0.20053597,2.76570828e-05,6.39713523e-07,6.529901458e-07,8.866387570000002e-07,1.2867669649999998e-06,1.801280454e-06,2.8383764199999994e-06,6.106457997e-06,0.19979141,0.00129071524,6.473088879999999e-05,68.4408451,50.724224899999996,1.337704186e-05,6.094273929999999,0.010113819569999998,4.315058860000001,0.0003134654332,2.78669405e-05,0.020609262999999996,17.750728099999996,0.0003134654332,2.78669405e-05,0.006084668989999999,7.734955740000001,0.0003134654332,2.78669405e-05,0.0014382761260000002,7.034530746,0.0003134654332,2.78669405e-05,0.005209976369999999,1.5141099899999999e-06,2.8634992900000002e-05,-0.02532531620000001,6.202804046000001,0.005154921785000001,-0.0032234312299999996,-0.00367527666,8.86468899e-07,1.5322116500000002e-05
355,1679641200,0.227635715,0.22766288,-0.015220096399999999,-1.6061734299999997,0.749047877,0.43853180399999997,0.626081608,0.588430461,0.014762365219999999,0.1211416259,2.7319532399999995e-05,2.2085267640000002e-07,2.210044074e-07,3.734416925e-07,5.24247396e-07,7.72747663e-07,1.211555835e-06,2.482647137e-06,0.11190926459999999,0.00185205004,5.0371524099999994e-05,74.0498806,51.71239369999999,7.573186809999999e-06,6.05086038,0.0076629899,2.39602003,0.0002766804147,2.4458803423000002e-05,0.0153635012,9.78970055,0.0002766804147,2.4458803423000002e-05,0.0058722980799999994,5.41383352,0.0002766804147,2.4458803423000002e-05,0.0011103129399999997,4.719029341000001,0.0002766804147,2.4458803423000002e-05,0.005221479159999999,1.38753426e-06,2.86086276e-05,0.0585976654,23.834700943199998,0.007630337371,-0.00338365734,-0.0037975453699999996,1.0683997929999998e-06,1.715605435e-05
355,1679641800,0.25904577,0.25907296999999996,-0.01234069835,-1.62658384,0.816249919,0.469314726,0.6672578710000001,0.6289692029999999,0.014169476959999996,0.13122246350000003,2.79848164e-05,8.806669474e-07,9.296281904999999e-07,1.185086257e-06,1.514755158e-06,2.077804124e-06,3.125643573e-06,5.908642248e-06,0.1273755206,0.00206868403,6.194734e-05,70.31226050000001,51.674495,8.608705849999998e-06,6.39773172,0.008202103159999998,2.7273371899999996,0.000266130075,2.3528747040000002e-05,0.016454609300000003,11.1754813,0.000266130075,2.3528747040000002e-05,0.00596069388,6.192379306,0.000266130075,2.3528747040000002e-05,0.0012268244100000002,5.447620644000001,0.000266130075,2.3528747040000002e-05,0.005218524079999999,1.51590598e-06,2.8710521199999996e-05,-0.04045780731,15.059083872799999,0.007792759166999999,-0.0032702770399999997,-0.0037187532699999998,1.0752657229999998e-06,1.73419991e-05
355,1679642400,0.232939595,0.232966952,-0.01087897875,-1.6292980199999998,0.749610385,0.444954167,0.630506752,0.5958932009999999,0.010414342609999998,0.11539025490000002,2.76295046e-05,3.3884463900000003e-07,3.404435354e-07,5.178125186e-07,6.94919778e-07,9.73359564e-07,1.469683605e-06,3.02221894e-06,0.11452214139999999,0.0018837195800000001,5.596012299999999e-05,75.25533139999999,51.6976218,7.747545320000001e-06,6.140945449999999,0.00781375368,2.47083393,0.00021789029960000002,1.9088316267e-05,0.0156207224,10.059661,0.00021789029960000002,1.9088316267e-05,0.005926176430000001,5.170433039999999,0.00021789029960000002,1.9088316267e-05,0.0011643979,4.4060203,0.00021789029960000002,1.9088316267e-05,0.00522924797,1.46709802e-06,2.87928027e-05,0.045243075099999995,3.4534488688,0.004062811612900001,-0.0032679361499999998,-0.0037158277499999997,8.752692319999999e-07,1.471800445e-05
355,1679643000,0.42043919,0.42046645,-0.00621202183,-1.4591532299999999,1.2258374120000002,0.580758701,0.8603512559999998,0.768023436,0.04901332775,0.360640837,2.87940869e-05,1.725570163e-06,1.7803727130000002e-06,2.25032618e-06,3.1014515399999994e-06,4.829829756e-06,7.023231327999999e-05,1.236293176e-05,0.2074892096,0.00251138258,0.00012020793419999999,67.44007640000001,51.316453,1.396015794e-05,6.651936140000001,0.01109919209,5.97729144,0.0004397424806,3.9499789084e-05,0.020417120499999997,18.2132527,0.0004397424806,3.9499789084e-05,0.0060391043499999995,8.963693979999999,0.0004397424806,3.9499789084e-05,0.0014116899890000002,8.330667185,0.0004397424806,3.9499789084e-05,0.005293182929999999,8.53024847e-06,3.5808229500000005e-05,-0.11044072832000004,41.632773544399996,0.022705095831999998,-0.0015667786279999999,-0.00221571737,7.208551746000001e-06,7.67515403e-05
355,1679643600,0.261180732,0.261208252,-0.00762148573,-1.4960883900000002,0.8461008480000001,0.45627805299999996,0.700671391,0.6493323390000001,0.016100983399999998,0.1381694514,2.8384288399999995e-05,9.57840997e-07,1.0762131615000001e-06,1.293332754e-06,1.6578934639999996e-06,2.2836390640000003e-06,1.810026739e-05,7.152733229999998e-06,0.12848379699999998,0.0020062597300000004,6.69269017e-05,71.981623,51.739649400000005,8.67662667e-06,6.6732898800000005,0.008347487470000001,3.17214688,0.0003998003210000001,3.5660829019999995e-05,0.016259284699999998,11.39216962,0.0003998003210000001,3.5660829019999995e-05,0.00608616736,7.884919579999999,0.0003998003210000001,3.5660829019999995e-05,0.0013286836830000003,7.217821969999998,0.0003998003210000001,3.5660829019999995e-05,0.00525529776,2.91727698e-06,3.04324466e-05,-0.01148412406,8.966668793,0.008671652156599999,-0.0026948660049999997,-0.0032199893200000004,1.075311526e-06,1.70362534e-05
355,1679644200,0.17626401800000002,0.176291229,-0.005953619980000001,-1.32085519,0.725947157,0.36921548699999995,0.6165938059999999,0.57024241,0.00601351626,0.0867562535,2.7475081e-05,3.08423925e-07,3.38098712e-07,4.80672978e-07,5.85925025e-07,8.084112259999999e-07,1.2058557730000002e-06,2.3742699439999997e-06,0.08595842100000001,0.00212810471,3.8622471e-05,76.209519,52.467830400000004,5.8620744099999995e-06,6.35778852,0.006711167159999999,1.89136642,0.00026030554780000003,2.2919038769999996e-05,0.013588356700000002,7.593669519999999,0.00026030554780000003,2.2919038769999996e-05,0.005949828480000001,5.490247425000001,0.00026030554780000003,2.2919038769999996e-05,0.001146883993,4.788895731,0.00026030554780000003,2.2919038769999996e-05,0.00522093989,1.341230773e-06,2.85721299e-05,0.06461136337,4.8896111152,0.0052632675189999995,-0.0033873478300000003,-0.0038027706600000004,9.72725455e-07,1.511814035e-05
355,1679644800,0.24779093899999993,0.24781844,-0.00595074338,-1.57324768,0.731084812,0.45207863699999995,0.6645202860000001,0.633769336,0.00806610401,0.109954054,2.80017007e-05,5.86638112e-07,5.937872572e-07,8.129366310000001e-07,1.0380594130000001e-06,1.3585358260000001e-06,2.187765408e-06,4.420476834999999e-06,0.12236488699999999,0.00147778771,4.11621759e-05,70.78273000000002,51.320597799999994,8.23824519e-06,6.29438849,0.00790991095,2.56978299,0.00012242763109999996,1.0373794786000001e-05,0.0160284228,10.679809060000002,0.00012242763109999996,1.0373794786000001e-05,0.005840628370000001,4.0109932100000005,0.00012242763109999996,1.0373794786000001e-05,0.0010669027379999999,3.178277393,0.00012242763109999996,1.0373794786000001e-05,0.0052460473700000005,1.10074325e-06,2.85854871e-05,0.03598328679999999,23.588755868,0.0070258262149999985,-0.00359582463,-0.00400410602,9.282055350000001e-07,1.541540625e-05
355,1679645400,0.204229254,0.20425674200000002,-0.00694740482,-1.42918831,0.788874063,0.4056916759999999,0.6338068510000001,0.5653297650000001,0.022950773299999998,0.13040890900000002,2.7701812199999996e-05,2.7551138200000005e-07,2.919721136e-07,4.5194781950000005e-07,6.034556810000001e-07,8.61926781e-07,1.521250416e-06,3.2642539960000002e-06,0.1007999924,0.00126887034,3.8168637699999995e-05,69.788265,51.37476819999999,6.78992462e-06,6.149726530000001,0.00711681052,2.15315585,0.00010030937005,8.35297107e-06,0.014362240200000001,8.85475303,0.00010030937005,8.35297107e-06,0.00576337633,3.37048808,0.00010030937005,8.35297107e-06,0.00093935049,2.530307594,0.00010030937005,8.35297107e-06,0.005247803790000001,9.666017e-07,2.8457746e-05,-0.19538553599999997,42.583764814000006,0.0062624332179999995,-0.0037499467000000003,-0.004140073959999999,1.088695665e-06,1.764509455e-05
355,1679646000,0.44839007999999997,0.448417653,-0.00345555076,-1.6078575000000002,0.9599168339999998,0.611841436,0.8664639470000001,0.847038357,0.01238998623,0.20379604499999998,2.85120864e-05,1.0739011260000003e-06,1.1086369666999998e-06,1.355246354e-06,1.790792576e-06,2.252199649e-06,3.595526986e-06,7.30651127e-06,0.222993935,0.001134989174,4.65864897e-05,66.2964045,50.5562882,1.49110519e-05,5.92028813,0.010697068649999999,4.717701870000001,0.00026550262729999996,2.3422958744e-05,0.0217952384,19.640125599999998,0.00026550262729999996,2.3422958744e-05,0.0060730867899999996,6.71684126,0.00026550262729999996,2.3422958744e-05,0.0014219548100000002,5.9423113700000005,0.00026550262729999996,2.3422958744e-05,0.00525779204,1.28866708e-06,2.8894182299999997e-05,0.0517563019,9.956179725999998,0.007374536635000001,-0.0034495852699999996,-0.00389355968,8.71000799e-07,1.61460786e-05
355,1679646600,0.349045433,0.349073125,-0.0042281251599999995,-1.6225424,0.8681515020000001,0.54323147,0.763148305,0.739297557,0.008356988239999998,0.160521288,2.8128097799999997e-05,5.61398111e-07,5.636719359999999e-07,7.791598699999999e-07,1.0660267560000001e-06,1.4043728570000002e-06,2.3169921059999995e-06,5.06697874e-06,0.173338231,0.0011235149999999998,4.8579031e-05,68.4035098,50.6775559,1.16094917e-05,6.24759731,0.009528002,3.74230455,0.00023682878889999998,2.0799402048000003e-05,0.019321753599999998,15.340525600000001,0.00023682878889999998,2.0799402048000003e-05,0.006087103589999999,6.29607998,0.00023682878889999998,2.0799402048000003e-05,0.001380458886,5.55149149,0.00023682878889999998,2.0799402048000003e-05,0.005269476150000001,1.61368275e-06,2.9258941599999997e-05,0.024340674959999992,16.602560896000004,0.009723988466,-0.0033706245100000006,-0.00382751889,1.0855890930000002e-06,1.717364305e-05
355,1679647200,0.38321254899999996,0.38324019800000003,-0.00403795831,-0.6192970400000001,1.3891174329999998,0.556897577,0.804737065,0.761423233,0.05585980767,0.552441855,2.84474329e-05,1.079457347e-06,1.5228165329999998e-06,2.971507943e-06,4.108666769e-06,9.106595977e-06,6.0755441274e-05,9.464669379000001e-05,0.189687509,0.0015329021,0.00021050394140000001,65.8638794,50.8554431,1.2703094750000001e-05,6.62395276,0.010969526,7.4246778,0.00027944191459999997,2.474851227e-05,0.019759909500000002,16.56870115,0.00027944191459999997,2.474851227e-05,0.00604458389,6.40025277,0.00027944191459999997,2.474851227e-05,0.0014136224649999999,5.662691015999999,0.00027944191459999997,2.474851227e-05,0.00587509573,2.9219266499999998e-05,5.693296700000001e-05,0.37428518072,81.318564548,0.06983040805,-0.0008068914700000001,-0.0018353257300000002,7.108427172000001e-05,0.0007618445874
355,1679647800,0.436238133,0.43626575799999995,-0.00642907598,-1.5842189400000002,1.048419497,0.603102604,0.8705515800000001,0.843363243,0.0102557115,0.20926853999999998,2.8217079000000004e-05,7.322602349999999e-07,7.46372447e-07,1.0596522059999998e-06,1.5048685760000001e-06,2.55010118e-06,1.101857645e-05,1.4291961309999998e-05,0.21722757,0.0007814289159999999,7.694949129999999e-05,65.99198000000001,50.387926300000004,1.4506252699999999e-05,6.33173115,0.0108261698,5.0860575699999995,0.00021814648150000004,1.9064713830000005e-05,0.021655860699999998,19.3332154,0.00021814648150000004,1.9064713830000005e-05,0.0061269576999999995,6.80200342,0.00021814648150000004,1.9064713830000005e-05,0.001460201554,5.970368977,0.00021814648150000004,1.9064713830000005e-05,0.00534501867,4.0671396e-06,3.17266877e-05,0.06469031300000001,4.596076641,0.010459477733,-0.00234547993,-0.0032316947,1.950679991e-06,1.8163961799999997e-05
355,1679648400,0.58390223,0.583930281,-0.00666006089,-1.58902734,1.1020461300000002,0.697937232,1.007168278,0.9775048249999999,0.012260034020000001,0.259684941,2.9553418e-05,1.744657854e-06,1.8687960489999998e-06,2.282141329e-06,3.0787150270000003e-06,4.61384584e-06,6.49572712e-06,1.317626466e-05,0.291006731,0.000838290444,7.05760729e-05,63.51302760000001,50.331328899999995,1.94079588e-05,6.299263160000001,0.012161581299999998,6.10630662,0.0004368339092000001,3.9018947154000004e-05,0.024915970700000005,25.471360400000002,0.0004368339092000001,3.9018947154000004e-05,0.006359862849999999,10.04391052,0.0004368339092000001,3.9018947154000004e-05,0.0017693551860000004,9.31365342,0.0004368339092000001,3.9018947154000004e-05,0.00529567251,2.7538181799999997e-06,3.06999924e-05,-0.06401249822000002,6.8909526670000005,0.00949699275,-0.0027140148600000003,-0.00327693518,1.0960262419999999e-06,1.7876104900000005e-05
355,1679649000,0.580956809,0.580984617,-0.00556781417,-1.57675682,1.14813504,0.695890965,1.0160935119999999,0.965916956,0.0278127285,0.283535454,2.84261904e-05,7.898154669999999e-07,8.251530980000001e-07,1.1193565190000002e-06,1.8449015899999997e-06,2.8104815999999998e-06,4.48155808e-06,1.017953212e-05,0.28941453199999995,0.000966607584,7.411932389999999e-05,65.56181679999999,50.375696299999994,1.9312660800000002e-05,6.33056958,0.012137507799999999,6.1154636799999995,0.00017384984049999998,1.5015110710000001e-05,0.0248509042,25.478427599999996,0.00017384984049999998,1.5015110710000001e-05,0.006173528230000001,7.289210249999999,0.00017384984049999998,1.5015110710000001e-05,0.00156875281,6.40503968,0.00017384984049999998,1.5015110710000001e-05,0.00528386279,1.89897357e-06,2.97655945e-05,0.034425396626,3.0387910199999992,0.0056710274399999995,-0.00309573459,-0.0036036922200000003,9.196437850000001e-07,1.53215638e-05
355,1679649600,0.524328558,0.524356072,-0.0030984806200000004,-1.57339036,1.1105964,0.6607242,0.961829352,0.9130403849999998,0.024955488199999997,0.25667337,2.83385066e-05,9.66947627e-07,9.380077746e-07,1.2567486289999999e-06,1.8411743669999997e-06,2.3884132050000002e-06,3.899543468e-06,8.32188759e-06,0.26075985500000004,0.00129042418,9.31665247e-05,66.86253860000001,50.5802997,1.7437491600000002e-05,5.9960947,0.011488433,5.4916110300000005,0.00038262635920000004,3.4183784695000006e-05,0.0234881729,22.855593699999996,0.00038262635920000004,3.4183784695000006e-05,0.0061908705,8.813577339999998,0.00038262635920000004,3.4183784695000006e-05,0.0016027897900000002,8.11591447,0.00038262635920000004,3.4183784695000006e-05,0.00526171175,2.03714079e-06,2.9525112099999997e-05,0.081613528986,36.408425944,0.01505039137,-0.00318971709,-0.00368439141,1.604455616e-06,2.3158836449999997e-05
355,1679650200,0.40078537399999997,0.400812864,-0.0018236048109999997,-1.3791027100000002,1.0520571,0.560739814,0.908802745,0.841375699,0.024700172900000004,0.20364381999999998,2.8173960200000002e-05,8.106990129999999e-07,8.322659575000001e-07,1.1040973310000003e-06,1.5160405e-06,2.03402035e-06,3.2141833030000006e-06,6.7315247299999996e-06,0.197750284,0.00257288069,5.10662913e-05,69.99823789999999,51.372246399999995,1.3325481650000002e-05,6.29051151,0.0100444344,4.262202019999999,0.000280994111,2.477443216e-05,0.0204933171,17.4450258,0.000280994111,2.477443216e-05,0.006084835320000001,6.2389553300000005,0.000280994111,2.477443216e-05,0.00141902184,5.470821086000001,0.000280994111,2.477443216e-05,0.00525577472,1.8520454699999998e-06,2.93564685e-05,-0.0064877056999999945,13.192398961999999,0.009890659042999999,-0.0031698213600000005,-0.00368309047,1.052424583e-06,1.6810317349999998e-05
355,1679650800,0.400160083,0.40018790699999995,-0.00249652702,-1.30444069,1.112546478,0.551825019,0.9347160430000001,0.866313957,0.017528145539999998,0.19597505899999998,2.88237031e-05,1.1706292550000002e-06,1.2223297129e-06,1.577816857e-06,2.084684808e-06,2.656644193e-06,4.360650370000001e-06,8.5026528e-06,0.19721887,0.00278789421,5.06592803e-05,69.3627956,51.45837519999999,1.3301812949999998e-05,6.35776259,0.0098854404,4.17000352,0.00039069473239999994,3.483172401e-05,0.0203780848,17.1660682,0.00039069473239999994,3.483172401e-05,0.0062870383200000005,8.88371431,0.00039069473239999994,3.483172401e-05,0.0016337629700000002,8.171259798,0.00039069473239999994,3.483172401e-05,0.0053008002499999995,2.6536767500000003e-06,3.04319691e-05,-0.7814700600000001,16.513068699999998,0.01040080986,-0.0030945928,-0.0036957599,1.34385228e-06,1.76039137e-05
355,1679651400,0.30897551599999995,0.309003492,-0.002282910342,-1.2416159199999997,0.9966304339999998,0.481630804,0.836650549,0.772411076,0.014376935599999998,0.158003373,2.8371533799999997e-05,5.081696210000001e-07,5.505591219999999e-07,8.416719300000001e-07,1.163445126e-06,1.514835607e-06,2.591784334e-06,5.1988631699999995e-06,0.151561538,0.0028635645500000003,4.96750234e-05,73.9579725,51.90841820000001,1.02702056e-05,6.50070372,0.0087500183,3.2736031299999993,0.00026517137360000003,2.333271752e-05,0.017903230200000002,13.255632,0.00026517137360000003,2.333271752e-05,0.0061353113699999995,6.28049336,0.00026517137360000003,2.333271752e-05,0.0013885323470000002,5.49504213,0.00026517137360000003,2.333271752e-05,0.00531552119,2.40891395e-06,3.03886208e-05,-0.552624412,11.845618925,0.00773744877,-0.0031701487300000004,-0.00375441066,1.25350938e-06,1.71819408e-05
355,1679652000,0.21323649999999997,0.21326405,-0.0065460308,-1.1923363999999999,0.9150279,0.40550077,0.70239645,0.5936431,0.032582566,0.14457984,2.7793169e-05,2.5798533e-07,2.852468e-07,4.3214402e-07,6.697249e-07,9.549178000000001e-07,1.6729869e-06,4.1156018e-06,0.10480627,0.0017515067000000001,5.1816925000000004e-05,70.372856,51.696999999999996,7.0860683e-06,6.647583,0.007347744,2.2928843,3.784624e-05,2.7633382e-06,0.014767485,9.306752000000001,3.784624e-05,2.7633382e-06,0.005723676600000001,2.4917984,3.784624e-05,2.7633382e-06,0.0008737155999999999,1.5403703000000002,3.784624e-05,2.7633382e-06,0.0052791745,9.818626999999999e-07,2.8825412e-05,-0.0742783,7.483302,0.0071620187,-0.0037249874,-0.004074478,1.3960307e-06,1.6665968000000002e-05
355,1679657400,0.571185172,0.571193056,-0.00544084269,-1.6673895699999999,1.1165966,0.699774915,0.9670795269999999,0.932578447,0.013722828400000001,0.255379586,8.647241259999998e-06,9.17850318e-07,9.184616225000001e-07,1.1782976219999999e-06,1.7417054459999998e-06,2.2571878220000003e-06,3.7412178699999997e-06,8.06237534e-06,0.281490895,0.0039801068,0.0001014449638,71.6933105,51.5016032,1.89952697e-05,6.171802600000001,0.0120781871,5.913210660000001,0.0004933925768,4.4912489181e-05,0.024393188400000005,24.495966900000003,0.0004933925768,4.4912489181e-05,0.0038796749900000004,11.02417523,0.0004933925768,4.4912489181e-05,0.0018331884030000003,10.86703979,0.0004933925768,4.4912489181e-05,0.00273580453,2.0375896099999996e-06,9.93691041e-06,0.22489430650000003,13.212392070000002,0.014197649500000001,-0.000332750364,-0.000851879132,7.0561785e-07,8.186987109999999e-06
355,1679658000,0.457241897,0.45725842099999997,-0.0054029296,-1.67081262,1.0160185400000001,0.6252008019999999,0.870401562,0.8256627159999999,0.0207563708,0.22925499,1.66718767e-05,2.8841770600000003e-07,2.74329457e-07,4.1723197099999993e-07,7.884531730000001e-07,1.123956263e-06,1.964727369e-06,4.78021827e-06,0.224108579,0.0044114650799999995,9.00207545e-05,75.47434100000001,52.120695,1.5207695800000001e-05,6.08987906,0.0109489852,4.9040316,0.00010632625780000003,9.208537840000002e-06,0.021824108099999996,19.891941699999997,0.00010632625780000003,9.208537840000002e-06,0.0047659624,5.000914775,0.00010632625780000003,9.208537840000002e-06,0.0012910453129999998,4.459082089000001,0.00010632625780000003,9.208537840000002e-06,0.004090003619999999,1.89379185e-06,1.84425737e-05,-0.016735896000000004,12.55710441,0.0104586058,-0.0020299659200000006,-0.00252437933,9.01151442e-07,1.15275767e-05
355,1679658600,0.4088917,0.408911959,-0.00496767096,-1.6455508600000002,1.038481703,0.590095002,0.8199250250000001,0.7567355960000001,0.02745044325,0.232812513,2.0935944e-05,8.291063669999999e-07,8.73304365e-07,1.0881066190000002e-06,1.6391892310000001e-06,2.168094577e-06,2.9442350300000003e-06,5.7862569e-06,0.199552003,0.00478779114,8.89968369e-05,75.40707210000001,52.6409361,1.359393015e-05,6.36320804,0.01018202175,4.32609495,0.0002809580851,2.5095259360000002e-05,0.0203733104,17.450900400000002,0.0002809580851,2.5095259360000002e-05,0.00527268486,6.580276400000001,0.0002809580851,2.5095259360000002e-05,0.00135855257,6.052126836,0.0002809580851,2.5095259360000002e-05,0.00452708365,2.98591829e-06,2.32677078e-05,-0.5650489325999999,125.51811792599999,0.024372607409999997,-0.0025569571400000006,-0.0030019274399999997,8.115325087e-06,9.19195302e-05
355,1679659200,0.534090368,0.534113329,-0.00463840576,-1.65279231,1.093495887,0.676063701,0.9432662959999998,0.9049776250000001,0.012675377069999999,0.24635510200000002,2.3507073e-05,6.94508091e-07,7.23307334e-07,9.66082766e-07,1.57015421e-06,2.1181210760000003e-06,3.6058301430000005e-06,8.27967381e-06,0.263363041,0.00355619396,0.00010664258200000002,71.9538243,51.4227671,1.7751452699999998e-05,6.3545205,0.011749672249999999,5.57806562,0.0002982984336,2.650308303e-05,0.023670287699999997,23.024064900000003,0.0002982984336,2.650308303e-05,0.005688457270000001,7.702658050000001,0.0002982984336,2.650308303e-05,0.00158431313,7.08656502,0.0002982984336,2.650308303e-05,0.00480031031,2.13533275e-06,2.50105989e-05,0.03333351880000001,18.07612642,0.014053821519999999,-0.00258628761,-0.00311159039,1.212073978e-06,1.7458381200000003e-05
355,1679659800,0.9675647459999999,0.9675888699999999,-0.0003867523078,-1.5546644199999997,1.5906860700000003,0.8947117880000001,1.3167777,1.26378859,0.04037665785,0.517646622,2.54094698e-05,1.6009357539999999e-06,1.5841115400000001e-06,1.9405989460000003e-06,2.9203663150000003e-06,3.7470000559999996e-06,5.976435855e-06,1.325270059e-05,0.48134218100000004,0.00229154862,0.0001133676625,66.43877119999999,50.5133555,3.21742312e-05,5.977981989999999,0.015688305,10.3177141,0.0009934013105999998,9.011883605999999e-05,0.0321435308,42.640774199999996,0.0009934013105999998,9.011883605999999e-05,0.00644313804,19.714025229999997,0.0009934013105999998,9.011883605999999e-05,0.0023860507200000004,19.434967289999996,0.0009934013105999998,9.011883605999999e-05,0.00492456345,2.45359975e-06,2.65610462e-05,0.08144195336,8.080853970000001,0.01174719927,-0.00240682574,-0.00304605213,9.52984131e-07,1.5374441599999995e-05
355,1679660400,0.8766875219999999,0.876712486,-0.001268648414,-1.52377187,1.51868385,0.846387722,1.2717763100000001,1.2149621,0.033398235150000004,0.455235495,2.6348605900000005e-05,1.640681643e-06,1.635581851e-06,1.9398898270000003e-06,2.801468717e-06,3.3633163349999997e-06,5.182259848e-06,1.1059680320000002e-05,0.435904617,0.0023091920499999996,0.00010081743819999999,68.317913,50.6107566,2.91664307e-05,5.9439746200000005,0.014595894699999997,9.0302582,0.0010792034657999999,9.796059366e-05,0.030320429500000003,37.9906146,0.0010792034657999999,9.796059366e-05,0.00655949839,20.339574640000002,0.0010792034657999999,9.796059366e-05,0.0024111405800000003,20.016916029999997,0.0010792034657999999,9.796059366e-05,0.005011258449999999,2.1345863199999998e-06,2.7162676600000004e-05,0.0421205987,8.703935623,0.010143166516300001,-0.0026470739700000002,-0.00322739456,8.688726129999999e-07,1.504652765e-05
355,1679661000,1.1066380949999999,1.1066639600000001,-9.512598360000005e-05,-1.39742171,1.68751404,0.9317084770000001,1.51489624,1.42583101,0.03141531435000001,0.527707122,2.7327800700000004e-05,1.836971878e-06,1.8262933089999995e-06,2.226952192e-06,3.4673282369999992e-06,4.399586753999999e-06,7.173191378e-06,1.604860941e-05,0.550718407,0.00241974544,0.00013874818050000002,65.9288256,50.471964799999995,3.680141919999999e-05,6.08059924,0.01657122875,11.828939199999999,0.000696445312,6.284487609e-05,0.0344610673,48.9877371,0.000696445312,6.284487609e-05,0.00644202938,16.33308905,0.000696445312,6.284487609e-05,0.00225028213,15.697501740000002,0.000696445312,6.284487609e-05,0.005091833299999999,2.22859247e-06,2.8117689899999998e-05,0.032075224603999995,3.3681064810000003,0.005932826604,-0.0025833885500000002,-0.0032508165099999994,8.953583620000001e-07,1.5403740899999997e-05
355,1679661600,0.8204942020000001,0.8205206150000001,-0.00099839127096,-1.36821363,1.43003116,0.799051038,1.32052782,1.2256124199999998,0.027736539459999997,0.371311135,2.7475754499999998e-05,1.3156453159999998e-06,1.3583385169999998e-06,1.6957763740000002e-06,2.57246621e-06,3.3651085859999998e-06,5.60694829e-06,1.2362865299999999e-05,0.406549774,0.0035569529099999998,0.0001104314688,69.0388398,50.97016,2.7278733899999998e-05,6.26394063,0.0139596425,8.463102110000001,0.0008605072885000001,7.78733661e-05,0.029333103300000003,35.4609237,0.0008605072885000001,7.78733661e-05,0.006619209179999999,17.057158100000002,0.0008605072885000001,7.78733661e-05,0.0023064272100000002,16.60744044,0.0008605072885000001,7.78733661e-05,0.005145684419999999,1.79012543e-06,2.82300187e-05,-0.04058077289999999,5.934256823,0.0078233089982,-0.0029364024400000003,-0.0035138619100000003,8.991275030000001e-07,1.5914751649999997e-05
355,1679662200,0.945331951,0.9453586960000001,0.0030067297,-1.2940923400000002,1.5859234399999997,0.845526964,1.45605695,1.3628291,0.0188958896,0.41936879000000005,2.8299655500000004e-05,1.917659324e-06,2.0178679249999998e-06,2.5662632200000003e-06,3.9200824500000005e-06,5.3411474400000006e-06,9.201421949999999e-06,1.9947011349999998e-05,0.46802333499999993,0.004452777609999999,0.0001429193184,68.07306700000001,51.0063446,3.1409542e-05,6.60288104,0.014992774249999999,9.8138534,0.0005514243284,4.9562285910000005e-05,0.0315870542,41.0016019,0.0005514243284,4.9562285910000005e-05,0.0064656808800000005,13.6030971,0.0005514243284,4.9562285910000005e-05,0.00216695892,12.878318830000001,0.0005514243284,4.9562285910000005e-05,0.00516772911,1.96975816e-06,2.8649557699999998e-05,-0.013395285450000002,3.0845704560000007,0.0048888148,-0.0028440207299999997,-0.0034421426499999996,8.66432258e-07,1.5046560500000001e-05
355,1679662800,0.9167389400000001,0.916765702,0.0030061133600000002,-1.3239512799999997,1.5846858799999999,0.83648895,1.4175807799999998,1.3278405500000001,0.0256121096,0.412023299,2.8071221999999997e-05,1.608029226e-06,1.6089389494999998e-06,1.961995212e-06,2.885908393e-06,3.728189066e-06,5.9304289640000005e-06,1.313075751e-05,0.45522795600000004,0.00300925876,9.95615505e-05,67.909564,50.747856999999996,3.0488941e-05,6.20771396,0.014644986099999998,9.2932417,0.0007322280512,6.610739520400001e-05,0.030947305400000003,39.380751599999996,0.0007322280512,6.610739520400001e-05,0.00666225843,16.48108,0.0007322280512,6.610739520400001e-05,0.0023586186,15.86190913,0.0007322280512,6.610739520400001e-05,0.00517985626,2.0361936e-06,2.88273804e-05,-0.04101640545,6.732076719,0.007051671961,-0.00285648667,-0.0034333976,1.1005770669999998e-06,1.67245327e-05
355,1679663400,0.666900131,0.666927333,0.0033201244900000005,-1.36951704,1.343215974,0.7128173,1.1745733770000002,1.096458446,0.031068813499999997,0.32753436999999996,2.7663973099999996e-05,6.622685789999998e-07,6.81877277e-07,9.63157806e-07,1.356609605e-06,1.6880707770000002e-06,3.2161205830000002e-06,6.863444296e-06,0.331302281,0.00205533689,7.53145899e-05,68.6006409,50.698213100000004,2.2187680099999998e-05,5.92221388,0.01264247785,7.07901176,0.000593468126,5.337190080999999e-05,0.0263550858,29.270879499999996,0.000593468126,5.337190080999999e-05,0.006515754980000001,13.16286881,0.000593468126,5.337190080999999e-05,0.00202050057,12.575345980000002,0.000593468126,5.337190080999999e-05,0.005225252410000001,2.06451253e-06,2.92968397e-05,0.0373037781,14.137120426000001,0.01076422057,-0.00295378257,-0.0034917913800000004,1.0431780300000002e-06,1.623484215e-05
355,1679664000,0.394816039,0.394843248,0.0018621984489999997,-1.4419068899999998,1.00503068,0.5621507480000001,0.894027278,0.8472258699999999,0.00946650682,0.18209876499999997,2.7900384999999997e-05,8.35289127e-07,8.558255295999998e-07,1.0540892917e-06,1.368787112e-06,1.7218037880000004e-06,2.78602223e-06,5.438862192999999e-06,0.19518255599999998,0.00214960346,6.048163630000001e-05,69.4456141,51.129852099999994,1.3131647099999998e-05,5.923876099999999,0.009853928000000001,4.211922919999999,0.000250394044,2.1944739460000002e-05,0.0205189255,17.306012700000004,0.000250394044,2.1944739460000002e-05,0.00607313126,6.1877945400000005,0.000250394044,2.1944739460000002e-05,0.00143732622,5.413206109999999,0.000250394044,2.1944739460000002e-05,0.00522053286,1.3509432099999999e-06,2.85815272e-05,0.0831881904,7.131281960000001,0.0040187713164,-0.003356594140000001,-0.00381167817,9.275718790000001e-07,1.4841667500000002e-05
355,1679664600,0.42974380200000006,0.429771319,0.0008891421422000001,-1.42799819,1.0384442100000002,0.5845601979999999,0.9428162950000001,0.8870145789999999,0.009944799990000001,0.19433918,2.8467256500000005e-05,1.143875561e-06,1.171792224e-06,1.4936786739999997e-06,1.9489370569999997e-06,2.517783825e-06,4.16941065e-06,8.16984902e-06,0.212444927,0.0023372048099999996,6.79156507e-05,68.0107402,51.1623824,1.4284680850000001e-05,6.381382759999999,0.010095868800000001,4.42832381,0.00041798950060000005,3.733737979e-05,0.0212409168,18.508738400000002,0.00041798950060000005,3.733737979e-05,0.00624880987,8.76028553,0.00041798950060000005,3.733737979e-05,0.00162669078,8.097484130000002,0.00041798950060000005,3.733737979e-05,0.00524229396,1.303488187e-06,2.87608113e-05,0.10409798256,4.113883058000001,0.0034881676200000005,-0.0033613245,-0.0038567420900000003,8.512213550000001e-07,1.4620849700000001e-05
355,1679665200,0.35164722200000004,0.351674523,-0.0020575023840000003,-1.5235386800000001,0.874639224,0.533562463,0.815949925,0.774511143,0.007114089380000001,0.1519539335,2.7733048199999998e-05,5.433594799999999e-07,5.565535696e-07,7.669415256e-07,1.1176962289999999e-06,1.5596624409999997e-06,2.483618484e-06,5.205448314000001e-06,0.173664962,0.00207751495,6.709519170000001e-05,72.021033,51.295930399999996,1.169140635e-05,6.07854765,0.009266080799999998,3.7067313200000003,0.000433083632,3.870430576999999e-05,0.0191613299,15.277893599999995,0.000433083632,3.870430576999999e-05,0.00621129057,8.36785907,0.000433083632,3.870430576999999e-05,0.0015338753199999999,7.758618060000002,0.000433083632,3.870430576999999e-05,0.00522455527,1.2768346000000001e-06,2.8559992100000004e-05,0.01710914564,3.9987821020000007,0.0031417110080000006,-0.00339222422,-0.0038364024,7.904430190000001e-07,1.4189791099999998e-05
355,1679665800,0.244721646,0.24474880399999996,0.000380938925,-1.67894686,0.7291722560000001,0.45995719900000004,0.6252940930000002,0.6069560219999999,0.00583455223,0.11371848799999999,2.7746636e-05,6.685543535000001e-07,6.963260120000001e-07,9.37132481e-07,1.208907095e-06,1.6170260959999997e-06,2.570614829e-06,4.85178417e-06,0.1203477754,0.00194158487,5.79192535e-05,72.2706186,51.6687912,8.13251405e-06,6.377867190000001,0.007920572850000002,2.57803376,0.0003436701126,3.0542554909999996e-05,0.0160436287,10.5774685,0.0003436701126,3.0542554909999996e-05,0.0059936934300000005,6.65901118,0.0003436701126,3.0542554909999996e-05,0.001249678214,5.998474273999999,0.0003436701126,3.0542554909999996e-05,0.00521528748,1.148256813e-06,2.8315845300000002e-05,0.023433334000000007,11.9425852256,0.006110114889999999,-0.0035283230499999997,-0.003943597220000001,9.239259999999998e-07,1.5609243399999997e-05
355,1679666400,0.34173794399999996,0.341765267,0.007272627379999999,-1.48909962,0.9314159550000001,0.52507677,0.817374957,0.77526116,0.008817838210000001,0.158740151,2.7881768199999997e-05,6.605941030000001e-07,6.705074965e-07,9.560069323e-07,1.1963709500000002e-06,1.559490765e-06,2.637192959e-06,5.144215229999999e-06,0.168897146,0.0018987622300000004,5.94231996e-05,68.6299702,51.21540920000001,1.13628793e-05,6.04372928,0.00907617675,3.55037803,0.0002712458741,2.3898612637e-05,0.018922764400000004,14.771955850000001,0.0002712458741,2.3898612637e-05,0.00608275994,6.61295099,0.0002712458741,2.3898612637e-05,0.0013905195499999998,5.81026534,0.0002712458741,2.3898612637e-05,0.00523357179,1.199453391e-06,2.8579068399999998e-05,-0.01433354073,4.7843055195,0.0017270947379999999,-0.0034471165499999996,-0.00390370476,8.30134816e-07,1.4314600349999999e-05
355,1679667000,0.3817014819999999,0.381728556,0.0075772027200000005,-1.4420517499999999,0.998167969,0.5517428419999999,0.882326931,0.836425528,0.00666263931,0.17403651000000003,2.77877228e-05,8.16281889e-07,8.216730210000001e-07,1.0147787200000001e-06,1.4582328409999999e-06,1.864386062e-06,2.775300594e-06,5.733922772e-06,0.18905916799999997,0.00171660391,5.9236016200000014e-05,68.8382819,50.9571086,1.269378855e-05,5.994832440000001,0.00964022055,4.02613695,0.0002484991094,2.1777513619999998e-05,0.0201367191,16.66954965,0.0002484991094,2.1777513619999998e-05,0.0061272136000000005,6.59572438,0.0002484991094,2.1777513619999998e-05,0.00149717986,5.86794727,0.0002484991094,2.1777513619999998e-05,0.0051965465099999995,1.1952821200000002e-06,2.8168025e-05,-0.07967820168,28.83993252,0.006127768937000001,-0.0034608436599999994,-0.0038828252100000004,9.27234846e-07,1.5664456300000003e-05
355,1679667600,0.351984971,0.352012255,0.0025357702870000003,-1.4918660799999999,0.930103392,0.534480313,0.827912771,0.790374119,0.006516119900000001,0.159962676,2.76505613e-05,4.66863006e-07,4.5885634840000015e-07,6.71855437e-07,9.58339156e-07,1.254666711e-06,2.122675897e-06,4.256789390000001e-06,0.17442298000000003,0.00150129316,5.61642814e-05,70.64587550000002,50.9122727,1.17081259e-05,5.8480485799999995,0.009268770299999998,3.6837687100000003,0.00022994598150000004,2.0152304840000003e-05,0.0193144014,15.31349585,0.00022994598150000004,2.0152304840000003e-05,0.0060677721199999994,6.16072264,0.00022994598150000004,2.0152304840000003e-05,0.0013837527300000001,5.3966889899999995,0.00022994598150000004,2.0152304840000003e-05,0.005233010350000001,1.2652233099999998e-06,2.8620398799999995e-05,0.10001780950000001,18.307500771,0.005726109033,-0.00343614881,-0.0038872415000000007,9.74218933e-07,1.56088943e-05
355,1679668200,0.342858668,0.34288586899999995,-0.11436478064,-1.41964877,0.9357660720000001,0.52201642,0.7860989920000001,0.752235488,0.0050702916,0.145827742,2.77072109e-05,6.329090830000001e-07,6.575661299e-07,8.994663069999998e-07,1.199991196e-06,1.532387594e-06,2.5231495560000002e-06,4.88715242e-06,0.168773365,0.0013314222799999998,0.001309056057,73.1432203,51.2741348,1.1398633100000001e-05,6.28708041,0.00920396765,3.67445229,0.00025373383269999995,2.2281640590000003e-05,0.0189893722,14.8126682,0.00025373383269999995,2.2281640590000003e-05,0.005995581539999999,5.793268350000001,0.00025373383269999995,2.2281640590000003e-05,0.00132911434,5.054549799999999,0.00025373383269999995,2.2281640590000003e-05,0.00522390908,1.6686278900000002e-06,2.8887271899999995e-05,0.19028088667,102.45878793899999,0.011935419828000001,-0.00338878628,-0.00383723895,2.496984625e-06,3.200820175e-05
355,1679668800,0.33751744499999997,0.337545057,-0.226033431,-1.34096193,0.861851319,0.5129875669999999,0.750622922,0.713084257,0.006773877369999999,0.15348997,2.82060788e-05,7.103887635e-07,7.170336813e-07,9.643202083999997e-07,1.2412241169999998e-06,1.5995296678e-06,2.5800830434000004e-06,4.9849559300000006e-06,0.16475587600000002,0.0014728924900000002,0.00251635852,76.305908,51.8305705,1.1220329899999999e-05,6.114177990000001,0.009157081000000001,3.73202608,0.00041213142549999997,3.681416577e-05,0.018806109300000002,14.570717399999998,0.00041213142549999997,3.681416577e-05,0.006208280680000001,8.21939753,0.00041213142549999997,3.681416577e-05,0.0014992545100000001,7.601813529999999,0.00041213142549999997,3.681416577e-05,0.0052491842599999994,1.28804701e-06,2.88293521e-05,0.06089662659999999,3.093928355,0.0026899178079999994,-0.00337923855,-0.00385376798,8.5639074e-07,1.437004245e-05
355,1679669400,0.296057382,0.29608512600000003,-0.24616536499999997,-1.2752720800000001,0.7833989130000001,0.47541080300000005,0.7239221230000001,0.682220829,0.00414326445,0.1280270054,2.81230314e-05,4.6430215939999997e-07,4.7297944990000004e-07,6.803843669999999e-07,8.336128039999999e-07,1.028001291e-06,1.8447300750000002e-06,3.523766325e-06,0.14405165400000003,0.001499423,0.00246813635,78.02912,52.08933520000001,9.84172475e-06,6.2875952900000005,0.0085067104,3.25264917,0.0002514103087,2.2076515295e-05,0.017546394200000003,12.635966800000002,0.0002514103087,2.2076515295e-05,0.0060602359299999995,5.644972346,0.0002514103087,2.2076515295e-05,0.0013219531400000002,4.914600127,0.0002514103087,2.2076515295e-05,0.0052685119600000005,1.28172807e-06,2.90142907e-05,0.18475245219999997,10.629887589199999,0.00475517098,-0.0034548623,-0.0039287754900000004,9.981706490000002e-07,1.58092673e-05
355,1679670000,0.31215951799999997,0.31218723,-0.22660242999999997,-1.29507318,0.826525221,0.489300287,0.7483353389999999,0.70348396,0.00429171942,0.136798619,2.85086827e-05,9.182518269999998e-07,9.457800089999999e-07,1.215993482e-06,1.509519826e-06,1.9092901579999997e-06,3.128585643e-06,5.7791248000000005e-06,0.15231335099999996,0.00139344426,0.00235654023,74.59433479999998,51.8727495,1.0371271799999999e-05,6.480088960000001,0.0087508671,3.4052629600000004,0.0003054733315,2.698089113e-05,0.018059335699999998,13.3940698,0.0003054733315,2.698089113e-05,0.00615868912,6.78184698,0.0003054733315,2.698089113e-05,0.0014371999600000002,6.03596989,0.0003054733315,2.698089113e-05,0.0052617034399999995,1.33193708e-06,2.8987342500000006e-05,0.09596885577,8.3830818574,0.0038894917375999994,-0.0034319976499999996,-0.00389963401,9.306301379999999e-07,1.483072175e-05
355,1679670600,0.364126085,0.36415339299999994,-0.195987894,-1.25624351,0.9226031429999999,0.5198992800000001,0.834512964,0.763673321,0.01008343537,0.16649838740000003,2.7846976799999997e-05,6.510485330000001e-07,6.627065636e-07,8.706514350000001e-07,1.07532622e-06,1.3350416604e-06,2.1447933960000004e-06,4.01317688e-06,0.17808414999999997,0.0014980206999999999,0.00246932702,76.2548036,51.82507489999999,1.2107251850000001e-05,6.150940889999999,0.00939117525,3.98715398,0.00038965309399999995,3.46971746e-05,0.019303684100000003,15.718620199999998,0.00038965309399999995,3.46971746e-05,0.0063010715500000005,8.73442425,0.00038965309399999995,3.46971746e-05,0.00164050242,8.03158434,0.00038965309399999995,3.46971746e-05,0.005227163189999999,1.441170417e-06,2.8741707999999998e-05,0.0942391288,8.382036736499998,0.004727549320999999,-0.0032813098799999996,-0.0037619228000000003,9.076309600000001e-07,1.526012445e-05
355,1679671200,0.5463823500000001,0.546409682,-0.0905753656,-1.30230434,1.15687283,0.646029048,1.06597005,1.001843098,0.0057251996,0.231958281,2.8289561300000003e-05,1.139532553e-06,1.127834947e-06,1.4302295506999998e-06,1.931971917e-06,2.393261556e-06,3.7814481109999996e-06,7.547802979999999e-06,0.268985909,0.00137351525,0.00281082618,71.39343190000001,51.1518076,1.81700398e-05,5.93263781,0.011831488150000001,5.9895074699999995,0.00048332414499999995,4.326310828e-05,0.0240941581,23.8268286,0.00048332414499999995,4.326310828e-05,0.0063849488600000006,10.67663478,0.00048332414499999995,4.326310828e-05,0.0018065311900000002,9.996326159999999,0.00048332414499999995,4.326310828e-05,0.00524087319,1.49250652e-06,2.8927907100000002e-05,0.06675599055,7.315077699,0.006619782918,-0.00323375047,-0.0037523272900000003,9.357025769999999e-07,1.560662865e-05
355,1679671800,0.514694134,0.514721501,-0.10120800159999999,-1.2998777000000001,1.1397347999999998,0.6266670249999999,1.0316939900000002,0.9679045580000001,0.0061839604,0.220448115,2.88090057e-05,1.641841437e-06,1.7011143010000002e-06,2.1402750999999995e-06,2.8116426179999997e-06,3.59422554e-06,5.863918402e-06,1.110989087e-05,0.25326471700000003,0.00125209163,0.0027997293,70.0560995,51.2143097,1.7098866800000003e-05,6.4669674,0.011251645550000001,5.43594234,0.000455440939,4.074455493e-05,0.023190308799999997,22.0287986,0.000455440939,4.074455493e-05,0.00636817647,10.456450839999999,0.000455440939,4.074455493e-05,0.0018080516000000002,9.758612099999999,0.000455440939,4.074455493e-05,0.0052297253799999995,1.68107352e-06,2.8988044700000003e-05,0.13708537864,11.951979526999999,0.006609345615199999,-0.00313209333,-0.00366128511,1.007957882e-06,1.6293664949999998e-05
355,1679672400,0.478904857,0.47893234300000004,-0.1249916786,-1.27862361,1.05351967,0.601837746,0.991642776,0.929165863,0.00509967479,0.20188428700000002,2.8346433e-05,1.0326347659999998e-06,1.0543223998999999e-06,1.339395228e-06,1.7969427170000002e-06,2.2549669509999997e-06,3.7131522580000005e-06,7.357876029999999e-06,0.235269007,0.00141994591,0.0027439913699999997,72.8995249,51.32114740000001,1.59182259e-05,6.1418702199999995,0.011032838199999999,5.263210819999999,0.000336863738,2.9863144780000002e-05,0.0225504046,20.8695047,0.000336863738,2.9863144780000002e-05,0.0062053096,7.84103958,0.000336863738,2.9863144780000002e-05,0.0015829851200000002,7.1332723200000006,0.000336863738,2.9863144780000002e-05,0.005248074519999999,1.4269322199999998e-06,2.89443081e-05,0.12455095199999999,7.149100233,0.005830643597000001,-0.00329857005,-0.0038071369100000003,8.90844395e-07,1.468991955e-05
355,1679673000,0.46757641899999997,0.467603961,-0.11748761199999999,-1.2760100199999997,1.11055889,0.5947206890000001,0.9836550110000001,0.9218906499999999,0.005980231670000001,0.208816148,2.8297275400000002e-05,9.22962978e-07,9.407126439999999e-07,1.250919135e-06,1.7078402689999998e-06,2.201323309e-06,3.7840394370000003e-06,7.59753085e-06,0.22959138099999996,0.0013784893200000001,0.00279877999,71.648437,51.373629300000005,1.5539560899999998e-05,6.29779737,0.0107793572,5.018564469999999,0.00034128174600000003,3.0252108430000002e-05,0.022144653800000004,20.1078445,0.00034128174600000003,3.0252108430000002e-05,0.00623822339,7.97847508,0.00034128174600000003,3.0252108430000002e-05,0.00163652392,7.289572649999999,0.00034128174600000003,3.0252108430000002e-05,0.005240193,1.26570882e-06,2.8682509899999998e-05,0.13262473200000002,20.58116304,0.007000394599999999,-0.0034286447300000003,-0.00395116339,9.325749550000001e-07,1.53668593e-05
355,1679673600,0.4512623880000001,0.45128999499999994,-0.11431332649999999,-1.27657501,1.0513446,0.5843917989999999,0.9701171160000002,0.9056901470000002,0.0055111218,0.193510695,2.8523211699999996e-05,1.073756916e-06,1.1149378050000001e-06,1.4935920560000002e-06,2.0403625359999996e-06,2.6859624049999997e-06,4.469537897000001e-06,9.269385379999999e-06,0.221374088,0.00131062517,0.00292330284,71.27489349999999,51.3834519,1.4990876500000001e-05,6.5932784600000005,0.010811383050000001,5.02472212,0.00035849263500000003,3.18283366e-05,0.0219190922,19.7414224,0.00035849263500000003,3.18283366e-05,0.0062826654,8.455780789999999,0.00035849263500000003,3.18283366e-05,0.0016209658600000003,7.702342020000001,0.00035849263500000003,3.18283366e-05,0.005259079769999999,1.32447412e-06,2.89559897e-05,0.1306858536,6.475525883,0.0057159777079999995,-0.0033899160900000003,-0.00388354516,9.341323569999999e-07,1.540948865e-05
355,1679674200,0.445305431,0.445332725,-0.018905970344000003,-1.31939234,1.0880207100000001,0.5837074600000001,0.9816674620000001,0.923203186,0.007567974369999999,0.195772311,2.8113966099999997e-05,9.497096789999999e-07,9.429121822e-07,1.213888116e-06,1.637470366e-06,2.016024244e-06,3.3095676860000003e-06,6.671100395e-06,0.220873492,0.0012658980000000001,0.0004957083256,66.9185806,50.75170010000001,1.48104279e-05,6.125239800000001,0.010393506,4.639555329999999,0.000394851759,3.516384269999999e-05,0.021681737700000002,19.2865416,0.000394851759,3.516384269999999e-05,0.006304365939999999,8.715594120000002,0.000394851759,3.516384269999999e-05,0.00169654444,8.01391038,0.000394851759,3.516384269999999e-05,0.00522510891,1.15490672e-06,2.8421575000000004e-05,-0.11936132238,16.5833807622,0.004820658755,-0.00350188345,-0.00397187058,9.493442339999999e-07,1.58766817e-05
355,1679674800,0.413771151,0.41379829900000004,-6.943341499999999e-05,-1.34250776,1.0288064,0.564636645,0.9457413669999999,0.8907271900000001,0.008191930239999999,0.18009069,2.77608971e-05,7.45900236e-07,7.56198801e-07,1.007968323e-06,1.392714282e-06,1.8450090000000002e-06,2.846035104e-06,5.83680995e-06,0.20576527099999997,0.001057459917,4.7283858e-05,67.14033409999999,50.5590035,1.376184175e-05,6.117453299999999,0.010033709999999998,4.3373208299999995,0.0003149469062,2.78723524e-05,0.0209705005,18.0504501,0.0003149469062,2.78723524e-05,0.0062105189,7.754111249999999,0.0003149469062,2.78723524e-05,0.00159369399,7.00237506,0.0003149469062,2.78723524e-05,0.00521072464,1.480805027e-06,2.8591850099999998e-05,0.0487740445,21.391759241,0.007262267723000001,-0.0032882304700000003,-0.0037686664,9.76000959e-07,1.583690895e-05
355,1679675400,0.419470637,0.41949793900000004,-0.00023076261199999996,-1.3726620600000001,1.0615074100000002,0.5708917120000001,0.9349410270000001,0.8837144720000001,0.00935449206,0.191858034,2.7967524999999998e-05,8.131174740000001e-07,8.477325089999999e-07,1.139048311e-06,1.620832353e-06,2.2937203690000003e-06,3.88587972e-06,8.21254474e-06,0.208796112,0.000862494711,5.682348810000001e-05,65.609319,50.461382900000004,1.3938974599999998e-05,6.354085019999999,0.0101052899,4.41644991,0.0002653815318,2.3403905331e-05,0.0211024735,18.377536499999998,0.0002653815318,2.3403905331e-05,0.006114122170000001,6.950692289999999,0.0002653815318,2.3403905331e-05,0.0014779956,6.136625334,0.0002653815318,2.3403905331e-05,0.00522237308,1.33709302e-06,2.8569869500000002e-05,-0.0020303867999999963,10.105993798,0.00709785617,-0.0033820286500000005,-0.0038353191800000004,9.58733555e-07,1.5829769450000003e-05
355,1679676000,0.4205668699999999,0.420594171,0.0004236021514,-1.39318317,1.0187186060000002,0.574067704,0.9413912379999999,0.890352174,0.0048718454300000005,0.180965971,2.74830314e-05,2.781643126e-07,2.334291122e-07,3.6772769149999996e-07,6.197916260000001e-07,7.93546136e-07,1.288488924e-06,3.0279628870000002e-06,0.20933189900000002,0.000904579315,4.01289668e-05,68.88586059999999,50.480886100000006,1.4000354500000003e-05,5.748557249999999,0.01008853535,4.382450819999999,0.0002798227131,2.465121185e-05,0.0211376054,18.3227798,0.0002798227131,2.465121185e-05,0.006180137190000001,7.21968797,0.0002798227131,2.465121185e-05,0.00154942677,6.511431929999999,0.0002798227131,2.465121185e-05,0.00523027322,1.3541101400000002e-06,2.86651481e-05,-0.01472563634,26.740344195000006,0.008541591763299997,-0.00340705475,-0.00384680956,1.1025445549999998e-06,1.71277194e-05
355,1679676600,0.16958337299999998,0.169610922,-0.0029457982799999997,-1.4827272000000002,0.669845442,0.37206112999999996,0.573917529,0.5339412920000001,0.006252698109999999,0.0798684644,2.7712823900000004e-05,1.8992113389999999e-07,1.857379215e-07,3.3287540919999996e-07,4.150223334e-07,5.4423338e-07,1.116824955e-06,2.1144340089999996e-06,0.083533716,0.00122160939,3.11051613e-05,71.679167,51.5398501,5.64142711e-06,6.15776791,0.0063548955899999995,1.74992244,0.00017937949579999998,1.546405922e-05,0.01325130885,7.25590517,0.00017937949579999998,1.546405922e-05,0.005911397319999999,4.28476792,0.00017937949579999998,1.546405922e-05,0.0010649882720000002,3.51050575,0.00017937949579999998,1.546405922e-05,0.0052533682399999995,7.258780579999999e-07,2.82816531e-05,0.21210269360000003,43.507844225,0.004612270901,-0.004039681979999999,-0.0043781598799999995,1.0025120160000001e-06,1.58695451e-05
355,1679677200,0.1718733536,0.1719007424,-0.0030129112010000006,-1.4811476399999999,0.6896085679999999,0.365368559,0.578080136,0.532178742,0.009170023,0.0839820302,2.75995911e-05,2.48428162e-07,2.414916347e-07,3.8419255839999994e-07,4.6987404700000003e-07,5.884859340000001e-07,1.089593637e-06,2.1250990389999998e-06,0.08467312410000001,0.0012306074099999998,2.74153077e-05,72.1302329,51.7515394,5.7192285699999995e-06,6.21552644,0.006363250499999999,1.7902722800000004,0.00010816494879999998,9.054448309999999e-06,0.0130780934,7.38820887,0.00010816494879999998,9.054448309999999e-06,0.00575743801,3.1399107599999994,0.00010816494879999998,9.054448309999999e-06,0.0009085184539999999,2.352862848,0.00010816494879999998,9.054448309999999e-06,0.00524547036,7.23266746e-07,2.81865439e-05,0.15531895035999996,66.469291549,0.00758140222,-0.004039487390000001,-0.004390854250000001,9.7088192e-07,1.6023723499999995e-05
355,1679677800,0.38206415600000004,0.382091774,0.00296335504,-1.3068561600000002,0.9932553199999999,0.5392794009999999,0.9224906519999999,0.8644013730000001,0.00503687932,0.164619199,2.85579635e-05,1.0776270529999998e-06,1.0945602620000001e-06,1.3377401294e-06,1.7830791459999999e-06,2.2371427449999997e-06,3.5528383000000005e-06,6.96585632e-06,0.18935049799999998,0.0016256543699999996,3.68234935e-05,65.367505,50.8829544,1.2704811950000001e-05,6.177826059999999,0.009645447300000002,4.050117569999999,0.00023850569269999997,2.089743625e-05,0.020191388000000005,16.75279975,0.00023850569269999997,2.089743625e-05,0.0060708386000000005,6.2437341,0.00023850569269999997,2.089743625e-05,0.001373685498,5.444445278999999,0.00023850569269999997,2.089743625e-05,0.005245257339999999,7.97217103e-07,2.8293181699999998e-05,0.022771236200000003,15.513535171000001,0.003369466569,-0.0037705375799999994,-0.004208188119999999,8.304502060000001e-07,1.4606846899999997e-05
355,1679678400,0.36593716600000004,0.365964634,0.00225163071,-1.29245367,0.963629414,0.526996692,0.9095152610000001,0.848500911,0.00460076734,0.15307579999999998,2.7964780899999997e-05,5.8369557e-07,5.668272624599999e-07,7.4784928e-07,1.0362384249999999e-06,1.2787021827000001e-06,2.1435729579999996e-06,4.60582462e-06,0.181307664,0.0016164518400000002,3.27550223e-05,66.82657169999999,50.9046156,1.21733208e-05,5.6467580900000005,0.0094620027,3.88855846,0.0003082653488,2.7240115099999996e-05,0.019781156200000004,16.0553097,0.0003082653488,2.7240115099999996e-05,0.00621829346,7.205314369999999,0.0003082653488,2.7240115099999996e-05,0.0015216228599999999,6.533769949999998,0.0003082653488,2.7240115099999996e-05,0.00524383744,7.89733802e-07,2.82730696e-05,0.0397275315,10.971343496,0.0027319250650000002,-0.00377329291,-0.00421663875,8.06449374e-07,1.36185327e-05
355,1679679000,0.337860423,0.33788786600000004,0.0024571893300000002,-1.29366158,0.955416653,0.5062875229999999,0.871639113,0.8174499390000001,0.0044854214,0.14866360299999998,2.76886658e-05,3.3082848250000006e-07,2.99726607e-07,5.11952407e-07,7.26617447e-07,9.433567910000001e-07,1.8134874539999997e-06,3.964301209999999e-06,0.16728679200000002,0.00160009897,3.44183527e-05,68.74792249999999,50.9930809,1.1240304999999998e-05,5.93299098,0.00897469025,3.51232943,0.0002412863966,2.11186344e-05,0.0188889286,14.6316791,0.0002412863966,2.11186344e-05,0.00612558896,6.17492897,0.0002412863966,2.11186344e-05,0.00142030797,5.39243833,0.0002412863966,2.11186344e-05,0.005247899570000001,8.691322200000001e-07,2.8372152600000004e-05,0.10213816205,27.721023713999994,0.005120917856,-0.0037608465600000003,-0.004208600350000001,9.81111914e-07,1.6607244099999998e-05
355,1679679600,0.35230344799999996,0.352330953,0.001068795453,-1.31063272,1.006718252,0.518751164,0.8862645389999999,0.8296378069999999,0.0049466814,0.15932633300000001,2.8243114399999995e-05,8.512222080000002e-07,8.605558296e-07,1.0635776664e-06,1.408471829e-06,1.7458443373999995e-06,2.776925115e-06,5.601413213000001e-06,0.17474904200000002,0.00135596097,3.15293671e-05,65.4061448,50.806094200000004,1.17202097e-05,5.902672839999999,0.00922609645,3.6934857899999995,0.00032136358739999997,2.8442608720000004e-05,0.0193533288,15.358234299999998,0.00032136358739999997,2.8442608720000004e-05,0.00614794148,6.89042264,0.00032136358739999997,2.8442608720000004e-05,0.00144964616,6.179096830000001,0.00032136358739999997,2.8442608720000004e-05,0.0052430956899999995,8.53232898e-07,2.8291863399999998e-05,-0.15513140360000002,50.673276380000004,0.009456650724999998,-0.00382043664,-0.00423744067,1.0902905700000003e-06,1.8004957599999997e-05
355,1679680200,0.33094202599999994,0.3309693960000001,0.001096073715,-1.31728402,0.910827795,0.503244761,0.8566386510000001,0.803124524,0.004007859880000001,0.13972623199999998,2.8053353900000004e-05,7.828465580000001e-07,7.918333334999998e-07,9.877030841999998e-07,1.318816279e-06,1.6556863805e-06,2.677502501e-06,5.33967248e-06,0.163996771,0.0014265623899999999,3.2973569e-05,65.1525728,50.8962731,1.1006801650000001e-05,5.72506722,0.008927984650000002,3.47006285,0.00026570193599999997,2.33442788e-05,0.0187736772,14.458602199999998,0.00026570193599999997,2.33442788e-05,0.0061364776599999995,6.51810178,0.00026570193599999997,2.33442788e-05,0.0014299311960000003,5.760760530000001,0.00026570193599999997,2.33442788e-05,0.00523484409,7.4204002e-07,2.8125027299999998e-05,0.1936823003,22.72933132,0.004597558934399999,-0.00383563954,-0.00425623395,8.79732067e-07,1.43729576e-05
355,1679680800,0.317629989,0.317657598,-0.000364577543,-1.3211341600000002,0.9338159849999998,0.49309977299999996,0.8376630730000001,0.785686479,0.00389002508,0.139480884,2.8146276e-05,6.28208988e-07,6.311618114000001e-07,8.555879140000001e-07,1.1246963270000001e-06,1.4381614625e-06,2.5322768790000004e-06,5.00986535e-06,0.15744699999999998,0.0013175851500000003,3.7444498899999996e-05,66.75840360000001,50.8714088,1.05621769e-05,5.9943100199999995,0.0087528306,3.3336370000000004,0.000303344583,2.6782314299999996e-05,0.01836711,13.8378984,0.000303344583,2.6782314299999996e-05,0.0061715654000000005,6.732304930000001,0.000303344583,2.6782314299999996e-05,0.00143835617,5.9917566099999995,0.000303344583,2.6782314299999996e-05,0.005256876150000001,8.097787369999999e-07,2.84130504e-05,0.08623083130000002,31.620965599999995,0.006104938681800001,-0.0038319465999999995,-0.00426818207,1.0165118180000002e-06,1.6366700199999997e-05
355,1679681400,0.322941737,0.322969199,0.000996023218,-1.3000519000000001,0.9121028480000002,0.495286841,0.850563457,0.7962243170000001,0.0043348342,0.14022091700000003,2.88000053e-05,1.4561146340000003e-06,1.5403316616e-06,1.8594768229999998e-06,2.4005946799999997e-06,3.0843813439999997e-06,4.83112034e-06,9.32922262e-06,0.159915191,0.00148485841,4.4122920100000004e-05,63.858789200000004,50.96666020000001,1.0730664499999998e-05,6.53526602,0.00878318175,3.36008003,0.00029091119499999996,2.56483112e-05,0.018480833800000002,14.008983400000002,0.00029091119499999996,2.56483112e-05,0.00604628834,6.062567270000001,0.00029091119499999996,2.56483112e-05,0.0013342509000000002,5.36516461,0.00029091119499999996,2.56483112e-05,0.00523974109,7.25571743e-07,2.8164213099999998e-05,0.17968943867,10.62657781,0.003368988698,-0.00386429213,-0.0042722697,8.52177495e-07,1.4097244800000001e-05
355,1679682000,0.28926125599999997,0.28928874699999996,0.0007921893422999999,-1.28081193,0.88112689,0.467574523,0.8084496720000001,0.754073027,0.00465759319,0.1273564954,2.79442495e-05,5.371213876000001e-07,5.604081942999998e-07,7.614937795e-07,1.0411515529999998e-06,1.3920335549999998e-06,2.4477493149999997e-06,5.194838004e-06,0.14311136300000002,0.00146730086,3.79086474e-05,67.15393370000001,51.0581107,9.616536749999999e-06,6.2454645499999994,0.00834204495,3.03850641,0.00024652904189999996,2.160861156e-05,0.017507874300000004,12.576848099999998,0.00024652904189999996,2.160861156e-05,0.0060832806,5.90701419,0.00024652904189999996,2.160861156e-05,0.001323468295,5.14482328,0.00024652904189999996,2.160861156e-05,0.005254533929999999,7.5942146e-07,2.8329239099999998e-05,0.18899963765,42.32357624,0.007658124514999999,-0.00392600301,-0.00432303148,9.69556974e-07,1.66070287e-05
355,1679682600,0.272558364,0.27258597799999995,0.0007972106790000001,-1.26515831,0.8887396329999999,0.45265083500000003,0.7734611,0.7251596370000001,0.007141009040000002,0.1227616994,2.8082846999999997e-05,5.474963206e-07,5.554285047000001e-07,7.519339616e-07,1.010870667e-06,1.3007367579999998e-06,2.2552586625e-06,4.605383076000001e-06,0.134743923,0.0014881178700000002,3.48687173e-05,67.232406,51.18615559999999,9.06328635e-06,6.131313169999999,0.00801088842,2.83649036,0.00020682460860000002,1.7971654820000003e-05,0.0168674093,11.7915062,0.00020682460860000002,1.7971654820000003e-05,0.005996207240000001,5.13593411,0.00020682460860000002,1.7971654820000003e-05,0.001228459375,4.333436600000001,0.00020682460860000002,1.7971654820000003e-05,0.00525707573,7.37261011e-07,2.8331410200000002e-05,0.06285457389999999,56.733012939999995,0.006808367952,-0.0039522082000000005,-0.00434129399,8.727680830000001e-07,1.454507355e-05
355,1679683200,0.1937316144,0.19375958199999999,-0.00210574818,-1.4376012,0.725272132,0.38589565899999995,0.622631509,0.57781762,0.007971614489999999,0.0950576644,2.8330602099999996e-05,4.081497274e-07,4.089201742e-07,5.623712859999999e-07,7.086748057999999e-07,8.872843696e-07,1.5515786059999998e-06,2.951225338e-06,0.09540957019999999,0.0014208185800000002,2.7364550700000003e-05,69.06920600000001,51.7874686,6.44330227e-06,5.98203326,0.0067348429,2.04980516,0.000140693261,1.19308269e-05,0.013970040099999997,8.40284458,0.000140693261,1.19308269e-05,0.0058741766,3.7142272999999997,0.000140693261,1.19308269e-05,0.000995129184,2.9270866819999997,0.000140693261,1.19308269e-05,0.00528879649,6.32361243e-07,2.8556687199999998e-05,0.07667848320000001,94.45092543999999,0.008471668570000002,-0.0041343944399999995,-0.00448146787,9.5284456e-07,1.66753395e-05
355,1679683800,0.39947082300000003,0.399498693,-0.000764533155,-1.4286523900000003,1.009530814,0.5553016089999999,0.8875020840000001,0.840213147,0.00788620442,0.180218021,2.8639448999999996e-05,8.863374054e-07,8.872806151500001e-07,1.1261319077e-06,1.4720453940000002e-06,1.8407272533e-06,3.0003485912e-06,5.9624732800000006e-06,0.1982877276,0.0013983696499999998,3.29561766e-05,65.09657320000001,50.81644339999999,1.32876992e-05,5.80679869,0.00974262512,4.19906993,0.0003832823264,3.40877156e-05,0.020326336699999996,17.458920999999997,0.0003832823264,3.40877156e-05,0.00629464032,8.286344089999998,0.0003832823264,3.40877156e-05,0.00158004022,7.5518605700000005,0.0003832823264,3.40877156e-05,0.0052911363300000005,9.550556659999999e-07,2.88967487e-05,-0.0398357522,49.201184769,0.0081148979843,-0.0037713570599999997,-0.00422356043,1.1242641989999998e-06,1.844030295e-05
355,1679684400,0.37988780699999997,0.3799155880000001,-0.000634776799,-1.3479696100000003,0.9605918200000001,0.539482664,0.89890244,0.8478258649999999,0.005534198299999999,0.1612134155,2.83355547e-05,6.659334290000001e-07,6.697506460599999e-07,9.122839808e-07,1.288894294e-06,1.7004368566000002e-06,2.9769421347e-06,6.317196289999999e-06,0.188529069,0.00135566544,4.37666898e-05,66.50815270000001,50.7908829,1.263149455e-05,6.18389548,0.009521838400000001,3.97556622,0.0002987463688,2.6408691534000004e-05,0.0199740914,16.5534017,0.0002987463688,2.6408691534000004e-05,0.00617667508,6.980439250000001,0.0002987463688,2.6408691534000004e-05,0.00146967153,6.25706683,0.0002987463688,2.6408691534000004e-05,0.005267672500000001,8.15969828e-07,2.85484494e-05,-0.013183301699999997,11.958438730000001,0.0034301958879999995,-0.0037763139800000003,-0.004233457849999999,8.59742144e-07,1.4902062099999998e-05
355,1679685000,0.29740232699999997,0.297429989,0.001355068125,-1.30426028,0.9078652110000001,0.47604587899999995,0.815312384,0.7621732640000001,0.00412280581,0.1269216325,2.84693294e-05,9.001671999999999e-07,9.41090862e-07,1.190829226e-06,1.5638375200000001e-06,2.0419236340000003e-06,3.382923424e-06,6.6969768799999996e-06,0.147308134,0.00133630797,3.877565030000001e-05,66.12045320000001,50.946216799999995,9.885524400000001e-06,6.509492610000001,0.00842868975,3.0995617,0.000333392698,2.9535058199999996e-05,0.0177359783,12.9001316,0.000333392698,2.9535058199999996e-05,0.006200097569999999,7.0642587500000005,0.000333392698,2.9535058199999996e-05,0.0014493770700000001,6.37908206,0.000333392698,2.9535058199999996e-05,0.005260381409999999,7.134820920000001e-07,2.83611379e-05,0.10591673696,15.585106396999999,0.003424119015,-0.0039006578799999996,-0.004309653460000001,9.06254082e-07,1.461160425e-05
355,1679685600,0.26428110800000004,0.264308834,0.000692380491,-1.31046551,0.8569011590000001,0.449397954,0.764798345,0.716121869,0.00455581427,0.12170567559999998,2.82247966e-05,5.728567904e-07,5.722175554e-07,7.697616310000001e-07,1.002583075e-06,1.2663860510000002e-06,2.173212022e-06,4.244067404999999e-06,0.13091664099999997,0.00118164877,3.0788686e-05,66.2282898,50.9258485,8.7880668e-06,6.085536159999999,0.00801068295,2.79623491,0.0001742337795,1.4986409779999999e-05,0.016786472099999998,11.5668908,0.0001742337795,1.4986409779999999e-05,0.00595046311,4.5221359,0.0001742337795,1.4986409779999999e-05,0.0011501088939999998,3.7278023499999997,0.0001742337795,1.4986409779999999e-05,0.0052749914899999995,7.178464399999999e-07,2.8506870199999998e-05,0.16461882080000007,24.46268596,0.00607737254,-0.0039856306599999995,-0.00437435379,8.72584904e-07,1.50259996e-05
355,1679686200,0.30885165299999995,0.308879198,0.00179197224,-1.3141167,0.936441086,0.485436361,0.8270127500000001,0.7755986849999998,0.004363190550000001,0.1375840245,2.8277432999999998e-05,8.232410429999999e-07,8.394875906000001e-07,1.0524123516e-06,1.38853056e-06,1.7797846055e-06,2.896244056e-06,5.7276449859999995e-06,0.153143369,0.0012314856099999998,3.54543214e-05,65.62194020000001,50.8351816,1.0268797099999999e-05,6.1761838,0.0086298681,3.2354957900000003,0.000295871255,2.6148876655e-05,0.018103245599999998,13.4520722,0.000295871255,2.6148876655e-05,0.00612610616,6.58731364,0.000295871255,2.6148876655e-05,0.001400199214,5.8291381,0.000295871255,2.6148876655e-05,0.005246589959999999,7.33967993e-07,2.8221908299999998e-05,0.11008900035,46.91866256,0.006617131625,-0.00391455909,-0.004311755509999999,9.60824824e-07,1.6005638999999998e-05
355,1679686800,0.29556127099999996,0.295588926,0.0018151701899999997,-1.29123186,0.8968773560000001,0.47341302799999996,0.815724906,0.762398275,0.00381760413,0.129657055,2.8075749699999998e-05,5.02472227e-07,4.9354376535e-07,6.784406645e-07,8.840368050000001e-07,1.1172022343999998e-06,1.9357206310000004e-06,3.93110404e-06,0.14638427299999998,0.0013529704699999999,3.2959692e-05,67.44169810000001,50.9553267,9.830984550000001e-06,5.82798153,0.008431635400000002,3.09432644,0.000201026667,1.741402535e-05,0.0177330063,12.9021297,0.000201026667,1.741402535e-05,0.00607484638,5.341893069999999,0.000201026667,1.741402535e-05,0.0013048458439999999,4.56081018,0.000201026667,1.741402535e-05,0.00526661772,7.02806984e-07,2.84217019e-05,0.06671709091500001,15.419878372999998,0.0037114029970000003,-0.0039227726800000005,-0.004332334949999999,8.133752060000001e-07,1.40244671e-05
355,1679687400,0.28335021000000005,0.28337823100000004,0.00242668047,-1.27208852,0.88705206,0.461976781,0.8041370440000002,0.7482603269999999,0.0038201900799999995,0.1213361256,2.8867234e-05,9.477196480000001e-07,9.79669773e-07,1.219774429e-06,1.5651673940000002e-06,2.0080271789999997e-06,3.24905574e-06,6.2998902e-06,0.140054815,0.0015651581400000004,3.7612230500000006e-05,65.59918160000001,51.152208599999994,9.417870350000002e-06,6.37078168,0.008217268000000002,2.95385459,0.000220161731,1.9151794600000002e-05,0.0173140969,12.2924841,0.000220161731,1.9151794600000002e-05,0.00610431558,5.51026631,0.000220161731,1.9151794600000002e-05,0.0013101304999999998,4.757216179999999,0.000220161731,1.9151794600000002e-05,0.0052933077099999995,6.82683803e-07,2.86782007e-05,0.18784076700000002,17.762489249999998,0.0053197244453000005,-0.0039872434899999995,-0.00438455975,8.208657269999999e-07,1.469080415e-05
355,1679688000,0.25923997200000004,0.25926770400000004,0.00201468769,-1.2739164299999999,0.830012833,0.44230691999999994,0.766935913,0.7160093510000001,0.00452396417,0.11188545620000001,2.8183686500000006e-05,5.17923702e-07,5.173633830999999e-07,6.76626752e-07,9.048001320000001e-07,1.120880997e-06,1.90656951e-06,3.79529819e-06,0.12802503049999997,0.0015529236500000001,3.1641986799999994e-05,68.4632867,51.2225091,8.622619e-06,6.172197710000001,0.00794011915,2.7680656199999993,0.00023190053750000002,2.023950054e-05,0.0166211797,11.351664200000002,0.00023190053750000002,2.023950054e-05,0.00608179685,5.542203840000001,0.00023190053750000002,2.023950054e-05,0.0012844824099999999,4.73753209,0.00023190053750000002,2.023950054e-05,0.00526771759,7.13036528e-07,2.8424285799999997e-05,-0.004047297800000002,25.23955581,0.0062722313,-0.003971453800000001,-0.004369575929999999,8.956537999999999e-07,1.5178425899999996e-05
355,1679688600,0.281792838,0.28182057499999996,0.0018034596860000002,-1.30338416,0.903590068,0.46324452000000005,0.794649245,0.74109763,0.004367027470000001,0.12634926010000003,2.7948812499999997e-05,2.663479545e-07,2.3855184389999997e-07,3.6854040600000003e-07,5.24856712e-07,6.083269059999999e-07,1.171106889e-06,2.44488492e-06,0.13943887,0.00142182838,2.9327185100000003e-05,70.5016239,51.0661308,9.3761375e-06,5.90477106,0.0081769347,2.92921495,0.00029178343939999994,2.5763267779999997e-05,0.017235514,12.183836699999999,0.00029178343939999994,2.5763267779999997e-05,0.006097750800000001,6.19709116,0.00029178343939999994,2.5763267779999997e-05,0.00132255012,5.460209695,0.00029178343939999994,2.5763267779999997e-05,0.00527748319,8.012417729999999e-07,2.85952395e-05,0.37486766,48.811943889999995,0.009571406068000003,-0.00394209916,-0.004346941410000001,9.092504530000002e-07,1.60247781e-05
355,1679689200,0.25705225699999995,0.257080356,0.0015648894299999997,-1.30333897,0.844263271,0.442328814,0.755273053,0.7077215960000001,0.0039301797,0.11445884340000001,2.8580528300000003e-05,5.59972116e-07,5.636349782999999e-07,7.486753572e-07,9.79103929e-07,1.226990263e-06,2.109506445e-06,4.135975804999999e-06,0.1270780026,0.0014022135200000001,3.45109965e-05,67.9527751,51.143855900000005,8.54817516e-06,6.07316926,0.007817452019999999,2.68228418,0.000262407286,2.30199157e-05,0.016467108400000003,11.14674785,0.000262407286,2.30199157e-05,0.00613977697,5.856708230000001,0.000262407286,2.30199157e-05,0.0013185857199999999,5.096092690000001,0.000262407286,2.30199157e-05,0.00529633685,6.3099262e-07,2.8672445699999998e-05,0.05158525759999999,8.65700824,0.002290999304,-0.00403263038,-0.004414753709999999,8.021802859999999e-07,1.3975866300000001e-05
355,1679689800,0.22378990400000004,0.22381773,0.0006929221799999999,-1.2628407899999998,0.8333129250000001,0.410387492,0.70644655,0.652444923,0.006817824310000001,0.10788521499999999,2.8394601800000003e-05,6.375514710000001e-07,6.428443207e-07,8.20750434e-07,1.044701764e-06,1.3305528709999998e-06,2.13992269e-06,4.0421778700000004e-06,0.11045745609999999,0.00139430276,3.1812116499999995e-05,66.7255471,51.35349240000001,7.442225200000001e-06,6.19574413,0.007234665050000001,2.3251944499999997,0.00016972485960000002,1.4603503149999999e-05,0.0152624874,9.6668885,0.00016972485960000002,1.4603503149999999e-05,0.00592384638,4.138768149999999,0.00016972485960000002,1.4603503149999999e-05,0.001098819887,3.3965764730000005,0.00016972485960000002,1.4603503149999999e-05,0.00527498157,6.43563087e-07,2.84336899e-05,-0.03270325922999999,43.415720823,0.006170866563999999,-0.00405591472,-0.004420651480000001,9.068068400000001e-07,1.574914535e-05
355,1679690400,0.24348074299999997,0.243508666,0.001477174566,-1.2791690500000001,0.8144123679999999,0.42900582499999995,0.741547629,0.692158641,0.00360157473,0.10532835599999998,2.8431835e-05,5.78738724e-07,5.826653292e-07,7.64629433e-07,9.84865915e-07,1.2406494984e-06,2.064014184e-06,4.01850542e-06,0.12018930739999997,0.00150538389,3.38024923e-05,68.5501424,51.281746,8.09677217e-06,6.1503394799999995,0.00762736926,2.55872902,0.000218168757,1.8972740749999995e-05,0.0160478356,10.579068199999998,0.000218168757,1.8972740749999995e-05,0.00604276526,5.0285331,0.000218168757,1.8972740749999995e-05,0.001213024327,4.2758697,0.000218168757,1.8972740749999995e-05,0.0052856011100000004,6.60418486e-07,2.8570605700000002e-05,0.0723173369,44.28207439,0.005276845828000001,-0.004025093039999999,-0.0044032107,8.95165797e-07,1.590080125e-05
355,1679691000,0.18627064,0.1862984899,-0.001528696098,-1.31332376,0.7441727159999999,0.37328590300000003,0.621956493,0.5824302880000001,0.00501742164,0.090063904,2.83477638e-05,5.371838525999999e-07,5.67145903e-07,7.78569743e-07,9.5762758e-07,1.257976071e-06,2.158754264e-06,4.16749077e-06,0.0918143008,0.0012747530899999999,3.33785081e-05,67.65417500000001,51.587209800000004,6.19056127e-06,6.4127826,0.0066224685800000006,1.9831092599999998,0.000202282183,1.755969099e-05,0.013827387300000002,8.096421610000002,0.000202282183,1.755969099e-05,0.00597520546,4.578186010000001,0.000202282183,1.755969099e-05,0.00110931129,3.82376952,0.000202282183,1.755969099e-05,0.005284106470000001,7.944979920000001e-07,2.8655631500000003e-05,0.11160569030000003,101.25005300000001,0.011297743925999998,-0.004001630009999999,-0.00439322974,1.1759759410000001e-06,1.839100185e-05
355,1679691600,0.152349038,0.1523770815,-0.0025830686470000004,-1.45046528,0.6356444000000001,0.34242149000000005,0.5505918040000001,0.5134656759999999,0.00544454469,0.07246155800000001,2.8276945200000003e-05,2.60955424e-07,2.61959595e-07,3.446270785e-07,4.670250819999999e-07,5.6876001e-07,9.65852371e-07,1.9087031130000002e-06,0.0748735513,0.00126945576,2.5953597200000003e-05,71.9376595,52.03404400000001,5.068454709999999e-06,6.15370549,0.005924303800000001,1.5834624400000004,0.00010410573870000002,8.596588679999999e-06,0.012357504449999999,6.55386501,0.00010410573870000002,8.596588679999999e-06,0.00581308559,3.0710363800000002,0.00010410573870000002,8.596588679999999e-06,0.000882350623,2.2271277780000003,0.00010410573870000002,8.596588679999999e-06,0.00530614816,4.78793687e-07,2.85976452e-05,0.08254566220000001,88.839337262,0.006344008659999999,-0.0043008774800000005,-0.00457642773,8.977369110000002e-07,1.57178434e-05
355,1679692200,0.27107072,0.271099018,-0.0002661130879999999,-1.3669171600000003,0.8884021320000001,0.458781346,0.758310641,0.713384271,0.004903876430000001,0.12656590699999998,2.8792882300000002e-05,5.710267804e-07,5.843718943e-07,7.390952755e-07,1.0247068020000002e-06,1.3204919659999998e-06,2.1567846919999998e-06,4.48777247e-06,0.13427874960000002,0.00121048019,3.40305272e-05,66.8397267,50.9473063,9.015360460000001e-06,6.144484920000001,0.00810500154,2.8664661899999997,0.0002024321173,1.7537760070000003e-05,0.0169549631,11.848132699999999,0.0002024321173,1.7537760070000003e-05,0.00608803162,5.22957179,0.0002024321173,1.7537760070000003e-05,0.00124887502,4.428602369999999,0.0002024321173,1.7537760070000003e-05,0.005324587300000001,7.456117249999999e-07,2.9027513799999998e-05,0.18168526829999998,72.19239948,0.01007450744,-0.00406524131,-0.00442773495,1.083243215e-06,1.70389299e-05
355,1679692800,0.5062580299999999,0.506286236,-0.00119608773,-1.4692456100000002,1.26183853,0.641394252,0.96122935,0.9039275820000002,0.0319848909,0.31793111100000004,2.9408152299999998e-05,1.401957028e-06,1.4296680275999998e-06,1.7315135610000002e-06,2.525219173e-06,3.411651199e-06,5.291568373999999e-06,1.093215724e-05,0.252113273,0.000929977245,5.7501844100000004e-05,64.8459494,50.420079,1.6826173700000002e-05,6.32618394,0.011188565449999998,5.36893978,0.0004812820110999999,4.3064151579999996e-05,0.023060607400000002,22.2136806,0.0004812820110999999,4.3064151579999996e-05,0.00635235534,10.0919256,0.0004812820110999999,4.3064151579999996e-05,0.0016811761999999998,9.39894919,0.0004812820110999999,4.3064151579999996e-05,0.005316573650000001,1.755290974e-06,2.9852072000000002e-05,0.4353242156,148.207417321,0.020134144865000002,-0.0036986338900000006,-0.00416171893,5.000645900000001e-06,6.029630479999999e-05
355,1679693400,0.5068397000000001,0.5068679099999999,-0.00135618353,-1.52126325,1.1710857300000002,0.6452216340000001,0.9604418330000002,0.920915616,0.02064509551,0.27781949399999994,2.9183598599999997e-05,1.162781562e-06,1.1581376744999998e-06,1.371390692e-06,1.9137430669999996e-06,2.4106483530000002e-06,3.7620404430000004e-06,7.89232271e-06,0.25274217699999996,0.0006101426,4.6387664e-05,64.82300819999999,50.2760885,1.68601801e-05,6.131301500000001,0.011284185950000001,5.34431154,0.000348934108,3.092360769e-05,0.023242419400000002,22.2418063,0.000348934108,3.092360769e-05,0.006297151050000001,8.14137136,0.000348934108,3.092360769e-05,0.0016152836099999999,7.4056042500000006,0.000348934108,3.092360769e-05,0.0053226522899999995,1.0106617160000002e-06,2.92739782e-05,-0.00369270039999998,66.44684641199999,0.009989073939,-0.0037163078899999993,-0.00417078944,1.2308680919999998e-06,2.00226393e-05
355,1679694000,0.5244862999999998,0.524514521,-0.00034784711500000006,-1.51196596,1.22122477,0.6553647289999999,0.975254775,0.9361410749999999,0.024752466169999997,0.3082535839999999,2.9470545399999995e-05,1.4327632489999998e-06,1.43763139e-06,1.676033966e-06,2.343994196e-06,2.878870057e-06,4.4136781049999994e-06,9.10133697e-06,0.261434336,0.000735122654,4.8118137199999994e-05,63.1212173,50.326527500000005,1.74413667e-05,6.038070330000001,0.011380256600000001,5.429585149999999,0.0005668459483,5.0892771790000005e-05,0.023532016099999997,22.8411209,0.0005668459483,5.0892771790000005e-05,0.00650427359,11.91115933,0.0005668459483,5.0892771790000005e-05,0.00184574876,11.243723050000002,0.0005668459483,5.0892771790000005e-05,0.00532053525,1.0401738160000001e-06,2.92747541e-05,0.63430158507,63.14662643300001,0.012273845719999999,-0.00368699868,-0.00414928455,1.1218802670000001e-06,1.89566293e-05
355,1679694600,0.426441826,0.426470328,-0.0012109053586700001,-1.53577417,1.09214584,0.5906270150000001,0.8729891569999999,0.8251751909999999,0.02619710114,0.26058949400000003,2.89430603e-05,5.738983595000001e-07,5.613148653300001e-07,7.129846303499999e-07,1.179778425e-06,1.5643947537e-06,2.7204153509999997e-06,6.210265820000001e-06,0.21163116799999998,0.00151869661,5.6947698300000006e-05,68.661437,50.8134388,1.41801902e-05,6.1002452300000005,0.0104052557,4.493417859999999,0.0004317584172999999,3.855973699999999e-05,0.0211070666,18.641971200000004,0.0004317584172999999,3.855973699999999e-05,0.0062704204,8.69530292,0.0004317584172999999,3.855973699999999e-05,0.00152769449,8.038393645000001,0.0004317584172999999,3.855973699999999e-05,0.005335831940000001,8.37605884e-07,2.92582433e-05,-0.26501452000000003,57.121894256,0.008579411908,-0.0038805151999999994,-0.004287612719999999,1.0454227560000002e-06,1.7422047400000002e-05
355,1679695200,0.38106073800000007,0.381089158,-0.0014810775924,-1.5453139400000002,0.9518540779999999,0.559793895,0.837625564,0.801211949,0.0075484371099999985,0.16989709,2.9195466400000002e-05,8.997285320000001e-07,8.886523737e-07,1.041478947e-06,1.476164798e-06,1.8041588600000003e-06,2.8021160170000002e-06,5.660626880000001e-06,0.18885074,0.00162041679,4.35317987e-05,68.1511827,50.956269600000006,1.2673936199999999e-05,6.06977614,0.009812088100000001,3.9427347299999993,0.0002808354982,2.469747426e-05,0.019971243800000003,16.50746555,0.0002808354982,2.469747426e-05,0.006217378710000001,6.95474774,0.0002808354982,2.469747426e-05,0.001447514846,6.2266133,0.0002808354982,2.469747426e-05,0.0053331824899999995,7.24221347e-07,2.9135988e-05,0.0237658663,41.729024583,0.00587615454,-0.003944044549999999,-0.00433343903,9.646755609999998e-07,1.64629916e-05
355,1679695800,0.5049473549999999,0.5049755490000001,0.00039990071929999995,-1.61587155,1.0221311920000002,0.6512542769999999,0.918103032,0.902915056,0.00596340578,0.22430542999999997,2.9659221900000004e-05,1.653362782e-06,1.7122767780000001e-06,2.006511244e-06,2.7398948099999994e-06,3.5147306209999996e-06,5.4459697600000005e-06,1.107476775e-05,0.251173038,0.0012069973000000001,6.36545009e-05,64.7064928,50.5144989,1.67841273e-05,6.348034010000001,0.011424172700000002,5.34095974,0.00022668234549999997,1.9907207737000004e-05,0.0232573745,22.209273099999997,0.00022668234549999997,1.9907207737000004e-05,0.00608767937,6.829985069999999,0.00022668234549999997,1.9907207737000004e-05,0.0013866533090000001,5.992430183000001,0.00022668234549999997,1.9907207737000004e-05,0.005315565149999999,8.79788127e-07,2.9103039000000002e-05,0.11454276029999999,14.056570828,0.00471064862,-0.0036948652,-0.00416181635,8.392131919999999e-07,1.4805196199999999e-05
355,1679696400,0.517776217,0.517804555,-0.0005630614765000001,-1.61954455,1.05689474,0.6596310629999999,0.9304784089999998,0.9058776390000001,0.011285828090000002,0.23766363899999998,2.96404636e-05,1.472713359e-06,1.5050071101e-06,1.7785479350000001e-06,2.4881263859999997e-06,3.0668332465e-06,4.7283437226e-06,9.323561115e-06,0.25715028,0.00165176335,5.96245874e-05,65.9745556,50.6783674,1.7220132800000002e-05,6.04046263,0.011615373500000001,5.52484191,0.0005349496044,4.797902854e-05,0.023526441400000004,22.826460900000004,0.0005349496044,4.797902854e-05,0.00645823333,10.792748849999999,0.0005349496044,4.797902854e-05,0.0017782421899999999,10.19389646,0.0005349496044,4.797902854e-05,0.00531711349,9.275644739999999e-07,2.91599888e-05,-0.03982624903,22.137343473999998,0.00621596623,-0.0036881270199999997,-0.00415343159,9.22633703e-07,1.60920367e-05
355,1679697000,0.572080767,0.572109058,-0.000952658629,-1.61584383,1.0731327399999997,0.692747188,0.9777673629999999,0.959729286,0.00667782852,0.247297995,2.98613536e-05,1.7834686029999999e-06,1.8299814060999998e-06,2.1747253497e-06,2.9649824279999998e-06,3.7685878066999997e-06,5.9016662440000005e-06,1.2034700643000002e-05,0.28451599400000005,0.00142716551,6.471489309999999e-05,64.8615695,50.506819500000006,1.90207382e-05,6.1696238899999996,0.012308769399999999,6.183327459999999,0.00032791828559999994,2.904648451e-05,0.024888787199999998,25.472835099999998,0.00032791828559999994,2.904648451e-05,0.006256626800000001,8.405263000000001,0.00032791828559999994,2.904648451e-05,0.0015760726799999999,7.57703379,0.00032791828559999994,2.904648451e-05,0.00532287407,9.474085920000001e-07,2.9264107299999997e-05,0.0620123235,5.355184159,0.00262697455,-0.00360098966,-0.0040918955399999995,8.566228969999999e-07,1.42507168e-05
355,1679697600,0.6804196450000001,0.680447866,-0.0011130940304,-1.60717695,1.16471056,0.7544503939999999,1.07403277,1.049769529,0.010795481549999998,0.3011144,2.95319003e-05,1.541888878e-06,1.5776822209e-06,1.9535391876e-06,2.8289345999999994e-06,3.7680810200000006e-06,6.208275977e-06,1.328726419e-05,0.338554065,0.00154752523,7.48506171e-05,65.8256088,50.4839289,2.26164197e-05,6.298119310000001,0.013258241799999997,7.17580064,0.0005369372164999999,4.825152421e-05,0.026974781399999998,29.924922499999997,0.0005369372164999999,4.825152421e-05,0.0063961562,11.805034,0.0005369372164999999,4.825152421e-05,0.0018024105,11.137536359999999,0.0005369372164999999,4.825152421e-05,0.005312878159999999,1.1588699660000001e-06,2.93464844e-05,0.03458647560999999,16.801875122000002,0.0073368969186,-0.0034456303,-0.00398836562,9.225244929999999e-07,1.66235972e-05
355,1679698200,0.774290623,0.774318706,-0.0002978520036,-1.5858341299999998,1.3042523000000001,0.802102019,1.1581853599999998,1.1149090400000001,0.028407852140000002,0.37503541,2.9326749200000002e-05,1.4560299529999998e-06,1.4251712499999998e-06,1.676667431e-06,2.386586833e-06,2.911028979e-06,4.500181804e-06,9.53454498e-06,0.385627492,0.0014381798799999999,5.414756e-05,64.7260141,50.3892101,2.57669916e-05,5.76554792,0.014172302000000001,8.31117563,0.0006039859666,5.431687734e-05,0.028792187799999997,34.37227729999999,0.0006039859666,5.431687734e-05,0.00651299543,13.42049026,0.0006039859666,5.431687734e-05,0.0019446793499999996,12.716731479999998,0.0006039859666,5.431687734e-05,0.005315943,1.30168782e-06,2.9518285100000002e-05,0.023823108500000002,10.119733549,0.007625285,-0.0033197543999999996,-0.003907357110000001,8.819407019999999e-07,1.55415668e-05
355,1679698800,0.746574761,0.7466030939999999,-0.000351559279,-1.59204283,1.24567556,0.787465309,1.1402223200000001,1.10272115,0.0174482523,0.339242679,3.0750968700000005e-05,2.7243172849999994e-06,2.7857079129999997e-06,3.2372530823000006e-06,4.338914316e-06,5.4470135699999996e-06,8.332614004e-06,1.641215319e-05,0.372000659,0.0011768502199999999,6.393669169999999e-05,62.94209909999999,50.3570747,2.4822825399999997e-05,6.132994869999999,0.0137500931,7.780971230000001,0.000663182714,5.97073689e-05,0.0281415006,32.6535037,0.000663182714,5.97073689e-05,0.00658606802,13.698790499999996,0.000663182714,5.97073689e-05,0.00205003604,13.108368239999999,0.000663182714,5.97073689e-05,0.00530680278,1.21925108e-06,2.93706046e-05,-0.05287609835999999,2.950772789,0.002662906318,-0.00334545153,-0.003906382139999999,8.78225787e-07,1.4702219700000001e-05
355,1679699400,0.7153322310000001,0.715360452,-0.00193277504,-1.58750213,1.2698637600000002,0.772154189,1.1132965000000001,1.08584565,0.012928030109999999,0.32100419500000005,2.96251714e-05,1.8029574850000002e-06,1.8099865855000001e-06,2.0992578030000003e-06,2.936930168e-06,3.6298361570000006e-06,5.652468564e-06,1.19312815e-05,0.35655297599999997,0.001005717587,7.478349149999999e-05,65.11458999999999,50.3147346,2.37897203e-05,6.04869603,0.0135343613,7.531242690000001,0.0008191975479999999,7.408498476e-05,0.027677482599999997,31.487681099999996,0.0008191975479999999,7.408498476e-05,0.006699066470000001,15.992498309999997,0.0008191975479999999,7.408498476e-05,0.0021488734799999997,15.47685048,0.0008191975479999999,7.408498476e-05,0.00533985358,5.31971666e-06,3.35500335e-05,3.427663488908,198.72221707,0.040640576629999994,-0.00340613015,-0.00396806746,2.2442276227e-05,0.0002474347343
355,1679700000,0.9402467939999999,0.940274494,-0.0009701341990000001,-1.58584711,1.4797576400000003,0.8842236009999999,1.2897768699999999,1.2439879600000001,0.021236475700000004,0.4277578940000001,2.9354635900000002e-05,2.12627252e-06,2.2306789579999998e-06,2.758474614e-06,4.007015089999999e-06,5.23628611e-06,8.47204868e-06,1.788403878e-05,0.46849111800000004,0.00148258768,0.000104776398,65.75220230000001,50.329233,3.1257904e-05,6.47923509,0.015648533,10.232411950000001,0.000810210221,7.3180497e-05,0.031845654099999995,41.8318888,0.000810210221,7.3180497e-05,0.006655975579999999,16.57853205,0.000810210221,7.3180497e-05,0.0022273323100000003,16.02406409,0.000810210221,7.3180497e-05,0.005308027,5.45426705e-06,3.322025230000001e-05,-3.4039282129999995,231.306392382,0.03253970777,-0.0030875902300000002,-0.0036878599000000007,8.688378171e-06,7.422956344999999e-05
355,1679700600,0.500339919,0.500367824,7.409404399999999e-05,-1.2947794899999998,1.1756233899999997,0.612419323,1.033231535,0.9702296309999999,0.018115874339999997,0.23130938099999998,2.8772077899999997e-05,1.035621684e-06,1.0407111370000001e-06,1.2554878339999998e-06,1.825160149e-06,2.313435403e-06,3.621889251e-06,7.6161522399999996e-06,0.24655242300000002,0.0035434854100000004,5.38739724e-05,69.538386,51.6151792,1.6637967599999998e-05,6.164039310000001,0.011070459,5.34310988,0.0005567223085,4.998531506e-05,0.022798073800000002,21.892243299999997,0.0005567223085,4.998531506e-05,0.00641616996,11.52436257,0.0005567223085,4.998531506e-05,0.0017748957400000002,10.893248080000001,0.0005567223085,4.998531506e-05,0.0052803780399999995,1.2238121499999999e-06,2.8986246499999998e-05,-0.010101675130000003,22.8756155,0.009809293119999998,-0.00362331807,-0.004093142520000001,1.00044586e-06,1.6400972549999998e-05
355,1679701200,0.5918612449999999,0.591889078,-0.00020047251799999998,-1.3026462899999998,1.26202603,0.668286752,1.13268457,1.062219924,0.01694068139,0.26881288400000003,2.8651568500000002e-05,9.90079788e-07,9.437834770000001e-07,1.1312357783999997e-06,1.6256066460000003e-06,1.9976800809999996e-06,3.170780057e-06,6.66399104e-06,0.29244165,0.0034191841,5.14483313e-05,69.1054826,51.308279500000005,1.96898209e-05,5.86844153,0.0119520075,6.23000653,0.000438172577,3.91058907e-05,0.0248317972,25.7704411,0.000438172577,3.91058907e-05,0.00647557381,10.70661164,0.000438172577,3.91058907e-05,0.0018782197200000004,9.94951916,0.000438172577,3.91058907e-05,0.0052925772500000004,1.3356386959999997e-06,2.9231087499999998e-05,0.14900196553999998,32.320254410000004,0.01136053898,-0.00352408206,-0.004031771839999999,1.1754459630000002e-06,1.820609845e-05
355,1679701800,0.971311478,0.9713392189999999,-0.0031877516473,0.684013219,5.0986931,0.822193379,1.33999089,1.222237325,0.2789097320000001,2.610630511,2.9958796500000002e-05,5.45419611e-06,1.048577151e-05,2.0401789150000002e-05,4.206914545e-05,6.133471606e-05,0.00012093943452999998,0.000280876502,0.4812117099999999,0.00325388952,0.0006454254576,61.5143159,50.8509765,3.20196824e-05,7.168181850000001,0.01609187525,24.855000490000002,0.000490477721,4.40532193e-05,0.0302779368,44.235972700000005,0.000490477721,4.40532193e-05,0.00658663203,13.2277951,0.000490477721,4.40532193e-05,0.00237359708,12.584025399999998,0.000490477721,4.40532193e-05,0.00649646358,0.00021691343074,0.000244677353,0.9072705677,451.74630349999995,0.3655181172,-0.002031822797,-0.00303886996,0.00035261637648,0.0026758409128
355,1679702400,1.093205561,1.093233639,-0.00252175264,-0.6801930606,3.837867180000001,0.917616203,1.3778670800000001,1.2851267400000002,0.2161464525,1.955586418,3.01716976e-05,3.4913010199999994e-06,6.856080287599999e-06,1.1653388700499998e-05,2.0546245540000004e-05,3.399605949200001e-05,6.1961951794e-05,0.00014028044163,0.544147233,0.00185493975,0.000318978709,61.9189394,50.4198607,3.62415549e-05,6.47509905,0.01686928595,19.34269685,0.0009786236364,8.866232110000001e-05,0.03313741159999999,49.4465697,0.0009786236364,8.866232110000001e-05,0.00679661498,19.932956420000004,0.0009786236364,8.866232110000001e-05,0.00247239894,19.50494685,0.0009786236364,8.866232110000001e-05,0.00580419239,0.00010413634096000001,0.0001321051406,-1.8879838184,640.5433729,0.2608819127,-0.0017974235379999998,-0.0026498345,0.00026899777932699995,0.0024165281864
355,1679703000,1.54239909,1.5424269449999999,-0.0005270950989999998,-0.5579864126,4.608665589999999,1.081090977,1.66711341,1.49892075,0.264960103,2.1913444859999993,3.09367481e-05,6.97994648e-06,1.1902631389999998e-05,2.4993757649999996e-05,4.8228384249999996e-05,7.794727064e-05,0.0001555242599,0.00036906297130000004,0.7675356900000001,0.0021638924499999997,0.0008010303324,60.89163670000001,50.360870000000006,5.09612744e-05,7.050245930000001,0.020415871,32.91839375,0.0012041365634000002,0.00010933035279000001,0.038911659,68.3494156,0.0012041365634000002,0.00010933035279000001,0.00708129958,25.377883999999998,0.0012041365634000002,0.00010933035279000001,0.00308659173,25.04942946,0.0012041365634000002,0.00010933035279000001,0.00665792654,0.00026374372962,0.000291623943,-0.11902245940000003,213.64573125,0.2807778511,-0.001815031513,-0.00282223154,0.00040446187401,0.0025732708047
355,1679703600,2.0973853599999996,2.09741286,-1.486828099999996e-05,-0.15370579699999998,6.60927684,1.2543548669999998,1.9173210400000003,1.7242651499999997,0.47844737900000006,3.61951046,3.35487444e-05,9.3455752e-06,1.7772756899999998e-05,3.1755622000000005e-05,5.611273989999999e-05,9.40577537e-05,0.00018155880000000001,0.00043304299,1.0450667999999999,0.0019096850100000003,0.0008856357159999998,57.894912899999994,50.2347616,6.933036079999999e-05,7.14796774,0.023784500799999997,44.738415999999994,0.0009265132170000001,8.396909273000001e-05,0.0454320502,93.5579117,0.0009265132170000001,8.396909273000001e-05,0.007123462110000001,26.889770399999996,0.0009265132170000001,8.396909273000001e-05,0.0032171126199999995,26.18810706,0.0009265132170000001,8.396909273000001e-05,0.00663704252,0.00029507471199999996,0.00032262203200000004,0.26308081699999997,497.296461,0.46071406699999995,-0.0014943034279999998,-0.00255774141,0.0005869759470000001,0.00430003061
355,1679704200,3.8687620700000003,3.8687865799999996,0.00464884737,-0.528737382,6.77930694,1.68494242,2.59369168,2.3369963900000004,0.9632982406,7.145262589999999,3.46598165e-05,1.145897619e-05,1.9055225760000002e-05,3.63681411e-05,6.63139701e-05,0.0001146496245,0.0003017753026,0.0007684101881000001,1.9301854299999999,0.0014564062,0.0014106666569999998,58.8199567,50.0970047,0.00012796299540000002,6.91823351,0.0326746655,70.38720140000001,0.003015981904,0.0002754939382000001,0.0614571983,174.046977,0.003015981904,0.0002754939382000001,0.00851991114,64.05855571,0.003015981904,0.0002754939382000001,0.00490142966,64.10744675999999,0.003015981904,0.0002754939382000001,0.008020259089999999,0.0003695277103,0.00039390420470000005,-0.19442245199999997,216.35133299999998,0.3289402484,0.00517313814,0.0007543908400000001,0.00048676166313,0.0030522564729
355,1679704800,3.14221761,3.1422446400000004,0.001006326539,-1.134429429,5.00831527,1.5604889100000001,2.40667351,2.2052923300000002,0.4633135172,4.08981827,3.03365563e-05,4.93396536e-06,7.298340479999999e-06,1.3492929330000001e-05,2.5304786539999998e-05,4.303829352e-05,8.896375065999999e-05,0.000249738338,1.56928404,0.000900177957,0.0004880738209999999,59.032968800000006,50.0895822,0.00010430772549999999,6.39101694,0.028290505700000003,43.9905654,0.0018746299694,0.00017062513893,0.056441656099999994,138.66892,0.0018746299694,0.00017062513893,0.007781684080000001,42.328070399999994,0.0018746299694,0.00017062513893,0.00398218518,41.986260599999994,0.0018746299694,0.00017062513893,0.00598855469,0.00012834916613000002,0.0001552229888,0.8936979857999999,310.33023462599994,0.2197149084,-0.001141521379,-0.00231264845,0.00024406834257,0.0018050089207000003
355,1679705400,3.75648875,3.75651328,0.0057502251859999996,-0.46879731650000006,6.184388719999999,1.68216542,2.5772661900000005,2.32402094,0.9419877916000001,6.695691309999999,3.394754e-05,8.35158419e-06,1.1783023739999999e-05,2.1288312549999997e-05,3.824182722e-05,6.849150633e-05,0.00013994193097999997,0.0003939742954,1.87566783,0.000999057066,0.0008852126458000001,59.2427324,50.09323809999999,0.000124511059,6.669096380000001,0.0306760011,55.1610509,0.0015772429546999998,0.00014572845128,0.060824233299999995,165.7200136,0.0015772429546999998,0.00014572845128,0.0079987104,45.1290694,0.0015772429546999998,0.00014572845128,0.00427456869,44.3291636,0.0015772429546999998,0.00014572845128,0.00652817827,0.0001942695058,0.00021866788529999997,0.5852521940000001,212.38304866,0.2780798021,0.0008614333556000002,-0.001736924796,0.00033017485744000005,0.0024302595807
355,1679706000,2.5775570599999997,2.57758335,0.00462206334,-0.7287911659999999,5.370538989999999,1.3792101,2.10336422,1.9036331,0.5448866386000001,4.507518813000001,3.11552346e-05,7.7821593e-06,1.516391619e-05,3.1791908610000004e-05,5.3864253039999996e-05,9.72758815e-05,0.00019240632074999997,0.0005247122309999999,1.285866805,0.001056843136,0.0009265491020000001,59.57542529999999,50.1385013,8.52619844e-05,6.894082,0.025967219200000002,49.8020496,0.0018016424846000003,0.00016424771316,0.050044484300000004,116.58391939999998,0.0018016424846000003,0.00016424771316,0.0076245432,40.63880676,0.0018016424846000003,0.00016424771316,0.0038770903000000002,40.56803157,0.0018016424846000003,0.00016424771316,0.0069005153900000005,0.00030053017394,0.00032695845700000004,-0.6262924809999999,427.25761389999997,0.30360416859999995,0.00034603424,-0.00209925851,0.00039791671215,0.002721914506
355,1679706600,1.6027878699999998,1.60281545,0.0040536864654,-0.9208286720000001,4.62314109,1.1222789700000002,1.6907766,1.57407305,0.2680253883,2.348924206,3.14818081e-05,7.675931220000002e-06,1.4552651449999999e-05,2.9337029389999996e-05,4.8833785089999994e-05,7.921476238000001e-05,0.00016543888204000002,0.00030687496850000004,0.7985520800000001,0.0015064999899999998,0.0006784751450000001,58.472473500000014,50.2184535,5.30346376e-05,6.848138229999999,0.020907314099999998,30.5742052,0.0012299446024,0.00011185060300000001,0.0405966766,72.08909369999999,0.0012299446024,0.00011185060300000001,0.00712777215,25.441179459999997,0.0012299446024,0.00011185060300000001,0.0031529752900000007,25.205895329999997,0.0012299446024,0.00011185060300000001,0.00650851207,0.00028366313318999996,0.00031124839220000004,0.32551597440000013,417.158319697,0.37572146560999997,-0.0017261711079999999,-0.0027910191400000004,0.00050987653356,0.003735627509
355,1679707200,2.4317987000000008,2.43182632,0.0024104398499999995,-0.2870182553,6.32723068,1.3439880899999999,2.09147629,1.83489351,0.5865255580000001,4.29584328,3.4301053600000004e-05,1.190686093e-05,2.56716863e-05,4.672550220000001e-05,8.34850286e-05,0.0001405883255,0.00026300892360000004,0.0006172948629999999,1.2125495480000001,0.0009193378569999999,0.0012345832940000002,57.0276711,50.1198663,8.029504559999999e-05,7.19503051,0.025802163299999997,55.9822089,0.0032341173709999997,0.00029553232950000003,0.048792169499999996,109.48685810000002,0.0032341173709999997,0.00029553232950000003,0.00820436158,68.69060954000001,0.0032341173709999997,0.00029553232950000003,0.00448385655,69.22374883,0.0032341173709999997,0.00029553232950000003,0.0072685684599999995,0.0004540331360000001,0.00048155903300000003,0.35173077999999997,312.208094,0.462310626,-0.0010971984559999999,-0.00234142441,0.0007677306159999999,0.005062695589999999
355,1679707800,3.5231889200000004,3.52321419,0.003236031047,-0.173273609,7.208620160000001,1.61379366,2.46825036,2.22861804,0.9096146620000001,7.146684949999999,2.96601276e-05,8.55623734e-06,1.78967916e-05,3.75202216e-05,7.42614288e-05,0.000136698458,0.000295129509,0.0007846318330000001,1.75753776,0.00119461116,0.001502701626,58.3448991,50.106313799999995,0.00011644821249999998,7.14415331,0.0309672475,67.92734190000002,0.001755805505,0.0001600040891,0.0586381167,157.39349499999997,0.001755805505,0.0001600040891,0.007841086600000002,44.08738463,0.001755805505,0.0001600040891,0.00446862551,43.7193788,0.001755805505,0.0001600040891,0.007860535430000001,0.0004380329356,0.0004636400399999999,0.5287585005,228.74732639999996,0.40642001,0.0008537607144999999,-0.0016256670234000002,0.000563363467,0.00378579768
355,1679708400,2.70798327,2.7080098,0.004023267562,0.142985494,6.75245606,1.38878892,2.1520032000000002,1.92148365,0.7727254854,5.02049018,3.8490717600000003e-05,1.617573983e-05,2.77813691e-05,5.272196971e-05,9.278221460000001e-05,0.00017451830000000002,0.0003651188134,0.0009369313293,1.3484380699999998,0.00201298198,0.0018612245069999998,59.650390800000004,50.185139400000004,8.921026880000001e-05,7.212542770000001,0.027707069799999994,67.5998208,0.001809807903,0.0001652773133,0.0508283021,122.1426696,0.001809807903,0.0001652773133,0.00786821933,52.96327078,0.001809807903,0.0001652773133,0.004229731049999999,52.07052955,0.001809807903,0.0001652773133,0.008135853250000002,0.0005017448418700001,0.0005279932145,0.3491317023500001,240.06735142000002,0.33635759550000005,0.001063096091,-0.0020881803900000004,0.00055806537307,0.0030939349169
355,1679709000,1.219737407,1.21976525,0.01364914913,2.5119662947999997,5.995758049999999,0.904739236,1.3702918199999998,1.1851861999999997,0.46919792400000004,2.85652959,3.28652366e-05,1.1884764890000001e-05,2.67726471e-05,5.439885959999999e-05,0.00010625665149999999,0.00017662288109999996,0.000378651032,0.0008433901900000001,0.6041525900000001,0.00223204419,0.0018807836200000001,59.0902049,50.4630889,3.9870270399999994e-05,7.58873093,0.019314388499999998,51.7038452,0.0012471768345999998,0.00011373646279999999,0.0328455676,57.617690700000004,0.0012471768345999998,0.00011373646279999999,0.007202706199999999,32.16592219,0.0012471768345999998,0.00011373646279999999,0.0033605354299999996,31.93827751,0.0012471768345999998,0.00011373646279999999,0.0083529338,0.0006090213236,0.0006369457024000001,0.924398577,244.890769,0.451279546,-0.0009808283480000001,-0.00282493225,0.0007101182724999999,0.00411980043
355,1679709600,1.304494758,1.3045226410000001,0.022140066190000005,0.23889922800000002,5.3335253400000004,0.9676308109999999,1.52269648,1.3099899599999998,0.3392644993999999,2.1903739460000002,3.73911754e-05,1.6387152050000002e-05,3.0632763640000004e-05,5.5822062309999996e-05,9.856230459999999e-05,0.00016682155270000002,0.0003195118484,0.0006949116938000001,0.647355503,0.0018968584899999997,0.001602679212,58.9212718,50.410873,4.2822743000000003e-05,7.349461319999999,0.0198744275,51.4193567,0.0022404347880000002,0.00020477910631,0.035011063999999995,61.748750700000016,0.0022404347880000002,0.00020477910631,0.007512136990000001,44.614673450000005,0.0022404347880000002,0.00020477910631,0.0036601506299999997,44.928155217,0.0022404347880000002,0.00020477910631,0.00790159347,0.000528138459,0.000555972705,-0.1846637531,333.6068224,0.3824547434,0.0005307679330000001,-0.00241056386,0.0006554174222,0.004388349828
355,1679710200,1.54065847,1.5406863100000001,0.003693964844,-0.10061101399999998,5.377364200000001,1.0821577900000001,1.59462368,1.45088177,0.3475779501,2.495691572,3.30390396e-05,1.062018006e-05,2.1894027100000003e-05,4.491488225e-05,8.085446760000002e-05,0.00013433067549999998,0.00025211159129999997,0.000543492354,0.766102083,0.00208543062,0.0010478305720000001,58.419314699999994,50.2942294,5.0775339699999996e-05,7.172597540000001,0.021591207999999997,48.79544095,0.0009067809478000002,8.210394617e-05,0.0393597912,72.3637641,0.0009067809478000002,8.210394617e-05,0.006829191849999999,19.70075658,0.0009067809478000002,8.210394617e-05,0.0028950769399999996,19.346462824999996,0.0009067809478000002,8.210394617e-05,0.00734611961,0.0004540941352,0.00048198870449999993,-0.38852048260000005,365.48039600000004,0.43495812999999994,-0.001048660301,-0.00239670842,0.0006486285236,0.00432072156
355,1679710800,1.0418417439999998,1.0418697140000002,0.00225360461,-0.3385364063000001,4.037785819999999,0.890799092,1.3563039,1.2079118699999998,0.23986637090000001,1.693633263,3.10861248e-05,5.122507623e-06,9.8079522843e-06,1.7711276663800004e-05,3.0986552129e-05,5.2902278287999994e-05,9.887032075899999e-05,0.00021927378947999998,0.516812764,0.0031814149399999997,0.00048669961149999994,61.7645027,50.7132328,3.44573161e-05,6.55178353,0.0166502157,22.12013908,0.0016529946622999999,0.00015048558122,0.0319544772,47.1223052,0.0016529946622999999,0.00015048558122,0.007091599280000001,30.751050029999995,0.0016529946622999999,0.00015048558122,0.00280017622,30.791323869999996,0.0016529946622999999,0.00015048558122,0.00606671916,0.00016523793141,0.00019316727459999997,-0.3641441986,357.42111265999995,0.2593927956,-0.00249075826,-0.00327702181,0.00028473135141400004,0.0021675153930999997
355,1679711400,2.29435462,2.29438234,0.001642085757,-0.5980808230000001,6.2061394299999995,1.3284365500000002,2.07013817,1.83354343,0.5031622793999999,4.17288818,3.25717872e-05,7.325511449999998e-06,1.263468924e-05,2.189361425e-05,3.6995337399999996e-05,6.47443338e-05,0.00012248796395,0.0002917532518,1.1436640969999998,0.0023977350400000005,0.0005521345888,57.5968256,50.240003,7.602081289999999e-05,6.729036410000001,0.024533585599999998,38.929936399999995,0.001156239275,0.0001052297262,0.048099904000000006,103.2559956,0.001156239275,0.0001052297262,0.0072589525599999994,29.25508605,0.001156239275,0.0001052297262,0.0033565733799999996,28.753275430000002,0.001156239275,0.0001052297262,0.00624689031,0.00020285085258000003,0.00023038726800000002,-0.8606445513000001,589.3310517309999,0.3618481064,-0.0014477701699999999,-0.00253118809,0.00039517844308,0.0029784074077000003
355,1679712000,4.03218846,4.03221432,0.0021345088231,-0.9280139220000001,6.38258221,1.7467715300000002,2.6945698000000005,2.45677503,0.7593887879,5.5575917100000005,3.76083416e-05,1.458119904e-05,2.240444448e-05,3.6685291864e-05,6.611490530999999e-05,0.0001082192694,0.00022945328690000003,0.0005872005737,2.0123461550000004,0.00171505939,0.0009560095390000001,57.2113437,50.1418284,0.000133577147,6.7652442,0.0325869776,69.9403767,0.0026332822130000003,0.00024010904170000002,0.0632047003,179.043481,0.0026332822130000003,0.00024010904170000002,0.0080842295,57.7279638,0.0026332822130000003,0.00024010904170000002,0.0046008811999999994,57.8875668,0.0026332822130000003,0.00024010904170000002,0.006936926590000001,0.00030229630187,0.00032818064300000005,0.471533805626,263.009973781,0.319099691705,-0.0001229820504000001,-0.0017205474799999998,0.00040842712620000005,0.0026755869942999997
355,1679712600,3.16001118,3.1600386499999997,-0.0009078351489999999,-1.44958052,3.5093196,1.5994743500000002,2.44552469,2.34112145,0.1463453438,2.1799767799999996,3.8275054700000004e-05,1.2277213869999999e-05,1.3104306110000002e-05,1.6029019525e-05,2.2685496320000002e-05,3.032521314e-05,4.773088364e-05,9.78341317e-05,1.5778987199999999,0.00161553693,0.0002403490594,58.1865353,50.1276838,0.00010501762099999999,6.283021349999999,0.028301212599999997,33.809702,0.002929083719,0.00026720564908,0.0579578131,138.64618049999999,0.002929083719,0.00026720564908,0.00788703265,55.897144780000005,0.002929083719,0.00026720564908,0.00412522227,56.10803249999999,0.002929083719,0.00026720564908,0.00539356085,2.462882452e-05,5.23938633e-05,0.01625978226000001,205.941198622,0.09476340254000001,-0.00138118493,-0.00247391906,4.4232843753000003e-05,0.00041140962030000006
355,1679713200,1.0973728249999999,1.09740081,-7.755231539999996e-05,-1.54085432,1.6870640300000002,0.951785744,1.41878082,1.3336907199999999,0.07072822775000001,0.612588441,3.10888781e-05,3.501726374000001e-06,3.58328957e-06,4.217376089999999e-06,5.78270434e-06,7.44521177e-06,1.1522062949999999e-05,2.3475675650000003e-05,0.545835892,0.00268890418,9.879311519999999e-05,64.00000800000001,50.53262170000001,3.64798236e-05,6.290129679999999,0.0166332057,11.5748831,0.0006296638363000001,5.6697298394e-05,0.0339845481,48.201638800000005,0.0006296638363000001,5.6697298394e-05,0.00658336041,15.54186357,0.0006296638363000001,5.6697298394e-05,0.0021951059799999997,14.855290295,0.0006296638363000001,5.6697298394e-05,0.00528825573,2.04006554e-06,2.98810255e-05,0.4345504118,19.369939412,0.014253937623999999,-0.00295064919,-0.0035946062099999994,1.129267784e-06,1.8395569600000002e-05
355,1679713800,1.2735263849999998,1.27355383,0.0007263908527000002,-1.2007959625000002,2.50185137,1.007717908,1.5089336,1.3932425099999999,0.1423160245,1.2132013660000003,2.8675828399999997e-05,2.8762820230000004e-06,6.802832932199999e-06,1.33220901906e-05,2.4985472776e-05,4.3515941321e-05,8.600256700999998e-05,0.00018586438208,0.633595445,0.0024069552099999997,0.0003957028971,63.579460899999994,50.444822599999995,4.2200478300000005e-05,5.93951713,0.0181826741,23.00239725,0.0011288438833999999,0.00010240539978,0.03605712750000001,56.91237199999999,0.0011288438833999999,0.00010240539978,0.00687833543,24.938263690000003,0.0011288438833999999,0.00010240539978,0.0027159305699999995,24.56952,0.0011288438833999999,0.00010240539978,0.00589951734,0.00015082440005999997,0.0001782288308,0.047916810200000014,47.457128622000006,0.105843373073,-0.0024659639850000002,-0.00330611994,0.000199849560224,0.0010771662197
355,1679714400,1.69297167,1.69299876,0.0025842113500000002,0.11867701700000004,5.9470815,1.122870875,1.6929516999999996,1.5141836999999998,0.454019375,3.5191615900000004,3.63724414e-05,1.4480939629999998e-05,2.5565597e-05,4.553436079999999e-05,7.996022990000001e-05,0.00013384546809999998,0.0002620041705,0.000604803801,0.8415329999999999,0.00250832861,0.0012679415320000001,59.66747690000001,50.362616800000005,5.5741297699999994e-05,7.30877713,0.021822124,43.8260633,0.0009598558304000001,8.7206347e-05,0.040374127700000005,75.9088158,0.0009598558304000001,8.7206347e-05,0.00735212543,39.886142,0.0009598558304000001,8.7206347e-05,0.0035029358900000003,38.785583869999996,0.0009598558304000001,8.7206347e-05,0.007255406580000001,0.00042388646100000006,0.00045118836600000005,-0.14675044400000004,402.8498991,0.452543571,-0.0007814644850000002,-0.0021975750399999996,0.000597646616,0.00419169687
355,1679715000,1.9182119100000001,1.91823956,0.0010384483810000002,-0.312908076,6.11227411,1.21181081,1.84843144,1.6282246999999999,0.432039198,3.24381358,3.4244328000000003e-05,1.2124336230000001e-05,2.3757552299999998e-05,4.65221928e-05,7.77475111e-05,0.00013316524150000001,0.00025433947499999996,0.000564968886,0.9550547,0.0018347683,0.001096832526,57.35722969999999,50.23189109999999,6.327716019999999e-05,7.2396435199999996,0.023201708799999998,45.2316734,0.0010513289644,9.559867577e-05,0.0436639461,86.38335359999999,0.0010513289644,9.559867577e-05,0.006959030640000001,22.782459629999998,0.0010513289644,9.559867577e-05,0.0031947176800000004,22.47678337,0.0010513289644,9.559867577e-05,0.007213783979999999,0.00044066772600000003,0.00046807340500000006,0.5387766554500002,386.34438199999994,0.48696096099999997,-0.0009339049685,-0.00229226472,0.0006964572179999999,0.00451785623
355,1679715600,2.36665985,2.36668706,0.000553517798939,-0.9222449420000001,4.511162669999999,1.3680776,2.0980390499999997,1.89185774,0.31843814319999997,2.6757003900000003,3.20074826e-05,7.076338426e-06,1.1667522198800001e-05,1.9687250408500003e-05,3.3267812509999994e-05,5.5730877375e-05,0.00010280148918200001,0.00024767055221,1.18040535,0.00192395308,0.0005177392664,59.232132000000014,50.22657770000001,7.850772010000001e-05,6.273583739999999,0.0244611489,34.7994159,0.002265822753,0.00020648505150000002,0.0489354855,103.32136360000001,0.002265822753,0.00020648505150000002,0.00787519353,47.47486,0.002265822753,0.00020648505150000002,0.00409088439,47.429332900000006,0.002265822753,0.00020648505150000002,0.005944435519999999,0.00015242631523,0.00017986671179999998,0.5970244359000001,296.903089139,0.23882474713999996,-0.0015352203700000002,-0.0025623220800000002,0.00026550950001,0.00195685037215
355,1679716200,2.4673153,2.46734291,5.728716299999998e-05,-1.53844713,2.2781195899999998,1.42460424,2.15050317,2.07013823,0.0381501965,1.0657491540000001,2.99315656e-05,3.1389559800000003e-06,3.0328946980000003e-06,3.8532995350000006e-06,6.293460430000001e-06,8.043473470000002e-06,1.3635398799999999e-05,3.1582632100000004e-05,1.23141306,0.00202074937,0.0001517803304,61.58684029999999,50.215895599999996,8.207932509999999e-05,5.843944219999999,0.0247703216,25.1641449,0.0017228319783,0.00015669877644999998,0.05107098139999999,106.89814840000001,0.0017228319783,0.00015669877644999998,0.007560063530000001,40.1257138,0.0017228319783,0.00015669877644999998,0.0036801548699999997,39.72808219,0.0017228319783,0.00015669877644999998,0.00525653742,3.86217064e-06,3.14173028e-05,-0.004420826800000001,1.8576203699999998,0.006658439166000001,-0.00183853352,-0.0027576471199999997,8.795577599999999e-07,1.541613045e-05
355,1679716800,2.55731711,2.5573446000000004,-0.0004749786277,-1.54155738,2.3368463200000003,1.4502387000000003,2.18076654,2.10231422,0.046705145,1.1070223700000001,3.3527601899999994e-05,6.97875085e-06,7.105720292e-06,8.45663314e-06,1.1755383309999999e-05,1.505163735e-05,2.3626466710000003e-05,4.93549624e-05,1.2763107599999999,0.00205645042,0.000162773545,61.0045973,50.1893108,8.50365215e-05,6.24514591,0.025514808500000003,26.7487668,0.002261681252,0.00020606692705000003,0.0522971722,112.31005349999998,0.002261681252,0.00020606692705000003,0.00767429909,44.9628566,0.002261681252,0.00020606692705000003,0.0037870573000000005,44.966510799999995,0.002261681252,0.00020606692705000003,0.005250303600000001,3.98216292e-06,3.14558154e-05,0.009386070299999999,1.066960285,0.006952517029999999,-0.0017578253400000001,-0.00271460018,9.96934664e-07,1.630337915e-05
355,1679717400,1.7369948500000003,1.7370226300000002,-0.00082748337,-1.5649959599999999,1.9161960399999998,1.19283417,1.7717791000000003,1.67892625,0.0603604986,0.8047548389999999,3.06033571e-05,3.38877493e-06,3.50182554e-06,4.362739599999999e-06,6.63107191e-06,8.87344727e-06,1.49956922e-05,3.28855713e-05,0.8663921699999999,0.0018732356799999999,0.0001541626512,63.162507500000004,50.274033300000006,5.77356653e-05,6.3566886,0.020720403,17.9296304,0.0015884575890000002,0.0001444198215,0.042618065200000006,75.6264239,0.0015884575890000002,0.0001444198215,0.007319087030000002,31.430369849999998,0.0015884575890000002,0.0001444198215,0.0032058946800000002,31.200328430000003,0.0015884575890000002,0.0001444198215,0.0052772209999999995,3.09517016e-06,3.080941020000001e-05,0.014546998199999998,3.6633229700000003,0.008707030469999998,-0.00228056263,-0.00312255234,1.01935307e-06,1.69440359e-05
355,1679718000,1.50377296,1.50380003,-0.00160896619,-1.57937855,1.7931172100000001,1.1176614200000001,1.6298372500000002,1.56597281,0.046772288999999995,0.6999182930000001,3.03487601e-05,3.7823257399999995e-06,3.856158037000001e-06,4.644002914e-06,6.567967459999999e-06,8.329851450000001e-06,1.3685248160000001e-05,2.7743224890000003e-05,0.749541408,0.00215964655,0.00011204740570000002,61.715522299999996,50.3349625,5.0001325500000005e-05,6.0299501300000005,0.0194209342,15.5544226,0.0018373315517999998,0.00016728319865,0.0398598699,65.5075496,0.0018373315517999998,0.00016728319865,0.00728012139,34.1192124,0.0018373315517999998,0.00016728319865,0.0031430043800000002,34.06568255,0.0018373315517999998,0.00016728319865,0.005229797709999999,2.6602420799999997e-06,2.9895808700000002e-05,0.020966383279999994,5.66095361,0.009657402530000001,-0.00247041554,-0.0032268089000000006,9.79916849e-07,1.6667132100000004e-05
355,1679718600,1.2047936799999999,1.2048209799999998,-0.0030217278,-1.5518095200000002,1.73810305,1.00078071,1.46903237,1.40861802,0.049344805,0.6671895419999998,2.97734349e-05,2.9101433149999996e-06,2.98015828e-06,3.6013906319999994e-06,5.08228643e-06,6.69682302e-06,1.089999442e-05,2.2836496350000004e-05,0.599653832,0.00258048601,0.0001041429803,64.3751788,50.4827208,4.0056053700000004e-05,6.27505363,0.0174257725,12.443687,0.0008795657183999998,7.960554461000001e-05,0.0356297106,52.3408873,0.0008795657183999998,7.960554461000001e-05,0.00668922847,19.878582780000002,0.0008795657183999998,7.960554461000001e-05,0.00243099751,19.24208068,0.0008795657183999998,7.960554461000001e-05,0.0052390857899999995,2.57765858e-06,2.9871563300000004e-05,0.5600659764,63.877079652000006,0.01747598794444,-0.0027746182500000003,-0.00341483202,2.898546973e-06,3.7570937249999997e-05
355,1679719200,0.8603761850000001,0.860403575,-0.00228574014,-0.7448509876000001,3.2888877899999995,0.8175198,1.197936575,1.1013711149999998,0.17993236270000001,1.52125933,2.9446695300000005e-05,3.2466192780000002e-06,6.129310944499999e-06,1.0889161964e-05,1.8569417214e-05,3.1759661788e-05,5.6540806527e-05,0.00012424197912,0.4267823440000001,0.00285386256,0.0002981592205,63.9674027,50.807153500000005,2.84736883e-05,6.35630522,0.014779102199999996,14.73129647,0.0005708247545,5.1445994100000004e-05,0.0291129942,38.0778489,0.0005708247545,5.1445994100000004e-05,0.006524014860000001,14.971349499999999,0.0005708247545,5.1445994100000004e-05,0.0021379109499999995,14.28330666,0.0005708247545,5.1445994100000004e-05,0.00566480931,0.00010010614830000001,0.00012734374509999999,0.38593069936,290.800751111,0.19871043979499997,-0.00264787973,-0.00334680963,0.00021253226620199998,0.00173932175525
355,1679719800,0.869561566,0.869588937,0.0002123428899999997,1.0210573000000003,3.7865656299999997,0.761809489,1.241925414,1.086070664,0.28180171149999994,1.8546421010000003,2.94229989e-05,5.365819132000001e-06,1.2391527909999996e-05,2.6585406018000003e-05,5.0428156906000006e-05,8.590177264000001e-05,0.00017255791140999998,0.00040843663721,0.431193171,0.0019647748,0.0008580251724,63.341005599999995,50.691949,2.85821478e-05,6.8672210399999996,0.015301380399999998,30.825146290000003,0.000595211264,5.399485773000001e-05,0.0279320741,40.2499488,0.000595211264,5.399485773000001e-05,0.0064920219000000005,12.38363856,0.000595211264,5.399485773000001e-05,0.00231723746,11.97232069,0.000595211264,5.399485773000001e-05,0.00672905592,0.00029152539416,0.00031882425529999994,0.16526607713000002,119.11806161499999,0.25379966671000004,-0.00208630427,-0.00326125074,0.000409437946498,0.00250151462265
355,1679720400,0.899333363,0.899360534,-0.004520368724,1.515497431,4.73459459,0.780527779,1.19898661,1.0615074200000003,0.328878656,2.1436074320000005,2.9045554200000003e-05,6.08273922e-06,1.4333914097000002e-05,3.0266898547e-05,6.037689287e-05,0.00010256857181,0.00020107466498000003,0.0005016777846000001,0.444154202,0.00352326154,0.0010702672725,62.2858644,51.0003864,2.94997981e-05,7.247261740000001,0.01588744285,34.62731166,0.0002497262004,2.224072709e-05,0.0281436368,40.89971960000001,0.0002497262004,2.224072709e-05,0.00619591016,7.57227938,0.0002497262004,2.224072709e-05,0.0020464329099999993,6.883767663,0.0002497262004,2.224072709e-05,0.007048335960000001,0.00037153974224000003,0.0003986939892,0.0011274750999999395,281.35896682000003,0.3249703369,-0.001521749323,-0.00296956143,0.00048735669567,0.00327790570765
355,1679721000,1.278444704,1.2784717999999997,0.000558285957,0.7194878397,5.42829062,0.9620111430000001,1.4434565899999998,1.26866376,0.41566952529999995,2.9015646850000008,2.9936842600000002e-05,6.967649920000001e-06,1.646765368e-05,3.29422389e-05,6.1236608e-05,0.0001045890291,0.0002026194246,0.0004804919913,0.634866759,0.0025007823600000003,0.0009439309810000001,60.77999440000001,50.453282200000004,4.204578590000001e-05,7.1895638,0.0189200537,38.444497000000005,0.0007198717359000001,6.564663204e-05,0.0347162937,58.558962599999994,0.0007198717359000001,6.564663204e-05,0.006652956529999999,17.0477578,0.0007198717359000001,6.564663204e-05,0.002677104,16.628964449999998,0.0007198717359000001,6.564663204e-05,0.00682067425,0.0003497380272,0.00037678234129999997,-0.22468599139999998,340.545789,0.33769233499999995,-0.0012580409360000001,-0.00250779765,0.00047831694969999996,0.002986078105
355,1679721600,1.106702431,1.106729674,-0.001615866871,1.1708087600000001,5.04052894,0.8925832100000001,1.34261596,1.2195372199999999,0.3733072209,2.791986684,3.0061516999999997e-05,5.910552382e-06,1.2968097337400002e-05,2.51551632956e-05,4.6147816598e-05,7.676629116899999e-05,0.00015083639676400002,0.00034374843263,0.549749136,0.00220891602,0.0007281058200000001,59.791938300000005,50.48371389999999,3.6483619e-05,6.96821451,0.017064133200000005,27.716406740000004,0.0007052811615000001,6.36366398e-05,0.0323024332,50.5631251,0.0007052811615000001,6.36366398e-05,0.006641992199999999,14.90564598,0.0007052811615000001,6.36366398e-05,0.0025066394000000003,14.472365150000002,0.0007052811615000001,6.36366398e-05,0.0064702126599999995,0.00027097649669,0.0002982827966,-0.08714798609999996,429.155412463,0.36672801532800003,-0.00201030566,-0.0031182706999999996,0.000464477047306,0.0034150470002
355,1679722200,0.743877009,0.743904187,-0.004080942299999999,-0.9138291900000001,2.0846136200000003,0.769787574,1.1217717239999998,1.03525662,0.10558061570000002,0.8224549939999999,2.9491503200000005e-05,3.6883042e-06,5.6932284e-06,9.866894697000001e-06,1.6732152518e-05,2.6346247495999994e-05,4.8828719076000005e-05,0.00010722398163000001,0.36877983000000003,0.0027105499099999994,0.0002269845243,63.27951509999999,50.7883319,2.4648673299999998e-05,6.43090772,0.014018357550000003,12.011385540000001,0.000729736525,6.61743818e-05,0.027595162500000003,33.458306,0.000729736525,6.61743818e-05,0.00660822365,15.28004765,0.000729736525,6.61743818e-05,0.00216836613,14.780592799999999,0.000729736525,6.61743818e-05,0.0055563613300000005,7.352109335000001e-05,0.0001007672657,-0.35318336429999997,96.12718087300001,0.082895238649,-0.0030151002199999997,-0.0036298971199999995,0.000139549717174,0.000769715536
355,1679722800,0.76758663,0.7676138349999999,-0.004465665529999999,-1.5965945299999997,1.35232879,0.802392302,1.14404743,1.09979609,0.029835984000000003,0.39646604500000004,2.77313918e-05,7.35984671e-07,7.135234556000001e-07,9.562360734999999e-07,1.710163413e-06,2.329647851e-06,4.2525461060000005e-06,9.92215403e-06,0.38166337499999997,0.0020221009700000002,8.639844570000001e-05,66.7389326,50.60086510000001,2.55252782e-05,6.01157237,0.013830029549999998,7.81832696,0.00046803799310000005,4.187352851999999e-05,0.028363386400000003,33.0711006,0.00046803799310000005,4.187352851999999e-05,0.00641525943,12.14434856,0.00046803799310000005,4.187352851999999e-05,0.00199401214,11.37961445,0.00046803799310000005,4.187352851999999e-05,0.00521481543,1.4415663800000001e-06,2.8596050100000004e-05,0.20714616314999995,12.982097634000002,0.00804865049,-0.0031927681899999996,-0.00373057977,9.834731940000002e-07,1.6955079899999997e-05
355,1679723400,1.393411429,1.39343832,-0.001943562891,-0.3695106150000001,4.52121287,1.0125315929999998,1.55172238,1.38292971,0.36089667280000004,2.8426011090000003,2.9961383300000003e-05,5.248477741e-06,1.04460542802e-05,1.84463229638e-05,3.167156752399999e-05,5.4429659890000014e-05,9.7895421127e-05,0.0002184257586,0.6942485740000001,0.0015596867099999998,0.00045717055200000003,60.1217766,50.3044345,4.6115440999999994e-05,6.517314669999999,0.018499008499999997,22.710828300000003,0.0010900802642,9.901202936000002e-05,0.0365183425,62.13052700000001,0.0010900802642,9.901202936000002e-05,0.0068352246,22.540742029999997,0.0010900802642,9.901202936000002e-05,0.00274180765,22.248134956,0.0010900802642,9.901202936000002e-05,0.00590454713,0.00016265401094,0.0001896417305,-0.6742420042999999,415.02754823699996,0.29250457271700003,-0.0021534606640000002,-0.00301620549,0.00032640179213500004,0.002715987972
355,1679724000,2.57958531,2.5796116700000002,-0.001986642775,-0.8336628170000001,4.8875616399999995,1.41052899,2.12736495,1.9987735199999999,0.49721685020000006,4.35073893,3.199563370000001e-05,6.943343679999999e-06,9.877805241999999e-06,1.531925488e-05,2.497840214e-05,4.3283261270000005e-05,8.388318851e-05,0.00020721742345000002,1.28763873,0.00126822425,0.00048800873599999983,58.491955600000004,50.1132029,8.55681616e-05,6.400345759999999,0.0256441814,35.7956339,0.002290778718,0.00020876653529999998,0.051335916999999995,116.18915650000001,0.002290778718,0.00020876653529999998,0.007757667239999999,44.22870399999999,0.002290778718,0.00020876653529999998,0.00390638965,44.3604693,0.002290778718,0.00020876653529999998,0.005752274030000001,0.00010095748729000002,0.00012736191520000003,-0.2009537619,362.41928998800006,0.22615046440999995,-0.00136861808,-0.00241989081,0.00020887403625600003,0.0016401026803000002
355,1679724600,1.8521917,1.8522189699999998,-0.00638294278,-1.4862381599999999,2.3270210600000003,1.2150663,1.8546941200000002,1.7579036399999999,0.07440867279999999,1.080045249,3.12455489e-05,4.734911126e-06,4.871885987e-06,5.850723476e-06,8.351794389999999e-06,1.1183777670000002e-05,1.8097547369999996e-05,3.8530851900000005e-05,0.92471298,0.0011277328,0.00015889304899999998,60.5880313,50.1629446,6.15795958e-05,6.1678973599999996,0.0213658953,19.39364655,0.0018271247029999996,0.0001663049345,0.0438074358,81.01362270000001,0.0018271247029999996,0.0001663049345,0.007361790060000001,34.1081802,0.0018271247029999996,0.0001663049345,0.0033189507199999995,34.085249499999996,0.0018271247029999996,0.0001663049345,0.00523891586,4.1186270499999995e-06,3.12992962e-05,-1.7703013478999998,161.12026196300002,0.024896462225999998,-0.00227024387,-0.0030751737699999996,4.817126626000001e-06,5.88489797e-05
355,1679725200,1.360515551,1.360542543,-0.05998714005,-1.3315721369999998,2.43352431,1.033983703,1.52172148,1.4056928999999998,0.1364294583,1.2842065489999999,3.24632072e-05,6.2596407910000004e-06,7.1798590584e-06,9.640414738e-06,1.3492868783000003e-05,1.9065727559e-05,3.6165652623000004e-05,7.803979684e-05,0.677507808,0.00138044967,0.001194250439,62.71245170000001,50.3542578,4.51602664e-05,6.43615813,0.0181929701,16.211589,0.0012637661099,0.00011478078782,0.0370674073,59.312094200000004,0.0012637661099,0.00011478078782,0.0068591613,27.50891371,0.0012637661099,0.00011478078782,0.00264638079,27.06350923,0.0012637661099,0.00011478078782,0.00536310852,2.94440729e-05,5.6579343199999996e-05,-0.7367255174999998,201.222186527,0.078806915833,-0.0026189307700000006,-0.0033163492900000003,6.4396682661e-05,0.0004973626873
355,1679725800,1.7822421299999998,1.7822690600000002,-0.06656834589999999,0.5064879140000002,5.8760543599999995,1.12963602,1.64390019,1.48647038,0.5660590520000001,4.441000799999999,2.99904986e-05,6.713396809999999e-06,1.4815305089999999e-05,2.82655944e-05,5.6218728399999994e-05,9.905223240000001e-05,0.0002051024921,0.0005250345180000001,0.8861126730000001,0.00140897137,0.00266100664,60.88219,50.2940067,5.874153779999999e-05,7.307870519999999,0.021906014,41.2848141,0.0012289392008,0.00011200511329999998,0.0413531399,81.74093910000002,0.0012289392008,0.00011200511329999998,0.00718451911,30.860222400000005,0.0012289392008,0.00011200511329999998,0.0032444313400000003,30.3991066,0.0012289392008,0.00011200511329999998,0.00684015872,0.00032272094319999996,0.0003495306953,-0.9483917810000001,389.6010534,0.38665858599999997,-0.0011723480299999998,-0.00242928372,0.0005004875195000001,0.0034097714550000006
355,1679726400,0.554628522,0.554655869,-0.1360990975,-0.8664426300000001,2.03154956,0.638352846,1.020256159,0.9526415730000002,0.06550148961,0.759613363,2.78573489e-05,9.378285359999999e-07,1.8469766850000003e-06,3.252271057e-06,6.303448677999999e-06,1.0090495780000004e-05,1.95447611e-05,4.596946514e-05,0.27303090399999996,0.00168325413,0.0025109801599999997,71.3253789,51.2521609,1.83913473e-05,6.64694949,0.011755699,9.465766949999999,0.0006173438887,5.5610268380000004e-05,0.0237626042,24.5874566,0.0006173438887,5.5610268380000004e-05,0.006508140440000002,12.613446210000001,0.0006173438887,5.5610268380000004e-05,0.0019575240100000004,12.024157830000002,0.0006173438887,5.5610268380000004e-05,0.00538993358,3.3125860922e-05,6.0444582499999996e-05,0.2927263137,150.49096591100002,0.07647976778699998,-0.00335758412,-0.0038772902900000004,7.6536037107e-05,0.00067101692015
355,1679727000,0.48299458800000006,0.48302175300000005,-0.1218611439,-1.2380059300000001,1.17472336,0.6030999570000001,1.0082182780000002,0.9122903460000001,0.029810371460000002,0.243893757,2.7707104300000004e-05,7.000546919999999e-07,7.349253384e-07,9.460257199999998e-07,1.496549996e-06,2.0862808319999998e-06,3.5763373850000004e-06,8.111677960000001e-06,0.23756439899999998,0.0013625624,0.0025521111599999995,72.1392423,51.2304347,1.60482516e-05,6.32606948,0.0109218466,5.2012425,0.0003641898583,3.245262835e-05,0.0224540251,20.906698,0.0003641898583,3.245262835e-05,0.00627897736,9.37097539,0.0003641898583,3.245262835e-05,0.0016885101599999996,8.57270025,0.0003641898583,3.245262835e-05,0.00521570596,9.6741141e-07,2.8146178e-05,-0.017535397699999997,14.005655754,0.004431642280999999,-0.0035822791200000002,-0.00403774147,8.760376769999999e-07,1.5030387699999998e-05
355,1679727600,0.5162684133333333,0.5162958555555556,-0.11779250955555555,-1.255598511111111,1.159743711111111,0.6218666277777778,1.0289064244444444,0.9532790811111111,0.024717254000000004,0.24867354777777775,2.7812543333333333e-05,5.200469455555555e-07,4.7314736466666675e-07,6.076438516666668e-07,1.030235148888889e-06,1.2921778488888889e-06,2.1929973100000006e-06,5.3394902555555556e-06,0.2538302011111111,0.0017671358333333333,0.0025250111777777775,73.0393501111111,51.350520777777774,1.7170399555555552e-05,6.0031992999999995,0.011122485166666668,5.425277722222223,0.0002926118821111111,2.5821302522222224e-05,0.023071783,22.05716411111111,0.0002926118821111111,2.5821302522222224e-05,0.006197399388888889,7.743210422222223,0.0002926118821111111,2.5821302522222224e-05,0.0016148769166666667,6.977079326666666,0.0002926118821111111,2.5821302522222224e-05,0.005238284111111112,9.6325983e-07,2.8400871555555552e-05,0.05967557,1.4655789477777779,2.719270000000328e-07,-0.0035474332444444443,-0.0040348697,8.924186188888889e-07,1.3853210777777777e-05
355,1679728200,0.9344189030000001,0.9344465999999999,-0.051595605200000005,-1.32826308,1.58517343,0.838536762,1.3914799599999998,1.2979521049999998,0.029202718800000006,0.441390892,2.9475049299999997e-05,2.122503255e-06,2.1370883044999995e-06,2.557575152e-06,3.64324336e-06,4.677774554e-06,7.5158505440000005e-06,1.553314905e-05,0.46281055700000007,0.0015267408899999999,0.0028317504099999997,68.17527620000001,50.790744200000006,3.106790859999999e-05,6.063453780000001,0.015036290550000001,9.868578320000001,0.000946774924,8.568810009999998e-05,0.0310250433,40.523972699999995,0.000946774924,8.568810009999998e-05,0.0069428588999999995,19.4712937,0.000946774924,8.568810009999998e-05,0.00253740441,18.9924526,0.000946774924,8.568810009999998e-05,0.00526015679,1.68454726e-06,2.9296219599999994e-05,0.0336510993,11.245318853,0.008026789944000001,-0.0030906262899999997,-0.00372420512,1.12361668e-06,1.77215227e-05
355,1679728800,1.29512799,1.2951555799999999,-0.026510913199999996,-1.38006487,1.7615787900000002,1.0056038059999999,1.6477253099999998,1.55288489,0.0259995945,0.561093728,2.8544787399999996e-05,1.3214190170000002e-06,1.1500767033e-06,1.3436383250000002e-06,2.23949477e-06,2.3369230539999996e-06,3.5758304820000004e-06,8.90693833e-06,0.643231411,0.00141425358,0.0028962291800000003,68.44074649999999,50.51628999999999,4.31162552e-05,5.37835726,0.017980781399999996,13.677676600000002,0.0007868090368,7.103932133e-05,0.037114257,56.557707900000004,0.0007868090368,7.103932133e-05,0.006806727760000001,18.83968195,0.0007868090368,7.103932133e-05,0.00252760899,18.11701626,0.0007868090368,7.103932133e-05,0.00526609969,2.04132328e-06,2.9737222300000006e-05,0.012323593899999999,2.7934919149999997,0.003917313258999999,-0.0027608572499999997,-0.0035272134099999996,8.717816160000001e-07,1.50341933e-05
355,1679729400,1.1180192640000002,1.118047065,-0.02307465329,-1.34799675,1.71106474,0.9293073980000001,1.5417470899999999,1.43820642,0.0390997342,0.511677294,2.96497516e-05,2.19128667e-06,2.1914082729999997e-06,2.651806536e-06,3.87500344e-06,4.874057360000001e-06,7.912072780000002e-06,1.6806560129999998e-05,0.55407663,0.0019432478999999998,0.0029469883699999996,67.58560680000001,50.6983361,3.71613902e-05,6.20676352,0.016706876599999997,11.94394605,0.0010623839789999999,9.6266829e-05,0.03439292249999999,48.932079,0.0010623839789999999,9.6266829e-05,0.007001478430000001,21.868411700000003,0.0010623839789999999,9.6266829e-05,0.0026530165400000002,21.4084864,0.0010623839789999999,9.6266829e-05,0.00526238957,1.7663545099999999e-06,2.94300048e-05,0.008282858099999998,5.282270215,0.005290281846,-0.0029425217500000005,-0.0036572619899999997,8.598321609999999e-07,1.5691954000000002e-05
355,1679730000,1.185947168,1.1859746369999997,-0.02306283395,-1.3600477800000002,1.7282777500000002,0.957749396,1.58746098,1.48508284,0.031060912600000008,0.5267192780000001,3.1144242600000004e-05,4.115499619e-06,4.187355397699999e-06,4.8195906565999996e-06,6.377886474000001e-06,7.916106870999999e-06,1.1692993253000002e-05,2.3073754489999998e-05,0.588386711,0.00162748914,0.00289307615,64.71212519999999,50.60420980000001,3.9437393799999997e-05,5.97423628,0.0171501503,12.5051383,0.0009068720419999999,8.206655757e-05,0.035400616600000004,51.694066799999995,0.0009068720419999999,8.206655757e-05,0.00688609224,20.110214229999997,0.0009068720419999999,8.206655757e-05,0.00257999587,19.523987339999998,0.0009068720419999999,8.206655757e-05,0.00525217257,1.9367728e-06,2.9480509199999998e-05,0.030835392195,6.163638433999999,0.008162361157599999,-0.0028270540999999995,-0.0035827820100000005,1.10563606e-06,1.648347555e-05
355,1679730600,0.96167935,0.961707072,-0.008174510829999999,-1.3667257,1.56683536,0.8656821640000001,1.4377938599999998,1.3541288599999999,0.0217169474,0.43276031000000004,2.90367119e-05,1.610556625e-06,1.6074625950000002e-06,2.0084359927e-06,3.057502376e-06,3.9563429890000005e-06,6.645757909999998e-06,1.4857554760000001e-05,0.47660836500000003,0.0013381243699999998,0.0028578488699999996,67.97644140000001,50.6687373,3.19726472e-05,6.10081892,0.0155011494,10.1869958,0.0009173136320000001,8.299702187e-05,0.0319187671,41.8550491,0.0009173136320000001,8.299702187e-05,0.00688853408,19.47832514,0.0009173136320000001,8.299702187e-05,0.002495733,18.9731742,0.0009173136320000001,8.299702187e-05,0.0052554058200000005,1.5750006199999999e-06,2.91670302e-05,0.01456157823,7.222224638,0.004573743903000001,-0.0030915234300000006,-0.0037275924,9.428634150000001e-07,1.6101884249999998e-05
355,1679731200,1.014297794,1.014325299,-0.015440749750000001,-1.36878013,1.5727605199999999,0.888962669,1.4734949899999998,1.38919243,0.013488692399999998,0.433644828,2.92967645e-05,2.1350291649999997e-06,2.102882087e-06,2.48622122e-06,3.5491787699999997e-06,4.34610484e-06,6.761160410000002e-06,1.425654911e-05,0.5027537900000001,0.00153084111,0.0028267233100000002,68.11733259999998,50.6573646,3.37293568e-05,6.20982789,0.016015503300000004,10.863426,0.000831798936,7.517351099e-05,0.0328986671,44.44371460000001,0.000831798936,7.517351099e-05,0.006787191819999999,18.49050901,0.000831798936,7.517351099e-05,0.00241912563,17.831995415999998,0.000831798936,7.517351099e-05,0.00523922073,1.5501851300000003e-06,2.8985922800000003e-05,0.05617735198999999,3.748235642,0.003091553377,-0.0030356058899999997,-0.00371399538,8.25142361e-07,1.47310712e-05
355,1679731800,1.031916387,1.0319438879999998,-0.024095552109999998,-1.34226175,1.6814013199999998,0.8949380939999999,1.48515781,1.38146718,0.043592224400000004,0.49731658300000003,2.88485981e-05,1.668959347e-06,1.6160428613999999e-06,1.9227909436999998e-06,2.8408004900000003e-06,3.4327487160000003e-06,5.3881466889999996e-06,1.182441302e-05,0.5112093200000001,0.0018372294500000005,0.00288105337,68.4827483,50.7165288,3.43234904e-05,5.745925659999999,0.016098273099999998,11.004059099999997,0.001154894288,0.00010475904400000002,0.0330930191,45.0762583,0.001154894288,0.00010475904400000002,0.0070332436800000005,22.8246853,0.001154894288,0.00010475904400000002,0.00267278915,22.4949923,0.001154894288,0.00010475904400000002,0.0052513071,1.68533255e-06,2.9223548900000005e-05,0.08170141171999999,8.944702825,0.006779342474,-0.0030129177999999998,-0.00369789976,9.53683153e-07,1.5860796500000003e-05
355,1679732400,0.9149615910000002,0.9149893119999998,-0.054108544300000005,-1.34848338,1.4781076400000002,0.837337406,1.374754456,1.29217695,0.013435681460000001,0.398059174,3.0213525899999997e-05,2.776587622e-06,2.8467616368000003e-06,3.3126197391999997e-06,4.466781565e-06,5.5778195109999995e-06,8.509203124e-06,1.713271913e-05,0.45312748099999994,0.0014430849,0.00286282618,66.9214423,50.7525194,3.04128633e-05,6.068048729999999,0.0150094607,9.701008049999999,0.0006579998444999999,5.92311741e-05,0.030939048099999998,39.795493500000006,0.0006579998444999999,5.92311741e-05,0.006623139330000001,14.60712815,0.0006579998444999999,5.92311741e-05,0.0022044768399999996,13.956015240000003,0.0006579998444999999,5.92311741e-05,0.0052630796399999995,1.4732720100000003e-06,2.9142460100000003e-05,0.05418789244000001,7.467296306,0.0046946129400000005,-0.00314842866,-0.00381396242,8.94075424e-07,1.5086401149999999e-05
355,1679733000,0.5030131649999999,0.50304104,-0.12306757450000001,-1.3424229000000003,1.07673284,0.6232361319999999,0.990180234,0.933290975,0.007369328270000001,0.214821522,2.8508132199999996e-05,7.70168919e-07,7.714530214999998e-07,9.84589951e-07,1.5392614190000002e-06,2.036851767e-06,3.254462584e-06,7.36727074e-06,0.248193609,0.0006630093570000001,0.0026323303,71.121117,50.9417632,1.6723553900000003e-05,6.18915292,0.011172662449999999,5.3816786400000005,0.00030486117370000004,2.693957503e-05,0.0230094214,21.7275342,0.00030486117370000004,2.693957503e-05,0.00631705251,8.22410055,0.00030486117370000004,2.693957503e-05,0.00168504191,7.41540262,0.00030486117370000004,2.693957503e-05,0.0052847022000000006,1.3913168300000002e-06,2.9273658699999997e-05,0.026595405199999998,10.690390663,0.006553556824999999,-0.0033713469199999997,-0.0038574235800000003,1.0442488680000001e-06,1.65661907e-05
355,1679733600,0.6429787619999999,0.6430064289999999,-0.0943771274,-1.3505987799999999,1.26198852,0.7003100190000001,1.1336971400000002,1.0580572929999998,0.01539768755,0.295100709,2.8671591199999997e-05,1.1596772899999999e-06,1.1731531029999999e-06,1.4515334179999999e-06,2.23815072e-06,2.9495378890000004e-06,4.859503936e-06,1.056073453e-05,0.31794573000000004,0.000826594062,0.0026912541799999994,69.711909,50.81705650000001,2.13712542e-05,6.296695779999999,0.012740315450000001,7.069557519999999,0.000638857684,5.749426440000001e-05,0.026001857300000004,28.311168200000004,0.000638857684,5.749426440000001e-05,0.0065656717,12.77381035,0.000638857684,5.749426440000001e-05,0.0019994264,12.17582201,0.000638857684,5.749426440000001e-05,0.005273094420000001,1.5266488500000003e-06,2.9277815999999996e-05,0.0581195009117,8.515429422,0.006935857187000001,-0.0032390981900000003,-0.00377910659,9.80532507e-07,1.5113330049999998e-05
355,1679734200,0.691342637,0.691370422,-0.098528845,-1.35256604,1.30140223,0.7319102570000001,1.1752108499999998,1.1040337,0.01156760963,0.308837819,2.8775263499999996e-05,1.161537783e-06,1.1292884634000002e-06,1.3433555399999998e-06,1.9976084199999998e-06,2.39972711e-06,3.66744744e-06,7.613235329999999e-06,0.341986511,0.001163644681,0.00250079226,71.64949720000001,50.8171202,2.3001666e-05,5.908025069999999,0.013035794250000001,7.30147668,0.0006276030816,5.6453161000000004e-05,0.0270000886,29.919963899999992,0.0006276030816,5.6453161000000004e-05,0.0066107232799999995,13.50215185,0.0006276030816,5.6453161000000004e-05,0.00208578341,12.852512480000001,0.0006276030816,5.6453161000000004e-05,0.00528130214,1.49051176e-06,2.9332128299999998e-05,0.09316909950999999,13.147294104999997,0.007717143821,-0.0032490964000000005,-0.00380684923,1.01413797e-06,1.6361511200000002e-05
355,1679734800,0.739327167,0.739354974,-0.09701050149999998,-1.3524627599999999,1.34745364,0.755798635,1.20783684,1.1339596100000002,0.025846306009999997,0.347401073,3.05157712e-05,3.003129234e-06,3.124574976e-06,3.5634477079999995e-06,4.6661836479999994e-06,5.883406979e-06,8.557331573e-06,1.6349884260000003e-05,0.366026668,0.00109743784,0.0024904816299999998,66.17490719999999,50.737670800000004,2.4571662799999996e-05,6.2061271,0.013568244000000002,7.96193329,0.0005168388602,4.63558969e-05,0.0279791925,32.3767406,0.0005168388602,4.63558969e-05,0.00643307189,11.85323954,0.0005168388602,4.63558969e-05,0.0019181252899999998,11.17475625,0.0005168388602,4.63558969e-05,0.0052716697,1.71785221e-06,2.95073562e-05,0.07883650739999999,0.33897917099999997,0.0003268735066,-0.00304733323,-0.0036136463400000007,8.876249790000001e-07,1.4401047750000002e-05
355,1679735400,0.352097043,0.352125281,-0.19174895539999998,-0.8737031,1.557310056,0.515508597,0.769748492,0.705171529,0.057648539,0.489022299,2.91834336e-05,1.08959552e-06,1.2099924900000001e-06,2.01260328e-06,2.7797586699999994e-06,5.711197580000001e-06,7.536638170999999e-05,7.312167754e-05,0.172663453,0.0009363653829999999,0.00228616425,69.0922713,51.3326206,1.1658391e-05,6.84589877,0.01104544965,7.0697075499999995,0.00022055129879999997,1.921918325e-05,0.018837674199999998,15.25754145,0.00022055129879999997,1.921918325e-05,0.0060663283999999994,5.6303601500000005,0.00022055129879999997,1.921918325e-05,0.001352305567,4.826116494000001,0.00022055129879999997,1.921918325e-05,0.00603239233,2.1625557700000002e-05,4.97722279e-05,-0.1267696744,22.929348046999998,0.029295331153999994,0.00018819627000000034,-0.00127433482,1.4072900130000002e-05,0.00014352817585
355,1679736000,0.395699228,0.395727422,-0.21167073999999997,-1.3019814099999998,0.96865457,0.552166076,0.833950465,0.775411183,0.023944972099999996,0.202611768,2.85987997e-05,5.23176119e-07,5.041975538e-07,6.590370859999999e-07,1.0642760090000002e-06,1.3723884949999999e-06,2.211444423e-06,4.98880301e-06,0.194307649,0.001187503647,0.0023414503900000003,74.4962298,51.357589100000006,1.3155135e-05,6.121776240000001,0.00984087785,4.2909889,0.00039490083829999995,3.517345894e-05,0.0203479172,17.1024469,0.00039490083829999995,3.517345894e-05,0.00630225925,8.3584236,0.00039490083829999995,3.517345894e-05,0.00158139667,7.68231594,0.00039490083829999995,3.517345894e-05,0.00531393018,1.23540302e-06,2.9440834399999994e-05,0.06579306696699999,4.62266668,0.00508926957,-0.00350191363,-0.00394869618,8.023033800000001e-07,1.454271485e-05
355,1679736600,0.711455972,0.711484105,-0.14016013349999998,-1.3685311,1.3942550499999997,0.737564046,1.1274719149999999,1.0420443250000002,0.04771016819999999,0.42105377199999994,2.9081694600000003e-05,1.1414931600000002e-06,1.113371387e-06,1.3539784916000001e-06,2.004130179e-06,2.522634918e-06,8.055423596999999e-06,8.556024490000001e-06,0.35173426800000007,0.0017295794699999998,0.0022382912900000005,70.520633,51.0474962,2.366010645e-05,5.79259462,0.0129849414,7.66860624,0.000508050607,4.5496407219999996e-05,0.0268330622,30.806996700000003,0.000508050607,4.5496407219999996e-05,0.0064926259500000015,11.64957034,0.000508050607,4.5496407219999996e-05,0.0019357355100000002,10.918554239999999,0.000508050607,4.5496407219999996e-05,0.00532356649,2.5822852599999997e-06,3.0795774200000006e-05,-0.3351716703,77.396101913,0.01737878768,-0.00300555537,-0.0035592830800000004,2.0817580139999997e-06,2.7839875299999997e-05
355,1679737200,0.638966538,0.6389948130000002,-0.145328658,-1.40179888,1.2468755900000001,0.700139717,1.055919746,0.98564258,0.03710518789,0.32468477,2.9216828399999998e-05,1.133616502e-06,1.118907839e-06,1.355130757e-06,2.0093638689999995e-06,2.5852808240000004e-06,5.907843560000001e-06,8.57093791e-06,0.315847607,0.00129900485,0.0023124897299999997,70.7266753,50.9940524,2.1246887849999998e-05,6.2062248,0.012405789749999998,6.89959619,0.0005118124070999999,4.585516362e-05,0.025562373399999998,27.843952899999998,0.0005118124070999999,4.585516362e-05,0.00639377934,10.38285608,0.0005118124070999999,4.585516362e-05,0.0017860479199999998,9.73906541,0.0005118124070999999,4.585516362e-05,0.005325223360000001,1.90564269e-06,3.01949674e-05,0.0985608892,17.449310629,0.008598924203000001,-0.0031348672500000003,-0.00366542172,1.142767445e-06,1.8707399749999997e-05
355,1679737800,0.762261949,0.762290286,-0.0958569609,-1.3502095000000003,1.4303311500000002,0.764223212,1.21042445,1.1267218949999998,0.0427188397,0.389085633,2.9274153700000004e-05,1.2040410350000001e-06,1.1983532579999999e-06,1.5552458369999999e-06,2.423958156e-06,3.223724426e-06,5.42067657e-06,1.1888100020000002e-05,0.377197513,0.001154947525,0.00275003739,70.96262240000001,50.8236663,2.53371816e-05,6.468433999999999,0.013609294099999999,8.119155700000002,0.0005643962972000001,5.068899291e-05,0.028060848,33.098395499999995,0.0005643962972000001,5.068899291e-05,0.00655192159,12.920558080000001,0.0005643962972000001,5.068899291e-05,0.00201841155,12.25245977,0.0005643962972000001,5.068899291e-05,0.00531614142,1.82813023e-06,3.00164124e-05,-0.1510973144,16.569581574,0.009454856369999999,-0.00313596602,-0.00370956901,1.109038854e-06,1.788503665e-05
355,1679738400,0.7933872529999999,0.793415329,-0.0998194998,-1.37622612,1.3708168699999999,0.7851486409999999,1.226062407,1.151885167,0.033480555,0.37834942099999996,3.05087138e-05,2.6957020170000003e-06,2.8047674430000004e-06,3.3056926719999996e-06,4.497991188e-06,5.69112852e-06,8.658442747e-06,1.735503485e-05,0.392538711,0.00126717131,0.00283982266,68.0722664,50.83938020000001,2.63664539e-05,6.34414907,0.014082344549999997,8.431223,0.0006517761856999999,5.8658896599999994e-05,0.0287355272,34.43808610000001,0.0006517761856999999,5.8658896599999994e-05,0.00659256266,14.11256723,0.0006517761856999999,5.8658896599999994e-05,0.0020842614999999997,13.47284084,0.0006517761856999999,5.8658896599999994e-05,0.00530688129,1.90076528e-06,3.0010461600000003e-05,0.09062920433,9.528529191999999,0.008072563676,-0.0030626751300000003,-0.003616085919999999,1.1323695949999999e-06,1.7908750750000004e-05
355,1679739000,0.646264795,0.646292934,-0.12435400799999999,-1.32559005,1.26213853,0.7028458599999999,1.12135921,1.046806965,0.02565284724,0.30790262700000004,2.8884763400000004e-05,9.473971920000001e-07,9.59701488e-07,1.2533530956e-06,2.065192205e-06,2.7723740979999998e-06,4.743430528e-06,1.061176822e-05,0.319276715,0.00109466963,0.0027351880200000003,71.09613300000001,50.931827899999995,2.14741578e-05,6.382031209999999,0.01259466225,6.89407822,0.00044852692710000005,4.004061898e-05,0.025936296200000004,28.007005,0.00044852692710000005,4.004061898e-05,0.006515799399999999,10.83019287,0.00044852692710000005,4.004061898e-05,0.00193070804,10.109256349999999,0.00044852692710000005,4.004061898e-05,0.005315575229999999,1.7437723099999999e-06,2.99352304e-05,0.1511435471,15.282882414,0.010381435420000001,-0.00316401251,-0.0037096068399999995,1.170048324e-06,1.9069456549999998e-05
355,1679739600,0.8958920060000001,0.8959202379999999,-0.0675475375,-1.3611839499999998,1.51020859,0.8329894870000001,1.34265346,1.2616885199999999,0.0253142679,0.415150471,3.03829931e-05,2.4179681359999996e-06,2.499289414e-06,2.9789887205e-06,4.1713804950000005e-06,5.3147455320000005e-06,8.16643692e-06,1.712489456e-05,0.44421821,0.0009863157839999999,0.00269630651,67.86526560000001,50.6280245,2.9777445400000003e-05,6.06743558,0.0149315943,9.56900977,0.0008477370179999999,7.660215436e-05,0.030739821300000005,39.0892875,0.0008477370179999999,7.660215436e-05,0.00682742128,17.710966539999998,0.0008477370179999999,7.660215436e-05,0.0023490845699999994,17.100037829999998,0.0008477370179999999,7.660215436e-05,0.00532253423,2.10515551e-06,3.0359973899999998e-05,0.2590624194000001,7.155090393,0.010885701840000001,-0.00294291282,-0.0035495461,1.134181395e-06,1.75756498e-05
355,1679740200,0.55394301,0.5539712130000001,-0.13607629999999998,-1.3595365799999999,1.1801985,0.656416079,1.0178560749999999,0.9448788330000001,0.0228901254,0.268692971,2.91969721e-05,1.162834922e-06,1.176790011e-06,1.3497300689999999e-06,1.918207916e-06,2.354295018e-06,3.5828768700000006e-06,7.433811e-06,0.27316035699999996,0.00156985301,0.0022186435,71.93320759999999,51.1195922,1.84160468e-05,6.15727647,0.0117083476,5.95556974,0.0004574024092,4.088573696e-05,0.024108194599999997,24.048482400000005,0.0004574024092,4.088573696e-05,0.006354838630000001,9.595063385,0.0004574024092,4.088573696e-05,0.0017305435540000001,8.919551324600002,0.0004574024092,4.088573696e-05,0.00531416921,1.61162355e-06,2.9771186999999998e-05,0.14844589719,26.986197118999996,0.009783806349,-0.0033001539899999996,-0.003811039099999999,1.2482258589999999e-06,1.933244975e-05
355,1679740800,0.5602060209999999,0.5602337709999999,-0.132430181,-1.36758079,1.175135887,0.65931251,1.030306461,0.953016607,0.0247450185,0.266518414,2.8914027200000002e-05,1.324921879e-06,1.3875174579999999e-06,1.6531457820000002e-06,2.364021323e-06,3.04789908e-06,4.809464646e-06,9.91348314e-06,0.27603527899999997,0.0018925551200000001,0.00214843271,72.18207939999999,51.2357534,1.86160293e-05,6.458606059999999,0.011733644599999999,6.0735820799999996,0.0004074815563999999,3.633760012e-05,0.0242297183,24.4311061,0.0004074815563999999,3.633760012e-05,0.0063985260799999995,9.902424309999999,0.0004074815563999999,3.633760012e-05,0.0018002709099999997,9.1615464,0.0004074815563999999,3.633760012e-05,0.0052846579599999995,1.67186238e-06,2.9531309399999997e-05,0.38170649374,14.817161274,0.01070224055,-0.0031940948400000003,-0.003712087,1.1407718e-06,1.70160585e-05
355,1679741400,0.594747616,0.594775483,-0.131335357,-1.3565873000000002,1.2098619199999998,0.671748904,1.0393067390000001,0.974092248,0.022071892870000002,0.285074017,2.86978034e-05,1.038950817e-06,1.02869216e-06,1.2639463589999998e-06,1.8703999730000001e-06,2.48318331e-06,3.87906988e-06,8.281963659999999e-06,0.292805118,0.0024337594100000003,0.0021116416199999997,72.85166609999999,51.3723026,1.9767707e-05,6.32339573,0.01202224855,6.459237079999999,0.00040729849720000003,3.633839259000001e-05,0.0247721887,26.0027669,0.00040729849720000003,3.633839259000001e-05,0.006377626680000001,9.825858020000002,0.00040729849720000003,3.633839259000001e-05,0.0017839357199999999,9.15473899,0.00040729849720000003,3.633839259000001e-05,0.0052788106,1.68720388e-06,2.9520891200000003e-05,-0.05812607505999999,7.134690528999999,0.006268282975,-0.00317018472,-0.0036821400600000006,1.09709708e-06,1.697994355e-05
355,1679742000,1.0279996139999998,1.028027448,-0.0283635118,-1.3440777799999999,1.63459991,0.889923224,1.48317026,1.39541762,0.013034515739999999,0.45720421600000005,2.92872504e-05,1.750724834e-06,1.6947938909999996e-06,2.0295640919999998e-06,2.986360452e-06,3.5692389539999997e-06,6.1824794400000005e-06,1.2145616159999999e-05,0.510347257,0.00255930906,0.0010611307090000002,69.3437749,50.6730254,3.42006448e-05,5.96691764,0.015743261600000003,10.6691309,0.000845775638,7.64130681e-05,0.032952310900000004,44.527602200000004,0.000845775638,7.64130681e-05,0.00693836976,18.9680866,0.000845775638,7.64130681e-05,0.00257952231,18.376415299999998,0.000845775638,7.64130681e-05,0.00528537116,2.29131129e-06,3.01584564e-05,-0.00017367160999999938,11.665382292999999,0.0065968416181200005,-0.0028363805,-0.0034668802400000002,1.1587355429999999e-06,1.790487645e-05
355,1679742600,1.091231697,1.091259803,-0.0317113963,-1.34114687,1.68567642,0.9154354710000001,1.5216839199999999,1.42725607,0.022388408580000005,0.5036451829999999,3.0101951799999996e-05,2.322521665e-06,2.331995193e-06,2.764228944e-06,3.921796020000001e-06,4.906724570000001e-06,8.025031990000001e-06,1.59771302e-05,0.541407052,0.00345048342,0.000715189841,68.10434460000002,50.7527887,3.6286068499999995e-05,6.06675846,0.016244979299999997,11.4800049,0.0009677025562999997,8.759753680000001e-05,0.0339806363,47.63870380000001,0.0009677025562999997,8.759753680000001e-05,0.006961846250000001,20.78836553,0.0009677025562999997,8.759753680000001e-05,0.00259782595,20.172024920000005,0.0009677025562999997,8.759753680000001e-05,0.00529761708,2.38802545e-06,3.03841545e-05,0.0611184218,8.343366049,0.007641002054,-0.00277588805,-0.00342649249,1.042594163e-06,1.6993507399999998e-05
355,1679743200,0.4523008409999999,0.45232899,-0.05441264639999999,-1.5851408399999998,1.000980553,0.614552283,0.867476491,0.8267877450000001,0.01515168573,0.20784390499999997,2.91881131e-05,1.221734342e-06,1.286784361e-06,1.5433074289999996e-06,2.17085033e-06,2.889113989e-06,4.55930457e-06,9.288735650000001e-06,0.22125638000000003,0.00441231115,0.000454999671,73.8862379,52.2015162,1.5025617399999999e-05,6.53132241,0.01063303205,4.7990907499999995,0.000480834188,4.305883567e-05,0.021652614100000002,19.534470300000002,0.000480834188,4.305883567e-05,0.00628069029,9.575770319999998,0.000480834188,4.305883567e-05,0.00159694578,8.888799134,0.000480834188,4.305883567e-05,0.0053111393900000005,1.5562501999999998e-06,2.9721877500000003e-05,0.05501907505,9.0415377257,0.006464569823999999,-0.00329522467,-0.0037592683,9.227483400000001e-07,1.57106806e-05
355,1679743800,1.060669719,1.0606977450000001,-0.048947609399999994,-1.4781034800000001,1.69145163,0.91666425,1.3428409999999997,1.28077665,0.0537963526,0.5668930409999999,2.9042307200000004e-05,1.358078886e-06,1.4110861144e-06,1.9239408325000004e-06,3.32611709e-06,4.1140114024e-06,6.1061614069999995e-06,1.327738066e-05,0.527900874,0.00191847066,0.00048089047500000004,68.29122240000001,50.542159999999996,3.5279581600000005e-05,6.0831833600000005,0.0159848914,11.230485329999997,0.0009451414671999999,8.5560165523e-05,0.032998264799999996,46.3884459,0.0009451414671999999,8.5560165523e-05,0.006793531229999999,18.97986087,0.0009451414671999999,8.5560165523e-05,0.00241269663,18.524452860000004,0.0009451414671999999,8.5560165523e-05,0.00531750317,6.098960470000001e-06,3.39875379e-05,0.3612576932,156.51226012200001,0.04280576495,-0.0027319756400000002,-0.00337083772,1.9355658334e-05,0.0002141819272
355,1679744400,1.57010164,1.5701294899999998,-0.0319567822,-1.42681093,2.0580628499999998,1.1126252200000002,1.7455658,1.6520379200000002,0.0646014852,0.825440568,3.1594525100000004e-05,4.283377083999999e-06,4.492862564e-06,5.435071274999999e-06,7.738129959999999e-06,1.010702214e-05,1.61336096e-05,3.3865223800000005e-05,0.7816409999999999,0.00267650964,0.000646008238,65.22493840000001,50.4455152,5.21768979e-05,6.43492504,0.0194900229,16.39391225,0.0015318510215999999,0.00013925590638,0.040674428299999996,68.5598664,0.0015318510215999999,0.00013925590638,0.007253694159999999,30.38444733,0.0015318510215999999,0.00013925590638,0.00308534288,30.109127309999998,0.0015318510215999999,0.00013925590638,0.005299449889999999,3.3549291000000004e-06,3.126354009999999e-05,-0.009697177900000001,8.783282779999999,0.01209245922,-0.00226054947,-0.0030979994599999996,1.2895202430000002e-06,1.9897632150000002e-05
355,1679745000,1.44499058,1.44501837,-0.031204858199999998,-1.42799437,1.97226016,1.0699073399999999,1.67975127,1.60028635,0.046939598799999996,0.7358193980000001,3.0186665500000003e-05,2.891779174e-06,2.9405236756e-06,3.497047899e-06,5.0382180740000004e-06,6.306086991999999e-06,1.0108191508999999e-05,2.088630869e-05,0.71950778,0.002295335625,0.000637230758,66.8765382,50.432601999999996,4.80558863e-05,5.95673045,0.0186648201,14.9022547,0.0009417019712000001,8.523168995999999e-05,0.0390787754,62.8093787,0.0009417019712000001,8.523168995999999e-05,0.006934700990000001,22.15342627,0.0009417019712000001,8.523168995999999e-05,0.0027211445900000002,21.5114649,0.0009417019712000001,8.523168995999999e-05,0.00528186862,3.0788850199999997e-06,3.08575979e-05,0.0804629899,5.731945190999999,0.010751035077,-0.00237157292,-0.00315141381,1.217655584e-06,1.9862512150000002e-05
355,1679745600,1.46626749,1.46629489,-0.033815861700000005,-1.41281134,1.9287964099999997,1.07474507,1.7011269500000001,1.61682436,0.050769218500000005,0.721417533,3.01529769e-05,3.222354016e-06,3.281380928e-06,3.8130734470000007e-06,5.394325417e-06,6.633782804e-06,1.0062038572e-05,2.059184531e-05,0.729458894,0.002945253876,0.0006707692019999999,66.67506859999999,50.5001302,4.87708283e-05,5.981770559999999,0.0189195115,15.38287385,0.0009939768589999998,8.996426220000001e-05,0.0394723791,64.20129490000001,0.0009939768589999998,8.996426220000001e-05,0.006987595859999999,21.74867955,0.0009939768589999998,8.996426220000001e-05,0.00280222988,21.14296855,0.0009939768589999998,8.996426220000001e-05,0.00525339969,3.1673636399999998e-06,3.06603183e-05,0.04593076129,2.9103192200000003,0.008943820715999999,-0.00228677378,-0.00305821363,9.65733215e-07,1.613549545e-05
355,1679746200,1.5085212700000001,1.50854903,-0.0313202155,-1.3596823,1.9878982,1.08031721,1.7709915500000002,1.67285104,0.03973513685,0.717132508,3.1381533200000005e-05,4.173336635e-06,4.3341084710000005e-06,5.186659091000001e-06,7.15212148e-06,9.258903794e-06,1.449447047e-05,2.942754458e-05,0.7489569699999999,0.0044888883099999995,0.000735357451,66.5157611,50.69899099999999,5.0139823500000005e-05,6.264185670000001,0.019015774,15.642629249999999,0.0009708848835,8.785705465999999e-05,0.039936362499999996,65.53472660000001,0.0009708848835,8.785705465999999e-05,0.0071297494099999996,24.42800067,0.0009708848835,8.785705465999999e-05,0.00295425307,23.704712089999997,0.0009708848835,8.785705465999999e-05,0.005271664590000001,3.24456085e-06,3.09033808e-05,-0.009918650600000004,3.5736111099999994,0.01008506566,-0.0022751485,-0.00308253325,1.0582303820000002e-06,1.73062464e-05
355,1679746800,1.32009823,1.32012594,-0.0285427145,-1.2494406,1.9018705900000001,0.9904139279999999,1.72385262,1.60448647,0.029579140999999996,0.5935133479999999,2.8530497400000002e-05,1.170835864e-06,1.059337014e-06,1.401048583e-06,2.5000333299999998e-06,3.0646127309999995e-06,5.189209517000001e-06,1.2289314750000001e-05,0.651430184,0.00782418095,0.000766976223,73.4346306,51.3543758,4.3905301700000005e-05,5.89292093,0.017669064900000003,13.675601600000002,0.0008150852203,7.359967308e-05,0.037168298,56.94089269999999,0.0008150852203,7.359967308e-05,0.00691252879,19.6228451,0.0008150852203,7.359967308e-05,0.00267295065,18.979576289999997,0.0008150852203,7.359967308e-05,0.00527024227,2.9301819099999997e-06,3.059722199999999e-05,0.031247506720000002,3.5783093399999997,0.008987630540000001,-0.0024513282,-0.00320153897,9.950308740000002e-07,1.62014869e-05
355,1679747400,1.50136986,1.5013971000000002,-0.014688671149999999,-1.31494243,1.9943108200000004,1.0696380040000002,1.8128428199999997,1.7017644099999998,0.023212599200000003,0.660932596,3.0045077200000002e-05,3.1893146730000003e-06,3.193237328e-06,3.7924030203999993e-06,5.45209581e-06,6.849740809999999e-06,1.0549857844e-05,2.205365064e-05,0.7451240819999999,0.00476361003,0.000738000028,67.6433702,50.744575,4.99354636e-05,5.97616706,0.0190636622,15.712080700000001,0.0011413102780000002,0.0001034719187,0.0398705837,65.49483670000001,0.0011413102780000002,0.0001034719187,0.00713503345,25.3917305,0.0011413102780000002,0.0001034719187,0.0029562908700000003,24.850731200000002,0.0011413102780000002,0.0001034719187,0.0052449811499999995,3.1095862200000003e-06,3.05435132e-05,0.07092645649999998,7.623432993,0.008835915426,-0.0023319092899999998,-0.0030903727200000002,1.215903112e-06,1.9281162500000002e-05
355,1679748000,1.12366039,1.12368821,-0.0320192183,-1.30521218,1.6790762799999999,0.924125986,1.5667228400000002,1.46291966,0.02238141977,0.4904080860000001,3.0567528999999994e-05,3.1191016400000004e-06,3.2075200200000004e-06,3.761409267e-06,5.18021356e-06,6.6448271e-06,1.0057542129999999e-05,1.9847989570000004e-05,0.5562442470000001,0.0049348063099999995,0.00059548547,67.685687,50.986470600000004,3.7354354700000005e-05,6.16430638,0.016394023299999998,11.712269299999999,0.0008571339700000002,7.745876615999999e-05,0.034444177000000006,48.7382837,0.0008571339700000002,7.745876615999999e-05,0.006887562159999999,19.3455963,0.0008571339700000002,7.745876615999999e-05,0.0025583913700000004,18.74907154,0.0008571339700000002,7.745876615999999e-05,0.00526523338,2.49984311e-06,3.0211493199999998e-05,-0.035901437939999996,1.2415582969999999,0.002677012944,-0.0026241488699999998,-0.0032934065799999994,9.179855580000001e-07,1.538670555e-05
355,1679748600,0.900498525,0.9005260439999999,-0.03450652540000001,-1.2817169800000001,1.55794753,0.8226455359999999,1.41221813,1.31704023,0.014010621569999998,0.394141236,2.9182501399999996e-05,2.002011053e-06,2.057454092e-06,2.5409189770000002e-06,3.831727309999999e-06,5.028009059999999e-06,8.01067801e-06,1.7332088499999998e-05,0.444881539,0.00470330514,0.000610392266,69.50068869999998,51.169897000000006,2.9920063200000004e-05,6.51472633,0.0146746815,9.460642499999999,0.0008064026844,7.283258654e-05,0.030831789999999998,39.1006597,0.0008064026844,7.283258654e-05,0.0068220142299999995,17.206081129999998,0.0008064026844,7.283258654e-05,0.0024074200100000004,16.5990409,0.0008064026844,7.283258654e-05,0.0052608242900000005,2.26195855e-06,2.99039698e-05,0.030013513100000007,5.591786839999999,0.006282136283000001,-0.00278908798,-0.0033991880799999997,9.73461876e-07,1.726765315e-05
355,1679749200,0.9312624569999999,0.9312900989999999,-0.03235309585,-1.2669676200000002,1.6601006900000002,0.8359838390000001,1.4288311,1.32874057,0.0362370424,0.449488942,2.9531894200000008e-05,2.1957360089999997e-06,2.2145648671000004e-06,2.717464337e-06,3.82021347e-06,4.860595776e-06,7.409539746000002e-06,1.555129567e-05,0.4602970609999999,0.00458006938,0.0007085702789999999,71.326719,51.1351971,3.0959906499999996e-05,6.166074740000001,0.014930349799999998,9.78192275,0.0008505441969999999,7.686815870000001e-05,0.0312851447,40.442681300000004,0.0008505441969999999,7.686815870000001e-05,0.00687741349,18.565884049999998,0.0008505441969999999,7.686815870000001e-05,0.0024795452700000003,17.9406904,0.0008505441969999999,7.686815870000001e-05,0.00526316094,2.45765671e-06,3.0096346000000008e-05,-0.0092744261,14.365863920999999,0.011234126993,-0.00273856565,-0.0033561111400000005,1.2031624299999998e-06,1.9564107300000002e-05
355,1679749800,0.989119329,0.989147097,-0.0334092565,-1.2776576,1.6080490600000001,0.862912749,1.4783326199999998,1.38296718,0.02390267115,0.434855091,2.9051444900000003e-05,1.6000955180000002e-06,1.62673619e-06,2.084411303e-06,3.2315537199999995e-06,4.275430429999999e-06,6.9513145999999994e-06,1.536261054e-05,0.4888159609999999,0.004937180420000001,0.0007693443889999999,70.9821002,51.150049599999996,3.2879625700000006e-05,6.2181636,0.0153347284,10.27815845,0.0010374282473,9.400154136000001e-05,0.0322452558,42.7358406,0.0010374282473,9.400154136000001e-05,0.0069583636200000005,20.8233756,0.0010374282473,9.400154136000001e-05,0.00259010892,20.42161255,0.0010374282473,9.400154136000001e-05,0.005268843720000001,2.40704092e-06,3.01240686e-05,-0.00024720906000000006,12.341081931000002,0.008948022230000002,-0.0027383621599999996,-0.0033610240700000004,1.169984457e-06,1.9428718550000002e-05
355,1679750400,1.0530333199999997,1.0530611300000001,-0.05236038750000001,-1.26992855,1.6622382300000003,0.8904036630000002,1.5198088899999997,1.41814324,0.020007513740000003,0.466082704,2.94948948e-05,2.045346176e-06,2.0491608309999997e-06,2.4780106299999996e-06,3.6641286800000005e-06,4.626569689999999e-06,7.22356416e-06,1.5327236230000002e-05,0.519494526,0.00447724166,0.002504190737,71.8696558,51.170899299999995,3.49955584e-05,6.25701776,0.0161202258,11.235110299999999,0.000885729086,8.007978960000001e-05,0.0334213647,45.867436,0.000885729086,8.007978960000001e-05,0.006913156450000001,19.1110304,0.000885729086,8.007978960000001e-05,0.00253724923,18.5277906,0.000885729086,8.007978960000001e-05,0.0052711453,2.2007683899999996e-06,2.9947957999999997e-05,0.1026418992,6.771587836,0.005923725972,-0.00278965512,-0.0034520090599999996,9.658315279999997e-07,1.5953962999999995e-05
355,1679751000,1.015633517,1.015660905,-0.0643249141,-1.2740079400000002,1.6836138999999999,0.87343832,1.48545785,1.3789546199999998,0.0237635504,0.46718237900000004,2.81381658e-05,1.066681838e-06,1.053730936e-06,1.462007738e-06,2.50343103e-06,3.2172828239999996e-06,5.525332350000001e-06,1.3181042e-05,0.5012581620000001,0.00388173435,0.00264726307,72.78430490000001,51.132959299999996,3.3757707399999996e-05,6.34879058,0.0157439334,10.763006149999999,0.0009186638705,8.313947595000001e-05,0.032690784099999995,44.0306961,0.0009186638705,8.313947595000001e-05,0.00685064584,19.592786180000004,0.0009186638705,8.313947595000001e-05,0.00251479688,19.086911449999995,0.0009186638705,8.313947595000001e-05,0.0052319944,2.51276624e-06,2.9811081500000003e-05,0.10219587566600001,17.9703987333,0.011272826956,-0.0026562706100000002,-0.00331527619,1.135936777e-06,1.8263362700000003e-05
355,1679751600,0.963317118,0.9633444260000001,-0.0524837781,-1.28873623,1.53720943,0.8551218200000001,1.45568194,1.3569413999999997,0.01071843153,0.40293547900000004,2.91815827e-05,2.1827787050000007e-06,2.2999956734999996e-06,2.8015125776000004e-06,4.07652168e-06,5.3826316319999995e-06,8.801534305e-06,1.866440359e-05,0.475338462,0.0035087859299999997,0.0027644479400000003,71.11274060000001,51.1241452,3.201061939999999e-05,6.263870219999999,0.015439597,10.17446895,0.0008518280709999999,7.6991001e-05,0.0318940672,41.698489,0.0008518280709999999,7.6991001e-05,0.00684067134,18.3936828,0.0008518280709999999,7.6991001e-05,0.00248847476,17.832415700000002,0.0008518280709999999,7.6991001e-05,0.005237558840000001,2.0366603599999997e-06,2.94286667e-05,-0.034449416100000005,17.439090714,0.008047759626999999,-0.00288729101,-0.00350758178,1.3553792110000003e-06,2.04733034e-05
355,1679752200,0.9368737039999999,0.9369013990000001,-0.0562968695,-1.2620154600000002,1.5853233599999998,0.8390074100000001,1.43963144,1.34051592,0.015500921340000001,0.412072264,2.92137139e-05,1.8195889279999996e-06,1.8363109566000005e-06,2.222497313e-06,3.261790047e-06,4.134799485999999e-06,6.4940929949999995e-06,1.4014993010000001e-05,0.461412286,0.0041831696799999995,0.00280563584,73.24412299999999,51.31378049999999,3.11468795e-05,6.143410680000001,0.0151431398,9.8566344,0.000652266807,5.869214525e-05,0.031364523600000006,40.34721739999999,0.000652266807,5.869214525e-05,0.00673531457,15.3132068,0.000652266807,5.869214525e-05,0.00233629286,14.606499500000002,0.000652266807,5.869214525e-05,0.00526657678,2.24815772e-06,2.9916265600000004e-05,0.05633287924999999,23.302311652,0.0133925346207,-0.00284571706,-0.00344900821,1.080971651e-06,1.8278813e-05
355,1679752800,0.9370046479999999,0.93703243,-0.0461028488,-1.2902185,1.5486097699999999,0.8408669529999999,1.42965615,1.32439042,0.02379850155,0.40922421300000006,2.86648323e-05,1.184230848e-06,1.1414536202e-06,1.398644383e-06,2.293818864e-06,2.686945413e-06,4.266643791e-06,9.9670609e-06,0.462771711,0.0030219905600000004,0.0026844866,72.6783025,51.0937822,3.11665238e-05,5.94974622,0.0150727942,9.790343400000001,0.000649306869,5.8419409899999994e-05,0.0311976757,40.341353500000004,0.000649306869,5.8419409899999994e-05,0.00671705282,14.974739,0.000649306869,5.8419409899999994e-05,0.0023203471400000003,14.322661970000002,0.000649306869,5.8419409899999994e-05,0.00526646635,2.13037971e-06,2.98134581e-05,0.07488398199999999,7.485907008999999,0.008455112604,-0.0028632862600000003,-0.00347144809,9.52841354e-07,1.659291015e-05
355,1679753400,1.2050116899999999,1.20503921,-0.0187820233,-1.37634824,1.7545285699999997,0.969673955,1.60141137,1.50859603,0.01373752879,0.5183236849999999,3.02797282e-05,3.1822538530000002e-06,3.190744713e-06,3.722795799e-06,5.113596854999999e-06,6.347941837999999e-06,9.58724549e-06,1.948471874e-05,0.597750385,0.0018375857400000002,0.00286293792,67.63704209999999,50.633099800000004,4.0062533e-05,6.03313702,0.0173712903,12.7692372,0.0007785539644,7.025080813000001e-05,0.0357998723,52.6325146,0.0007785539644,7.025080813000001e-05,0.00683476249,18.927436940000003,0.0007785539644,7.025080813000001e-05,0.00254834213,18.204598,0.0007785539644,7.025080813000001e-05,0.00525195549,2.1933582800000003e-06,2.97365841e-05,-0.019635026719999997,6.847815390000001,0.008239013821,-0.00274240509,-0.0034326621500000002,9.369202480000001e-07,1.7102346200000003e-05
355,1679754000,1.153937,1.1539646700000001,-0.01081338454,-1.40417944,1.6557130399999997,0.9544807599999998,1.56267271,1.4718449100000002,0.0100187711,0.48249198300000007,2.8867687599999995e-05,1.557482133e-06,1.4563467892e-06,1.7434958765999996e-06,2.667236292e-06,3.256772657e-06,5.220631946000001e-06,1.1697858969999999e-05,0.572590154,0.0014335021500000002,0.00291564015,69.355419,50.6253148,3.83929469e-05,5.70102978,0.016812139,11.8395533,0.0009703009014000001,8.782620517e-05,0.034776926900000005,49.5424358,0.0009703009014000001,8.782620517e-05,0.006744856929999999,18.38810495,0.0009703009014000001,8.782620517e-05,0.00246715152,17.983889859999998,0.0009703009014000001,8.782620517e-05,0.00525372901,1.9767344799999998e-06,2.9572730100000003e-05,0.00628950831,0.656249424,0.0015792782148,-0.00282456959,-0.0034851395899999998,7.44788952e-07,1.3873707200000001e-05
355,1679754600,1.1642793700000003,1.16430701,-0.01080036743,-1.40629002,1.6824138300000002,0.958825371,1.56762285,1.4790077,0.008727410330000001,0.48719175099999995,2.9960430800000004e-05,2.705702196e-06,2.7485682167000005e-06,3.2208695497e-06,4.538126746e-06,5.679234294999999e-06,8.981429232e-06,1.847589811e-05,0.577472936,0.0015498128,0.0030670617000000005,67.8361363,50.6552659,3.8717838799999994e-05,6.084456690000001,0.0168887221,11.92767065,0.001001169328,9.065359e-05,0.034910950499999996,49.9237911,0.001001169328,9.065359e-05,0.00694068674,21.311353600000004,0.001001169328,9.065359e-05,0.0026439362300000003,20.866453149999998,0.001001169328,9.065359e-05,0.005265496189999999,2.0382935499999997e-06,2.97372063e-05,0.03393386156000001,4.008036955,0.005780378756199999,-0.0028284424799999994,-0.00348735682,9.18886731e-07,1.612754315e-05
355,1679755200,1.1328099999999999,1.13283761,-0.013629496760000002,-1.40254256,1.6377125000000003,0.9461055930000001,1.5495098299999996,1.4571070000000002,0.01049297645,0.475002756,2.9244976000000003e-05,2.021460188e-06,2.0091122934999997e-06,2.4136257266e-06,3.5257627680000002e-06,4.492652837e-06,7.231929014000001e-06,1.5593524930000002e-05,0.561597075,0.00171500362,0.0030538329,70.1238066,50.681529,3.7680233e-05,6.01208834,0.0168231404,11.8568828,0.0010510727930000002,9.524583355e-05,0.0345960653,49.0610704,0.0010510727930000002,9.524583355e-05,0.00696217474,22.37958373,0.0010510727930000002,9.524583355e-05,0.00265671882,21.84074518,0.0010510727930000002,9.524583355e-05,0.00525390891,1.9830898700000004e-06,2.9561594499999997e-05,0.0376954015,2.2193914020000003,0.0036752900250000007,-0.00284107036,-0.00349510917,8.23244571e-07,1.47139123e-05
355,1679755800,1.0843307000000002,1.08435847,-0.022711416599999996,-1.3955283299999999,1.60782406,0.9235699989999999,1.5104336,1.4251560099999998,0.008105853100000001,0.448336121,3.0007255600000003e-05,2.619209895e-06,2.639768585e-06,3.1068525877000002e-06,4.2683540710000004e-06,5.248188833e-06,8.112583243e-06,1.6614437110000004e-05,0.537482508,0.0016220809,0.00301297887,68.3418131,50.6602776,3.60613884e-05,5.9596139400000006,0.016719034799999997,11.67521025,0.0008638644340000001,7.807719700000002e-05,0.03406758359999999,47.656401699999996,0.0008638644340000001,7.807719700000002e-05,0.00686775071,19.336175650000005,0.0008638644340000001,7.807719700000002e-05,0.00249149713,18.693249089999995,0.0008638644340000001,7.807719700000002e-05,0.005268034760000001,2.0450646e-06,2.97852078e-05,0.010409035270000006,1.2766729016,0.003053119329,-0.0028500360099999998,-0.0034740407300000004,8.824705699999999e-07,1.5013976500000001e-05
355,1679756400,0.9857342200000001,0.98576184,-0.0163664104,-1.39667568,1.53372182,0.881683349,1.44660666,1.36069157,0.00913880068,0.418747177,2.84231703e-05,1.0244576010000001e-06,9.732421892e-07,1.325301735e-06,2.037529784e-06,2.428320303e-06,4.042732544e-06,9.55275292e-06,0.48841741,0.0014621943599999999,0.0029645800300000004,71.3310552,50.711734500000006,3.2795371500000007e-05,5.87096418,0.0157517184,10.420944500000001,0.000797133446,7.196091510000002e-05,0.0323130102,42.83826140000001,0.000797133446,7.196091510000002e-05,0.00671280311,16.4064668,0.000797133446,7.196091510000002e-05,0.00231242899,15.82579859,0.000797133446,7.196091510000002e-05,0.0052771329,2.06526756e-06,2.9895166299999993e-05,0.04227755675,1.6365109158300002,0.0025322054379999996,-0.0028947011200000003,-0.0034902649099999997,7.84463166e-07,1.43697563e-05
355,1679757000,0.538515141,0.5385429610000001,-0.08819424445,-1.2851221599999998,1.18346111,0.636489705,1.0560322599999998,0.9878176590000001,0.01075537321,0.24284793699999999,2.8700657899999995e-05,1.021869897e-06,1.063446317e-06,1.335833826e-06,2.006163968e-06,2.659926928e-06,4.371887897e-06,9.72685209e-06,0.26510153000000003,0.00151171973,0.0026211620299999997,71.9562174,51.2604239,1.78992819e-05,6.395388639999999,0.01145013065,5.6816052599999995,0.000479188731,4.287583e-05,0.0235667686,23.087429899999997,0.000479188731,4.287583e-05,0.006440755350000001,10.80145821,0.000479188731,4.287583e-05,0.0018391673100000001,10.141867884000002,0.000479188731,4.287583e-05,0.00527192288,1.11838562e-06,2.8893786499999997e-05,0.10707020186,13.950417827999999,0.0034652597730000013,-0.0034884515400000005,-0.0039862547399999995,8.788661729999999e-07,1.5049607599999998e-05
355,1679757600,0.7604460989999999,0.760473804,-0.038659471099999995,-1.3639053799999998,1.3430284899999998,0.764252261,1.2597009570000002,1.179898514,0.00985061547,0.31950706300000004,2.84208206e-05,1.0122553170000003e-06,9.969617296e-07,1.301185742e-06,2.1219032140000004e-06,2.9950315140000003e-06,4.809480469999999e-06,1.097158714e-05,0.376123611,0.001167998714,0.00290481938,70.7253309,50.892756299999995,2.5278324499999995e-05,6.226042390000001,0.013733471,8.0776785,0.0005146448938,4.614218148e-05,0.028080025400000003,32.952519599999995,0.0005146448938,4.614218148e-05,0.0065315388,12.64469774,0.0005146448938,4.614218148e-05,0.0020451222,11.882740699999998,0.0005146448938,4.614218148e-05,0.0052607095,1.9565836500000002e-06,2.9605631800000004e-05,0.025937730280000005,3.662973904,0.00486282920273,-0.0029478650200000004,-0.0035083278600000004,9.25840892e-07,1.6101127999999997e-05
355,1679758200,0.783924291,0.783951739,-0.026433715000000003,-1.37616876,1.40839301,0.782534048,1.29457699,1.20093668,0.01540641807,0.340199637,2.8609195200000003e-05,1.399449404e-06,1.4185834029999999e-06,1.766093087e-06,2.6282695200000003e-06,3.4687552250000002e-06,5.535237249999999e-06,1.18957651e-05,0.388028753,0.000911562673,0.00299252665,69.5768598,50.763371,2.60627494e-05,6.30264566,0.0139331486,8.23463915,0.0006443853799999999,5.79916783e-05,0.028638662399999997,33.7940471,0.0006443853799999999,5.79916783e-05,0.0066475881700000005,14.04132697,0.0006443853799999999,5.79916783e-05,0.00221288935,13.40412302,0.0006443853799999999,5.79916783e-05,0.00524417851,1.93841563e-06,2.93891043e-05,0.016227010500000007,10.00868019,0.009061736318999999,-0.00297751403,-0.0035324353500000003,1.074317555e-06,1.76888705e-05
355,1679758800,0.672741236,0.672768886,-0.0505995062,-1.3436448,1.2793890559999999,0.716757201,1.18083604,1.107483797,0.014485666320000002,0.288338997,2.87226224e-05,1.270918892e-06,1.2661618981e-06,1.594624038e-06,2.177947042e-06,2.719321558e-06,4.410079036e-06,8.52068494e-06,0.33236224999999997,0.00122219157,0.0027627619299999996,71.285606,50.9745814,2.237070825e-05,5.9160708500000005,0.012999475199999999,7.2662214700000005,0.000760797946,6.868150802e-05,0.0264857521,29.3452093,0.000760797946,6.868150802e-05,0.006556199929999999,14.6961096,0.000760797946,6.868150802e-05,0.00202807208,14.175206569999997,0.000760797946,6.868150802e-05,0.005259159,1.95324209e-06,2.9557248400000003e-05,0.09775815825999999,8.683946545000001,0.00880566428,-0.00299444552,-0.0035637567199999997,1.0302181829999999e-06,1.69352129e-05
355,1679759400,0.34688934599999993,0.346916858,-0.08208733017799999,-1.26535619,0.9476164239999999,0.511267012,0.865338922,0.8048870569999999,0.005025498739999999,0.14953135499999998,2.7956684400000002e-05,5.421290939999999e-07,5.545569379999998e-07,8.032787029999999e-07,1.134142696e-06,1.679347722e-06,2.6743531750000003e-06,5.552103530000001e-06,0.170584801,0.00127541459,0.0015696283286,72.49824450000001,51.35421620000001,1.15263305e-05,6.447408039999999,0.00935117525,3.8020216600000003,0.00025760350810000003,2.26720451e-05,0.0191774155,15.118801,0.00025760350810000003,2.26720451e-05,0.0060565214400000005,6.017390100000001,0.00025760350810000003,2.26720451e-05,0.001341527723,5.27866125,0.00025760350810000003,2.26720451e-05,0.00525070176,1.56585423e-06,2.9117035900000003e-05,-0.12006606435,10.2943235947,0.002773077501,-0.00323658114,-0.0037162642500000002,9.412579789999999e-07,1.5864594200000004e-05
