StationID,TimeStamp,magn@var,magn@power,magn@skew,magn@kurt,magn@abs_max,magn@abs_mean,magn@abs_max_top5p,magn@abs_max_top10p,magn@energy_sstd,magn@energy_smax,magn@power_0_5,magn@power_5_10,magn@power_10_15,magn@power_15_20,magn@power_20_25,magn@power_25_30,magn@power_30_35,magn@power_35_40,magn@power_40_60,magn@power_140_160,magn@power_other,magn@frequency_center,magn@mean_square_frequency,magn@variance_frequency,magn@frequency_entropy,magn@level4d_abs_mean,magn@level4d_energy,magn@level4d_energy_smax,magn@level4d_energy_sstd,magn@level5d_abs_mean,magn@level5d_energy,magn@level5d_energy_smax,magn@level5d_energy_sstd,magn@level6a_abs_mean,magn@level6a_energy,magn@level6a_energy_smax,magn@level6a_energy_sstd,magn@level6d_abs_mean,magn@level6d_energy,magn@level6d_energy_smax,magn@level6d_energy_sstd,magn@ulf_abs_mean,magn@ulf_var,magn@ulf_power,magn@ulf_skew,magn@ulf_kurt,magn@ulf_abs_max,magn@ulf_abs_max_top5p,magn@ulf_abs_max_top10p,magn@ulf_energy_sstd,magn@ulf_energy_smax
113,1661011200,0.022367589700000003,0.022521134300000002,-0.01204400303,-1.62910735,0.21495656199999996,0.13980481,0.197368525,0.17648038500000002,0.00023283570500000003,0.0095908494,0.00015363477700000003,6.053138225e-08,6.327586304000002e-08,7.468433507e-08,1.0518549939999999e-07,1.318216851e-07,1.9232876539999998e-07,3.7803082230000003e-07,0.010137693899999998,0.0010420362000000002,2.9686488900000004e-06,79.554083,58.614754500000004,7.52867642e-07,6.18201777,0.00242714339,0.23143452200000003,0.00010236439110000001,4.86151015e-06,0.0046279649800000005,0.8796602819999999,0.00010236439110000001,4.86151015e-06,0.0125882297,5.29565637,0.00010236439110000001,4.86151015e-06,0.000402753517,0.7263852778999998,0.00010236439110000001,4.86151015e-06,0.012391610450000002,1.7541626799999998e-07,0.000153728101,0.055381684509999994,2.0963780113999997,-0.00984275255,-0.011712542500000001,-0.0118649012,2.37237578e-06,6.69815504e-05
113,1661011800,0.022281688,0.0224358437,-0.011250198,-1.6960952200000001,0.207118824,0.140548075,0.18840575,0.16943017300000002,0.00021765965639999998,0.00937939785,0.00015422186,3.8115332200000004e-08,3.9441484999999995e-08,4.93784928e-08,7.53951027e-08,1.0489888639999998e-07,1.6472630119999999e-07,3.7162142e-07,0.010111055,0.001025225153,3.65057494e-06,78.79463,58.4632705,7.502287130000001e-07,6.442566569999999,0.0024403060300000005,0.23372013799999997,8.54703696e-05,3.6851355799999996e-06,0.0046470131799999995,0.8858884850000001,8.54703696e-05,3.6851355799999996e-06,0.01255366795,5.07432886,8.54703696e-05,3.6851355799999996e-06,0.00034924607300000003,0.48579028660000007,8.54703696e-05,3.6851355799999996e-06,0.0124137366,1.5776385700000002e-07,0.000154259346,0.05088572397,0.1424575697,-0.0105481933,-0.0117570457,-0.01190583025,2.38567088e-06,6.7327946e-05
113,1661012400,0.020297870400000004,0.020452566999999998,-0.0153143915,-1.6347890299999999,0.203593717,0.13347666600000002,0.186868201,0.16624257599999998,0.000196151098,0.0085203625,0.000154769551,4.4032216299999995e-08,4.271525027e-08,4.973712903e-08,7.22211099e-08,9.24153753e-08,1.3745810465000003e-07,2.6989793989999997e-07,0.009048898500000001,0.00109561586,3.62269347e-06,83.09777299999999,59.93149510000001,6.84786525e-07,6.144691570000001,0.00234297683,0.21535639200000004,8.44486628e-05,3.56499481e-06,0.0044105127899999996,0.798436509,8.44486628e-05,3.56499481e-06,0.01258248115,5.07221331,8.44486628e-05,3.56499481e-06,0.000336582608,0.4544868763,8.44486628e-05,3.56499481e-06,0.0124405183,1.5735105e-07,0.00015492426899999998,0.062201700400000004,0.09752794489999997,-0.01071456585,-0.011784162300000001,-0.011930999500000001,2.4315140200000004e-06,6.74838825e-05
113,1661013000,0.019419514,0.0195736864,-0.0138498033,-1.67512191,0.193918419,0.13086994999999998,0.178130438,0.158967351,0.00015756088850000003,0.00818661677,0.000154236829,3.265370536e-08,3.273909505e-08,3.76666743e-08,5.614711940000001e-08,7.514725419999999e-08,1.0484347509999999e-07,2.295279645e-07,0.00875923075,0.0009465722379999999,3.31872145e-06,83.327404,58.856967899999994,6.555107349999999e-07,6.13194771,0.00230293136,0.20883435400000003,9.41388062e-05,4.35629318e-06,0.00435168756,0.779394918,9.41388062e-05,4.35629318e-06,0.0125563904,5.120058439999999,9.41388062e-05,4.35629318e-06,0.000342322246,0.5466421644,9.41388062e-05,4.35629318e-06,0.0124114794,1.63695963e-07,0.000154208864,0.06480473390000001,0.30372530220000005,-0.010364777350000002,-0.0117430652,-0.0118960239,2.4618939700000005e-06,6.753626920000002e-05
113,1661013600,0.018649671799999996,0.018804180999999996,-0.012924528000000001,-1.70510813,0.18600567399999998,0.128611021,0.168492643,0.15292967000000005,0.00014931818100000002,0.00778302327,0.00015457803900000003,3.837119306e-08,3.9207270630000006e-08,4.658013288e-08,6.98475514e-08,9.045000349999999e-08,1.333207187e-07,2.776850357e-07,0.008412179649999999,0.0009082586659999999,3.62580177e-06,81.588273,58.812950799999996,6.294821630000001e-07,6.31477304,0.00224357303,0.19807770500000002,8.62478595e-05,3.60591974e-06,0.004252971130000001,0.742754069,8.62478595e-05,3.60591974e-06,0.0125823971,5.06501926,8.62478595e-05,3.60591974e-06,0.00035286390300000005,0.48431821480000004,8.62478595e-05,3.60591974e-06,0.0124297376,1.58071033e-07,0.000154656881,0.0103210739,0.20338794389999998,-0.01080840805,-0.011775607700000001,-0.0119212933,2.42033357e-06,6.783816549999999e-05
113,1661014200,0.0182179897,0.018372400000000004,-0.0116254719,-1.6865197799999998,0.188068246,0.12727377809999998,0.171680245,0.15285466799999997,0.0001968591444,0.0077443061300000015,0.00015445831500000002,2.2476628600000004e-08,2.3187547049999998e-08,2.9719108399999998e-08,5.247701570000001e-08,7.04284141e-08,1.181264374e-07,2.656550903e-07,0.00821675322,0.0008881283820000001,3.47938621e-06,80.7140816,58.815251599999996,6.152976720000001e-07,6.45823435,0.0022129280900000004,0.19272641799999998,8.259602149999999e-05,3.1548653000000004e-06,0.00419611848,0.722644391,8.259602149999999e-05,3.1548653000000004e-06,0.01254006155,4.95973989,8.259602149999999e-05,3.1548653000000004e-06,0.000299354363,0.344738548,8.259602149999999e-05,3.1548653000000004e-06,0.012425884199999999,1.4276528499999997e-07,0.000154545536,0.05038166676000001,0.224752943382,-0.01061220445,-0.0118023233,-0.011946151600000001,2.1785627099999994e-06,6.70487475e-05
113,1661014800,0.0194267457,0.019582393499999996,-0.008852332939999999,-1.68733142,0.19223087,0.13133909500000002,0.177417916,0.159267363,0.00023833422759999995,0.008223895499999998,0.000155710365,2.8029068799999998e-08,2.8233321699999997e-08,3.53326787e-08,5.78554167e-08,7.84400431e-08,1.220181225e-07,2.728663016e-07,0.00882613565,0.000882546673,4.00387799e-06,81.9247226,58.245604900000004,6.553170360000001e-07,6.40952749,0.00227042638,0.20255310099999999,9.215457740000002e-05,4.15391353e-06,0.00433483927,0.770427164,9.215457740000002e-05,4.15391353e-06,0.012649381000000001,5.2214049099999995,9.215457740000002e-05,4.15391353e-06,0.00038077736000000003,0.5896657502,9.215457740000002e-05,4.15391353e-06,0.012473764850000001,1.6350787999999997e-07,0.000155758912,-0.026948453267,0.65686711737,-0.01031732355,-0.011814861700000002,-0.011961716,2.5594079000000003e-06,6.86875046e-05
113,1661015400,0.019511017300000003,0.0196659348,-0.018586131899999997,-1.6676429600000002,0.198081048,0.13112196599999998,0.179217971,0.16072990599999998,0.0001457493686,0.008163617580000001,0.00015496808800000004,2.4212444599999998e-08,2.639713329e-08,3.054985686e-08,5.238091339999999e-08,7.23637851e-08,9.80452386e-08,2.2377089719999996e-07,0.0089177903,0.0008312180949999999,5.91908465e-06,84.44996710000001,57.67320049999999,6.582078530000001e-07,6.19130661,0.0022859733700000004,0.205379275,9.312998289999999e-05,4.12087005e-06,0.0043674727100000005,0.782339018,9.312998289999999e-05,4.12087005e-06,0.0126242616,5.2350604700000005,9.312998289999999e-05,4.12087005e-06,0.000376447595,0.61753228532,9.312998289999999e-05,4.12087005e-06,0.012444067400000001,1.76750416e-07,0.000155032345,-0.003678292200000001,2.3183986035000004,-0.01015236469,-0.0117773469,-0.01192225075,2.3118741899999996e-06,6.75002653e-05
113,1661016000,0.021009780199999998,0.0211643199,-0.0180910144,-1.70917751,0.194893449,0.136363933,0.17903046399999997,0.161704933,0.00025552473999999995,0.008830726200000001,0.000154611252,4.129057655e-08,4.092417737e-08,5.195486037e-08,7.788555659999999e-08,1.1030759840000002e-07,1.601215585e-07,3.1308884400000005e-07,0.009655959600000003,0.000842893527,5.16462608e-06,78.93670440000001,57.28350439999999,7.08387292e-07,6.06280587,0.00236909526,0.22187446300000002,7.702321329999999e-05,3.0812086900000002e-06,0.004539594409999999,0.847193375,7.702321329999999e-05,3.0812086900000002e-06,0.01254224725,4.941069399999999,7.702321329999999e-05,3.0812086900000002e-06,0.000320811265,0.32918330839999993,7.702321329999999e-05,3.0812086900000002e-06,0.0124337098,1.9085191699999998e-07,0.000154788107,0.11966990895,1.7058105600000002,-0.010355820399999998,-0.011741744,-0.011897137799999999,2.4531765900000005e-06,6.72103511e-05
113,1661016600,0.0185723514,0.0187268422,-0.01069593006,-1.71250497,0.188105741,0.12822598439999996,0.166917597,0.15026708699999997,0.0002249400305,0.007905577370000002,0.000154573886,5.21594798e-08,5.365144678e-08,6.264793321e-08,8.82924973e-08,1.097024046e-07,1.6211816849999997e-07,3.287679823e-07,0.008366198590000002,0.0009156016390000001,3.4273369300000005e-06,82.7120964,58.982387599999996,6.27015342e-07,6.11980456,0.00222945895,0.196587886,7.61119584e-05,2.97896782e-06,0.00423148812,0.736842626,7.61119584e-05,2.97896782e-06,0.012524843099999999,4.87762325,7.61119584e-05,2.97896782e-06,0.000289487287,0.28753249006000003,7.61119584e-05,2.97896782e-06,0.012427634000000002,1.5425656199999998e-07,0.00015460080299999998,-0.005464065860000001,0.3353205442,-0.0104121399,-0.011783590700000002,-0.0119286491,2.3486088699999996e-06,6.78628534e-05
113,1661017200,0.0205051354,0.0206592682,-0.014747192199999998,-1.65510281,0.203593717,0.13413031,0.184618131,0.16594257,0.00021550783799999997,0.0085799791,0.00015419090700000002,3.0031706499999995e-08,2.98051149e-08,3.7637637039999995e-08,5.982787509999999e-08,7.668949499999999e-08,1.2785478920000002e-07,2.85244064e-07,0.009405948349999999,0.0008405043210000001,5.400693059999999e-06,80.9566575,57.398686100000006,6.912269399999999e-07,6.239820929999999,0.00234511371,0.215891089,8.28183416e-05,3.4269617700000004e-06,0.0044900467,0.827457465,8.28183416e-05,3.4269617700000004e-06,0.012542483049999997,4.98557349,8.28183416e-05,3.4269617700000004e-06,0.00032753737099999996,0.4027309353,8.28183416e-05,3.4269617700000004e-06,0.01241218065,1.502798e-07,0.000154212945,0.04334866180000001,0.06832698484800001,-0.010915512,-0.011769731000000002,-0.01191715175,2.3603126199999997e-06,6.71255761e-05
113,1661017800,0.0232160515,0.0233698928,-0.017997829899999998,-1.62516156,0.21728163,0.141932283,0.19905607600000003,0.182218061,0.00020710262,0.00977001815,0.000153893033,2.4351705899999996e-08,2.4148995239999998e-08,3.2178097e-08,5.713734400000001e-08,7.827678500000001e-08,1.3656482840000002e-07,3.2757554399999996e-07,0.010906039250000001,0.0006947187,6.530038090000001e-06,79.24910750000001,55.320032000000005,7.8137777e-07,6.3754735,0.0024972284300000002,0.24500536100000003,8.342722359999999e-05,3.49292158e-06,0.0048312780100000004,0.957550261,8.342722359999999e-05,3.49292158e-06,0.012547018299999999,5.03798953,8.342722359999999e-05,3.49292158e-06,0.000353497888,0.46123223302999994,8.342722359999999e-05,3.49292158e-06,0.01240062875,1.5600825900000002e-07,0.000153931726,0.043938859729999995,1.0132912591,-0.01015930336,-0.011749278200000001,-0.0118977168,2.29948169e-06,6.69569455e-05
113,1661018400,0.0249096051,0.0250640588,-0.0181750751,-1.6652104600000002,0.21731913,0.147588118,0.20096863599999998,0.184655638,0.000181728875,0.010343059050000002,0.000154515094,3.4762990100000003e-08,3.602728795e-08,4.552298645e-08,7.61778239e-08,1.0204236770000001e-07,1.735765194e-07,4.02066406e-07,0.01183437845,0.0006128723429999999,6.61633677e-06,77.1740404,54.30367359999999,8.375496279999998e-07,6.34240177,0.00258256763,0.26326495,7.26119866e-05,2.6035644599999998e-06,0.00503804663,1.041144145,7.26119866e-05,2.6035644599999998e-06,0.01253039035,4.870577989999999,7.26119866e-05,2.6035644599999998e-06,0.000317432881,0.2781768859,7.26119866e-05,2.6035644599999998e-06,0.01242933715,1.7363953899999998e-07,0.00015466298300000002,0.037198593950000004,0.45232132279000004,-0.0103096411,-0.0117461089,-0.01189807125,2.2799985000000003e-06,6.79177311e-05
113,1661019000,0.025759344100000005,0.025913829300000003,-0.00918729771,-1.65565264,0.22283180200000002,0.149534528,0.20554377100000001,0.19039331299999998,0.00016611380760000002,0.01062866285,0.000154579837,6.786973985e-08,6.882044513e-08,8.316938413000001e-08,1.211068094e-07,1.4072997960000002e-07,2.0810755539999998e-07,4.485570915e-07,0.01226943615,0.00060396227,5.03031188e-06,75.9151654,54.09465300000001,8.66378107e-07,6.26319065,0.00262388056,0.27218474700000006,8.85809836e-05,3.89048833e-06,0.00512336327,1.0780729,8.85809836e-05,3.89048833e-06,0.012572583999999998,5.09837058,8.85809836e-05,3.89048833e-06,0.000360524957,0.5068363855,8.85809836e-05,3.89048833e-06,0.0124312601,1.96663174e-07,0.000154734118,0.050136287200000004,0.11436902869999999,-0.010649373600000001,-0.01169876165,-0.0118636783,2.4305678900000003e-06,6.739157660000001e-05
113,1661019600,0.026604802500000004,0.026759385399999995,-0.017676616,-1.5731802199999998,0.247020038,0.15095249200000002,0.21548157699999998,0.198306055,0.0001663126986,0.010994379,0.000154653899,5.998836740000001e-08,3.288917435e-08,4.21511429e-08,7.111805199999999e-08,8.330289750000001e-08,1.2847724250000003e-07,3.358844665e-07,0.0125452697,0.000739029121,1.7273728850000002e-05,82.07307409999999,55.02529870000001,8.94366951e-07,6.172957070000001,0.00267394203,0.28295357699999996,7.71233025e-05,3.1096618399999997e-06,0.00518966193,1.10443057,7.71233025e-05,3.1096618399999997e-06,0.012571082899999999,5.03825268,7.71233025e-05,3.1096618399999997e-06,0.00046313660100000004,0.41176996300000007,7.71233025e-05,3.1096618399999997e-06,0.0124378869,2.7084617299999995e-07,0.00015497239799999997,-0.0088360769,0.2582376711,-0.010218471449999999,-0.0115851131,-0.011768945450000002,2.43807236e-06,6.79738644e-05
113,1661020200,0.027295379200000004,0.027449285400000002,-0.0244301844,-1.31813912,0.268395696,0.14756323799999999,0.235769698,0.21679411499999998,0.0002081358445,0.011276934299999998,0.000153990534,7.69985516e-08,7.740667246000001e-08,1.3528573159999999e-07,1.108267115e-07,1.222885339e-07,1.825072072e-07,4.0784662060000003e-07,0.012970699500000002,0.000659789179,1.59971998e-05,80.15822990000001,54.33366649999999,9.17116254e-07,6.2251855,0.00266569132,0.29045755,8.29760796e-05,3.34091649e-06,0.00527271884,1.1408726200000001,8.29760796e-05,3.34091649e-06,0.0125735289,5.066930449999999,8.29760796e-05,3.34091649e-06,0.0004574905680000001,0.47401610639999997,8.29760796e-05,3.34091649e-06,0.0124081467,4.3149271099999994e-07,0.000154393824,0.02210882405,-0.1235930373,-0.00991874675,-0.0113517864,-0.0115657838,2.41592091e-06,6.74258731e-05
113,1661020800,0.026901578599999997,0.0270554817,-0.0262450495,-1.3684874299999998,0.259357914,0.14728539200000001,0.23085704499999998,0.21293149799999997,0.0002065819866,0.011190861600000001,0.00015396741699999999,3.941531475e-08,8.54789187e-08,1.74338377e-07,1.030856499e-07,1.029424181e-07,1.650892596e-07,3.7474622999999997e-07,0.01284304515,0.0005941299609999999,1.2496591050000001e-05,77.7251545,53.88788960000001,9.04175778e-07,6.27884203,0.0026593613100000003,0.29002611300000003,7.913689889999999e-05,3.0960202400000002e-06,0.005252685490000001,1.1346324500000002,7.913689889999999e-05,3.0960202400000002e-06,0.01255616615,5.01944537,7.913689889999999e-05,3.0960202400000002e-06,0.000370781776,0.417548846,7.913689889999999e-05,3.0960202400000002e-06,0.01240976715,5.533507330000001e-07,0.00015455618999999997,0.008197182510000001,-0.46703424299999996,-0.009683877649999999,-0.011209577299999999,-0.011438558800000002,2.33733376e-06,6.72998428e-05
113,1661021400,0.027766801100000005,0.027920911700000006,-0.026894715199999995,-1.432325,0.255570302,0.150943142,0.23119455800000002,0.213419014,0.00019386394300000004,0.01155193425,0.000154208129,7.33922619e-08,7.810077939999999e-08,9.060825635e-08,2.8682979199999997e-07,1.595101728e-07,2.446414954e-07,4.938042006000001e-07,0.013298065750000001,0.0005741012040000001,9.7049633e-06,75.46441480000001,53.612024,9.325932919999998e-07,6.3017555,0.00270894835,0.29875684700000005,8.617895600000002e-05,3.6159568200000003e-06,0.00532812093,1.1642574600000002,8.617895600000002e-05,3.6159568200000003e-06,0.01254822705,5.02072907,8.617895600000002e-05,3.6159568200000003e-06,0.000371538366,0.4512747557,8.617895600000002e-05,3.6159568200000003e-06,0.012410217400000001,5.20171176e-07,0.00015453449900000002,0.0065112981700000015,-0.564720509,-0.0099147867,-0.011252790300000001,-0.011464745599999998,2.37579415e-06,6.72117624e-05
113,1661022000,0.027062859100000003,0.027217451999999996,-0.0220794691,-1.42343802,0.25365775,0.148900753,0.23066953999999998,0.21165646300000002,0.000178286788,0.0111793316,0.00015472251899999997,1.119939003e-07,1.1374633069999999e-07,1.3118170526000002e-07,3.5498801299999997e-07,2.1692679059999994e-07,3.1737210235e-07,6.12236924e-07,0.01289670485,0.0006247276579999999,7.997063179999999e-06,72.3358901,54.0544862,9.090956049999998e-07,6.294883069999999,0.00269595299,0.295729589,9.4242177e-05,3.9167433e-06,0.00526463745,1.13903189,9.4242177e-05,3.9167433e-06,0.01260773495,5.1557643,9.4242177e-05,3.9167433e-06,0.000410886599,0.5750702019999999,9.4242177e-05,3.9167433e-06,0.012431495400000001,5.21927017e-07,0.00015506468800000002,0.014710912619999999,-0.570003775,-0.00968143795,-0.011273809050000002,-0.011485812549999998,2.1957598199999997e-06,6.693467990000001e-05
113,1661022600,0.0268495172,0.027003989300000003,-0.01249526645,-1.47777885,0.24837008600000005,0.14949778600000002,0.22598189500000002,0.20843136499999998,0.00018227370540000002,0.011111628600000001,0.000154569058,7.54220239e-08,7.496854917e-08,8.672992273e-08,3.0207991299999996e-07,1.5728770649999997e-07,2.4062800229999997e-07,4.981610742e-07,0.01286059195,0.0005547355110000001,7.89526961e-06,75.90194299999999,53.57940119999999,9.02108839e-07,6.257895270000001,0.0026802669,0.29170535,8.09951387e-05,3.16483985e-06,0.00525209943,1.13129481,8.09951387e-05,3.16483985e-06,0.012590408450000002,5.07366755,8.09951387e-05,3.16483985e-06,0.00040360899599999994,0.48444150640000005,8.09951387e-05,3.16483985e-06,0.012431965000000001,5.20918269e-07,0.000155075435,-0.00545233643,-0.571922079,-0.009752338599999999,-0.011278247449999999,-0.01148933735,2.28885662e-06,6.76575198e-05
113,1661023200,0.025356280800000002,0.0255103841,-0.0215902356,-1.5217761300000001,0.231832079,0.14581992300000002,0.214019032,0.198456061,0.00014963621840000005,0.010435927349999999,0.00015416428800000002,4.10283582e-08,4.0846006900000004e-08,5.25583925e-08,1.001225973e-07,1.1000653550000001e-07,1.9887841999999998e-07,4.3224036600000007e-07,0.0122377478,0.000434481629,4.86439673e-06,74.4276409,52.8287543,8.524225939999999e-07,6.43726132,0.0025983241699999997,0.269581685,8.47481645e-05,3.38724178e-06,0.005126644129999999,1.07837684,8.47481645e-05,3.38724178e-06,0.012572877399999998,5.09128982,8.47481645e-05,3.38724178e-06,0.00037917388800000004,0.4933316594,8.47481645e-05,3.38724178e-06,0.01241426055,1.8560132699999996e-07,0.00015430037899999999,0.022320346600000002,0.2602888271,-0.0104047944,-0.011711144400000002,-0.011869505249999999,2.1852397000000003e-06,6.672850840000001e-05
113,1661023800,0.0261333832,0.0262871927,-0.0212628443,-1.52180626,0.23445715500000003,0.14811873400000003,0.218069157,0.20141864899999998,0.000220284088,0.0108397587,0.00015389932700000003,6.544588960000001e-08,6.652566972999999e-08,7.873932359999999e-08,1.215926811e-07,1.4349194800000002e-07,2.2180723099999996e-07,4.841881354e-07,0.0125881667,0.000472647961,4.603821469999999e-06,72.7441059,53.0699226,8.78446084e-07,6.29144508,0.00261578744,0.27303365799999996,7.93621326e-05,3.0260863000000004e-06,0.005174522570000001,1.099336546,7.93621326e-05,3.0260863000000004e-06,0.012541232800000001,4.95985265,7.93621326e-05,3.0260863000000004e-06,0.00035386967499999994,0.3840855152,7.93621326e-05,3.0260863000000004e-06,0.012405118400000002,1.8292450099999997e-07,0.000154070547,0.04536523875,0.2896509072,-0.010361029900000002,-0.0117007745,-0.011861195899999998,2.2824461500000003e-06,6.751000299999998e-05
113,1661024400,0.026197665200000005,0.026351700999999998,-0.0279909722,-1.5125826299999998,0.233894639,0.14789781999999999,0.21739413700000002,0.20201866599999999,0.0001472758915,0.010799871700000001,0.000154102153,3.668727150000001e-08,3.65831092e-08,4.6332495e-08,7.678520369999998e-08,9.721351350000001e-08,1.58176039e-07,3.7407039800000003e-07,0.012631053350000001,0.00046111467800000005,5.74969154e-06,74.4889345,52.949534699999994,8.808807369999999e-07,6.32811892,0.00263334446,0.27670886800000005,9.4176601e-05,4.2478371000000006e-06,0.00520135543,1.10962605,9.4176601e-05,4.2478371000000006e-06,0.01260178445,5.23664284,9.4176601e-05,4.2478371000000006e-06,0.00041447946400000003,0.6391955309999999,9.4176601e-05,4.2478371000000006e-06,0.01241219975,1.8846574099999998e-07,0.00015425184499999998,-0.01156912617,0.38507853830000005,-0.01045333105,-0.011700073949999999,-0.01186142915,2.4122873500000002e-06,6.784587800000001e-05
113,1661025000,0.026194573500000002,0.0263489482,-0.0254552855,-1.54313698,0.23096955099999997,0.14844571499999998,0.213794028,0.19924358000000003,0.0001828353742,0.01081650575,0.000154451586,4.94518477e-08,5.157154532e-08,6.581549540000001e-08,1.080303816e-07,1.3475635000000002e-07,2.1890918699999998e-07,5.23762104e-07,0.0126693893,0.00042080212,5.86618262e-06,72.9103104,52.67075100000001,8.804748159999999e-07,6.47814805,0.0026015787299999995,0.270640581,8.84662065e-05,3.8061335299999997e-06,0.005179112750000001,1.09888037,8.84662065e-05,3.8061335299999997e-06,0.01261572625,5.196574170000001,8.84662065e-05,3.8061335299999997e-06,0.000417514703,0.596282317,8.84662065e-05,3.8061335299999997e-06,0.012428731099999998,2.0595432800000002e-07,0.00015467963400000003,0.048167154899999995,0.17467111870000002,-0.010348908700000001,-0.011677176199999998,-0.01184967505,2.3531101799999996e-06,6.773831839999999e-05
113,1661025600,0.0270344553,0.0271886859,-0.022286429500000003,-1.6453157100000002,0.221744268,0.152499133,0.20603129,0.19403092699999996,0.0001701917251,0.011138170099999999,0.000154303666,4.602766909999999e-08,4.70766454e-08,6.063867155e-08,1.03675794e-07,1.2552336816e-07,2.206407227e-07,4.92747475e-07,0.013130327249999999,0.00037977580799999997,5.95434691e-06,72.2866081,52.256383500000005,9.084786239999999e-07,6.30758644,0.00269542085,0.28952900099999995,8.070542499999999e-05,3.15611536e-06,0.005316648540000001,1.1610128,8.070542499999999e-05,3.15611536e-06,0.012564650900000002,4.9777127100000005,8.070542499999999e-05,3.15611536e-06,0.000364353102,0.39384434479999997,8.070542499999999e-05,3.15611536e-06,0.0124183236,2.0139894200000002e-07,0.000154416607,-0.006860876069999996,0.22317821119999998,-0.0104149771,-0.011685659,-0.0118496663,2.4050173300000002e-06,6.754545240000001e-05
113,1661026200,0.024234677599999997,0.024388570700000004,-0.0219840347,-1.62579639,0.21476905500000001,0.14423028799999998,0.198193552,0.185593165,0.00023382118599999998,0.010175024099999999,0.0001539556,3.797109495e-08,3.7694986549999996e-08,4.725580914e-08,7.97617554e-08,1.0236057550000001e-07,1.7265163389999998e-07,3.96233904e-07,0.011719824200000001,0.000391973472,4.603329569999999e-06,73.77983099999999,52.623376300000004,8.157178560000001e-07,6.30324252,0.00253440303,0.254914129,7.7606676e-05,2.9546361600000004e-06,0.00500489708,1.027992235,7.7606676e-05,2.9546361600000004e-06,0.012537431849999999,4.96151826,7.7606676e-05,2.9546361600000004e-06,0.00034809620600000004,0.37132896860000003,7.7606676e-05,2.9546361600000004e-06,0.01240736495,1.66980336e-07,0.000154110472,0.0317214355,0.1170438221,-0.010769997950000002,-0.0117356246,-0.011883911600000002,2.2846471799999997e-06,6.722543000000001e-05
113,1661026800,0.0257925996,0.025946656599999996,-0.0141482084,-1.6279773299999998,0.22103174400000003,0.148469666,0.204381239,0.19219336599999998,0.0001929028246,0.0106911914,0.000154141545,5.74222228e-08,5.83818819e-08,6.94215755e-08,1.02711786e-07,1.387922995e-07,2.1430230370000001e-07,4.831950324e-07,0.01249426985,0.00039661385799999997,4.2040978100000004e-06,72.363162,52.514845,8.671310660000001e-07,6.37322708,0.00260258005,0.269623532,7.47255105e-05,2.7838663799999997e-06,0.00515323646,1.092194585,7.47255105e-05,2.7838663799999997e-06,0.012547373850000001,4.96611613,7.47255105e-05,2.7838663799999997e-06,0.000363173166,0.36310141549999997,7.47255105e-05,2.7838663799999997e-06,0.012416196800000001,1.6763801300000003e-07,0.000154329902,0.033463127246,0.9656918499000001,-0.010034207250000001,-0.011743561,-0.011896417249999998,2.3450484e-06,6.702764799999998e-05
113,1661027400,0.024441611999999995,0.0245968149,-0.023731355099999997,-1.6336170000000003,0.212368983,0.14487076599999998,0.197143514,0.185368158,0.000155273126,0.0100780671,0.00015529669499999999,6.555589870000001e-08,6.69257118e-08,7.92539815e-08,1.12526168e-07,1.521603691e-07,2.3107674680000002e-07,4.84537609e-07,0.011889697000000001,0.000324867713,4.95365817e-06,71.2946315,52.0456312,8.2262086e-07,6.484211859999999,0.00254112895,0.25683546999999995,8.38954894e-05,3.443952989999999e-06,0.005037825040000001,1.041491095,8.38954894e-05,3.443952989999999e-06,0.0125824931,5.01242659,8.38954894e-05,3.443952989999999e-06,0.000346984192,0.40920156941999997,8.38954894e-05,3.443952989999999e-06,0.01245487245,1.6398117400000001e-07,0.000155288455,-0.02625616113,0.26682003925000003,-0.010547957049999999,-0.0117980625,-0.011944591700000002,2.4213662899999997e-06,6.82608749e-05
113,1661028000,0.024384978,0.0245398283,-0.0227476025,-1.57364626,0.22016922,0.143557249,0.20363121600000006,0.190468315,0.000283000626,0.01030064125,0.00015493190799999997,5.0096213699999984e-08,5.23255302e-08,6.41422385e-08,9.27413701e-08,1.313676542e-07,1.943698257e-07,4.42491067e-07,0.011845765999999999,0.00034094837299999996,4.66422357e-06,72.78586720000001,52.2053358,8.205961020000001e-07,6.43487869,0.0025096705699999998,0.25096123300000006,0.00010102607050000001,4.756996289999999e-06,0.0050041194599999995,1.0269847899999998,0.00010102607050000001,4.756996289999999e-06,0.01266399345,5.375402639999999,0.00010102607050000001,4.756996289999999e-06,0.000440570681,0.764362405,0.00010102607050000001,4.756996289999999e-06,0.01244409905,1.8366108e-07,0.000155039555,0.050728917593,0.1529990101,-0.01040933195,-0.011737774199999999,-0.011896445799999999,2.5249452499999998e-06,6.75763584e-05
113,1661028600,0.0242947903,0.0244497817,-0.0240592892,-1.5968731100000002,0.21638160799999998,0.143781223,0.20025611,0.188330752,0.0001618122601,0.0099949621,0.000155049775,3.408239195e-08,3.26237127e-08,4.18521365e-08,6.62134355e-08,8.88007788e-08,1.272819746e-07,3.3102108299999997e-07,0.0118145286,0.00032766166799999997,4.42328166e-06,73.3780129,52.105425100000005,8.18182587e-07,6.032957400000001,0.0025061284799999996,0.250233089,8.38863498e-05,3.32781609e-06,0.005002126710000001,1.025068607,8.38863498e-05,3.32781609e-06,0.012599702099999999,5.0419491800000005,8.38863498e-05,3.32781609e-06,0.00037360661599999994,0.4449330095,8.38863498e-05,3.32781609e-06,0.01244843975,1.64003527e-07,0.00015512852299999998,-0.00026138254999999823,0.46733707250000006,-0.0103580107,-0.0117867576,-0.0119346005,2.25118262e-06,6.7449185e-05
113,1661029200,0.0243034509,0.0244582578,-0.020863274100000002,-1.60240437,0.214844063,0.143812832,0.200181109,0.188180743,0.0001432897969,0.0100092477,0.000154906366,7.69930581e-08,7.947560490000002e-08,9.285664217000001e-08,1.255814652e-07,1.695148016e-07,2.492684314e-07,5.09004569e-07,0.0118324164,0.00031392347399999997,3.981904619999999e-06,69.74980740000001,51.97136819999999,8.178450110000001e-07,6.27061681,0.00252944196,0.25489383,9.5338275e-05,4.15436117e-06,0.005030602240000001,1.038184365,9.5338275e-05,4.15436117e-06,0.01261686725,5.19872988,9.5338275e-05,4.15436117e-06,0.00038092817900000004,0.5876125239000001,9.5338275e-05,4.15436117e-06,0.012442054099999999,1.63927051e-07,0.00015496944900000002,-0.04502048758,2.6450779546,-0.009986016570000002,-0.0117840821,-0.0119335372,2.28937299e-06,6.800743750000001e-05
113,1661029800,0.023273019,0.0234277549,-0.024302520200000004,-1.58407227,0.21304400699999998,0.14056366399999998,0.197406024,0.184918146,0.00012422141640000003,0.009593365099999997,0.00015480674099999997,4.48752774e-08,4.293999078e-08,5.2906309749999996e-08,7.36381127e-08,9.628417689999999e-08,1.435422241e-07,3.2857314700000007e-07,0.011288757799999998,0.000342711058,4.18452837e-06,73.7493971,52.2929796,7.841337e-07,5.915673480000001,0.00248906302,0.24681459000000006,7.111393980000001e-05,2.5013272800000004e-06,0.00492527567,0.995119412,7.111393980000001e-05,2.5013272800000004e-06,0.012523517449999999,4.79887928,7.111393980000001e-05,2.5013272800000004e-06,0.000310964113,0.21546384109999997,7.111393980000001e-05,2.5013272800000004e-06,0.0124362347,1.6274609700000003e-07,0.00015482365299999997,0.024845688000000005,0.21955099679999995,-0.01058336935,-0.0117720749,-0.01192365825,2.33177072e-06,6.740365909999999e-05
113,1661030400,0.0252355231,0.0253904159,-0.012076306242000002,-1.6317962099999999,0.216381609,0.14719867699999997,0.201943664,0.190168306,0.0001867467,0.010434176500000001,0.000154997265,8.038257580000002e-08,8.25431902e-08,9.604262619999999e-08,1.294894789e-07,1.687415935e-07,2.562038933e-07,5.052167566e-07,0.0122770582,0.000335718442,3.5532459000000006e-06,69.9415513,52.0539279,8.490222369999999e-07,6.22384381,0.0025973728699999997,0.268405024,8.81634391e-05,3.653752500000001e-06,0.005139623229999999,1.0840948300000002,8.81634391e-05,3.653752500000001e-06,0.012590383850000001,5.08605805,8.81634391e-05,3.653752500000001e-06,0.000370342821,0.49043550807,8.81634391e-05,3.653752500000001e-06,0.012442505750000001,1.64238318e-07,0.00015498089700000003,0.0097929133,0.15403650971,-0.0107583958,-0.0117764446,-0.0119238745,2.28199397e-06,6.708012499999998e-05
113,1661031000,0.023964622300000002,0.024119859,-0.018915200299999997,-1.62385895,0.21195647299999995,0.143252507,0.196393495,0.184843141,0.00018897287300000001,0.0099402298,0.00015533088399999998,6.4900255e-08,6.68556875e-08,8.07370527e-08,1.1324926750000001e-07,1.520573135e-07,2.3589436700000002e-07,5.18204191e-07,0.01166663155,0.000309956674,4.39393916e-06,70.65685159999998,51.964326400000004,8.061985740000001e-07,6.449006799999999,0.00251652074,0.252320449,7.982697250000001e-05,3.1437054799999996e-06,0.004995167070000001,1.023900323,7.982697250000001e-05,3.1437054799999996e-06,0.01259504085,5.0148208,7.982697250000001e-05,3.1437054799999996e-06,0.00035825123,0.37436937519999997,7.982697250000001e-05,3.1437054799999996e-06,0.0124545113,1.7789088000000003e-07,0.000155293534,0.012747623819999998,0.19844949620000002,-0.010583776999999999,-0.01176170005,-0.01191878355,2.4961389900000003e-06,6.80076114e-05
113,1661031600,0.0260476443,0.026202664800000004,-0.0187497757,-1.6403114600000002,0.217806652,0.14965582700000002,0.202881192,0.191518348,0.0001754072524,0.010764536049999999,0.00015511690499999997,7.13696997e-08,7.30642757e-08,8.93344822e-08,1.2022165259999998e-07,1.596196135e-07,2.392137258e-07,5.236766369999999e-07,0.012683888300000001,0.000334461928,4.0969258300000004e-06,70.11306449999998,52.00141670000001,8.75751375e-07,6.31568952,0.00261557803,0.271996224,8.03278398e-05,3.160479729999999e-06,0.00520189315,1.10960198,8.03278398e-05,3.160479729999999e-06,0.01259192345,5.0492300199999995,8.03278398e-05,3.160479729999999e-06,0.000361416902,0.41963828670000003,8.03278398e-05,3.160479729999999e-06,0.0124507007,1.7420987299999999e-07,0.00015519433300000002,-0.01951508503,0.25314952199999996,-0.01042338935,-0.011768500150000001,-0.011920185199999999,2.40201147e-06,6.792092249999999e-05
113,1661032200,0.0212602391,0.021415668899999997,-0.022456682100000003,-1.6331684899999999,0.19958109200000002,0.13524704199999998,0.184055619,0.17220526,0.00017026629439999998,0.00895135405,0.00015551448200000001,5.6782602800000005e-08,5.978313129999998e-08,7.41943748e-08,1.0674311780000002e-07,1.425818545e-07,2.342016404e-07,4.904103749999999e-07,0.0102724491,0.00035179630199999996,4.62261669e-06,72.0919217,52.578907900000004,7.16307793e-07,6.37695477,0.00239132144,0.22688514199999998,7.72573665e-05,2.92000347e-06,0.00470519912,0.9088716510000001,7.72573665e-05,2.92000347e-06,0.0125990444,5.00178545,7.72573665e-05,2.92000347e-06,0.000342095749,0.36798544279999995,7.72573665e-05,2.92000347e-06,0.012468967600000002,1.61315283e-07,0.000155636795,0.061888783,0.22669134028,-0.010550391650000001,-0.0118020822,-0.0119549648,2.3598130100000002e-06,6.74199181e-05
113,1661032800,0.0208324972,0.0209872647,-0.023206317400000002,-1.6056739700000002,0.199281086,0.13346291200000002,0.18473063500000003,0.17258026799999998,0.0001639003238,0.008668459949999999,0.000154871356,7.40354603e-08,7.620387e-08,8.816268780000001e-08,1.1833085349999999e-07,1.580659646e-07,2.3992138619999993e-07,4.7617473700000004e-07,0.010070160550000002,0.00034058097499999995,4.16791007e-06,71.1984096,52.519142099999996,7.02358713e-07,6.40327188,0.0023741217500000003,0.22414131099999998,9.829172399999999e-05,4.515400429999999e-06,0.00466217316,0.8928696409999999,9.829172399999999e-05,4.515400429999999e-06,0.012622689900000001,5.2366128000000005,9.829172399999999e-05,4.515400429999999e-06,0.000380202197,0.6302367981000001,9.829172399999999e-05,4.515400429999999e-06,0.0124416212,1.6467911700000002e-07,0.000154959028,0.03670749595,0.8984392816,-0.01033818579,-0.011772631250000002,-0.011921809299999999,2.46290714e-06,6.78568428e-05
113,1661033400,0.0209770224,0.0211320126,-0.020033063,-1.6191383900000003,0.198981075,0.133946385,0.182405569,0.171717744,0.00018771793019999999,0.00878931975,0.00015506428999999998,4.2810667799999995e-08,4.381935329999999e-08,5.34137074e-08,7.983506939999999e-08,1.111982046e-07,1.8285559849999998e-07,3.83363848e-07,0.01019635175,0.00028647395,4.7097332399999994e-06,72.73395550000001,52.01174030000001,7.07298239e-07,6.437747809999999,0.00237249179,0.224326039,8.659895199999998e-05,3.6660060399999996e-06,0.00468636401,0.9022268350000001,8.659895199999998e-05,3.6660060399999996e-06,0.012606187750000001,5.096375960000001,8.659895199999998e-05,3.6660060399999996e-06,0.000362695814,0.46031833009999995,8.659895199999998e-05,3.6660060399999996e-06,0.012446931249999998,1.6555736399999998e-07,0.000155092196,-0.0118349539,0.3512293737,-0.010468954499999999,-0.011780808700000001,-0.01192871385,2.5432528699999998e-06,6.86073244e-05
113,1661034000,0.020723936699999997,0.0208794451,-0.021695883200000002,-1.61708052,0.196843509,0.13299739100000002,0.18071801699999998,0.17033020199999999,0.00018189819750000002,0.0087278659,0.00015556922499999998,3.3221042999999994e-08,3.260976993e-08,4.24436964e-08,6.54453871e-08,8.640874579999999e-08,1.3899293e-07,3.19160592e-07,0.010090145399999998,0.000266256831,4.7826251599999995e-06,73.59719139999999,51.844660899999994,6.98783286e-07,6.19747849,0.00234324477,0.21905073600000002,7.41566236e-05,2.75815262e-06,0.004650262060000001,0.8876500660000002,7.41566236e-05,2.75815262e-06,0.012568063,4.88487922,7.41566236e-05,2.75815262e-06,0.000303457635,0.24808523070000002,7.41566236e-05,2.75815262e-06,0.0124687654,1.6128195799999998e-07,0.000155631895,0.07378044710000001,0.1519458453,-0.01067963535,-0.011800358,-0.0119521033,2.35962008e-06,6.779518360000001e-05
113,1661034600,0.022093591099999997,0.0222486473,-0.0149896773,-1.6410120199999998,0.199093578,0.13758542099999999,0.18446813099999998,0.174605328,0.000220724826,0.009240683949999998,0.000155130946,4.818416755e-08,4.7701828879999996e-08,5.74842826e-08,8.44072446e-08,1.120335047e-07,1.709781114e-07,3.639808104e-07,0.0108037515,0.00023773683299999998,4.34529065e-06,71.033948,51.4627073,7.446312599999999e-07,5.982136110000001,0.0024351182100000005,0.237329663,9.91007242e-05,4.385541139999999e-06,0.004829154100000001,0.957983606,9.91007242e-05,4.385541139999999e-06,0.0126512043,5.27263934,9.91007242e-05,4.385541139999999e-06,0.0003985799260000001,0.643129436,9.91007242e-05,4.385541139999999e-06,0.01245087285,1.81494004e-07,0.00015520599700000003,0.006482604275000003,0.9136844049,-0.0099504118,-0.01175765895,-0.0119128329,2.3920582899999996e-06,6.77775197e-05
113,1661035200,0.018920325999999994,0.0190756307,-0.024100720200000002,-1.6281556600000002,0.18836825199999999,0.127372376,0.17138023099999997,0.161217418,0.00019025694399999997,0.007956107050000001,0.00015536331099999997,2.8813218049999996e-08,2.7821604250000006e-08,3.5564853699999996e-08,5.966603890000001e-08,8.676235850000001e-08,1.062604736e-07,2.7065946439999996e-07,0.0092092189,0.000245702855,4.564567600000001e-06,73.57329949999999,51.8198946,6.39367159e-07,6.040847380000001,0.00222935993,0.198707811,7.18645622e-05,2.5677952299999996e-06,0.004425389500000001,0.8032613060000001,7.18645622e-05,2.5677952299999996e-06,0.012562663500000001,4.85139752,7.18645622e-05,2.5677952299999996e-06,0.000300245516,0.21911031085000002,7.18645622e-05,2.5677952299999996e-06,0.012459392599999999,1.9565123299999998e-07,0.00015543254699999998,-0.007018307399999997,0.15483509726999997,-0.01044224785,-0.0117363627,-0.0118972507,2.36811864e-06,6.831331040000001e-05
113,1661035800,0.0168213169,0.0169755623,-0.0269308021,-1.5960100499999998,0.181993059,0.1198712043,0.164667529,0.15386719599999998,0.00020163143699999998,0.0072208010500000004,0.00015429520600000003,2.129457235e-08,1.961767009e-08,2.51386772e-08,4.1006247800000006e-08,5.834379080000001e-08,8.84858923e-08,2.17029407e-07,0.00814483459,0.00026105110099999997,4.2508050900000005e-06,74.9627095,52.2282192,5.69399154e-07,5.961979540000001,0.0021069731200000002,0.17708466900000003,7.342782049999999e-05,2.63058718e-06,0.00416731316,0.712543152,7.342782049999999e-05,2.63058718e-06,0.01251111775,4.82335889,7.342782049999999e-05,2.63058718e-06,0.00028113343899999996,0.2075623378,7.342782049999999e-05,2.63058718e-06,0.012419275,1.62488913e-07,0.00015440149,-0.04159480546999999,0.9135569693999998,-0.01027298894,-0.01177118345,-0.0119198804,2.3420479899999996e-06,6.760373460000001e-05
113,1661036400,0.015943923899999997,0.0160986785,-0.0353069372,-1.52563179,0.180905522,0.11556560660000001,0.16414251000000002,0.152592157,0.000355607736,0.006935100549999999,0.000154873608,2.217132018e-08,2.0911732020000003e-08,2.8355815140000004e-08,4.1493638299999996e-08,5.53243739e-08,8.98246911e-08,2.096261135e-07,0.00772913801,0.00023765138700000002,4.58123686e-06,74.49060360000001,52.0382116,5.40221385e-07,5.927710429999999,0.00204428739,0.167977632,8.185691699999999e-05,3.86285265e-06,0.00405642909,0.6761869169999999,8.185691699999999e-05,3.86285265e-06,0.012554527399999998,4.9014888600000015,8.185691699999999e-05,3.86285265e-06,0.000303466438,0.2746463388,8.185691699999999e-05,3.86285265e-06,0.0124419123,2.9962622099999994e-07,0.000155101487,-0.2134930082,4.211006288,-0.00937538116,-0.0117339166,-0.011914126100000002,3.40511994e-06,7.43068279e-05
113,1661037000,0.0257287846,0.025883963600000004,-0.0171682348,-1.6199085500000003,0.224444354,0.14822806800000002,0.202581187,0.19110583399999997,0.000402710066,0.0111155519,0.00015529565000000001,4.10017692e-08,4.0340693259999994e-08,5.004389085e-08,7.882319570000001e-08,1.2079787239999999e-07,1.533053998e-07,3.612843456e-07,0.0125175286,0.000342115434,3.7787947900000005e-06,72.5239636,52.08362579999999,8.655200360000001e-07,5.99370589,0.00259401711,0.26929217699999997,7.9230459e-05,3.68442292e-06,0.00516035261,1.09575064,7.9230459e-05,3.68442292e-06,0.012581506450000002,4.96338946,7.9230459e-05,3.68442292e-06,0.00034606653800000004,0.3185213016,7.9230459e-05,3.68442292e-06,0.01245723545,3.1769352699999996e-07,0.00015550156899999998,-0.18488210411,1.2596101214000002,-0.009626490150000002,-0.011645759949999999,-0.011840340699999998,3.2467129e-06,7.27787957e-05
113,1661037600,0.0208497251,0.0210047124,-0.018800359750000002,-1.6079588700000003,0.199018575,0.133188325,0.182105561,0.17175524400000003,0.00039759437299999995,0.00897645405,0.000155074295,5.82278352e-08,5.956929680000001e-08,7.390026320000001e-08,1.067362217e-07,1.45652682e-07,2.3250762599999997e-07,4.974185895e-07,0.01017970895,0.000239887695,4.00333369e-06,70.161041,51.5840118,7.02579871e-07,6.461694629999999,0.0023490979400000002,0.221450483,7.8706898e-05,3.09173001e-06,0.004667148130000001,0.896668637,7.8706898e-05,3.09173001e-06,0.0125723961,4.94610077,7.8706898e-05,3.09173001e-06,0.00033093028099999997,0.34337012,7.8706898e-05,3.09173001e-06,0.0124474024,1.7101594e-07,0.00015510907699999997,0.12208265160000001,1.2045238072,-0.01003349779,-0.011762399150000002,-0.0119212821,2.4122289200000003e-06,6.697189890000001e-05
113,1661038200,0.0187806002,0.018935375499999997,-0.006282218470000001,-1.58479437,0.19350591100000003,0.1263797954,0.17543035499999998,0.16549255300000001,0.000250312604,0.008026678629999997,0.00015483916599999997,3.6101343059999996e-08,3.7056736410000006e-08,5.29441637e-08,6.97948793e-08,1.0394390280000001e-07,1.5952425810000002e-07,3.56080043e-07,0.0091487383,0.00023666142599999997,4.01700819e-06,73.07692300000001,51.71004369999999,6.34158059e-07,6.36585385,0.00223814022,0.20116574600000003,7.35604835e-05,2.65762298e-06,0.0044352995999999995,0.806837167,7.35604835e-05,2.65762298e-06,0.01255195065,4.88269762,7.35604835e-05,2.65762298e-06,0.000308242664,0.250850617,7.35604835e-05,2.65762298e-06,0.0124418628,1.9219762200000002e-07,0.0001549926,0.024265708400000002,0.18477155559999997,-0.0105434402,-0.0117203776,-0.01188313965,2.3190611099999997e-06,6.74394544e-05
113,1661038800,0.0213572947,0.0215118316,-0.013572539169999998,-1.61682531,0.20003110500000001,0.13458311360000003,0.18266807499999999,0.17351779800000003,0.000325874857,0.00915732269,0.000154590338,2.6535974900000007e-08,2.645674979e-08,4.3761544849999996e-08,6.37766421e-08,1.229048455e-07,1.2718015220000002e-07,3.118223524e-07,0.01046722185,0.00020728021299999997,3.36884117e-06,72.9181645,51.258390299999995,7.20233131e-07,5.97600406,0.0023690106900000002,0.227888186,8.380146659999999e-05,3.42675172e-06,0.004719520919999999,0.9176895850000001,8.380146659999999e-05,3.42675172e-06,0.012566892699999999,5.01888349,8.380146659999999e-05,3.42675172e-06,0.000340670121,0.43161693,8.380146659999999e-05,3.42675172e-06,0.0124347236,2.9687484099999997e-07,0.000154920035,0.0014829756799999993,-0.0712883552,-0.0102517983,-0.011556693199999999,-0.011740598000000001,2.32003257e-06,6.76228374e-05
113,1661039400,0.0259712891,0.0261262143,-0.022107855200000002,-1.6064526700000001,0.222194281,0.148393042,0.20186866500000003,0.193093394,0.00040969427,0.0112129457,0.00015501775400000002,7.169503099999999e-08,7.498833333e-08,9.31829244e-08,1.3138383820000002e-07,1.836176113e-07,3.08223137e-07,6.428235110000001e-07,0.0127840628,0.00019426218500000002,5.719781599999999e-06,68.5436714,50.933257100000006,8.72744525e-07,6.504456139999999,0.00262142817,0.27753792199999994,7.94974066e-05,3.0052713500000003e-06,0.005242211740000001,1.129503789,7.94974066e-05,3.0052713500000003e-06,0.0125874808,5.0216451300000005,7.94974066e-05,3.0052713500000003e-06,0.00036112699499999995,0.3927127855,7.94974066e-05,3.0052713500000003e-06,0.012446234100000002,1.7869642599999998e-07,0.000155088343,-0.006980157640000003,0.5874750659,-0.0102318014,-0.011760015600000001,-0.011915205,2.28554177e-06,6.76076671e-05
113,1661040000,0.027782865300000004,0.027937737299999998,-0.029835156800000002,-1.5666443399999999,0.23130706,0.152580753,0.213381513,0.20344371200000003,0.000373758903,0.01185512755,0.000155095979,1.0418416405e-07,1.0688695800000003e-07,1.269836968e-07,1.703279703e-07,2.241919849e-07,3.486353554e-07,6.74849808e-07,0.013692275750000002,0.000189730969,7.442498500000001e-06,67.0253599,50.8468744,9.33165498e-07,6.305256190000001,0.00270836844,0.29757724900000004,9.824258519999999e-05,5.184761100000001e-06,0.00543030023,1.21271668,9.824258519999999e-05,5.184761100000001e-06,0.012654735249999998,5.29855046,9.824258519999999e-05,5.184761100000001e-06,0.000442814681,0.6674219140000001,9.824258519999999e-05,5.184761100000001e-06,0.0124456849,3.88566934e-07,0.000155283889,-0.43522063540000006,3.3884433018,-0.00987748236,-0.011667684549999998,-0.011861563299999999,3.6183303400000005e-06,7.604217e-05
113,1661040600,0.023671103399999997,0.0238261286,-0.0238593874,-1.5408817799999999,0.232957109,0.14031597399999998,0.200706125,0.189005771,0.000432659766,0.0106119879,0.00015510994000000002,6.09974385e-08,6.35143248e-08,8.203464380000001e-08,1.1306763890000001e-07,1.503139048e-07,2.2032233530000002e-07,5.00117046e-07,0.01159949905,0.000229835463,4.94136623e-06,69.48003419999999,51.3284426,7.96812551e-07,6.33326685,0.0024874992699999996,0.250211972,8.17428725e-05,3.23857617e-06,0.004971788739999999,1.01671534,8.17428725e-05,3.23857617e-06,0.012596878850000002,5.06321856,8.17428725e-05,3.23857617e-06,0.00036276637999999993,0.4267583630999999,8.17428725e-05,3.23857617e-06,0.01244910105,2.2673093300000002e-07,0.000155206363,0.004275948099999997,11.442070966200001,-0.009363155670000001,-0.01175639785,-0.01190931485,2.34517489e-06,6.79615299e-05
113,1661041200,0.02668293,0.026837811,-0.027810410799999997,-1.6194381100000002,0.22459435799999997,0.150718685,0.20490625500000004,0.19425593000000002,0.000554138789,0.011785540149999999,0.00015506075400000002,7.033514309999999e-08,5.599575706999999e-08,6.79979111e-08,1.0354236439999999e-07,1.421180951e-07,2.447099837e-07,5.20204546e-07,0.013094834699999999,0.000238601738,6.64268746e-06,69.7093945,51.2340269,8.967323100000001e-07,6.4211860000000005,0.0026627827699999998,0.284843744,0.00010542905199999999,5.56811041e-06,0.005305681990000001,1.15716181,0.00010542905199999999,5.56811041e-06,0.0126418681,5.26479709,0.00010542905199999999,5.56811041e-06,0.000447990156,0.6485184776999999,0.00010542905199999999,5.56811041e-06,0.0124445437,4.27392948e-07,0.00015529456300000002,-0.38622634065,5.921098713000001,-0.009068287920000001,-0.011709306200000002,-0.0118819546,3.871309089999999e-06,7.8739779e-05
113,1661041800,0.024429039899999998,0.024583558599999996,-0.033574072100000005,-1.52373804,0.221931776,0.142322086,0.20378122199999998,0.192868387,0.00046965587600000005,0.01078550105,0.000154578083,3.119165795e-08,3.175104782999999e-08,4.062534765e-08,6.99152394e-08,9.432772280000001e-08,1.5084404589999998e-07,4.14706111e-07,0.0119941787,0.000212291432,7.154521950000001e-06,71.78339660000002,51.1863968,8.221182240000002e-07,6.28611875,0.0025049961099999998,0.25406989500000005,8.64854636e-05,3.57045291e-06,0.0050455353,1.046026119,8.64854636e-05,3.57045291e-06,0.012593910349999998,5.08715125,8.64854636e-05,3.57045291e-06,0.00037896002400000003,0.48410448400000006,8.64854636e-05,3.57045291e-06,0.01242897595,1.71054736e-07,0.00015465091199999998,0.09190705301999999,1.7731438863000004,-0.009595096699999998,-0.011748621550000001,-0.011902421700000002,2.4030291299999997e-06,6.738501639999999e-05
113,1661042400,0.024126875299999996,0.0242815386,-0.02094382887,-1.5211594,0.225756891,0.141412607,0.20456874100000003,0.19324339899999998,0.0004093785640000001,0.01043011945,0.00015487557699999998,6.39433178e-08,6.107185317e-08,6.992529416e-08,9.913643819999999e-08,2.1525188209999996e-07,1.746141875e-07,3.9085238e-07,0.01184411375,0.00021361093900000003,4.4239685e-06,69.6198062,51.1729052,8.12573789e-07,5.90336485,0.00251201197,0.25686269700000003,9.15795111e-05,4.7441755100000006e-06,0.00502654099,1.0378222190000002,9.15795111e-05,4.7441755100000006e-06,0.012582966800000001,5.03428991,9.15795111e-05,4.7441755100000006e-06,0.000371875931,0.4107197923,9.15795111e-05,4.7441755100000006e-06,0.0124329737,5.68064839e-07,0.00015514791799999997,-0.31872645302,8.588444526,-0.008712351220000001,-0.011577467749999999,-0.011844566499999999,4.07444474e-06,8.219546e-05
113,1661043000,0.023491948399999997,0.0236471321,-0.0271180336,-1.5318410199999999,0.21930669600000002,0.139558438,0.199806101,0.18896827,0.000317519054,0.0100429656,0.000155281037,3.48777228e-08,3.26746455e-08,3.935281975e-08,6.25018416e-08,8.4577122e-08,1.3547945839999997e-07,3.1904928300000003e-07,0.011552156599999999,0.000187959961,5.04779453e-06,70.59861889999999,50.972016599999996,7.912833240000001e-07,5.987826419999999,0.0024787444100000003,0.24860973700000005,8.56185644e-05,3.83955897e-06,0.00496656239,1.014113921,8.56185644e-05,3.83955897e-06,0.01261758895,5.050671889999999,8.56185644e-05,3.83955897e-06,0.00037620895300000004,0.41126160799999995,8.56185644e-05,3.83955897e-06,0.012459257849999999,2.4108181100000004e-07,0.00015547512699999998,-0.21586253689999996,1.5934263887999998,-0.01043305145,-0.01174743355,-0.011916128,3.12974109e-06,7.29187426e-05
113,1661043600,0.0217351127,0.0218893649,-0.0269175135,-1.50814545,0.212443982,0.133866182,0.194218428,0.183043087,0.00027036119400000003,0.00932984905,0.00015448843499999999,6.90874651e-08,6.17243715e-08,7.219680839999999e-08,1.0591536739999998e-07,1.384451256e-07,2.3056263480000003e-07,4.7215074200000005e-07,0.010681355949999999,0.00017957277,5.238136519999999e-06,68.1473493,50.9868101,7.320738790000001e-07,6.319542790000001,0.00237534964,0.22876908200000004,9.228774599999999e-05,5.28349477e-06,0.004775470370000001,0.9365392830000001,9.228774599999999e-05,5.28349477e-06,0.0125549784,4.989546110000001,9.228774599999999e-05,5.28349477e-06,0.000365315102,0.4072100646,9.228774599999999e-05,5.28349477e-06,0.012416933599999999,5.016869480000001e-07,0.000154682924,-0.6295520052200001,6.464347601599999,-0.00931955596,-0.011653344800000002,-0.01184619745,4.646455289999999e-06,8.414863979999999e-05
113,1661044200,0.023961059799999997,0.024115295599999996,-0.027902805300000007,-1.5316449799999998,0.22076924,0.140935325,0.201381149,0.190655822,0.00038388994500000007,0.01045387245,0.000154335187,7.31221978e-08,7.544117509e-08,9.208488977e-08,1.280447947e-07,1.657617647e-07,2.6336034360000005e-07,5.58547549e-07,0.0117950256,0.00017850146700000002,5.545197959999999e-06,67.613845,50.8824592,8.06446142e-07,6.22058953,0.0025075359900000004,0.25545066800000005,9.151931599999999e-05,3.90078196e-06,0.005032704189999999,1.0417905299999999,9.151931599999999e-05,3.90078196e-06,0.012599140650000002,5.14121964,9.151931599999999e-05,3.90078196e-06,0.0003938185950000001,0.5492096094999999,9.151931599999999e-05,3.90078196e-06,0.0124187883,1.8715195e-07,0.00015441490700000002,-0.02381799975,0.204756693705,-0.0105593326,-0.01171464895,-0.011869394750000001,2.3510989899999998e-06,6.70964331e-05
113,1661044800,0.0209846626,0.021139105000000002,-0.0294543851,-1.50251187,0.20989391,0.13098344899999997,0.188105739,0.17790542900000003,0.000453637773,0.009344514500000001,0.00015453756600000002,6.885615164999999e-08,7.037350519999999e-08,8.60379333e-08,1.1571567360000003e-07,1.7675333960000003e-07,2.2503970540000003e-07,4.85350382e-07,0.0103211946,0.000164871727,4.939762589999999e-06,68.69631940000001,50.9130065,7.07438048e-07,6.2816586,0.00232621572,0.22282951200000004,7.91415559e-05,2.9755258299999996e-06,0.0046717802099999995,0.9047169499999999,7.91415559e-05,2.9755258299999996e-06,0.0125407772,4.90394108,7.91415559e-05,2.9755258299999996e-06,0.00031156849,0.30894328769999996,7.91415559e-05,2.9755258299999996e-06,0.01242401455,2.2526051699999996e-07,0.000154582217,0.027029431000000003,0.08233331527000001,-0.010267205299999999,-0.011638454900000001,-0.011807573049999999,2.3145782000000004e-06,6.707066339999999e-05
113,1661045400,0.026197225,0.026351113599999997,-0.020974756599999998,-1.51307445,0.232319593,0.14675463100000002,0.21281899699999998,0.20164365600000003,0.00044732523,0.01136866325,0.000153974425,5.5651684150000005e-08,5.791503879999999e-08,7.239100859999999e-08,1.0943295099999999e-07,1.7224017050000002e-07,2.366832132e-07,5.487340760000001e-07,0.012915452599999998,0.000177346085,4.46903728e-06,67.9786272,50.820028,8.806576679999999e-07,6.2404274,0.0026000711299999997,0.276126908,7.446030900000001e-05,2.81801659e-06,0.00523959253,1.1296888600000001,7.446030900000001e-05,2.81801659e-06,0.012531952399999999,4.88400781,7.446030900000001e-05,2.81801659e-06,0.00035490627,0.2932304287,7.446030900000001e-05,2.81801659e-06,0.0124036419,2.49205822e-07,0.000154100228,-0.0468911269,0.48873763838999995,-0.0101998974,-0.011606390000000003,-0.011783057500000001,2.5105723700000005e-06,6.878010710000001e-05
113,1661046000,0.0286580111,0.028812007699999996,-0.012969438,-1.51518693,0.243944949,0.153545868,0.22253179700000003,0.211206448,0.000548477884,0.01249014605,0.000154088322,6.25502346e-08,6.423690035e-08,7.700822609999999e-08,1.190863399e-07,1.6493470300000002e-07,2.54614129e-07,5.547017099999999e-07,0.0141541452,0.000169268926,4.2006125799999995e-06,66.9541199,50.671948900000004,9.6250507e-07,6.34477692,0.00273147555,0.305126797,9.63772313e-05,4.306844989999999e-06,0.005505318489999999,1.24809577,9.63772313e-05,4.306844989999999e-06,0.0126060109,5.2088002200000005,9.63772313e-05,4.306844989999999e-06,0.000427895548,0.62594866424,9.63772313e-05,4.306844989999999e-06,0.012409649900000002,2.1606444699999998e-07,0.000154215762,-0.014298401300000003,0.8205860541,-0.010119762700000002,-0.0116657029,-0.011832006850000002,2.4640906899999997e-06,6.783540539999999e-05
113,1661046600,0.0215170138,0.02167153725,-0.0235094258,-1.54786225,0.209518896,0.133358537,0.187318216,0.177942932,0.000369903189,0.00947574631,0.000154616944,6.59054117e-08,6.828984194e-08,8.28224069e-08,1.160187644e-07,1.812008042e-07,2.331941076e-07,5.40165011e-07,0.010611999949999998,0.000140841798,4.28349743e-06,67.360622,50.660149000000004,7.252655250000001e-07,6.253514839999999,0.0023534789899999995,0.22715231500000002,8.71228767e-05,3.5130461e-06,0.0047376350299999995,0.928043587,8.71228767e-05,3.5130461e-06,0.01258165335,5.04162658,8.71228767e-05,3.5130461e-06,0.000363970076,0.4487393215,8.71228767e-05,3.5130461e-06,0.0124300742,2.28950554e-07,0.00015473598099999998,-0.01493492067,-0.011573281700000002,-0.010623812300000002,-0.0116564041,-0.011822894300000001,2.3465998000000002e-06,6.7491381e-05
113,1661047200,0.015692089700000002,0.0158464804,-0.0230292666,-1.56638622,0.17846794800000002,0.11501672189999998,0.158104831,0.14959206499999997,0.000270521451,0.006982808290000001,0.00015447369000000003,5.3373798600000004e-08,5.264968455e-08,6.248457339999999e-08,8.945126689999999e-08,1.368655904e-07,2.1058770199999996e-07,4.0074047099999994e-07,0.007692155189999999,0.00014881738599999998,3.98121628e-06,69.1958884,50.9467945,5.31619454e-07,6.53403619,0.00203431387,0.168079593,7.736115299999999e-05,2.91698057e-06,0.00405011031,0.6732180380000001,7.736115299999999e-05,2.91698057e-06,0.012549341850000001,4.92675885,7.736115299999999e-05,2.91698057e-06,0.000319171253,0.3212037769,7.736115299999999e-05,2.91698057e-06,0.0124297829,1.94320463e-07,0.00015469428600000003,0.0325537787,0.6169741673000001,-0.010585508249999999,-0.0117197257,-0.01189059585,2.39709963e-06,6.78917684e-05
113,1661047800,0.01387997275,0.0140336636,-0.0176654283,-1.66822196,0.160317392,0.1091820801,0.13976676700000001,0.132454044,0.00031238297700000005,0.00624781225,0.00015374146599999997,2.274641407e-08,2.184173431e-08,3.358118545e-08,5.81380015e-08,7.780330159999998e-08,1.0863214649999999e-07,3.0220202450000003e-07,0.006746384919999999,0.000189132691,3.7910111300000006e-06,73.642932,51.63980240000001,4.713307879999999e-07,6.34835542,0.0019160296799999998,0.15053144599999999,7.2554407e-05,2.5290464199999997e-06,0.0037796447199999993,0.5927405830000001,7.2554407e-05,2.5290464199999997e-06,0.01247811295,4.772231920000001,7.2554407e-05,2.5290464199999997e-06,0.000262916094,0.1954252054,7.2554407e-05,2.5290464199999997e-06,0.012402483099999998,2.11849694e-07,0.00015403457399999998,-0.0044038602299999955,0.1387895684,-0.010533349600000002,-0.011647043150000001,-0.0118164958,2.2486558700000004e-06,6.721177900000001e-05
113,1661048400,0.009205754850000001,0.009359429,-0.0244230921,-1.68646389,0.13114150200000002,0.0898111954,0.110853383,0.1040281767,0.00019347711459999999,0.0041992056,0.00015377472600000002,2.5904570940000003e-08,2.6209649080000004e-08,3.99714839e-08,6.08908145e-08,7.324344609999999e-08,9.39484722e-08,2.099863087e-07,0.00440776819,0.00019124971,3.2282550500000003e-06,75.40046670000001,52.4789372,3.15952021e-07,6.5194532800000005,0.00156845556,0.0996524836,7.88520916e-05,3.4262953800000003e-06,0.00305920838,0.384747399,7.88520916e-05,3.4262953800000003e-06,0.012470641049999998,4.765165659999999,7.88520916e-05,3.4262953800000003e-06,0.00023891311849999998,0.18251180930000002,7.88520916e-05,3.4262953800000003e-06,0.012397958499999999,3.05914741e-07,0.000154015418,-0.23889406469999996,1.3214255850299998,-0.01020888545,-0.01160671145,-0.011785835150000002,3.1712852799999996e-06,7.313027039999998e-05
113,1661049000,0.00809269751,0.008246779979999999,-0.020343892399999997,-1.6645805600000003,0.127391391,0.08414702700000001,0.1054907205,0.0981779971,0.000249735744,0.00391121385,0.00015413114199999998,1.7071477819999998e-08,1.873028214e-08,3.09539809e-08,5.0402037099999994e-08,5.8568718900000005e-08,7.09044146e-08,1.6420803800000002e-07,0.00378453738,0.00025828403500000003,3.0618451900000003e-06,79.1522115,54.4350689,2.79036319e-07,6.519614729999999,0.00148706377,0.0904104307,7.4973221e-05,2.7690228200000003e-06,0.00284676318,0.335567357,7.4973221e-05,2.7690228200000003e-06,0.0124996398,4.817665109999999,7.4973221e-05,2.7690228200000003e-06,0.000241786392,0.22076193725999999,7.4973221e-05,2.7690228200000003e-06,0.012415057250000002,2.2127448500000004e-07,0.000154355977,-0.015850388799999997,0.0655001369,-0.010478530100000001,-0.011646936399999998,-0.0118148961,2.35735541e-06,6.746765439999999e-05
113,1661049600,0.0139644556,0.0141189118,-0.031079546200000002,-1.5222973400000002,0.17175524599999997,0.10775079159999998,0.15255465999999998,0.142091837,0.000355084382,0.0063234416,0.000154506593,1.987849416e-08,1.9721786650000002e-08,3.66425608e-08,5.4070994e-08,6.80805203e-08,7.654818240000001e-08,1.686444199e-07,0.00677471486,0.00020363671399999998,3.3809730799999997e-06,74.2038941,51.9518789,4.7447185500000004e-07,6.14018862,0.00190867104,0.1488795195,7.342218509999999e-05,2.6697950799999998e-06,0.0037829192800000002,0.5928884849999999,7.342218509999999e-05,2.6697950799999998e-06,0.012523915200000003,4.83063566,7.342218509999999e-05,2.6697950799999998e-06,0.000277101731,0.21492539107000003,7.342218509999999e-05,2.6697950799999998e-06,0.012430101,2.45676943e-07,0.00015475353500000002,-0.0049622832200000005,0.011484928600000003,-0.0103159437,-0.0116183591,-0.011795909000000002,2.37112958e-06,6.7233436e-05
113,1661050200,0.013484493650000002,0.0136383534,-0.020423503260000003,-1.4635791200000001,0.176592896,0.10519739560000001,0.153304679,0.14321687200000002,0.000217882819,0.00595157184,0.00015396949200000002,2.23371204e-08,2.08738956e-08,3.44961766e-08,8.0454603e-08,6.27575752e-08,7.70366411e-08,1.7410105759999997e-07,0.00654919598,0.000188010862,4.45686599e-06,75.52972129999999,51.7124879,4.5848965199999993e-07,6.260036210000001,0.0018910772100000002,0.14694600599999996,7.44934023e-05,3.36547959e-06,0.0037429017899999993,0.5762841879999999,7.44934023e-05,3.36547959e-06,0.012504557,4.83748926,7.44934023e-05,3.36547959e-06,0.000285308394,0.2206433492,7.44934023e-05,3.36547959e-06,0.012405518300000001,4.215892550000001e-07,0.00015431887899999998,-0.27491606640000005,1.7799587585300003,-0.009712867070000002,-0.011517505,-0.011737570850000002,3.2697671799999995e-06,7.2498002e-05
113,1661050800,0.0124812219,0.0126357996,-0.0316288895,-1.32518615,0.175767866,0.0993704604,0.153229676,0.14104180360000002,0.000288581021,0.0056632309899999995,0.00015464825600000002,1.290777495e-08,1.2837762629999999e-08,3.21464832e-08,5.3961754299999997e-08,5.01579983e-08,7.74562926e-08,1.76982152e-07,0.00598179323,0.00025471258699999997,3.615385479999999e-06,77.619094,52.89840349999999,4.2515642100000007e-07,6.209457170000001,0.0018220041299999996,0.138506189,8.1258676e-05,3.33622593e-06,0.0035689166299999998,0.528672928,8.1258676e-05,3.33622593e-06,0.012541638150000001,4.89585895,8.1258676e-05,3.33622593e-06,0.000289873815,0.294141381,8.1258676e-05,3.33622593e-06,0.0124297732,3.2836788700000003e-07,0.00015482787500000001,-0.13817732037000002,1.3936040279000002,-0.00997985005,-0.011589988700000001,-0.011782939899999999,2.69319503e-06,6.966497439999999e-05
113,1661051400,0.009725165719999998,0.009880112310000001,-0.0372010006,-1.29203921,0.16275496800000003,0.0880788752,0.136691671,0.12157871049999999,0.00047022915699999993,0.0047677983899999995,0.000155009566,1.1644928e-08,1.4135425499999999e-08,2.8382695800000006e-08,3.45041619e-08,5.33668222e-08,9.163538360000001e-08,1.8393534099999998e-07,0.00452033339,0.000337765564,4.00244024e-06,80.8728427,55.1821234,3.33382255e-07,6.358015270000001,0.0015971916799999999,0.10599692749999998,7.327336079999999e-05,2.93958702e-06,0.00308252207,0.39293196500000005,7.327336079999999e-05,2.93958702e-06,0.0125254904,4.788674739999999,7.327336079999999e-05,2.93958702e-06,0.00024115717299999997,0.1486283502,7.327336079999999e-05,2.93958702e-06,0.0124496363,2.81254124e-07,0.000155275198,-0.10353039041,0.7533830844,-0.0099827334,-0.011618839850000002,-0.0118053826,2.8120983099999997e-06,7.006424200000001e-05
113,1661052000,0.008369285030000001,0.00852408991,-0.043226633699999996,-1.3948636200000002,0.147266997,0.08320189409999999,0.12259124209999998,0.1076282875,0.000371384348,0.004069871270000001,0.000154872752,1.79394041e-08,2.579214495e-08,3.1444130399999995e-08,5.118254700000001e-08,4.72919599e-08,9.16546357e-08,1.7278418740000002e-07,0.00375411774,0.000426239114,3.77978138e-06,85.1896804,58.21853,2.88228096e-07,6.475979749999999,0.00149095216,0.09139500589999999,7.89364263e-05,3.0960089200000003e-06,0.00280692502,0.328084396,7.89364263e-05,3.0960089200000003e-06,0.0125483863,4.8752710399999994,7.89364263e-05,3.0960089200000003e-06,0.000257920708,0.24507731390000004,7.89364263e-05,3.0960089200000003e-06,0.0124438482,2.65335617e-07,0.000155115943,-0.2695690932,1.4341990861,-0.0104056513,-0.0116493227,-0.011823634250000001,2.6417491700000003e-06,7.06446347e-05
113,1661052600,0.0069411948799999994,0.007096196139999999,-0.03788915390000001,-1.5854464000000001,0.12589134300000002,0.07751129120000001,0.1013280915,0.089890243,0.00023473761300000004,0.00335303242,0.000155232543,2.6043003199999998e-08,3.2097449e-08,4.45986935e-08,5.6637185599999986e-08,7.00314181e-08,1.1514039080000001e-07,2.15876872e-07,0.0030880906999999997,0.000376499312,5.213514730000001e-06,81.9112164,58.5564479,2.40436027e-07,6.701104770000001,0.00138295312,0.078953008,7.612691459999999e-05,3.55556668e-06,0.00256752765,0.27397422899999996,7.612691459999999e-05,3.55556668e-06,0.0125059104,4.75344873,7.612691459999999e-05,3.55556668e-06,0.00021774799899999998,0.11769397003,7.612691459999999e-05,3.55556668e-06,0.0124517454,6.10348383e-07,0.000155657219,-0.1667884562,3.0508354953800003,-0.00890952833,-0.011519140049999998,-0.01175818,3.5172821200000006e-06,7.53132517e-05
113,1661053200,0.007234082710000001,0.0073893839,-0.039107897399999994,-1.55258851,0.1307289896,0.078768866,0.1049657048,0.0949153972,0.00029840706099999996,0.00364691017,0.00015552206099999998,3.163695302e-08,3.286376812e-08,4.311504445e-08,5.3921259e-08,6.76725229e-08,1.1709841709999998e-07,1.7403294099999998e-07,0.00331426005,0.00029792884499999997,4.108823490000001e-06,77.63693040000001,56.0241702,2.50346769e-07,6.5717839499999995,0.00140027128,0.0798122506,8.0094124e-05,4.27614177e-06,0.0026546695499999997,0.291574225,8.0094124e-05,4.27614177e-06,0.012528894399999999,4.793206469999999,8.0094124e-05,4.27614177e-06,0.000242625044,0.1513312972,8.0094124e-05,4.27614177e-06,0.0124612414,5.387287090000001e-07,0.000155817943,-0.39917874400000003,5.1947402087,-0.008111397619999999,-0.011633175999999999,-0.01186824025,4.1721732600000005e-06,7.796975189999998e-05
113,1661053800,0.0083679114,0.008522640159999999,-0.02319639525,-1.75129241,0.11936614549999999,0.086396735,0.10140309649999998,0.09581542600000001,0.00021730195,0.003841377629999999,0.000154800016,1.2047985059999999e-08,1.174554761e-08,1.4847915719999996e-08,2.6814039499999995e-08,4.53417759e-08,5.2292891000000005e-08,1.082038192e-07,0.0039080621,0.000271158638,4.38089769e-06,79.9242241,54.6724904,2.882451e-07,6.2963562600000005,0.00148515655,0.0893107209,7.073301939999999e-05,2.6813075e-06,0.00287537359,0.34174859199999996,7.073301939999999e-05,2.6813075e-06,0.012485451550000002,4.71317178,7.073301939999999e-05,2.6813075e-06,0.000205050693,0.1030326971,7.073301939999999e-05,2.6813075e-06,0.0124384605,2.2719118000000003e-07,0.00015494314099999998,-0.07992380063800003,1.5743765898000002,-0.01032163365,-0.01174844945,-0.01190813295,2.6153194400000004e-06,6.90406818e-05
113,1661054400,0.00793496695,0.008088983599999999,-0.03839466279999999,-1.61343434,0.13065398600000003,0.08295707849999999,0.10852831300000002,0.098590511,0.00018008872500000002,0.0036753030699999993,0.000154705382,2.747381982e-08,2.9073925450000003e-08,3.9223742049999996e-08,5.8823834650000006e-08,7.25994357e-08,9.572231890000001e-08,1.92530497e-07,0.00366637105,0.00029513616300000004,4.77210269e-06,79.0681509,55.4264016,2.73500088e-07,6.6574851100000005,0.00146511433,0.0863626855,0.00011034411749999999,7.792801070000001e-06,0.00280087056,0.3240486,0.00011034411749999999,7.792801070000001e-06,0.012502500600000003,4.882801250000001,0.00011034411749999999,7.792801070000001e-06,0.00024276295300000003,0.25626492305,0.00011034411749999999,7.792801070000001e-06,0.012412802150000003,1.494518928e-06,0.000155572397,-0.3999447447309,3.1390957693,-0.009148242824,-0.01150114085,-0.01174180475,7.5094051100000014e-06,0.00010096457409999998
113,1661055000,0.00815033494,0.00830473554,-0.025328074300000003,-1.6987434099999998,0.12450379950000001,0.08494653599999999,0.1039531745,0.0961529345,0.000215153143,0.0037627816799999996,0.000154467748,2.494878995e-08,2.7211417500000004e-08,3.51747625e-08,5.5998695100000004e-08,6.85428209e-08,8.7454249e-08,1.742077084e-07,0.0037385370899999998,0.00033207129,4.01443686e-06,79.5595955,56.212699099999995,2.8085981999999997e-07,6.483208090000001,0.0014805015900000002,0.089091429,7.217754350000001e-05,2.79055689e-06,0.00281853312,0.328594434,7.217754350000001e-05,2.79055689e-06,0.012478834,4.7352756,7.217754350000001e-05,2.79055689e-06,0.000199511348,0.12709053595000003,7.217754350000001e-05,2.79055689e-06,0.0124289388,2.1987272200000002e-07,0.00015469879300000002,-0.048471507600000005,3.6431404345,-0.009672732900000001,-0.011783802399999998,-0.011935474800000002,2.6288633100000005e-06,6.93204899e-05
113,1661055600,0.006521760970000001,0.00667638178,-0.0286387228,-1.6710050799999998,0.114228488,0.0757708101,0.0930403425,0.0844150771,0.00022066679760000002,0.0031342147500000002,0.000154724357,1.4217775579999999e-08,1.782781505e-08,1.758132032e-08,2.8491895700000003e-08,4.8703282799999994e-08,6.150949520000001e-08,1.313990131e-07,0.00296332787,0.00029287621,4.25071919e-06,83.226101,56.7483024,2.2680173199999998e-07,6.608221090000001,0.0013230453200000001,0.07162165430000002,7.569915870000001e-05,3.5227691200000006e-06,0.0024970882099999998,0.259416554,7.569915870000001e-05,3.5227691200000006e-06,0.0124837419,4.729891800000001,7.569915870000001e-05,3.5227691200000006e-06,0.000194840317,0.11061706845,7.569915870000001e-05,3.5227691200000006e-06,0.01243497425,3.14808986e-07,0.00015494425999999998,-0.2063307345,2.6600861569000003,-0.0098250787,-0.0116769404,-0.01189224515,3.3638769799999996e-06,7.3093547e-05
113,1661056200,0.00900522156,0.00915969054,-0.039306865600000004,-1.5763845399999998,0.1363916602,0.086714668,0.11704107150000001,0.10654075059999998,0.00019855233600000002,0.00406267428,0.000154807944,1.66157085e-08,1.6599900009999996e-08,2.537957e-08,4.70460116e-08,5.171266420000001e-08,6.557917250000001e-08,1.4785268120000002e-07,0.00420577884,0.000291732181,4.3856736800000004e-06,80.98768709999999,55.2082,3.0936704999999996e-07,6.56750981,0.00154211165,0.0982787927,9.80547548e-05,6.52732513e-06,0.0029540215400000003,0.3703273589999999,9.80547548e-05,6.52732513e-06,0.0125093724,4.84882696,9.80547548e-05,6.52732513e-06,0.00024068942700000004,0.22307193220000002,9.80547548e-05,6.52732513e-06,0.012426572149999999,8.077772069999999e-07,0.00015522778700000002,-0.8967565537000001,5.370279221500001,-0.00948842887,-0.0115005984,-0.01175316945,6.2974239699999995e-06,9.468353839999999e-05
113,1661056800,0.015021389199999999,0.015174695950000002,-0.039208148500000005,-1.4667211999999998,0.180042997,0.1112649526,0.16290497200000004,0.151054611,0.00018566385199999998,0.006445666679999999,0.000153428497,5.8509145499999996e-08,5.982807957e-08,7.89986474e-08,1.2170735839999997e-07,1.2877725280000002e-07,1.8363817650000002e-07,3.80295172e-07,0.007212168569999999,0.000292486893,4.9003327e-06,71.7851536,52.871976200000006,5.090348559999999e-07,6.566474220000001,0.0019919686300000003,0.160636789,9.118749319999998e-05,4.18804902e-06,0.0039268372,0.6347391270000001,9.118749319999998e-05,4.18804902e-06,0.012553891450000002,5.0764689,9.118749319999998e-05,4.18804902e-06,0.00035880528900000006,0.5058265373999999,9.118749319999998e-05,4.18804902e-06,0.012383507149999999,2.71464787e-07,0.00015362326500000003,-0.22611936360000007,3.3138236394999994,-0.009852990829999998,-0.0116350585,-0.0118160899,3.05350892e-06,7.22249688e-05
113,1661057400,0.017948611399999998,0.0181018795,-0.034559682999999994,-1.54847256,0.19635599399999998,0.12305704660000001,0.17209275099999996,0.16106741600000002,0.000587185979,0.00827072205,0.00015338839599999998,4.74435558e-08,4.9904713749999996e-08,5.77425643e-08,8.67538783e-08,1.0574135660000001e-07,1.4824127040000004e-07,3.026923865e-07,0.008669030649999998,0.000299250591,5.10329844e-06,72.0054792,52.484632,6.06565064e-07,6.27235575,0.0021949709599999997,0.19292998,8.485356689999999e-05,4.0471505e-06,0.004316485859999999,0.7664405750000001,8.485356689999999e-05,4.0471505e-06,0.0125084026,4.9255436900000005,8.485356689999999e-05,4.0471505e-06,0.00031766923,0.33592174340000003,8.485356689999999e-05,4.0471505e-06,0.0123795458,2.8166810900000003e-07,0.000153535244,-0.3407370048000001,3.177420481,-0.009749619990000001,-0.011646494500000002,-0.011825956750000002,3.3102892e-06,7.275156689999999e-05
113,1661058000,0.0181440797,0.018297342900000003,-0.020963694730000003,-1.5806248100000002,0.198981075,0.12412836640000002,0.171717745,0.15997988700000002,0.0006859792359999999,0.008356437559999999,0.000154008572,2.51625972e-08,2.4752940689999998e-08,3.222399727e-08,4.850318570000001e-08,7.14546881e-08,1.0838993710000002e-07,2.4961453660000004e-07,0.008753565860000001,0.00031338003,3.78788101e-06,74.0507951,52.6269778,6.131586600000001e-07,6.10957227,0.00218997821,0.191736655,0.00010687235050000001,8.31456706e-06,0.004316392520000001,0.7673316050000001,0.00010687235050000001,8.31456706e-06,0.0124356883,4.742448530000001,0.00010687235050000001,8.31456706e-06,0.00025307413600000005,0.11866450273,0.00010687235050000001,8.31456706e-06,0.012377165800000001,1.649567109e-06,0.00015480830200000003,-0.4579712204,4.331140335100001,-0.006845172950000001,-0.011420943950000002,-0.011697506600000001,8.371054000000001e-06,0.00010787229840000001
113,1661058600,0.0169685283,0.0171221776,-0.029552990500000004,-1.5895802300000001,0.19144334400000002,0.12000655149999999,0.164592525,0.15217964499999997,0.000640845574,0.00788013645,0.000154105096,4.0068752150000006e-08,3.9301820630000004e-08,4.880257895e-08,6.63169746e-08,8.44381851e-08,1.368867329e-07,2.63109141e-07,0.008205174210000001,0.000273431475,4.5216060199999994e-06,73.3098185,52.321899099999996,5.74073335e-07,6.26484819,0.0021174743399999998,0.179779197,9.997258839999999e-05,6.15330557e-06,0.00417873355,0.720573764,9.997258839999999e-05,6.15330557e-06,0.012548058,5.01821703,9.997258839999999e-05,6.15330557e-06,0.00039343155300000003,0.4285397418,9.997258839999999e-05,6.15330557e-06,0.01239633185,9.95181999e-07,0.00015466274399999997,-0.8810227790999999,8.9831613398,-0.00772765297,-0.0114840781,-0.01178336905,6.02613502e-06,9.24226135e-05
113,1661059200,0.017043666699999998,0.0171975756,-0.0261256112,-1.5210522,0.194368434,0.11921022699999999,0.169242668,0.156942294,0.000700695609,0.00793910304,0.000154349543,3.2673280399999994e-08,3.2387955799999994e-08,3.750924445e-08,5.74253401e-08,8.21566994e-08,1.2533371630000002e-07,2.989502576e-07,0.008277363499999999,0.000239489221,3.87025651e-06,72.3381407,51.916981299999996,5.765798989999999e-07,6.296933409999999,0.0021220242400000005,0.181331756,0.0001089878505,8.50263361e-06,0.00420718695,0.7287357329999999,0.0001089878505,8.50263361e-06,0.0125320866,4.95453161,0.0001089878505,8.50263361e-06,0.00036846732000000006,0.358316905,0.0001089878505,8.50263361e-06,0.012402821599999999,9.62283034e-07,0.00015479359700000002,-1.8250419306999999,11.493796641,-0.00795625079,-0.011418074949999999,-0.011673412,8.26987256e-06,0.00010550285800000001
113,1661059800,0.0168731977,0.0170270893,-0.028489549800000003,-1.41196765,0.20145614800000003,0.11717747250000002,0.176180376,0.162192448,0.0006711452590000001,0.00782999692,0.00015395855199999998,2.18293269e-08,2.2612555e-08,2.72963492e-08,4.46466695e-08,6.361581250000001e-08,1.016261366e-07,2.48986262e-07,0.008106942260000001,0.00032498711599999997,4.06963808e-06,74.14048199999999,53.0128596,5.70854183e-07,6.3103370100000005,0.0021021127,0.178790739,7.516323890000001e-05,2.98102925e-06,0.00415694122,0.713062285,7.516323890000001e-05,2.98102925e-06,0.0125145273,4.8627458599999995,7.516323890000001e-05,2.98102925e-06,0.000308945903,0.2575220739,7.516323890000001e-05,2.98102925e-06,0.012407171600000001,1.86612699e-07,0.000154125668,-0.17421158500000003,2.533278771,-0.0097800539,-0.0117503202,-0.0119050099,2.67605444e-06,6.925788260000001e-05
113,1661060400,0.016512600100000004,0.0166668147,-0.0290345829,-1.4567460099999998,0.19928108399999997,0.11695325950000002,0.172130256,0.158667342,0.000715466657,0.007739771479999999,0.00015431647500000002,4.4623366199999996e-08,4.60257655e-08,5.422556395000001e-08,7.70546612e-08,9.85602605e-08,1.467939692e-07,3.4015521299999994e-07,0.00789245754,0.00035856965199999993,4.36195985e-06,75.4259855,53.4134192,5.586632690000001e-07,6.33322366,0.00208628997,0.17484482699999998,7.884524259999998e-05,3.57210532e-06,0.00410349952,0.693165809,7.884524259999998e-05,3.57210532e-06,0.012540160299999997,4.93231337,7.884524259999998e-05,3.57210532e-06,0.00031351108300000003,0.31453525109999997,7.884524259999998e-05,3.57210532e-06,0.012423469250000001,2.28255583e-07,0.00015457128199999998,-0.3663383148,3.3032574634,-0.00977780185,-0.01173305895,-0.0118968898,3.1602031999999996e-06,7.256969660000002e-05
113,1661061000,0.0183597257,0.018514414700000002,-0.0250226301,-1.58501208,0.19886857100000002,0.1251922595,0.17171774,0.159304859,0.00063023567,0.008461707600000002,0.000155020687,5.42833276e-08,5.868684364000001e-08,7.57937876e-08,1.241463495e-07,1.9804525020000002e-07,2.0724340529999997e-07,4.08462386e-07,0.00882501763,0.000348517902,4.86835201e-06,76.394552,52.983551999999996,6.19982142e-07,6.37198925,0.0022393183900000003,0.20420102199999998,9.61030309e-05,6.86092349e-06,0.00434830459,0.778695492,9.61030309e-05,6.86092349e-06,0.012581455149999999,5.03900673,9.61030309e-05,6.86092349e-06,0.00035568224699999995,0.4172325404,9.61030309e-05,6.86092349e-06,0.012429888099999998,8.521928640000001e-07,0.000155356253,-0.4639767171000001,8.556851805,-0.007408616099999999,-0.011334486199999999,-0.01169562135,5.854255400000001e-06,8.51104673e-05
113,1661061600,0.0163555446,0.01650991105,-0.023839555799999995,-1.5199438,0.192380877,0.11709102639999999,0.166055068,0.15367969399999998,0.000636438279,0.0076107983500000006,0.000154446159,4.306723245e-08,4.256627955e-08,5.24773099e-08,8.014051509999999e-08,8.986385250000001e-08,1.4016236999999997e-07,2.8445627940000003e-07,0.007861270460000002,0.00031172465400000003,3.96273097e-06,74.2923469,52.9309019,5.536107320000001e-07,6.331526220000001,0.0020773002499999997,0.173504298,7.292092300000001e-05,2.7723525399999997e-06,0.00408809411,0.6903044869999999,7.292092300000001e-05,2.7723525399999997e-06,0.0125151293,4.81494462,7.292092300000001e-05,2.7723525399999997e-06,0.00027418521700000003,0.1939364221,7.292092300000001e-05,2.7723525399999997e-06,0.012423529699999998,1.8119930399999997e-07,0.00015452550099999998,-0.09880701109999998,1.4859805589000001,-0.0102361742,-0.011771180899999999,-0.011925395100000001,2.56030285e-06,6.88934404e-05
113,1661062200,0.0142789048,0.014432923,-0.032087163099999996,-1.47381228,0.183943112,0.10868475650000001,0.15851733899999998,0.14587945100000002,0.00043281033000000003,0.006663331329999999,0.000154167728,3.34118211e-08,3.42018856e-08,4.3611665900000005e-08,7.70748033e-08,2.2965295780000004e-07,1.2718477459999998e-07,2.8197341699999993e-07,0.00686716196,0.00026652515200000003,4.78783476e-06,73.6051174,52.6822509,4.84436393e-07,6.44939188,0.0019735055600000003,0.160238505,8.92415558e-05,4.30286924e-06,0.0038282054000000005,0.603875787,8.92415558e-05,4.30286924e-06,0.012524068199999999,4.88781215,8.92415558e-05,4.30286924e-06,0.00030923024,0.28124188279999995,8.92415558e-05,4.30286924e-06,0.012411039799999999,6.53762537e-07,0.000154688298,-0.5618106367,4.529701342,-0.009533343279999999,-0.0114718818,-0.01167055605,3.6292581700000002e-06,7.73893385e-05
113,1661062800,0.0155199738,0.0156736379,-0.039494356,-1.5165912899999998,0.18754322599999998,0.11376212559999999,0.16200494099999999,0.15064210100000003,0.000331425455,0.0069414431799999995,0.000153837854,3.37104409e-08,4.65630031e-08,6.1905406485e-07,2.889120231e-07,3.1291237120000003e-07,1.0689725799999999e-07,2.2503498360000002e-07,0.00751003628,0.000240329519,7.811649979999999e-06,74.81509539999999,52.1423404,5.25952533e-07,6.39552739,0.00214916037,0.21059174799999997,8.997531929999999e-05,4.884515089999999e-06,0.0040316473400000006,0.676369039,8.997531929999999e-05,4.884515089999999e-06,0.012521751350000002,4.95586397,8.997531929999999e-05,4.884515089999999e-06,0.00033466891499999996,0.35896842300000004,8.997531929999999e-05,4.884515089999999e-06,0.0123966046,2.505125458e-06,0.00015617927100000003,-0.17975479437000003,3.4682575489999996,-0.0047170243899999995,-0.0099625246,-0.010445212200000002,4.3147203e-06,8.10162938e-05
113,1661063400,0.014924083500000001,0.015078146399999997,-0.039130023300000004,-1.49702918,0.179292972,0.1114132226,0.16084241100000002,0.149179556,0.00023584099139999998,0.006477269029999999,0.000154158947,3.20503024e-08,3.50376631e-08,1.711168236e-07,1.0324254560000001e-07,1.838635005e-07,3.7711521030000003e-07,2.450607824e-07,0.007201032759999999,0.000253645111,6.1181708799999995e-06,74.8271572,52.3985367,5.061487339999999e-07,6.29173011,0.0020398611600000002,0.176796507,8.104669960000001e-05,3.5718069900000004e-06,0.003920071430000001,0.6326420909999999,8.104669960000001e-05,3.5718069900000004e-06,0.012546689199999999,4.94122662,8.104669960000001e-05,3.5718069900000004e-06,0.00033052286100000006,0.338020569,8.104669960000001e-05,3.5718069900000004e-06,0.0124141263,8.131300066e-07,0.00015492409600000002,-0.234695249,3.0861815379999995,-0.00857429744,-0.0111280077,-0.011480427499999998,3.2263255700000006e-06,7.310265050000001e-05
113,1661064000,0.01449849865,0.0146526464,-0.042323306399999996,-1.5109406699999999,0.17325529,0.1099212776,0.15709229200000002,0.146216963,0.00018546867,0.00623770317,0.00015420603199999997,2.8828767140000006e-08,2.8320599770000003e-08,3.468998059999999e-08,5.2940668e-08,6.63952728e-08,1.067113763e-07,2.3574670409999995e-07,0.006999779190000001,0.000242930453,5.923969749999999e-06,75.947645,52.31723830000001,4.9184421e-07,6.23204936,0.00195705319,0.15367617,7.02704296e-05,2.50740839e-06,0.0038685768300000005,0.614556939,7.02704296e-05,2.50740839e-06,0.0124968573,4.78560713,7.02704296e-05,2.50740839e-06,0.00026749695,0.18467620450000002,7.02704296e-05,2.50740839e-06,0.012415786100000001,1.44130385e-07,0.00015429634900000002,0.025847716099999994,0.7870517694999999,-0.0102238874,-0.0117942833,-0.0119335525,2.3654146399999996e-06,6.71786508e-05
113,1661064600,0.0166993876,0.0168531944,-0.0281859355,-1.58750437,0.18094302499999998,0.11903400499999998,0.163317479,0.154129702,0.000206019823,0.007189306749999999,0.000153860085,2.77749772e-08,2.810271866e-08,3.8885312099999996e-08,5.89175413e-08,7.726336375000002e-08,1.3631982060000002e-07,2.99701198e-07,0.00814984185,0.000194749128,4.36866245e-06,71.3491324,51.4182675,5.65212869e-07,6.49943408,0.00212849093,0.181844504,7.160247909999998e-05,2.4276944199999997e-06,0.00420176244,0.725468971,7.160247909999998e-05,2.4276944199999997e-06,0.012498888699999999,4.809965,7.160247909999998e-05,2.4276944199999997e-06,0.00029254379099999996,0.21287571499999997,7.160247909999998e-05,2.4276944199999997e-06,0.012400173,1.48565337e-07,0.000153913979,0.028116368093,0.61966936364,-0.01029824905,-0.01176363255,-0.011908672650000002,2.23421743e-06,6.661259250000001e-05
113,1661065200,0.013767028749999998,0.013920817800000002,-0.020109359200000003,-1.62642457,0.164367517,0.1084711596,0.144491911,0.1354916385,0.00026186007100000003,0.00617899415,0.00015383596499999997,1.255152255e-08,1.101882426e-08,1.870056723e-08,2.8600319899999996e-08,3.31106115e-08,4.97058903e-08,1.85174281e-07,0.00667748703,0.00020233734700000005,3.30333421e-06,77.71790089999999,51.87041409999999,4.6796809600000006e-07,6.081786880000001,0.00190009032,0.146147754,7.61179384e-05,2.87291396e-06,0.0037547147400000002,0.5836374560000002,7.61179384e-05,2.87291396e-06,0.012501491600000001,4.84275502,7.61179384e-05,2.87291396e-06,0.000281670462,0.2517284063,7.61179384e-05,2.87291396e-06,0.01240080805,1.7924226999999998e-07,0.000153959765,-0.003674253400000002,0.7110414214,-0.010088380050000002,-0.01171310965,-0.01187115765,2.42502535e-06,6.747264400000001e-05
113,1661065800,0.016545485,0.0166999468,-0.011391804010000001,-1.58452258,0.183455602,0.11821517699999999,0.163129979,0.153792198,0.000218100905,0.00720090259,0.000154536694,4.74952591e-08,4.906719164e-08,6.05162664e-08,8.705464140000001e-08,1.199004869e-07,1.830193701e-07,3.85601429e-07,0.00804475704,0.00022311008900000002,3.865655159999999e-06,71.38015449999999,51.80472470000001,5.598702410000001e-07,6.45754522,0.00209323463,0.177330021,8.10442629e-05,3.0431513099999997e-06,0.00413987886,0.708345008,8.10442629e-05,3.0431513099999997e-06,0.01256883215,4.984714049999999,8.10442629e-05,3.0431513099999997e-06,0.00033472902899999997,0.3854086868,8.10442629e-05,3.0431513099999997e-06,0.012429158400000001,1.7761453799999998e-07,0.000154662126,-0.008010981,0.28462649661000006,-0.0104010713,-0.0117414414,-0.011896727499999999,2.20698383e-06,6.70155169e-05
113,1661066400,0.0152410838,0.015395958650000003,-0.030942338900000005,-1.60838673,0.171755245,0.1137959425,0.15326718,0.144041898,0.000196857688,0.006673540609999999,0.000155010443,2.6453714340000006e-08,2.7580186e-08,3.67531889e-08,6.28686874e-08,8.4335918e-08,1.388031776e-07,3.13556399e-07,0.007406564829999999,0.000207756673,5.38972233e-06,72.9162694,51.735823800000006,5.16281283e-07,6.644278249999999,0.0020052521599999997,0.162507131,7.91116243e-05,3.49561226e-06,0.00396575706,0.649159796,7.91116243e-05,3.49561226e-06,0.012543831049999999,4.884309139999999,7.91116243e-05,3.49561226e-06,0.000301302775,0.26268277689999997,7.91116243e-05,3.49561226e-06,0.0124412912,3.5007263900000005e-07,0.00015513617599999997,-0.1929941852,2.61246080914,-0.009850329299999998,-0.01165791885,-0.011863383299999999,3.1056877100000007e-06,7.1947619e-05
113,1661067000,0.01531494705,0.015469195199999997,-0.025509429299999997,-1.6642457700000002,0.169917688,0.1148596324,0.148842043,0.140104281,0.000291879371,0.00681578953,0.000154303597,2.21390151e-08,2.2556426150000003e-08,3.88456664e-08,5.0496112e-08,6.506514720000001e-08,9.45884813e-08,2.474885844e-07,0.007423638610000001,0.000228340217,4.89471283e-06,76.03832,52.03122950000001,5.191644590000001e-07,6.33941367,0.0020238610600000003,0.166290292,7.729075079999998e-05,2.9852720100000004e-06,0.0039769522300000006,0.6546562089999999,7.729075079999998e-05,2.9852720100000004e-06,0.0125418299,4.944264329999999,7.729075079999998e-05,2.9852720100000004e-06,0.000316296186,0.3392962491,7.729075079999998e-05,2.9852720100000004e-06,0.0124202078,2.2160702899999998e-07,0.000154483845,0.02695819169,0.1659312009,-0.01044159415,-0.011644519000000002,-0.011817785499999999,2.4486379599999998e-06,6.69520812e-05
113,1661067600,0.01329498645,0.013449665900000001,-0.0275484051,-1.71247427,0.15499223,0.1081827425,0.13312906300000002,0.125141318,0.00027128997,0.0060587589500000006,0.000154731717,2.271188785e-08,2.450463362e-08,4.07415875e-08,5.6098271699999986e-08,7.18716479e-08,1.054573999e-07,2.330177126e-07,0.006388389159999999,0.000253072604,5.41905028e-06,75.0741104,52.6571541,4.5184293000000004e-07,6.4841902000000005,0.0018993367599999997,0.14531092299999998,7.24676284e-05,2.6032203400000004e-06,0.00370515062,0.564154136,7.24676284e-05,2.6032203400000004e-06,0.012498764,4.77792081,7.24676284e-05,2.6032203400000004e-06,0.000231220215,0.16180094660000002,7.24676284e-05,2.6032203400000004e-06,0.01243549935,2.17445572e-07,0.000154859594,0.014661317100000001,0.3383637056,-0.0098432173,-0.011675275449999998,-0.0118447733,2.26915635e-06,6.7402288e-05
113,1661068200,0.01047056835,0.0106246273,-0.031834093699999996,-1.62508569,0.154804722,0.0954169536,0.12544133000000002,0.11531601799999999,0.000354488684,0.0051974473699999985,0.000154121721,3.486613698000001e-08,3.9814673899999996e-08,5.666230570000001e-08,6.809955120000001e-08,9.534983560000001e-08,1.37472677e-07,3.34739593e-07,0.0049499461699999995,0.000279233971,5.26910302e-06,76.62002150000001,53.866918999999996,3.5752012800000003e-07,6.80240644,0.00168749367,0.11555260540000001,7.215954510000001e-05,2.62139143e-06,0.00325302321,0.436131157,7.215954510000001e-05,2.62139143e-06,0.01248508985,4.77395136,7.215954510000001e-05,2.62139143e-06,0.000245653247,0.18503475260000002,7.215954510000001e-05,2.62139143e-06,0.012412883500000001,2.4440380600000003e-07,0.00015430201300000002,0.9601897002299999,67.140460746,-0.00624492181,-0.0116802572,-0.011847053299999999,2.3874164999999995e-06,6.864155000000001e-05
113,1661068800,0.010222451669999999,0.010377085349999999,-0.033906677100000004,-1.63218949,0.15202964100000002,0.09389405190000001,0.1203036743,0.10905332939999998,0.0006027403690000001,0.0051861723500000005,0.000154718439,4.22217903e-08,4.82780551e-08,6.292959219999999e-08,7.178339349999999e-08,1.4762204799999999e-07,3.31230877e-07,2.8083867399999997e-07,0.004804312190000001,0.00029814906099999997,7.693591769999999e-06,79.888362,54.5382268,3.49590864e-07,6.78256474,0.00167418097,0.1195819337,7.494265440000001e-05,2.96539558e-06,0.0031695414,0.42166056100000004,7.494265440000001e-05,2.96539558e-06,0.0125020573,4.7702660099999985,7.494265440000001e-05,2.96539558e-06,0.00024269708,0.1726031894,7.494265440000001e-05,2.96539558e-06,0.012430563750000002,4.03022182e-07,0.000154922397,0.07283724295,6.52549527,-0.008315132190000001,-0.01156359505,-0.01176079255,2.7718013200000004e-06,7.05818706e-05
113,1661069400,0.01206766855,0.0122224619,-0.0320477481,-1.5184650100000001,0.16718010300000002,0.10111993179999998,0.14415440000000002,0.13076649099999998,0.000262128153,0.00534885247,0.000154848293,2.5053173000000005e-08,2.6025915609999995e-08,3.6438102699999996e-08,4.2229975199999994e-08,5.6381338399999996e-08,1.6088776929999997e-07,2.78539381e-07,0.005643421210000001,0.000384026805,5.704449709999999e-06,80.80312550000001,55.055145700000004,4.1106359000000003e-07,6.36480233,0.00182642064,0.134876171,7.70890115e-05,2.90760949e-06,0.0034899961200000004,0.5016962070000001,7.70890115e-05,2.90760949e-06,0.012546872650000002,4.89245029,7.70890115e-05,2.90760949e-06,0.00027628060599999997,0.2826088163,7.70890115e-05,2.90760949e-06,0.012444456849999999,1.8755746200000002e-07,0.000155052911,-0.004294220099999999,0.1984175405,-0.010410544150000001,-0.0117392437,-0.01189357915,2.3671049799999996e-06,6.74630995e-05
113,1661070000,0.010746480300000001,0.010901403149999999,-0.02261709329,-1.52668573,0.161029921,0.09567367289999999,0.135716644,0.12262874139999999,0.00027055584399999995,0.00488182956,0.00015497867099999998,2.29643244e-08,2.733550874e-08,3.23997567e-08,4.3442928999999995e-08,6.03002375e-08,3.8483861899999996e-07,1.94657864e-07,0.0049750305400000005,0.000390658379,6.72588062e-06,78.256636,55.8477587,3.66974483e-07,6.56903829,0.00173642689,0.12439141539999998,8.32536275e-05,3.3530939999999995e-06,0.0032636916099999997,0.440121116,8.32536275e-05,3.3530939999999995e-06,0.012566570150000001,4.967777379999999,8.32536275e-05,3.3530939999999995e-06,0.000276707018,0.34772135158,8.32536275e-05,3.3530939999999995e-06,0.01244930585,2.34575599e-07,0.00015522010699999997,-0.028190309099999998,0.2767406543,-0.009863916400000002,-0.0116618487,-0.0118326516,2.42402397e-06,6.79201744e-05
113,1661070600,0.01028226551,0.010436832500000002,-0.035450191799999996,-1.47459738,0.16335498899999998,0.09284076449999999,0.1338790855,0.11977865800000001,0.00030686917760000006,0.004844211030000001,0.000154619831,2.1526173229999997e-08,2.51167242e-08,6.67847738e-08,4.7975237299999996e-08,6.438849764999999e-08,3.39598191e-07,2.0394625100000003e-07,0.004718538570000001,0.00041363267099999996,8.138993840000001e-06,81.5379875,56.6712891,3.51284048e-07,6.68096729,0.0016858280199999998,0.11869745250000001,7.4203936e-05,2.72828166e-06,0.00316340858,0.41679834699999996,7.4203936e-05,2.72828166e-06,0.012521642999999999,4.8271972,7.4203936e-05,2.72828166e-06,0.000262230705,0.22316484120000002,7.4203936e-05,2.72828166e-06,0.0124279606,3.0874802500000004e-07,0.00015476341600000003,0.010592187739999998,-0.054065575899999996,-0.01023765145,-0.011530441649999999,-0.01172115755,2.3784588999999997e-06,6.76256711e-05
113,1661071200,0.011101659299999999,0.011256251399999999,-0.026587992999999997,-1.5811077,0.16436751300000002,0.0976931134,0.13320406399999998,0.1197786551,0.000522165664,0.0055608850500000005,0.00015464012699999998,1.605085335e-08,1.8527825050000003e-08,2.1649671e-08,2.8651475000000002e-08,3.7518070899999997e-08,3.3906065199999995e-07,1.145595983e-07,0.005190208489999999,0.000353695898,6.3006039099999994e-06,81.85323939999999,54.9851007,3.79165142e-07,6.2993771899999995,0.0017555399400000001,0.12739780899999997,7.647920530000002e-05,2.8806166100000003e-06,0.0033258307399999998,0.45818560999999997,7.647920530000002e-05,2.8806166100000003e-06,0.012510859300000001,4.82112884,7.647920530000002e-05,2.8806166100000003e-06,0.000251762781,0.23865640534,7.647920530000002e-05,2.8806166100000003e-06,0.0124303057,2.38013074e-07,0.000154751484,-0.0018671185159999967,3.557677033349999,-0.00905449226,-0.011642482300000001,-0.011814206099999999,2.37567625e-06,6.76848484e-05
113,1661071800,0.01393315,0.01408792375,-0.01644689605,-1.7424153700000002,0.16684259699999998,0.1116006978,0.135116624,0.12709138,0.000488158824,0.006595835729999999,0.000154838961,3.34898056e-08,3.8182410100000004e-08,4.531133010000001e-08,6.045159579999999e-08,7.98642779e-08,4.13543478e-07,2.3531941140000003e-07,0.0064690185400000004,0.000489652511,6.929194230000002e-06,81.0183664,55.896424900000014,4.7277995e-07,6.47334266,0.0019470612299999999,0.15743149400000003,7.20066759e-05,2.6612982699999997e-06,0.0037193227700000006,0.569849829,7.20066759e-05,2.6612982699999997e-06,0.0125175246,4.81195635,7.20066759e-05,2.6612982699999997e-06,0.00026802990500000005,0.1970511367,7.20066759e-05,2.6612982699999997e-06,0.01243924215,2.61481731e-07,0.000154996644,0.02326012085,0.15155772909999998,-0.010019686600000001,-0.01160385235,-0.0117856176,2.36627422e-06,6.7663696e-05
113,1661072400,0.0213514185,0.021506016600000004,-0.017212847700000002,-1.7435773399999999,0.19714351600000002,0.13755344,0.16774262300000004,0.158779848,0.000515254936,0.00954648555,0.000154698151,7.53021224e-08,8.119656546e-08,9.307202244999999e-08,1.2549062740000003e-07,1.6301988326e-07,4.6444794699999997e-07,4.6941372059999993e-07,0.010197032600000003,0.000470005158,7.100217050000001e-06,73.6594418,53.7634368,7.19553566e-07,6.374062329999999,0.00237383713,0.229629423,8.799923450000001e-05,3.7712417299999995e-06,0.00465166427,0.889918102,8.799923450000001e-05,3.7712417299999995e-06,0.012564533950000002,5.084744720000001,8.799923450000001e-05,3.7712417299999995e-06,0.000336994142,0.47491290140000003,8.799923450000001e-05,3.7712417299999995e-06,0.0124302401,2.51338618e-07,0.00015476265599999997,0.005355831706,0.8515795048999999,-0.009615201600000001,-0.01161331455,-0.011790490399999999,2.23889806e-06,6.69492081e-05
113,1661073000,0.021469823800000003,0.021624368499999998,-0.013873923,-1.71273157,0.198868569,0.13753732300000002,0.17288028100000002,0.163279983,0.00063454795,0.009738218900000001,0.00015463118699999998,3.2291053e-08,3.373074804e-08,4.802175705e-08,7.741592380000001e-08,1.053100098e-07,1.6664157320000005e-07,4.86587869e-07,0.010331394099999999,0.000397274888,5.2018439900000004e-06,74.8459454,53.028258300000005,7.23344908e-07,6.3106507999999994,0.00238132035,0.228638019,7.95417801e-05,3.2839554799999997e-06,0.00468127002,0.900626782,7.95417801e-05,3.2839554799999997e-06,0.01253912295,4.889447710000001,7.95417801e-05,3.2839554799999997e-06,0.000323753686,0.3030801733,7.95417801e-05,3.2839554799999997e-06,0.012431764949999998,2.96696804e-07,0.000154846348,-0.07425583865000002,3.47360935418,-0.00856158316,-0.0116322622,-0.0118200252,2.7902395900000002e-06,7.146056520000001e-05
113,1661073600,0.0184421476,0.018596538099999997,-0.015179907324,-1.6666114699999999,0.19455593699999998,0.126893406,0.16991768599999998,0.15645477400000002,0.00043952651399999993,0.00840739357,0.00015449900800000002,3.524600955e-08,3.4145497799999996e-08,4.2632703299999995e-08,6.563656e-08,8.16983864e-08,1.2864878330000002e-07,4.1280323700000003e-07,0.0087607032,0.00045422963199999997,5.23258642e-06,76.8824934,54.12779479999999,6.232406829999999e-07,6.259677829999999,0.0021960636600000002,0.19251912200000001,8.208855999999999e-05,3.64170157e-06,0.0042968817299999995,0.757615476,8.208855999999999e-05,3.64170157e-06,0.012521495399999999,4.89039528,8.208855999999999e-05,3.64170157e-06,0.000299589371,0.2744811345,8.208855999999999e-05,3.64170157e-06,0.0124274723,2.777142640000001e-07,0.000154720535,-0.16922159764000005,2.0146083798,-0.009593475450000001,-0.01168983815,-0.01186808985,3.14627101e-06,7.28504131e-05
113,1661074200,0.0173639923,0.0175193101,-0.027103379900000002,-1.6133345,0.19436843199999998,0.1224964086,0.168905159,0.15495472799999999,0.00032555304500000006,0.00768936913,0.000155397681,3.792861409999999e-08,3.831999933e-08,4.8344396600000003e-08,8.38307177e-08,1.2807585549999997e-07,1.6336405780000001e-07,4.33041183e-07,0.008209790370000001,0.00046446503899999996,6.72792671e-06,76.7903475,54.47578209999999,5.86980307e-07,6.30936212,0.00215407484,0.187057574,8.0053991e-05,3.2018543100000003e-06,0.004168196989999999,0.712510298,8.0053991e-05,3.2018543100000003e-06,0.012582666750000002,4.93589098,8.0053991e-05,3.2018543100000003e-06,0.000325190558,0.3115107378,8.0053991e-05,3.2018543100000003e-06,0.012462256849999999,3.48579248e-07,0.00015565717200000004,-2.0325259383,85.2148345459,-0.008312024290000001,-0.01162460475,-0.01182387555,2.68212342e-06,7.1219422e-05
113,1661074800,0.015497661099999999,0.0156523672,-0.025126157000000003,-1.6956354,0.179480481,0.1169789854,0.149892075,0.137216689,0.00036260413299999994,0.007073244179999999,0.00015477752599999997,2.9920407e-08,3.005136772e-08,3.7901719449999995e-08,7.273221499999999e-08,1.0026456359999999e-07,1.2096930259999998e-07,5.184028749999999e-07,0.00721902733,0.000522482561,6.338927779999999e-06,80.254605,55.725165100000005,5.249644189999999e-07,6.34001157,0.00204398896,0.168660267,7.34453391e-05,2.89125603e-06,0.00391481196,0.6300469879999999,7.34453391e-05,2.89125603e-06,0.012513829750000002,4.794923139999999,7.34453391e-05,2.89125603e-06,0.000255799283,0.1677868958,7.34453391e-05,2.89125603e-06,0.012438071,3.0353388099999996e-07,0.000155009858,-0.07953480800000003,3.0529726794000003,-0.008906471709999999,-0.011687030099999999,-0.011871658949999999,2.71439439e-06,7.003002190000001e-05
113,1661075400,0.0126200768,0.01277533555,-0.024919533,-1.6641730000000003,0.16706760199999998,0.1051968803,0.137404195,0.125291325,0.000337591168,0.00590590889,0.00015545481200000003,2.1118514349999995e-08,1.982772095e-08,3.981407069e-07,1.1301199540000002e-07,1.5906652399999997e-07,1.119935107e-07,3.17901507e-07,0.00590433486,0.000397799698,6.56668852e-06,81.47264449999999,55.08700180000001,4.2935921900000005e-07,6.61716165,0.0018999574500000002,0.1585060826,8.637623290000001e-05,4.4914933e-06,0.00354539608,0.522447265,8.637623290000001e-05,4.4914933e-06,0.012548295899999997,4.88518625,8.637623290000001e-05,4.4914933e-06,0.000294862157,0.25251054995,8.637623290000001e-05,4.4914933e-06,0.0124641308,1.5461515060000002e-06,0.00015690227699999997,-0.438794403313,5.672872641,-0.007778767090000001,-0.01091583225,-0.01115671455,4.12944274e-06,8.134216969999999e-05
113,1661076000,0.014810063100000001,0.0149656771,-0.0276520038,-1.6153446599999999,0.17985548899999998,0.11314034760000002,0.15345467999999998,0.14066679199999998,0.000413397626,0.00689829624,0.000155703355,3.875145239e-08,4.7685260000000003e-08,4.256045795e-07,1.6132834960000002e-07,1.657613188e-07,1.495883408e-07,4.20038047e-07,0.007001762690000001,0.00039500615599999997,6.7636108399999994e-06,78.2700065,54.3074179,5.02064028e-07,6.52672192,0.0020506920099999998,0.18231395,8.75172629e-05,3.81896942e-06,0.00386730736,0.620154752,8.75172629e-05,3.81896942e-06,0.01261464725,5.05736166,8.75172629e-05,3.81896942e-06,0.000323022144,0.42497705411000003,8.75172629e-05,3.81896942e-06,0.012475931499999999,1.331122749e-06,0.000156980418,-0.14488896680000002,2.548307885,-0.00808473867,-0.01055331235,-0.011026614450000001,2.88757936e-06,7.204661050000001e-05
113,1661076600,0.0217946162,0.021950335999999997,-0.0269878716,-1.6415064799999999,0.20558127500000004,0.1354724555,0.180643014,0.169092664,0.000740148417,0.01008380858,0.000155833178,3.424089124e-08,3.634325919999999e-08,4.9606235e-08,7.378224760000001e-08,1.044207071e-07,1.7018172749999997e-07,3.735428015e-07,0.010613274669999999,0.000276966823,6.11053843e-06,72.723736,52.07587430000001,7.3441391e-07,6.412799439999999,0.002358644,0.227866623,8.52037792e-05,3.9909984e-06,0.0046885834599999995,0.9247928340000001,8.52037792e-05,3.9909984e-06,0.0126108456,5.055602240000001,8.52037792e-05,3.9909984e-06,0.000350573285,0.42065757000000004,8.52037792e-05,3.9909984e-06,0.0124672214,2.8221617799999995e-07,0.00015571498199999997,0.06245054766699999,3.7976681342,-0.009058976709999998,-0.011716489200000001,-0.01189410215,2.94797268e-06,7.10281909e-05
113,1661077200,0.0228710242,0.0230266516,-0.0166655154,-1.6771392999999999,0.20876887500000002,0.14109609199999998,0.18615568000000002,0.17295527900000002,0.000546887198,0.010141232650000002,0.000155688879,2.711126705e-08,2.809019794e-08,3.9687818e-08,6.766157029999999e-08,9.05417471e-08,1.546866948e-07,3.37790832e-07,0.01093702375,0.00049324088,4.439181099999999e-06,75.5984545,53.732644099999995,7.70059233e-07,6.285444699999999,0.00247270894,0.24411698200000004,8.602697209999998e-05,3.572124660000001e-06,0.00483152368,0.962766424,8.602697209999998e-05,3.572124660000001e-06,0.012621929,5.092851420000001,8.602697209999998e-05,3.572124660000001e-06,0.00035053345199999997,0.44855473005,8.602697209999998e-05,3.572124660000001e-06,0.0124730077,2.1046421e-07,0.000155787,-0.0187580417,1.4279345279999998,-0.009666413750000002,-0.011733273999999998,-0.0119062299,2.39236797e-06,6.7679914e-05
113,1661077800,0.0273572033,0.027512149200000002,-0.009290364489999998,-1.6587486299999998,0.227706952,0.15353541,0.206368802,0.194293432,0.00047628176,0.011906203800000001,0.000155065597,4.287281150000001e-08,4.513749035e-08,6.033712300000002e-08,9.543965759999998e-08,1.300969226e-07,2.2442967869999997e-07,4.842163955e-07,0.01323600175,0.00043675976599999997,4.63842003e-06,73.7083798,52.7749283,9.19159588e-07,6.47125884,0.00267636505,0.286324413,8.1734105e-05,3.84350647e-06,0.00529553126,1.158655906,8.1734105e-05,3.84350647e-06,0.012577153099999999,4.98268468,8.1734105e-05,3.84350647e-06,0.000361325123,0.3716771075,8.1734105e-05,3.84350647e-06,0.012444739100000001,2.98041287e-07,0.00015517003500000002,-0.2298758399,1.9071654164999998,-0.010005348349999998,-0.0116456324,-0.0118358899,3.2841774000000004e-06,7.326942540000001e-05
113,1661078400,0.021059121899999998,0.0212143505,-0.0104049847,-1.68676059,0.19875606799999998,0.1352684154,0.175130346,0.165117543,0.00043731824999999994,0.009472618300000001,0.00015540679,5.1800598459999995e-08,5.3115585699999986e-08,7.06706407e-08,1.9868784530000002e-07,3.1906421130000004e-07,2.541073317e-07,4.47321544e-07,0.010167724900000001,0.000356858741,3.4037453900000002e-06,72.9671765,52.6926105,7.095431029999999e-07,6.4667559699999995,0.00240891692,0.23720850100000002,8.25410676e-05,3.63290459e-06,0.00465014224,0.890961233,8.25410676e-05,3.63290459e-06,0.01257183315,4.9506517400000005,8.25410676e-05,3.63290459e-06,0.000338549314,0.31267670000000003,8.25410676e-05,3.63290459e-06,0.012460628300000002,8.41307272e-07,0.000156108827,-0.1298083933,3.2566300955000003,-0.0086208206,-0.011293785150000001,-0.011647121650000002,3.1833417199999994e-06,7.471145090000002e-05
113,1661079000,0.0280106407,0.0281656497,-0.014926968100000002,-1.70545767,0.223319317,0.155673573,0.20070612699999998,0.18923077700000002,0.000502015745,0.0122589333,0.000155143909,7.606829199999999e-08,7.60625284e-08,9.685214719999999e-08,1.329931035e-07,1.6898669650000001e-07,2.61578542e-07,5.28344981e-07,0.013514129500000003,0.00048493827,4.77629072e-06,74.09792250000001,52.95858019999999,9.407006440000001e-07,6.490963149999999,0.0027261075100000003,0.300157685,8.94283214e-05,4.19281609e-06,0.005353605410000001,1.19201314,8.94283214e-05,4.19281609e-06,0.0125949228,5.102321519999999,8.94283214e-05,4.19281609e-06,0.00038025760799999996,0.47769900759999995,8.94283214e-05,4.19281609e-06,0.0124516948,3.09085103e-07,0.00015535405699999998,-0.27355533576999996,2.5910993479999997,-0.009743953560000001,-0.0116432337,-0.0118327426,3.10156139e-06,7.34658554e-05
113,1661079600,0.032846716,0.0330015787,-0.0145520133,-1.7064262199999998,0.24525748799999997,0.169450547,0.21960670399999999,0.206443799,0.0005740536689999999,0.014298421549999999,0.00015519140000000003,8.01739028e-08,8.234958790000001e-08,1.050632911e-07,1.3745316629999999e-07,1.7362602279999998e-07,2.7702668739999997e-07,5.83988327e-07,0.0158149078,0.000601547834,5.13003322e-06,73.7170144,53.23331069999999,1.101548934e-06,6.296930290000001,0.00296601928,0.35225744800000003,0.00010168029449999999,7.000299670000001e-06,0.00582418074,1.39884366,0.00010168029449999999,7.000299670000001e-06,0.0126171484,5.200918400000001,0.00010168029449999999,7.000299670000001e-06,0.000418798739,0.5774533057000001,0.00010168029449999999,7.000299670000001e-06,0.0124477723,7.63615801e-07,0.000155699289,-1.16265805605,21.020312808,-0.00573936632,-0.011394069849999999,-0.0116717903,6.315474179999999e-06,9.09252916e-05
113,1661080200,0.035229047299999997,0.035383717200000005,-0.0252451223,-1.6763830299999998,0.254782777,0.17487921899999997,0.232469599,0.218519173,0.00044794050100000003,0.0149700265,0.000154907238,1.252217738e-07,1.2956922239999998e-07,1.5340244189999998e-07,2.255772457e-07,2.688256594e-07,4.010770537e-07,8.37918302e-07,0.0169833813,0.000619886619,8.87272176e-06,71.0048194,53.091806299999995,1.1803127599999999e-06,6.458260659999999,0.00308972229,0.379384938,0.00013295036510000002,7.92203948e-06,0.00606005984,1.5104135300000001,0.00013295036510000002,7.92203948e-06,0.012727777400000001,5.85963436,0.00013295036510000002,7.92203948e-06,0.0005400532400000001,1.2693782431,0.00013295036510000002,7.92203948e-06,0.01243870615,4.2099719000000005e-07,0.00015514285400000004,-0.28615198270000003,3.6526161961999994,-0.009345598770000001,-0.0116383683,-0.01183989005,3.64298329e-06,7.51691352e-05
113,1661080800,0.0248518916,0.025007388000000002,-0.030104614400000007,-1.6336263600000003,0.224406844,0.14583681199999998,0.19999360800000002,0.183980613,0.000613758781,0.01119219115,0.00015611974800000002,4.0121176299999994e-08,3.8767729699999995e-08,4.6397192100000005e-08,7.329059300000001e-08,9.30447798e-08,1.3406519460000004e-07,2.8498750459999993e-07,0.01181818007,0.0005978566999999999,8.55834805e-06,77.90610160000001,54.412028600000006,8.362974800000001e-07,6.24889522,0.00257994387,0.26630164199999995,0.00010135800500000001,8.096634089999998e-06,0.00501390231,1.0459443099999999,0.00010135800500000001,8.096634089999998e-06,0.01258925085,5.0041701,0.00010135800500000001,8.096634089999998e-06,0.000340180091,0.30770067460000006,0.00010135800500000001,8.096634089999998e-06,0.0124722679,1.372174575e-06,0.000156930851,-0.6375824603,3.7638049566000005,-0.008835737860000002,-0.011359279500000001,-0.01166292725,7.8440656e-06,9.7631915e-05
113,1661081400,0.026770903000000002,0.026925646200000004,-0.02695409005,-1.61380518,0.232207089,0.151796859,0.213344009,0.19710601899999997,0.000276650187,0.01135179185,0.000154894396,4.170600575e-08,3.84581169e-08,4.7159432e-08,8.30977459e-08,9.011161750000002e-08,1.376797021e-07,2.9866714700000004e-07,0.0127539024,0.000622091957,8.563272359999999e-06,77.754223,54.078844000000004,9.002232499999999e-07,6.2133993300000006,0.00267974227,0.283725044,8.752862540000001e-05,4.41253614e-06,0.00523330688,1.12350599,8.752862540000001e-05,4.41253614e-06,0.012602532250000001,5.145399139999999,8.752862540000001e-05,4.41253614e-06,0.000404364304,0.5446859134,8.752862540000001e-05,4.41253614e-06,0.012443467949999999,3.72420064e-07,0.00015521355399999997,-0.14731788091999998,3.668207004,-0.009155572300000001,-0.0116401193,-0.0118296425,3.5522527e-06,7.45209992e-05
113,1661082000,0.023879820000000003,0.024033876599999997,-0.028761420700000002,-1.62178247,0.219831707,0.1431845,0.198381056,0.182068055,0.000386682325,0.010291239400000003,0.00015440343800000002,6.378310250000001e-08,6.484473329999999e-08,7.603252120000002e-08,1.196132808e-07,1.451327494e-07,2.15834504e-07,4.2393521099999996e-07,0.0113776285,0.000552949414,7.87060133e-06,75.129225,54.0126337,8.033341639999999e-07,6.39437413,0.00253263264,0.256469916,0.00010909957889999999,6.507203760000001e-06,0.004937694350000001,1.0054683150000001,0.00010909957889999999,6.507203760000001e-06,0.01258360155,5.206849910000001,0.00010909957889999999,6.507203760000001e-06,0.00040183005299999994,0.6080615300999999,0.00010909957889999999,6.507203760000001e-06,0.012410918000000002,8.026264509999999e-07,0.00015479270100000002,0.017137250700000006,17.6972423895,-0.005457286997999999,-0.0115349506,-0.0117817391,4.63201905e-06,8.26786216e-05
113,1661082600,0.0156494265,0.01580421665,-0.027151143899999997,-1.6891100000000001,0.17396781200000003,0.11712278859999999,0.15319217499999999,0.13969176199999997,0.00022820947,0.006766887860000001,0.00015486364,3.3320345999999994e-08,3.48512737e-08,4.33994907e-08,6.44174692e-08,8.836888680000001e-08,1.368089568e-07,2.9270225360000006e-07,0.00730564034,0.0005119350409999999,6.367810439999999e-06,78.33466700000001,55.5668807,5.298814890000001e-07,6.5551971600000005,0.0020500630200000003,0.166827934,7.89674724e-05,3.17090273e-06,0.003950444149999999,0.643507366,7.89674724e-05,3.17090273e-06,0.012545239700000002,4.905127820000001,7.89674724e-05,3.17090273e-06,0.0003024364,0.30500008650000004,7.89674724e-05,3.17090273e-06,0.012442044849999999,1.90344942e-07,0.000154995473,-0.13512685176,1.7847085699999998,-0.009955483099999999,-0.0117644085,-0.0119187527,2.5201502400000004e-06,6.861162139999999e-05
113,1661083200,0.007941396020000002,0.008095436269999999,-0.12186771140000001,-0.46038305400000007,0.18128053400000002,0.0743091147,0.128441421,0.11077838339999999,0.000541534806,0.0061899317799999996,0.00015447354399999996,1.052315258e-07,1.4661499919999998e-07,2.2553207509999999e-07,2.4777663369999997e-07,3.5467364190000005e-07,5.259916617e-07,8.099214643000002e-07,0.00321623648,0.000714525945,3.708541063000001e-05,86.071924,67.35012609999998,2.7188605900000003e-07,6.800868990000001,0.00139768726,0.1467692231,0.00010280234200000001,7.164982289999999e-06,0.00257730928,0.29022072100000007,0.00010280234200000001,7.164982289999999e-06,0.0124782194,4.7734492699999995,0.00010280234200000001,7.164982289999999e-06,0.000293991062,0.17478790959999999,0.00010280234200000001,7.164982289999999e-06,0.0124373986,2.6835299349999997e-06,0.00015673699700000004,-1.1914491722,59.401297331,-0.0003302339699999998,-0.01124518105,-0.0117281963,8.92360536e-06,0.00011156501530000002
113,1661083800,0.01026478141,0.01041887953,-0.0558329882,-0.566467338,0.18394311600000002,0.0792659161,0.162679964,0.14141681849999999,0.000199074877,0.00454805556,0.000154248961,2.412186276e-08,2.4261072899999996e-08,2.6834863129999997e-08,3.78534066e-08,5.8163966599999997e-08,7.168611755000001e-08,1.5362258730000002e-07,0.00427564422,0.0008506867199999999,5.50980914e-06,88.68762899999999,64.97812200000001,3.50940525e-07,6.402347230000001,0.0014731858,0.1103829499,8.198847660000001e-05,3.6656807799999996e-06,0.00301782368,0.376780826,8.198847660000001e-05,3.6656807799999996e-06,0.012516385800000002,4.85327519,8.198847660000001e-05,3.6656807799999996e-06,0.000282706361,0.2522833293000001,8.198847660000001e-05,3.6656807799999996e-06,0.012412679999999999,3.71918035e-07,0.00015443880599999997,1.2852093559999997,70.31978614700002,-0.00757179486,-0.011672312,-0.011875371300000001,3.33636013e-06,7.604767090000001e-05
113,1661084400,0.0126829156,0.012837407649999999,-0.0371241598,-0.7124608539999999,0.19781854100000001,0.09152752509999999,0.18026800399999998,0.15806731999999998,0.00016971688739999999,0.005394005049999999,0.000154793996,2.3074141970000003e-08,2.1947506029999998e-08,2.779907545e-08,6.74785667e-08,5.43395486e-08,8.05864236e-08,1.519291962e-07,0.0054346162899999995,0.0009015848289999999,4.523817930000001e-06,87.02422250000001,62.886545999999996,4.31561542e-07,6.2930472900000005,0.0016267117599999999,0.135907043,9.034245100000001e-05,5.09649872e-06,0.00339888468,0.475531195,9.034245100000001e-05,5.09649872e-06,0.012531753100000001,4.872776580000002,9.034245100000001e-05,5.09649872e-06,0.000309704269,0.263147626,9.034245100000001e-05,5.09649872e-06,0.012433058800000002,7.620439070000001e-07,0.000155343817,-0.6341006145299999,5.371914798000001,-0.008462136089999999,-0.01149147015,-0.011780821450000003,4.797467279999999e-06,8.255097770000001e-05
113,1661085000,0.016048183299999998,0.0162026499,-0.029523532900000003,-0.8676352440000002,0.22016922,0.10546845200000002,0.19759353,0.17501784499999998,0.0003653137416,0.00699724174,0.00015462949,2.5875003299999998e-08,2.436875901e-08,3.26880551e-08,4.60458176e-08,6.284027409999998e-08,8.740126939999999e-08,1.8566760440000002e-07,0.0071474641200000005,0.0008707134010000001,5.27966766e-06,85.2047319,60.008696099999995,5.43425412e-07,6.1315374700000005,0.00184312949,0.171446986,8.391848299999999e-05,4.483926379999999e-06,0.00389506488,0.6291236330000001,8.391848299999999e-05,4.483926379999999e-06,0.012518984799999999,4.83037818,8.391848299999999e-05,4.483926379999999e-06,0.000284000296,0.22712980469999997,8.391848299999999e-05,4.483926379999999e-06,0.01243362665,4.5380701700000004e-07,0.000155029884,0.008121867400000005,30.469325631000004,-0.00584696535,-0.01163876115,-0.011837287850000001,4.266501610000001e-06,7.87684078e-05
113,1661085600,0.01513547795,0.01529023075,-0.01352933137,-0.791501566,0.21626910100000002,0.1017361715,0.19665600400000002,0.17295527900000002,0.00024358856100000008,0.00651406713,0.000154831666,3.822251976e-08,3.672380037e-08,4.615698237e-08,6.42094611e-08,8.45521393e-08,1.172056613e-07,2.322490156e-07,0.006579074690000001,0.00098378123,4.18219141e-06,85.8206022,61.842540299999996,5.129536740000001e-07,6.340658599999999,0.0017698925300000002,0.16037679600000002,7.47067e-05,2.9898643800000003e-06,0.0037509894700000004,0.5782489829999999,7.47067e-05,2.9898643800000003e-06,0.0125267152,4.81606473,7.47067e-05,2.9898643800000003e-06,0.00028051458600000003,0.221904339,7.47067e-05,2.9898643800000003e-06,0.012442655600000001,2.04699155e-07,0.00015502454500000002,0.003924127850000003,0.7188467237699999,-0.010108103949999999,-0.011711988750000001,-0.0118828144,2.7136486e-06,6.87566136e-05
113,1661086200,0.01435847365,0.0145131077,-0.037089167900000004,-0.7550908049999999,0.211993971,0.099557964,0.19305589799999998,0.16714260100000003,0.000185027547,0.00614388482,0.000155277908,3.62850648e-08,3.7002561050000004e-08,4.6661473000000005e-08,7.009406620000001e-08,7.56087304e-08,1.165578964e-07,2.2967603600000005e-07,0.006015181530000001,0.00115808773,4.70912784e-06,85.97541000000001,64.875898,4.86853048e-07,6.506997440000001,0.0017160759100000003,0.154286981,0.00011301310600000001,8.22724479e-06,0.00358844392,0.5298075640000001,0.00011301310600000001,8.22724479e-06,0.01261870815,5.18524383,0.00011301310600000001,8.22724479e-06,0.000408788749,0.5637212587,0.00011301310600000001,8.22724479e-06,0.01244907835,1.380963529e-06,0.000156225007,-0.5588509367000001,9.5344641092,-0.00662794136,-0.01133107375,-0.0117413565,7.1094224200000005e-06,9.6052837e-05
113,1661086800,0.014020421299999999,0.014175189000000001,-0.045166169299999996,-0.885014638,0.205543777,0.1012765275,0.1866807,0.160879911,0.000152023384,0.005947574620000001,0.00015504631600000003,3.54522912e-08,3.5937540270000003e-08,5.0689686700000004e-08,5.769342025000001e-08,9.771150499999999e-08,1.194833908e-07,2.0609657760000002e-07,0.00570887731,0.00129489132,5.560636050000001e-06,86.71202159999999,67.13531839999999,4.7583258799999996e-07,6.21480084,0.0016992506899999999,0.15222780200000002,9.51259602e-05,6.131725780000001e-06,0.0034941066299999995,0.50248769,9.51259602e-05,6.131725780000001e-06,0.0125912039,5.039999620000001,9.51259602e-05,6.131725780000001e-06,0.00035470552900000003,0.43107895650000005,9.51259602e-05,6.131725780000001e-06,0.01244535735,7.375456359999999e-07,0.000155625285,-0.6666328557000002,12.000814545,-0.00698776019,-0.01155205355,-0.0118137828,5.8178575e-06,8.923524e-05
113,1661087400,0.0147951684,0.0149500724,-0.0264614709,-1.1130901799999997,0.20606879300000003,0.10761431429999999,0.18480564,0.16046739799999998,0.000149964688,0.00629463569,0.00015506432900000002,3.05353003e-08,3.047048577e-08,3.84336772e-08,5.282902249999999e-08,7.15404082e-08,1.010273677e-07,1.999638733e-07,0.00606825798,0.0013238605,4.768697519999999e-06,89.3945291,66.57952450000002,5.01550285e-07,6.40782202,0.0017774161,0.159480264,9.247336740000001e-05,4.98413803e-06,0.0036080075000000005,0.534865226,9.247336740000001e-05,4.98413803e-06,0.012595221200000001,5.0468854400000005,9.247336740000001e-05,4.98413803e-06,0.000351105048,0.4143627476000001,9.247336740000001e-05,4.98413803e-06,0.012452090700000001,3.79857921e-07,0.000155436025,-0.9835781942,18.656807683399997,-0.007668940745000001,-0.011683897799999999,-0.011870275750000001,4.126694390000001e-06,7.7807772e-05
113,1661088000,0.014647008,0.01480222805,-0.029875804099999997,-1.027150621,0.207006319,0.1059620627,0.18799324,0.161142419,0.00017142740039999998,0.006261785220000001,0.00015581232099999998,2.99978076e-08,2.6350129670000003e-08,3.384208685e-08,4.54759859e-08,1.247112225e-07,8.31470703e-08,2.12353712e-07,0.005897079090000001,0.0014209427099999999,4.33007951e-06,87.5839406,68.0862838,4.96529482e-07,6.29009619,0.00175818913,0.15919358300000003,9.696100609999999e-05,6.52559595e-06,0.00354795554,0.517747601,9.696100609999999e-05,6.52559595e-06,0.012587705600000002,5.005290530000001,9.696100609999999e-05,6.52559595e-06,0.000346783036,0.34063476200000004,9.696100609999999e-05,6.52559595e-06,0.0124572495,1.4070414750000002e-06,0.000156589352,-0.36520459924999993,7.5915763294000005,-0.007602106250000002,-0.0114630968,-0.0117499511,7.246896099999999e-06,9.50228826e-05
113,1661088600,0.013724602449999998,0.0138795283,-0.0322558316,-1.0461812170000002,0.204231233,0.1028163315,0.18034300399999997,0.154204705,0.000263206108,0.006167361289999999,0.00015512290400000002,3.56911534e-08,3.4007570449999995e-08,4.458181925e-08,6.52376986e-08,9.347500619999998e-08,1.515511256e-07,2.501633778e-07,0.0055336106200000006,0.0013226590199999998,5.15476563e-06,85.741432,67.89559740000001,4.6571709699999997e-07,6.50356272,0.00170423673,0.14927662599999997,8.35618176e-05,4.081503e-06,0.0034410220000000006,0.4879258780000001,8.35618176e-05,4.081503e-06,0.01259068505,4.9813394,8.35618176e-05,4.081503e-06,0.000358422358,0.35990952740000004,8.35618176e-05,4.081503e-06,0.012446751,5.088923730000001e-07,0.000155431089,-0.12260290726000003,8.526159469100001,-0.008217452929999999,-0.011663273200000001,-0.011873380950000002,3.6804956e-06,7.6421537e-05
113,1661089200,0.0134526913,0.013607929799999998,-0.03384935136,-1.04279166,0.19826855100000002,0.10163778640000001,0.17801793,0.15285466600000003,0.000177258922,0.00578622049,0.000155390062,3.6841079899999996e-08,3.47289377e-08,4.190659193e-08,5.8267918699999995e-08,7.59206476e-08,1.097038082e-07,2.1398242630000004e-07,0.00536968915,0.0013495620599999999,6.36000189e-06,88.9157799,68.7593118,4.56714833e-07,6.39307297,0.00166335133,0.142065025,7.843074580000001e-05,3.40115489e-06,0.00338083686,0.47075308499999996,7.843074580000001e-05,3.40115489e-06,0.012548672050000001,4.8692543100000005,7.843074580000001e-05,3.40115489e-06,0.000288096327,0.24697749330000002,7.843074580000001e-05,3.40115489e-06,0.01245153205,2.9019758099999995e-07,0.000155331838,0.007808513899999936,5.414697493299999,-0.00954852625,-0.0117658972,-0.01193699,2.9970254200000006e-06,7.18589114e-05
113,1661089800,0.012093580999999999,0.012248756349999999,-0.009618610549999998,-1.086790373,0.187093211,0.09697185500000001,0.168605148,0.142804365,0.000164419945,0.00518406068,0.00015522495900000002,1.733581531e-08,1.83929502e-08,2.261540265e-08,3.45211673e-08,4.63439684e-08,7.457797430000002e-08,1.643953207e-07,0.004651260440000001,0.00138982773,5.26069197e-06,90.49002949999999,71.335686,4.1160351599999995e-07,6.477728359999999,0.0015948706100000001,0.12887311810000002,9.053263019999999e-05,3.7895876e-06,0.00315001047,0.40853080799999997,9.053263019999999e-05,3.7895876e-06,0.012617243250000002,5.11384762,9.053263019999999e-05,3.7895876e-06,0.00035564989999999996,0.509683335,9.053263019999999e-05,3.7895876e-06,0.01245987545,1.4940179900000002e-07,0.00015539891499999998,3.7444599999995884e-05,1.2475811260000003,-0.010086458900000001,-0.0118357188,-0.0119727234,2.36590337e-06,6.79659791e-05
113,1661090400,0.008933201630000002,0.00908854068,-0.022030153890000004,-1.0020405600000002,0.16436752000000004,0.081640389,0.143741889,0.11951614800000002,0.000234706045,0.00412681278,0.000155404901,3.079800968000001e-08,3.1127941800000004e-08,3.5956244199999996e-08,4.859275550000001e-08,6.367143890000001e-08,8.9511978e-08,1.7549931199999997e-07,0.0033160234100000005,0.00114514741,4.88153894e-06,89.68288350000002,74.05799399999998,3.06562866e-07,6.61346908,0.00137292848,0.0971274302,7.84367798e-05,3.1222239499999998e-06,0.00264154627,0.292839481,7.84367798e-05,3.1222239499999998e-06,0.0125572188,4.88046866,7.84367798e-05,3.1222239499999998e-06,0.000266190414,0.25862180985000005,7.84367798e-05,3.1222239499999998e-06,0.012462923849999998,1.8132584999999998e-07,0.00015550037999999998,0.7426204992,27.443396706999994,-0.007808086170000001,-0.0118132281,-0.011962437599999999,2.6200130799999995e-06,6.92754239e-05
113,1661091000,0.01388968045,0.014045005699999998,-0.037990049299999995,-0.8981216819999999,0.20648130200000003,0.1006861591,0.184393131,0.159979885,0.00028775120600000003,0.006065814260000001,0.00015538289799999996,2.5777184200000002e-08,2.664162769e-08,3.2261954399999993e-08,4.74049704e-08,6.253762990000001e-08,1.0013936360000001e-07,2.133901168e-07,0.0057139654500000005,0.0012229766700000001,7.316947400000001e-06,88.9596795,66.3955326,4.71166781e-07,6.471982299999999,0.0016828397300000003,0.149287063,8.582150450000001e-05,3.52571918e-06,0.00349539094,0.505796556,8.582150450000001e-05,3.52571918e-06,0.0126087219,5.05437583,8.582150450000001e-05,3.52571918e-06,0.000336167156,0.43476624519999996,8.582150450000001e-05,3.52571918e-06,0.012466629849999999,1.66305274e-07,0.00015558357,0.07585913705,0.7022889229999999,-0.010333926100000002,-0.011800344199999998,-0.011955719149999999,2.4863030799999995e-06,6.791314209999999e-05
113,1661091600,0.0123373914,0.012492430799999999,-0.062147063,-0.9588904819999999,0.18998079899999998,0.09589253069999999,0.169992689,0.14715449100000003,0.00021512290100000002,0.00542808863,0.000155092359,1.9477715380000003e-08,1.8072131360000004e-08,2.2492212300000004e-08,3.5697760650000004e-08,4.59120876e-08,6.92264037e-08,1.390176169e-07,0.004976465000000001,0.0011828579000000001,8.959136830000001e-06,91.195164,67.7156106,4.1977668899999997e-07,6.38167648,0.00159346879,0.13202835000000002,9.20016841e-05,3.99657974e-06,0.00326590443,0.4391634890000001,9.20016841e-05,3.99657974e-06,0.012635889,5.1730698,9.20016841e-05,3.99657974e-06,0.000373553056,0.5480162406000001,9.20016841e-05,3.99657974e-06,0.0124542673,1.66728973e-07,0.000155275945,0.09654364698,0.3973601586,-0.01048718415,-0.011777786299999999,-0.011934533600000002,2.47528882e-06,6.69930205e-05
113,1661092200,0.010922689250000001,0.0110772194,-0.0903444872,-0.709718981,0.185555662,0.086201763,0.16489253099999998,0.14160432299999998,0.00016214444360000002,0.0048186805,0.000154581299,1.964281155e-08,1.9154019e-08,2.4796022550000002e-08,3.81309737e-08,5.3823282e-08,8.035678980000001e-08,1.548673574e-07,0.00428873347,0.00116145176,1.070995354e-05,90.6006431,69.5764466,3.72731716e-07,6.3678893500000004,0.0014874924199999998,0.117422259,9.9302212e-05,4.45849927e-06,0.00301478442,0.37428162900000006,9.9302212e-05,4.45849927e-06,0.01264575395,5.2840917,9.9302212e-05,4.45849927e-06,0.000394265828,0.6582229820000001,9.9302212e-05,4.45849927e-06,0.0124298857,1.9349945500000001e-07,0.000154696439,0.08297707906700001,2.1820453945000002,-0.009921511159999999,-0.0117732776,-0.01192169895,2.40812898e-06,6.68897504e-05
113,1661092800,0.0097981104,0.009952943600000003,-0.07679309980000001,-0.8603070970000001,0.173105287,0.08429606569999999,0.15349218999999997,0.12922894449999997,0.0001047973941,0.00418674631,0.00015489084,2.6610856200000003e-08,2.8047396799999997e-08,3.79098379e-08,4.54628553e-08,5.743869590000001e-08,8.31590985e-08,1.5718385860000002e-07,0.00366938811,0.0012195788499999999,9.58816376e-06,93.2969321,73.1063891,3.3527503000000005e-07,6.53765238,0.00141303442,0.10551656579999999,8.06689683e-05,3.1303091799999998e-06,0.00279429423,0.323017867,8.06689683e-05,3.1303091799999998e-06,0.012564642550000001,4.944181649999999,8.06689683e-05,3.1303091799999998e-06,0.000297224639,0.33088814200000005,8.06689683e-05,3.1303091799999998e-06,0.012444030850000001,1.63761859e-07,0.000155019101,0.04637599425999999,0.7035446777,-0.0100196909,-0.01178658525,-0.011933946599999998,2.3433657699999996e-06,6.73070283e-05
113,1661093400,0.00713708183,0.007291566270000001,-0.08377547630000001,-0.6686119,0.15169213099999998,0.069337182,0.132529049,0.10935333759999999,0.0001237205438,0.0031305794900000003,0.000154534833,1.6149443440000003e-08,1.766573402e-08,2.1384500659999998e-08,2.8654915100000002e-08,3.73880093e-08,5.50109994e-08,1.0480515720000001e-07,0.0023308690999999998,0.0012276062599999998,9.708001740000001e-06,96.1481148,81.230557,2.46899585e-07,6.5413037,0.00120722006,0.0775546089,7.5572079e-05,2.7604614099999996e-06,0.0022319844799999996,0.20593700799999998,7.5572079e-05,2.7604614099999996e-06,0.012532905950000001,4.84861795,7.5572079e-05,2.7604614099999996e-06,0.0002753280560000001,0.2558970649,7.5572079e-05,2.7604614099999996e-06,0.0124298409,1.5224987299999997e-07,0.000154654538,0.11150475152999999,1.801898513,-0.009591111,-0.011799558649999998,-0.01194938285,2.37157212e-06,6.74352438e-05
113,1661094000,0.0160476202,0.0162021425,-0.036785918300000005,-1.32724835,0.199243583,0.11337978,0.17434282399999998,0.152667162,0.00043598700250000003,0.007263270069999999,0.00015458712199999998,3.52630056e-08,3.8090334050000004e-08,4.415091482e-08,6.04897425e-08,7.515997735e-08,1.1324812419999999e-07,2.3511521270000002e-07,0.00685798009,0.00115607842,9.076506829999999e-06,87.9960955,65.86418749999999,5.43037601e-07,6.272344820000001,0.00198122994,0.1725339334,7.72225142e-05,2.9078188599999997e-06,0.0037299664200000004,0.605046019,7.72225142e-05,2.9078188599999997e-06,0.012536104400000001,4.89743002,7.72225142e-05,2.9078188599999997e-06,0.000281348229,0.27968257136999997,7.72225142e-05,2.9078188599999997e-06,0.0124301197,1.76111272e-07,0.000154680346,0.01668907725,39.31336531699999,-0.00774243934,-0.011781963650000001,-0.011930557050000002,2.32227337e-06,6.679099399999999e-05
113,1661094600,0.0202180994,0.020372721099999998,-0.0243887771,-1.6601445599999998,0.20006860799999998,0.13359222,0.18199305999999998,0.161479927,0.00016464741419999998,0.00844822555,0.000154691718,3.8550950949999996e-08,4.02548347e-08,4.967257145e-08,7.234347109999998e-08,9.261657225e-08,1.533960464e-07,3.097780756e-07,0.0089030594,0.00119425761,1.09006185e-05,82.8260068,60.9975218,6.81542607e-07,6.296705489999999,0.0023243913400000002,0.212984783,0.00010620039420000001,5.1944368800000006e-06,0.0043611121999999995,0.7805121469999999,0.00010620039420000001,5.1944368800000006e-06,0.0126363,5.371337499999999,0.00010620039420000001,5.1944368800000006e-06,0.000417076625,0.7922018201000001,0.00010620039420000001,5.1944368800000006e-06,0.0124323697,1.80383757e-07,0.000154744903,-0.0157101619,2.4842843610000003,-0.0094732811,-0.01174883445,-0.011911013299999999,2.5047627599999997e-06,6.73292626e-05
113,1661095200,0.0191347979,0.0192894151,-0.021305148000000003,-1.66264198,0.195305963,0.130114216,0.17651789,0.157692312,0.0001815563915,0.00805974934,0.00015468842200000001,3.5064935599999996e-08,3.607234717e-08,4.90588265e-08,6.393690590000001e-08,8.08408477e-08,1.269898034e-07,2.609941616e-07,0.008412677899999998,0.00114538699,8.579983799999999e-06,83.66170199999999,61.0629498,6.45684568e-07,6.29489034,0.0022769854900000002,0.204653504,9.291329999999999e-05,4.15845302e-06,0.0042576635699999995,0.74438907,9.291329999999999e-05,4.15845302e-06,0.012601489700000001,5.159381120000001,9.291329999999999e-05,4.15845302e-06,0.000370409592,0.5562602400700001,9.291329999999999e-05,4.15845302e-06,0.01243613505,1.9989370400000001e-07,0.000154857867,-0.05484490679999998,3.2751327679999997,-0.0091478707,-0.011755624000000001,-0.01191580035,2.62923409e-06,6.925059510000002e-05
113,1661095800,0.020611009399999998,0.020765633500000002,-0.0233864495,-1.67473726,0.20288119500000001,0.134795614,0.18240556800000002,0.163654996,0.00016781534400000004,0.0087688609,0.00015472080600000001,7.376254180000001e-08,7.73229228e-08,9.036203800000002e-08,1.199477429e-07,1.564328777e-07,2.2270630500000003e-07,4.26724655e-07,0.00932492185,0.000971071817,8.199625949999999e-06,80.07779950000001,58.667064200000006,6.94651988e-07,6.47729333,0.0023452143700000002,0.21719931299999998,9.682654840000001e-05,4.3310858e-06,0.004457597829999999,0.8157473850000001,9.682654840000001e-05,4.3310858e-06,0.012601789450000001,5.2122508,9.682654840000001e-05,4.3310858e-06,0.000375148124,0.6158728188,9.682654840000001e-05,4.3310858e-06,0.01243252715,2.0399035000000001e-07,0.00015477208800000002,0.09064715720000001,7.23502996,-0.00807039271,-0.01174567055,-0.0119059663,2.23927564e-06,6.721839070000001e-05
113,1661096400,0.0195459181,0.019700463699999997,-0.016064383999999998,-1.64602949,0.200556123,0.131143814,0.181618046,0.162492463,0.00024935730999999997,0.0082957167,0.00015462913,5.5679508799999995e-08,5.8651693330000006e-08,6.935081100000001e-08,9.34982571e-08,1.2023755629999998e-07,1.773685102e-07,3.3145252360000004e-07,0.00886955555,0.000898005401,4.39793214e-06,81.9694547,58.30732290000001,6.593018739999999e-07,6.2259810700000005,0.0023011171600000003,0.20879714300000002,9.198264250000001e-05,4.03304205e-06,0.0043641995699999995,0.781661707,9.198264250000001e-05,4.03304205e-06,0.01258429415,5.151763010000001,9.198264250000001e-05,4.03304205e-06,0.00035610456299999996,0.5416702314999998,9.198264250000001e-05,4.03304205e-06,0.012434072200000002,2.0849988599999995e-07,0.000154815132,0.09535492810000004,4.4285244740000005,-0.00855180783,-0.0117276037,-0.011891881699999999,2.39942589e-06,6.79332176e-05
113,1661097000,0.0206955738,0.0208502463,-0.0139107092,-1.62438585,0.2096689,0.134342445,0.188180745,0.170367701,0.0001977069722,0.008676164149999999,0.000154733511,3.1958247500000005e-08,3.527662909999999e-08,4.2006679700000006e-08,6.909760729999999e-08,8.61550941e-08,1.415374393e-07,3.025662784e-07,0.009517199200000001,0.0008256577709999999,4.15651013e-06,80.7664945,57.2430419,6.97690856e-07,6.470614360000001,0.0023518488,0.218180674,8.6068368e-05,3.6411957600000003e-06,0.00450185473,0.8323749079999999,8.6068368e-05,3.6411957600000003e-06,0.012552169200000001,5.01899783,8.6068368e-05,3.6411957600000003e-06,0.00031014113500000005,0.40095826211999996,8.6068368e-05,3.6411957600000003e-06,0.01243411685,2.06757357e-07,0.000154814425,0.0949845162,5.912515109999999,-0.00846242438,-0.011725121600000001,-0.011886499799999999,2.40759635e-06,6.80186649e-05
113,1661097600,0.0209378185,0.021091781299999997,-0.014697974645,-1.57198196,0.21795665400000003,0.13431359899999998,0.19358090900000002,0.17513034700000002,0.00023721008309999999,0.008783904050000001,0.00015407140099999998,3.0063785900000007e-08,3.31103217e-08,4.20563042e-08,6.4608128e-08,7.90363028e-08,1.264333824e-07,2.604548401e-07,0.00972167345,0.0007419523960000001,4.5314256200000005e-06,80.5632244,56.3024237,7.059668710000001e-07,6.12037415,0.00237776351,0.22376500500000002,8.565454759999999e-05,4.17140109e-06,0.00457039771,0.8570578080000001,8.565454759999999e-05,4.17140109e-06,0.012547919900000001,5.03047916,8.565454759999999e-05,4.17140109e-06,0.0003492205160000001,0.43993804140000003,8.565454759999999e-05,4.17140109e-06,0.0124096827,3.5323400499999996e-07,0.000154344372,0.33925067779999996,51.43013466499999,-0.004764171204,-0.01165233765,-0.011836574899999999,3.2337211700000004e-06,7.250375630000001e-05
113,1661098200,0.0210407197,0.0211951499,-0.0227770246,-1.4581365,0.222569297,0.132379237,0.19905608100000002,0.18191805200000002,0.000230804238,0.008853618499999999,0.00015448994400000003,4.63499454e-08,3.9222213400000004e-08,4.7624039e-08,7.2547e-08,8.982257779999998e-08,1.2957049740000002e-07,3.04077456e-07,0.00987795835,0.0006348679910000001,6.74406751e-06,81.29461540000001,55.3112819,7.09451767e-07,6.409509440000001,0.00236204877,0.22255401299999997,0.0001039857784,4.78757681e-06,0.004594555039999999,0.867505819,0.0001039857784,4.78757681e-06,0.0126339749,5.34650346,0.0001039857784,4.78757681e-06,0.00044474158399999996,0.7571146758599999,0.0001039857784,4.78757681e-06,0.012423732600000001,2.3437842299999996e-07,0.000154583819,0.10295727169999999,11.34729476,-0.0071170090499999995,-0.01169052055,-0.011860906899999999,2.2608596799999997e-06,6.66443172e-05
113,1661098800,0.0208992293,0.0210540838,-0.0249777714,-1.42166075,0.24176988000000002,0.131952445,0.20048111899999999,0.18176805299999998,0.000185614522,0.00871045103,0.000154936564,1.017041998e-07,6.05597812e-08,8.261797259999998e-08,1.1210811109999999e-07,1.468961566e-07,2.0605796349999998e-07,4.94538291e-07,0.0096466143,0.000782007113,1.97047834e-05,82.2005044,56.8499853,7.04099272e-07,6.60528469,0.0023474629099999996,0.22289411,8.195903490000001e-05,3.28638009e-06,0.004520296920000001,0.838654161,8.195903490000001e-05,3.28638009e-06,0.012593287,5.04382536,8.195903490000001e-05,3.28638009e-06,0.000509626649,0.426986458,8.195903490000001e-05,3.28638009e-06,0.0124475805,4.7643544e-07,0.00015536566299999998,2.0227776962999995,115.72060771,-0.00010378570999999984,-0.01151980125,-0.011728237399999999,2.47158697e-06,6.93716895e-05
113,1661099400,0.0221859503,0.022341196900000002,-0.022305134900000002,-1.50931542,0.237794758,0.13696941099999999,0.20074363,0.183793111,0.000261142181,0.0094233021,0.000155323629,5.78708476e-08,7.75354719e-08,2.5033481999999995e-07,1.1159710610000001e-07,1.402729838e-07,1.900483811e-07,4.0481783e-07,0.010388683200000002,0.000690637018,1.2341461849999999e-05,79.9681481,55.626547499999994,7.47184472e-07,6.510643310000001,0.0024385246800000004,0.24264194100000003,8.770931740000001e-05,3.82750126e-06,0.00470175526,0.9117897349999999,8.770931740000001e-05,3.82750126e-06,0.0125820664,5.062584030000001,8.770931740000001e-05,3.82750126e-06,0.000363759124,0.44582500236,8.770931740000001e-05,3.82750126e-06,0.0124580473,7.752113830000001e-07,0.00015597774500000002,0.150253148246,8.425421870000001,-0.0029110524278,-0.0111673885,-0.011432304,2.4803711100000004e-06,6.82709375e-05
113,1661100000,0.0212671614,0.021422329900000002,-0.0225646015,-1.54477614,0.257970371,0.13464037,0.193730915,0.177905431,0.00023974501200000006,0.00918152895,0.000155233301,6.98364318e-08,1.280885665e-07,2.9518178400000004e-07,2.7985309040000003e-07,2.478649424e-07,3.0170269340000007e-07,3.8111313100000003e-07,0.010013661000000002,0.000606003159,1.21446907e-05,84.9507064,55.01088500000001,7.16908506e-07,6.74667137,0.00244558612,0.25935682299999996,9.33129739e-05,4.2642726000000005e-06,0.00463209584,0.885483509,9.33129739e-05,4.2642726000000005e-06,0.012622164,5.18937297,9.33129739e-05,4.2642726000000005e-06,0.00040102882999999993,0.5823524155,9.33129739e-05,4.2642726000000005e-06,0.01246970925,1.7408154740000001e-06,0.000156889257,1.7170837349999999,91.11975358,0.01472303095175,-0.011108738100000001,-0.0113882839,3.7786791499999995e-06,8.57996669e-05
113,1661100600,0.0230521634,0.023207591,-0.0209968135,-1.56926741,0.267683172,0.14045194,0.200931133,0.184168122,0.000228275252,0.009685125149999998,0.000155530723,1.151673594e-07,2.0374636040000002e-07,2.7230873799999996e-07,4.54143166e-07,3.65613576e-07,4.8303912e-07,7.29501509e-07,0.01089118555,0.000621889718,1.0272854799999998e-05,79.14601569999999,54.7125272,7.751410459999999e-07,7.022673350000001,0.0026050877,0.29831354800000004,9.01790579e-05,3.99845141e-06,0.00486984547,0.9790606439999999,9.01790579e-05,3.99845141e-06,0.01261704195,5.138007180000001,9.01790579e-05,3.99845141e-06,0.00039455948599999996,0.5228957588,9.01790579e-05,3.99845141e-06,0.012484136849999999,2.02213676e-06,0.000157613443,0.7478050889999999,99.816356,0.018107065900000004,-0.011165192099999999,-0.0114878216,3.4792856400000003e-06,8.19090314e-05
113,1661101200,0.022041471700000002,0.022195796999999996,-0.021043757099999998,-1.53323692,0.298921622,0.136857907,0.19819354900000002,0.182068059,0.000298706497,0.0096399253,0.000154489447,2.6693422239999996e-07,4.845937619999999e-07,6.46125482e-07,9.910798169999999e-07,8.656067620000001e-07,9.68369111e-07,1.1033723549999999e-06,0.0104393418,0.000563311102,1.2591120299999998e-05,77.86157320000001,54.4444922,7.40579673e-07,7.160881260000001,0.0026057126099999998,0.366269538,9.908868559999999e-05,4.498580420000001e-06,0.00474683357,0.937361658,9.908868559999999e-05,4.498580420000001e-06,0.012590662849999998,5.1972187,9.908868559999999e-05,4.498580420000001e-06,0.00046477043600000003,0.6227674237999999,9.908868559999999e-05,4.498580420000001e-06,0.0124577479,5.0142195899999995e-06,0.000159295687,-0.16284585899999998,137.9385365,0.029252125690000002,-0.0107749159,-0.0112757149,9.07531756e-06,0.0001323192091
113,1661101800,0.026415386888888885,0.026551421000000002,-2.264614126888889,101.35579707777778,1.3773753911111113,0.1414179888888889,0.1954642988888889,0.1817555477777778,0.016561446268888884,0.18828514922222225,0.00038400661222222224,0.00017961339501777778,0.0001607371577,0.00016073688585222222,0.00012261763948333336,9.210411566555555e-05,0.00013789257624555553,7.590955828555556e-05,0.011009403277777777,0.0006044373077777779,0.0004162670026666667,86.577905,54.1582381111111,8.191453733333333e-07,8.230228199999999,0.0035042970777777777,40.24157564666666,0.006817651027777778,0.0006951082274666665,0.005387888944444444,14.449898211111112,0.006817651027777778,0.0006951082274666665,0.013939330666666666,15.320141644444444,0.006817651027777778,0.0006951082274666665,0.0009679963677777779,6.7441975495555555,0.006817651027777778,0.0006951082274666665,0.014217690833333333,0.0019359985669333334,0.002072375826666667,0.39218448765555675,547.8937377777779,0.3146723901111111,0.0013285532222222234,-0.007153882444444444,0.00904703789618889,0.09695122869944445
113,1661102400,0.0273435431,0.027482053299999996,0.5824183739999997,428.12383889,4.56208921,0.1090037697,0.129191446,0.12094119199999998,0.054700474013,0.5824149417,0.0015693115680000002,0.00020406170604,0.00020905240818000002,0.0009743381746400001,0.0005974790612599999,0.00022593859713000006,0.00027956793697000006,0.0005249010946300002,0.0066168304,0.000560327725,0.0020484321479999996,91.0445926,57.769250299999996,6.37026563e-07,9.160079800000002,0.00470473878,95.723980925,0.10350941154160001,0.009562619703550001,0.00524769462,34.208196040000004,0.10350941154160001,0.009562619703550001,0.0145781623,87.94441376,0.10350941154160001,0.009562619703550001,0.0015622825799999998,8.50989573,0.10350941154160001,0.009562619703550001,0.01591392825,0.007375770269,0.0075158092230000004,3.131784253,1008.8339839999999,1.7817099750000005,0.0030096181400000007,-0.00630592086,0.0333682670736,0.3569175887999999
113,1661103000,0.0233022638,0.0234241631,-2.066653661,474.90057135000006,4.65730462,0.1194694548,0.148242025,0.138379228,0.025293046540000003,0.27061419950000004,0.000433355401,0.0002521374272,0.00022677894260000002,0.0002406672553,0.0002198100995,0.0002088679351,0.00018043096800000001,0.0001955758562,0.00793485273,0.000509668378,0.001370877083,87.12439029999999,56.4166082,6.13847842e-07,9.171879599999999,0.0044050938800000005,33.50000267,0.017785822036399997,0.0016953323833000002,0.005340265159999999,12.83131065,0.017785822036399997,0.0016953323833000002,0.013888934750000002,20.681033629999998,0.017785822036399997,0.0016953323833000002,0.001785292095,15.00322092,0.017785822036399997,0.0016953323833000002,0.015024376400000001,0.0028256438596,0.0029467916079999996,2.25336491,1014.884197,1.263150526,0.00581752591,-0.005448952010000001,0.010468520406,0.10902784456
113,1661103600,0.023691931899999998,0.0238471907,0.26018942647,27.750610667,2.74489634,0.1391321835,0.17479284,0.163579994,0.00660880529,0.0738735184,0.000159687704,9.064125769999999e-06,1.586646246e-05,2.378169012e-05,2.894113046e-05,3.797619520000001e-05,3.4777993e-05,3.7383896399999995e-05,0.010623836300000002,0.00043077248800000006,0.0005991181989999999,91.9680869,55.367244199999995,7.4385211e-07,8.82083475,0.00377603329,5.85001256,0.000494567102,4.171068587e-05,0.005252765469999999,2.08515981,0.000494567102,4.171068587e-05,0.0126034924,5.27650338,0.000494567102,4.171068587e-05,0.000811927317,0.7648489190000001,0.000494567102,4.171068587e-05,0.01326113345,0.0002106716482,0.000365972268,-3.9030020269999994,343.96575,0.26944547389999995,-0.009274185950000001,-0.011205422150000002,0.0006893950811999999,0.006943179412
113,1661104200,0.020769268100000002,0.0209195669,0.06856550395000001,-0.17095700000000014,1.2374252559999999,0.134240745,0.167217604,0.15836733499999997,0.00103356455,0.017406468799999998,0.00015135233099999998,2.1225382399999994e-06,5.2595538e-06,6.17386511e-06,8.048936e-06,1.2668128000000002e-05,9.97479725e-06,1.173370733e-05,0.009883272,0.000330522547,0.00011379385310000001,83.68902410000001,52.8696109,6.86724735e-07,8.406783149999999,0.0033050874600000003,1.8787679899999996,0.00011691528680000001,6.3206326100000004e-06,0.0049503583,1.2946566099999999,0.00011691528680000001,6.3206326100000004e-06,0.012414135900000001,4.974743800000001,0.00011691528680000001,6.3206326100000004e-06,0.0006953899950000001,0.5524461239999999,0.00011691528680000001,6.3206326100000004e-06,0.012803935949999998,6.32035935e-05,0.000213553818,-2.3491045300000004,193.3847995,0.1479438524,-0.008858584800000001,-0.0107856668,0.0001424805669,0.00141935013
113,1661104800,0.0190041681,0.019153424199999998,0.01762951631,-1.3426471899999999,0.68825851,0.128746313,0.15941736499999998,0.151654632,0.000595518181,0.01263898655,0.00015092884600000002,3.922379132e-06,5.211923420000001e-06,4.905087879999999e-06,5.31097122e-06,5.05752281e-06,5.380059250000001e-06,6.55432731e-06,0.009095309999999999,0.000314874274,5.3876193199999995e-05,79.308938,52.70559419999999,6.34301416e-07,8.1469006,0.00293169708,1.030743456,0.00012177345699999999,6.9278064499999994e-06,0.00468315169,1.213198922,0.00012177345699999999,6.9278064499999994e-06,0.01236101045,4.837295040000001,0.00012177345699999999,6.9278064499999994e-06,0.0006357882299999999,0.5699858339999999,0.00012177345699999999,6.9278064499999994e-06,0.0124841259,3.906285974999999e-05,0.000188201355,-4.06056692,303.36238949999995,0.1230808286,-0.008843615499999999,-0.010657073999999999,0.00011394705055,0.001226845459
113,1661105400,0.0161364275,0.016284899999999998,-0.0015112235999999995,-1.365955326,0.753247985,0.11901471380000002,0.14077930099999997,0.13609165800000003,0.00042892100199999996,0.009856447439999999,0.00015178093200000003,3.643426831999999e-06,3.29792329e-06,3.0147358950000004e-06,2.41994199e-06,2.650902397e-06,2.996073893e-06,3.07211271e-06,0.00772191679,0.00028808642499999993,3.3795094399999994e-05,80.4199874,52.7759055,5.41162183e-07,8.02602258,0.00254005059,0.613663649,0.000190439347,1.361419108e-05,0.00425039153,1.046042973,0.000190439347,1.361419108e-05,0.0123436325,4.85337152,0.000190439347,1.361419108e-05,0.0005484601139999999,0.47479784050000007,0.000190439347,1.361419108e-05,0.012430163749999999,3.532054217e-05,0.00018381322,0.4666398716000001,245.57514780000002,0.120756434,-0.009872383600000003,-0.011152710399999998,0.00012152548862000001,0.0013228052549999999
113,1661106000,0.016385066,0.0165339006,-0.08349714115999998,-0.19974499999999967,0.373211389,0.11979246429999998,0.14216683600000002,0.138266721,0.000610615308,0.011019329170000002,0.00015106362299999998,5.235963278e-06,7.1281181044e-06,4.879527415e-06,3.906856507999999e-06,2.97801252e-06,2.033550419e-06,2.143710145e-06,0.007878779049999998,0.000257346245,2.5866061619999995e-05,77.84590900000002,52.290397399999996,5.505482109999999e-07,7.52252529,0.00236978934,0.7988768430000001,0.0002121493296,1.5485983130000002e-05,0.00424908721,1.560920834,0.0002121493296,1.5485983130000002e-05,0.01233248715,4.804528790000001,0.0002121493296,1.5485983130000002e-05,0.00042272387999999996,0.3297371681,0.0002121493296,1.5485983130000002e-05,0.0123551513,5.169598294999999e-05,0.000200522721,-2.2081739054,246.81595970000004,0.10106519230900002,-0.010829262449999998,-0.0114381466,0.00020862188696,0.0022708449245999996
113,1661106600,0.0181818158,0.0183310522,-0.016037962989999998,-1.69431729,0.37969909100000004,0.1260994084,0.15409220299999998,0.148167023,0.00021862796659999996,0.00817510578,0.00014934189799999998,2.4757899000000004e-07,4.438524965999999e-07,5.307578659999999e-07,5.810933499999999e-07,6.70176022e-07,6.780018249999999e-07,1.0515712339999999e-06,0.0088273466,0.000246998222,1.225180753e-05,78.319979,51.9641974,6.12781616e-07,7.09842242,0.0023109636000000003,0.29775297,7.77508385e-05,2.91650058e-06,0.004391908870000001,0.8122022640000001,7.77508385e-05,2.91650058e-06,0.012323427549999998,4.7490159300000006,7.77508385e-05,2.91650058e-06,0.000382896779,0.31788104353,7.77508385e-05,2.91650058e-06,0.0122485493,4.43305386e-06,0.000153629059,0.020154702999999975,142.44184790000003,0.028177956130000004,-0.011001267950000001,-0.0115198045,1.2464573949999999e-05,0.0001788611575
113,1661107200,0.0163568747,0.016506519,-0.0125919475,-1.69347676,0.237644761,0.11945155260000002,0.15379219500000002,0.14471691900000003,0.00021782752140000003,0.0070486872200000005,0.00014971658,8.760905309999999e-08,1.478716045e-07,1.816458195e-07,2.1553344200000002e-07,2.3353302200000003e-07,3.03175889e-07,4.53250475e-07,0.0079349851,0.00023502664099999998,6.7293789499999996e-06,76.42624049999999,51.9993872,5.52910312e-07,6.898584199999999,0.0021168607999999998,0.19912363700000002,7.224223360000001e-05,2.687427e-06,0.00413097913,0.706240038,7.224223360000001e-05,2.687427e-06,0.0123328129,4.7153867400000005,7.224223360000001e-05,2.687427e-06,0.000354435813,0.25573504449999995,7.224223360000001e-05,2.687427e-06,0.012236468300000001,1.339073134e-06,0.00015100854699999998,-0.0938215723,44.051179299999994,0.0045601833474,-0.011170389499999999,-0.01155829355,2.8133686899999997e-06,7.199809679999999e-05
113,1661107800,0.0157852414,0.015935542100000002,0.0011302575340000002,-1.6067348899999998,0.273833361,0.1161056815,0.16121742500000003,0.15026709099999996,0.000173491669,0.00680225743,0.00015038524999999998,9.07035816e-08,1.4403185550000003e-07,1.8220052499999998e-07,2.144180015e-07,2.6322933400000003e-07,3.2580251e-07,4.605674929999999e-07,0.007668757529999999,0.000215884738,6.208594990000001e-06,76.49576590000001,51.829486200000005,5.34007306e-07,6.88468385,0.0020634842,0.19498671199999998,7.25629111e-05,2.72283213e-06,0.00406397336,0.683821231,7.25629111e-05,2.72283213e-06,0.0123600249,4.718271320000001,7.25629111e-05,2.72283213e-06,0.00034494117700000003,0.23872976650000002,7.25629111e-05,2.72283213e-06,0.0122692713,1.2875844259999998e-06,0.000151718912,0.2910175866,68.93176969999999,0.007671045059999999,-0.011293958250000001,-0.0116226857,2.80519938e-06,7.080547290000001e-05
113,1661108400,0.0158137248,0.0159643207,0.003019587283,-1.59563553,0.186118185,0.11592483099999999,0.16245495599999998,0.151804636,0.0001481280105,0.006656823129999999,0.000150678694,6.68899926e-08,8.87853928e-08,9.818529139999999e-08,1.299933088e-07,1.5791351539999996e-07,2.0857538520000004e-07,3.90139174e-07,0.00768688392,0.000214025001,4.729400039999999e-06,73.51918339999999,51.784591999999996,5.35192961e-07,6.596859180000001,0.0020101211499999995,0.17679924200000002,8.500569210000001e-05,3.42344727e-06,0.00405609756,0.676550262,8.500569210000001e-05,3.42344727e-06,0.012438669699999998,4.943197270000001,8.500569210000001e-05,3.42344727e-06,0.000389321369,0.4487840244,8.500569210000001e-05,3.42344727e-06,0.012272607000000001,5.66201924e-07,0.00015116722300000001,0.07768924099999995,60.745486400000004,0.000522314183,-0.01147611115,-0.0117011327,2.45563265e-06,6.62980258e-05
113,1661109000,0.016234311400000003,0.0163848562,-0.004830862440000001,-1.63956805,0.21926919299999997,0.11823092110000002,0.15994238,0.149629567,0.000189413256,0.007045785109999999,0.000150597399,3.0321582000000004e-08,3.823895269999999e-08,4.0978415399999995e-08,7.0503422e-08,9.77475858e-08,1.173860579e-07,2.5049982e-07,0.00789821512,0.000213482226,4.76064599e-06,74.5443871,51.7216549,5.495668310000001e-07,6.468911629999999,0.0020374832500000004,0.178335663,8.03288394e-05,3.1793021400000003e-06,0.00411111381,0.6952353929999999,8.03288394e-05,3.1793021400000003e-06,0.012398597099999999,4.8326752200000005,8.03288394e-05,3.1793021400000003e-06,0.000341338868,0.3516913891,8.03288394e-05,3.1793021400000003e-06,0.0122677334,4.1065169900000006e-07,0.000150872347,-0.04327495800000006,69.9720447,-0.0020337859899999997,-0.011552373,-0.0117307513,2.6154586e-06,6.89143035e-05
113,1661109600,0.016302259250000003,0.0164528848,-0.00393872717,-1.63730011,0.179517978,0.11816864190000001,0.160054887,0.15037958999999998,0.00019747795599999997,0.00704562393,0.000150678297,3.32530119e-08,3.6612230699999996e-08,4.456501389999999e-08,6.74320081e-08,8.2103981e-08,1.419776227e-07,2.8469410139999997e-07,0.00795398156,0.000191397482,5.0067145e-06,72.83652210000001,51.4542462,5.5176394e-07,6.34349467,0.0020397064900000003,0.176715025,7.18775331e-05,2.5573834300000005e-06,0.00413500996,0.702829543,7.18775331e-05,2.5573834300000005e-06,0.012369663349999999,4.72427038,7.18775331e-05,2.5573834300000005e-06,0.00029891721,0.22809599929999996,7.18775331e-05,2.5573834300000005e-06,0.0122747913,2.7408615900000003e-07,0.00015093804199999998,0.3458529404,52.05634526,-0.00402074773,-0.011601500649999999,-0.011769777450000001,2.26881823e-06,6.608686480000001e-05
113,1661110200,0.0160428302,0.0161943249,-0.00276686503,-1.57962948,0.18304308900000002,0.11665778199999999,0.163842499,0.153492185,0.0001652026244,0.006798123729999999,0.000151573327,5.48069618e-08,5.923296600000001e-08,6.940777050000001e-08,9.25596041e-08,1.197436782e-07,1.761719355e-07,3.489387083000001e-07,0.00782839398,0.000188011513,4.007737159999999e-06,71.42975349999999,51.4192646,5.430362010000001e-07,6.31847974,0.0020034425100000004,0.17257524800000001,7.78393069e-05,2.98137766e-06,0.00410264792,0.6915608150000001,7.78393069e-05,2.98137766e-06,0.0124324297,4.83107712,7.78393069e-05,2.98137766e-06,0.00032882639800000003,0.32098893500000003,7.78393069e-05,2.98137766e-06,0.0123083439,2.46847023e-07,0.000151742556,-0.5107655074,38.95209,-0.00515987764,-0.01165140315,-0.011802766400000001,2.3475337000000002e-06,6.618230950000001e-05
113,1661110800,0.0154580471,0.0156097878,-0.0018888697299999997,-1.58157285,0.18131803600000002,0.1143080251,0.160954914,0.150642103,0.000209187219,0.00656287376,0.00015179856600000004,3.2856904739999995e-08,3.553714665e-08,4.28197381e-08,6.436833699999999e-08,7.80122639e-08,1.229017358e-07,2.567806071e-07,0.007533857340000001,0.000190009961,4.4644883e-06,72.79122199999999,51.5259952,5.23870742e-07,6.3060896500000005,0.0019512931600000002,0.164009765,7.759479610000001e-05,2.9673801000000004e-06,0.00400684949,0.6595458989999999,7.759479610000001e-05,2.9673801000000004e-06,0.012439269150000001,4.83275782,7.759479610000001e-05,2.9673801000000004e-06,0.000334124703,0.318095136,7.759479610000001e-05,2.9673801000000004e-06,0.012316668250000001,2.2950394500000005e-07,0.000151920496,0.14818585050000005,55.48100965,-0.0051225130870000005,-0.011669955150000001,-0.011823819900000001,2.30408452e-06,6.65096375e-05
113,1661111400,0.015090688000000001,0.0152419155,-0.0025675759342000002,-1.58784487,0.17666789600000002,0.1133973181,0.16009238499999998,0.14850453500000002,0.00013975996600000003,0.0064733785799999995,0.000151302216,4.2778800250000005e-08,4.631802720000001e-08,5.59541558e-08,7.37819893e-08,1.0332351e-07,1.48154485e-07,3.228411029e-07,0.00730942655,0.00022946123100000003,5.58386531e-06,73.8315157,52.086814100000005,5.11329935e-07,6.417983479999999,0.0019102474100000002,0.15667273599999998,8.30111929e-05,3.31146579e-06,0.00392937255,0.6333437390000001,8.30111929e-05,3.31146579e-06,0.012454796200000002,4.9234072300000005,8.30111929e-05,3.31146579e-06,0.000358654695,0.4083763178,8.30111929e-05,3.31146579e-06,0.0123027005,2.0137222e-07,0.00015155871200000002,-0.13537715050000002,32.4855275,-0.005886859115,-0.011649735349999999,-0.011799582799999998,2.45154212e-06,6.676311300000001e-05
113,1661112000,0.01520853405,0.0153596612,-5.6259000999999974e-05,-1.5801311200000001,0.189830796,0.11357967899999999,0.161029916,0.14970457099999998,0.0001690395814,0.0064944322599999995,0.00015121871099999998,6.6641183e-08,7.195602116e-08,8.252731169999999e-08,1.0746479159999998e-07,1.366527605e-07,1.975588704e-07,3.8322332100000004e-07,0.0073911908800000006,0.00020690992499999998,5.027707059999999e-06,70.37270200000002,51.7582169,5.152736760000001e-07,6.5135954599999994,0.0019341599100000002,0.16207165799999998,7.399313580000001e-05,2.8151300899999996e-06,0.00397299044,0.648164857,7.399313580000001e-05,2.8151300899999996e-06,0.0123773464,4.726879219999999,7.399313580000001e-05,2.8151300899999996e-06,0.00029430154099999997,0.24501603730000002,7.399313580000001e-05,2.8151300899999996e-06,0.0122936266,2.3597291300000005e-07,0.000151360964,-0.9231460655000001,112.79338213000001,-0.0040448579399999995,-0.011631695699999998,-0.0117923753,2.3910320100000008e-06,6.68823045e-05
113,1661112600,0.016105103000000003,0.016256473449999996,-0.010270104296,-1.6542816200000001,0.173030284,0.1180983005,0.15562974899999998,0.146741979,0.00019944020900000003,0.006805519090000001,0.000151456371,5.94076027e-08,6.271607910000001e-08,7.427764200000001e-08,9.565946709999999e-08,1.1736580860000001e-07,1.708565316e-07,3.3405375599999997e-07,0.00783931363,0.00020712573000000002,5.10475657e-06,70.0441706,51.6674321,5.452080840000001e-07,6.359675520000001,0.00202100744,0.170822739,7.33811788e-05,2.70161123e-06,0.00409295297,0.6874926029999999,7.33811788e-05,2.70161123e-06,0.0124046363,4.77617094,7.33811788e-05,2.70161123e-06,0.00028080318000000003,0.23433780635999998,7.33811788e-05,2.70161123e-06,0.0123023102,1.9880697000000004e-07,0.000151545999,-0.19677390749999998,48.01110454,-0.00576960855,-0.0116616462,-0.01181085445,2.2904073200000004e-06,6.583723e-05
113,1661113200,0.0176118419,0.0177638702,-0.019607123699999996,-1.7134337600000002,0.16879265499999999,0.12392332390000001,0.152742162,0.146516974,0.0001455135384,0.007448970020000001,0.000152088594,3.31083161e-08,3.6502813479999995e-08,4.18668179e-08,5.8800905199999995e-08,7.44415626e-08,1.258557252e-07,2.4333805100000003e-07,0.008591072699999999,0.000208363216,5.808286340000001e-06,73.2181494,51.534778900000006,5.95567319e-07,6.14460471,0.0021458289999999997,0.18893869,7.44242884e-05,2.82163727e-06,0.004298961369999999,0.759338936,7.44242884e-05,2.82163727e-06,0.01243886775,4.81841234,7.44242884e-05,2.82163727e-06,0.000303877553,0.27330595599999996,7.44242884e-05,2.82163727e-06,0.0123329162,2.0743197500000002e-07,0.00015230401500000002,-0.4453362746999998,79.77386364,-0.005596435821,-0.011682469000000001,-0.0118348849,2.35455861e-06,6.64728559e-05
113,1661113800,0.018116887199999997,0.0182686356,-0.0209526035,-1.7116629499999998,0.16598006299999998,0.1256304154,0.152029641,0.148692038,0.000176186756,0.007615609169999998,0.00015180154,2.5590769649999998e-08,2.57294819e-08,3.3034751700000006e-08,5.2843653599999995e-08,7.26652287e-08,1.2801138995e-07,2.864642974e-07,0.0088680455,0.000184266247,5.4537536999999995e-06,71.6867139,51.2349186,6.12269885e-07,6.27255291,0.0021712528700000002,0.191908896,7.756166459999999e-05,3.00273209e-06,0.00435897814,0.780390463,7.756166459999999e-05,3.00273209e-06,0.0124323593,4.8364435100000005,7.756166459999999e-05,3.00273209e-06,0.00031150574299999997,0.31330296580000006,7.756166459999999e-05,3.00273209e-06,0.0123194235,1.69026198e-07,0.000151938245,-0.04207297493999999,11.579139749000001,-0.00850734144,-0.0116764894,-0.011828548549999998,2.3645744199999997e-06,6.633285090000001e-05
113,1661114400,0.018118793499999997,0.018270538800000003,-0.01589286718,-1.7164287299999998,0.164742532,0.12571346839999997,0.15139212099999996,0.148879543,0.000174731192,0.00765180087,0.000151793371,1.82701095e-08,1.77562085e-08,2.17432867e-08,3.8099173799999995e-08,5.11698096e-08,1.017336538e-07,2.3244617090000003e-07,0.008858044050000003,0.00019663109799999997,4.192038600000001e-06,72.6307584,51.3667009,6.1241284e-07,6.127893090000001,0.0021755205499999998,0.192143866,6.68004895e-05,2.42817494e-06,0.00435678989,0.779764823,6.68004895e-05,2.42817494e-06,0.01238446,4.653933970000001,6.68004895e-05,2.42817494e-06,0.000251965153,0.15576094299999999,6.68004895e-05,2.42817494e-06,0.012320462400000001,1.73585144e-07,0.00015196783000000002,0.13904869709999998,11.78701981,-0.007678210990000001,-0.01167449675,-0.01182241535,2.4152599700000003e-06,6.644315519999999e-05
113,1661115000,0.0164438493,0.01659602005,-0.0245634799,-1.72290645,0.15799232300000002,0.1200846485,0.142354342,0.139654265,0.0001379905294,0.006917465269999999,0.000152247962,5.078942216999999e-08,5.2417835000000004e-08,6.10941258e-08,8.24765594e-08,1.023426894e-07,1.60457722e-07,3.053088975e-07,0.008022928819999999,0.00019297992,5.121564020000001e-06,71.52257479999999,51.4433903,5.56703378e-07,6.30209424,0.00208385286,0.176756407,8.087976380000001e-05,3.1720259999999997e-06,0.00415477851,0.7087284100000001,8.087976380000001e-05,3.1720259999999997e-06,0.0124538594,4.8782885600000006,8.087976380000001e-05,3.1720259999999997e-06,0.000309196518,0.3607012089,8.087976380000001e-05,3.1720259999999997e-06,0.012336298649999999,1.82103803e-07,0.000152355329,0.48355132519,70.804026482,-0.006850999840000001,-0.011700668049999998,-0.011845781299999998,2.3496045900000003e-06,6.68054534e-05
113,1661115600,0.0149769143,0.0151288545,-0.0268574098,-1.7178318399999999,0.15146712599999998,0.11449834790000002,0.135866645,0.13320406300000004,0.0002036489919,0.006454317480000001,0.000151991683,2.6617237230000003e-08,2.7964311179999995e-08,3.216658242999999e-08,4.5120923100000004e-08,5.53842362e-08,9.83253559e-08,1.8660625800000003e-07,0.00731233354,0.00017024632699999998,5.35123836e-06,73.53151,51.283546799999996,5.081017180000001e-07,6.063038830000001,0.00200170723,0.16245754399999998,7.726884539999998e-05,2.79805527e-06,0.003975059919999999,0.6495118929999999,7.726884539999998e-05,2.79805527e-06,0.0124488427,4.863831829999999,7.726884539999998e-05,2.79805527e-06,0.000306592129,0.3244538625,7.726884539999998e-05,2.79805527e-06,0.012326605850000002,1.6511094999999998e-07,0.000152110714,-0.26508357737,25.025517697999998,-0.0082579095,-0.011708685199999999,-0.011853037899999998,2.18943745e-06,6.6066966e-05
113,1661116200,0.0171165582,0.017269157700000003,-0.0229338271,-1.7040156199999998,0.16035489600000002,0.1218813946,0.147642002,0.144754417,0.000173392446,0.007203102480000001,0.000152658765,3.1657910100000004e-08,3.304708242e-08,4.06132227e-08,6.01624893e-08,7.802618159999999e-08,1.394686079e-07,2.806995229e-07,0.008397153289999999,0.000155910302,4.48919602e-06,71.97389970000002,50.9579869,5.79018005e-07,6.1578135099999995,0.0021260259199999995,0.183161941,7.09391991e-05,2.54426398e-06,0.00424531216,0.741440725,7.09391991e-05,2.54426398e-06,0.01243728835,4.764490919999999,7.09391991e-05,2.54426398e-06,0.00026732146600000003,0.2037651566,7.09391991e-05,2.54426398e-06,0.0123508308,1.57510427e-07,0.000152701642,0.018463156999999997,5.5521301560000005,-0.00892534235,-0.0117143201,-0.011857341799999999,2.2857309e-06,6.6128519e-05
113,1661116800,0.016714495099999997,0.016867027200000002,-0.024990721,-1.7102727300000002,0.157954821,0.1206253555,0.14441690499999998,0.142091837,0.0001567477205,0.00704553127,0.000152596855,3.97973792e-08,4.05921185e-08,4.9136757899999986e-08,6.943292140000001e-08,9.036502460000001e-08,1.474196502e-07,3.0378815600000003e-07,0.008188110279999999,0.000162732117,5.599037080000001e-06,70.19030539999999,51.071362799999996,5.65562361e-07,6.39038882,0.0020902916599999997,0.176936607,8.07149752e-05,3.0937868e-06,0.00418709766,0.720535068,8.07149752e-05,3.0937868e-06,0.012478119599999999,4.89689197,8.07149752e-05,3.0937868e-06,0.00030991548599999997,0.35382329553999997,8.07149752e-05,3.0937868e-06,0.012350360199999999,1.55946728e-07,0.00015268827700000003,-0.009409766800000007,4.058773283000001,-0.00913866885,-0.0117095125,-0.011855362250000001,2.2719536199999995e-06,6.618133429999999e-05
113,1661117400,0.017396578299999996,0.0175488081,-0.023702088899999998,-1.70893257,0.16301747500000002,0.123198352,0.14884204299999998,0.14569194400000002,0.00018530644000000002,0.00739886545,0.00015230472899999998,3.54929947e-08,3.613359885e-08,4.53212224e-08,6.582990510000002e-08,8.76932971e-08,1.4670753520000002e-07,2.8493866849999994e-07,0.00851867375,0.000174115631,4.7220499299999995e-06,71.272334,51.15891499999999,5.88372072e-07,6.17095234,0.00213917514,0.18570330699999998,7.98821278e-05,3.24743892e-06,0.00427393264,0.750342648,7.98821278e-05,3.24743892e-06,0.0124571851,4.891223250000001,7.98821278e-05,3.24743892e-06,0.00032045856,0.357945285,7.98821278e-05,3.24743892e-06,0.0123407449,1.92731664e-07,0.000152486998,-0.15267515287499997,1.475457801,-0.0095588447,-0.011646308050000002,-0.011800061300000001,2.5283938100000004e-06,6.8011682e-05
113,1661118000,0.019902269500000003,0.020054337900000004,-0.014417622590000002,-1.70825605,0.17498034,0.13174743300000002,0.160054884,0.157767313,0.00019536169999999998,0.008349329400000001,0.000152152691,5.233390165e-08,5.417251579999999e-08,6.479361643000001e-08,8.89608603e-08,1.1182154915e-07,1.779150377e-07,3.671652626e-07,0.009760944650000002,0.00018504949,4.138631630000001e-06,70.01204,51.1320774,6.71682043e-07,6.27158474,0.00227230131,0.20927011299999995,7.336738440000001e-05,2.8909120600000003e-06,0.004568488,0.856225465,7.336738440000001e-05,2.8909120600000003e-06,0.01241900835,4.75707546,7.336738440000001e-05,2.8909120600000003e-06,0.000276697177,0.24290913177,7.336738440000001e-05,2.8909120600000003e-06,0.012331465250000001,1.8187262099999998e-07,0.00015224826699999997,-0.019009395800000002,3.3565522216300003,-0.00945027886,-0.01165278075,-0.011806026800000001,2.5128062800000002e-06,6.683976899999999e-05
113,1661118600,0.019179973500000003,0.0193322387,-0.0265227229,-1.7071689999999997,0.172205259,0.129244366,0.15626727199999998,0.153379679,0.00013308367999999998,0.00794401979,0.00015236863899999997,7.137772004999999e-08,7.446221609000001e-08,8.739666926999999e-08,1.200746262e-07,1.486278975e-07,2.3214377059999997e-07,4.760585370000001e-07,0.0093977422,0.00018477310500000002,6.156963339999999e-06,70.2980388,51.1580405,6.47332478e-07,6.36950735,0.00225155254,0.205483883,7.897788359999998e-05,3.1822484399999997e-06,0.004499298979999999,0.8312933900000001,7.897788359999998e-05,3.1822484399999997e-06,0.01245665405,4.853100919999999,7.897788359999998e-05,3.1822484399999997e-06,0.00031194330200000006,0.32454458790000007,7.897788359999998e-05,3.1822484399999997e-06,0.012339895,1.8974556800000003e-07,0.000152463161,-0.059376603130000004,2.3878667399999998,-0.009466816000000001,-0.0116449894,-0.011800344,2.5071919600000004e-06,6.66926726e-05
113,1661119200,0.0188461963,0.0189984945,-0.01924593946,-1.7090229799999999,0.19369341299999998,0.128260504,0.15555474900000002,0.15229215,0.0001947078245,0.008046133979999998,0.00015237171300000002,4.2850737500000005e-08,4.464849213e-08,5.4549468e-08,8.3712838e-08,1.0581479839999999e-07,1.699509937e-07,3.457752195e-07,0.0092302896,0.000187480262,4.4056228900000005e-06,71.08592789999999,51.192533000000005,6.36350596e-07,6.27395653,0.0022427397599999997,0.20376898300000001,7.863132989999999e-05,3.0822731400000005e-06,0.00446665825,0.819568927,7.863132989999999e-05,3.0822731400000005e-06,0.01246497575,4.865025770000001,7.863132989999999e-05,3.0822731400000005e-06,0.000320058034,0.32529378109999996,7.863132989999999e-05,3.0822731400000005e-06,0.012341052549999999,2.0132871399999998e-07,0.00015250331899999999,0.0416950101,27.164903673000005,-0.0071764511740000005,-0.011671785599999998,-0.01182673365,2.4510639700000005e-06,6.671456739999999e-05
113,1661119800,0.021750460399999998,0.0219026789,-0.014678645469999998,-1.69162422,0.18668069999999998,0.13711009600000001,0.16946767,0.167180104,0.000186977362,0.00914513677,0.00015244839300000002,4.99650171e-08,5.05529287e-08,6.106465324999998e-08,8.91104697e-08,1.142650795e-07,1.9129421489999998e-07,3.98385426e-07,0.0107074165,0.000163008317,3.6209370499999994e-06,67.774236,50.8268499,7.33156057e-07,6.22552889,0.00237099758,0.22863455300000002,9.46134905e-05,5.1222000100000005e-06,0.00478004343,0.938829285,9.46134905e-05,5.1222000100000005e-06,0.012475868400000001,4.93754876,9.46134905e-05,5.1222000100000005e-06,0.000349853037,0.40960318639999993,9.46134905e-05,5.1222000100000005e-06,0.012336039750000001,4.9188228e-07,0.000152670788,-0.29490239339999996,5.876194040000001,-0.0082610604,-0.0115898079,-0.011779391750000002,4.32846069e-06,7.994161699999999e-05
113,1661120400,0.0187270752,0.0188796043,-0.0177354981,-1.6888870700000003,0.17066770999999997,0.1272488424,0.15750480900000002,0.15446721400000002,0.00019936179299999998,0.0079593233,0.000152597954,4.2661377849999996e-08,4.365761979e-08,5.3655282900000006e-08,7.63364255e-08,1.01978529e-07,1.6447529939999998e-07,3.532186680000001e-07,0.009217109000000001,0.00014185409,3.66832246e-06,68.65222320000001,50.732144100000006,6.326448380000001e-07,6.170245799999999,0.0022116153599999995,0.198274599,7.614295210000001e-05,2.77683908e-06,0.00444344821,0.8110035549999999,7.614295210000001e-05,2.77683908e-06,0.0124626784,4.85929526,7.614295210000001e-05,2.77683908e-06,0.000301172603,0.2976958511,7.614295210000001e-05,2.77683908e-06,0.01234780825,1.60008451e-07,0.000152629131,-0.017494142800000008,0.559064133,-0.0102355722,-0.01169822805,-0.01184461355,2.2717543500000002e-06,6.671369e-05
113,1661121000,0.014541950500000001,0.0146950208,-0.01412859704,-1.70988286,0.149067051,0.11220318659999999,0.135529136,0.13219153599999997,0.0002245483836,0.0063031921099999996,0.000153141061,4.334664278e-08,4.4818689820000006e-08,5.375612685000001e-08,7.28989516e-08,9.450473789999999e-08,1.52827039e-07,2.967504665e-07,0.007121386670000002,0.00014577896899999998,2.9714996100000003e-06,70.5406056,50.9964483,4.935031799999999e-07,6.368313430000001,0.0019486551599999999,0.155103308,8.193556800000001e-05,3.10429915e-06,0.0038969170000000006,0.627703642,8.193556800000001e-05,3.10429915e-06,0.0125057741,4.93109465,8.193556800000001e-05,3.10429915e-06,0.00032508573199999997,0.3769590664999999,8.193556800000001e-05,3.10429915e-06,0.01237580015,1.51097329e-07,0.000153311792,0.08250968477000001,3.7266260828,-0.0095735976,-0.0117455394,-0.0118910458,2.2292287100000004e-06,6.696830120000001e-05
113,1661121600,0.0135178035,0.013670696199999999,-0.00817397522,-1.69985827,0.150942106,0.10841653389999999,0.134741612,0.129078939,0.00018717134600000003,0.00590654033,0.000152967184,4.403655198e-08,4.54491382e-08,5.566558674000001e-08,7.628169799999998e-08,1.002161799e-07,1.5096961750000002e-07,3.2281704949999997e-07,0.006600385200000001,0.00015447376099999996,3.1672068700000005e-06,69.47538990000001,51.189455,4.5923839000000006e-07,6.396307040000001,0.00186383783,0.143379325,7.254467859999999e-05,2.62918188e-06,0.0037530010199999997,0.5786167289999999,7.254467859999999e-05,2.62918188e-06,0.0124510946,4.76691192,7.254467859999999e-05,2.62918188e-06,0.000249902024,0.1918273939,7.254467859999999e-05,2.62918188e-06,0.0123627516,1.60654217e-07,0.00015299914,0.01042661903,0.8052314985000001,-0.010074913199999999,-0.01171082725,-0.011857150399999999,2.3916312700000002e-06,6.72351595e-05
113,1661122200,0.011099608700000001,0.0112525658,-3.8606259999999906e-05,-1.7026688399999999,0.14089179899999998,0.09853764799999999,0.1216162145,0.11569103119999999,0.000197556717,0.004919537190000001,0.000153459102,1.4768270670000003e-08,1.3570522690000001e-08,1.8432600280000004e-08,2.9681380799999995e-08,4.631011219999999e-08,6.85421381e-08,1.6092265309999997e-07,0.005377190079999999,0.000168798682,2.9567105400000005e-06,75.64578279999999,51.684108800000004,3.79130293e-07,6.19671942,0.00169342397,0.1192505932,8.92195805e-05,4.60029627e-06,0.0033964211200000005,0.474483212,8.92195805e-05,4.60029627e-06,0.01248519775,4.86530738,8.92195805e-05,4.60029627e-06,0.000372076271,0.3209714495,8.92195805e-05,4.60029627e-06,0.012368138,1.1311813219999999e-06,0.000154048393,-0.35810462147,8.721195868,-0.00670666773,-0.011546218700000001,-0.01177687135,4.85204818e-06,8.463438729999999e-05
113,1661122800,0.008584861950000001,0.00873811766,-0.010927162936999999,-1.7339077800000002,0.1196286532,0.0868203866,0.10192811100000002,0.0973904716,0.0002450657825,0.00402198964,0.000153546852,1.8676223520000004e-08,2.114659906e-08,2.5072546149999996e-08,4.3415920149999997e-08,7.024024670000001e-08,9.27579034e-08,1.8668429280000002e-07,0.00413069812,0.00015810791,2.86807624e-06,75.98465320000001,51.920494500000004,2.95320073e-07,6.398617369999999,0.0015005579599999999,0.0945082803,8.8999597e-05,5.10124791e-06,0.0029604329099999997,0.36441198299999994,8.8999597e-05,5.10124791e-06,0.0124168725,4.67937655,8.8999597e-05,5.10124791e-06,0.000207218734,0.1053232696,8.8999597e-05,5.10124791e-06,0.01237443565,7.222996800000002e-07,0.000153849648,-0.23270956953499997,5.743306531400001,-0.008189151346,-0.011595342,-0.0117848098,5.0199285999999996e-06,8.641856649999998e-05
113,1661123400,0.013663822949999998,0.0138172551,-0.014288231050000003,-1.69373644,0.155892258,0.10884976119999998,0.13372908399999997,0.12949144900000004,0.0003366976979999999,0.00620621467,0.00015350452099999998,3.995833950000001e-08,5.07623146e-08,3.803132296e-07,2.2878900050000003e-07,3.4958602600000003e-07,1.3239388000000003e-07,2.5324546e-07,0.0066977689100000005,0.00012787347500000003,4.75528867e-06,70.5139404,50.777837399999996,4.6430826299999995e-07,6.439538669999999,0.00202111927,0.18258074459999998,7.586030910000001e-05,2.92774772e-06,0.00381108521,0.603624675,7.586030910000001e-05,2.92774772e-06,0.012472956399999999,4.80115282,7.586030910000001e-05,2.92774772e-06,0.000281243106,0.25971032294999996,7.586030910000001e-05,2.92774772e-06,0.012384213299999999,1.6477366410000002e-06,0.00015501671,0.05464004316,5.619204497,-0.007292297420000001,-0.0105265235,-0.01080740735,2.47634266e-06,6.86304747e-05
113,1661124000,0.01518458545,0.015337010950000002,-0.013605233037000003,-1.6961428399999998,0.161742438,0.1140390923,0.140179281,0.135604141,0.000351401335,0.0069289122600000004,0.00015247986,2.8902366159999998e-08,3.62489814e-08,2.604618039e-07,1.4953081270000002e-07,1.643905226e-07,1.4197869700000002e-07,2.780070364e-07,0.00743235604,0.00015386628,4.95448618e-06,72.08529139999999,51.1040983,5.14568493e-07,6.6399674300000004,0.0020538386800000004,0.18150304899999997,7.695206300000001e-05,2.78453323e-06,0.00398443618,0.665125891,7.695206300000001e-05,2.78453323e-06,0.0124507573,4.8224656,7.695206300000001e-05,2.78453323e-06,0.00029259826240000004,0.28593745327,7.695206300000001e-05,2.78453323e-06,0.01234471615,9.486406420000001e-07,0.000153342034,-0.03332007901,1.79612679,-0.008423834279999999,-0.0106713251,-0.0111675691,2.27464898e-06,6.69962854e-05
113,1661124600,0.022748362700000004,0.022900767800000003,-0.022647802399999997,-1.6457256699999998,0.20108114100000002,0.139258702,0.18188054999999997,0.17606787399999999,0.00028834533799999997,0.0096836189,0.00015248613099999998,5.96007449e-08,6.301428059999999e-08,7.74216044e-08,1.1337152499999999e-07,1.530184405e-07,2.219742828e-07,4.342534755e-07,0.01123560075,0.00013296259340000001,4.41148952e-06,67.42435429999999,50.508069,7.66179293e-07,6.21728633,0.0024676325999999998,0.247523753,8.07700204e-05,3.1161510099999994e-06,0.00493226397,1.001174464,8.07700204e-05,3.1161510099999994e-06,0.01248396765,4.93778523,8.07700204e-05,3.1161510099999994e-06,0.00034874179399999993,0.4102781685,8.07700204e-05,3.1161510099999994e-06,0.012345194299999999,2.3900696599999997e-07,0.00015264371400000002,-0.07030399845999999,2.89063141,-0.0088393355,-0.0115867591,-0.011760788500000001,2.20814604e-06,6.64909897e-05
113,1661125200,0.019855396,0.0200087225,-0.0229601216,-1.6772396900000004,0.182593074,0.131131116,0.164442519,0.16020489099999996,0.000291895771,0.008492783799999999,0.000153394445,4.208228695e-08,4.52846774e-08,6.54852621e-08,8.429615769999998e-08,1.0893235980000002e-07,1.86850899e-07,3.8254954500000004e-07,0.009776159250000001,0.00014570916,4.8423935399999994e-06,69.377847,50.7190112,6.70002848e-07,6.475616490000002,0.00230192831,0.215023912,7.644830399999999e-05,2.81873814e-06,0.00459431533,0.866424711,7.644830399999999e-05,2.81873814e-06,0.0124985426,4.87193961,7.644830399999999e-05,2.81873814e-06,0.00031050636099999997,0.3024374831,7.644830399999999e-05,2.81873814e-06,0.012385930049999999,2.21267405e-07,0.00015363346399999996,0.037162143,1.303783024,-0.00951439065,-0.011629658150000001,-0.0118040916,2.32386095e-06,6.704982829999997e-05
113,1661125800,0.01545491665,0.0156083773,-0.0303392637,-1.6813117800000001,0.163504991,0.1154051756,0.14344187800000002,0.1371791895,0.00042944947999999997,0.00720227752,0.00015352476099999998,3.61778233e-08,3.795304416000001e-08,4.821629145e-08,7.25767315e-08,1.0827619039999999e-07,1.454466317e-07,3.10597462e-07,0.007580501240000001,0.000140736401,5.39532918e-06,69.72134500000001,50.886373500000005,5.236322400000001e-07,6.29714746,0.0020321118200000003,0.16871896,7.58864485e-05,2.86555224e-06,0.0040257711000000005,0.6700441429999999,7.58864485e-05,2.86555224e-06,0.01248191425,4.840617610000001,7.58864485e-05,2.86555224e-06,0.000286444374,0.27591573410000003,7.58864485e-05,2.86555224e-06,0.012389296099999999,2.3720038100000004e-07,0.00015373259600000002,0.029102679499999996,2.184938538,-0.00916577522,-0.0116180125,-0.011792470099999999,2.3372947299999998e-06,6.633546690000001e-05
113,1661126400,0.01496436675,0.015118140899999999,-0.02049515128,-1.6543617100000003,0.162792469,0.11320695660000002,0.145541943,0.13950426000000002,0.000301409002,0.0066199714899999994,0.000153832584,2.981361138e-08,3.043143157999999e-08,3.594640015e-08,5.156937e-08,6.47235728e-08,1.0863640099999999e-07,2.1702192539999997e-07,0.00733000426,0.00014773178299999997,3.84808954e-06,71.8089333,50.9771359,5.07795366e-07,6.06165869,0.00199804601,0.16139516199999998,7.596323739999999e-05,2.8732316e-06,0.00396375243,0.648607997,7.596323739999999e-05,2.8732316e-06,0.012499352100000001,4.84057952,7.596323739999999e-05,2.8732316e-06,0.000280967696,0.2584337094,7.596323739999999e-05,2.8732316e-06,0.0123999575,1.7919373699999998e-07,0.00015393859,0.029178115299999995,3.2639892,-0.009221376130000002,-0.011735418000000001,-0.011893517150000001,2.3724166799999995e-06,6.713915650000001e-05
113,1661127000,0.015018653100000001,0.015172406499999999,-0.0214730259,-1.6823777100000001,0.16478003000000002,0.1138789002,0.142316844,0.13695418099999998,0.00033392117199999995,0.006700139149999999,0.00015381362399999999,3.25210357e-08,3.423657033e-08,4.1964563500000004e-08,5.65291184e-08,7.215843419999999e-08,1.2484944709999998e-07,2.2933801739999997e-07,0.007349890489999999,0.00015496406599999998,3.818282869999999e-06,71.3620529,51.0606983,5.093706610000001e-07,6.274131089999999,0.00199776897,0.161815865,7.787007440000001e-05,2.9607731599999997e-06,0.0039721793,0.65238659,7.787007440000001e-05,2.9607731599999997e-06,0.01250349315,4.87826678,7.787007440000001e-05,2.9607731599999997e-06,0.00029103918399999996,0.29811220044000003,7.787007440000001e-05,2.9607731599999997e-06,0.012401131499999999,1.8872596699999998e-07,0.000153973228,0.019021446100000006,35.71478835999999,-0.00802421919,-0.011738203400000001,-0.0118964779,2.36342061e-06,6.738964760000002e-05
113,1661127600,0.014993661449999997,0.0151469927,-0.025872926399999996,-1.6748389200000002,0.160917412,0.11381887269999999,0.14374188899999998,0.13807921299999998,0.00022856964499999997,0.006520858610000001,0.000153453885,5.415549901e-08,5.813885643e-08,6.59109862e-08,8.933832609999999e-08,1.200585849e-07,2.1335637e-07,3.290629396e-07,0.0073501554999999994,0.000141467165,4.154573249999999e-06,69.82850049999999,50.8883963,5.08428466e-07,6.3680420699999996,0.00200284436,0.16231106299999998,8.4442246e-05,3.77113537e-06,0.00397631356,0.649996356,8.4442246e-05,3.77113537e-06,0.0124961461,4.879187969999999,8.4442246e-05,3.77113537e-06,0.000298744501,0.3158961065,8.4442246e-05,3.77113537e-06,0.0123879637,2.73594877e-07,0.00015373565,-0.11102773280000003,4.275362287999999,-0.00885289259,-0.01165097815,-0.01182321585,3.10923734e-06,7.22634031e-05
113,1661128200,0.0152671706,0.01542075625,-0.021524412200000002,-1.61871611,0.16680509100000002,0.11414495259999999,0.15157962700000002,0.144604416,0.00023566363759999998,0.006583645660000001,0.000153774932,4.034809149999999e-08,4.148159249e-08,5.0248308000000007e-08,6.846749450000001e-08,8.684904709999999e-08,1.3842828580000002e-07,2.6848825e-07,0.0074930577,0.0001365162765,3.12311173e-06,70.7107346,50.79512630000001,5.178023919999999e-07,6.129728890000001,0.0020238068499999996,0.165399739,8.845974210000001e-05,4.3669963e-06,0.00402074098,0.664164882,8.845974210000001e-05,4.3669963e-06,0.0125017188,4.87859793,8.845974210000001e-05,4.3669963e-06,0.000316927489,0.29177414275,8.845974210000001e-05,4.3669963e-06,0.0123861607,4.26678336e-07,0.00015384415699999998,-0.4002076831,7.021017329999999,-0.00818820285,-0.01164995285,-0.01183458415,3.7622498699999996e-06,7.760784e-05
113,1661128800,0.0173484917,0.017502064699999997,-0.022918224499999997,-1.5985163999999998,0.18878076300000002,0.1211524576,0.164255018,0.15675477899999998,0.000238795768,0.00745064686,0.000153675316,7.55480013e-08,8.21383844e-08,9.38351797e-08,1.269984286e-07,1.65075159e-07,2.47921715e-07,4.89722202e-07,0.008542944299999999,0.00012586553180000002,4.053407620000001e-06,65.73589039999999,50.6163639,5.86460335e-07,6.51273292,0.00213088298,0.183750153,8.1042646e-05,3.11763588e-06,0.00427094404,0.748711903,8.1042646e-05,3.11763588e-06,0.0125284809,4.94548866,8.1042646e-05,3.11763588e-06,0.000339219712,0.38037452299999996,8.1042646e-05,3.11763588e-06,0.012394302749999999,1.9637642500000002e-07,0.000153815576,0.08396105350000001,2.7717086390000003,-0.00895935449,-0.011690228549999999,-0.0118513264,2.32390479e-06,6.693131019999999e-05
113,1661129400,0.01529432725,0.015448120899999997,-0.0247530904,-1.61384203,0.17164273800000002,0.11417549419999999,0.15105461,0.14392939400000002,0.0002709572464,0.006719068470000001,0.00015389025299999997,4.41227296e-08,4.709017945e-08,9.467644390000001e-08,8.745959700000001e-08,1.2018958280000003e-07,1.92526879e-07,3.8222800399999996e-07,0.00750292586,0.00013787275800000002,5.29862294e-06,69.890779,50.8572345,5.18047382e-07,6.6384681,0.00200704819,0.16360623400000002,7.66750309e-05,3.13522032e-06,0.00400372607,0.658542911,7.66750309e-05,3.13522032e-06,0.01249751105,4.85744981,7.66750309e-05,3.13522032e-06,0.000282794417,0.2694280758,7.66750309e-05,3.13522032e-06,0.0124047938,2.93227507e-07,0.00015417285000000002,-0.07571056475,1.3268194388,-0.009876127699999999,-0.011587034450000002,-0.01177520035,2.6418443600000002e-06,6.884922259999999e-05
113,1661130000,0.0193099872,0.019464089100000005,-0.013624270789999999,-1.65293566,0.180830525,0.128848889,0.167255102,0.16166743600000003,0.00024450222400000004,0.00821949622,0.00015416298000000002,3.95289705e-08,4.0409703400000004e-08,5.26535125e-08,8.41694388e-08,1.232310964e-07,1.982822183e-07,4.7560312099999994e-07,0.009488742599999999,0.000160460093,4.71313109e-06,69.187218,50.9051125,6.515502379999999e-07,6.632187119999999,0.00224095466,0.202856602,7.901136780000002e-05,2.89242975e-06,0.004493200290000001,0.8284108769999999,7.901136780000002e-05,2.89242975e-06,0.012541615749999999,4.94383262,7.901136780000002e-05,2.89242975e-06,0.000328154405,0.33838807116,7.901136780000002e-05,2.89242975e-06,0.012412372500000001,1.73544775e-07,0.000154241314,0.013696425600000003,0.41774630460000006,-0.01022110705,-0.0117366434,-0.0118876093,2.14989969e-06,6.714701690000001e-05
113,1661130600,0.0185558558,0.0187102239,-0.0215263515,-1.67693522,0.17336779300000002,0.1264052816,0.158629844,0.154392214,0.00040988835199999997,0.008197931620000001,0.000154432965,3.049019345e-08,2.9416378899999997e-08,3.8560858199999995e-08,6.13314419e-08,7.96932812e-08,1.464468397e-07,3.1441906700000004e-07,0.009143544600000001,0.00012932595850000003,4.29070353e-06,69.7631934,50.5849143,6.271858330000001e-07,6.26965198,0.00221190923,0.199820419,7.75551119e-05,3.0710361599999998e-06,0.00443348964,0.8096249669999999,7.75551119e-05,3.0710361599999998e-06,0.012544954850000001,4.93127239,7.75551119e-05,3.0710361599999998e-06,0.000315178596,0.313031069,7.75551119e-05,3.0710361599999998e-06,0.012426942149999998,1.7652059100000002e-07,0.00015460603199999998,0.014696988880000006,0.6142903214,-0.010309218150000002,-0.0117411255,-0.011893647099999998,2.50422052e-06,6.778347750000001e-05
113,1661131200,0.0148934005,0.01504864825,-0.0187749261,-1.66411321,0.160242391,0.1129119671,0.14269185900000003,0.138079214,0.00028735515599999996,0.00656197961,0.00015531808800000002,4.0627408249999996e-08,4.21829084e-08,6.47727158e-08,7.739103729999998e-08,1.120110673e-07,1.729857772e-07,3.89017261e-07,0.00733509637,0.0001067311569,3.90288765e-06,68.3803795,50.467984300000005,5.04938549e-07,6.49741406,0.0019499362400000001,0.156132259,7.82422663e-05,2.9548327699999997e-06,0.00392431868,0.6358431330000001,7.82422663e-05,2.9548327699999997e-06,0.012571193149999998,4.9166316299999995,7.82422663e-05,2.9548327699999997e-06,0.000302190059,0.28866919986000006,7.82422663e-05,2.9548327699999997e-06,0.01245908365,2.15859158e-07,0.00015544532699999998,-0.02936422702,5.467673104099999,-0.00885839578,-0.011732277199999998,-0.011894752299999999,2.3770795799999997e-06,6.75470639e-05
113,1661131800,0.0156051239,0.0157591581,-0.025161041500000002,-1.6727509,0.162042449,0.11599750810000001,0.14557944299999998,0.14070429499999998,0.000246813204,0.006875132809999999,0.00015409622699999996,3.5097394e-08,3.4072599000000005e-08,4.0322663999999995e-08,5.8022436399999995e-08,7.7238062e-08,1.323299015e-07,2.676591014e-07,0.00767894655,0.000119336511,3.56994278e-06,69.56267740000001,50.5774737,5.28996783e-07,6.3073665000000005,0.00203066421,0.16684404399999997,7.541634289999999e-05,2.72517925e-06,0.0040615813,0.677910344,7.541634289999999e-05,2.72517925e-06,0.012516941600000001,4.860897670000001,7.541634289999999e-05,2.72517925e-06,0.00029513799100000006,0.26977054495,7.541634289999999e-05,2.72517925e-06,0.01241024755,1.63008114e-07,0.00015417806899999998,0.014974368900000002,2.1919093500000004,-0.00965183741,-0.011761693899999998,-0.0119066876,2.3336135299999997e-06,6.69787122e-05
113,1661132400,0.01626643675,0.016421006199999998,-0.027575935999999995,-1.67837446,0.169692683,0.11861995840000002,0.149254553,0.14299186800000002,0.00025269182500000005,0.007043181040000001,0.000154688049,4.8943435719999995e-08,4.789369874e-08,5.8409918000000005e-08,7.795356080000002e-08,1.040950755e-07,2.027205525e-07,3.39340127e-07,0.00796275362,0.000164777773,4.68489018e-06,69.601116,51.1010725,5.506941429999999e-07,6.31065923,0.00208306367,0.17516070599999997,8.34110202e-05,3.69056586e-06,0.00413657772,0.7030705479999999,8.34110202e-05,3.69056586e-06,0.012538619400000001,4.88032336,8.34110202e-05,3.69056586e-06,0.00030222545,0.2754390238,8.34110202e-05,3.69056586e-06,0.0124307637,2.62861272e-07,0.000154787368,-0.2265256897,2.3373102969,-0.01002933186,-0.011712421599999998,-0.0118791994,3.17924799e-06,7.36511626e-05
113,1661133000,0.01323398945,0.0133881767,-0.031630477700000006,-1.7053400499999998,0.14644197200000003,0.1072397786,0.1302414755,0.12495381450000001,0.00024075800199999998,0.00583199546,0.00015424062799999997,2.23050067e-08,2.2608065159999998e-08,3.84062741e-08,4.91596513e-08,6.36988225e-08,1.2219568989999998e-07,2.387664686e-07,0.00644478116,0.000166196689,5.40135808e-06,72.7786581,51.403765,4.4989741100000006e-07,6.372912619999999,0.0018783119599999998,0.14366415300000002,7.54552505e-05,2.80746063e-06,0.0037181611,0.570344703,7.54552505e-05,2.80746063e-06,0.012526137199999999,4.870508019999999,7.54552505e-05,2.80746063e-06,0.000275859254,0.2550547129,7.54552505e-05,2.80746063e-06,0.0124185201,1.84388024e-07,0.00015440446499999998,0.017525010100000002,0.2604812265,-0.010417240650000001,-0.011721348699999998,-0.011878643000000001,2.36914276e-06,6.70351551e-05
113,1661133600,0.013908448,0.014062907599999999,-0.020943511840000005,-1.7051471200000001,0.150192082,0.10986964240000001,0.13335407000000002,0.129116442,0.00027237500400000003,0.0060788486699999995,0.00015452075,3.196476145e-08,3.304269795e-08,4.129125475e-08,8.386917749999999e-08,8.55470684e-08,1.240585251e-07,2.9077904100000003e-07,0.006796410210000001,0.000153413206,3.6445678599999993e-06,72.876306,51.143885499999996,4.7238336500000014e-07,6.39797057,0.00191905141,0.150314119,8.37603191e-05,3.3242335000000003e-06,0.0037992182700000003,0.5965265989999999,8.37603191e-05,3.3242335000000003e-06,0.012547471250000001,4.945183160000001,8.37603191e-05,3.3242335000000003e-06,0.00030403892700000006,0.35361376120000004,8.37603191e-05,3.3242335000000003e-06,0.012427237049999998,2.2417253e-07,0.000154660879,-0.04162227005000001,0.9672156648999998,-0.010005519899999999,-0.01169537,-0.011867241800000001,2.37598333e-06,6.7113535e-05
113,1661134200,0.0101272856,0.0102815452,-0.028721526410000003,-1.7132593600000003,0.127803902,0.0941322779,0.1122034265,0.1072157743,0.000209747049,0.004520529180000001,0.00015433961400000001,4.1307433940000004e-08,4.44447797e-08,5.3512848699999994e-08,7.64166889e-08,1.077702854e-07,1.434922894e-07,2.9133969099999995e-07,0.0049092416,0.00014959171799999998,3.96637767e-06,71.1266828,51.4605107,3.464273180000001e-07,6.732604220000001,0.0016341199699999999,0.1080789035,7.72680695e-05,3.00940471e-06,0.0032310967400000002,0.4297261,7.72680695e-05,3.00940471e-06,0.012497455749999999,4.80603683,7.72680695e-05,3.00940471e-06,0.000243113713,0.2066924824,7.72680695e-05,3.00940471e-06,0.01241971745,2.0991882700000002e-07,0.00015445997,-0.027114953429999998,1.4279393503839999,-0.00987880365,-0.011708684200000001,-0.011870807399999999,2.56295216e-06,6.950758790000001e-05
113,1661134800,0.008076509030000002,0.00823014259,-0.03219126309999999,-1.6784329,0.12217873260000003,0.08388645339999999,0.1035031595,0.0966404508,0.00031482197499999997,0.00381159816,0.00015368354799999998,2.018489516e-08,2.134616515e-08,2.572859386e-08,3.75791713e-08,7.35873684e-08,7.229983945e-08,1.504330683e-07,0.0038598777,0.000174628724,3.2786381800000003e-06,73.96890900000001,52.49306680000001,2.78524758e-07,6.29760336,0.00146126014,0.0868396334,7.492735399999999e-05,2.73744261e-06,0.0028575654,0.33896250999999994,7.492735399999999e-05,2.73744261e-06,0.0124793809,4.792705509999999,7.492735399999999e-05,2.73744261e-06,0.000234678008,0.2055696686,7.492735399999999e-05,2.73744261e-06,0.012393546699999999,1.84828681e-07,0.00015378528900000002,0.010773467940000003,-0.02329629597,-0.0106183971,-0.011690378300000002,-0.011842363149999998,2.29847664e-06,6.65110259e-05
113,1661135400,0.007729008649999999,0.007882866490000001,-0.020174171299999998,-1.7354524899999997,0.11074087949999997,0.0827374175,0.09660294889999999,0.0920653129,0.00040948742899999996,0.0037882333000000003,0.000153910767,1.9668424540000005e-08,2.052728875e-08,2.483393825e-08,4.125536790000001e-08,6.37445668e-08,6.57351851e-08,1.3163157359999998e-07,0.00367666873,0.00018486456099999998,2.5499976e-06,73.9446635,52.7369748,2.6697959200000003e-07,6.2957398300000005,0.0014292612299999998,0.08399009319999999,7.5162918e-05,2.7695059199999998e-06,0.0027964292,0.32432114200000006,7.5162918e-05,2.7695059199999998e-06,0.012484511649999998,4.78598751,7.5162918e-05,2.7695059199999998e-06,0.000227478669,0.19456729031000003,7.5162918e-05,2.7695059199999998e-06,0.0124013114,1.90425369e-07,0.00015398385999999999,-0.010020741039999996,0.25156028900000005,-0.010412617199999998,-0.0116904523,-0.011848216549999999,2.3859612100000002e-06,6.733398120000001e-05
113,1661136000,0.0069212204200000006,0.00707489391,-0.030297911800000004,-1.64689786,0.11374097279999999,0.0768868191,0.0966029485,0.0883526984,0.00043976846999999996,0.0035205044,0.00015372720199999997,1.8384286970000002e-08,1.906543402e-08,2.5002364150000004e-08,4.00745276e-08,6.112743239999999e-08,7.47910744e-08,1.579851786e-07,0.003305026429999999,0.000152148996,2.9720918799999997e-06,74.02211,52.227262100000004,2.40070205e-07,6.712430759999999,0.00135233763,0.0761706686,7.011179989999999e-05,2.5974171e-06,0.00262181351,0.29111094400000004,7.011179989999999e-05,2.5974171e-06,0.01245166835,4.7093572,7.011179989999999e-05,2.5974171e-06,0.00020404911450000001,0.12045414635,7.011179989999999e-05,2.5974171e-06,0.0123924026,1.7876440100000002e-07,0.000153751776,-0.02135721379,0.2807293795,-0.0103932466,-0.011705600049999999,-0.011858924,2.47628634e-06,6.74508481e-05
113,1661136600,0.013457549599999999,0.013611656650000001,-0.01336746015,-1.68970369,0.154429714,0.108253407,0.13650416599999998,0.129641455,0.00048783620900000004,0.00625095047,0.00015422774299999998,2.106437496e-08,2.0475163730000002e-08,2.5833398150000004e-08,4.2026281050000006e-08,6.556558130000001e-08,8.03730482e-08,1.780303549e-07,0.00654513152,0.00017950150800000002,3.58393733e-06,72.06748689999999,51.5319624,4.5769113300000005e-07,6.020919830000001,0.0018611992800000002,0.14395875499999997,8.45244359e-05,4.0222145100000005e-06,0.0037424026400000006,0.576174377,8.45244359e-05,4.0222145100000005e-06,0.012528438950000002,4.90315733,8.45244359e-05,4.0222145100000005e-06,0.000324375555,0.33619466540000004,8.45244359e-05,4.0222145100000005e-06,0.012414721549999999,3.2367591899999996e-07,0.00015444941999999997,-0.42012686094999996,2.7224748204000004,-0.009807832399999999,-0.011669528200000001,-0.01184010305,3.49152352e-06,7.5203448e-05
113,1661137200,0.0110422437,0.01119632725,-0.020086730000000004,-1.6418409600000001,0.14224184499999998,0.09701448969999998,0.12637885810000002,0.1185411176,0.0004909676690000001,0.00527128529,0.000154146189,3.042767259e-08,3.187023414e-08,4.17706848e-08,5.778032270000001e-08,8.84068056e-08,1.0573204850000001e-07,2.1210357e-07,0.0053783665,0.000138426568,3.6927907700000002e-06,69.90352340000001,51.198030599999996,3.77116539e-07,6.23700292,0.0016725674199999999,0.11960126290000002,7.11071906e-05,2.53161215e-06,0.0033814087200000004,0.4748810379999999,7.11071906e-05,2.53161215e-06,0.012475365950000001,4.73773399,7.11071906e-05,2.53161215e-06,0.00023330165300000004,0.13910730259999998,7.11071906e-05,2.53161215e-06,0.012413600100000002,2.0322625999999999e-07,0.000154300924,-0.03807610875,0.41473022200000004,-0.010214550149999998,-0.01168562565,-0.011848331000000002,2.32270703e-06,6.78816006e-05
113,1661137800,0.009443124799999997,0.009597060849999998,-0.02220787277,-1.72618531,0.1231912605,0.0912949263,0.1080032962,0.1033156526,0.000377431874,0.004535869319999999,0.00015398914300000002,1.7669219199999998e-08,1.756415903e-08,2.2169892850000002e-08,3.684619840000001e-08,5.157935390000001e-08,6.60271343e-08,1.356746471e-07,0.00454730467,0.00017066320800000002,3.1905947500000002e-06,74.3030365,52.0043536,3.2406314400000003e-07,6.272815919999999,0.0015714287699999999,0.1014751379,7.4565606e-05,2.74675791e-06,0.00311005554,0.399120348,7.4565606e-05,2.74675791e-06,0.012491197249999999,4.79289194,7.4565606e-05,2.74675791e-06,0.00026088833300000005,0.21858519549999994,7.4565606e-05,2.74675791e-06,0.01241157765,1.71853595e-07,0.00015422007600000002,-0.013531532289999999,1.0111853053,-0.01004216725,-0.011742289299999998,-0.01189671235,2.41049815e-06,6.723494090000002e-05
113,1661138400,0.010887197999999997,0.01104140035,-0.0244907277,-1.7323980499999998,0.1280289075,0.09796432000000001,0.1144159932,0.11119089149999999,0.000259125653,0.004896713299999999,0.00015425954200000002,2.529251205e-08,2.592470302e-08,3.1900365e-08,5.9499208900000004e-08,9.32112354e-08,9.788396699999999e-08,1.9296847439999996e-07,0.0052822658500000005,0.000157823282,2.925648e-06,71.3228886,51.498536200000004,3.7205009399999997e-07,6.35889934,0.00167770515,0.1152832815,7.814929950000001e-05,2.9081818499999995e-06,0.00334493057,0.459837061,7.814929950000001e-05,2.9081818499999995e-06,0.012523679700000002,4.8823370399999995,7.814929950000001e-05,2.9081818499999995e-06,0.00027704521699999996,0.2779468704,7.814929950000001e-05,2.9081818499999995e-06,0.012417882549999999,2.24945592e-07,0.000154428896,0.0045154172,0.19928566049999993,-0.010379114,-0.01164005615,-0.011812061399999999,2.3476298900000004e-06,6.786841089999999e-05
113,1661139000,0.0101290674,0.0102828799,-0.025754411550000002,-1.7228215600000003,0.129453951,0.0942801619,0.112728439,0.1074032775,0.00032713766399999997,0.004680424460000001,0.000153896674,1.409716841e-08,1.3721900999999999e-08,2.08748991e-08,5.8730011500000006e-08,1.1308526860000001e-07,6.958724609999999e-08,1.3736889420000002e-07,0.004883476940000001,0.00017676517599999998,3.7765726799999996e-06,73.8224133,52.022695600000006,3.46696856e-07,6.2678565399999995,0.00162167506,0.111807831,7.773268130000001e-05,3.46870318e-06,0.00321266015,0.426596318,7.773268130000001e-05,3.46870318e-06,0.012483148400000001,4.78970887,7.773268130000001e-05,3.46870318e-06,0.00024350627000000003,0.1773067481,7.773268130000001e-05,3.46870318e-06,0.012400485900000001,4.107485649999999e-07,0.000154183097,-0.19151318585000005,0.7081803930999999,-0.009946066850000001,-0.0114244277,-0.011630335,3.19429124e-06,7.24967838e-05
113,1661139600,0.00547818157,0.005632130590000001,-0.023268061900000005,-1.7189845900000003,0.1006155715,0.06955615000000001,0.0825775202,0.076089822,0.00021643909600000002,0.00271563407,0.000154016956,2.2294749800000002e-08,2.4840968170000002e-08,2.9356433100000002e-08,4.9748917e-08,7.267293360000001e-08,8.56029581e-08,1.5957355500000002e-07,0.00254576754,0.00018878737499999999,4.022801280000001e-06,76.4278795,54.1455339,1.91837947e-07,6.70139619,0.0011971379300000002,0.0614538252,7.5367622e-05,2.90628381e-06,0.00232089343,0.224057016,7.5367622e-05,2.90628381e-06,0.01248090565,4.7785789900000015,7.5367622e-05,2.90628381e-06,0.00023323331099999999,0.19421419746000002,7.5367622e-05,2.90628381e-06,0.01240585105,2.2040476399999996e-07,0.000154126702,-0.08499755049999999,0.9898439878999998,-0.0101092657,-0.011663634950000001,-0.01182778085,2.57029066e-06,6.87300895e-05
113,1661140200,0.00802259571,0.00817664195,-0.028981012399999995,-1.74140938,0.11520351800000002,0.0840750205,0.09791548850000001,0.0929278359,0.00030127373900000004,0.00384295313,0.00015422747100000001,1.797671601e-08,1.90002118e-08,2.6011093800000004e-08,3.723991285e-08,5.391333779999999e-08,6.655191530000001e-08,1.181794475e-07,0.00382678226,0.000180087012,3.9074278799999996e-06,75.8515872,52.7035395,2.7675192099999997e-07,6.36909268,0.0014334716000000002,0.08540500300000001,7.72353741e-05,3.5672737799999995e-06,0.00282973098,0.332868399,7.72353741e-05,3.5672737799999995e-06,0.0124532149,4.71161487,7.72353741e-05,3.5672737799999995e-06,0.000218559866,0.11470805987000002,7.72353741e-05,3.5672737799999995e-06,0.0124050123,4.4773100000000003e-07,0.000154332899,-0.22990621120000002,1.9463601092000005,-0.00962651326,-0.011575255900000001,-0.011812670050000001,3.37323897e-06,7.305637309999999e-05
113,1661140800,0.0121179041,0.0122715954,-0.0303597197,-1.71437685,0.13796670900000002,0.10287303839999999,0.12296625509999999,0.11861612160000001,0.000262184081,0.005394051709999999,0.00015382900899999998,1.743306725e-08,1.759267907e-08,2.3725235900000003e-08,5.008047299999999e-08,5.96686093e-08,8.3692403e-08,1.666950312e-07,0.00591093604,0.000143172195,4.28424682e-06,71.65600889999999,51.119872300000004,4.1290016000000005e-07,6.2313529,0.0017867109900000001,0.13140590759999998,8.10719975e-05,3.94543994e-06,0.00355951617,0.522508096,8.10719975e-05,3.94543994e-06,0.012485285099999998,4.79340609,8.10719975e-05,3.94543994e-06,0.000259450424,0.1916238871,8.10719975e-05,3.94543994e-06,0.01239550995,3.9204401600000007e-07,0.000154041671,-0.3477219837,3.2042052574000004,-0.009588886769999999,-0.01160737595,-0.0117963051,3.74915417e-06,7.855220139999999e-05
113,1661141400,0.01132944775,0.01148284596,-0.02250374457,-1.69693972,0.135829148,0.099077469,0.12225373099999999,0.11640355399999999,0.00028134968700000004,0.005146380719999999,0.00015351189000000002,3.00006945e-08,2.2721025049999998e-08,2.722709292e-08,4.71745277e-08,6.69852108e-08,7.81636992e-08,1.595052887e-07,0.00550265785,0.000158400134,3.1178598500000005e-06,72.1102805,51.5106998,3.86763649e-07,6.045268420000001,0.0017335686899999998,0.12171150549999998,7.87253918e-05,3.6109106500000003e-06,0.0034245382500000003,0.486368156,7.87253918e-05,3.6109106500000003e-06,0.01243729475,4.7210344399999995,7.87253918e-05,3.6109106500000003e-06,0.00023161606599999998,0.15102252240000003,7.87253918e-05,3.6109106500000003e-06,0.01238531845,3.1441836e-07,0.00015371132200000002,-0.18841652119999994,2.0740333033,-0.01009620605,-0.01165941735,-0.0118254404,3.4185058700000007e-06,7.56897505e-05
113,1661142000,0.009994598249999999,0.010147480820000002,-0.0356065369,-1.68032873,0.1322290385,0.0931378848,0.11719107710000001,0.1095783435,0.00017688499199999998,0.004389082179999999,0.000153135173,2.36454681e-08,2.1998721540000002e-08,2.6785085930000002e-08,3.9625299999999996e-08,5.8758798e-08,8.01069243e-08,1.654021471e-07,0.0047992865,0.000192983573,4.35229593e-06,74.74424489999998,52.35256,3.42199705e-07,6.230857479999999,0.0016303086899999999,0.10658890400000001,9.03084161e-05,4.89608965e-06,0.0031989251500000003,0.423609282,9.03084161e-05,4.89608965e-06,0.0124482407,4.790415479999999,9.03084161e-05,4.89608965e-06,0.000253967326,0.2211213617,9.03084161e-05,4.89608965e-06,0.0123569839,4.47490528e-07,0.0001531448,-0.09420064820000001,5.6110556634,-0.009438787649999999,-0.01168001835,-0.01184367425,3.90467918e-06,7.54795091e-05
113,1661142600,0.01001747155,0.01017112842,-0.036740097199999995,-1.6976554199999998,0.1292664464,0.0934982141,0.11516601900000001,0.1083408076,0.00019936711239999997,0.0044505662199999995,0.00015398125699999998,3.95342339e-08,4.485988808e-08,4.314415484e-08,6.10934455e-08,8.732705204999999e-08,1.17139685e-07,2.2077658220000003e-07,0.004825382739999999,0.000177838285,4.574816509999999e-06,72.09290140000002,52.09102370000001,3.42820426e-07,6.505901970000001,0.0016178971099999999,0.10482590110000001,8.463761170000002e-05,4.23561248e-06,0.0031934045800000007,0.42032833599999997,8.463761170000002e-05,4.23561248e-06,0.012493609900000001,4.84897947,8.463761170000002e-05,4.23561248e-06,0.000285518284,0.25501526896,8.463761170000002e-05,4.23561248e-06,0.012390693800000002,6.65282771e-07,0.00015419596500000003,-0.5012560233700001,6.769336629999998,-0.0086391542914,-0.011571459000000001,-0.01187093305,3.7690296699999997e-06,7.828691400000001e-05
113,1661143200,0.007893863709999999,0.008048398830000001,-0.036334287699999995,-1.7173879499999998,0.11516601549999998,0.08357047599999999,0.1001655593,0.09307784100000001,0.000331157819,0.0037614359199999994,0.000154633703,1.6151162420000002e-08,2.3453988840000002e-08,1.833420038e-08,3.14666126e-08,3.97865785e-08,6.915591760000001e-08,1.4261804299999998e-07,0.0037397097999999998,0.00020186555099999999,4.91001555e-06,74.22571710000001,53.1560107,2.72396046e-07,6.4826543700000006,0.00145180596,0.08455844519999997,7.68828232e-05,3.5421950799999997e-06,0.00282815989,0.33020891500000005,7.68828232e-05,3.5421950799999997e-06,0.0124724748,4.70282877,7.68828232e-05,3.5421950799999997e-06,0.0002016459766,0.08699273095,7.68828232e-05,3.5421950799999997e-06,0.012431204400000001,2.6378589000000003e-07,0.000154800401,-0.4832710255,4.134163615,-0.009908883569999999,-0.011756372299999998,-0.011928985900000001,3.5502991800000005e-06,7.59990606e-05
113,1661143800,0.0108715961,0.011025929949999999,-0.040426261000000005,-1.64039981,0.14696699,0.096893523,0.126378857,0.11482850390000002,0.000489198661,0.0052530996,0.000154393208,2.52135002e-08,2.66071826e-08,3.12247647e-08,4.832472149999999e-08,6.27728096e-08,1.022546233e-07,2.075849335e-07,0.0051806683800000005,0.00024708809,7.477108810000001e-06,75.412772,53.1268555,3.71248293e-07,6.60613426,0.0017012020100000001,0.11611995289999999,7.291882689999999e-05,2.7799838400000003e-06,0.0033222990200000003,0.45615422999999994,7.291882689999999e-05,2.7799838400000003e-06,0.01248661905,4.76530572,7.291882689999999e-05,2.7799838400000003e-06,0.00022530582399999999,0.1651727622,7.291882689999999e-05,2.7799838400000003e-06,0.012424259100000001,1.5250549899999999e-07,0.00015451519699999998,0.07478439279999999,0.29879591129999994,-0.0105894068,-0.0117772082,-0.011921406700000001,2.48270332e-06,6.75921765e-05
113,1661144400,0.0104381092,0.0105927452,-0.0321637076,-1.6750434899999997,0.141904333,0.0957394664,0.12326626300000001,0.1122034271,0.00032826580300000005,0.004728056079999999,0.000154973283,2.8079982800000005e-08,2.9734753629999997e-08,3.485102873e-08,5.006375010000001e-08,5.63839514e-08,8.462139440000001e-08,1.6604370440000002e-07,0.00491360133,0.00030051509500000006,4.14929817e-06,76.1697088,54.2249148,3.5697198200000004e-07,6.38081689,0.0016759985299999998,0.11194492389999999,9.08359226e-05,6.00044876e-06,0.0032418747900000004,0.43292125800000003,9.08359226e-05,6.00044876e-06,0.012525198199999999,4.854015540000001,9.08359226e-05,6.00044876e-06,0.00027863947599999995,0.22810808208000002,9.08359226e-05,6.00044876e-06,0.01243124775,7.956452669999999e-07,0.00015531758099999999,-0.6762576893000001,8.318912678,-0.00631255279,-0.0114686144,-0.01180343275,5.90082633e-06,8.9730113e-05
113,1661145000,0.01335977555,0.013515175649999999,-0.02472227839,-1.67822587,0.15671728499999998,0.1080949331,0.14036678600000002,0.129228944,0.00039230045,0.00593465702,0.000155692268,6.25277444e-08,5.987847899999999e-08,6.75293056e-08,8.83236141e-08,1.099894502e-07,1.662017981e-07,3.09685721e-07,0.006363923070000001,0.000310939214,3.869284390000001e-06,73.21524000000001,53.474454200000004,4.5402533699999997e-07,6.440492399999999,0.0018898230500000001,0.141591097,9.250087649999999e-05,5.34431342e-06,0.00368866555,0.56005874,9.250087649999999e-05,5.34431342e-06,0.012560941249999999,4.90698733,9.250087649999999e-05,5.34431342e-06,0.000284916419,0.27883198423,9.250087649999999e-05,5.34431342e-06,0.012462371,5.73066177e-07,0.00015588435200000002,-0.54334078138,7.353116819999999,-0.00903073539,-0.0117070609,-0.01192019765,4.48928318e-06,8.27309464e-05
113,1661145600,0.014758142900000002,0.01491322,-0.034619985699999994,-1.69109825,0.158704844,0.1135955085,0.14284186,0.13346657,0.0003974580050000001,0.00654496718,0.00015513855799999997,1.7657231799999998e-08,1.704114925e-08,2.1367537559999995e-08,3.6152036800000004e-08,4.7713196099999996e-08,7.97611321e-08,1.743513879e-07,0.007129671230000001,0.00024338717399999997,5.55479056e-06,73.8772411,52.2888526,5.00891837e-07,6.14328525,0.00196974842,0.15449973599999997,8.43934536e-05,3.26548662e-06,0.0038953502599999995,0.623413578,8.43934536e-05,3.26548662e-06,0.012575256900000002,4.973931609999999,8.43934536e-05,3.26548662e-06,0.00031743449899999997,0.3581246128,8.43934536e-05,3.26548662e-06,0.012448003099999999,1.3662686449999995e-07,0.000155090632,0.1145425789,1.2509565613,-0.01018647595,-0.0118403466,-0.011984569550000001,2.26172815e-06,6.69004386e-05
113,1661146200,0.01442250185,0.0145781242,-0.0214037982,-1.7398258400000004,0.148467034,0.1129757807,0.13522912800000003,0.12986646500000001,0.000379460029,0.00642849855,0.000155702171,3.1206676899999994e-08,3.079931444e-08,3.6568263949999994e-08,7.77206428e-08,7.02966215e-08,1.1159554829999998e-07,2.2566905999999996e-07,0.0069332303800000005,0.00027298026499999995,4.37388375e-06,72.91127399999999,52.6969828,4.89518998e-07,6.181687269999999,0.00195932205,0.15494110499999997,8.225387709999998e-05,3.3929531999999996e-06,0.00386078091,0.6121845269999999,8.225387709999998e-05,3.3929531999999996e-06,0.012584721099999998,4.93585601,8.225387709999998e-05,3.3929531999999996e-06,0.00028731236599999996,0.29472315039999997,8.225387709999998e-05,3.3929531999999996e-06,0.01247539145,2.2748915699999997e-07,0.00015586402999999999,-0.18693708998,4.4222564761,-0.009802377650000001,-0.0118046475,-0.01197235025,2.74755968e-06,7.061809800000001e-05
113,1661146800,0.01456920035,0.01472447455,-0.0241249682,-1.74175265,0.14700449,0.113430973,0.13406659599999998,0.129978967,0.00039915259999999994,0.0064653181700000005,0.000155387,4.095815209999999e-08,4.09961174e-08,4.744667806e-08,8.15126424e-08,9.656079709999999e-08,1.3945847e-07,2.573193333e-07,0.007035295729999999,0.000244205497,4.27788322e-06,72.0235581,52.2918327,4.9428133e-07,6.31334109,0.0019665966399999998,0.156277669,8.19312406e-05,3.75966176e-06,0.0038824516500000003,0.619592428,8.19312406e-05,3.75966176e-06,0.01257124315,4.93430595,8.19312406e-05,3.75966176e-06,0.0002869679216,0.29113821838,8.19312406e-05,3.75966176e-06,0.01245870125,2.8371031599999997e-07,0.00015550395400000001,-0.45934256300000004,3.2630664791499995,-0.0101321411,-0.011738686299999999,-0.011916614999999998,3.3473232600000002e-06,7.399729540000001e-05
113,1661147400,0.01787069095,0.01802557665,-0.023050308,-1.7278439200000002,0.163054977,0.12497545460000001,0.14977957299999997,0.146291964,0.000437898303,0.00788621887,0.000155051852,4.1953356260000005e-08,4.4873996e-08,4.9467208100000004e-08,7.02188683e-08,9.839271310000001e-08,1.34286937e-07,2.956718836e-07,0.00869588252,0.000234448444,4.11174115e-06,72.0076641,51.8335413,6.04293846e-07,6.17392995,0.00213878758,0.185170933,9.6030193e-05,5.00752466e-06,0.0042830184000000006,0.7557228539999999,9.6030193e-05,5.00752466e-06,0.012587496,5.039324250000001,9.6030193e-05,5.00752466e-06,0.00033439633199999996,0.41106602633,9.6030193e-05,5.00752466e-06,0.0124452206,3.66112776e-07,0.000155250173,-0.42261809149999996,3.834157242,-0.00973862051,-0.01168240615,-0.0118880967,4.0617124e-06,7.878496790000001e-05
113,1661148000,0.015600794499999997,0.015755675599999998,-0.0252365689,-1.7196631199999999,0.15292966800000002,0.1167817284,0.140179287,0.136729171,0.00041577148000000003,0.00693849993,0.000154947064,2.9356291650000003e-08,2.8482020220000003e-08,3.520123044e-08,6.931332939999999e-08,8.36354189e-08,1.0518432670000002e-07,2.196157698e-07,0.00761149985,0.000183593224,4.6610628600000005e-06,71.9520842,51.3619207,5.28955967e-07,6.14807944,0.00204599583,0.17115590499999997,8.09648368e-05,3.2028389900000003e-06,0.0040610344800000005,0.680012753,8.09648368e-05,3.2028389900000003e-06,0.01256387695,4.955099980000001,8.09648368e-05,3.2028389900000003e-06,0.00030079775799999995,0.33662007429999996,8.09648368e-05,3.2028389900000003e-06,0.012447992299999999,2.20548039e-07,0.000155173821,-0.0421788728,0.18454031199999998,-0.01035042685,-0.011689282399999999,-0.011852418649999998,2.39001221e-06,6.779002640000001e-05
113,1661148600,0.0180337578,0.018188689799999998,-0.016621354800000005,-1.72631033,0.16241745999999999,0.125649669,0.15034208799999998,0.14756700399999997,0.000270208789,0.007740221009999999,0.00015515469000000002,7.821307275000001e-08,7.610470857999999e-08,8.89807297e-08,1.233107229e-07,1.8637381100000003e-07,2.1765866940000003e-07,4.0164432700000007e-07,0.008796281290000001,0.000216370982,2.83068656e-06,68.7863475,51.5540172,6.09473089e-07,6.132095830000001,0.00217277588,0.191941101,9.428292279999999e-05,4.72286741e-06,0.00433332402,0.772023731,9.428292279999999e-05,4.72286741e-06,0.0125806635,5.00901303,9.428292279999999e-05,4.72286741e-06,0.000326480021,0.3726099407,9.428292279999999e-05,4.72286741e-06,0.0124464082,5.016525910000001e-07,0.000155415367,-0.3167574190000001,3.204220264000001,-0.009004184259999999,-0.011533378799999999,-0.011751686600000002,3.828104849999999e-06,7.877089459999999e-05
113,1661149200,0.017744888999999996,0.017899383900000003,-0.011502523600000002,-1.7030288799999997,0.167592615,0.12437159899999999,0.153717194,0.14947956199999998,0.00024735741099999995,0.007691325670000001,0.000154580547,2.727331995e-08,2.4181247479999995e-08,2.9059764470000005e-08,5.25968035e-08,6.424441510000001e-08,8.74275729e-08,1.9198274759999999e-07,0.0086867287,0.00018296062699999998,2.1859275799999998e-06,71.40245,51.21229900000001,6.003080099999999e-07,5.92406734,0.0021478237200000003,0.185841967,8.89057018e-05,4.02002102e-06,0.00429996031,0.758368975,8.89057018e-05,4.02002102e-06,0.01257359135,5.0112922300000005,8.89057018e-05,4.02002102e-06,0.000351197794,0.4111717324,8.89057018e-05,4.02002102e-06,0.012427317050000001,2.34996697e-07,0.00015467350400000002,-0.21578624719999998,1.6701109505000002,-0.0101759557,-0.0117074602,-0.01187296715,3.0523212e-06,7.229632009999999e-05
113,1661149800,0.016116799100000002,0.0162719068,-0.019971423,-1.67836061,0.163017477,0.1180009544,0.148467034,0.14370438700000002,0.00027613412499999997,0.006996598799999999,0.000155191596,5.2906412999999993e-08,5.479391230000001e-08,6.440120059999999e-08,9.84394814e-08,1.153486068e-07,1.764145834e-07,3.4826916700000003e-07,0.00791194553,0.00014253139500000002,2.9239149000000003e-06,67.80995390000001,50.8410829,5.455584149999999e-07,6.37498456,0.0020561137299999997,0.170870214,7.193982659999999e-05,2.67837514e-06,0.004115975369999999,0.6983731810000001,7.193982659999999e-05,2.67837514e-06,0.0125258927,4.80778874,7.193982659999999e-05,2.67837514e-06,0.00024542098999999994,0.1720544486,7.193982659999999e-05,2.67837514e-06,0.012454251199999999,1.6253557550000002e-07,0.00015527141099999997,0.025578843400000002,0.125274123,-0.01063157935,-0.0117898641,-0.01194005775,2.46668677e-06,6.80425504e-05
113,1661150400,0.014533908600000001,0.0146896162,-0.01901963805,-1.7090975,0.147792012,0.1127840993,0.13519162599999998,0.132641548,0.000183482901,0.006221717780000001,0.00015584357199999998,4.07898432e-08,4.0977658750000004e-08,4.725417774e-08,6.4408769e-08,8.274194720000001e-08,1.2145639716e-07,2.429154553e-07,0.007127725759999999,0.0001359911145,2.4422566600000002e-06,68.410453,50.8242001,4.934381689999999e-07,6.14907104,0.0019389344600000003,0.15297981,8.5976776e-05,4.17023887e-06,0.0039035981,0.62579929,8.5976776e-05,4.17023887e-06,0.012605827850000001,4.989620390000001,8.5976776e-05,4.17023887e-06,0.000311887613,0.3413663135300001,8.5976776e-05,4.17023887e-06,0.01247891525,2.8631229700000005e-07,0.00015601130600000003,-0.08376837159999999,2.488667396300001,-0.010089416350000002,-0.0117375445,-0.011954049400000001,3.4718035499999995e-06,7.296757969999999e-05
113,1661151000,0.01224791735,0.0124032624,-0.0249466369,-1.71580403,0.13312906500000002,0.10348362340000002,0.12217873049999999,0.11951615,0.0001729282476,0.005333005829999999,0.000155402009,2.471763671e-08,2.4322125070000002e-08,2.97799903e-08,4.2624152700000006e-08,5.65049041e-08,8.928986940000001e-08,1.852653204e-07,0.00599089105,0.0001295441405,3.01328329e-06,70.73158000000001,50.892731600000005,4.17366698e-07,6.1897877,0.00177496491,0.1274758585,7.249034059999999e-05,2.6293877600000003e-06,0.00357074872,0.522957271,7.249034059999999e-05,2.6293877600000003e-06,0.0125371489,4.801846150000001,7.249034059999999e-05,2.6293877600000003e-06,0.00023657688899999998,0.17136882169999998,7.249034059999999e-05,2.6293877600000003e-06,0.012465553700000001,1.327739626e-07,0.000155523415,0.0751531274,1.1196703475,-0.0102020255,-0.011863757400000001,-0.01200408155,2.35989715e-06,6.76098265e-05
113,1661151600,0.010403646900000002,0.010559170750000001,-0.025338225000000002,-1.6957054799999998,0.14670447650000001,0.0952118901,0.11359096799999999,0.1096908478,0.00020202157300000002,0.00478313904,0.000155582772,2.3673513830000002e-08,2.4030587580000003e-08,3.177421558e-08,4.57403778e-08,1.758035378e-07,8.189121332999999e-07,6.719954617099999e-06,0.005086152469999999,0.00010504314150000002,2.72317484e-06,69.7048264,50.512166,3.559459050000001e-07,6.204787319999999,0.00177423115,0.2017013194,7.61281636e-05,3.0045463399999997e-06,0.0033118335499999997,0.45198598500000003,7.61281636e-05,3.0045463399999997e-06,0.012568610050000002,4.8911117200000005,7.61281636e-05,3.0045463399999997e-06,0.000261110668,0.232616934,7.61281636e-05,3.0045463399999997e-06,0.012472764299999998,3.785796490000001e-07,0.00015586578699999999,0.07084153843999999,30.60302896800001,-0.00584457585,-0.0118419944,-0.01198775,3.26865625e-06,7.786496e-05
113,1661152200,0.00750931081,0.00766434125,-0.025628384599999998,-1.7266982300000002,0.10774078760000001,0.0812883457,0.09337785080000001,0.09007774989999999,0.00015282788349999999,0.0034219534999999995,0.000155079371,1.462677315e-08,1.435270712e-08,1.770858685e-08,2.6211913800000002e-08,3.63285166e-08,5.73186628e-08,1.2159257900000003e-07,0.0036543402700000005,9.763451329999999e-05,2.3358632499999994e-06,73.43727150000001,50.575006200000004,2.59799479e-07,6.360665829999999,0.00140966786,0.080651667,7.36187403e-05,2.7135795700000004e-06,0.0028009601300000003,0.32282254299999996,7.36187403e-05,2.7135795700000004e-06,0.012516342199999999,4.77895283,7.36187403e-05,2.7135795700000004e-06,0.000217215257,0.16664738370000004,7.36187403e-05,2.7135795700000004e-06,0.012450179699999998,1.3183605699999999e-07,0.00015513959400000003,0.03672667102,0.34151841463,-0.010557431100000002,-0.011853584050000001,-0.011987466200000001,2.45803689e-06,6.76347145e-05
113,1661152800,0.008534699829999999,0.00868984553,-0.0089149383,-1.70873426,0.11501601050000002,0.08662556910000001,0.10451569060000002,0.1000530535,0.0001087487436,0.0036891531800000003,0.00015519857,1.802885448e-08,1.828723485e-08,2.216135693e-08,3.46515632e-08,4.796758575000001e-08,6.793642499999999e-08,1.326320767e-07,0.00413963408,0.00012502891799999997,2.2876505599999995e-06,74.0370975,51.131768799999996,2.93998683e-07,6.46875543,0.0015077730899999999,0.0912036014,7.41399469e-05,2.7107032300000002e-06,0.0029807327500000003,0.36494966500000003,7.41399469e-05,2.7107032300000002e-06,0.012532097249999999,4.8096337899999995,7.41399469e-05,2.7107032300000002e-06,0.000224141044,0.18386773570999998,7.41399469e-05,2.7107032300000002e-06,0.0124530054,1.4910096799999997e-07,0.000155226972,-0.08654507020000003,4.106673565,-0.01019046757,-0.0118312003,-0.01197267745,2.46634324e-06,6.853451670000001e-05
113,1661153400,0.007693239959999999,0.0078487321,-0.0230574414,-1.70919465,0.10995335449999999,0.0821587704,0.0986280098,0.09341535249999999,0.000124376877,0.00335151573,0.000155535631,1.080441054e-08,1.092690564e-08,1.4543105610000002e-08,2.298968478e-08,3.4773677699999996e-08,4.960967105e-08,1.023229799e-07,0.0037233704100000002,0.00012049460219999998,2.46076889e-06,73.2011757,51.1355468,2.66085243e-07,6.18370137,0.0014292729199999999,0.0819423607,6.90705809e-05,2.39511159e-06,0.0028208701499999995,0.327259545,6.90705809e-05,2.39511159e-06,0.012520310900000001,4.7522318199999996,6.90705809e-05,2.39511159e-06,0.000197148329,0.0975998411,6.90705809e-05,2.39511159e-06,0.012469531800000001,1.40298165e-07,0.000155630288,-0.1533263974,6.8543163651,-0.009921751590000001,-0.011871218999999999,-0.012002492149999999,2.31260935e-06,6.726022990000001e-05
113,1661154000,0.008297796500000001,0.008453315150000001,-0.029130988199999996,-1.68056232,0.1180161024,0.0851057169,0.1045906915,0.0993780346,0.0001330921295,0.00365331917,0.000155573699,2.259355779e-08,2.298698097e-08,2.7212578220000004e-08,3.9475212e-08,5.5390226350000004e-08,7.42980705e-08,1.4220762729999998e-07,0.00403702446,0.0001086065596,2.81715182e-06,70.5222792,50.7735164,2.8612380399999995e-07,6.169669170000001,0.0014856308600000002,0.0883032959,6.93082603e-05,2.46111306e-06,0.0029429727700000003,0.35521168500000005,6.93082603e-05,2.46111306e-06,0.01252392135,4.74618246,6.93082603e-05,2.46111306e-06,0.00020600310600000002,0.11474485646000002,6.93082603e-05,2.46111306e-06,0.012471626199999999,1.42773787e-07,0.000155684659,0.04128240255,0.34625131865000003,-0.010615323,-0.011847885200000002,-0.0119871818,2.3868150300000003e-06,6.77276337e-05
113,1661154600,0.00753540615,0.007690900340000001,-0.037074463599999996,-1.6402957400000002,0.116441053,0.07997424659999999,0.09945303650000001,0.0933778499,0.0002301121769,0.0034875592400000002,0.000155746756,8.200898763999999e-08,3.595460489e-08,3.47835689e-08,4.4698793099999994e-08,6.266650104999999e-08,1.780073743e-07,1.661093558e-07,0.0036693512799999993,9.420156139999999e-05,3.2879004400000006e-06,71.00407949999999,50.540765199999996,2.6067529399999995e-07,6.38127793,0.0014147154,0.0831765525,7.77234206e-05,3.89179307e-06,0.00277282549,0.32357726500000006,7.77234206e-05,3.89179307e-06,0.012525073500000001,4.79145895,7.77234206e-05,3.89179307e-06,0.000269090184,0.15930860423999998,7.77234206e-05,3.89179307e-06,0.012462524099999999,6.629789559999998e-07,0.000155976684,-2.18463252733,99.44620578190002,-0.0077924421300000005,-0.0115573072,-0.011903856199999998,3.733425080000001e-06,7.503393909999999e-05
113,1661155200,0.00497394028,0.00512996519,-0.0352292168,-1.59474558,0.11306595159999999,0.065178478,0.08227751200000001,0.07428976820000001,0.00022549672160000002,0.00269011874,0.000156070554,1.84286139e-08,2.9313248500000004e-08,2.3478295100000003e-08,3.45299351e-08,6.501393899999999e-08,3.925947669999999e-07,1.5899804259899995e-05,0.00235685069,0.00010963207269999999,3.97286713e-06,71.88904409999999,51.27161589999999,1.75186786e-07,6.72992045,0.00140690377,0.24402775000000002,6.84005423e-05,2.23581968e-06,0.0022407340699999996,0.21087219700000004,6.84005423e-05,2.23581968e-06,0.0125305265,4.73520585,6.84005423e-05,2.23581968e-06,0.00020189150499999998,0.07897791122,6.84005423e-05,2.23581968e-06,0.01248656335,2.4186407400000003e-07,0.00015615665000000002,0.022013011000000002,3.4698534104000003,-0.00925840887,-0.0117521996,-0.011926787749999999,2.20750758e-06,6.792651600000001e-05
113,1661155800,0.0056481948500000006,0.0058034590099999995,-0.032569019799999994,-1.36652833,0.13369158450000002,0.06768513079999999,0.0969029563,0.0828025271,0.000293492374,0.00290400316,0.00015542060900000003,5.925521707000001e-08,2.48281658e-08,2.19384725e-08,3.523197709999999e-08,3.918677909999999e-08,1.2456940070000002e-07,1.0824635910000002e-07,0.00271096298,0.0001095605904,2.99360836e-06,72.3116432,51.3121699,1.9768204500000001e-07,6.580336319999999,0.00121435213,0.061235776799999996,7.442632399999999e-05,3.31244088e-06,0.00235499385,0.23144863,7.442632399999999e-05,3.31244088e-06,0.0125098885,4.751284319999999,7.442632399999999e-05,3.31244088e-06,0.00026633130800000004,0.12413478069999999,7.442632399999999e-05,3.31244088e-06,0.01245519755,4.01101876e-07,0.00015553396100000003,-2.4921289484,120.904889924,-0.00803732439,-0.01172772955,-0.0119189823,3.3415816000000005e-06,7.604201900000001e-05
113,1661156400,0.006804678250000001,0.006960557649999999,-0.0289266915,-1.6220008199999998,0.12799140149999996,0.0764264257,0.0957029224,0.08786518500000001,0.000275603058,0.00333621514,0.000156514121,2.1378379060000002e-08,2.046615225e-08,1.9464128099999998e-08,4.55869942e-08,6.81824227e-08,5.321181229999999e-07,5.149060505e-07,0.00329397746,0.0001033294505,3.16714577e-06,70.85104850000002,50.8460425,2.36228313e-07,6.625251109999999,0.0013800400000000001,0.0962199609,0.00010086914849999999,6.60743469e-06,0.00263391276,0.287621247,0.00010086914849999999,6.60743469e-06,0.01251101755,4.73790984,0.00010086914849999999,6.60743469e-06,0.000250018582,0.06253448260000001,0.00010086914849999999,6.60743469e-06,0.01245996885,1.3055995760000002e-06,0.000156459816,0.10369142910000002,27.657066946199997,-0.004426881539999999,-0.0114804716,-0.011775929299999998,5.92051039e-06,9.10490741e-05
113,1661157000,0.006232582119999999,0.006388000350000001,-0.02205383213,-1.6409032800000003,0.1278789036,0.073640021,0.09142779050000001,0.08216500800000001,0.000367658099,0.0031758155400000002,0.000155483497,4.608065270000001e-08,7.910096754999999e-08,1.0243472663e-07,7.81328416e-08,5.19234897e-08,5.9152847e-08,1.18613618e-07,0.00290799881,0.00019182895400000002,1.586229035e-05,83.17317539999999,53.9723063,2.1717096e-07,6.823242570000001,0.0013107675100000001,0.07471881250000001,6.99563164e-05,2.6198767500000007e-06,0.00248526433,0.25940538300000004,6.99563164e-05,2.6198767500000007e-06,0.01249672095,4.70713406,6.99563164e-05,2.6198767500000007e-06,0.000269914712,0.06915625245999998,6.99563164e-05,2.6198767500000007e-06,0.0124638145,6.48119004e-07,0.00015599525,-0.04529297457,-0.15333910521999997,-0.008990614669999999,-0.011247916450000001,-0.0114622108,2.58349794e-06,6.989721180000001e-05
113,1661157600,0.0101245741,0.010280017700000001,-0.031090534000000003,-1.6782482899999998,0.14197933300000004,0.0936301353,0.1151660172,0.1089408261,0.000337431801,0.00470927983,0.000155589396,1.478435546e-08,4.3849101749999996e-08,6.56552011e-08,2.259613915e-07,8.08416449e-08,1.559009235e-07,1.402987503e-07,0.00492407925,0.00012616068060000002,1.1169981829999998e-05,76.851236,51.146109800000005,3.4661232700000003e-07,6.53865617,0.0016888425999999998,0.1253540386,8.061844390000002e-05,3.32780193e-06,0.0032448699600000006,0.43765500599999996,8.061844390000002e-05,3.32780193e-06,0.012565777149999999,4.880694210000001,8.061844390000002e-05,3.32780193e-06,0.00028467702500000006,0.24500388705000004,8.061844390000002e-05,3.32780193e-06,0.012467301949999999,9.87255204e-07,0.00015642116,-0.06863668346,0.676844828,-0.00856408927,-0.01109387095,-0.01132154565,2.95361906e-06,7.18745809e-05
113,1661158200,0.0106155587,0.01077082495,-0.037390086899999994,-1.6355176099999997,0.15386719599999998,0.09532467050000001,0.1213912045,0.11430348640000002,0.000373269641,0.0050494360800000014,0.000155415781,2.9418596399999997e-08,2.501597144e-08,3.1002072000000005e-08,5.05079974e-07,6.235682179999999e-08,8.86119567e-08,1.7665901550000002e-07,0.005185653900000001,0.00010779424959999999,1.3261944e-05,75.01965689999999,50.7712784,3.63050714e-07,6.47697012,0.0017516233700000002,0.13858946600000002,8.421952e-05,4.336642189999999e-06,0.0033346069900000003,0.4610621060000001,8.421952e-05,4.336642189999999e-06,0.012544732,4.83717599,8.421952e-05,4.336642189999999e-06,0.000274108145,0.22050535970000001,8.421952e-05,4.336642189999999e-06,0.012465206500000001,1.32070386e-06,0.000156703078,-0.30897016607000005,2.1552056525000003,-0.008236101190000001,-0.010810229,-0.0110697358,4.22135115e-06,8.17212605e-05
113,1661158800,0.0072107344600000015,0.007365853909999999,-0.03730654060000001,-1.7142273499999998,0.11430349070000001,0.07974535569999999,0.0947653925,0.0881276904,0.00043036295099999994,0.0037354364600000003,0.00015524872699999997,2.16569915e-08,1.9925225370000003e-08,2.570548475e-08,4.965219219999999e-08,5.0161136e-08,7.031084209999999e-08,2.90993921e-07,0.0034118678900000006,0.00018659287799999998,6.245075179999999e-06,77.48413199999999,53.05160500000001,2.49751497e-07,6.57073834,0.00137108971,0.0799723715,8.027222279999999e-05,3.47923217e-06,0.00267790555,0.297401806,8.027222279999999e-05,3.47923217e-06,0.012493237,4.7285154,8.027222279999999e-05,3.47923217e-06,0.000204803397,0.12410589605,8.027222279999999e-05,3.47923217e-06,0.012449231600000003,3.2105954300000003e-07,0.00015530581800000002,-0.08867881640000001,4.1975267,-0.0087412475,-0.011744906199999999,-0.0119332377,3.1492400400000003e-06,7.491369400000001e-05
113,1661159400,0.00570518735,0.00585998925,-0.048678386799999994,-1.68596653,0.102228121,0.0708051535,0.08509009870000002,0.0783773923,0.000300529655,0.00294946973,0.000154859749,1.9940288370000003e-08,2.1923576490000002e-08,2.8461310849999997e-08,4.29539968e-08,7.97897548e-08,7.6570863e-08,2.88932715e-07,0.00266071044,0.00018316032700000002,8.10601784e-06,77.88527719999999,53.7623502,1.99614205e-07,6.761110099999999,0.0012237326199999999,0.0656211275,7.279910199999999e-05,2.7016549e-06,0.0023752942400000004,0.23379078800000003,7.279910199999999e-05,2.7016549e-06,0.01250787985,4.772566230000001,7.279910199999999e-05,2.7016549e-06,0.000215012334,0.15727912920000003,7.279910199999999e-05,2.7016549e-06,0.01244139335,2.23213196e-07,0.000155011736,0.017110906099999997,0.3724543255,-0.010005093500000001,-0.0116802321,-0.0118481601,2.48442348e-06,6.76939151e-05
113,1661160000,0.00546348864,0.005618330700000001,-0.0316276679,-1.70751041,0.10106558560000001,0.06881202689999999,0.0802899499,0.07466477879999998,0.000282915111,0.0028532748700000003,0.00015488237,7.75432885e-09,9.142877750000001e-09,1.28771143e-08,1.9479495e-08,2.8968307799999997e-08,3.63654491e-08,2.0682257400000001e-07,0.0025252587400000004,0.000200662408,5.4602089e-06,82.0450181,54.884010599999996,1.9174748100000003e-07,6.40240357,0.0011835021,0.0608553354,7.24245696e-05,2.56135599e-06,0.0022747370199999997,0.220016255,7.24245696e-05,2.56135599e-06,0.0125085362,4.7703530700000005,7.24245696e-05,2.56135599e-06,0.00020527070500000002,0.14276803812,7.24245696e-05,2.56135599e-06,0.012440732549999998,1.64352901e-07,0.00015493661800000002,0.039029766099999995,1.235987351,-0.009884281399999998,-0.011784828399999999,-0.01193242765,2.3214329799999997e-06,6.701792860000001e-05
113,1661160600,0.0089586052,0.009114138550000001,-0.0332503682,-1.70871881,0.1328290505,0.0888308812,0.1066157535,0.1007280739,0.000348082311,0.00432893631,0.000155720481,3.017518586e-08,3.081305545e-08,3.620962696e-08,5.2380025499999996e-08,7.83265286e-08,9.13002435e-08,2.79567485e-07,0.00428591454,0.000187520592,5.079290709999999e-06,75.2602249,52.4544331,3.0781247400000003e-07,6.384313260000001,0.00152055636,0.09773020149999999,8.337036650000001e-05,4.3629859e-06,0.00302438037,0.376584826,8.337036650000001e-05,4.3629859e-06,0.012529321,4.7807420899999995,8.337036650000001e-05,4.3629859e-06,0.00023682969699999999,0.1439723219,8.337036650000001e-05,4.3629859e-06,0.0124681276,4.5948746599999996e-07,0.00015591479300000003,-0.60669343873,9.904420063,-0.00840566236,-0.01164320735,-0.0118497338,4.25915347e-06,8.10077194e-05
113,1661161200,0.00865710448,0.0088118188,-0.036021439700000005,-1.66536701,0.127578896,0.086715847,0.10852831329999998,0.1014030945,0.00033289245599999996,0.00416420271,0.000154941531,2.052389096e-08,2.222799515e-08,2.669492565e-08,4.4832295499999994e-08,6.781569999999999e-08,8.51811041e-08,2.92411746e-07,0.00417186641,0.00015083761000000002,5.060642479999999e-06,74.07906500000001,51.7243759,2.97795238e-07,6.6464101499999995,0.00148115142,0.0940601069,8.88114535e-05,4.6280471500000006e-06,0.00297197211,0.36362331699999995,8.88114535e-05,4.6280471500000006e-06,0.012500501399999999,4.76963607,8.88114535e-05,4.6280471500000006e-06,0.00025982310100000004,0.1532507236,8.88114535e-05,4.6280471500000006e-06,0.012439372200000002,5.50063066e-07,0.00015528837800000002,-0.8323192727000001,7.509472947000001,-0.00821043313,-0.011610402550000001,-0.011824178700000002,4.54956306e-06,8.51599695e-05
113,1661161800,0.01204852335,0.0122038757,-0.0335064463,-1.5864379800000001,0.16309247899999998,0.100800856,0.1350416224,0.12566633450000003,0.00042980833599999996,0.00569715171,0.000155559097,4.9571707650000006e-08,5.2163772200000007e-08,6.04819802e-08,9.21929691e-08,1.379486886e-07,1.691000588e-07,3.7543423970000004e-07,0.0058636459399999995,0.000154860773,4.60870647e-06,70.6064032,51.333725300000005,4.10389492e-07,6.54328515,0.0017325025199999996,0.13093487799999998,7.4312467e-05,2.7347156999999996e-06,0.0035236847299999997,0.515215605,7.4312467e-05,2.7347156999999996e-06,0.0125392803,4.79923602,7.4312467e-05,2.7347156999999996e-06,0.00026823430799999997,0.1667407162,7.4312467e-05,2.7347156999999996e-06,0.012462128,4.91879849e-07,0.000155794757,-0.171438190614,25.753638962699995,-0.007435945647,-0.011632071499999999,-0.011836753450000001,2.60174667e-06,7.090872010000001e-05
113,1661162400,0.0125884887,0.0127436151,-0.0236609131,-1.5894990100000002,0.16815513,0.10319429579999999,0.13897924,0.12994146599999998,0.000573926208,0.00623231993,0.00015523060200000002,3.331798552e-08,3.42507369e-08,4.479574365e-08,6.21649673e-08,9.67196268e-08,1.510595547e-07,3.39193895e-07,0.00614240263,0.000146247098,4.72573888e-06,71.60030459999999,51.1409128,4.2865155300000004e-07,6.296364710000001,0.0017854126599999999,0.138132893,7.94812498e-05,3.3389454400000004e-06,0.00361716039,0.539383209,7.94812498e-05,3.3389454400000004e-06,0.012533954750000001,4.818748090000001,7.94812498e-05,3.3389454400000004e-06,0.000271141097,0.19327229699999998,7.94812498e-05,3.3389454400000004e-06,0.0124571457,3.10970107e-07,0.000155492008,-0.2619434363,3.2118341900000003,-0.00941496105,-0.011655802400000002,-0.011848180199999999,3.03052328e-06,7.36644571e-05
113,1661163000,0.0133110094,0.01346689455,-0.030037710799999996,-1.6744482599999997,0.156979793,0.10651281989999999,0.13399159240000003,0.12641635899999998,0.000611035656,0.00661582451,0.000155972013,2.8123545729999998e-08,2.7933400199999995e-08,3.65545791e-08,5.083537020000001e-08,6.64652456e-08,1.3512239040000003e-07,2.92324713e-07,0.006498127130000001,0.0001513723072,5.27512532e-06,72.9919531,51.29401519999999,4.526459010000001e-07,6.330399679999999,0.0018467640100000003,0.14477296750000002,8.37177355e-05,3.568774620000001e-06,0.00369525357,0.57355716,8.37177355e-05,3.568774620000001e-06,0.01261144585,4.96797439,8.37177355e-05,3.568774620000001e-06,0.000305127775,0.30643381136000003,8.37177355e-05,3.568774620000001e-06,0.01248476945,2.3503465499999998e-07,0.00015610519099999997,-0.172427589,2.648098588,-0.009460747600000001,-0.0117661927,-0.01193265455,3.0384549999999996e-06,7.19589926e-05
113,1661163600,0.0162547871,0.016410173499999996,-0.032071309400000005,-1.68223622,0.169730181,0.11845655749999999,0.14741699800000002,0.14179182999999998,0.000409390095,0.0073386143700000005,0.00015561531899999998,5.781971290000001e-08,5.66527901e-08,6.651626892999999e-08,8.72796114e-08,1.0722116179999999e-07,1.873605257e-07,4.0891033560000005e-07,0.007980883000000001,0.0001393619845,5.94487282e-06,70.45349759999999,50.8225235,5.504066000000001e-07,6.33982615,0.0020706317899999997,0.175914943,8.83951548e-05,4.711463740000001e-06,0.0041319216,0.705426058,8.83951548e-05,4.711463740000001e-06,0.012583104650000001,4.9144276300000005,8.83951548e-05,4.711463740000001e-06,0.000330344305,0.2607400399,8.83951548e-05,4.711463740000001e-06,0.0124663905,5.49955475e-07,0.00015595912799999998,-0.5894601227,12.613802878,-0.0066878475800000005,-0.01166930435,-0.0118802762,4.452999139999999e-06,8.3166324e-05
113,1661164200,0.01049476845,0.01064993175,-0.0340363831,-1.71180518,0.13294155749999997,0.0957819217,0.11366597,0.10931583739999999,0.000265440115,0.00478359224,0.00015524979,2.970930078e-08,2.973802775e-08,3.32611081e-08,6.49716229e-08,1.2513246530000002e-07,1.406256527e-07,2.76074029e-07,0.00510023528,0.00014106710999999998,5.2921881499999995e-06,71.7909134,51.2471211,3.58752172e-07,6.619050110000001,0.0016851957899999999,0.11717042,7.57953025e-05,3.1339930799999994e-06,0.00329745774,0.44805338,7.57953025e-05,3.1339930799999994e-06,0.012505138399999999,4.74778254,7.57953025e-05,3.1339930799999994e-06,0.00022919976399999995,0.1206636493,7.57953025e-05,3.1339930799999994e-06,0.01244409135,3.3927533499999997e-07,0.000155195644,-0.12448501540000001,5.6798228139999996,-0.008845366109999999,-0.011619778,-0.011850285950000001,2.8051659999999997e-06,7.105323049999999e-05
113,1661164800,0.01216631705,0.0123210399,-0.0201233181,-1.7383313900000001,0.13875423599999998,0.10377049120000001,0.12172871449999997,0.1179785994,0.00021607740299999997,0.00537712468,0.000154985044,3.319856725e-08,3.2374088999999995e-08,3.806957497e-08,5.776971970000001e-08,6.90547726e-08,1.189688166e-07,3.09071204e-07,0.0058864055499999995,0.000192235962,3.5891367499999993e-06,72.8183647,51.92146509999999,4.14611246e-07,6.328386910000001,0.0017973107199999998,0.13271134460000003,8.54890491e-05,4.52299638e-06,0.0035500176099999997,0.5179430339999999,8.54890491e-05,4.52299638e-06,0.012527716099999999,4.829686,8.54890491e-05,4.52299638e-06,0.00029941106,0.206745429,8.54890491e-05,4.52299638e-06,0.012422741300000002,5.210941129999999e-07,0.00015484372899999998,-0.22223557860000004,11.256597853,-0.006697323570000001,-0.011584653750000002,-0.0118160241,3.7940951100000005e-06,7.953444999999999e-05
113,1661165400,0.012889460299999999,0.013044612,-0.0248508553,-1.73697279,0.143891894,0.1065720397,0.126003847,0.1212036975,0.00018785624499999997,0.00562487923,0.000155217891,2.762151655e-08,2.8471557750000002e-08,3.697821494e-08,6.77673632e-08,7.151606549999999e-08,1.046538729e-07,2.195717822e-07,0.006230477649999999,0.000209484506,4.14454993e-06,72.9253996,52.0653961,4.3858244799999993e-07,6.46866141,0.00184136124,0.138683667,7.364475890000001e-05,2.7249838299999997e-06,0.0036494263,0.5475630890000001,7.364475890000001e-05,2.7249838299999997e-06,0.012543873,4.849753830000001,7.364475890000001e-05,2.7249838299999997e-06,0.00027034519499999994,0.21259815176000002,7.364475890000001e-05,2.7249838299999997e-06,0.0124571253,2.48958519e-07,0.000155429549,-0.5749465096999999,14.822508692,-0.008484080657,-0.01175368025,-0.01192966075,2.53347458e-06,6.88909317e-05
113,1661166000,0.012223398400000002,0.012379451,-0.0170370593,-1.6858040499999998,0.15169213,0.1035636878,0.133916587,0.12326626400000003,0.000210011553,0.0054002406999999995,0.000156174032,3.89877948e-08,3.99816516e-08,5.02985791e-08,6.621641580000001e-08,8.5144552e-08,1.363710489e-07,2.69050833e-07,0.00578443495,0.000323551724,2.9044022199999997e-06,74.60144360000001,54.05843829999999,4.16193692e-07,6.582546349999999,0.00175754805,0.1302394525,8.1873566e-05,3.50745288e-06,0.00351220661,0.5091032249999999,8.1873566e-05,3.50745288e-06,0.0126035538,4.97636067,8.1873566e-05,3.50745288e-06,0.000312294029,0.33067614370000004,8.1873566e-05,3.50745288e-06,0.012487646149999998,2.7669621e-07,0.000156218739,-0.1759843962,5.883804546,-0.00870085575,-0.01173427625,-0.011942538499999999,2.8260016600000002e-06,6.8805558e-05
113,1661166600,0.01068749125,0.0108431077,-0.0187919415,-1.6764697599999998,0.14325437500000002,0.0971115486,0.12690387350000001,0.11490350759999998,0.00016954272900000003,0.00468596427,0.00015585415499999998,2.1083539140000005e-08,1.9786572370000002e-08,2.92173035e-08,5.3773045199999996e-08,4.951063389999999e-08,7.19956645e-08,1.572446997e-07,0.00493942947,0.00040030841900000005,3.3652032e-06,81.03152959999998,56.009259699999994,3.65370019e-07,6.32997455,0.0016531207199999998,0.1168360306,8.87261891e-05,5.34487725e-06,0.00325768795,0.43766364100000005,8.87261891e-05,5.34487725e-06,0.012554944549999999,4.829197859999999,8.87261891e-05,5.34487725e-06,0.00026432806299999995,0.1720759348,8.87261891e-05,5.34487725e-06,0.0124747921,5.997156e-07,0.000156220636,-0.37366373073,7.464650012,-0.00728655849,-0.0115566834,-0.011829699199999998,5.17925239e-06,8.52669241e-05
113,1661167200,0.00836052062,0.0085153475,-0.011243697579999998,-1.62875171,0.134479111,0.0854801301,0.114303487,0.10099058320000001,0.0002159364665,0.0038204349300000003,0.00015499954899999999,1.7605595310000002e-08,1.9038842270000002e-08,2.068816283e-08,3.4168152e-08,4.6479642200000005e-08,6.98968028e-08,1.3836685660000001e-07,0.003672484570000001,0.000503827917,3.4255383200000006e-06,82.96189860000001,60.119185400000006,2.8780984000000004e-07,6.473662149999998,0.0014346676400000002,0.08937533360000001,9.25173463e-05,5.03265657e-06,0.00278857554,0.32268385099999997,9.25173463e-05,5.03265657e-06,0.012562303350000002,4.9486399599999995,9.25173463e-05,5.03265657e-06,0.00031127175200000004,0.3481320086,9.25173463e-05,5.03265657e-06,0.012442150400000001,4.2406242699999996e-07,0.000155231478,-0.4929863093,9.3259882473,-0.00824492778,-0.0116957201,-0.011884939199999998,4.40929719e-06,8.0509043e-05
113,1661167800,0.0107780164,0.010933400949999998,-0.006873649532,-1.6959677599999998,0.146666979,0.09801130150000001,0.128853931,0.1144534929,0.0001845797155,0.0047464106200000005,0.00015553494899999998,2.6206050240000002e-08,2.803381416e-08,3.779644545e-08,4.94405291e-08,6.63984295e-08,9.42454406e-08,1.780754371e-07,0.004855920009999999,0.000528847889,3.60952689e-06,81.13026449999998,58.209018300000004,3.68294481e-07,6.389733430000001,0.0016563503899999998,0.11610321500000001,7.82497169e-05,3.7754641800000006e-06,0.00322520833,0.427366954,7.82497169e-05,3.7754641800000006e-06,0.0125523759,4.868765959999999,7.82497169e-05,3.7754641800000006e-06,0.000284486202,0.24819472390000002,7.82497169e-05,3.7754641800000006e-06,0.0124654656,3.21122988e-07,0.000155709676,-0.7398090194,15.409454645000002,-0.00831779534,-0.011764032600000002,-0.011931151099999999,3.4317879900000006e-06,7.786506e-05
113,1661168400,0.008515491359999999,0.0086707933,0.00317009508,-1.5194997399999999,0.152142149,0.08546898490000002,0.122366236,0.10777829159999999,0.0001710554126,0.003811132119999999,0.000155759038,1.9048601099999998e-08,2.0092664299999997e-08,2.6348172200000004e-08,6.41798753e-08,6.00536464e-08,8.10269082e-08,1.648836846e-07,0.0037250333500000003,0.0005284215719999999,3.3966090799999997e-06,83.03267100000001,60.345426399999994,2.92895157e-07,6.63939523,0.00144474386,0.09460559099999999,0.000102012416,6.9879868e-06,0.00282188555,0.32932237900000005,0.000102012416,6.9879868e-06,0.012561795199999998,4.941642320000001,0.000102012416,6.9879868e-06,0.00029595393900000005,0.30764779900000006,0.000102012416,6.9879868e-06,0.0124612077,1.1095658370000002e-06,0.000156392331,-0.9949504356000001,16.72263014,-0.006654308039,-0.011430923400000001,-0.011752802,6.5381743699999995e-06,9.37813452e-05
113,1661169000,0.0043153364199999995,0.00446967376,0.0420088649,-1.16919216,0.1172660818,0.057894844,0.094015369,0.0769148474,0.00015538847559999999,0.0020390934500000004,0.000154646394,1.7393726359999996e-08,1.3016959879999999e-08,1.531135823e-08,2.048119862e-08,2.70575023e-08,4.6418731000000004e-08,8.617230099999999e-08,0.0016220288,0.0005284501189999999,6.65127883e-06,89.033379,71.3822814,1.53284755e-07,6.668702920000001,0.000983798355,0.048187307400000004,9.062886639999999e-05,5.66516337e-06,0.0018169121400000003,0.1426989534,9.062886639999999e-05,5.66516337e-06,0.01249066365,4.761842,9.062886639999999e-05,5.66516337e-06,0.00022749613149999998,0.1337753529,9.062886639999999e-05,5.66516337e-06,0.0124262549,7.41788957e-07,0.00015515437100000002,-0.9469875169999998,15.300716226999999,-0.00685856811,-0.011578530399999998,-0.011835074050000002,5.71702795e-06,9.080176690000001e-05
113,1661169600,0.0200205934,0.0201752912,-0.030811726599999995,-0.9221976679999999,0.231269555,0.11235845900000001,0.20685631899999998,0.18593067739999997,0.0010448096746000003,0.00926705363,0.00015477227000000002,2.54307e-08,2.6303352630000005e-08,4.271393055e-08,7.891790989999999e-08,8.58568739e-08,1.45429151e-07,3.52196082e-07,0.00941213239,0.00058905805,8.26736225e-06,79.3352651,57.2084674,6.74860115e-07,6.419369810000001,0.00206415841,0.216271896,8.54279479e-05,3.6588496299999994e-06,0.004275087280000001,0.829776289,8.54279479e-05,3.6588496299999994e-06,0.0125747464,5.01556489,8.54279479e-05,3.6588496299999994e-06,0.000348785123,0.41072525009999994,8.54279479e-05,3.6588496299999994e-06,0.01243827315,2.6089805500000005e-07,0.000154972385,0.06216917530000001,13.457056310999999,-0.008240080043,-0.011684952750000002,-0.011864258649999999,2.62719148e-06,7.041872360000002e-05
113,1661170200,0.043352343800000005,0.0435072902,-0.022862429499999996,-1.2408164200000003,0.322659849,0.18119929199999998,0.30447179299999994,0.282833635,0.000440573606,0.0181669545,0.00015514669,6.72258322e-08,6.913567996999998e-08,8.803832370000001e-08,1.352582341e-07,2.58890018e-07,3.020612491e-07,6.69190723e-07,0.021080658599999996,0.0005877276360000001,5.99143681e-06,72.8605474,52.38392209999999,1.4507861400000003e-06,6.26668535,0.00318568812,0.461131462,0.0001314304119,7.85364225e-06,0.00671771092,1.8543715399999996,0.0001314304119,7.85364225e-06,0.012778511250000003,5.87052031,0.0001314304119,7.85364225e-06,0.000631189219,1.262170421,0.0001314304119,7.85364225e-06,0.0124539819,7.19126041e-07,0.000155818313,-0.278793426,8.566871383,-0.006517312539999999,-0.011501092350000002,-0.01177370845,4.156749469999999e-06,7.84488668e-05
113,1661170800,0.053020439399999994,0.0531752655,-0.0233283221,-1.27425317,0.35382330600000006,0.2011211,0.336685279,0.312047023,0.00041143709499999996,0.0218728366,0.00015491745600000002,7.85534413e-08,7.541565789999999e-08,9.552350103000002e-08,1.505134082e-07,1.9383978880000003e-07,3.267849395e-07,7.354327303999999e-07,0.0258789108,0.000623451489,6.10133872e-06,71.37475500000001,52.1002414,1.77288663e-06,5.962161889999999,0.00348759514,0.547000365,0.00011140185829999999,5.39811405e-06,0.007419112,2.25435779,0.00011140185829999999,5.39811405e-06,0.012727592800000001,5.625771500000001,0.00011140185829999999,5.39811405e-06,0.000576218275,1.0046700306000003,0.00011140185829999999,5.39811405e-06,0.01244398075,2.06380194e-07,0.00015505886999999998,0.16619194330000003,11.392385752,-0.00817128241,-0.011724795699999999,-0.011897065000000002,2.29309178e-06,6.74899032e-05
113,1661171400,0.056918209,0.0570729069,-0.024817012299999996,-1.27839398,0.367211215,0.209294826,0.34771061700000006,0.32370987300000004,0.000316513705,0.0234195666,0.00015486993,7.39532045e-08,7.310136853e-08,9.753137663e-08,1.5533216299999999e-07,2.011990712e-07,3.410294934000001e-07,7.842008200000001e-07,0.027730887,0.000719492157,6.82005783e-06,72.5061641,52.268777899999996,1.90277568e-06,6.1589220099999995,0.0036643954,0.6082549899999999,0.000117086732,6.812330760000001e-06,0.0077286412100000005,2.45388186,0.000117086732,6.812330760000001e-06,0.012719098050000002,5.61887929,0.000117086732,6.812330760000001e-06,0.000579307364,1.0113556300000002,0.000117086732,6.812330760000001e-06,0.0124416245,4.2461860199999996e-07,0.000155202749,-1.419687187,74.38823319179998,-0.00714146796,-0.011610657100000001,-0.011816767500000002,4.12141457e-06,8.15475425e-05
113,1661172000,0.05991916540000001,0.060074012899999994,-0.023338714599999998,-1.27713422,0.37306138899999997,0.213786726,0.356485879,0.33244765200000004,0.00032757012,0.0245385198,0.000155055179,1.7269256430000001e-07,1.745287857e-07,2.067744499e-07,2.789324268e-07,4.0839817159999993e-07,5.417041120000001e-07,1.117385975e-06,0.0293443972,0.0006057599970000001,6.31861039e-06,67.4473558,51.78485209999999,2.00181318e-06,6.224708850000001,0.003750720219999999,0.6299176240000002,0.000120761261,6.271114249999999e-06,0.00792866146,2.57886273,0.000120761261,6.271114249999999e-06,0.012765950949999999,5.75388387,0.000120761261,6.271114249999999e-06,0.000649405167,1.180875587,0.000120761261,6.271114249999999e-06,0.0124366134,3.5761424099999996e-07,0.000155027196,-0.005951700999999988,5.25999096,-0.008635264180000001,-0.011614619500000001,-0.0118288171,2.73501067e-06,6.98350521e-05
113,1661172600,0.0590567387,0.05921183040000001,-0.01853074523,-1.29302741,0.37189886399999994,0.212946889,0.353560797,0.328885042,0.000290546622,0.024128608899999997,0.000155493775,1.7376398299999998e-07,1.766895315e-07,2.0600850079999998e-07,2.8503447400000004e-07,7.67758861e-07,1.4767482720000002e-06,1.0781769480000001e-06,0.028924689600000004,0.0005927973370000001,6.31521109e-06,68.28819130000002,51.782377100000005,1.97281739e-06,6.28062175,0.0037666859999999996,0.6546372180000001,0.0001142092184,6.88349509e-06,0.00784784783,2.52382683,0.0001142092184,6.88349509e-06,0.0127429184,5.60941464,0.0001142092184,6.88349509e-06,0.0006327226529999999,1.006402743,0.0001142092184,6.88349509e-06,0.01245473235,1.4102499260000001e-06,0.000156517533,-0.46749109640000003,6.352072483000001,-0.00663863764,-0.01118164125,-0.01167979135,5.03616925e-06,8.348378770000001e-05
113,1661173200,0.0660624708,0.0662177944,-0.022041861000000003,-1.34611581,0.388361847,0.227805116,0.369311267,0.344110513,0.000577582776,0.027307903100000003,0.000155494485,1.20118295e-07,1.209041209e-07,1.5120531280000002e-07,2.343602633e-07,3.124255966e-07,5.1833422e-07,1.1737717100000002e-06,0.0322723208,0.000747807661,8.295325090000002e-06,69.9672599,52.038343299999994,2.2052697500000005e-06,6.4227688999999994,0.00397375061,0.703979478,0.000123845995,6.788549839999999e-06,0.008347610699999999,2.8636765399999993,0.000123845995,6.788549839999999e-06,0.0127736393,5.81484074,0.000123845995,6.788549839999999e-06,0.000620592195,1.177217456,0.000123845995,6.788549839999999e-06,0.0124596472,2.8499341600000007e-07,0.0001555282,-0.27056819669999993,4.102438499,-0.009438762950000002,-0.011665408399999999,-0.011856325749999999,3.03499399e-06,7.228195810000001e-05
113,1661173800,0.07111361940000001,0.07126851249999999,-0.020212588,-1.3728103400000002,0.45140128000000007,0.237275691,0.381236649,0.355248347,0.000726172986,0.0296738803,0.00015509834599999997,2.4121039600000003e-07,2.387492137e-07,2.3099686350000002e-07,2.88179084e-07,3.4435669339999994e-07,1.1096801669999999e-06,1.125854255e-06,0.0347613622,0.0007840051169999999,7.656507640000002e-06,70.3798253,52.017291,2.37369575e-06,6.219424200000001,0.00413331374,0.776246749,0.000117056289,6.14126987e-06,0.00861801785,3.05050638,0.000117056289,6.14126987e-06,0.012760795,5.782032200000001,0.000117056289,6.14126987e-06,0.0006680228220000001,1.166714498,0.000117056289,6.14126987e-06,0.0124610499,1.365323254e-06,0.00015631216600000002,2.6612756194000005,480.465998123,0.01579445017,-0.011451666899999999,-0.011692163299999999,5.251927410000001e-06,0.00010229699030000001
113,1661174400,0.06368630019999999,0.0638409549,-0.0203496636,-1.35355702,0.47251442800000004,0.22399978299999995,0.36001099300000006,0.33631027,0.0013400302400000002,0.027633999900000004,0.000154921425,2.814246396e-07,4.034490841e-07,3.6547149750000004e-07,4.78497647e-07,5.454553606e-07,1.068563231e-06,1.472180405e-06,0.031112537100000004,0.000717035925,8.6945888e-06,69.1313106,52.031323,2.12575463e-06,6.4179381300000005,0.0038855641199999997,0.6995258320000001,8.828408699999999e-05,4.13337532e-06,0.008167341750000001,2.7473912,8.828408699999999e-05,4.13337532e-06,0.01267990205,5.33841114,8.828408699999999e-05,4.13337532e-06,0.000577995663,0.742910951,8.828408699999999e-05,4.13337532e-06,0.0124450577,1.732759941e-06,0.00015624157900000001,1.975963450739,261.615879386,0.01639657749,-0.0114953396,-0.01172415235,7.3068742100000005e-06,0.00011860537950000001
113,1661175000,0.05523369859999999,0.05538788,-0.0167894622,-1.40009435,0.451551278,0.210575322,0.33301016899999997,0.30979696100000004,0.000770270563,0.0233888325,0.000154793913,3.0277751100000004e-07,3.16514271e-07,3.35007098e-07,4.84062979e-07,7.696267890000001e-07,7.551451609999999e-07,1.257457426e-06,0.026902372600000002,0.0007022382280000001,7.401447559999999e-06,68.6779237,52.29559280000001,1.8451940400000001e-06,6.550317,0.0036618223599999998,0.6113856369999999,0.0001093792565,7.41351526e-06,0.0075790441100000005,2.3609700300000007,0.0001093792565,7.41351526e-06,0.012650770649999999,5.29600624,0.0001093792565,7.41351526e-06,0.000589547586,0.72184526,0.0001093792565,7.41351526e-06,0.0124268704,2.229488962e-06,0.00015650944899999998,-4.134641653,276.96270549,0.008802410339999999,-0.01090598165,-0.01131342715,7.30208076e-06,0.00010567046099999998
113,1661175600,0.0529778722,0.053132360499999996,-0.01568584697,-1.3472456899999998,0.372723884,0.20464195199999996,0.33233514500000005,0.307884395,0.000351114524,0.0217343571,0.00015481006600000002,2.265422489e-07,2.430709005e-07,3.0219001050000007e-07,3.59211796e-07,5.420847579999999e-07,7.31161439e-07,1.5779478989999995e-06,0.0257072922,0.0007700325590000001,7.30662733e-06,70.432762,52.641459299999994,1.7692533300000003e-06,6.55983515,0.00354537995,0.569584459,0.0001180759274,7.006301510000001e-06,0.007425011570000001,2.2640543400000004,0.0001180759274,7.006301510000001e-06,0.012723365549999999,5.73001553,0.0001180759274,7.006301510000001e-06,0.000611581601,1.1195891919999998,0.0001180759274,7.006301510000001e-06,0.0124355036,8.80386837e-07,0.000155411123,1.0156773646000001,163.78087995719997,0.004602846569999999,-0.0115554276,-0.0118079768,4.51553054e-06,8.70726513e-05
113,1661176200,0.0503368626,0.0504920869,-0.01772945652,-1.29949793,0.426050516,0.198484612,0.328247521,0.30252173600000004,0.00038211187299999996,0.0208012771,0.00015538304099999998,1.8636338389999998e-07,2.7993300566e-07,3.0873708994000003e-07,3.543828103e-07,4.4225502470000004e-07,5.056963836e-07,8.764267818999999e-07,0.0242674194,0.000890409518,7.48583708e-06,74.15932219999999,53.2668141,1.6831926199999997e-06,5.9295066599999995,0.0034098319099999997,0.554305916,9.36937075e-05,4.03051987e-06,0.00720421687,2.1352057899999997,9.36937075e-05,4.03051987e-06,0.012708678800000001,5.43733986,9.36937075e-05,4.03051987e-06,0.0005529002759999999,0.7702458689999998,9.36937075e-05,4.03051987e-06,0.012475365749999998,1.5719694060000001e-06,0.00015672240200000003,2.0498818629999995,300.33285365300003,0.01922046836,-0.0117205672,-0.01190134445,4.99918203e-06,9.557341100000001e-05
113,1661176800,0.0477601649,0.047915776300000004,-0.022432123800000002,-1.28656283,0.399537199,0.19302981,0.320709793,0.294683994,0.00035538230500000004,0.0198664199,0.00015576969800000002,1.315754973e-07,1.5290869189999998e-07,1.965971105e-07,2.600411863e-07,3.26606928e-07,3.821383304e-07,7.378169574e-07,0.022978781300000004,0.0008915316869999998,7.4173614700000005e-06,77.2254408,53.4466625,1.59775164e-06,6.2572421899999995,0.00333947739,0.522888863,0.0001026525034,5.06045101e-06,0.00702271926,2.0285640999999996,0.0001026525034,5.06045101e-06,0.012694374650000001,5.37080456,0.0001026525034,5.06045101e-06,0.000519580489,0.7443209809999999,0.0001026525034,5.06045101e-06,0.012488857199999998,1.202398737e-06,0.000156834773,1.3330135733100001,352.53456574899997,0.016638779700000002,-0.011713005949999999,-0.011907682900000001,4.7912912900000006e-06,9.638350220000001e-05
113,1661177400,0.041096036200000005,0.041251555300000006,-0.026702807699999997,-1.2652413,0.46058905800000005,0.179527567,0.29907162600000003,0.27259582400000004,0.00041829214899999996,0.0177485132,0.000155690772,1.1734457430000001e-07,2.1051032579999997e-07,3.1621777550000004e-07,3.5155075060000004e-07,4.3147602269999996e-07,4.828842193e-07,7.558713459999999e-07,0.0195018835,0.001033057508,1.02374236e-05,80.44805450000001,54.680576599999995,1.375545e-06,6.42355974,0.0030919869100000004,0.475438009,9.76625976e-05,5.067912749999999e-06,0.006457357580000001,1.71649505,9.76625976e-05,5.067912749999999e-06,0.01267021635,5.26501901,9.76625976e-05,5.067912749999999e-06,0.000480558263,0.638220366,9.76625976e-05,5.067912749999999e-06,0.01249116225,1.89997335e-06,0.000157403927,-0.06881753699999997,232.76499692000002,0.020050615908999998,-0.0116641191,-0.011874653,6.28130484e-06,0.00010833662249999998
113,1661178000,0.035961489199999995,0.0361170661,-0.028080138900000003,-1.3482892499999999,0.42383793599999997,0.170391317,0.273008329,0.24904510199999996,0.00028902099099999996,0.015362623749999998,0.000155773123,2.034449979e-07,2.398974785e-07,3.8083690259999997e-07,4.682829098e-07,5.101857946e-07,6.219729764999999e-07,1.2476616336e-06,0.0169257402,0.001040810185,1.029667335e-05,75.40830760000001,55.3951953,1.20416638e-06,6.50889681,0.0029048143599999998,0.42718909599999993,9.52175841e-05,4.50609473e-06,0.00601292046,1.48850707,9.52175841e-05,4.50609473e-06,0.012663989,5.238603200000001,9.52175841e-05,4.50609473e-06,0.00047217805900000005,0.58607048,9.52175841e-05,4.50609473e-06,0.0124887834,1.8448053819999997e-06,0.00015735370199999998,1.227150411,293.54056785,0.02230691558,-0.0117136725,-0.011892852300000001,7.525013839999999e-06,0.0001267488542
113,1661178600,0.03185834580000001,0.0320135847,-0.030656812999999995,-1.3236794900000002,0.297684089,0.16022006000000003,0.259582925,0.23479466599999999,0.000320300811,0.0133183233,0.000155323377,5.8816246e-08,7.32178961e-08,1.063685943e-07,1.227282225e-07,1.476162295e-07,2.2493986150000003e-07,3.81043763e-07,0.014882259300000002,0.0010394259530000002,6.281561199999999e-06,80.53678,56.0581218,1.06916712e-06,6.20368179,0.0027122888699999998,0.345089498,0.00010045600449999998,4.87738324e-06,0.0056520085300000005,1.31358427,0.00010045600449999998,4.87738324e-06,0.012674516249999998,5.3734386700000005,0.00010045600449999998,4.87738324e-06,0.00046973451899999996,0.76144234,0.00010045600449999998,4.87738324e-06,0.012461717450000001,5.337052200000001e-07,0.00015570874499999999,2.453970063,228.60610409999998,0.007524120293,-0.0117430865,-0.011914905600000001,3.0864319199999995e-06,7.771579979999999e-05
113,1661179200,0.0272848972,0.027440142299999998,-0.01422666159,-1.1432218439999997,0.32764750200000003,0.1438938465,0.248670094,0.22215678199999997,0.00048057380000000004,0.012019662399999999,0.000155330151,8.19139021e-08,1.697779765e-07,1.352146133e-07,2.68048477e-07,3.06514316e-07,3.405061993e-07,5.811238840000001e-07,0.01243667075,0.00119599878,7.78984976e-06,83.427577,58.3411785,9.162305310000002e-07,6.64140233,0.002631868,0.314823585,9.560149899999999e-05,4.143004279999999e-06,0.00516495567,1.107490877,9.560149899999999e-05,4.143004279999999e-06,0.012677221700000001,5.29986082,9.560149899999999e-05,4.143004279999999e-06,0.000458040934,0.692182866,9.560149899999999e-05,4.143004279999999e-06,0.012473082299999999,1.263868863e-06,0.00015644504199999998,2.0282819959999996,215.3727057,0.01153133893,-0.01180095485,-0.011956298800000001,4.57202612e-06,9.317303980000002e-05
113,1661179800,0.030590256699999995,0.030745602500000004,-0.015573778799999998,-1.22513656,0.37092382299999993,0.15517104599999998,0.261682988,0.234719662,0.000444278896,0.013372356699999999,0.000155505099,7.75353767e-08,1.78661641e-07,2.1376500600000003e-07,2.465578142e-07,3.6107140599999996e-07,5.05331779e-07,6.16658812e-07,0.0141098777,0.00117140743,1.1475710149999999e-05,85.2921258,57.1577091,1.0258222e-06,6.743886429999999,0.00288253544,0.3536882330000001,0.00010250245589999999,5.48971696e-06,0.00552233462,1.25412651,0.00010250245589999999,5.48971696e-06,0.0126368958,5.26628664,0.00010250245589999999,5.48971696e-06,0.000408853853,0.6226517199,0.00010250245589999999,5.48971696e-06,0.0124758849,1.1842384070000001e-06,0.00015661818999999997,0.9209925783000001,177.22448249999997,0.011192517609999997,-0.01160939525,-0.011857152800000001,4.528547769999999e-06,8.9131624e-05
113,1661180400,0.0359819936,0.036137592600000004,0.0169942699,-1.0109688030000001,0.414762668,0.15924622299999996,0.297984095,0.26873320500000003,0.0005555723819999999,0.01576591975,0.00015584909200000002,2.37151154e-07,3.16815942e-07,4.86404198e-07,6.30643744e-07,6.898827439999999e-07,9.146927020000001e-07,1.4466755149999999e-06,0.0168430009,0.00112547746,1.7537456099999997e-05,79.1697524,55.960439199999996,1.20326566e-06,7.061319279999999,0.0030087049699999997,0.45537129499999995,9.260719799999998e-05,4.177269389999999e-06,0.00601319747,1.4955961600000003,9.260719799999998e-05,4.177269389999999e-06,0.012663131599999999,5.2483087600000005,9.260719799999998e-05,4.177269389999999e-06,0.00046532207400000003,0.6164988900000001,9.260719799999998e-05,4.177269389999999e-06,0.012509017450000002,2.4883104350000002e-06,0.00015817621,3.7848612283339995,239.216344,0.0314765921,-0.0116036074,-0.011858597500000002,6.68235874e-06,0.00011834698110000001
113,1661181000,0.009873754949999999,0.010029911110000001,0.014192609349999996,-1.2245428129999998,0.277958492,0.08181145239999998,0.1347791126,0.11677856589999999,0.0004875265964,0.0047350942100000005,0.00015632435,1.2291636710000002e-07,1.9059541429999997e-07,2.0320001199999998e-07,2.768098896e-07,4.0333472740000003e-07,4.171360010000001e-07,5.855473339999999e-07,0.003761671250000001,0.00116211723,1.07063447e-05,95.0342552,78.182032,3.36885839e-07,7.467517389999999,0.00155119483,0.16324409010000002,8.986711449999999e-05,4.25726117e-06,0.00259916841,0.342523413,8.986711449999999e-05,4.25726117e-06,0.012623826400000001,5.02543118,8.986711449999999e-05,4.25726117e-06,0.00032636157799999997,0.3699643745,8.986711449999999e-05,4.25726117e-06,0.012523093250000002,2.234429548e-06,0.00015834825000000003,1.4894830200000002,242.49679,0.0247646769,-0.011769068000000002,-0.01196950875,5.99960198e-06,0.00010475689040000001
113,1661181600,0.00835456625,0.008510470599999998,-4.255168999999998e-05,-1.51885692,0.168117634,0.0842690763,0.11662855949999998,0.1075157842,9.792809589999999e-05,0.0036552883600000003,0.000156030893,9.703060139999998e-08,6.99219251e-08,7.59339619e-08,8.95566724e-08,1.0696978480000001e-07,1.103819845e-07,1.815951184e-07,0.0030520350600000004,0.0011196966800000002,4.67946517e-06,92.32728210000002,74.1854635,2.87199885e-07,6.8824811299999995,0.00148826795,0.10001508510000001,8.213458949999999e-05,3.4128723000000007e-06,0.00257263494,0.27545922,8.213458949999999e-05,3.4128723000000007e-06,0.012600319300000001,4.96164935,8.213458949999999e-05,3.4128723000000007e-06,0.0003199055729999999,0.3201606124,8.213458949999999e-05,3.4128723000000007e-06,0.0124894025,7.89560422e-07,0.000156647469,-1.7015406240000002,295.35908329,0.009118491934,-0.01186036035,-0.01200875065,3.52537385e-06,8.663842209999999e-05
113,1661182200,0.00888396677,0.0090402248,0.00946464989,-1.5208280699999999,0.15322967700000004,0.0868768549,0.12349126999999997,0.1076282846,0.00011696154349999999,0.00386739064,0.00015634506,7.242119648e-08,6.89953708e-08,6.266939635e-08,6.653935409999999e-08,6.859311739999999e-08,7.649588945000001e-08,1.191132795e-07,0.00331818455,0.0011198263,3.33648641e-06,93.61783970000002,73.0487932,3.052605859999999e-07,6.3720022499999995,0.00148476224,0.10089313339999999,7.321665099999999e-05,2.7250148100000003e-06,0.00265962035,0.295971691,7.321665099999999e-05,2.7250148100000003e-06,0.012568171499999998,4.80160699,7.321665099999999e-05,2.7250148100000003e-06,0.000252052883,0.16077506930000002,7.321665099999999e-05,2.7250148100000003e-06,0.01250167905,6.85709387e-07,0.000156812578,1.2033293450999998,185.097099671,0.00613502394,-0.0118700362,-0.0120155469,3.3435073899999998e-06,7.974288269999999e-05
113,1661182800,0.00982947045,0.009985078699999999,0.0026001185489999993,-1.6051513999999998,0.144191898,0.09264337760000001,0.12555383199999998,0.11366596859999997,0.0001229062534,0.00419944583,0.000155666023,2.6081849429999998e-08,2.707724369e-08,3.1684925670000005e-08,4.11014453e-08,5.08356747e-08,7.17192392e-08,1.4474243630000002e-07,0.0038494922100000004,0.0010618604500000001,2.92363109e-06,90.49933139999999,69.5508335,3.36786624e-07,6.39930733,0.0015795547700000003,0.1054729477,7.536820390000001e-05,2.86052717e-06,0.00287154445,0.339179488,7.536820390000001e-05,2.86052717e-06,0.0125403232,4.828783109999999,7.536820390000001e-05,2.86052717e-06,0.00023315496200000002,0.20354311530000002,7.536820390000001e-05,2.86052717e-06,0.0124761985,1.7896239699999997e-07,0.00015583470099999998,0.19398638070000002,23.0822428706,-0.007835877613,-0.011868451200000001,-0.012007176999999999,2.37561113e-06,6.8076224e-05
113,1661183400,0.008508522000000001,0.008663917580000001,0.0015468957900000003,-1.5801819700000002,0.141829336,0.08568565689999999,0.1145284951,0.10729077509999999,0.000124224805,0.00382826505,0.000155445983,1.970954753e-08,2.38345917e-08,2.7280616500000003e-08,3.72730398e-08,5.1576539700000006e-08,7.484884099999999e-08,1.639621406e-07,0.0032499927599999997,0.001000634157,3.18466917e-06,88.2240022,71.2200377,2.92651876e-07,6.600378119999999,0.00147578411,0.092037489,8.43899945e-05,3.4172970899999997e-06,0.00263661061,0.28723448399999996,8.43899945e-05,3.4172970899999997e-06,0.012592102499999999,5.01048375,8.43899945e-05,3.4172970899999997e-06,0.0002920540374,0.3831620236800001,8.43899945e-05,3.4172970899999997e-06,0.0124654568,1.79940281e-07,0.000155565597,0.4144194002,49.09968387,-0.00555157877,-0.0118484246,-0.011990640299999999,2.3366663499999997e-06,6.75245754e-05
113,1661184000,0.010687646299999999,0.010843180499999999,0.006681068449999999,-1.63146886,0.15514223800000002,0.0969847075,0.13294155700000002,0.11524101739999999,0.00013724894450000002,0.00458589712,0.000155589836,2.7311069e-08,3.4377206e-08,3.4148159699999995e-08,4.48050744e-08,6.244506e-08,8.45685474e-08,1.682942284e-07,0.0044050708,0.0009352624429999999,2.9697082999999997e-06,85.4778964,65.6946711,3.6509044800000003e-07,6.330843580000001,0.0016341143500000002,0.1148918868,8.41045004e-05,3.34501677e-06,0.0030673466899999997,0.387639179,8.41045004e-05,3.34501677e-06,0.01260005675,4.991507950000001,8.41045004e-05,3.34501677e-06,0.000304685243,0.36577881724999994,8.41045004e-05,3.34501677e-06,0.012472303249999999,2.2132871299999997e-07,0.00015575957200000002,-0.2775530964999998,114.853559801,-0.00468719799,-0.0118544227,-0.0119955287,2.49814583e-06,7.03919189e-05
113,1661184600,0.011183063150000002,0.0113388174,0.0001766727651000001,-1.6650831200000002,0.186493196,0.0995877111,0.13252904400000004,0.11719107750000002,0.00011745587359999999,0.004815976830000001,0.00015580587,2.5430851499999995e-08,3.493485875e-08,4.10349474e-08,5.644393409999999e-08,7.59570441e-08,9.68747981e-08,1.806957848e-07,0.00469156226,0.0008966529690000001,2.7515925500000003e-06,87.9430751,64.3696289,3.8157117399999997e-07,6.49735954,0.00167641005,0.12316595719999998,8.962023089999999e-05,3.65468059e-06,0.00315799307,0.41024121300000005,8.962023089999999e-05,3.65468059e-06,0.01263571875,5.12011444,8.962023089999999e-05,3.65468059e-06,0.00034182331399999993,0.4911634784,8.962023089999999e-05,3.65468059e-06,0.01247880215,2.58091567e-07,0.000155949297,-2.3886738756,201.34028539599998,-0.0034261146400000005,-0.011859697049999998,-0.0120010675,2.5511399599999997e-06,7.216205669999999e-05
113,1661185200,0.0109326575,0.011089023800000002,0.00194044227,-1.6698438599999998,0.15056709699999998,0.0984523726,0.129641459,0.1179036,0.00022280839160000002,0.004846718210000001,0.00015642520599999998,3.11491233e-08,3.6962042240000007e-08,5.7200046540000005e-08,9.263099184999998e-08,1.4231602225e-07,2.189906067e-07,3.260670945999999e-07,0.004578269929999999,0.000883449339,3.64102892e-06,83.155766,64.4993755,3.73070402e-07,6.429952779999999,0.00170989107,0.1268711833,8.51593976e-05,3.47091525e-06,0.00312878042,0.403901855,8.51593976e-05,3.47091525e-06,0.0126234169,5.02763357,8.51593976e-05,3.47091525e-06,0.00029304265599999996,0.3626111261,8.51593976e-05,3.47091525e-06,0.012504371350000001,4.0221190999999994e-07,0.000156761957,-0.0521167013,13.387854094600002,-0.008489734289999998,-0.01162715245,-0.01194626455,2.43212008e-06,6.88702968e-05
113,1661185800,0.00994250025,0.010098810750000001,-0.004586551543,-1.6844587199999999,0.132641545,0.09403123500000002,0.1193286415,0.11351596249999998,0.0001060702494,0.004230290289999999,0.000156367762,2.550514836e-08,2.84669282e-08,3.178173407e-08,4.334092525e-08,6.099843995e-08,8.22287041e-08,1.612140155e-07,0.00411675888,0.0008511211899999999,2.8793001599999994e-06,85.663502,65.2120897,3.4062820999999997e-07,6.39545414,0.00159381465,0.1036796029,9.25273819e-05,3.98940888e-06,0.0029517349500000002,0.35774792899999996,9.25273819e-05,3.98940888e-06,0.012649255600000001,5.14137468,9.25273819e-05,3.98940888e-06,0.00032997348300000003,0.5026130536,9.25273819e-05,3.98940888e-06,0.012501401250000002,1.4671679099999999e-07,0.00015643220899999997,0.005548172400000001,7.279243140000001,-0.0092037281,-0.01187900605,-0.012025013799999998,2.38681936e-06,6.78057573e-05
113,1661186400,0.0113481606,0.0115043994,-0.00809615505,-1.6861384000000001,0.149704573,0.1005007427,0.127841402,0.120566179,0.0001162506428,0.00479464935,0.000156314909,4.0456508000000005e-08,3.88315545e-08,4.392244245e-08,6.34553213e-08,8.09634559e-08,1.1973832030000002e-07,2.646914625e-07,0.00477696687,0.00088977521,6.60865917e-06,84.8628644,64.03386579999999,3.86742677e-07,6.653242090000001,0.0017295632499999998,0.121405132,8.886693339999999e-05,3.8168908999999994e-06,0.00319072052,0.418452512,8.886693339999999e-05,3.8168908999999994e-06,0.0126369919,5.0935136100000005,8.886693339999999e-05,3.8168908999999994e-06,0.00034601733899999995,0.44599664167000014,8.886693339999999e-05,3.8168908999999994e-06,0.0124996791,2.46549818e-07,0.00015648850999999998,-2.3015879780999997,113.87155631399999,-0.0058287909530000005,-0.01179849835,-0.0119640899,2.56589739e-06,6.969317730000001e-05
113,1661187000,0.013213635299999998,0.013369898199999999,-0.00983004403,-1.6746606199999998,0.171267727,0.10821515810000001,0.138191717,0.128478919,0.0001159028453,0.00552765675,0.00015633680400000001,7.93106316e-08,3.9174793500000004e-08,4.82091622e-08,6.400459619999999e-08,8.659081999999999e-08,1.2844444970000004e-07,3.0495227099999997e-07,0.0056402132600000005,0.0009485607010000001,1.7213967e-05,86.27666400000001,63.0963582,4.48688114e-07,6.656674270000001,0.00187375737,0.14150524199999998,8.17036204e-05,3.2599036299999997e-06,0.00346983632,0.4942479939999999,8.17036204e-05,3.2599036299999997e-06,0.012608477500000001,4.9608222699999995,8.17036204e-05,3.2599036299999997e-06,0.00043625619499999997,0.31147415190000005,8.17036204e-05,3.2599036299999997e-06,0.0124982382,2.8212111399999995e-07,0.00015648888199999998,-0.2998520565000001,7.86298896765,-0.008191048529999998,-0.0116761939,-0.011853745249999999,2.54933024e-06,6.905718689999999e-05
113,1661187600,0.0136950828,0.01385012255,-0.01068632875,-1.73517449,0.160354893,0.1105340491,0.13575414000000002,0.12840392,0.00011295236450000002,0.00573934989,0.000155094364,3.2131366500000004e-08,6.27195279e-08,1.4440551386000003e-07,5.5486370599999994e-08,6.734691170000001e-08,9.485650305000001e-08,2.160562107e-07,0.00612957735,0.000705855341,1.13776885e-05,82.75909379999999,59.11831010000001,4.6502460600000005e-07,6.311289350000001,0.00191946218,0.151087792,7.72377548e-05,2.87735465e-06,0.0036302278799999997,0.5437482319999999,7.72377548e-05,2.87735465e-06,0.01253147785,4.850126009999999,7.72377548e-05,2.87735465e-06,0.00029106201,0.23660751190000004,7.72377548e-05,2.87735465e-06,0.012448281199999998,5.0418906e-07,0.000155464205,-0.0245116349,0.9352666510000001,-0.008125183229999998,-0.011329776400000002,-0.01154503585,2.27859077e-06,6.8179958e-05
113,1661188200,0.0127981271,0.01295257135,-0.00918997462,-1.74628529,0.15529224200000002,0.10707619900000001,0.13042898100000003,0.1245413,0.00011107759910000002,0.00538614299,0.00015454399200000003,3.253691469999999e-08,1.01309098e-07,1.0353656859999999e-07,1.104748197e-07,9.627931450000001e-08,1.065296941e-07,1.9228146779999996e-07,0.005721105440000001,0.00066816376,8.9480775e-06,85.2463493,59.146431199999995,4.3534543199999994e-07,6.45017773,0.0018726960299999997,0.14627096499999998,7.785035220000001e-05,3.499994690000001e-06,0.003519645439999999,0.5121482600000001,7.785035220000001e-05,3.499994690000001e-06,0.01249756475,4.812604500000001,7.785035220000001e-05,3.499994690000001e-06,0.00024125242799999998,0.1959726913,7.785035220000001e-05,3.499994690000001e-06,0.0124170769,6.54494152e-07,0.000154839014,-0.062406230899999984,1.664697846,-0.00755877412,-0.0112047386,-0.0114354764,2.88937543e-06,7.0241397e-05
113,1661188800,0.01414194905,0.014296854949999998,-0.005583356740000001,-1.76101085,0.156454779,0.1126314549,0.136541666,0.13001647200000002,0.00012668311130000003,0.00593896271,0.000154957289,2.44942485e-08,2.44974684e-08,2.8136972449999998e-08,1.91785503e-07,6.018522309999999e-08,9.04396507e-08,1.9706894700000002e-07,0.0064348454999999995,0.0006293307700000001,6.12538425e-06,81.49952060000001,57.7974273,4.799670349999999e-07,6.4584005300000005,0.00193782033,0.15657779,7.989318249999999e-05,3.15365998e-06,0.00370124402,0.564025727,7.989318249999999e-05,3.15365998e-06,0.012545989900000002,4.9265127,7.989318249999999e-05,3.15365998e-06,0.000303524127,0.32109054940000004,7.989318249999999e-05,3.15365998e-06,0.012443366,4.5293573000000005e-07,0.00015529061899999998,-0.09301776240000001,1.7279201690000001,-0.00862038506,-0.01138437905,-0.0115734252,2.31149897e-06,6.77830125e-05
113,1661189400,0.01396948865,0.01412483655,-0.010439864699999999,-1.7562760899999996,0.157354803,0.11195800050000002,0.135604142,0.12866642700000003,0.0001368309372,0.005922176959999999,0.000155402842,2.53637786e-08,2.6131932449999995e-08,2.9655432699999997e-08,1.89513051e-07,6.4030028e-08,9.95621749e-08,2.0858414339999998e-07,0.00636431399,0.0006135835129999999,6.1477709000000006e-06,81.88505860000001,57.6102,4.7406519699999995e-07,6.54512529,0.0019414700399999999,0.15526050700000002,8.32541536e-05,3.44646984e-06,0.0036915546399999993,0.5600771470000001,8.32541536e-05,3.44646984e-06,0.0125714156,4.97114695,8.32541536e-05,3.44646984e-06,0.00029264655799999997,0.34218748029999996,8.32541536e-05,3.44646984e-06,0.012465683500000001,4.47169135e-07,0.000155841759,-0.0369018776495,-0.041523590000000034,-0.00956734806,-0.011405915149999998,-0.011598557399999999,2.370658e-06,6.75661468e-05
113,1661190000,0.0146750007,0.01483054965,-0.0138481154,-1.7388631499999998,0.161667438,0.11438353590000001,0.14220434,0.13069149100000002,0.0001303694785,0.00614621466,0.000155595818,1.9839705600000003e-08,2.0733530760000002e-08,2.359650956e-08,1.4984880619999998e-07,5.9301221000000004e-08,9.01655331e-08,2.2210521919999995e-07,0.00676068646,0.000570583624,5.588584420000001e-06,81.25167790000002,56.6549356,4.977027159999999e-07,6.37123643,0.0019797136300000002,0.159092522,7.30447061e-05,2.60713399e-06,0.0037878100999999996,0.5893856379999999,7.30447061e-05,2.60713399e-06,0.012544095799999998,4.80611318,7.30447061e-05,2.60713399e-06,0.000257153553,0.1678854688,7.30447061e-05,2.60713399e-06,0.0124699836,3.7881685199999996e-07,0.000155880044,-0.10570723549000001,8.441183640999999,-0.009001100540000001,-0.0115144876,-0.011697080799999999,2.31643847e-06,6.7882642e-05
113,1661190600,0.013268614500000001,0.013424235650000001,-0.014378511200000003,-1.75582375,0.147792009,0.1090314204,0.13222903400000002,0.123341267,0.00011353339600000002,0.00557974545,0.000155680447,3.046855885e-08,3.2944756980000004e-08,3.518412942999999e-08,5.346157809999999e-08,7.15959888e-08,1.033632264e-07,2.527804094e-07,0.00613784412,0.000492356515,3.4674274400000005e-06,80.16469939999999,56.2030045,4.51198809e-07,6.36736595,0.00186352464,0.138203427,8.36863001e-05,3.3271718299999998e-06,0.0036017537299999998,0.5316790740000001,8.36863001e-05,3.3271718299999998e-06,0.012587019699999999,4.97296406,8.36863001e-05,3.3271718299999998e-06,0.000295416258,0.35617620223,8.36863001e-05,3.3271718299999998e-06,0.01247252035,1.56433898e-07,0.000155720546,-0.013823109880000004,1.644181298,-0.010114547800000002,-0.011829646850000002,-0.0119751825,2.3552214499999996e-06,6.76625591e-05
113,1661191200,0.0121119113,0.0122674082,-0.015571402100000001,-1.74326845,0.145316936,0.1039613255,0.12742889200000002,0.118353613,0.00012383571469999998,0.0051444609500000005,0.000155555569,2.9441777149999997e-08,3.289236855e-08,3.826469036e-08,5.5052410499999996e-08,7.463680650000001e-08,1.171682939e-07,2.7753982e-07,0.00553903704,0.000512442497,3.7903548100000004e-06,79.1350851,57.07797589999999,4.12472868e-07,6.53689744,0.0017948160400000004,0.12879416700000001,7.943941279999999e-05,3.0561839299999996e-06,0.00343561277,0.48545691600000007,7.943941279999999e-05,3.0561839299999996e-06,0.01256724585,4.91627689,7.943941279999999e-05,3.0561839299999996e-06,0.00026786713699999997,0.2896179049,7.943941279999999e-05,3.0561839299999996e-06,0.01247034655,1.5798653699999999e-07,0.000155667882,0.052263573099999995,0.47015505209999997,-0.0104608335,-0.0118111931,-0.011964322500000001,2.32314101e-06,6.769397040000001e-05
113,1661191800,0.0123671922,0.01252313205,-0.016113560899999997,-1.74101743,0.144941923,0.10509540170000001,0.12990396499999998,0.119253639,0.00010654503410000001,0.00518109748,0.00015599378200000001,2.26847813e-08,2.5495749930000005e-08,2.7899710889999996e-08,4.34373739e-08,6.30769945e-08,9.884096920000001e-08,2.441610125e-07,0.005741412909999999,0.000438321988,3.28072348e-06,77.9498285,55.7494239,4.2115270999999997e-07,6.36547532,0.0018181284099999997,0.13128964799999998,7.73954675e-05,2.9089521099999997e-06,0.00349947765,0.502423152,7.73954675e-05,2.9089521099999997e-06,0.012579717550000003,4.897878669999999,7.73954675e-05,2.9089521099999997e-06,0.00027396762,0.2588507918,7.73954675e-05,2.9089521099999997e-06,0.01248481445,1.5928879600000002e-07,0.000156030288,-0.010416848600000002,0.48357708299999996,-0.0104480174,-0.0118338997,-0.011980890599999999,2.42324584e-06,6.817916229999999e-05
113,1661192400,0.012395667649999999,0.01255156285,-0.009788899980000001,-1.753962,0.142841859,0.1053679336,0.127541395,0.11966615399999998,0.0001132096451,0.00525070538,0.000155954908,2.7387600750000004e-08,2.92718238e-08,3.2688834030000004e-08,4.61924641e-08,5.8241927499999995e-08,9.20950109e-08,2.12831419e-07,0.00572023732,0.0004740040290000001,3.0319206599999997e-06,81.00331589999999,56.3214154,4.2230620999999994e-07,6.148845919999999,0.00182559017,0.13331813850000002,7.021141529999999e-05,2.49380863e-06,0.00350599139,0.505273138,7.021141529999999e-05,2.49380863e-06,0.012542878000000002,4.77710378,7.021141529999999e-05,2.49380863e-06,0.000237524439,0.14952238555000003,7.021141529999999e-05,2.49380863e-06,0.012487172,1.53059892e-07,0.00015608311900000002,-0.026300407399999996,0.56664689546,-0.010586951800000001,-0.01184646185,-0.011992987,2.40408643e-06,6.849184060000001e-05
113,1661193000,0.0131998481,0.013356357000000003,-0.01130551525,-1.76750446,0.14385439000000003,0.10866644969999999,0.128103907,0.123491269,0.000111045081,0.005586300970000001,0.000156568143,3.171695536e-08,3.333042174e-08,3.877884952e-08,5.44838834e-08,6.531591640000001e-08,9.62863719e-08,2.5164164400000003e-07,0.0061533870400000005,0.00044267644800000003,3.2260432e-06,79.11473140000001,55.4631606,4.4906147399999997e-07,6.14746603,0.0018650741499999998,0.13953088,7.86932759e-05,3.0067251e-06,0.0036203695200000005,0.5379074909999999,7.86932759e-05,3.0067251e-06,0.01260328125,4.948597749999999,7.86932759e-05,3.0067251e-06,0.000272105977,0.28184679390000006,7.86932759e-05,3.0067251e-06,0.012510588299999997,1.5501244299999998e-07,0.000156670779,-0.02325111749999999,2.8320412121,-0.0101651151,-0.01186726825,-0.0120174456,2.3486415300000004e-06,6.814784450000002e-05
113,1661193600,0.0155116589,0.015667465999999998,-0.01228029575,-1.76760795,0.156342275,0.11785832049999997,0.13845422500000001,0.13481661800000005,0.00010943012490000001,0.006433476289999999,0.000155875251,3.813212965e-08,4.068382933e-08,4.5858223149999994e-08,6.71280852e-08,8.23994646e-08,1.284791016e-07,2.83597907e-07,0.00732233176,0.000429201465,3.5404110900000002e-06,77.6151065,54.501190900000005,5.258357130000001e-07,6.22709398,0.00202619039,0.1642878,7.87816859e-05,3.0868099999999997e-06,0.00395637551,0.6418176470000001,7.87816859e-05,3.0868099999999997e-06,0.012585013950000001,4.94561449,7.87816859e-05,3.0868099999999997e-06,0.000290798938,0.31702428298,7.87816859e-05,3.0868099999999997e-06,0.01248347435,1.7457931300000001e-07,0.000156013112,-0.06287406956999998,6.850055983,-0.008864361040000001,-0.0118149863,-0.01196581335,2.3926022900000002e-06,6.78460786e-05
113,1661194200,0.014764537150000001,0.0149203959,-0.0136229305,-1.7617513300000003,0.148879543,0.1146890872,0.134966619,0.13054148599999998,0.00012403475099999998,0.006220906050000001,0.000155913721,2.33482963e-08,2.6458682149999996e-08,3.11032096e-08,4.796423910000001e-08,6.528968669999999e-08,1.0834351190000002e-07,2.74446169e-07,0.00700049645,0.000377028404,4.11172806e-06,75.0712,54.0555419,5.00965715e-07,6.262633160000001,0.0019691592100000003,0.155870121,7.46731943e-05,2.8409687700000004e-06,0.00386008174,0.6122249319999999,7.46731943e-05,2.8409687700000004e-06,0.0125793721,4.874013939999999,7.46731943e-05,2.8409687700000004e-06,0.000274605427,0.22893832660000002,7.46731943e-05,2.8409687700000004e-06,0.012486215200000001,1.7706328700000004e-07,0.00015608372900000002,-0.14547542933,4.56716353,-0.008722970819999998,-0.01182365655,-0.0119738183,2.45151279e-06,6.813632430000001e-05
113,1661194800,0.016122944,0.0162787791,-0.01501265195,-1.7492984599999999,0.160017385,0.11967021380000002,0.14441691,0.13605415199999998,0.0001228452156,0.0067311838,0.00015591177999999998,4.832589828e-08,5.286945992999999e-08,6.082105129999998e-08,8.080206980000001e-08,1.0637808739999999e-07,1.509925058e-07,3.5703393799999995e-07,0.00767276769,0.000384073453,3.6907120299999995e-06,76.5220155,53.78133799999999,5.45913814e-07,6.346200660000001,0.0020680366000000003,0.170663151,8.913543e-05,3.6284556199999996e-06,0.00405122445,0.6737626480000001,8.913543e-05,3.6284556199999996e-06,0.012632082499999999,5.099891620000001,8.913543e-05,3.6284556199999996e-06,0.000332899573,0.47077136868,8.913543e-05,3.6284556199999996e-06,0.01248406185,1.70862889e-07,0.000156023189,0.012506874799999994,2.4038751,-0.00948856985,-0.0118075648,-0.011966861799999999,2.3455361200000004e-06,6.80667519e-05
113,1661195400,0.015491435049999999,0.015648016150000003,-0.01279809864,-1.75678447,0.15525474099999997,0.11749725359999999,0.139016743,0.13380408900000001,9.91076802e-05,0.006397777240000001,0.00015663830799999998,3.10676429e-08,3.3595792209999993e-08,3.973561827000001e-08,5.77753395e-08,7.750764549999999e-08,1.2752520850000001e-07,2.743718346e-07,0.00738667586,0.00035454603500000004,3.7924794000000003e-06,76.7041908,53.53413809999999,5.252112699999999e-07,6.166694510000001,0.00204126572,0.167369106,7.787116980000002e-05,2.8910401900000002e-06,0.0039917016,0.654273599,7.787116980000002e-05,2.8910401900000002e-06,0.012616031700000002,4.93840131,7.787116980000002e-05,2.8910401900000002e-06,0.00028458893199999997,0.28310226460000004,7.787116980000002e-05,2.8910401900000002e-06,0.01251185325,1.7067235999999996e-07,0.00015671751,0.046510778700000005,10.449516425999999,-0.009127085747,-0.01184064315,-0.0119995656,2.30782967e-06,6.759580760000001e-05
113,1661196000,0.015349543400000002,0.015505705550000002,-0.014096677450000001,-1.75272598,0.154579717,0.11672372040000001,0.13920425,0.133166567,0.00011446757039999999,0.00637742793,0.00015623736,4.8630271449999994e-08,5.28745972e-08,6.30898425e-08,8.73680559e-08,1.182341035e-07,1.786191496e-07,3.90996042e-07,0.0072910477700000005,0.00037858619299999997,4.115534839999999e-06,74.90579299999999,53.8922669,5.199303770000001e-07,6.53542301,0.00202542217,0.164009452,7.23459945e-05,2.54033681e-06,0.00395809416,0.6433056990000001,7.23459945e-05,2.54033681e-06,0.012569389149999999,4.83669375,7.23459945e-05,2.54033681e-06,0.00025435374500000003,0.19469673704,7.23459945e-05,2.54033681e-06,0.0124979898,1.6503668e-07,0.000156365219,-0.031049451299999992,3.6165316272999997,-0.009603181899999999,-0.011840560699999999,-0.01198802035,2.32320141e-06,6.775839799999999e-05
113,1661196600,0.0154521281,0.015608038199999999,-0.01122894326,-1.7415960499999996,0.15667978300000002,0.1171583455,0.14299186800000002,0.134891623,0.0001299095248,0.00645800359,0.000155984274,4.39482143e-08,4.73197984e-08,5.5424795300000004e-08,7.34706073e-08,1.0031147710000001e-07,1.44429697e-07,3.28127467e-07,0.007371143429999999,0.000350672731,3.36959203e-06,74.940112,53.5188888,5.23748393e-07,6.4058398400000005,0.00202857393,0.16415381899999998,8.065014809999999e-05,3.19334036e-06,0.00397338236,0.6475605409999999,8.065014809999999e-05,3.19334036e-06,0.012603510000000002,5.002318539999999,8.065014809999999e-05,3.19334036e-06,0.000299220526,0.34426614216999996,8.065014809999999e-05,3.19334036e-06,0.0124918638,1.70853069e-07,0.000156217822,-0.025281642000000003,1.0503651857999998,-0.0098457545,-0.0118226578,-0.011973522500000002,2.4142920100000004e-06,6.778493620000001e-05
113,1661197200,0.014807876000000001,0.014962966999999999,-0.0156342865,-1.7517013400000003,0.152779662,0.11466376809999998,0.13699168099999998,0.13046648000000002,0.0001128601843,0.00628403397,0.00015516882500000003,4.73211379e-08,5.0861236999999994e-08,5.92089247e-08,8.03100313e-08,1.092314635e-07,1.571192634e-07,3.46685436e-07,0.007033935670000001,0.00036531264099999995,3.75708334e-06,73.320898,53.8766687,5.0207512e-07,6.496734470000002,0.00197586224,0.15645860800000003,7.92679096e-05,3.11075057e-06,0.0038696580699999995,0.6145652070000001,7.92679096e-05,3.11075057e-06,0.012552805650000002,4.899604859999999,7.92679096e-05,3.11075057e-06,0.00027544871899999997,0.2731996727,7.92679096e-05,3.11075057e-06,0.012447361,1.7521510200000002e-07,0.000155112443,0.08781052159,15.834206206,-0.008168235559999999,-0.0117857062,-0.011934424450000002,2.4493092e-06,6.795386510000001e-05
113,1661197800,0.01517420975,0.0153293259,-0.0157852947,-1.7546730499999998,0.152254648,0.11624262789999999,0.13796671300000002,0.13204152600000002,9.634781600000001e-05,0.00625975554,0.00015516585099999998,2.225929712e-08,2.340043317e-08,2.81963152e-08,4.4246777000000004e-08,6.05776658e-08,8.99030281e-08,2.459551586e-07,0.007235955489999999,0.000346870808,3.7093705200000002e-06,77.5760665,53.5524366,5.146368009999999e-07,6.20320906,0.0019934331700000004,0.15882676699999998,8.13050755e-05,3.0860367399999996e-06,0.00392135811,0.630464253,8.13050755e-05,3.0860367399999996e-06,0.012583640399999999,4.98004527,8.13050755e-05,3.0860367399999996e-06,0.000319943973,0.36455102500000003,8.13050755e-05,3.0860367399999996e-06,0.01245046935,1.58969021e-07,0.00015517359799999995,-0.03670914480000001,1.4870675629999999,-0.00991669345,-0.01180171835,-0.011951967799999998,2.27582974e-06,6.746595600000001e-05
113,1661198400,0.0158082119,0.015963782399999998,-0.014979998,-1.74439668,0.15765480899999998,0.1183822903,0.14246685,0.135341633,0.00012680871220000002,0.006589063500000001,0.00015564042000000002,3.98185272e-08,4.3182433999999995e-08,5.2042636399999995e-08,6.85260105e-08,9.5943238e-08,1.420215866e-07,3.36065423e-07,0.007567045859999999,0.000332747223,3.4653028600000003e-06,73.74428020000002,53.2108302,5.355016820000001e-07,6.43321832,0.00204567284,0.167397555,8.095883560000001e-05,3.1356075e-06,0.00402063286,0.663379621,8.095883560000001e-05,3.1356075e-06,0.0125857554,4.96316647,8.095883560000001e-05,3.1356075e-06,0.000288642147,0.32418964963,8.095883560000001e-05,3.1356075e-06,0.01247477395,1.7089711e-07,0.00015579184899999998,-0.0190305575,4.059411900000001,-0.009051337599999999,-0.0118094244,-0.01196197985,2.3494271099999998e-06,6.77005094e-05
113,1661199000,0.016386003399999998,0.016540764950000002,-0.01465471955,-1.7417049900000001,0.15705479500000002,0.12016579899999999,0.141566824,0.138491728,0.0001122410284,0.00686546312,0.000154830983,4.077278673e-08,4.28722648e-08,5.183548444000001e-08,7.3522712e-08,9.729011590000001e-08,1.506940653e-07,3.44068888e-07,0.007920523039999999,0.000267841608,3.7605059599999994e-06,72.2349303,52.3449151,5.548111780000001e-07,6.10927488,0.00207492092,0.17322302599999997,7.84289643e-05,3.0121413900000004e-06,0.00411627397,0.695544044,7.84289643e-05,3.0121413900000004e-06,0.012551603599999999,4.9491266,7.84289643e-05,3.0121413900000004e-06,0.00028728932400000004,0.3072107946,7.84289643e-05,3.0121413900000004e-06,0.01244282375,1.60314219e-07,0.000154985204,-0.0636529266,2.8186529030000003,-0.009733330400000002,-0.011795017400000002,-0.011944214299999999,2.31229416e-06,6.73323379e-05
113,1661199600,0.0150852245,0.0152408511,-0.01728756925,-1.7290781900000003,0.15742980399999998,0.115246239,0.139879272,0.133166568,0.000130032416,0.00628142503,0.00015569681600000003,3.796677865e-08,4.082490097000001e-08,4.7209595129999993e-08,6.697460679999999e-08,8.55693964e-08,1.275286052e-07,3.13860022e-07,0.00727476113,0.000263781313,3.28041788e-06,73.34168969999999,52.505004899999996,5.11776725e-07,6.2010741000000005,0.0019705241799999997,0.155394988,8.424490440000001e-05,3.3908184100000003e-06,0.00391463406,0.6286971190000001,8.424490440000001e-05,3.3908184100000003e-06,0.012611700950000002,5.04459545,8.424490440000001e-05,3.3908184100000003e-06,0.000323070691,0.39227138300000003,8.424490440000001e-05,3.3908184100000003e-06,0.0124774054,1.67193604e-07,0.000155853411,-0.12118689335999999,4.316393074,-0.00927266599,-0.011824733300000001,-0.0119715355,2.45725204e-06,6.78308499e-05
113,1661200200,0.014247679000000003,0.014403584300000003,-0.019774575,-1.72118072,0.15097961,0.11165966359999999,0.13575414700000002,0.12937894899999997,9.94230659e-05,0.00589385691,0.00015596437299999997,2.9064845040000005e-08,3.077492880000001e-08,3.679876803e-08,5.267902285e-08,6.30892399e-08,9.064567155000001e-08,2.3453059579999997e-07,0.00689671389,0.00022330152800000003,3.2254116299999997e-06,74.06532109999999,52.0828899,4.841914119999999e-07,5.872875120000001,0.0019293892399999998,0.149461945,7.981730939999999e-05,3.00078708e-06,0.0038226542500000007,0.6008332590000001,7.981730939999999e-05,3.00078708e-06,0.012592156500000002,4.93787285,7.981730939999999e-05,3.00078708e-06,0.00028702352199999994,0.29786522400000004,7.981730939999999e-05,3.00078708e-06,0.012485496700000001,1.71090879e-07,0.000156058987,-0.0564102529,4.055433293,-0.009228677400000001,-0.0118311156,-0.01198258645,2.32071773e-06,6.77487254e-05
113,1661200800,0.013216977800000002,0.013372404,-0.0125417255,-1.6968000799999998,0.15555474899999996,0.10751373580000001,0.136429164,0.128516423,0.0001128705615,0.00556868666,0.000155476695,2.0125336999999998e-08,2.2514633e-08,3.06948079e-08,4.56591648e-08,6.02776132e-08,1.1323209229999999e-07,2.4479494020000003e-07,0.00637378433,0.00023063289299999997,3.4840006399999994e-06,75.3532456,52.328216600000005,4.4953944900000005e-07,6.53469258,0.00187779977,0.14093561500000001,7.526965550000001e-05,2.77573792e-06,0.0036896449400000003,0.559177985,7.526965550000001e-05,2.77573792e-06,0.012546189,4.83116055,7.526965550000001e-05,2.77573792e-06,0.00025783783800000003,0.20632971188,7.526965550000001e-05,2.77573792e-06,0.012466582100000002,1.7422928000000003e-07,0.00015559086399999998,-0.0912645252,3.636002703,-0.00918112615,-0.011808656199999998,-0.011962013550000001,2.4142374700000003e-06,6.84232415e-05
113,1661201400,0.01287727195,0.0130321691,-0.019334668699999998,-1.7033714899999999,0.14722949200000005,0.10618886139999999,0.132416539,0.1250288175,0.0001149222593,0.0054077433,0.00015495351599999996,3.002370151e-08,3.32273129e-08,4.0482634399999995e-08,5.95277568e-08,7.305530070000001e-08,1.3014471960000001e-07,2.6817723160000005e-07,0.00622102666,0.00021379361199999998,3.1245464600000003e-06,73.3907768,52.1009093,4.381009910000001e-07,6.379318270000001,0.0018725317299999999,0.14044004849999997,7.73030945e-05,2.7746519000000003e-06,0.0036644946399999995,0.5522441659999999,7.73030945e-05,2.7746519000000003e-06,0.01253276695,4.85607527,7.73030945e-05,2.7746519000000003e-06,0.00026534536200000007,0.2537347515,7.73030945e-05,2.7746519000000003e-06,0.0124440448,1.6202636099999998e-07,0.00015501719200000002,0.03127232315999999,4.769648375000001,-0.009208809949999999,-0.0117957307,-0.0119464635,2.22817944e-06,6.66292852e-05
113,1661202000,0.0138358393,0.013991150200000002,-0.01662347065,-1.71725655,0.15244215100000003,0.1103959927,0.136991677,0.128891433,0.00010679252389999999,0.005780137749999999,0.000155369929,2.838422335e-08,3.0661056819999994e-08,3.87564881e-08,5.52623908e-08,7.254164800000001e-08,1.1555852120000001e-07,2.915454777e-07,0.006657954650000001,0.000256306918,2.96597572e-06,74.2326868,52.56312929999999,4.70049811e-07,6.265808389999999,0.0019237762,0.147846957,7.92962975e-05,2.9509234400000003e-06,0.00378161417,0.586923189,7.92962975e-05,2.9509234400000003e-06,0.012586816800000001,4.9511549299999995,7.92962975e-05,2.9509234400000003e-06,0.000295119066,0.31336181729999996,7.92962975e-05,2.9509234400000003e-06,0.0124669415,1.65199091e-07,0.00015559014600000003,0.029472017900000008,3.7608001399999997,-0.009256825310000001,-0.0118098346,-0.0119646293,2.33869887e-06,6.782139039999999e-05
113,1661202600,0.014068451200000002,0.01422427925,-0.0151639037,-1.72230616,0.149479564,0.1112960344,0.135679137,0.12911644600000002,0.0001122381064,0.00587949234,0.000155887329,2.707774423e-08,2.8396602130000004e-08,3.7088117520000007e-08,5.1914927700000004e-08,6.93047101e-08,1.232697429e-07,2.7323138050000005e-07,0.006792882830000001,0.000237808291,2.86320427e-06,73.1713561,52.270775400000005,4.777501440000001e-07,6.24906702,0.0019346436000000002,0.149968554,7.81277324e-05,3.0125506199999998e-06,0.0038154710300000007,0.5979984540000001,7.81277324e-05,3.0125506199999998e-06,0.0125832053,4.92738333,7.81277324e-05,3.0125506199999998e-06,0.000276483678,0.28207140787,7.81277324e-05,3.0125506199999998e-06,0.0124830161,1.64054048e-07,0.000155990353,0.049508993200000004,1.7256724929999998,-0.01002210357,-0.01182288115,-0.011974578900000001,2.4553823300000003e-06,6.823928089999999e-05
113,1661203200,0.01521395565,0.0153693046,-0.016323550599999997,-1.71554095,0.15514224,0.11551286090000001,0.14205433399999998,0.13530413400000002,0.0001117028796,0.006338974489999999,0.00015541773199999998,3.56705953e-08,3.6685844969999994e-08,4.38303124e-08,5.82245264e-08,7.35942701e-08,1.1095174120000002e-07,2.572038324e-07,0.00737170738,0.00023182186900000003,2.7592875900000005e-06,73.268821,52.032837300000004,5.161038660000001e-07,6.142931389999999,0.0020059244099999997,0.16083891199999997,8.6441376e-05,3.5139833400000003e-06,0.00397098245,0.646839231,8.6441376e-05,3.5139833400000003e-06,0.012593706500000001,5.00618706,8.6441376e-05,3.5139833400000003e-06,0.000327465509,0.407022803,8.6441376e-05,3.5139833400000003e-06,0.012459735950000002,1.64609512e-07,0.000155410041,-0.022289497299999995,2.5965976310000003,-0.009739044269999999,-0.0118016179,-0.01195028655,2.4866855499999997e-06,6.777965959999999e-05
113,1661203800,0.015458128849999999,0.015613793900000002,-0.011149154489999999,-1.7239693900000002,0.15075460300000001,0.1165453366,0.138941743,0.13579164500000002,0.00012469681159999997,0.006489999199999999,0.00015571924599999998,2.273636796e-08,2.3766050000000002e-08,2.899500453e-08,4.34105174e-08,5.574913910000001e-08,8.669005810000001e-08,2.422111025e-07,0.00752872864,0.000197008864,2.7686750499999993e-06,72.234941,51.557554100000004,5.243642469999999e-07,5.78085128,0.0020148975299999995,0.16366367199999998,7.614056720000001e-05,2.87433854e-06,0.0040184322,0.6621821750000001,7.614056720000001e-05,2.87433854e-06,0.012570707149999999,4.90195453,7.614056720000001e-05,2.87433854e-06,0.000272066719,0.24227999710000003,7.614056720000001e-05,2.87433854e-06,0.0124760641,1.66168786e-07,0.000155818802,0.03261741049999999,6.431812119200001,-0.0092172927,-0.0118216706,-0.011970758849999999,2.42772441e-06,6.787871879999999e-05
113,1661204400,0.015412186750000001,0.015568097849999999,-0.011704531268,-1.7263438100000001,0.152854664,0.11618143600000001,0.139279251,0.13500412099999998,0.00010569420099999999,0.006426482300000001,0.00015598603200000003,4.644218927e-08,4.84021872e-08,5.8599853800000005e-08,7.430313299999998e-08,9.962715000000001e-08,1.505573778e-07,3.19118594e-07,0.007488505719999999,0.00021373077300000003,2.98463857e-06,71.9377115,51.78437339999999,5.22731668e-07,6.17632692,0.0020149354099999995,0.163732312,8.147887289999998e-05,3.10792088e-06,0.00400264393,0.6580212979999999,8.147887289999998e-05,3.10792088e-06,0.0126078999,4.97308433,8.147887289999998e-05,3.10792088e-06,0.000304606034,0.3214854182,8.147887289999998e-05,3.10792088e-06,0.012486307200000001,1.8846740999999997e-07,0.000156096559,-0.0682668712,35.456705771639996,-0.007254536939999999,-0.011821284900000001,-0.0119767851,2.39252148e-06,6.859104879999999e-05
113,1661205000,0.014698033650000001,0.014854455949999998,-0.014103319100000001,-1.71452553,0.15289217100000002,0.11333609509999998,0.13882924300000002,0.132791555,0.0001340151952,0.006176386210000001,0.00015650263,4.941552404999999e-08,5.23867902e-08,6.294018480000001e-08,8.73041151e-08,1.175083189e-07,1.9403188559999998e-07,4.5074668800000004e-07,0.0071430789199999995,0.00020074147900000003,4.0980318e-06,70.72607769999999,51.68952399999999,4.985218519999999e-07,6.6620164399999995,0.00197082867,0.156764823,9.10873835e-05,3.78491639e-06,0.003901460350000001,0.626318445,9.10873835e-05,3.78491639e-06,0.012665890899999999,5.151679230000001,9.10873835e-05,3.78491639e-06,0.000346613702,0.4950746536,9.10873835e-05,3.78491639e-06,0.01250335435,1.6262958700000003e-07,0.00015649739100000003,-0.014264140400000003,0.8938752750000001,-0.0102078275,-0.011843655,-0.011995618500000003,2.47292931e-06,6.8560168e-05
113,1661205600,0.013600568950000003,0.013756694800000002,-0.015292328900000002,-1.72208206,0.14051679,0.10928828300000001,0.12949144999999998,0.126378856,9.03678651e-05,0.0056740822,0.00015617869099999998,2.2416266659999998e-08,2.3981220699999997e-08,2.99899153e-08,5.02495911e-08,6.73618372e-08,1.18428311e-07,2.803354795e-07,0.006625826259999999,0.000170271493,3.54114744e-06,72.53205439999999,51.37341789999999,4.6221353499999997e-07,6.37842895,0.00189918366,0.145618978,7.16306216e-05,2.5850990700000003e-06,0.0037768198500000003,0.585193929,7.16306216e-05,2.5850990700000003e-06,0.012573357700000001,4.848625320000001,7.16306216e-05,2.5850990700000003e-06,0.00024190552399999996,0.1804155014,7.16306216e-05,2.5850990700000003e-06,0.0124981354,1.59031997e-07,0.00015636281899999998,0.08934168013,2.1589657515,-0.00975800215,-0.0118503325,-0.011997327549999999,2.40433555e-06,6.81745177e-05
113,1661206200,0.012102484450000001,0.012259428250000001,-0.019341004999999998,-1.7185076000000001,0.13616665700000002,0.1030410359,0.12232873149999998,0.1186911225,0.00013411821899999998,0.00513462241,0.000156996931,1.802177058e-08,1.852949279e-08,2.3753954960000002e-08,3.68998019e-08,4.632392130000001e-08,8.725287e-08,1.984682375e-07,0.0058886250799999994,0.00015887563200000002,3.2582233199999995e-06,73.3724225,51.338554900000005,4.12715107e-07,6.294672500000001,0.00180049688,0.13095369839999998,7.4703887e-05,2.8063850499999997e-06,0.0035649589700000005,0.522336572,7.4703887e-05,2.8063850499999997e-06,0.0126117047,4.883859119999999,7.4703887e-05,2.8063850499999997e-06,0.000261242195,0.2205052797,7.4703887e-05,2.8063850499999997e-06,0.0125297893,1.6004822e-07,0.000157155995,0.0628597422,1.244850611,-0.010130615550000001,-0.01187740285,-0.0120273971,2.5021249900000004e-06,6.92847072e-05
113,1661206800,0.0108055209,0.010961255100000001,-0.010944269065000001,-1.72686799,0.126566365,0.0974363885,0.11591603840000002,0.11182841479999998,0.00013461880389999999,0.0046379352,0.000155785372,2.3320476379999996e-08,2.3679490900000002e-08,2.8452871650000003e-08,4.12789062e-08,5.3903521050000004e-08,9.037957630000001e-08,1.998881976e-07,0.00523100727,0.00016815567000000003,3.08447049e-06,74.11617700000002,51.7184343,3.6950820400000003e-07,6.21001228,0.0016878243899999998,0.11650750090000002,7.83886138e-05,2.81853383e-06,0.00334386504,0.4608264859999999,7.83886138e-05,2.81853383e-06,0.0125658447,4.881396659999999,7.83886138e-05,2.81853383e-06,0.000254943089,0.23862934699999996,7.83886138e-05,2.81853383e-06,0.012475258,1.4475939760000004e-07,0.000155777047,0.0480557087,1.7960621718000003,-0.010029106489999998,-0.01185199835,-0.0119944479,2.27504111e-06,6.775009990000001e-05
113,1661207400,0.0091383374,0.009294003300000001,-0.00577681325,-1.71842388,0.1233787655,0.0897462761,0.110590877,0.10365316499999999,9.80719906e-05,0.0038929711800000004,0.000155713355,1.761956782e-08,1.9470922390000003e-08,2.2990433340000003e-08,3.6402402099999995e-08,5.0266804199999997e-08,7.90047119e-08,2.117565885e-07,0.00440378229,0.00016140938900000002,3.4916578299999997e-06,74.44763180000001,51.8589262,3.1390089900000006e-07,6.41747745,0.00153590555,0.0980389306,7.546878200000001e-05,2.74496168e-06,0.00307009646,0.38714928,7.546878200000001e-05,2.74496168e-06,0.0125673281,4.86106304,7.546878200000001e-05,2.74496168e-06,0.00025583629399999997,0.22438370330000001,7.546878200000001e-05,2.74496168e-06,0.012473816600000001,1.56123566e-07,0.00015575286599999998,0.10786966454,4.203499892,-0.009432705650000001,-0.0118444213,-0.0119907075,2.3304696299999997e-06,6.7845898e-05
113,1661208000,0.00753739732,0.007692838949999998,-0.0194418565,-1.73435388,0.11047837390000001,0.0815113183,0.09379036449999999,0.090340258,0.00017743584280000002,0.0034007404900000004,0.000155494985,2.446797719e-08,2.6158000600000002e-08,3.1801944699999996e-08,4.4430902299999996e-08,5.7210885500000003e-08,9.266794840000001e-08,2.1306336299999997e-07,0.00363892173,0.0001262646196,2.96807411e-06,72.6188385,51.29959219999999,2.60689731e-07,6.33506211,0.0014177780999999998,0.0823920316,7.48339026e-05,2.61798747e-06,0.00279359639,0.32164642099999996,7.48339026e-05,2.61798747e-06,0.012552387050000002,4.83611863,7.48339026e-05,2.61798747e-06,0.00023810704799999996,0.20760042569999998,7.48339026e-05,2.61798747e-06,0.01246739925,1.5418306340000002e-07,0.00015559107,0.38777621819999997,18.028513984,-0.007880887921999999,-0.011862433250000002,-0.011998485950000002,2.29192801e-06,6.75170822e-05
113,1661208600,0.00734818141,0.0075038466800000005,-0.012974077680000001,-1.7311935400000003,0.1067657586,0.0802527119,0.0930403403,0.08925272640000001,0.00021971389099999998,0.0033365484799999998,0.00015570928499999997,1.654020513e-08,1.85316097e-08,2.1061955219999996e-08,3.15597163e-08,4.3955290199999995e-08,7.09352181e-08,1.6653486600000002e-07,0.00354039418,0.000130488225,2.7926973399999996e-06,74.81137199999999,51.4973171,2.54454512e-07,6.334505009999999,0.0013978648800000001,0.0803719584,7.07528121e-05,2.34942196e-06,0.00273924117,0.31118662899999994,7.07528121e-05,2.34942196e-06,0.012525626399999998,4.757124429999999,7.07528121e-05,2.34942196e-06,0.00019759999999999998,0.12013651434000001,7.07528121e-05,2.34942196e-06,0.01248067365,1.47100731e-07,0.000155915163,0.09627768299999999,5.19520781,-0.009253936899999999,-0.0118795818,-0.012014339800000001,2.1590773399999998e-06,6.73574597e-05
113,1661209200,0.00598435123,0.00613991232,-0.0176760817,-1.7274551000000002,0.0996780428,0.07272826880000001,0.0839650626,0.07998994350000001,0.0002871911676,0.00290094506,0.000155742152,1.90442616e-08,2.1671517370000004e-08,2.42944035e-08,3.4553997900000004e-08,4.7014754500000004e-08,8.44361698e-08,1.78237297e-07,0.0028589832,0.00012980202459999998,2.79779634e-06,73.673698,51.740779399999994,2.0907201299999998e-07,6.53078077,0.00126860247,0.0673332698,7.90873291e-05,4.201047420000001e-06,0.0024775391,0.25444799100000004,7.90873291e-05,4.201047420000001e-06,0.012528571749999998,4.77149742,7.90873291e-05,4.201047420000001e-06,0.00020520324240000002,0.11792562044000002,7.90873291e-05,4.201047420000001e-06,0.012474019699999998,4.3556404899999993e-07,0.000156036941,-0.4615720703,9.095112506,-0.00844048835,-0.011711130949999999,-0.0119272918,4.225604039999999e-06,7.93303732e-05
113,1661209800,0.006455166010000001,0.00661092476,-0.015633358059999998,-1.7192189499999997,0.1083033051,0.0755011984,0.0891027194,0.08299003349999999,0.00023971922649999996,0.00310065368,0.00015580628399999998,1.4756700519999996e-08,1.6909606750000003e-08,2.1228217770000002e-08,3.00199329e-08,4.529047025e-08,8.07928977e-08,1.744079084e-07,0.00302727343,0.000197003429,2.87245784e-06,75.9543546,53.5198164,2.24645082e-07,6.51163397,0.0013167901,0.071655242,6.98520851e-05,2.48210098e-06,0.00255176634,0.27065302,6.98520851e-05,2.48210098e-06,0.012508031999999999,4.72055209,6.98520851e-05,2.48210098e-06,0.00017303787500000002,0.07972201786,6.98520851e-05,2.48210098e-06,0.01247692645,1.6023873199999996e-07,0.000155834392,-0.013535734699999991,4.196510104000001,-0.00946423444,-0.01183800225,-0.01198175745,2.3908595500000003e-06,6.815577549999999e-05
113,1661210400,0.007200391709999999,0.0073565482,-0.009413324590000001,-1.71664013,0.11250343360000001,0.0797869495,0.0962279375,0.08966523769999998,0.00027982576839999997,0.0035244208800000003,0.00015621349600000001,2.3356662640000003e-08,2.6014913229999998e-08,2.93106013e-08,4.421222319999999e-08,6.132707690000001e-08,9.627413669999999e-08,1.832627824e-07,0.0033774871099999998,0.000218948306,3.2264695700000003e-06,77.35971839999999,53.899398500000004,2.49388169e-07,6.459442579999999,0.001388931,0.080142038,7.1693287e-05,2.65052887e-06,0.00268750699,0.299414572,7.1693287e-05,2.65052887e-06,0.01255316155,4.78727941,7.1693287e-05,2.65052887e-06,0.000209378648,0.13298702697,7.1693287e-05,2.65052887e-06,0.0124960759,1.8225618499999997e-07,0.00015633480300000001,0.049924942560000005,11.491454758,-0.00879181601,-0.0118141464,-0.011970486300000001,2.4985026100000002e-06,6.850830949999999e-05
113,1661211000,0.008060563730000001,0.008215684930000001,-0.0210416742,-1.70021655,0.1185786214,0.0839500937,0.1013280924,0.09634044089999999,0.0004292199839999999,0.00399778315,0.00015516480099999998,1.19927007e-08,1.3585592880000001e-08,1.637693225e-08,3.22884428e-08,5.0571688000000004e-08,8.00684655e-08,1.697541606e-07,0.00391509054,0.00011175616640000001,3.0158837199999996e-06,73.93357859999999,50.883126,2.78073826e-07,6.435958609999998,0.0014677604,0.0895148559,7.25753088e-05,2.5585464e-06,0.00289525525,0.347055613,7.25753088e-05,2.5585464e-06,0.0125205218,4.78056186,7.25753088e-05,2.5585464e-06,0.00022576623499999995,0.1640575861,7.25753088e-05,2.5585464e-06,0.0124525383,1.82663768e-07,0.000155249401,0.014716737099999998,1.2613821156,-0.00989348099,-0.0117568709,-0.011915334,2.32189524e-06,6.816786390000001e-05
113,1661211600,0.00576575832,0.00592138246,-0.0194043827,-1.70564994,0.0988155164,0.07070503819999999,0.08355255149999999,0.07875240260000001,0.00038166273600000005,0.00301429285,0.00015566915099999998,1.143448131e-08,1.31786634e-08,1.6269546450000005e-08,3.0867352200000004e-08,4.2144851899999995e-08,6.396267020000001e-08,1.623725646e-07,0.00275724243,0.00012210526329999998,3.14277932e-06,75.721343,51.6787867,2.0176735200000002e-07,6.59097314,0.00123607917,0.06547380430000001,6.846364640000001e-05,2.45367027e-06,0.0024019856699999996,0.244781104,6.846364640000001e-05,2.45367027e-06,0.01250912035,4.71036737,6.846364640000001e-05,2.45367027e-06,0.00017460857560000002,0.07094571266,6.846364640000001e-05,2.45367027e-06,0.012474276750000002,1.80386027e-07,0.000155788491,0.06322327787399999,3.6968555629999997,-0.00930431055,-0.01178803205,-0.011946952600000001,2.40438921e-06,6.791347749999999e-05
113,1661212200,0.006169936489999999,0.00632569398,-0.01896325375,-1.68452096,0.1089033237,0.07326759499999999,0.0889527156,0.08190250160000001,0.00039431902899999996,0.00318758122,0.000155805836,1.491556819e-08,1.6103953149999997e-08,1.8528729260000002e-08,2.88912231e-08,4.27622378e-08,7.70427241e-08,1.4503702099999997e-07,0.00295912521,0.00012282749,2.6221496200000003e-06,74.8273281,51.4726519,2.1529621200000003e-07,6.42923653,0.00129470721,0.06925276899999999,6.85937796e-05,2.4347799500000003e-06,0.00251359451,0.264046454,6.85937796e-05,2.4347799500000003e-06,0.01251305975,4.718517159999999,6.85937796e-05,2.4347799500000003e-06,0.000176398481,0.0694409474,6.85937796e-05,2.4347799500000003e-06,0.0124809262,1.58726255e-07,0.00015593252,0.03340731300000001,0.47495202000000003,-0.0104230846,-0.0118255276,-0.011978732550000001,2.4024451900000003e-06,6.784467390000001e-05
113,1661212800,1.0189248920599998,1.0190804564899998,-0.013796632445000002,15.653471700000003,1.9195337285,0.20801243759999996,0.801324464,0.24105736349999995,0.7878519206639999,2.5579324247,0.000159009495,4.74657206005e-06,6.023908417159999e-06,9.7533881667e-06,1.3948592839199999e-05,2.4060286749300005e-05,4.1686271898300004e-05,9.54169197195e-05,0.50851443483,0.000377631882,0.00037114060351,74.238815,51.11636449999999,3.3719513854e-05,6.69885506,0.0036937864299999997,12.9964406914,0.000178356988,1.2372517150000001e-05,0.00729565408,43.424330449,0.000178356988,1.2372517150000001e-05,0.0131495736,41.963019259999996,0.000178356988,1.2372517150000001e-05,0.000910350637,35.70157002815,0.000178356988,1.2372517150000001e-05,0.01255947215,3.436935274200001e-05,0.00018983614199999998,-0.16978992447,290.4823298572,0.1053528078,-0.01134190256,-0.01188676795,0.00012132926978999998,0.0013438008844
113,1661213400,0.00534759674,0.00550354577,-0.0287798354,-1.67831426,0.10286564039999999,0.06818405279999999,0.08205250439999999,0.07488978360000001,0.0003536384844,0.0028919689800000004,0.000156018018,1.695938e-08,1.829986536e-08,1.9085105860000005e-08,3.44680744e-08,4.83267159e-08,6.05584474e-08,1.3518860699999998e-07,0.00252166137,0.000148759732,2.97278456e-06,77.71844050000001,52.8305522,1.88018534e-07,6.412634710000001,0.0011986591160000001,0.060439032299999994,7.60898624e-05,3.0695471499999997e-06,0.00230826152,0.22450419500000002,7.60898624e-05,3.0695471499999997e-06,0.0125463762,4.7837352,7.60898624e-05,3.0695471499999997e-06,0.00020597639299999997,0.1354202364,7.60898624e-05,3.0695471499999997e-06,0.012482817500000002,2.1056875000000003e-07,0.000156031913,0.30414592640000004,2.9248562124000004,-0.009726116900000002,-0.011775161749999999,-0.0119413529,2.4939928599999997e-06,6.81815068e-05
113,1661214000,0.00668034064,0.00683554748,-0.0277763106,-1.6566294899999998,0.11520351799999999,0.0759259935,0.09296533709999999,0.08535260650000001,0.000330039968,0.0034005784800000003,0.00015535413099999998,4.366976439e-08,2.538880054e-08,2.6435597440000006e-08,4.076835759999999e-08,9.771752800000001e-08,7.91324659e-08,1.784687761e-07,0.00324241064,9.458186599999999e-05,2.53594043e-06,72.7855754,50.558577799999995,2.3224264700000001e-07,6.398409879999999,0.00134466559,0.0757901187,8.38240963e-05,4.28261427e-06,0.00262258855,0.2868413259999999,8.38240963e-05,4.28261427e-06,0.012524202000000002,4.780005640000001,8.38240963e-05,4.28261427e-06,0.000235643793,0.1505248167,8.38240963e-05,4.28261427e-06,0.012460839650000001,4.885814299999999e-07,0.000155761929,-0.4525072303,6.6070469560000005,-0.00837562041,-0.0116517404,-0.0118558977,4.280585769999999e-06,8.13806819e-05
113,1661214600,0.00655541104,0.00671073579,-0.035230664099999996,-1.67032195,0.10852831110000001,0.07477570999999998,0.0901902523,0.08497759240000001,0.00019567460900000002,0.00304829295,0.000155416182,3.084355585e-08,2.107338525e-08,2.46653666e-08,3.950657349999999e-08,5.91195266e-08,7.63637486e-08,2.09070744e-07,0.0031858498900000005,8.8087059e-05,3.2127740199999993e-06,71.032149,50.392555400000006,2.2798122699999996e-07,6.486795860000001,0.00130901077,0.0716399951,7.65332888e-05,3.29387392e-06,0.0025787273699999997,0.279760483,7.65332888e-05,3.29387392e-06,0.0125215814,4.76552047,7.65332888e-05,3.29387392e-06,0.0002143869724,0.13366193729999998,7.65332888e-05,3.29387392e-06,0.0124619487,2.76746299e-07,0.000155577426,-0.16783109289999998,3.168003423599999,-0.00938807053,-0.01175787705,-0.01192436635,3.1457246499999996e-06,7.414397199999999e-05
113,1661215200,0.0088592193,0.00901482427,-0.0331060358,-1.66184016,0.12334126540000001,0.08704475190000001,0.1082658049,0.102678136,0.00019622945480000004,0.0039513375300000006,0.00015566862,2.5231670560000002e-08,3.62201972e-08,2.1859500379999998e-07,1.0230068919999998e-07,1.589486149e-07,1.135550587e-07,2.1546091859999996e-07,0.0043304139,9.365958090000001e-05,4.59816439e-06,71.6248969,50.4464623,3.0455273800000004e-07,6.58884513,0.0015945099300000002,0.1096095684,7.281437140000001e-05,2.80347206e-06,0.0030398831600000004,0.38514080799999995,7.281437140000001e-05,2.80347206e-06,0.012527116250000001,4.7615897,7.281437140000001e-05,2.80347206e-06,0.000218274139,0.1275058021,7.281437140000001e-05,2.80347206e-06,0.0124774046,8.507818800000001e-07,0.000156536723,-0.1121141186,2.2083394960000002,-0.00919347572,-0.01122548805,-0.0115265118,2.67853822e-06,6.98513717e-05
113,1661215800,0.004325368130000001,0.0044810273700000005,-0.0375255045,-1.64801516,0.0939778685,0.06110799119999999,0.0730147273,0.0666770354,0.00022437618999999998,0.0021436749099999998,0.000155748204,1.4014895239999999e-08,2.35951665e-08,4.937987834999999e-07,3.427978755e-08,3.9114569699999993e-08,8.31941368e-08,1.483286184e-07,0.0020681935,8.883927669999998e-05,4.72249448e-06,75.5809536,50.5679139,1.539188296e-07,6.682137209999999,0.0012214908999999999,0.0679826066,7.48783395e-05,3.25032148e-06,0.0021245025200000004,0.1946160206,7.48783395e-05,3.25032148e-06,0.0125228061,4.74253711,7.48783395e-05,3.25032148e-06,0.000184759583,0.09784275261,7.48783395e-05,3.25032148e-06,0.012478162349999999,1.244622779e-06,0.00015694972300000002,-0.0604728657,2.499544421,-0.00828065798,-0.01053909285,-0.011379091849999998,3.2846118500000003e-06,7.399745790000001e-05
113,1661216400,0.005169317040000001,0.005325030119999999,-0.023906480475,-1.6942653200000002,0.09724046949999998,0.067277009,0.07897741130000001,0.07447727280000001,0.0001422452881,0.00240524685,0.000155758907,1.5625252649999998e-08,1.881517597e-08,2.0414236399999996e-08,3.4017904100000005e-08,4.050151519999999e-08,6.44253674e-08,1.732089014e-07,0.0024899538299999998,9.142331440000001e-05,2.86307259e-06,76.2260339,50.573494000000004,1.8205112700000003e-07,6.52527127,0.00118389255,0.05801612210000001,7.07210978e-05,2.42832418e-06,0.00230167192,0.21921464200000002,7.07210978e-05,2.42832418e-06,0.0125146603,4.72963477,7.07210978e-05,2.42832418e-06,0.0001800222195,0.0974133885,7.07210978e-05,2.42832418e-06,0.012479090599999998,1.6443185399999997e-07,0.000155892553,-0.089504374,9.701411867800001,-0.009857215400000001,-0.0118310532,-0.0119773146,2.3269190399999997e-06,6.79004892e-05
113,1661217000,0.0105828644,0.010739161600000002,-0.027948930699999996,-1.66994615,0.13140401399999999,0.0954717625,0.11767859159999998,0.1133659637,0.00027112316699999994,0.004786696700000001,0.00015635905599999998,3.152752273e-08,3.33528112e-08,4.281820328e-08,5.7065634400000005e-08,7.313145495e-08,1.236314398e-07,2.574815169e-07,0.005209569549999999,7.774265079999999e-05,3.4381301199999993e-06,69.9085422,50.0499454,3.62056889e-07,6.30196498,0.0016666840499999999,0.11396183100000001,7.4446723e-05,2.6799960400000006e-06,0.0033340399800000004,0.4580387470000001,7.4446723e-05,2.6799960400000006e-06,0.0125832799,4.8458831600000005,7.4446723e-05,2.6799960400000006e-06,0.00024196926199999998,0.18934293995,7.4446723e-05,2.6799960400000006e-06,0.012501156,1.6478702000000002e-07,0.000156444471,-0.009986261400000005,0.918026295,-0.010031762900000001,-0.0118465406,-0.0119959056,2.3891760699999997e-06,6.79192382e-05
113,1661217600,0.00763844362,0.00779479813,-0.029851523500000005,-1.5895785500000001,0.1190286328,0.0795727114,0.10286564139999999,0.09712796449999998,0.0002459088359,0.00351097052,0.000156402537,1.819903468e-08,1.956205045e-08,2.210334795e-08,3.2534547299999996e-08,4.759160545000001e-08,8.182479039999999e-08,1.6819309e-07,0.0037468020100000004,6.92200958e-05,2.7613131999999997e-06,70.7030036,49.790321399999996,2.6418899000000003e-07,6.40224257,0.0013964935599999999,0.08125541139999999,7.02959162e-05,2.41869573e-06,0.00278048188,0.32582074600000005,7.02959162e-05,2.41869573e-06,0.0125721323,4.80457952,7.02959162e-05,2.41869573e-06,0.000217956069,0.1283586345,7.02959162e-05,2.41869573e-06,0.0125058148,1.4570688639999999e-07,0.00015654138999999996,-0.010577980400000003,0.7584352138,-0.01028280605,-0.011885633999999999,-0.0120294755,2.34243549e-06,6.846738650000001e-05
113,1661218200,0.00784403265,0.00800056305,-0.0294917977,-1.64738836,0.11584103409999999,0.0818493655,0.10155309900000001,0.0969404596,0.00033022479599999996,0.0036620806799999997,0.00015660610799999997,2.0636977460000003e-08,2.274609437e-08,2.9607494999999997e-08,4.73638262e-08,6.08555824e-08,9.07267666e-08,2.2341231400000004e-07,0.0038404566099999996,7.79721639e-05,3.01532052e-06,70.711704,50.051892,2.7095149100000004e-07,6.49753999,0.00144995971,0.0871007002,7.308109349999999e-05,2.86740356e-06,0.00285891233,0.340335039,7.308109349999999e-05,2.86740356e-06,0.012548845849999999,4.741470120000001,7.308109349999999e-05,2.86740356e-06,0.000189099547,0.0733427146,7.308109349999999e-05,2.86740356e-06,0.0125142173,2.30336609e-07,0.00015683648,-0.27849791881999997,6.2928786037,-0.009701597529999998,-0.01181408665,-0.011970196800000001,2.8461781000000006e-06,7.242994129999999e-05
113,1661218800,0.007391448100000001,0.007548148540000001,-0.028297184100000004,-1.64985432,0.11464099850000001,0.07972524630000001,0.0987030119,0.09334035100000002,0.000179969745,0.00338135192,0.00015677381699999999,1.889345055e-08,2.0784028849999996e-08,2.3998863559999996e-08,4.017539725e-08,5.5342141849999987e-08,6.59786421e-08,1.91390958e-07,0.0035979406299999996,9.4450491e-05,2.8393304099999996e-06,72.7559581,50.46291480000001,2.5605712600000003e-07,6.38927604,0.00141201689,0.08168890990000001,7.416374400000001e-05,2.9973525000000004e-06,0.0027669556899999996,0.316472628,7.416374400000001e-05,2.9973525000000004e-06,0.012569059499999998,4.79417931,7.416374400000001e-05,2.9973525000000004e-06,0.00020852413199999999,0.1289501518,7.416374400000001e-05,2.9973525000000004e-06,0.012518725,2.2859326600000003e-07,0.00015694780700000003,-0.1674379674,2.6934646527,-0.009543672599999999,-0.01179934115,-0.011964409999999998,2.8611520299999997e-06,7.114140759999999e-05
113,1661219400,0.00432974411,0.00448658403,-0.0208469975,-1.6900480100000004,0.0918403019,0.061004543300000005,0.0709896675,0.0653269935,0.000184249614,0.0022106430800000005,0.00015692845700000002,1.0121651029999999e-08,1.179030094e-08,4.692878978e-08,2.97506653e-08,3.29283836e-08,4.32379641e-08,1.162621736e-07,0.0020476161230000003,0.00011322194720000001,3.6538673399999996e-06,80.59999359999999,51.72275570000001,1.541969046e-07,6.6730272,0.0010569242050000001,0.0494445281,7.323929310000001e-05,2.98575539e-06,0.0020604147399999996,0.18142129720000003,7.323929310000001e-05,2.98575539e-06,0.012554842850000001,4.74141704,7.323929310000001e-05,2.98575539e-06,0.00016807566499999998,0.055453999200000006,7.323929310000001e-05,2.98575539e-06,0.012520804700000002,3.3837936299999996e-07,0.00015710916099999998,-0.25090811429999993,1.814691426,-0.0100114148,-0.011719916399999999,-0.01191103885,3.00889154e-06,7.34112486e-05
113,1661220000,0.00347906824,0.00363598265,-0.022163509180000002,-1.62480038,0.0861401306,0.0540593837,0.0648019775,0.05883929610000001,0.00022884301899999998,0.0019129559499999997,0.00015696403600000002,1.3012586100000001e-08,1.819059137e-08,1.8240877949999998e-08,2.85428358e-08,4.02053855e-08,5.04869835e-08,1.417563475e-07,0.0016339898740000002,0.0001020761973,3.0820949299999997e-06,78.18064810000001,51.5912771,1.25889331e-07,6.73214806,0.0009346537619999998,0.0401882794,6.90598829e-05,2.53127075e-06,0.0018171968400000002,0.1438359398,6.90598829e-05,2.53127075e-06,0.0125550072,4.738415099999999,6.90598829e-05,2.53127075e-06,0.00015803070200000002,0.05676975057000001,6.90598829e-05,2.53127075e-06,0.01252448475,1.94332506e-07,0.000157057794,-0.06509577424999999,23.99400189,-0.0082228446525,-0.011869765150000001,-0.0120242565,2.51762318e-06,6.90302939e-05
113,1661220600,0.0014875028640000002,0.0016442695200000004,0.007859601230000002,-1.3917779099999998,0.058426783100000004,0.035353766599999996,0.042488797,0.0368636249,0.000134328329,0.0009383276079999999,0.00015680692600000002,5.947874920000001e-09,7.81121042e-09,9.48281284e-09,1.368803705e-08,2.36607656e-08,3.03920618e-08,1.012360684e-07,0.000637655406,0.00010381837899999999,2.04260506e-06,85.44154739999999,53.2013289,5.96938838e-08,7.04430827,0.000633820738,0.019058330399999997,6.823711489999999e-05,2.36363745e-06,0.001129026085,0.0564035743,6.823711489999999e-05,2.36363745e-06,0.012537713649999999,4.71428916,6.823711489999999e-05,2.36363745e-06,0.000136115068,0.037679705509999994,6.823711489999999e-05,2.36363745e-06,0.0125175313,1.57891713e-07,0.00015684772100000002,-0.00018588169999999988,1.293875007,-0.0100583152,-0.011872146,-0.012021199199999999,2.3477523200000005e-06,6.81113846e-05
113,1661221200,0.0026449578300000005,0.00280160993,-0.022408545100000003,-1.6578170200000002,0.0745522757,0.048075401000000004,0.054901675999999996,0.049539013099999994,0.00021256249499999996,0.00150454917,0.000156748353,1.049073462e-08,1.18937814e-08,3.9170114e-08,3.96218106e-08,4.0287889000000004e-08,4.7737272600000003e-08,1.6838718949999998e-07,0.001213175215,0.0001051333205,3.71419813e-06,79.16293920000001,51.9996894,9.80624606e-08,7.00785464,0.000872557061,0.0349294581,7.35122592e-05,3.0945022700000006e-06,0.0015944894199999998,0.1082887653,7.35122592e-05,3.0945022700000006e-06,0.012539173849999998,4.71986008,7.35122592e-05,3.0945022700000006e-06,0.00013794448060000002,0.03606428236999999,7.35122592e-05,3.0945022700000006e-06,0.0125195874,3.7731033600000004e-07,0.00015711759900000004,-0.38298453960000006,9.4400690008,-0.00896391241,-0.01168836095,-0.0118771878,3.12735925e-06,7.37516878e-05
113,1661221800,0.0032085453299999997,0.00336480765,-0.018774900690000006,-1.64553714,0.0818650005,0.052067635,0.06206439379999999,0.05490167690000001,0.000215569804,0.00171155173,0.000156313652,1.39072068e-08,1.538377178e-08,1.94048939e-08,4.17395923e-08,4.0302048499999996e-08,4.60564369e-08,2.33961372e-07,0.001467688333,0.0001330757151,3.0453680600000003e-06,79.29254639999999,53.187966100000004,1.1680786939999999e-07,6.79187655,0.000926566751,0.039123581799999994,6.937687720000001e-05,2.55340156e-06,0.00172880857,0.1296261861,6.937687720000001e-05,2.55340156e-06,0.012536515399999998,4.73204709,6.937687720000001e-05,2.55340156e-06,0.00016955892800000002,0.0672690903,6.937687720000001e-05,2.55340156e-06,0.01250272465,2.2060794900000004e-07,0.00015653922900000003,-0.1286238207,6.854956451000001,-0.009141000799999998,-0.011753526649999999,-0.0119234536,2.49454286e-06,6.828540270000002e-05
113,1661222400,0.00443167318,0.004588598869999999,-0.009117061139999999,-1.5610666499999997,0.1018906106,0.06115862169999999,0.0807024619,0.0697521297,0.00021798881800000003,0.0022494098299999997,0.000157039627,1.4732629520000001e-08,1.684839579e-08,1.9387601069999997e-08,4.15815593e-08,3.8768831699999996e-08,6.957599960000001e-08,2.0710931799999997e-07,0.00203870392,0.000173555627,3.05519497e-06,77.9594398,54.27478080000001,1.57622982e-07,6.690126049999999,0.001053960324,0.051166439699999997,7.58267881e-05,3.2729689800000004e-06,0.00204197193,0.177476668,7.58267881e-05,3.2729689800000004e-06,0.012579698250000002,4.79663252,7.58267881e-05,3.2729689800000004e-06,0.00019586343739999996,0.11083589180000002,7.58267881e-05,3.2729689800000004e-06,0.012524966600000001,3.36270367e-07,0.00015721100000000004,-0.17421190224000002,17.661466391599998,-0.008427629409999998,-0.01179106735,-0.011966538950000001,3.1867455600000004e-06,7.400025860000001e-05
113,1661223000,0.00184289352,0.00199982197,-0.010104284697000001,-1.5040340700000001,0.06472697670000001,0.039763507999999996,0.0493140044,0.042301291000000005,9.1433632e-05,0.001009165175,0.000156968423,6.186100800000001e-09,8.519463240000001e-09,4.598937554999999e-08,3.05711858e-08,2.23973266e-08,6.08309333e-08,1.64394836e-07,0.000778781871,0.000137977195,4.30656947e-06,85.1893846,55.884608,7.15445563e-08,6.8472558800000005,0.0007482355960000001,0.0266384507,6.84820755e-05,2.35732147e-06,0.0012870282200000002,0.0699034893,6.84820755e-05,2.35732147e-06,0.012532746150000001,4.705530509999999,6.84820755e-05,2.35732147e-06,0.000132888082,0.03495471351,6.84820755e-05,2.35732147e-06,0.012524199750000001,2.66818317e-07,0.000157123266,0.01781856339,0.6551025273,-0.0100305384,-0.01171548025,-0.0118938781,2.3572004899999995e-06,6.84568442e-05
113,1661223600,0.001280383269,0.0014371163099999998,0.024308397300000003,-0.872280344,0.061764385600000006,0.0310412652,0.0450763759,0.03735114020000001,0.0001141354148,0.0008204630019999999,0.000156827748,6.57397798e-09,8.489564620000002e-09,8.78180108e-09,1.866917125e-08,3.52329501e-08,2.93453405e-08,1.1045080399999999e-07,0.000526492133,0.000110651569,2.7353271500000003e-06,84.8648094,55.5565834,5.28061075e-08,7.029312409999998,0.0005931579119999999,0.0182824133,7.51778154e-05,3.3460774e-06,0.001002683369,0.0463238077,7.51778154e-05,3.3460774e-06,0.01254294505,4.72728646,7.51778154e-05,3.3460774e-06,0.00014530378150000002,0.051736880480000004,7.51778154e-05,3.3460774e-06,0.012521669699999998,3.0944748300000004e-07,0.00015710303,0.05091790249999999,24.841271411000005,-0.007478885909999999,-0.011774597,-0.0119687175,3.3646289200000002e-06,7.51927011e-05
113,1661224200,0.002009338434,0.0021655629999999997,0.014907095540000002,-0.92083946,0.08197750200000001,0.0385428668,0.05812677400000001,0.048451478299999996,0.00022425516950000005,0.001339805745,0.000156395164,8.21204441e-09,1.034185475e-08,1.37167571e-08,2.0537659e-08,4.52892526e-08,3.903816590000001e-08,1.281458166e-07,0.0008988728269999999,0.00010242588900000001,2.93301926e-06,80.6380245,52.859269600000005,7.702195559999999e-08,6.91698074,0.0007167196240000001,0.0262693223,8.12522912e-05,4.26685983e-06,0.0013171403729999999,0.07797946139999999,8.12522912e-05,4.26685983e-06,0.012532170300000001,4.73171873,8.12522912e-05,4.26685983e-06,0.00017193346,0.06477017071,8.12522912e-05,4.26685983e-06,0.0124954202,4.90025783e-07,0.000156626346,-0.4500050001399999,6.033538525,-0.00800837096,-0.011665672999999998,-0.011869075699999999,4.3078621299999995e-06,8.1666486e-05
113,1661224800,0.00219333616,0.00235006566,-0.0163011979,-1.5358436799999997,0.0737647518,0.0431742354,0.05287661429999999,0.0454888882,0.00015485653200000003,0.0012790552639999999,0.000156773225,8.669069880000001e-09,1.0449985449999997e-08,3.160575318e-08,2.113664905e-08,5.0726722700000004e-08,3.41451115e-08,1.2475685199999998e-07,0.000991532025,0.00010121872189999999,3.5920645800000006e-06,81.07107780000001,52.2170432,8.31433139e-08,6.942319300000001,0.000769609874,0.027621064100000002,7.02693737e-05,2.53368851e-06,0.0014217402399999998,0.086358304,7.02693737e-05,2.53368851e-06,0.012560168800000002,4.75895738,7.02693737e-05,2.53368851e-06,0.000160409182,0.08399615691,7.02693737e-05,2.53368851e-06,0.012518835750000002,2.4146969e-07,0.000156963429,0.006556883300000001,0.402104417,-0.0104755907,-0.0117227993,-0.0119041975,2.4405627299999997e-06,6.88119558e-05
113,1661225400,0.00301667537,0.0031731565499999994,-0.0274635709,-1.5758139100000002,0.0807024626,0.0505623045,0.062439404600000005,0.056551726299999994,0.000187658722,0.00171903926,0.00015652868,7.01881056e-09,9.15327968e-09,1.002591643e-08,2.85342398e-08,7.020666440000001e-08,3.3234953e-08,7.75171089e-08,0.0014352375759999999,7.071574050000001e-05,2.1010182599999996e-06,75.4675299,49.4999359,1.105380641e-07,6.6975462,0.000876072152,0.0351380269,7.0405082e-05,2.45646935e-06,0.00171711475,0.1241708,7.0405082e-05,2.45646935e-06,0.01254741265,4.7527970900000005,7.0405082e-05,2.45646935e-06,0.00017731905640000004,0.08684056037000001,7.0405082e-05,2.45646935e-06,0.0125094285,2.63545633e-07,0.00015674977099999998,-0.010913651336999999,0.396916313,-0.010118051099999999,-0.0116850392,-0.0118667876,2.36275429e-06,6.78252512e-05
113,1661226000,0.00203087397,0.00218834441,-0.005876297040000001,-1.40656982,0.0718146923,0.0408613966,0.05201408749999999,0.0456388928,0.000218534174,0.001444243244,0.00015756682299999998,8.16707016e-09,1.0184737230000002e-08,1.5713487149999995e-08,2.41942698e-08,8.15622465e-08,4.3654908300000005e-08,7.273763630000001e-08,0.0009344524369999999,7.721970700000001e-05,3.4112272399999998e-06,78.8357276,49.950822,7.783583849999999e-08,6.840114220000001,0.0007516264489999999,0.026981295100000004,7.589518700000002e-05,3.3157432500000003e-06,0.00137262763,0.08143797509999999,7.589518700000002e-05,3.3157432500000003e-06,0.012580321750000002,4.76167691,7.589518700000002e-05,3.3157432500000003e-06,0.000158619643,0.058731026920000005,7.589518700000002e-05,3.3157432500000003e-06,0.01254686725,3.92282771e-07,0.000157816538,-0.253538221,2.146230932581,-0.00945392555,-0.011643676100000002,-0.0118484129,3.2796257899999997e-06,7.51245065e-05
113,1661226600,0.00431592424,0.00447315469,-0.024073471699999998,-1.343749785,0.10642824619999999,0.05788920660000001,0.0813774838,0.0733522382,0.00032747393300000007,0.0026205537600000003,0.00015744197999999999,4.059375782e-08,3.4828974569999994e-08,4.00308858e-08,7.02302048e-08,8.593944e-08,8.54699416e-08,1.478631704e-07,0.00207146367,8.20423396e-05,3.7397046699999993e-06,73.2732044,50.52341199999999,1.537247714e-07,6.8149510399999995,0.001026172433,0.0513897292,8.131961139999999e-05,4.27573081e-06,0.00202900579,0.17990178029999998,8.131961139999999e-05,4.27573081e-06,0.012572612449999998,4.76452331,8.131961139999999e-05,4.27573081e-06,0.000213203619,0.064204292,8.131961139999999e-05,4.27573081e-06,0.0125436168,7.159529589999999e-07,0.000158055566,-0.6079726817000001,7.432912566000001,-0.00764835027,-0.0115733488,-0.01187490785,4.35089689e-06,8.1796911e-05
113,1661227200,0.00710054589,0.007257674250000001,-0.022332164199999997,-1.58162784,0.1190286296,0.0775274033,0.1029031396,0.09446538149999999,0.00029249806500000004,0.0034189297,0.00015747944900000002,1.550492065e-08,1.4158966599999999e-08,1.9641139549999998e-08,3.3697330799999994e-08,5.4176879799999994e-08,4.57072933e-08,9.65617916e-08,0.00345030148,9.63313456e-05,3.0096431099999994e-06,74.602384,50.5875633,2.46503788e-07,6.400969859999999,0.0013164656600000001,0.07539742199999999,9.139221259999999e-05,5.47267121e-06,0.00267963186,0.296940586,9.139221259999999e-05,5.47267121e-06,0.012578251899999999,4.81768488,9.139221259999999e-05,5.47267121e-06,0.00024339688700000003,0.13219223,9.139221259999999e-05,5.47267121e-06,0.012533360799999999,8.674573190000001e-07,0.000157954256,-0.7910629100000001,10.291697113,-0.0067336474879999995,-0.01168128435,-0.0119342672,5.4201015699999995e-06,9.096371099999998e-05
113,1661227800,0.0058246305499999994,0.005981304370000001,-0.019963763500000002,-1.5615748600000001,0.10541571890000001,0.070029358,0.09109028379999999,0.08452758099999999,0.0001953558396,0.00276823414,0.000156827917,1.517217339e-08,1.6822907349999997e-08,2.0652770049999997e-08,3.20698029e-08,4.10704126e-08,5.97479732e-08,1.0923316839999999e-07,0.0028219333899999997,8.718157219999999e-05,2.75154526e-06,72.1383556,50.3642029,2.0400107900000002e-07,6.43593022,0.00119884819,0.0625272714,8.007887410000001e-05,4.096170270000001e-06,0.0024397309999999997,0.24691331200000005,8.007887410000001e-05,4.096170270000001e-06,0.012556722400000001,4.75968424,8.007887410000001e-05,4.096170270000001e-06,0.000195782153,0.0752182207,8.007887410000001e-05,4.096170270000001e-06,0.012516982800000001,3.9411979e-07,0.000157070364,-0.3388444478,3.650446986000001,-0.00918691095,-0.01175072915,-0.011956619499999998,4.0642865e-06,7.97901091e-05
113,1661228400,0.0035927541,0.00374931858,0.01844022112,-1.322866667,0.0864401405,0.05239483410000001,0.0723397083,0.0649894837,0.0001707575914,0.0018154074480000002,0.00015667821399999998,1.723283914e-08,1.2620891459999998e-08,1.3247722799999998e-08,3.4715247e-08,2.61372376e-08,3.503333420000001e-08,1.3725505e-07,0.0017227046449999998,6.99016144e-05,3.37772728e-06,77.0104014,49.494390100000004,1.2973005590000003e-07,6.52467212,0.0009368769260000001,0.0425325906,7.86219999e-05,3.8359689999999996e-06,0.00185092287,0.1543130458,7.86219999e-05,3.8359689999999996e-06,0.012555883299999997,4.75894853,7.86219999e-05,3.8359689999999996e-06,0.000189609223,0.0741897088,7.86219999e-05,3.8359689999999996e-06,0.012508339499999998,3.3719881e-07,0.000156796295,-0.5544703242,3.5918618852999997,-0.009583541599999999,-0.011721405399999999,-0.01190892395,3.74631142e-06,7.81651794e-05
113,1661229000,0.0031493508599999996,0.00330549098,0.0022411743,-1.50014818,0.08220251,0.0510811613,0.0606393504,0.05583920550000001,0.0001428378272,0.00166559004,0.000156312478,7.574259636e-08,1.0477038825e-07,2.9797104399999992e-08,5.709199240000001e-08,3.370210375e-08,4.90038485e-08,7.47824158e-08,0.00149076733,8.072498999999998e-05,2.58397414e-06,78.00712940000001,50.2831525,1.1498685350000001e-07,6.76848059,0.0009069317659999999,0.040223512,8.022874599999999e-05,4.51594904e-06,0.0017582795099999999,0.13939997310000002,8.022874599999999e-05,4.51594904e-06,0.012514677499999998,4.70585927,8.022874599999999e-05,4.51594904e-06,0.0001537980585,0.042067725980000005,8.022874599999999e-05,4.51594904e-06,0.01250474985,8.759666209999999e-07,0.00015704256899999998,-0.13343062706690004,12.7007075053,-0.0062348423499999995,-0.011676146500000002,-0.01192341105,5.16570585e-06,8.78450975e-05
113,1661229600,0.002286131288888889,0.0024428078,-0.0068944530222222215,-1.6199111999999998,0.06362694211111111,0.044046972222222223,0.05083488488888889,0.045876400000000005,0.00014001489844444446,0.0012194187044444445,0.00015671960444444446,6.146118077777778e-09,8.074404133333334e-09,7.485176266666665e-09,1.2517509777777777e-08,2.410998627777778e-08,2.6610843111111114e-08,7.835533788888889e-08,0.0010544678566666665,8.621722455555555e-05,2.171203133333333e-06,80.952114,50.742099555555555,8.629958622222222e-08,6.707233233333333,0.0007691677844444443,0.026889339888888888,6.820450722222222e-05,2.4417096e-06,0.0014706961444444445,0.09442212222222222,6.820450722222222e-05,2.4417096e-06,0.012537654444444444,4.713145022222222,6.820450722222222e-05,2.4417096e-06,0.00013544799066666667,0.037617082144444446,6.820450722222222e-05,2.4417096e-06,0.012517971333333332,1.4720169555555555e-07,0.00015684721888888886,0.007761440722222223,0.7693926504444444,-0.010414848333333334,-0.011896486,-0.012036283222222223,2.439450577777778e-06,6.813240111111111e-05
113,1661230200,0.0034913146800000005,0.003647983710000001,-0.004905381514,-1.55242518,0.08269002190000001,0.0542337548,0.069152112,0.06326443179999999,0.0001155804145,0.00167561874,0.000156791977,1.376597042e-08,1.6099456559999998e-08,1.5831748290000002e-08,3.51747992e-08,3.29980557e-08,4.2174488e-08,1.0293340210000001e-07,0.0016569840699999997,8.604457759999999e-05,2.2458509e-06,75.80363290000001,50.4901862,1.263922686e-07,6.65941305,0.0009525555590000002,0.040797645199999996,7.30740796e-05,2.8487416399999998e-06,0.0018815635699999996,0.14914931959999997,7.30740796e-05,2.8487416399999998e-06,0.0125470783,4.737364250000001,7.30740796e-05,2.8487416399999998e-06,0.00018593987900000002,0.060582062299999996,7.30740796e-05,2.8487416399999998e-06,0.012515482849999999,3.38086987e-07,0.000156976274,-1.0288415105,30.05126188100001,-0.008627558679999998,-0.011832409150000002,-0.01200443775,2.88214451e-06,7.23101434e-05
113,1661230800,0.003731671460000001,0.00388807459,0.00455074181,-1.4809348400000002,0.0939403671,0.055634120200000005,0.07665234039999999,0.06832708620000001,0.00016487418180000002,0.0018625412799999999,0.000156600718,1.040699392e-08,1.303035328e-08,1.4358956710000002e-08,3.9206204e-08,3.30511321e-08,5.08071822e-08,1.011842167e-07,0.00175928115,0.0001036944598,2.3982335100000004e-06,77.0328714,51.2765771,1.34310339e-07,6.731470019999999,0.0009730724600000001,0.0437409698,9.23599824e-05,5.22878624e-06,0.00192959652,0.1568405345,9.23599824e-05,5.22878624e-06,0.012546129849999999,4.76030692,9.23599824e-05,5.22878624e-06,0.000197765214,0.08903330940000001,9.23599824e-05,5.22878624e-06,0.012511035699999997,5.12846545e-07,0.00015703989,-1.1848318170199998,9.8137305415,-0.008526110639999999,-0.01169850875,-0.01191949675,5.31980417e-06,9.06385999e-05
113,1661231400,0.0057911171499999995,0.00594732438,0.0250944965,-1.23370983,0.12045367720000003,0.066845714,0.10620324269999999,0.0959279293,0.0001482482615,0.0026702628300000002,0.00015634775200000002,1.7805220729999997e-08,2.5865604700000003e-08,2.75794508e-08,6.55013073e-08,6.9567503e-08,6.554134840000002e-08,1.265074624e-07,0.00277753676,0.00011541557839999999,2.06655021e-06,74.454623,51.30210530000001,2.02841073e-07,6.4449998100000006,0.0011994106099999999,0.0690333263,7.45729093e-05,3.58505055e-06,0.00244455033,0.247405139,7.45729093e-05,3.58505055e-06,0.012524573849999998,4.71912194,7.45729093e-05,3.58505055e-06,0.00018662324,0.057329653999999994,7.45729093e-05,3.58505055e-06,0.012495969300000001,5.389904065e-07,0.00015667161899999998,0.05754662059999991,13.883978023000001,-0.00691566235,-0.011616242249999999,-0.011883499100000002,3.6996459300000005e-06,7.55740544e-05
113,1661232000,0.00559519629,0.005751008499999999,0.0092522276,-1.26852449,0.1168910685,0.066156446,0.10237812639999999,0.09191530760000001,0.00018961249800000002,0.0026367731000000003,0.000155952909,1.4397473510000003e-08,1.5668898690000004e-08,1.74852388e-08,2.63392515e-08,4.5067802099999995e-08,5.64883927e-08,1.209098857e-07,0.00267858325,0.0001162291805,2.3439104299999996e-06,75.1708151,51.41479410000001,1.96274583e-07,6.525472779999999,0.0011644194859999999,0.06322243920000001,7.395058589999999e-05,3.51368185e-06,0.00239843372,0.239299074,7.395058589999999e-05,3.51368185e-06,0.01252623095,4.74246325,7.395058589999999e-05,3.51368185e-06,0.00020452980950000002,0.09200334970000001,7.395058589999999e-05,3.51368185e-06,0.0124802061,3.6730958540000003e-07,0.00015612312499999997,-0.25062787250000007,1.8551702099999996,-0.0099922374,-0.01175208665,-0.01194516725,3.4876995399999997e-06,7.29387476e-05
113,1661232600,0.005789997770000001,0.00594723034,0.015639366100000003,-1.26315419,0.1200786657,0.06683748310000001,0.1041781822,0.0941278705,0.000221155292,0.0027880367600000002,0.00015733883199999999,2.5028785749999996e-08,2.8533224390000005e-08,3.24997315e-08,4.38528363e-08,5.790361139999999e-08,8.49868486e-08,2.02870357e-07,0.0028027625,8.90029055e-05,2.64974733e-06,69.9437067,50.4098546,2.02785178e-07,6.6128719899999995,0.0011956126899999998,0.06636490889999999,7.32422714e-05,3.012626e-06,0.00245720186,0.252952238,7.32422714e-05,3.012626e-06,0.0125961284,4.79774111,7.32422714e-05,3.012626e-06,0.0002129165545,0.10221857507999998,7.32422714e-05,3.012626e-06,0.01253788955,2.66113218e-07,0.000157465692,-0.3434663631,6.208022843699999,-0.00885984415,-0.01187353835,-0.012035563700000002,2.99560299e-06,7.280560189999998e-05
113,1661233200,0.0046938228200000005,0.0048502265300000005,-0.020875760870000003,-1.6627398100000002,0.09371536109999999,0.0638528044,0.0765023316,0.07125217590000002,0.000219615693,0.00231449511,0.000156462146,1.3666054780000003e-08,1.5153448999999998e-08,1.742984284e-08,2.6675533899999995e-08,4.82933008e-08,7.262348620000001e-08,1.54164927e-07,0.00224014905,0.00010343911319999999,2.91493346e-06,75.1393219,51.0745916,1.66168844e-07,6.73720831,0.0011236619499999999,0.0541296118,6.93581086e-05,2.6931592800000004e-06,0.00220009252,0.201028555,6.93581086e-05,2.6931592800000004e-06,0.01254141205,4.7357983400000006,6.93581086e-05,2.6931592800000004e-06,0.00017247893760000002,0.06671891812,6.93581086e-05,2.6931592800000004e-06,0.012508825349999999,1.95178287e-07,0.000156666223,0.057899549699999976,5.5651414204,-0.009141988899999998,-0.0118404814,-0.0119993557,2.6635976e-06,6.88879485e-05
113,1661233800,0.00657360595,0.006729883850000002,-0.0321845766,-1.71735681,0.10406567789999999,0.075731353,0.08715265950000001,0.08381505859999999,0.000269150163,0.0030961659400000003,0.000156324133,1.2659333900000002e-08,1.4042059830000005e-08,1.590851446e-08,2.650305595e-08,3.61926384e-08,5.27929194e-08,1.2596110000000002e-07,0.00318852938,9.51429583e-05,2.79855593e-06,72.38331250000002,50.563681599999995,2.28790927e-07,6.37948438,0.0013275546400000001,0.0726514641,6.96388812e-05,2.45962678e-06,0.00261314819,0.28369269700000005,6.96388812e-05,2.45962678e-06,0.012559707100000001,4.7841733,6.96388812e-05,2.45962678e-06,0.0001913083371,0.11156359463999999,6.96388812e-05,2.45962678e-06,0.012503401850000002,1.4817166999999998e-07,0.00015648340000000001,-0.020773809800000008,1.4755124072,-0.010041849850000001,-0.0118756893,-0.0120181072,2.3810436800000002e-06,6.814527130000001e-05
113,1661234400,0.00507629521,0.0052326866,-0.03350776650000001,-1.71948717,0.0935278531,0.06695035590000001,0.07616482579999999,0.0722272054,0.00024526580900000006,0.0024873716,0.00015711147700000003,1.604040225e-08,1.8193526259999998e-08,2.1685187389999997e-08,4.01685142e-08,4.372776175e-08,5.440730915000001e-08,1.225528678e-07,0.00244014981,9.425030139999998e-05,2.70836536e-06,74.0866396,50.609036700000004,1.79057899e-07,6.5747671400000005,0.0011870536899999998,0.058701635800000006,8.35313444e-05,4.7995726e-06,0.00229918012,0.21891845100000001,8.35313444e-05,4.7995726e-06,0.0125536541,4.789547369999999,8.35313444e-05,4.7995726e-06,0.00022874216200000002,0.10636525370000001,8.35313444e-05,4.7995726e-06,0.012513236350000002,1.598700178e-06,0.00015792833200000002,-0.10667409540000002,4.7218306005,-0.007102707749999999,-0.01148233455,-0.011810153100000002,5.07538631e-06,8.15669655e-05
113,1661235000,0.0036406466900000003,0.00379641436,-0.041441662100000005,-1.6354990899999997,0.08494009290000001,0.0555915906,0.0655145016,0.0591018038,0.00027834800100000004,0.00200617215,0.000155827635,1.95237502e-08,2.6814866699999994e-08,3.770017853e-08,4.910963555e-08,4.7320007399999995e-08,6.73830389e-08,1.728959744e-07,0.0017346798150000003,8.17587216e-05,3.4032542400000005e-06,75.7926624,50.3410166,1.312487265e-07,6.82701476,0.001010001919,0.04704985540000001,7.154461250000001e-05,2.8001483899999997e-06,0.0018998451899999997,0.15646873339999998,7.154461250000001e-05,2.8001483899999997e-06,0.01251528605,4.7162017800000005,7.154461250000001e-05,2.8001483899999997e-06,0.0001698251276,0.06504376667,7.154461250000001e-05,2.8001483899999997e-06,0.012481327,3.6760263799999997e-07,0.000156129826,-0.6242223121999999,30.736291778,-0.0071470774,-0.0117975565,-0.011974334100000001,2.86593098e-06,7.261486139999999e-05
113,1661235600,0.004814851970000001,0.00497158643,-0.0269383981,-1.5761625799999999,0.1006155718,0.06411151100000001,0.0818649983,0.07391475659999999,0.000277676848,0.0024744366499999996,0.000156843197,1.775830875e-08,2.1682817e-08,2.17751176e-08,3.3649226999999995e-08,5.3256014200000005e-08,5.3914162700000006e-08,1.61348057e-07,0.0023304377899999998,7.32877795e-05,3.22546914e-06,72.5154532,49.860165,1.7038191000000001e-07,6.61474377,0.00116424863,0.0562021817,7.819390970000001e-05,3.3294219600000007e-06,0.00224762122,0.20959874899999997,7.819390970000001e-05,3.3294219600000007e-06,0.012564141400000001,4.774517169999999,7.819390970000001e-05,3.3294219600000007e-06,0.0001865024525,0.09433624840000002,7.819390970000001e-05,3.3294219600000007e-06,0.0125223076,3.2364964999999996e-07,0.000157132351,-0.5885707471999999,7.642800793000001,-0.008669074777000001,-0.011838327249999999,-0.01201151185,3.2846145e-06,7.49030189e-05
113,1661236200,0.00726101871,0.007417860429999999,-0.0353589294,-1.5034694299999998,0.1312915081,0.07736793570000002,0.10451569009999999,0.09626543700000001,0.000362673152,0.0035918204800000006,0.000156953809,1.88972222e-08,2.0620025829999998e-08,2.6519834930000002e-08,6.297435829999999e-08,5.835488330000001e-08,1.196532213e-07,2.0450789e-07,0.0035554449000000004,7.03033932e-05,4.13237719e-06,71.204602,49.8469996,2.5154842299999994e-07,6.68402667,0.0013937659,0.0819277554,7.777273400000001e-05,3.5828398799999996e-06,0.00274134189,0.31451642399999996,7.777273400000001e-05,3.5828398799999996e-06,0.0125953974,4.83214559,7.777273400000001e-05,3.5828398799999996e-06,0.00022897011300000003,0.1351268437,7.777273400000001e-05,3.5828398799999996e-06,0.0125286039,3.42210869e-07,0.000157308673,-0.47175449039999995,9.13424999,-0.00836778954,-0.011805479300000001,-0.0119879079,3.54687993e-06,7.581610990000001e-05
113,1661236800,0.00524920415,0.005406048469999999,-0.03503047620000001,-1.5781856200000002,0.10297814490000001,0.0665773214,0.0847150871,0.0791649179,0.000169713492,0.0024761104399999997,0.000156886981,1.269354756e-08,1.4332703230000003e-08,1.726813497e-08,2.526245187e-08,3.94636116e-08,5.0489833749999997e-08,1.629229086e-07,0.00257158129,4.933255499999999e-05,3.3215132e-06,73.8993725,49.0557553,1.84751225e-07,6.56825563,0.0011796855,0.057572081,7.01169944e-05,2.3571075899999996e-06,0.0023371968799999997,0.22538497800000004,7.01169944e-05,2.3571075899999996e-06,0.0125626345,4.7608917,7.01169944e-05,2.3571075899999996e-06,0.00018338934,0.0858097086,7.01169944e-05,2.3571075899999996e-06,0.012519398800000001,1.465427024e-07,0.000156882777,0.015468650599999998,0.9098504865000001,-0.0102035182,-0.01189488125,-0.0120364689,2.2451055200000004e-06,6.7897545e-05
113,1661237400,0.00822470472,0.0083814831,-0.03281257020000001,-1.60242914,0.1277664029,0.0827764534,0.106878261,0.10046556749999999,0.0002133684181,0.0037558877600000007,0.000156835907,2.048658861e-08,2.1360214209999998e-08,2.358292312e-08,3.5736419499999996e-08,4.74169353e-08,6.82263348e-08,1.7472342550000003e-07,0.00405934087,4.9514674999999994e-05,3.03843773e-06,68.54720760000001,49.320933600000004,2.83757524e-07,6.26880416,0.00147634403,0.09018697560000001,7.038689849999999e-05,2.64229624e-06,0.0029373571700000004,0.361552207,7.038689849999999e-05,2.64229624e-06,0.0125683829,4.7804398599999995,7.038689849999999e-05,2.64229624e-06,0.00021018183100000003,0.11018276710000001,7.038689849999999e-05,2.64229624e-06,0.0125196269,1.5738004200000002e-07,0.00015689880700000002,-0.05650804490000001,2.0909047413999997,-0.0098298901,-0.011882985050000001,-0.0120266924,2.6276460199999997e-06,6.94735577e-05
113,1661238000,0.009201659800000001,0.00935853305,-0.034646216699999996,-1.6230537899999997,0.126266355,0.0882461564,0.1110033865,0.1075157815,0.00018241003589999997,0.00413088007,0.00015693207300000001,2.775690436e-08,2.9794106650000004e-08,3.3986836709999996e-08,4.82608111e-08,6.555672289999999e-08,9.687080319999998e-08,2.240168678e-07,0.00456542354,3.1518629e-05,3.29858594e-06,67.17744110000001,49.0382365,3.162063e-07,6.357315590000001,0.0015543182199999998,0.09974820350000001,7.30968675e-05,2.54745288e-06,0.0031270943600000003,0.403338883,7.30968675e-05,2.54745288e-06,0.0126073141,4.86186658,7.30968675e-05,2.54745288e-06,0.00024336637000000003,0.1754494324,7.30968675e-05,2.54745288e-06,0.012525477400000002,1.4509301800000003e-07,0.00015703340899999996,0.006735469099999998,0.867877281,-0.010355568749999999,-0.0119045818,-0.012048418299999999,2.32370127e-06,6.792821500000001e-05
113,1661238600,0.012483773399999998,0.012640271650000002,-0.0326723501,-1.60719723,0.148167021,0.10275069350000002,0.13297906,0.12851642800000002,0.00023230573340000002,0.0055194401900000006,0.000156568749,3.93601109e-08,4.287283815e-08,5.26034766e-08,7.31182672e-08,9.73631214e-08,1.5107933820000002e-07,3.425743996e-07,0.006203420560000001,3.3185443699999995e-05,4.394492869999999e-06,66.29445869999999,49.3339011,4.25062729e-07,6.58233283,0.00180759139,0.13501678300000003,7.55660038e-05,2.76200904e-06,0.0036565144299999996,0.550326707,7.55660038e-05,2.76200904e-06,0.01260666105,4.895593740000001,7.55660038e-05,2.76200904e-06,0.000279992925,0.23710746840000002,7.55660038e-05,2.76200904e-06,0.01250935345,1.7418226499999997e-07,0.000156658386,-0.0006604160000000033,0.728385653,-0.010223503089999999,-0.011833468099999998,-0.011985812200000001,2.42851891e-06,6.799759339999999e-05
113,1661239200,0.01419177965,0.014348350700000002,-0.027154279599999998,-1.6100494499999995,0.158817347,0.1085056295,0.14216684100000004,0.1375917,0.0003625831565,0.006269778080000001,0.000156664578,6.271328270000001e-08,6.602474704000001e-08,7.315197299999999e-08,9.46662979e-08,1.220230267e-07,1.774437538e-07,3.5196588600000005e-07,0.0070487484999999985,4.2567706e-05,3.53169034e-06,64.2958266,49.5463196,4.82210288e-07,6.308509720000001,0.00190014578,0.151656157,7.920357220000001e-05,3.01892819e-06,0.00384670187,0.620632655,7.920357220000001e-05,3.01892819e-06,0.01262799815,4.969095189999999,7.920357220000001e-05,3.01892819e-06,0.000301064361,0.29214113340000003,7.920357220000001e-05,3.01892819e-06,0.012510337399999998,2.04530616e-07,0.000156713302,-2.201381268963,93.218066354,-0.00948172551,-0.01184786545,-0.0119963282,2.49246967e-06,6.90133631e-05
113,1661239800,0.018163823040000002,0.01832065927,-0.010858659900000001,-1.5905373099999998,0.1782804415,0.12036515889999999,0.16357999099999998,0.15772981800000002,0.0003246051425,0.007738074960000001,0.00015691352899999998,5.185024609999999e-08,5.4958763299999995e-08,5.684006384e-08,8.002804179999998e-08,9.867106040000001e-08,1.4067108350000001e-07,3.45613938e-07,0.009046734070000001,3.1110924900000004e-05,3.1591611199999997e-06,64.4783942,49.44050360000001,6.14470427e-07,6.014464800000001,0.00214327086,0.19878606559999998,8.21629105e-05,3.1199485900000003e-06,0.004323014409999999,0.8078738929999998,8.21629105e-05,3.1199485900000003e-06,0.01265796515,5.01789009,8.21629105e-05,3.1199485900000003e-06,0.000326588196,0.33558008641000003,8.21629105e-05,3.1199485900000003e-06,0.012518560499999998,2.55047268e-07,0.000156969704,-2.2366891878999997,103.01374095199999,-0.008463501354,-0.01183777635,-0.011996466700000001,2.64640519e-06,7.21741079e-05
113,1661240400,0.01028302435,0.01043994455,-0.020559981499999998,-1.6065614199999998,0.140816798,0.09319635180000001,0.1209786915,0.11572853059999999,0.0001827726345,0.004558183699999999,0.000156990288,4.198078225e-08,4.503477640000001e-08,5.0043691400000006e-08,6.81932267e-08,1.539887613e-07,1.362872357e-07,3.13007526e-07,0.0050905636099999995,4.522593929999999e-05,4.84051893e-06,69.0150979,49.455956300000004,3.51960485e-07,6.59082272,0.0016497699799999997,0.11391536929999999,7.41041276e-05,2.6981068e-06,0.00328950576,0.445166614,7.41041276e-05,2.6981068e-06,0.01261331655,4.87973049,7.41041276e-05,2.6981068e-06,0.00026991316899999996,0.2093660141,7.41041276e-05,2.6981068e-06,0.012527891,3.80951417e-07,0.000157329688,-2.5123899263,114.30234172099999,-0.00847916425,-0.0116821836,-0.011869928799999999,2.50466928e-06,7.061994090000001e-05
113,1661241000,0.009262039900000001,0.0094191166,-0.0183890561,-1.5537334600000001,0.13755420100000001,0.087991944,0.118128606,0.1117534134,0.0001256997527,0.00402841798,0.00015714162500000002,3.0151267199999996e-08,3.669746625e-08,3.7339650399999997e-08,4.975920609999999e-08,1.9218931409999997e-07,3.77292551e-07,2.084293936e-07,0.00457665351,4.64252674e-05,6.9395624400000006e-06,68.78999100000001,49.458195599999996,3.18159039e-07,6.62799265,0.00161440918,0.112131588,7.481764949999999e-05,2.72517111e-06,0.0031264082800000004,0.40111545,7.481764949999999e-05,2.72517111e-06,0.0126157054,4.87713751,7.481764949999999e-05,2.72517111e-06,0.00026096509300000005,0.2065017867,7.481764949999999e-05,2.72517111e-06,0.012528359250000001,4.6454449700000006e-07,0.000157424986,0.004183573500000001,-0.220317048,-0.0098855716,-0.0114827887,-0.011677692,2.41587539e-06,6.795104280000001e-05
113,1661241600,0.00687756299,0.007033777370000001,-0.0212505831,-1.5451427199999999,0.1216162135,0.07565262580000001,0.100728076,0.09427787909999999,0.000147210593,0.00316521813,0.00015631807,2.70077291e-08,2.8934806100000003e-08,2.9153290900000005e-08,3.9940495e-08,5.788224530000001e-08,4.2821291700000004e-07,1.681699399e-07,0.0033772166899999996,5.4750982200000006e-05,5.924125049999999e-06,70.48706289999998,49.439848,2.3880955199999997e-07,6.68022538,0.0014058816,0.0858617049,7.58549344e-05,3.2657782999999998e-06,0.0026858002100000004,0.29913850500000005,7.58549344e-05,3.2657782999999998e-06,0.01254043675,4.74650774,7.58549344e-05,3.2657782999999998e-06,0.00020492315399999998,0.0942343268,7.58549344e-05,3.2657782999999998e-06,0.012499108200000001,4.1161618299999995e-07,0.000156640118,-0.18452658198000002,1.3366220208,-0.0094852234,-0.0115758655,-0.011772044,3.2321551999999994e-06,7.477924950000002e-05
113,1661242200,0.006930112689999999,0.00708648238,-0.0225877767,-1.64468942,0.11411598440000001,0.0772375524,0.09435288189999999,0.08857770590000001,0.000258699603,0.00325357432,0.00015659649399999998,1.9163910299999998e-08,2.2768860450000003e-08,2.36531537e-08,3.6071474800000005e-08,4.93142038e-08,2.074964584e-07,1.7386713439999997e-07,0.0033896826999999996,7.03421524e-05,4.265260920000001e-06,73.7431166,49.853153,2.40667273e-07,6.5712092,0.00138341821,0.08148660869999999,7.829351700000001e-05,3.52355553e-06,0.00268535549,0.299406804,7.829351700000001e-05,3.52355553e-06,0.0125406761,4.755299099999999,7.829351700000001e-05,3.52355553e-06,0.00023402966400000005,0.104916996,7.829351700000001e-05,3.52355553e-06,0.0125042709,6.1182657e-07,0.000156969615,-0.253458223,4.384370276,-0.008592166109999999,-0.011661298250000002,-0.0118697416,3.63390595e-06,7.86729895e-05
113,1661242800,0.00647394391,0.006629871,-0.015225933800000003,-1.54213683,0.1147160009,0.07352704520000002,0.0991155262,0.09236532119999999,0.000178083195,0.00296443165,0.00015599536699999997,1.383130979e-08,1.6541039769999997e-08,1.803993056e-08,3.65637156e-08,2.0393989520000004e-07,5.973909060000001e-08,1.8946977999999998e-07,0.00317084901,6.29654997e-05,2.5447316e-06,71.53277489999999,49.6548288,2.2546369699999997e-07,6.62579966,0.0013540923,0.0785584398,7.114087910000002e-05,2.7158780899999996e-06,0.0026017880100000002,0.28018438300000004,7.114087910000002e-05,2.7158780899999996e-06,0.012538737599999999,4.75909339,7.114087910000002e-05,2.7158780899999996e-06,0.000208704687,0.11289961770999998,7.114087910000002e-05,2.7158780899999996e-06,0.012487856299999999,4.4772556300000005e-07,0.000156394791,0.025925376199999996,0.662596969,-0.00952895216,-0.0114984413,-0.011758529949999999,2.6714018900000002e-06,6.91026721e-05
113,1661243400,0.00654095485,0.006696938689999999,-0.008705764170000001,-1.54201283,0.12034117339999999,0.0741127824,0.0998655491,0.0928903363,0.000163509998,0.0029920037700000004,0.00015603283300000002,1.2657920400000001e-08,1.7174908849999998e-08,1.4394547549999998e-08,5.216885840000001e-08,6.70243057e-08,3.2220521e-07,1.222428016e-07,0.0031861075700000004,7.74356198e-05,6.27544798e-06,75.79693799999998,50.1020781,2.2776166799999999e-07,6.48034131,0.00139297169,0.08363376539999999,7.04020589e-05,2.55989443e-06,0.0026235133200000005,0.283732955,7.04020589e-05,2.55989443e-06,0.0125415769,4.772030330000001,7.04020589e-05,2.55989443e-06,0.00020145172900000002,0.1184002425,7.04020589e-05,2.55989443e-06,0.01249059905,3.49330516e-07,0.000156365062,-0.05465656989999999,0.20780789640000003,-0.01003461425,-0.011549032400000001,-0.011746964600000001,2.50461164e-06,6.862535249999999e-05
113,1661244000,0.00954650865,0.0097031304,-0.025542943499999998,-1.5714303299999999,0.13811671800000003,0.089436119,0.11835361150000001,0.1124659311,0.000234315381,0.0043990405,0.000156677723,2.3891813759999997e-08,2.8003396199999997e-08,3.2771707890000004e-08,6.253983940000001e-08,1.0701782349999998e-07,3.431859753e-07,2.1397876229999998e-07,0.004713760050000001,5.15777336e-05,7.0447847600000005e-06,70.7675988,49.5535838,3.2758958799999997e-07,6.56557617,0.00163277585,0.1142623586,7.208064349999999e-05,2.5950319099999996e-06,0.00317859999,0.41741994699999996,7.208064349999999e-05,2.5950319099999996e-06,0.0125975722,4.853059109999999,7.208064349999999e-05,2.5950319099999996e-06,0.000249974552,0.17723466920000003,7.208064349999999e-05,2.5950319099999996e-06,0.012515212000000001,3.47157515e-07,0.000156978808,0.0001234692699999984,-0.12210062700000002,-0.010353851850000002,-0.011555468250000003,-0.0117573628,2.4227444499999998e-06,6.824708299999999e-05
113,1661244600,0.0092998106,0.00945712425,-0.025944982300000002,-1.5746168800000002,0.138416726,0.08817065760000001,0.11677856469999999,0.11014086209999999,0.0002031630835,0.0041912534,0.000157366639,2.2758688e-08,2.463760162e-08,2.6463021250000004e-08,4.69707449e-08,3.7750146949999997e-07,1.0115201690000002e-07,2.405416118e-07,0.00459228867,4.8457922499999994e-05,8.25803907e-06,71.31790790000001,49.4797782,3.19535771e-07,6.43005393,0.00162669389,0.11494357079999999,7.300519289999999e-05,2.54953991e-06,0.0031271361599999998,0.4033922449999999,7.300519289999999e-05,2.54953991e-06,0.0126157589,4.86855891,7.300519289999999e-05,2.54953991e-06,0.00024487266060000003,0.17849473924999998,7.300519289999999e-05,2.54953991e-06,0.012541648999999998,5.775497e-07,0.00015787119,-0.028235534760000004,-0.11169554609999999,-0.009585989559999999,-0.011356824399999998,-0.011590211700000002,2.31217295e-06,6.850055620000001e-05
113,1661245200,0.006836943789999999,0.00699398123,-0.030341488000000007,-1.5629950499999998,0.11895362949999999,0.07556393920000001,0.09877801439999999,0.09214031060000001,0.00022151693500000003,0.00320780813,0.000157238948,2.438741603e-08,2.30008495e-08,2.46287017e-08,4.82114034e-08,1.706680238e-07,1.718208274e-07,2.45282652e-07,0.00336019261,5.0283334599999996e-05,7.08210829e-06,70.94036639999999,49.3137503,2.3753952500000002e-07,6.68849577,0.0014030383899999999,0.086079228,8.358283349999999e-05,4.385313269999999e-06,0.00268268777,0.30003328100000004,8.358283349999999e-05,4.385313269999999e-06,0.0125876695,4.8140278400000005,8.358283349999999e-05,4.385313269999999e-06,0.000250873741,0.13305316895,8.358283349999999e-05,4.385313269999999e-06,0.012523931700000001,7.336092040000001e-07,0.00015758314999999998,-0.51045787043,5.704386346000001,-0.007866588945,-0.011426486,-0.011665432100000001,4.345442270000001e-06,8.308404009999999e-05
113,1661245800,0.0023111805,0.00246800798,-0.0350348085,-1.53124525,0.0717396903,0.043215606899999995,0.05272660999999999,0.046351415,0.000184132516,0.001331887073,0.000156916451,8.740104400000001e-09,1.4081292859999999e-08,1.848785134e-08,2.7527381999999998e-08,6.00949901e-08,1.46023519e-07,1.228442051e-07,0.0010972218120000002,5.24263202e-05,5.452214469999999e-06,79.6288398,48.0970178,8.709483169999999e-08,7.00114247,0.0008378947099999999,0.0326250614,7.47496477e-05,3.2688078300000006e-06,0.00146626444,0.0952834833,7.47496477e-05,3.2688078300000006e-06,0.0125329538,4.704124909999999,7.47496477e-05,3.2688078300000006e-06,0.00013044277339999998,0.028430690629999998,7.47496477e-05,3.2688078300000006e-06,0.0125258689,3.7596351099999996e-07,0.00015727383199999997,-0.1940355642,1.41461442,-0.0097987877,-0.011631929700000002,-0.011848918150000002,3.2640812000000002e-06,7.40143514e-05
113,1661246400,0.00233665966,0.00249299332,-0.0552269864,-1.4124322299999998,0.07965243200000001,0.0439119528,0.05568920000000001,0.0485639827,0.00022759954,0.0014971424300000002,0.000156372555,8.8610139e-09,1.104684349e-08,1.253154805e-08,4.29866475e-08,1.0663764439999999e-07,6.97127691e-08,2.0601967780000002e-07,0.001120265022,4.2596904099999995e-05,4.96820757e-06,77.80877640000001,47.469207999999995,8.79200646e-08,6.962690499999999,0.0008725949569999998,0.0347912015,6.92110094e-05,2.28199082e-06,0.0015262421,0.09833034059999998,6.92110094e-05,2.28199082e-06,0.012526495600000001,4.71345865,6.92110094e-05,2.28199082e-06,0.000144063946,0.05066272741000001,6.92110094e-05,2.28199082e-06,0.0125079026,3.54790283e-07,0.000156803077,0.005311308949999999,-0.262619952,-0.01008334315,-0.0115743261,-0.01175618435,2.2655575699999996e-06,6.85143074e-05
113,1661247000,0.0048571429700000005,0.0050131227,-0.034587922099999995,-1.49274155,0.109990857,0.06314830819999999,0.0835525525,0.07597731890000001,0.000258340848,0.0025311976100000004,0.000156056029,1.9979829629999997e-08,2.4905254000000002e-08,2.3944436200000003e-08,3.1961675000000004e-08,1.02387244e-07,3.309508734999999e-07,1.364790962e-07,0.0023837045199999996,3.7635895799999996e-05,6.48419575e-06,73.5890636,48.5798488,1.71743946e-07,6.71428304,0.00119323496,0.06411580210000001,7.31623755e-05,3.03701705e-06,0.0022174349399999996,0.2064121094,7.31623755e-05,3.03701705e-06,0.012525611450000002,4.72596692,7.31623755e-05,3.03701705e-06,0.000185177791,0.0667597451,7.31623755e-05,3.03701705e-06,0.012483217650000001,4.934310089999999e-07,0.000156324735,-1.93619051129,70.117407249,-0.009168394549999999,-0.011453305350000002,-0.0116727324,3.0145746699999997e-06,7.26671761e-05
113,1661247600,0.00444505365,0.00460060205,-0.0141676084,-1.5609445100000001,0.10582823000000001,0.0613327808,0.0789399095,0.072189703,0.00021095966000000003,0.0023680282999999996,0.00015559737300000002,1.3684952460000003e-08,1.544473996e-08,1.952196217e-08,3.5832542899999996e-08,2.1029034959999998e-07,6.412124400000001e-08,2.5334962850000006e-07,0.00216200618,5.40037966e-05,5.85534366e-06,75.14735870000001,49.2258315,1.57856039e-07,6.90959319,0.00113991303,0.057294425999999996,6.93608501e-05,2.5224767999999997e-06,0.00212134275,0.18656557099999999,6.93608501e-05,2.5224767999999997e-06,0.01251037835,4.71347023,6.93608501e-05,2.5224767999999997e-06,0.00017983737460000002,0.07126614519999999,6.93608501e-05,2.5224767999999997e-06,0.0124655389,4.0571655599999996e-07,0.00015579571,0.0155316606,-0.006206205800000014,-0.00981559081,-0.011468009,-0.011673746799999999,2.4417163800000004e-06,6.847836660000001e-05
113,1661248200,0.0057195864300000005,0.0058754559300000005,-0.0571020218,-1.5505775699999997,0.11055337330000001,0.06922850389999999,0.08906522,0.08265252230000002,0.000266649896,0.0028969234400000004,0.00015611201199999998,2.7036029700000003e-08,2.8199995259999995e-08,3.234955016e-08,4.83788749e-08,1.68374958e-07,8.70717111e-08,2.9382085609999997e-07,0.0028109627100000004,4.19998701e-05,5.90068084e-06,69.27020699999998,48.9389264,2.00287313e-07,6.773184010000001,0.0012531262,0.06760589489999999,8.389344e-05,4.58320349e-06,0.0024248401599999995,0.24264438600000005,8.389344e-05,4.58320349e-06,0.012525204449999999,4.74215254,8.389344e-05,4.58320349e-06,0.00021173867549999998,0.08805357704000001,8.389344e-05,4.58320349e-06,0.0124861334,7.62738185e-07,0.000156667287,-0.43811044349999995,3.5309074613999996,-0.00849674993,-0.0114127495,-0.01164722065,4.636397209999999e-06,8.358197959999999e-05
113,1661248800,0.00644292937,0.0065984400100000005,-0.03439546815,-1.62972356,0.11456599780000001,0.074345481,0.092177814,0.08651513940000002,0.000211856342,0.0030830649000000003,0.000155576151,2.231526734e-08,2.62996302e-08,2.7153106750000002e-08,3.96717718e-08,9.541470490000002e-08,3.115029484e-07,2.121681378e-07,0.0031354051199999995,7.89148447e-05,6.34408137e-06,73.4981521,50.252139799999995,2.2429798e-07,6.7766091,0.0013364495799999998,0.0779190876,7.26769521e-05,2.7737765700000004e-06,0.00256457296,0.27130788800000005,7.26769521e-05,2.7737765700000004e-06,0.0125264335,4.76321845,7.26769521e-05,2.7737765700000004e-06,0.00021373029899999997,0.12628818625000002,7.26769521e-05,2.7737765700000004e-06,0.0124730373,3.5451929699999997e-07,0.00015593142299999999,-0.05200434777,0.5708788635,-0.009578446370000002,-0.011536677,-0.011734012499999998,2.6683723800000003e-06,6.95478927e-05
113,1661249400,0.00343819199,0.0035941236699999998,-0.03260328505,-1.55914284,0.0903402585,0.0535058433,0.0658520105,0.0594018123,0.00033312516699999996,0.00212743335,0.000156030903,1.243051964e-08,1.65145577e-08,1.7355432e-08,3.00147092e-08,5.082712960000001e-08,2.95968394e-07,1.5759995820000003e-07,0.0016327619000000002,7.878682699999999e-05,6.867410399999999e-06,76.6697204,50.496914,1.2440113869999997e-07,6.92068203,0.001009018174,0.0479599948,7.62124785e-05,3.327438e-06,0.001804426,0.1421214915,7.62124785e-05,3.327438e-06,0.0125164674,4.72950141,7.62124785e-05,3.327438e-06,0.00019002136500000002,0.0876900612,7.62124785e-05,3.327438e-06,0.0124864004,4.1438515800000006e-07,0.000156325354,-0.1779965595,2.6153271644,-0.00904989574,-0.0115692147,-0.01176961055,3.2896917199999996e-06,7.521666259999998e-05
113,1661250000,0.00276647498,0.0029229160000000002,-0.03188887755,-1.52764933,0.08025244960000003,0.0485530513,0.0591018036,0.0522765959,0.000318254468,0.0017547330999999999,0.00015664264799999998,2.110905532e-08,2.439582673e-08,1.9016135750000002e-08,2.66236837e-08,4.793442139999999e-08,8.80720359e-08,9.4379995e-08,0.001299170243,8.007716799999999e-05,3.46445157e-06,76.76953449999999,50.316648699999995,1.0212542000000001e-07,6.85606359,0.000897705637,0.0361708174,8.202371300000001e-05,4.14709415e-06,0.0016454112199999998,0.11636154900000002,8.202371300000001e-05,4.14709415e-06,0.012523872849999998,4.708895270000001,8.202371300000001e-05,4.14709415e-06,0.000170344169,0.03771411021,8.202371300000001e-05,4.14709415e-06,0.012508708299999999,6.23528292e-07,0.000157087509,-0.7043330899999999,10.924729795000001,-0.007256711918999998,-0.01166445585,-0.011896447199999998,4.33218717e-06,8.390159410000001e-05
113,1661250600,0.0032115185899999994,0.00336782635,-0.02750362798,-1.6879735999999999,0.0785648997,0.05316023630000001,0.06078935569999999,0.054751670499999995,0.0001606346874,0.001628248,0.00015640496900000002,9.367077619999998e-09,1.981201945e-08,1.329933952e-08,2.8611581500000002e-08,2.9743028100000004e-08,3.68789771e-08,8.00788764e-08,0.00151457736,8.74054969e-05,3.45539304e-06,77.279768,50.686653,1.169665381e-07,6.776868949999999,0.0009333588430000001,0.0364821818,7.469120180000002e-05,3.4025679899999995e-06,0.0017873586699999999,0.13370281039999998,7.469120180000002e-05,3.4025679899999995e-06,0.0125238551,4.71276633,7.469120180000002e-05,3.4025679899999995e-06,0.00016692824,0.055071623800000004,7.469120180000002e-05,3.4025679899999995e-06,0.012501364950000001,3.3542191e-07,0.000156599497,0.5738967527999999,43.867136206599994,-0.00668210924,-0.01175948215,-0.01193679875,3.40091795e-06,7.518489089999999e-05
113,1661251200,0.0038492912899999996,0.0040052188700000005,-0.030546928100000002,-1.64946702,0.0855776122,0.0580188409,0.0695646251,0.0638269485,0.0001641287086,0.0019006802,0.00015606827000000002,9.19269496e-09,9.466761940000001e-09,1.0744734989999998e-08,1.8772256599999997e-08,2.3119003899999996e-08,3.4451966099999994e-08,6.3473525e-08,0.00181922453,0.00010255533460000002,2.5483976000000002e-06,80.0997116,51.201474399999995,1.382857975e-07,6.621609989999999,0.0010069009599999999,0.0440298285,8.395145699999999e-05,4.512547319999999e-06,0.00197890574,0.162657372,8.395145699999999e-05,4.512547319999999e-06,0.01254151325,4.773972810000001,8.395145699999999e-05,4.512547319999999e-06,0.00020855357110000002,0.12108326682,8.395145699999999e-05,4.512547319999999e-06,0.012491298250000001,3.6857157299999996e-07,0.00015640185300000003,-0.7927082526,4.6947569090000005,-0.0097186017,-0.0117150453,-0.0119067258,4.4069703500000006e-06,8.17860996e-05
113,1661251800,0.0039185978199999996,0.00407482998,-0.034094375600000004,-1.5932545,0.0858026184,0.0574696035,0.06997713740000001,0.0633769348,0.0001315890071,0.00190631146,0.000156784409,1.0651967399999998e-08,1.176420437e-08,2.2657951660000004e-08,2.25261786e-08,2.87063906e-08,3.77633631e-08,8.05289359e-08,0.0018276596659999999,0.000127565092,3.3049917100000003e-06,78.942043,52.729707299999994,1.4055187540000003e-07,6.798644550000001,0.0010032741220000001,0.0453997497,9.70010693e-05,6.5208033299999995e-06,0.0019546303199999998,0.16399144799999998,9.70010693e-05,6.5208033299999995e-06,0.0125415826,4.775244600000001,9.70010693e-05,6.5208033299999995e-06,0.00019648375799999996,0.0826312687,9.70010693e-05,6.5208033299999995e-06,0.0124994947,1.24388763e-06,0.000157481528,-0.36743131300000004,5.190502575799999,-0.00882584614,-0.011494332599999999,-0.011856226199999998,6.5548582e-06,9.506978300000002e-05
113,1661252400,0.00615068449,0.00630710849,-0.030278052099999998,-1.7393706899999999,0.10204061499999999,0.07383541960000001,0.0844150766,0.07987743910000002,0.00023861774,0.0030212953299999998,0.000156729849,1.944128144e-08,1.563612741e-08,1.89519225e-08,2.7818575500000004e-08,4.82760433e-08,6.40898454e-08,1.3059754900000002e-07,0.0029360226,0.00013479846900000002,3.885891800000001e-06,75.755942,51.8615761,2.1459446500000004e-07,6.64026026,0.00129367514,0.06960608830000001,9.110726759999999e-05,5.41471477e-06,0.00250623258,0.259981554,9.110726759999999e-05,5.41471477e-06,0.012558574,4.800717330000001,9.110726759999999e-05,5.41471477e-06,0.00024264958799999998,0.12802625945999999,9.110726759999999e-05,5.41471477e-06,0.012500197250000001,7.577295400000001e-07,0.00015700010399999999,-0.6286655207,7.146338058,-0.00708891261,-0.011582881299999999,-0.011856388200000002,5.23060918e-06,8.72470389e-05
113,1661253000,0.0065875781300000005,0.00674348229,-0.030426131099999996,-1.7229138700000004,0.10684076179999999,0.07600372440000001,0.0893277281,0.08404006470000001,0.00024001335610000004,0.00315072022,0.00015598364500000003,2.4830495439999996e-08,2.6235296939999996e-08,3.1857217800000005e-08,4.55188457e-08,6.76679373e-08,1.08522854e-07,2.15450118e-07,0.0031620153499999997,0.0001273844144,3.7862242500000004e-06,73.7776456,51.6228305,2.2903095100000004e-07,6.71517938,0.0013362704899999999,0.0739294303,7.4620038e-05,2.9925985100000003e-06,0.0025903717799999997,0.279074543,7.4620038e-05,2.9925985100000003e-06,0.0125443378,4.77732881,7.4620038e-05,2.9925985100000003e-06,0.00020861884100000001,0.11882938434000001,7.4620038e-05,2.9925985100000003e-06,0.012485410950000001,2.329576e-07,0.00015611977400000002,-0.3375044877999999,2.7597382514,-0.010091183099999998,-0.0117744176,-0.011938343399999999,2.86720965e-06,7.20393101e-05
113,1661253600,0.0072690715600000014,0.007424398760000001,-0.03483368950000001,-1.70153134,0.11085338330000001,0.0796630906,0.09525290849999998,0.08992774499999999,0.0002576923976,0.00342627632,0.000155653627,1.1082848810000001e-07,2.5764553479999998e-08,3.308506554e-08,4.58250744e-08,6.345954060000001e-08,9.476511040000001e-08,1.9583788600000002e-07,0.0035009989199999993,0.000128163133,4.4682616000000005e-06,73.24785990000001,51.461670600000005,2.5161350600000003e-07,6.69492886,0.0013998695100000001,0.0809108551,8.68021674e-05,5.02599196e-06,0.0027339735,0.310034439,8.68021674e-05,5.02599196e-06,0.012503711800000001,4.72367976,8.68021674e-05,5.02599196e-06,0.000252132576,0.09271208639999999,8.68021674e-05,5.02599196e-06,0.012462388999999999,9.243834140000002e-07,0.00015618165399999996,-0.20339102049999996,6.9875002949999985,-0.007134064895,-0.0116274369,-0.0118457376,5.29733456e-06,8.85075528e-05
113,1661254200,0.00549625092,0.005651025699999999,-0.022992060599999996,-1.70838987,0.0987780154,0.0697057786,0.08587761990000001,0.0782648865,0.0001313420105,0.0024888209,0.00015482787699999998,2.20950577e-08,2.3389072509999998e-08,2.7093878800000002e-08,5.576405760000001e-08,5.76429653e-08,7.85742693e-08,1.438351771e-07,0.00257500245,0.00016741372300000003,5.24314385e-06,75.1829845,53.2078461,1.92695952e-07,6.742419119999999,0.00123965821,0.062399243699999996,7.036015590000002e-05,2.40857799e-06,0.0023618732500000003,0.23011190999999998,7.036015590000002e-05,2.40857799e-06,0.0124830697,4.7172781399999995,7.036015590000002e-05,2.40857799e-06,0.00018467750000000002,0.10073865,7.036015590000002e-05,2.40857799e-06,0.01244396945,1.96343962e-07,0.00015504930400000002,-0.13302250220000003,0.9544847477999999,-0.010297123600000003,-0.01175237545,-0.0119079102,2.30882008e-06,6.847760399999999e-05
113,1661254800,0.00443740853,0.00459301814,-0.027417558749999998,-1.6611144100000002,0.0995655406,0.0621678646,0.0761273244,0.0689646059,0.0001454893508,0.0021535210000000003,0.000156222044,3.00678666e-08,3.0424243610000005e-08,4.251905325e-08,5.510345135e-08,3.1095275150000004e-07,1.6767195409999998e-07,1.261544835e-07,0.00205246659,0.00015972964199999998,5.1269671699999995e-06,79.158515,53.56736679999999,1.5757268890000002e-07,6.7688693099999995,0.0011667083130000003,0.06616954740000001,0.00010526795459999999,8.308153290000001e-06,0.00209608372,0.1844119566,0.00010526795459999999,8.308153290000001e-06,0.01251795285,4.77042599,0.00010526795459999999,8.308153290000001e-06,0.00026765017899999996,0.11153684887,0.00010526795459999999,8.308153290000001e-06,0.012489088899999999,1.7025799139999998e-06,0.00015765864899999998,-0.892482635,22.40552083,-0.0027592717353999998,-0.011174147249999999,-0.011603638900000001,8.61477752e-06,0.0001052829118
113,1661255400,0.0021660969500000003,0.0023212917200000002,0.031214072399999997,-1.09849869,0.07496478720000001,0.040967134700000005,0.059739323,0.051114059899999995,0.0001100763442,0.001133677326,0.00015529567500000002,9.1729241e-09,1.050303471e-08,1.1979834599999999e-08,1.63148166e-08,2.34391251e-08,3.06442894e-08,5.5377164300000005e-08,0.000906628556,0.000171859491,4.295093799999999e-06,86.5861186,58.3170792,8.21325105e-08,6.8759296800000005,0.0007530738179999999,0.0248978291,7.6681125e-05,3.3796960300000002e-06,0.001350895336,0.0793380596,7.6681125e-05,3.3796960300000002e-06,0.012486877899999999,4.68992013,7.6681125e-05,3.3796960300000002e-06,0.0001628565506,0.06121326103,7.6681125e-05,3.3796960300000002e-06,0.0124598049,2.8287129899999994e-07,0.000155530618,-0.2450444924,2.7938401568000004,-0.009065608800000003,-0.011788076250000001,-0.01194804785,3.30641347e-06,7.51198495e-05
113,1661256000,0.02072437745,0.020880343239999998,-0.027261509499999996,-1.09438454,0.215256575,0.11748000119999999,0.1955684708,0.176217881,0.0008521348044,0.009550520650000002,0.00015607402600000003,6.26864929e-08,6.498022247e-08,7.934802289999999e-08,1.112994406e-07,1.537743177e-07,2.425683732e-07,4.888708995999999e-07,0.01014946856,0.00020558549699999998,5.82031501e-06,70.97322,53.0126454,6.987205384e-07,6.612271989999999,0.00210661281,0.2165514264,8.28683159e-05,3.3565340800000003e-06,0.00429248764,0.883094402,8.28683159e-05,3.3565340800000003e-06,0.0126254095,5.01608102,8.28683159e-05,3.3565340800000003e-06,0.000353376986,0.3583504985,8.28683159e-05,3.3565340800000003e-06,0.01249149965,2.44377163e-07,0.000156272991,-0.23553916055,64.517328267,-0.007461777759999999,-0.01179405895,-0.0119564047,2.78722629e-06,7.20465654e-05
113,1661256600,0.030457053500000004,0.030613239100000002,-0.042383729800000006,-1.2552130199999998,0.28568372599999997,0.151688129,0.24807007099999998,0.23239459199999998,0.000505643935,0.0139045454,0.000156949892,1.3500839189999998e-07,1.7241777163e-07,2.1906069139999998e-07,3.0505816860000005e-07,3.733234946e-07,5.446781514e-07,9.38896482e-07,0.014949627599999998,0.00025817472200000005,1.7264487099999996e-05,72.3748454,51.2664896,1.02160865e-06,6.70992322,0.00279924665,0.35457961200000004,0.000117868969,9.76955082e-06,0.0056611968,1.3206009399999998,0.000117868969,9.76955082e-06,0.01270535425,5.313279220000001,0.000117868969,9.76955082e-06,0.0005045967880000001,0.639737901,0.000117868969,9.76955082e-06,0.012507069,2.4957292489999998e-06,0.000158628391,-0.8322696013999998,25.976978636000002,0.0015130113699999997,-0.0112313096,-0.01163123075,9.73058952e-06,0.00011810782249999999
113,1661257200,0.0339360538,0.034091950999999995,-0.022880698999999997,-1.21075301,0.29067137600000004,0.15794993700000004,0.267645667,0.25043264,0.000414842221,0.01441625235,0.00015639316600000002,8.021773819999999e-08,7.851822775000001e-08,9.5255409e-08,1.4619412309999996e-07,1.901804794e-07,3.042338102e-07,6.05990521e-07,0.0166714923,0.000287361729,7.172388650000001e-06,69.6855049,51.28721559999999,1.138168e-06,6.38454954,0.0028656021600000003,0.354978934,0.00011617636939999999,6.94236849e-06,0.005961787049999999,1.4592396900000002,0.00011617636939999999,6.94236849e-06,0.012687029499999999,5.278690360000001,0.00011617636939999999,6.94236849e-06,0.000505195525,0.65253267,0.00011617636939999999,6.94236849e-06,0.012464519099999998,9.18685108e-07,0.000156275529,-0.39028102009999993,72.60145317300001,-0.005827454849999999,-0.011359177850000002,-0.0117311114,4.95008843e-06,8.430356890000001e-05
113,1661257800,0.0370475137,0.0372036847,-0.0341028809,-1.19866242,0.303496766,0.16444453,0.280846075,0.26209550000000004,0.000391333159,0.01552654095,0.000156280387,3.34703389e-08,3.081681755e-08,4.834266670000001e-08,8.68471522e-08,6.22919738e-07,2.33546848e-07,5.5677517e-07,0.0181964515,0.000317124202,8.437669e-06,71.83200280000001,51.325836100000004,1.24210016e-06,6.52722295,0.00303768742,0.411505247,9.96182215e-05,4.855668629999999e-06,0.006250451580000001,1.6031236899999999,9.96182215e-05,4.855668629999999e-06,0.01272487595,5.321630109999999,9.96182215e-05,4.855668629999999e-06,0.000501395961,0.6863169250000001,9.96182215e-05,4.855668629999999e-06,0.0124973254,6.859485680000001e-07,0.000156869316,-0.22796843411999998,3.0962152886,-0.00842364721,-0.011526484550000002,-0.011796971600000001,3.6715955000000003e-06,7.686390130000002e-05
113,1661258400,0.038064849299999995,0.0382211526,-0.031436593299999996,-1.1857962800000001,0.307246878,0.16610424099999999,0.28590873299999997,0.266333129,0.000314931028,0.0158606378,0.000156568161,9.489183159999999e-08,9.04844489e-08,1.0719856517e-07,1.635641066e-07,1.9429341150000002e-07,3.1601134929999996e-07,6.537662564000001e-07,0.0186701308,0.00035396512999999994,6.439568850000001e-06,69.4030445,51.49973179999999,1.27560003e-06,6.310785749999999,0.0029876332900000005,0.394361306,0.00010481694539999999,6.1876530100000005e-06,0.00629830137,1.62639875,0.00010481694539999999,6.1876530100000005e-06,0.012739161599999998,5.38173203,0.00010481694539999999,6.1876530100000005e-06,0.000518723754,0.7254327370000001,0.00010481694539999999,6.1876530100000005e-06,0.012505850800000001,5.86256839e-07,0.00015695620899999998,0.7544496551,30.534213762999997,-0.00606331345,-0.0116006869,-0.0118379796,4.7235331200000005e-06,8.149473800000001e-05
113,1661259000,0.0351754305,0.035331401400000004,-0.02974060706,-1.18115416,0.293746464,0.159604382,0.274545877,0.25530779200000003,0.0005250949039999999,0.014882492,0.000156113705,1.27292716e-07,1.3006709459999996e-07,1.553373533e-07,2.1777327629999998e-07,2.7225649599999997e-07,4.27783219e-07,8.67137123e-07,0.017229787099999998,0.000348478536,7.1046117300000005e-06,67.5840079,51.587424299999995,1.1786252e-06,6.55205932,0.00288412173,0.37004892,0.00010078218130000001,4.32453192e-06,0.0060673409600000006,1.5139327,0.00010078218130000001,4.32453192e-06,0.0127440038,5.4243054299999995,0.00010078218130000001,4.32453192e-06,0.000511677461,0.7715971679999999,0.00010078218130000001,4.32453192e-06,0.012488396100000002,2.15388652e-07,0.000156175933,-0.021661878239999998,0.672448815713,-0.010143070600000002,-0.0117356494,-0.01190861785,2.3320066699999997e-06,6.84278e-05
113,1661259600,0.0357703124,0.0359265869,-0.0465986337,-1.1694307000000002,0.300346665,0.161053008,0.27567091699999996,0.25699534700000004,0.000363555585,0.015212015800000001,0.00015657126099999998,9.95151391e-08,1.002115469e-07,1.194299756e-07,1.6922417250000002e-07,2.2463830730000002e-07,3.343518873e-07,6.886431304000001e-07,0.0174564584,0.00041753646200000003,9.1234542e-06,70.37273420000001,51.920291999999996,1.1990075400000001e-06,6.2944667800000005,0.00293859997,0.387903477,0.00010893708249999999,6.4536084400000005e-06,0.006153835550000001,1.5580259899999997,0.00010893708249999999,6.4536084400000005e-06,0.0127189513,5.314237370000001,0.00010893708249999999,6.4536084400000005e-06,0.00048319701799999997,0.6476313359999999,0.00010893708249999999,6.4536084400000005e-06,0.0124983199,5.886098110000001e-07,0.000156797962,-0.6815756927999999,5.5040593393,-0.00898997006,-0.011612406950000001,-0.0118447558,4.991316510000001e-06,8.64985886e-05
113,1661260200,0.036965498699999995,0.037122533299999996,-0.0395151102,-1.2133377499999998,0.30330925799999997,0.165489275,0.278483504,0.25980793900000004,0.000702118743,0.0162609157,0.000157204905,1.0925656269999999e-07,1.1146013539999999e-07,1.2961051935e-07,1.783634317e-07,2.280432074e-07,3.375407486e-07,6.878537000000001e-07,0.018069304600000002,0.000403805354,7.683321029999998e-06,69.93268859999999,51.80646740000001,1.2391774899999998e-06,6.35941182,0.00293996485,0.388800949,8.66059897e-05,3.7227174399999997e-06,0.006213279070000001,1.58729803,8.66059897e-05,3.7227174399999997e-06,0.0126954347,5.138790720000001,8.66059897e-05,3.7227174399999997e-06,0.000429489981,0.4617426836,8.66059897e-05,3.7227174399999997e-06,0.012530884850000002,2.9135361000000004e-07,0.00015731463599999998,-0.22996557339999996,2.2912280253,-0.00991447047,-0.0117385845,-0.011927522450000002,2.9598972200000003e-06,7.275491769999999e-05
113,1661260800,0.0321318422,0.0322886128,-0.0431357145,-1.19854561,0.283546161,0.154170274,0.26037044800000003,0.24195738900000002,0.0005484154490000001,0.0138830262,0.000156985452,1.1085579659999998e-07,1.148753335e-07,1.354577841e-07,1.9765410569999998e-07,4.6207707250000004e-07,3.59546871e-07,7.174263160000001e-07,0.01565122625,0.00040451535899999996,7.85937585e-06,69.7961396,52.097923300000005,1.07807876e-06,6.55344939,0.00274410457,0.34318156999999994,8.5562477e-05,3.9631865899999994e-06,0.005753269599999999,1.3595631,8.5562477e-05,3.9631865899999994e-06,0.0126915226,5.13839323,8.5562477e-05,3.9631865899999994e-06,0.00044256888800000004,0.468677737,8.5562477e-05,3.9631865899999994e-06,0.0125291663,8.058460119999999e-07,0.000157764422,0.08384872024,5.319114815200001,-0.0059798247,-0.01134597185,-0.011638439749999998,3.29647375e-06,7.39278182e-05
113,1661261400,0.0363936478,0.03655076489999999,-0.041508379,-1.1491803900000002,0.30514681699999996,0.162500504,0.28028354800000005,0.26040795499999997,0.000713196343,0.015802716799999998,0.000157217243,7.939371839999999e-08,7.741376016e-08,9.173809302999999e-08,1.34063173e-07,1.708439289e-07,2.6536425489999994e-07,5.637855619999999e-07,0.0176569473,0.0005311763029999999,7.210750429999999e-06,72.3912987,52.554869399999994,1.22019878e-06,6.27469909,0.0029038517400000003,0.384869946,9.954665609999998e-05,4.3451914599999994e-06,0.006147399059999999,1.5594480800000001,9.954665609999998e-05,4.3451914599999994e-06,0.012784912200000002,5.477857349999999,9.954665609999998e-05,4.3451914599999994e-06,0.0005152089019999999,0.783586883,9.954665609999998e-05,4.3451914599999994e-06,0.012533504800000001,1.88862628e-07,0.00015727793499999997,0.0337567398,0.2152562659,-0.01051018755,-0.01181560885,-0.011981410000000001,2.39939537e-06,6.870717649999999e-05
113,1661262000,0.0338239943,0.0339808457,-0.03713809380000001,-1.13234968,0.294909003,0.15728779399999998,0.275070892,0.251820193,0.00033488598199999997,0.014234761700000001,0.00015701672700000002,6.774726770000001e-08,5.65807858e-08,7.036145379999999e-08,1.1199629110000001e-07,1.409896118e-07,2.310376871e-07,5.002073014e-07,0.0162276609,0.000676217581,6.76103516e-06,75.00143749999998,53.557026300000004,1.1348003100000002e-06,6.28274066,0.00277026444,0.355665456,9.896202039999999e-05,4.84624506e-06,0.005882940160000001,1.42162556,9.896202039999999e-05,4.84624506e-06,0.012732726150000002,5.30263176,9.896202039999999e-05,4.84624506e-06,0.000487220287,0.6561798829999999,9.896202039999999e-05,4.84624506e-06,0.01252063385,4.1854882600000003e-07,0.000157185251,-0.2816611487,3.3995543695,-0.00969138935,-0.0116942576,-0.01189125805,3.3630110499999995e-06,7.5948393e-05
113,1661262600,0.0331680592,0.0333244371,-0.0319189157,-1.025539835,0.296296546,0.152170217,0.27960853700000005,0.25452027499999996,0.00021818242400000002,0.013660124200000002,0.000156484614,7.11175436e-08,6.925594900000001e-08,8.22475116e-08,1.201526812e-07,1.540452904e-07,2.385464832e-07,5.03015033e-07,0.015781942700000003,0.0007943331280000001,6.3998624e-06,76.0416994,54.3497583,1.1124887600000002e-06,6.2935447799999995,0.00274227866,0.351139725,9.766782749999999e-05,4.4604544000000005e-06,0.00582056448,1.39144221,9.766782749999999e-05,4.4604544000000005e-06,0.012737045899999999,5.343202,9.766782749999999e-05,4.4604544000000005e-06,0.00050132741,0.7150340409999999,9.766782749999999e-05,4.4604544000000005e-06,0.012501878900000003,2.2517940099999998e-07,0.00015652324099999998,-0.052684443950000014,0.7383406609000001,-0.010378197850000001,-0.011747012650000001,-0.011923365750000001,2.7122209000000005e-06,6.985747249999999e-05
113,1661263200,0.0286317822,0.028788360900000004,-0.028004056399999998,-0.9784832089999999,0.28002104600000005,0.141128468,0.2618704910000001,0.23756975000000002,0.00021559896799999999,0.01191723415,0.00015667845600000001,4.68971826e-08,4.5621738819999996e-08,5.327181725e-08,8.03526475e-08,1.0243319819999998e-07,1.5888335979999997e-07,3.4791485889999997e-07,0.0134399814,0.0008709552299999999,4.01869181e-06,78.13890899999998,55.55016810000001,9.6249052e-07,5.915909409999999,0.0025044272700000003,0.297926999,0.0001082536767,5.351717429999999e-06,0.00534879539,1.17413991,0.0001082536767,5.351717429999999e-06,0.012778416800000001,5.51955444,0.0001082536767,5.351717429999999e-06,0.0005185990670000001,0.887593922,0.0001082536767,5.351717429999999e-06,0.012514533650000001,2.28928771e-07,0.00015684280000000003,-0.09458162690000001,0.9332059302999998,-0.01061760565,-0.011790487450000001,-0.01196468595,2.8782213800000003e-06,7.119670810000001e-05
113,1661263800,0.0258222671,0.025978952300000004,-0.032690281,-0.951395203,0.26997074000000004,0.134429737,0.249195103,0.225156876,0.000250010048,0.010939179250000002,0.00015687489500000002,1.118793563e-07,1.139907707e-07,9.145993023e-08,1.036798611e-07,1.223137702e-07,1.7940151130000002e-07,3.589912709e-07,0.01196180365,0.0009436214090000001,4.43349126e-06,79.2244291,56.6553038,8.687250359999999e-07,5.9826869,0.0023947734299999994,0.28578147,8.904170300000001e-05,4.48465037e-06,0.005077893239999999,1.0625846200000002,8.904170300000001e-05,4.48465037e-06,0.0126927272,5.15458575,8.904170300000001e-05,4.48465037e-06,0.000417945553,0.44571500960000004,8.904170300000001e-05,4.48465037e-06,0.0125208339,8.733077680000002e-07,0.000157626149,-3.90574500933,163.662847884,-0.00697788543,-0.0117001513,-0.011901511600000001,6.2531447e-06,0.00010700807670000002
113,1661264400,0.024254152800000005,0.024411266,-0.0329855218,-0.9483951389999998,0.266745645,0.13036141340000001,0.242557402,0.217431639,0.00034417015,0.010559553950000002,0.000157195052,5.719597184999999e-08,5.908984645e-08,6.89474806e-08,1.0367693420000001e-07,1.3896484120000002e-07,2.096180472e-07,4.3720023e-07,0.011191208499999999,0.0009299451569999999,4.7597918000000005e-06,77.0858074,57.0036798,8.15947644e-07,6.340201460000001,0.00228322468,0.25417013,7.92334975e-05,2.93728389e-06,0.0048847191499999994,0.9788883100000001,7.92334975e-05,2.93728389e-06,0.012658458350000002,5.005000020000001,7.92334975e-05,2.93728389e-06,0.000354416274,0.333164545,7.92334975e-05,2.93728389e-06,0.012530158,1.91962503e-07,0.00015719722999999998,0.04666425006000001,4.0283376442000005,-0.0097640288,-0.01183725425,-0.012001698250000001,2.2960281599999998e-06,6.80102714e-05
113,1661265000,0.0199178064,0.0200740938,-0.0274394825,-0.9115657899999998,0.23985732199999998,0.1176499248,0.22073173699999998,0.197068516,0.00020060267300000002,0.008405917589999999,0.00015636306,4.79436229e-08,4.875430924e-08,5.76360496e-08,8.026998689999997e-08,1.104284991e-07,1.588640064e-07,3.4026768149999997e-07,0.00908251115,0.000871260713,4.2090425400000004e-06,79.13143,57.91491390000001,6.72132061e-07,6.31612934,0.00205755865,0.208187845,9.28873994e-05,3.95382912e-06,0.004397331690000001,0.7943854800000001,9.28873994e-05,3.95382912e-06,0.012691834400000001,5.2213622399999995,9.28873994e-05,3.95382912e-06,0.000414587099,0.5700665340000001,9.28873994e-05,3.95382912e-06,0.01249987545,1.77940327e-07,0.000156425037,0.0052106748,0.2684601819,-0.0106155844,-0.011809730549999998,-0.01196705135,2.4459689199999994e-06,6.8527286e-05
113,1661265600,0.021274679300000002,0.0214306253,-0.0392810349,-0.8940209800000002,0.247845064,0.1213512635,0.22868198,0.20381872000000004,0.000257623672,0.0090837868,0.00015600964899999999,3.935527370000001e-08,3.669366678e-08,4.389635674e-08,6.50322e-08,8.48978599e-08,1.2821948320000001e-07,2.76516058e-07,0.009701946500000001,0.0009284395429999999,6.200315000000001e-06,82.6031502,57.93555789999999,7.17213067e-07,6.37238851,0.0021452055300000003,0.226168432,9.34206486e-05,3.833104050000001e-06,0.00456414551,0.8561536430000001,9.34206486e-05,3.833104050000001e-06,0.0127010226,5.25582008,9.34206486e-05,3.833104050000001e-06,0.000450881342,0.609555489,9.34206486e-05,3.833104050000001e-06,0.012490501250000001,1.83557298e-07,0.000156196473,-0.0014650540939999956,0.18053499938,-0.0106381399,-0.0117924441,-0.01194925925,2.37839334e-06,6.81759007e-05
113,1661266200,0.0189193487,0.0190757046,-0.035908933600000005,-0.895746956,0.232919614,0.11508555090000001,0.215256573,0.191480849,0.00024018751199999998,0.008069652969999999,0.000156440154,5.348976130000001e-08,5.333820780999999e-08,6.192540828e-08,8.778574779999999e-08,1.1653098060000003e-07,1.7141504439999998e-07,3.7028631200000003e-07,0.008534011889999998,0.00091994004,4.69419178e-06,79.578761,58.82740809999999,6.38725724e-07,6.36752483,0.00201197882,0.20234327000000002,8.863132700000001e-05,3.66789749e-06,0.00427864741,0.752400813,8.863132700000001e-05,3.66789749e-06,0.01268522905,5.17135697,8.863132700000001e-05,3.66789749e-06,0.00039946531500000004,0.5016555960000001,8.863132700000001e-05,3.66789749e-06,0.0124984983,1.75389295e-07,0.000156388123,0.006253828199999997,0.22635252779999995,-0.01081517265,-0.0118101043,-0.011968830199999999,2.47884529e-06,6.832750300000001e-05
113,1661266800,0.0174363706,0.0175928478,-0.019909322079999996,-1.1328007860000002,0.213906527,0.1153411138,0.19553096599999997,0.174155322,0.0003482860490000001,0.007613959279999999,0.000156552489,4.921815170000001e-08,4.810195749e-08,5.642768923999999e-08,7.948640659999999e-08,1.1023192740000001e-07,1.596131322e-07,3.2628768549999996e-07,0.00784881898,0.0008642565490000001,4.19737769e-06,79.97369030000002,59.194616700000005,5.893984410000001e-07,6.50246671,0.00202698755,0.180914595,9.09976759e-05,3.79089796e-06,0.00405649179,0.680598796,9.09976759e-05,3.79089796e-06,0.012686154199999999,5.192836659999999,9.09976759e-05,3.79089796e-06,0.000385265411,0.5351100369999999,9.09976759e-05,3.79089796e-06,0.0125073241,1.88266405e-07,0.000156615647,-0.13391483091399997,50.2665408342,-0.008871356600000001,-0.01183294835,-0.01198795835,2.3715297799999997e-06,6.873104189999999e-05
113,1661267400,0.016963652949999998,0.0171207626,-0.0221748046,-1.6832103,0.179705489,0.12250325100000001,0.161254921,0.14617945999999998,0.000191701146,0.00722849725,0.00015717042300000003,3.23346845e-08,3.221888442e-08,3.7690237270000005e-08,5.77456312e-08,7.631134189999999e-08,1.0867239794999999e-07,2.2460967589999997e-07,0.007721928979999999,0.000753655693,5.60117189e-06,83.1446544,57.92812239999999,5.74040728e-07,6.264469289999999,0.0021151022199999998,0.17679558999999997,7.58856222e-05,2.86414208e-06,0.004048303570000001,0.6723321980000001,7.58856222e-05,2.86414208e-06,0.01260991695,4.91639417,7.58856222e-05,2.86414208e-06,0.000270557284,0.23269246627,7.58856222e-05,2.86414208e-06,0.0125353913,1.73377224e-07,0.00015730991699999998,-0.01607697,0.5094690846000001,-0.01054725945,-0.011855965500000001,-0.0120093353,2.40342754e-06,6.86243773e-05
113,1661268000,0.016122976000000004,0.0162810525,-0.0253502839,-1.66300714,0.17681789799999997,0.119078749,0.16054239999999997,0.144529411,0.00017362393900000002,0.00684573349,0.000158141594,3.88263578e-08,3.816497413e-08,4.42483639e-08,6.519265539999999e-08,8.435345530000001e-08,1.4013730909999998e-07,3.028438666e-07,0.007334169130000001,0.0007202813120000001,6.245804219999999e-06,79.7021192,57.90922499999999,5.45925903e-07,6.40373113,0.00207183528,0.16938489399999998,7.6447204e-05,2.8228058299999997e-06,0.00395344874,0.641404958,7.6447204e-05,2.8228058299999997e-06,0.012680048099999999,4.98482951,7.6447204e-05,2.8228058299999997e-06,0.000309018696,0.27861762936999995,7.6447204e-05,2.8228058299999997e-06,0.012570132500000001,1.8688664600000004e-07,0.00015817721,1.7052638221699996,64.79442218099999,-0.0078872881,-0.011909923800000001,-0.012062356049999999,2.36254686e-06,6.886515139999998e-05
113,1661268600,0.0170217986,0.017179593400000002,-0.0212385699,-1.58917517,0.191555845,0.12136035199999999,0.172730272,0.15495473399999998,0.0002008811564,0.007288735939999999,0.00015786428299999997,3.9393198210000006e-08,4.130520654e-08,4.72389909e-08,6.64486142e-08,8.773790565e-08,1.371134535e-07,2.8160914040000003e-07,0.00770072839,0.0008036002989999999,5.789101110000001e-06,82.4102039,58.4936795,5.757197509999999e-07,6.38151802,0.0021175226,0.176336849,8.947490750000001e-05,3.8048222599999994e-06,0.0040399987,0.670307583,8.947490750000001e-05,3.8048222599999994e-06,0.01269818885,5.16436847,8.947490750000001e-05,3.8048222599999994e-06,0.000329170165,0.4535713664,8.947490750000001e-05,3.8048222599999994e-06,0.012560231199999999,1.56963763e-07,0.00015791758300000001,0.008226717800000002,0.16207296519999997,-0.0109128017,-0.011910524349999998,-0.012053825850000002,2.4922099099999998e-06,6.958233800000002e-05
113,1661269200,0.0190402027,0.0191976633,-0.0208183345,-1.6477929100000002,0.19650600099999999,0.129233792,0.177642924,0.160692409,0.00026427917500000003,0.00819886355,0.00015752470699999997,3.389966409999999e-08,3.5411954000000005e-08,4.26700838e-08,6.59199124e-08,8.97261619e-08,1.386387336e-07,3.12747063e-07,0.008812956549999999,0.0007009151499999999,5.438819079999999e-06,78.1995105,56.522356200000004,6.42844322e-07,6.50496728,0.00227080613,0.202904455,8.55205784e-05,3.57343687e-06,0.0043528137,0.7775753759999999,8.55205784e-05,3.57343687e-06,0.012674408100000001,5.09984204,8.55205784e-05,3.57343687e-06,0.000314372707,0.40398219310000005,8.55205784e-05,3.57343687e-06,0.012544989849999999,1.73455738e-07,0.000157550317,-0.004422981272000001,1.0126717855999998,-0.010123809000000001,-0.011866487249999998,-0.01201668055,2.48801854e-06,6.88136324e-05
113,1661269800,0.0193788519,0.019536207899999998,-0.0208143469,-1.63030215,0.19605598800000001,0.12998316399999998,0.180793022,0.164030009,0.000205629074,0.0082167912,0.000157429185,4.7452605400000005e-08,4.8849469250000004e-08,5.7386125840000005e-08,8.099597660000001e-08,1.0666576870000002e-07,1.622389696e-07,3.355626279e-07,0.0090166945,0.0006670829660000001,4.7248963e-06,77.05957240000001,56.0366021,6.54209386e-07,6.30370912,0.00228564248,0.205209924,8.443509319999999e-05,3.2728662199999995e-06,0.004399187549999999,0.7941886499999999,8.443509319999999e-05,3.2728662199999995e-06,0.0126668412,5.05792102,8.443509319999999e-05,3.2728662199999995e-06,0.000317423353,0.37193432526,8.443509319999999e-05,3.2728662199999995e-06,0.0125425973,1.5312288900000003e-07,0.00015747061299999998,0.0375619977,0.18916172280000002,-0.01079283965,-0.011897833149999999,-0.012044415749999999,2.3201910499999998e-06,6.82738759e-05
113,1661270400,0.021883975500000003,0.022040674399999998,-0.0194252559,-1.68185823,0.204456241,0.13867863600000002,0.18615568600000004,0.169805186,0.00023397218350000001,0.0093156777,0.00015679222500000002,6.308212935e-08,6.460913957e-08,7.402459653e-08,1.005536019e-07,1.211101568e-07,1.733595473e-07,3.491508619e-07,0.010224214700000001,0.0007123201799999999,4.407134840000001e-06,78.6305688,55.7580611,7.37885763e-07,6.01054283,0.00242762033,0.231532479,0.00010457831860000001,4.8678422200000005e-06,0.00468320177,0.9006923700000001,0.00010457831860000001,4.8678422200000005e-06,0.012716055450000003,5.38310239,0.00010457831860000001,4.8678422200000005e-06,0.00039607900899999994,0.71605178,0.00010457831860000001,4.8678422200000005e-06,0.012514647299999997,1.6490477699999997e-07,0.000156781811,0.004728122200000001,0.1818591725,-0.0108727352,-0.01185068125,-0.01199879135,2.4702236699999998e-06,6.878524599999999e-05
113,1661271000,0.0197568839,0.019913643700000004,-0.01156234117,-1.63237108,0.204193736,0.13139840500000002,0.181768047,0.165755064,0.00013687779559999998,0.0082448844,0.00015683000800000002,4.60556845e-08,3.6568719249999995e-08,4.360628140000001e-08,6.28606153e-08,8.362308135e-08,1.2050663239999998e-07,2.806705395e-07,0.00919189535,0.000678243259,7.535744210000001e-06,80.841072,56.0146531,6.67051686e-07,6.38434492,0.00233040429,0.213720308,9.57101604e-05,4.32014509e-06,0.00446100892,0.817168012,9.57101604e-05,4.32014509e-06,0.0126991705,5.2814271900000005,9.57101604e-05,4.32014509e-06,0.000411015382,0.60769074295,9.57101604e-05,4.32014509e-06,0.0125219515,2.0364692299999998e-07,0.000157003097,0.021764967769999997,0.0682027634,-0.01072079295,-0.01178043175,-0.01194712235,2.50682787e-06,6.85692925e-05
113,1661271600,0.0198356248,0.019992372800000005,-0.019914687599999998,-1.56272816,0.21795665200000003,0.130586541,0.185405658,0.168080133,0.00018024292599999999,0.00839551642,0.000156832807,8.129315200000001e-08,4.913165185000001e-08,6.17429146e-08,8.26225787e-08,1.1556561100000001e-07,1.800102697e-07,4.48107374e-07,0.0089699211,0.0009286421489999999,1.80712725e-05,80.9021258,58.610473999999996,6.68876232e-07,6.657015769999999,0.00232982325,0.214964094,8.132111620000001e-05,3.23250953e-06,0.00439124648,0.792998622,8.132111620000001e-05,3.23250953e-06,0.012639253,5.00352828,8.132111620000001e-05,3.23250953e-06,0.0004613364470000001,0.3568503919,8.132111620000001e-05,3.23250953e-06,0.0125195056,2.8957754800000003e-07,0.00015702845800000001,0.009151007199999998,-0.09873650640000001,-0.010375796000000001,-0.011633354200000001,-0.0118260998,2.4505104200000006e-06,6.90008319e-05
113,1661272200,0.0212615549,0.0214179343,-0.0157178036,-1.65255059,0.21244398600000003,0.136717618,0.185855673,0.168455144,0.000146409516,0.00885487615,0.000156478879,7.12385261e-08,1.0956591649999999e-07,1.9416061799999998e-07,1.341399058e-07,1.4969219829999998e-07,2.2124585339999997e-07,4.3546848700000004e-07,0.00980466965,0.0008145831649999999,1.0095903350000002e-05,78.96107859999998,56.9741904,7.16092708e-07,6.55084179,0.0023983416700000004,0.230271977,8.71150948e-05,3.65723268e-06,0.0045935268900000005,0.8687408619999999,8.71150948e-05,3.65723268e-06,0.0126512233,5.10859646,8.71150948e-05,3.65723268e-06,0.00036143699099999997,0.4694375895399999,8.71150948e-05,3.65723268e-06,0.0125057544,5.18667859e-07,0.000156914084,-0.0034361527899999995,-0.427680246,-0.010044734599999999,-0.01133378145,-0.01156246295,2.47545655e-06,6.84868499e-05
113,1661272800,0.0213937562,0.0215497516,-0.0170967951,-1.65155736,0.20933139300000003,0.136840718,0.186155683,0.16999269,0.000186744324,0.008930333199999998,0.00015605857399999997,3.7700267699999994e-08,5.15141731e-08,1.2038471705999998e-07,1.291284906e-07,7.931159200000002e-08,1.202389494e-07,2.5214094319999995e-07,0.0099560705,0.000731518473,8.417217810000002e-06,81.16973979999999,56.1059614,7.21330348e-07,6.30572935,0.0024026465899999994,0.231024488,9.130818990000001e-05,3.85339032e-06,0.00461467701,0.875198307,9.130818990000001e-05,3.85339032e-06,0.01263737285,5.14506425,9.130818990000001e-05,3.85339032e-06,0.000348367793,0.5033890984000001,9.130818990000001e-05,3.85339032e-06,0.01248885215,4.801722400000001e-07,0.00015645217199999998,-0.0084990055,-0.47137645800000005,-0.010178939799999998,-0.011371890649999999,-0.0115827968,2.34071812e-06,6.83336361e-05
113,1661273400,0.023304416200000004,0.0234605534,-0.0193374753,-1.5892683,0.22144426099999998,0.14147644399999998,0.19976859500000002,0.183455601,0.000202410336,0.009722577,0.000156218038,5.633225564999999e-08,5.479089385e-08,6.400414822e-08,2.17019659e-07,1.2113376670000002e-07,1.8972186990000002e-07,3.8547475950000003e-07,0.01097171205,0.000672357967,6.9606408699999984e-06,78.18436339999998,55.1376259,7.84477479e-07,6.35447714,0.0025009025799999996,0.25064843299999995,8.402059e-05,3.33689288e-06,0.004834982,0.960380618,8.402059e-05,3.33689288e-06,0.0126245082,5.02506951,8.402059e-05,3.33689288e-06,0.000342053767,0.39169482471,8.402059e-05,3.33689288e-06,0.012494237250000002,4.0802238399999994e-07,0.000156514176,0.015663065120000003,-0.5149396700000001,-0.010241828,-0.011467835249999999,-0.0116604355,2.3556585300000003e-06,6.81259471e-05
113,1661274000,0.0209179551,0.0210736639,-0.0181933091,-1.6591350200000001,0.200406118,0.13489267300000002,0.179142969,0.16710510000000003,0.00018616861900000003,0.008749308450000002,0.00015577099,4.0379051600000004e-08,3.622844055e-08,4.434260857e-08,1.579855248e-07,8.26349812e-08,1.268997059e-07,2.741065463e-07,0.00998818615,0.00046354249799999996,6.41395454e-06,77.6593095,53.7020499,7.05400815e-07,6.237078879999999,0.00236719288,0.224200974,8.16699702e-05,3.1828537299999997e-06,0.004628056980000001,0.879267441,8.16699702e-05,3.1828537299999997e-06,0.0126133997,5.0217335400000005,8.16699702e-05,3.1828537299999997e-06,0.000364015825,0.4018536886,8.16699702e-05,3.1828537299999997e-06,0.01247746695,3.4424180500000005e-07,0.000156031841,0.041718744382999995,-0.257580367,-0.01012489015,-0.0115457155,-0.011727944600000002,2.33729538e-06,6.81093065e-05
113,1661274600,0.0218561747,0.0220121037,-0.0275321938,-1.63916617,0.19954359300000002,0.137486805,0.18596817599999999,0.173480299,0.000185436554,0.009103493,0.0001559815,3.46305593e-08,2.462270974e-08,3.091574503e-08,5.5620732099999995e-08,7.732337805e-08,1.312948268e-07,3.0902689599999997e-07,0.010511780600000001,0.00040894387200000003,6.64029204e-06,75.526377,53.0543689,7.366572910000001e-07,6.398268750000001,0.00240061517,0.22770600800000002,7.8216633e-05,3.0744549000000003e-06,0.0047337125700000005,0.9183278429999999,7.8216633e-05,3.0744549000000003e-06,0.012584614499999999,4.94219391,7.8216633e-05,3.0744549000000003e-06,0.00034297659199999996,0.30050488890000004,7.8216633e-05,3.0744549000000003e-06,0.0124856714,1.84104234e-07,0.000156076569,0.0016416003999999997,0.09835589670000001,-0.010728094850000001,-0.0117814708,-0.011937023000000001,2.44771967e-06,6.83368764e-05
113,1661275200,0.0208424372,0.020999205200000003,-0.033172277599999994,-1.65223609,0.193468407,0.13451531600000002,0.180230498,0.16763011700000002,0.0001489219732,0.008688805249999999,0.00015683441999999999,4.8872423900000004e-08,3.99532534e-08,4.6947884689999994e-08,7.37205516e-08,9.53044504e-08,1.4540482009999997e-07,3.2188728730000005e-07,0.0099998737,0.000413422629,7.0814363099999994e-06,74.52618650000001,53.2102699,7.030193880000001e-07,6.20198981,0.00237066701,0.22246298700000003,8.181365549999998e-05,3.23075082e-06,0.00464332711,0.885041051,8.181365549999998e-05,3.23075082e-06,0.012641571,5.04034192,8.181365549999998e-05,3.23075082e-06,0.000347859335,0.36832832366,8.181365549999998e-05,3.23075082e-06,0.012524082550000001,1.80727665e-07,0.000157033845,0.0350250264,0.1221028049,-0.010606179050000001,-0.0118233906,-0.011981894600000001,2.39216344e-06,6.906534530000001e-05
113,1661275800,0.021304816900000002,0.0214619071,-0.0328204518,-1.65114585,0.197368527,0.13572948699999998,0.182368068,0.169842688,0.000164972118,0.008918092899999999,0.00015718364800000002,7.262406540000001e-08,6.325405712e-08,7.291952164e-08,9.77960914e-08,1.291350586e-07,1.8676157459999998e-07,3.681788848e-07,0.0102459467,0.000398310992,7.056471099999999e-06,75.3676995,53.0192703,7.184998890000001e-07,6.220708910000001,0.00238598069,0.225330362,8.583525199999999e-05,3.40168373e-06,0.00468621757,0.901691482,8.583525199999999e-05,3.40168373e-06,0.0126844666,5.11879272,8.583525199999999e-05,3.40168373e-06,0.000388364016,0.45916784935,8.583525199999999e-05,3.40168373e-06,0.012534536150000001,1.81000067e-07,0.00015729650300000002,-0.03271947484,0.19982083575000004,-0.0107329034,-0.011841251649999999,-0.011992836500000001,2.4616024e-06,6.921665350000001e-05
113,1661276400,0.021521240599999998,0.0216782891,-0.0329375061,-1.61140902,0.20273119099999998,0.136004246,0.188443254,0.17494284000000002,0.000162237478,0.008926982949999999,0.000157143607,7.23133787e-08,7.30411571e-08,8.541597030000001e-08,1.2052432889999998e-07,1.598217824e-07,2.4272750769999995e-07,5.01642113e-07,0.0103493356,0.000401988828,7.94071815e-06,72.46022350000001,53.0209659,7.24943971e-07,6.533686200000001,0.0023988183700000003,0.22807492699999998,7.5957843e-05,2.78008061e-06,0.00471640355,0.9121918130000001,7.5957843e-05,2.78008061e-06,0.0126478912,4.986941419999999,7.5957843e-05,2.78008061e-06,0.000334434622,0.2930485233000001,7.5957843e-05,2.78008061e-06,0.0125346031,1.7396861099999998e-07,0.000157290718,0.03762636487,0.136187976,-0.010824744450000002,-0.011847736650000001,-0.012004117549999999,2.38859008e-06,6.83011346e-05
113,1661277000,0.019712385500000002,0.0198685973,-0.0318380118,-1.5708189799999999,0.198343553,0.12929196,0.183118091,0.17010519699999999,0.0001717360808,0.008253216070000001,0.000156293898,5.16771926e-08,5.334828803e-08,6.238219554000001e-08,9.545911570000002e-08,1.136536225e-07,1.6871555230000001e-07,3.726536439999999e-07,0.00949232745,0.000355938592,6.920608460000001e-06,74.2562106,52.83615579999999,6.652696819999999e-07,6.22696315,0.0022959281300000004,0.21028827900000002,8.83558449e-05,3.71481869e-06,0.00452095544,0.83953392,8.83558449e-05,3.71481869e-06,0.012632975699999998,5.086217530000001,8.83558449e-05,3.71481869e-06,0.000333846097,0.4483335724,8.83558449e-05,3.71481869e-06,0.012495391849999999,1.9255650900000001e-07,0.000156327776,0.008988087300000006,0.8900405360000001,-0.010229794500000002,-0.011777578200000001,-0.01194563075,2.5706001300000003e-06,6.86069754e-05
113,1661277600,0.0201570097,0.0203132963,-0.0353702191,-1.58667352,0.19845606000000002,0.131117949,0.183455603,0.171005217,0.00018183073700000002,0.00842122675,0.000156386296,7.8244062e-08,8.31170046e-08,9.646446490000001e-08,1.3481337039999998e-07,1.69122534e-07,2.5324229199999996e-07,5.14593214e-07,0.00970448635,0.000364765195,7.821206260000001e-06,69.9567176,52.871907699999994,6.79624425e-07,6.537436080000001,0.00230627174,0.21138503800000003,8.407468280000001e-05,3.241613680000001e-06,0.004557184770000001,0.851314002,8.407468280000001e-05,3.241613680000001e-06,0.0126439994,5.099427969999999,8.407468280000001e-05,3.241613680000001e-06,0.00034618434,0.43383708400000004,8.407468280000001e-05,3.241613680000001e-06,0.012505752200000001,1.58201305e-07,0.000156552328,-0.024723292799999998,0.2230500486,-0.01077032965,-0.011858379300000001,-0.0120052699,2.1393163000000003e-06,6.78261045e-05
113,1661278200,0.018706646900000002,0.0188637241,-0.039529423800000005,-1.55502635,0.19354340900000003,0.12557032699999998,0.17756792100000002,0.165642553,0.00014539069540000002,0.007824982429999999,0.00015718904999999998,8.11764435e-08,8.628640505000001e-08,9.952795650000002e-08,1.351134211e-07,1.725184056e-07,2.44646478e-07,5.193102950000001e-07,0.009068722999999999,0.000274954503,8.194847069999999e-06,68.5234255,52.1527076,6.31878261e-07,6.578022949999999,0.0022047687699999997,0.19452291500000002,7.93076096e-05,3.09880711e-06,0.004388357010000001,0.789484164,7.93076096e-05,3.09880711e-06,0.012650693699999998,4.9953521,7.93076096e-05,3.09880711e-06,0.00031796731399999994,0.30949053590000003,7.93076096e-05,3.09880711e-06,0.01253197925,1.9207174999999997e-07,0.000157243065,0.043673756929999995,0.3686181356,-0.01052042755,-0.011812602,-0.011977761649999998,2.5721001000000003e-06,6.84601231e-05
113,1661278800,0.020351815900000004,0.020508715099999998,-0.02135439711,-1.5766929600000001,0.20445624,0.13136175099999997,0.18510564999999998,0.173217793,0.000225145486,0.008710133299999999,0.00015699040399999998,6.43124159e-08,6.815299690000001e-08,8.161810259999999e-08,1.1889969369999998e-07,1.50369554e-07,2.2400829399999998e-07,4.87735088e-07,0.009859675049999999,0.00031003293499999997,4.91400136e-06,71.7444567,52.30988979999999,6.86370035e-07,6.5858083999999995,0.0023104388,0.21268202,7.76571894e-05,2.99771638e-06,0.00458102021,0.860440487,7.76571894e-05,2.99771638e-06,0.0126294768,4.9664753600000004,7.76571894e-05,2.99771638e-06,0.000316014189,0.30762353360000005,7.76571894e-05,2.99771638e-06,0.012523188299999998,1.84299668e-07,0.000157015044,0.013291534600000005,0.2760324581,-0.010689767,-0.0118214725,-0.01198374215,2.39834525e-06,6.82226624e-05
113,1661279400,0.023980553100000003,0.0241368916,-0.025850787799999997,-1.61109684,0.21330651,0.142997796,0.19729352500000003,0.18551816200000001,0.0001600330415,0.009910640199999998,0.000156427665,6.38997737e-08,6.686593825e-08,7.959344250000001e-08,1.1992916420000002e-07,1.5250461509999998e-07,2.2919969969999997e-07,5.093089005e-07,0.01165009275,0.000333249973,5.61835473e-06,71.51594800000001,52.131991000000006,8.068998979999999e-07,6.38891505,0.00253687805,0.256714291,9.08687537e-05,3.75253287e-06,0.0050093531600000005,1.030977341,9.08687537e-05,3.75253287e-06,0.01267302725,5.18638313,9.08687537e-05,3.75253287e-06,0.00038665084,0.530471488,9.08687537e-05,3.75253287e-06,0.012509767750000001,1.87194932e-07,0.00015668193099999998,0.0549412856,0.30338839879999996,-0.010366077,-0.01179830735,-0.0119594009,2.29597475e-06,6.86151464e-05
113,1661280000,0.021689787999999998,0.021846392200000002,-0.0267835818,-1.58985948,0.208768875,0.135919152,0.18971829,0.177567922,0.00012138721809999998,0.008937231600000001,0.00015669346999999998,5.7246127499999995e-08,5.8987571699999996e-08,7.313795489999999e-08,1.0612246250000001e-07,1.3444034409999998e-07,2.0251927219999999e-07,4.5314201600000005e-07,0.010513905050000003,0.000324729559,5.067128189999999e-06,72.838722,52.30121630000001,7.311748790000001e-07,6.3786915,0.0023878558,0.227357047,8.01027244e-05,3.2571828999999997e-06,0.004738813210000001,0.9208506349999999,8.01027244e-05,3.2571828999999997e-06,0.0126330521,5.00386315,8.01027244e-05,3.2571828999999997e-06,0.00033204440800000003,0.34219483019999997,8.01027244e-05,3.2571828999999997e-06,0.012514595600000003,1.9734387000000003e-07,0.000156812942,-0.0248096783,0.85688969273,-0.0100505339,-0.01178841945,-0.011954595299999999,2.4896647e-06,6.881874650000002e-05
113,1661280600,0.021153565399999998,0.0213100319,-0.024373567000000002,-1.56171423,0.20715632200000003,0.13372687700000002,0.190505813,0.177942932,0.0001803223985,0.00888036765,0.000156530612,4.07597754e-08,4.264470605e-08,5.337595270000001e-08,8.031112819999999e-08,1.02865169e-07,1.544412299e-07,3.8359378699999993e-07,0.0102435318,0.00032740183,4.91725512e-06,73.3911421,52.3759218,7.13431512e-07,6.38676131,0.00236417359,0.222989602,8.000022959999999e-05,2.9990794999999995e-06,0.00467890278,0.89806913,8.000022959999999e-05,2.9990794999999995e-06,0.01261978645,4.991532309999999,8.000022959999999e-05,2.9990794999999995e-06,0.00032711617599999996,0.3453439803,8.000022959999999e-05,2.9990794999999995e-06,0.012511113999999999,1.842972e-07,0.000156712425,0.0133309757,0.6672867007000001,-0.010409311199999998,-0.011808894,-0.0119742841,2.2731998099999996e-06,6.832291840000001e-05
113,1661281200,0.0225794411,0.022735775200000002,-0.0264418382,-1.5736218100000001,0.213794023,0.138156809,0.19399341999999997,0.182480569,0.000251472445,0.00958565685,0.00015642538700000002,6.19706433e-08,6.420551955e-08,7.65653768e-08,1.1185243780000001e-07,1.4062592289999997e-07,2.0778031529999996e-07,4.6649587200000006e-07,0.0110033494,0.00027999021300000005,5.15244895e-06,70.8975221,51.830356699999996,7.60864908e-07,6.3287895800000005,0.00243685024,0.23811905900000002,7.588322e-05,2.86730589e-06,0.0048509430999999995,0.9656495469999999,7.588322e-05,2.86730589e-06,0.012613479800000002,4.94344453,7.588322e-05,2.86730589e-06,0.000328957176,0.29549827659999994,7.588322e-05,2.86730589e-06,0.012506407450000001,2.12232164e-07,0.00015662333799999997,0.040370908270000005,5.2450927828000005,-0.00833772877,-0.011762139000000001,-0.0119337746,2.49445995e-06,6.85586696e-05
113,1661281800,0.0207042333,0.020860902699999996,-0.024394789099999998,-1.56281472,0.203556214,0.13224867299999998,0.18780573100000003,0.17550536099999997,0.00015212393799999999,0.00860267545,0.000156746847,5.280005075000001e-08,5.577159005e-08,6.55955122e-08,9.90705779e-08,1.27451342e-07,1.898723535e-07,4.1828794899999994e-07,0.010062731850000001,0.000283375934,4.921207469999999e-06,71.9918724,52.013904600000004,6.982124970000001e-07,6.50794289,0.0023301138800000004,0.216939524,8.87963792e-05,3.57759142e-06,0.0046333482799999996,0.879811116,8.87963792e-05,3.57759142e-06,0.012668410199999999,5.139411699999999,8.87963792e-05,3.57759142e-06,0.00036652233200000007,0.46904094369999993,8.87963792e-05,3.57759142e-06,0.0125160731,1.8645213400000002e-07,0.000156838791,0.0013153746500000022,0.9711265433999999,-0.0100519524,-0.01181867445,-0.011974927049999999,2.3109218199999997e-06,6.805803200000001e-05
113,1661282400,0.0223806629,0.0225373587,-0.020266957920000002,-1.6277667,0.204268736,0.138541831,0.18878076500000002,0.178130437,0.00019587213960000003,0.009369040600000001,0.000156770402,4.951803414999999e-08,5.090235005e-08,6.126103587000001e-08,9.29436047e-08,1.1667690860000001e-07,1.773720788e-07,3.917877971e-07,0.010912932049999999,0.00027139132300000007,4.98926964e-06,71.84691699999999,51.74765239999999,7.541534730000001e-07,6.12763416,0.0024446261,0.23857304,8.5869755e-05,3.3835121299999996e-06,0.00484319228,0.963057236,8.5869755e-05,3.3835121299999996e-06,0.01267839905,5.155850809999999,8.5869755e-05,3.3835121299999996e-06,0.00036993586299999997,0.470207739,8.5869755e-05,3.3835121299999996e-06,0.01251992805,1.89105995e-07,0.000156938112,-0.0053867631100000014,0.650399193,-0.0103220644,-0.0118134946,-0.0119716809,2.30191511e-06,6.82998233e-05
113,1661283000,0.022249840200000003,0.022406488100000004,-0.023348993399999997,-1.62118206,0.20610629500000002,0.137850846,0.186493191,0.177380414,0.00018995479100000003,0.0093859096,0.000156748974,7.617067864999999e-08,7.892623934e-08,9.14703189e-08,1.267659092e-07,1.519506929e-07,2.21752895e-07,4.5281457240000004e-07,0.010879484250000002,0.000239929816,4.197396660000001e-06,69.6957431,51.47532749999999,7.50031431e-07,6.1626619300000005,0.00242501381,0.235241962,8.9878249e-05,3.6728076199999995e-06,0.004829110520000001,0.9569542639999999,8.9878249e-05,3.6728076199999995e-06,0.012678482800000002,5.178861360000001,8.9878249e-05,3.6728076199999995e-06,0.00037380691099999996,0.5188463566999999,8.9878249e-05,3.6728076199999995e-06,0.012520269299999998,1.8605222599999998e-07,0.00015694352000000003,0.007618224500000002,0.3758061735,-0.0105817578,-0.0118137252,-0.011972433000000001,2.32526386e-06,6.79007646e-05
113,1661283600,0.0230539481,0.0232105079,-0.023670894900000003,-1.5959366999999998,0.211918971,0.13982682899999999,0.19354340799999997,0.183005585,0.0001796750389,0.00962904435,0.00015667179299999997,9.001114836e-08,9.450364049999999e-08,1.1084210120000001e-07,1.5119848550000002e-07,1.9120625489999998e-07,2.805883007e-07,5.85586281e-07,0.01126352505,0.000256933282,4.894274749999999e-06,69.80893090000001,51.5797191,7.761739830000001e-07,6.51984748,0.00245556355,0.24172753699999996,9.61680055e-05,4.204149060000001e-06,0.00490273838,0.9867768130000002,9.61680055e-05,4.204149060000001e-06,0.012701744599999999,5.2813364300000005,9.61680055e-05,4.204149060000001e-06,0.000406637551,0.61857417,9.61680055e-05,4.204149060000001e-06,0.012513564400000001,1.9534071099999999e-07,0.000156785786,-0.0035133268299999965,7.699870762000001,-0.00864797609,-0.0118007874,-0.011966193699999999,2.3314558900000003e-06,6.82130495e-05
113,1661284200,0.0220160149,0.0221723272,-0.0242237608,-1.60397431,0.205806282,0.137019418,0.188930765,0.17820544,0.000166320889,0.009168328449999999,0.00015638715299999998,4.864930945e-08,5.02709347e-08,6.138596479999999e-08,8.77775877e-08,1.1685363999999999e-07,1.7978804009999998e-07,4.0831009300000005e-07,0.010733764500000001,0.00026840146800000006,4.8116024299999995e-06,72.24298089999999,51.7647411,7.42048065e-07,6.37671308,0.00239906788,0.229872642,8.45415374e-05,3.38992658e-06,0.00477907496,0.936029697,8.45415374e-05,3.38992658e-06,0.012641174349999998,5.074178839999999,8.45415374e-05,3.38992658e-06,0.000354034762,0.42008033520000004,8.45415374e-05,3.38992658e-06,0.0125052355,1.8615334e-07,0.000156568146,-0.0925900076,3.13700862743,-0.009696697600000002,-0.0118196829,-0.011971373300000001,2.3732201600000003e-06,6.7979893e-05
113,1661284800,0.020853669399999997,0.0210093204,-0.028562083300000003,-1.6090140000000002,0.206293799,0.13361145300000002,0.18311808899999998,0.17220526100000003,0.00014706627709999996,0.0087292239,0.00015572595900000002,4.340595374e-08,4.4981471810000004e-08,5.61038931e-08,8.053851120000001e-08,1.048839077e-07,1.6652077100000003e-07,3.622925494e-07,0.010157798,0.000262811838,5.2886432500000005e-06,72.90897600000001,51.78941040000001,7.03522594e-07,6.308012000000001,0.00236107983,0.222864628,7.896863950000001e-05,3.1267991199999996e-06,0.004677418240000001,0.8970847839999999,7.896863950000001e-05,3.1267991199999996e-06,0.01261209685,4.99274784,7.896863950000001e-05,3.1267991199999996e-06,0.00034712634999999997,0.3555162866,7.896863950000001e-05,3.1267991199999996e-06,0.012477004250000001,2.0849059399999997e-07,0.0001558845,-0.2284400252,20.235242796,-0.008320336129999998,-0.0117565213,-0.011920366200000001,2.57158953e-06,6.82943414e-05
113,1661285400,0.0205262322,0.0206809316,-0.0250212904,-1.6598835599999997,0.195493472,0.13301942400000002,0.17430531999999999,0.166467582,0.0001502309889,0.0085398386,0.000154779044,5.3971816299999995e-08,5.64487062e-08,6.843154709999999e-08,9.82085086e-08,1.307525695e-07,1.9653679160000004e-07,4.2718752000000006e-07,0.0100393984,0.000217468946,5.132889739999999e-06,70.69627140000001,51.395859800000004,6.92134428e-07,6.555831330000001,0.0023269210799999997,0.21689099499999998,7.64858475e-05,2.90389135e-06,0.0046339352,0.8817667140000001,7.64858475e-05,2.90389135e-06,0.012544298700000001,4.89557528,7.64858475e-05,2.90389135e-06,0.000314756186,0.2869654485,7.64858475e-05,2.90389135e-06,0.012440633100000001,1.96575141e-07,0.00015496602,-0.1346163965,14.930193263000001,-0.007840275669999999,-0.01174425225,-0.01190581275,2.37729311e-06,6.755986490000002e-05
113,1661286000,0.0209881013,0.0211437006,-0.024531214200000005,-1.6387047399999997,0.20344371,0.13425870899999998,0.18004299399999998,0.17040519999999998,0.000130140907,0.00866027151,0.000155672107,4.30456538e-08,4.633171849999999e-08,5.71914769e-08,8.27480184e-08,1.122645816e-07,1.7855117774999998e-07,3.938997196e-07,0.010244134749999998,0.00024390182799999995,5.024397989999999e-06,71.4985265,51.613974899999995,7.07847549e-07,6.24843244,0.0023486984200000007,0.220775525,7.95890053e-05,3.1900238600000005e-06,0.004677040370000001,0.8973937920000001,7.95890053e-05,3.1900238600000005e-06,0.012602700599999999,4.98396707,7.95890053e-05,3.1900238600000005e-06,0.00034530645800000004,0.35395615570000005,7.95890053e-05,3.1900238600000005e-06,0.012470929350000002,2.0983741899999999e-07,0.000155734646,-0.1133874274,15.497307434000001,-0.007718703760000001,-0.011748499200000002,-0.011913606900000002,2.50892916e-06,6.787654000000001e-05
113,1661286600,0.0226277552,0.0227836262,-0.016189751199999998,-1.62402761,0.224969368,0.138907307,0.188968265,0.17921797099999998,0.0001506436792,0.00942686325,0.00015597045000000003,7.518893140000001e-08,7.97571606e-08,9.578872261999999e-08,1.272115842e-07,1.584069673e-07,2.2439287289999998e-07,4.6004157149999997e-07,0.011077196550000001,0.000231206235,4.154998159999999e-06,70.5034469,51.371895900000005,7.62506824e-07,6.230057410000001,0.0024562841999999996,0.24182079200000003,9.240148149999999e-05,3.94928901e-06,0.00487872867,0.977557966,9.240148149999999e-05,3.94928901e-06,0.012651959099999999,5.182818589999999,9.240148149999999e-05,3.94928901e-06,0.000372409963,0.5241986963999999,9.240148149999999e-05,3.94928901e-06,0.012486661050000002,2.32954515e-07,0.00015614976,-0.43908448517,37.654970254,-0.006902306419999999,-0.01176784915,-0.01193299815,2.4294661399999998e-06,6.845503359999999e-05
113,1661287200,0.023402219300000002,0.0235585097,-0.0189711358,-1.6450040600000002,0.21645660899999997,0.14167341700000002,0.18874326,0.180155501,0.0001753549303,0.00970468815,0.00015636586800000003,5.33724617e-08,5.60511899e-08,6.773601109999999e-08,9.67392365e-08,1.255005896e-07,1.851259115e-07,4.15588216e-07,0.01146952905,0.00022629805099999995,4.206148139999999e-06,71.2019765,51.305517699999996,7.88172546e-07,6.330506389999999,0.0024712833800000005,0.245110523,8.24130244e-05,3.21264487e-06,0.0049427208599999994,1.0020540509999998,8.24130244e-05,3.21264487e-06,0.0126503968,5.091552999999999,8.24130244e-05,3.21264487e-06,0.00037120849899999994,0.42504540319999995,8.24130244e-05,3.21264487e-06,0.0125017448,2.15928759e-07,0.00015650858199999998,-0.3379685649,42.2958419207,-0.00639731308,-0.0117985498,-0.011957915,2.37620686e-06,6.82164697e-05
113,1661287800,0.0237376473,0.023894300299999997,-0.0226572387,-1.6330258500000003,0.21806916199999998,0.142318459,0.19061831699999998,0.18203055699999998,0.000169437958,0.00982179545,0.000156720899,4.34651476e-08,4.7770743499999994e-08,5.59457241e-08,8.691351249999999e-08,1.0938363980000001e-07,1.6454289650000001e-07,3.6703819e-07,0.0116619288,0.000201028152,4.922845990000001e-06,71.3042786,51.0613668,7.99617671e-07,6.2730849200000005,0.00250992276,0.25428238599999997,8.62382614e-05,3.5712010699999996e-06,0.00500206598,1.027259865,8.62382614e-05,3.5712010699999996e-06,0.012661325299999998,5.1131832500000005,8.62382614e-05,3.5712010699999996e-06,0.00036465836899999995,0.441624766,8.62382614e-05,3.5712010699999996e-06,0.0125171182,2.5978255900000003e-07,0.000156928667,-0.71794462555,79.32693672369999,-0.00451372741,-0.011806031400000002,-0.01196648,2.4219878999999996e-06,6.82156397e-05
113,1661288400,0.022498614400000002,0.022655582,-0.0278458694,-1.58931542,0.21311901,0.13793043199999996,0.190018298,0.18060551500000002,0.00021946529800000004,0.0094576832,0.000157055427,6.824931630000001e-08,7.07260364e-08,8.51033588e-08,1.1212599599999999e-07,1.43223019e-07,2.0566790379999997e-07,4.413391019999999e-07,0.0110400482,0.000202648811,5.392818990000001e-06,70.43151359999999,51.1387688,7.58301549e-07,6.33873615,0.0024317477699999997,0.23842818000000002,8.26366618e-05,3.12803715e-06,0.00486493929,0.9710541129999999,8.26366618e-05,3.12803715e-06,0.012679765,5.10607695,8.26366618e-05,3.12803715e-06,0.00037167217300000004,0.41842669499999996,8.26366618e-05,3.12803715e-06,0.012529094649999998,2.3152888600000004e-07,0.000157207571,-0.39274107589999996,57.73807485,-0.00533245805,-0.0118279786,-0.011991713349999999,2.27527858e-06,6.863260250000001e-05
113,1661289000,0.0209140606,0.021070514699999997,-0.029001892600000002,-1.62185342,0.20464374400000002,0.133503647,0.179517982,0.170855218,0.00021381446449999998,0.0088629755,0.00015650821399999998,2.4922863400000004e-08,2.70820472e-08,3.097096911e-08,4.862082749999999e-08,6.691416979999999e-08,8.906386885e-08,2.2997374949999998e-07,0.0102619048,0.0001895386,5.012730229999999e-06,72.05720360000001,51.10408209999999,7.060633250000001e-07,5.83051016,0.00234628924,0.22119803700000001,8.010894640000001e-05,3.1976174499999992e-06,0.004685905440000001,0.9015428280000002,8.010894640000001e-05,3.1976174499999992e-06,0.012623994,4.983723369999999,8.010894640000001e-05,3.1976174499999992e-06,0.000333939316,0.335272913,8.010894640000001e-05,3.1976174499999992e-06,0.01250776725,2.1362545999999998e-07,0.000156658271,-0.08882710348999998,7.6009239719999995,-0.008419056,-0.01178687455,-0.0119521659,2.4835605499999997e-06,6.83921246e-05
113,1661289600,0.0217895597,0.0219465597,-0.0321815808,-1.63490806,0.238732277,0.136414633,0.18090552399999998,0.17295528,0.0001423080519,0.0089873637,0.000157071013,4.885887715e-08,6.10425505e-08,6.138730105000001e-08,9.00411198e-08,1.275369401e-07,1.6541601699999999e-07,3.4754707600000005e-07,0.010711166300000002,0.000176273394,6.3619430399999995e-06,71.3696906,50.93317520000001,7.34813875e-07,6.24674315,0.00240203805,0.23281632699999996,7.675122929999999e-05,2.8563174500000005e-06,0.00479138141,0.942697266,7.675122929999999e-05,2.8563174500000005e-06,0.01263669015,4.95230765,7.675122929999999e-05,2.8563174500000005e-06,0.000331982566,0.30210140899999993,7.675122929999999e-05,2.8563174500000005e-06,0.0125244254,3.0054171300000004e-07,0.00015715771599999998,-0.13719783550000003,51.10310361,-0.0036933700450000003,-0.01175922125,-0.01193968045,2.36500148e-06,6.79389181e-05
113,1661290200,0.0213562268,0.021513270199999997,-0.025853165767000003,-1.5650697,0.224294348,0.13416849300000003,0.18803074,0.177867932,0.00018090835900000003,0.008964270949999999,0.000157127188,5.945830004999999e-08,7.018730549999999e-08,7.840894569999999e-08,1.074896269e-07,1.5306612200000002e-07,2.1135019579999998e-07,4.435010196e-07,0.01046663665,0.00020461331799999995,5.6497942e-06,70.8153797,51.226211899999996,7.20143161e-07,6.4391408,0.0023647037699999996,0.22575964499999998,8.4807909e-05,3.3564173099999996e-06,0.00472705792,0.9161385879999999,8.4807909e-05,3.3564173099999996e-06,0.012681548800000001,5.101161660000001,8.4807909e-05,3.3564173099999996e-06,0.000363450382,0.422841459,8.4807909e-05,3.3564173099999996e-06,0.012531293100000002,2.70974336e-07,0.000157300851,-0.018770490399999996,29.383081653999994,-0.00567118541,-0.011777485350000002,-0.01195301855,2.3966016099999998e-06,6.84593235e-05
113,1661290800,0.0225485024,0.022704942599999996,-0.025632940799999997,-1.5756215800000002,0.224969366,0.137815396,0.19103083,0.18191805500000002,0.000268024573,0.0096883485,0.000156494322,2.9009329949999997e-08,3.77475693e-08,3.943766085e-08,6.713331219999999e-08,9.85255662e-08,1.3956763739999998e-07,3.3822555799999996e-07,0.0111011953,0.00016723815299999999,5.01098253e-06,72.4127986,50.82546800000001,7.6029521e-07,6.25721743,0.0024510668299999997,0.245228966,7.39694771e-05,2.6383568600000002e-06,0.004885166319999999,0.980006375,7.39694771e-05,2.6383568600000002e-06,0.0125960328,4.87320878,7.39694771e-05,2.6383568600000002e-06,0.00031871826099999994,0.24451054649999998,7.39694771e-05,2.6383568600000002e-06,0.01250722105,2.95964505e-07,0.00015672690600000003,0.00813626535,14.708545080000002,-0.006252198790000001,-0.0116766999,-0.0118744759,2.33258993e-06,6.850080160000001e-05
113,1661291400,0.0195880271,0.0197446317,-0.028668835899999995,-1.5859511999999998,0.19568097099999998,0.12854802549999997,0.176667894,0.16770511999999999,0.00020719792099999998,0.0082399362,0.000156681544,5.3899804100000005e-08,6.22734437e-08,6.679146750000001e-08,9.385971550000001e-08,1.3129783429999998e-07,1.827030566e-07,3.8449800999999996e-07,0.009611963900000001,0.00017619473900000002,4.80016605e-06,69.64907269999999,51.04034789999999,6.612519279999999e-07,6.32453282,0.0022727542900000002,0.207967748,8.049420189999999e-05,2.98672115e-06,0.00453563781,0.844998839,8.049420189999999e-05,2.98672115e-06,0.0126512028,5.02622482,8.049420189999999e-05,2.98672115e-06,0.000338078684,0.3453665691,8.049420189999999e-05,2.98672115e-06,0.012518187750000001,2.1376707400000001e-07,0.000156919321,-0.07721041549999999,4.1576925939999985,-0.00854110076,-0.011791624149999999,-0.011959961849999999,2.3132924599999997e-06,6.79180122e-05
113,1661292000,0.0188446081,0.0190016563,-0.029576767800000004,-1.5530424600000001,0.19646849799999996,0.125578786,0.176142877,0.166467581,0.0001644773891,0.007905878310000001,0.00015711913399999998,4.519720219999999e-08,5.4293622600000005e-08,5.9294550100000006e-08,8.326328480000001e-08,1.229978007e-07,1.714214242e-07,3.6407979760000004e-07,0.0092534312,0.00016312839200000002,4.7714668100000005e-06,70.638616,50.9352631,6.364591319999999e-07,6.4021658200000005,0.00222733673,0.20053700000000002,7.698017300000001e-05,2.86470306e-06,0.00444728365,0.8121731109999999,7.698017300000001e-05,2.86470306e-06,0.01264676485,4.97248482,7.698017300000001e-05,2.86470306e-06,0.000326640427,0.2982163094,7.698017300000001e-05,2.86470306e-06,0.012531855949999999,2.37655428e-07,0.000157285841,0.031409214740000004,3.213407352,-0.008771751,-0.0117699512,-0.01194480845,2.4032505500000003e-06,6.88222601e-05
113,1661292600,0.0177088452,0.0178664375,-0.029131386600000003,-1.5750498899999998,0.18683070799999998,0.1221782969,0.168605144,0.15997988000000002,0.000165347201,0.007443360319999999,0.00015767056600000002,5.260655755e-08,6.13279567e-08,6.258509005000001e-08,8.89958884e-08,1.2212846619999998e-07,1.563360388e-07,3.198228649e-07,0.00868149944,0.000167845515,4.12179943e-06,70.208663,51.0219596,5.991706379999999e-07,6.080537940000001,0.0021695243600000002,0.18980987700000002,8.0466923e-05,3.0119439599999997e-06,0.004323752000000001,0.7684471079999999,8.0466923e-05,3.0119439599999997e-06,0.01267732755,5.051381879999999,8.0466923e-05,3.0119439599999997e-06,0.000313803735,0.3285622161,8.0466923e-05,3.0119439599999997e-06,0.0125505859,2.20664341e-07,0.000157738224,0.012578404700000012,15.547848169999998,-0.007527650466000001,-0.011816249500000002,-0.0119814309,2.36263206e-06,6.8849705e-05
113,1661293200,0.0162295966,0.016388057100000002,-0.030737857299999997,-1.62915876,0.17674289599999998,0.11751199890000001,0.154429712,0.147342,0.00020779970900000003,0.00692006823,0.000158532294,4.51930689e-08,5.4776588399999996e-08,5.61115907e-08,8.11517508e-08,1.128512325e-07,1.392536262e-07,2.8712856259999995e-07,0.007982069060000001,0.00012734471399999999,4.53247192e-06,70.13905000000001,50.6284792,5.500261830000001e-07,6.246204629999999,0.00207765112,0.174326878,8.3187412e-05,3.0904108799999997e-06,0.00414386672,0.706260101,8.3187412e-05,3.0904108799999997e-06,0.0127223408,5.09784746,8.3187412e-05,3.0904108799999997e-06,0.000327221344,0.3635503312,8.3187412e-05,3.0904108799999997e-06,0.0125880323,2.2313149700000004e-07,0.0001586825,-0.027434616830000008,6.308926415,-0.00811795525,-0.01184101875,-0.01201150065,2.33429958e-06,6.919732980000001e-05
113,1661293800,0.0161720329,0.01633005795,-0.023886965599999997,-1.64229202,0.170592708,0.1175241185,0.15206713900000002,0.14602946,0.00025131158499999993,0.007035050089999999,0.000158132595,7.967052220000002e-08,9.142008160000001e-08,9.732200273e-08,1.270936878e-07,1.7302285449999998e-07,2.288739967e-07,4.3550726999999996e-07,0.00796777285,0.00011321803279999999,3.6819030699999998e-06,67.3104959,50.4644193,5.47756525e-07,6.44220141,0.0020530783599999997,0.17147721900000001,7.595132860000001e-05,2.79575096e-06,0.00411695477,0.699055937,7.595132860000001e-05,2.79575096e-06,0.012671688750000002,4.954898560000001,7.595132860000001e-05,2.79575096e-06,0.00029609461099999995,0.23871181695,7.595132860000001e-05,2.79575096e-06,0.0125673797,2.3631743199999996e-07,0.00015817707899999997,0.064331895808,4.972777304999999,-0.00847834283,-0.0117911967,-0.011966817700000002,2.43492029e-06,6.82941866e-05
113,1661294400,0.01682409935,0.0169820525,-0.004198158699999999,-1.6596302699999999,0.18686820399999998,0.1202038352,0.15409220099999998,0.14940455800000002,0.000217213815,0.007157530690000001,0.000158152757,5.6629355099999996e-08,7.1361166e-08,7.50548331e-08,1.0107276279999999e-07,1.429113908e-07,1.8168481669999996e-07,3.5458954060000005e-07,0.0083032093,0.00010303708079999999,4.61454105e-06,69.392689,50.33668229999999,5.69550138e-07,6.386891950000001,0.00209819383,0.179950874,9.41881281e-05,4.890510469999999e-06,0.00421263875,0.729552867,9.41881281e-05,4.890510469999999e-06,0.012714297599999999,5.116899569999999,9.41881281e-05,4.890510469999999e-06,0.000348542681,0.40780624705,9.41881281e-05,4.890510469999999e-06,0.012569994400000001,5.218710759999999e-07,0.000158527602,-0.41111361433999993,17.8261569,-0.00589885754,-0.011668289850000001,-0.011913752500000001,4.07530182e-06,7.98945182e-05
113,1661295000,0.012312432250000001,0.01247068915,-0.026053646899999998,-1.64565262,0.15266716,0.102627261,0.1314415115,0.1243537959,0.00035753687499999996,0.00556110154,0.00015866872300000003,2.5274118170000002e-08,2.8552750429999995e-08,3.323382339000001e-08,5.13175373e-08,7.30815427e-08,1.0474286030000001e-07,2.540130943e-07,0.00602663084,0.000125041302,3.5566496300000002e-06,71.50085800000001,50.804022999999994,4.1963238600000003e-07,6.23238641,0.0018092704099999999,0.13322464699999997,0.0001063005189,6.31820506e-06,0.00358787519,0.531930959,0.0001063005189,6.31820506e-06,0.012671864599999999,4.982279510000001,0.0001063005189,6.31820506e-06,0.00027240155500000003,0.2548195113999999,0.0001063005189,6.31820506e-06,0.01257788135,9.421458819999998e-07,0.00015914538899999999,-0.4128727917500001,21.009829318,-0.007049100536,-0.011806762000000002,-0.01200669615,5.797673799999999e-06,9.513304939999999e-05
113,1661295600,0.01051539045,0.01067379855,-0.0350802036,-1.6548075,0.137291688,0.0952342119,0.11966615350000001,0.11329095870000001,0.00026742994660000006,0.004797226359999999,0.000158461789,2.205912575e-08,3.16736326e-08,4.0216994285e-07,2.528776372e-07,3.384928233e-07,8.699151109999998e-08,2.3044384959999997e-07,0.00512827957,0.0001221695536,5.82369106e-06,72.6430617,50.8778369,3.59869585e-07,6.486818170000001,0.0018097126999999998,0.15007621200000001,7.40366742e-05,2.72090475e-06,0.00331291191,0.456975461,7.40366742e-05,2.72090475e-06,0.012662837350000001,4.9061435399999995,7.40366742e-05,2.72090475e-06,0.000256862223,0.1708305557,7.40366742e-05,2.72090475e-06,0.01258467625,1.8496665490000002e-06,0.00016022439400000001,0.03842539383,1.3010968440000001,-0.00795496361,-0.010822586999999998,-0.011141214100000001,2.50799829e-06,7.014367939999999e-05
113,1661296200,0.01315684455,0.013315026099999999,-0.0278300079,-1.59139133,0.16406751200000003,0.1054853133,0.141829327,0.133429073,0.000398413318,0.006105381390000001,0.000158311409,2.26100227e-08,2.978202635e-08,2.365501387e-07,1.200437927e-07,1.392570266e-07,9.88282907e-08,2.5327225699999997e-07,0.006443471470000001,0.00012957136959999998,4.34625112e-06,71.548063,50.8006682,4.4786404100000004e-07,6.46932166,0.0019108755200000001,0.1559495164,8.277604839999999e-05,3.4839708899999997e-06,0.00371284108,0.5713391050000001,8.277604839999999e-05,3.4839708899999997e-06,0.012686817649999998,4.99457101,8.277604839999999e-05,3.4839708899999997e-06,0.000308846489,0.2857737638,8.277604839999999e-05,3.4839708899999997e-06,0.0125723116,1.0373808570000001e-06,0.00015910126399999998,-0.1363732198,3.154344148,-0.008055884199999998,-0.010928533899999999,-0.01149208335,3.0454436e-06,7.2907708e-05
113,1661296800,0.0205397636,0.0206979202,-0.0157303431,-1.61052896,0.20258118399999997,0.132082623,0.17753042,0.170142697,0.00029904343400000003,0.0089283878,0.000158248461,6.313482509999998e-08,6.80606286e-08,1.3724385330000004e-07,1.299883735e-07,1.6692039880000002e-07,2.259572034e-07,4.80768173e-07,0.010123934349999999,0.000140453821,4.13028321e-06,69.015175,50.652139700000006,6.931564959999999e-07,6.512356849999999,0.0023208244999999997,0.220143353,7.763869900000002e-05,2.99370344e-06,0.00463983221,0.883337421,7.763869900000002e-05,2.99370344e-06,0.012702608299999998,5.06191177,7.763869900000002e-05,2.99370344e-06,0.000336284924,0.3209950452,7.763869900000002e-05,2.99370344e-06,0.0125773188,3.9481181899999995e-07,0.000158583146,-0.03497645526,7.370556632,-0.007498815579999998,-0.011601147250000002,-0.011903902999999999,2.4895919100000004e-06,6.94328351e-05
113,1661297400,0.029666898200000003,0.029825188000000002,-0.021778933199999996,-1.56686587,0.24443246100000002,0.156666419,0.218669176,0.209443892,0.000506204564,0.012609434949999998,0.00015839977800000002,8.88687541e-08,9.50369049e-08,1.1168626900000001e-07,1.606870408e-07,2.1837431070000003e-07,3.9064166500000007e-07,7.89177652e-07,0.014727770500000001,9.799798780000002e-05,5.71390926e-06,66.0118572,50.179619599999995,9.96187156e-07,6.47248954,0.00277687027,0.320887663,9.12621388e-05,3.7677517e-06,0.005606013130000001,1.3011416470000001,9.12621388e-05,3.7677517e-06,0.0127678392,5.29251673,9.12621388e-05,3.7677517e-06,0.00042262244299999996,0.5948026864,9.12621388e-05,3.7677517e-06,0.012584026100000001,2.2821499700000002e-07,0.000158586525,-0.198584151747,18.868995462999997,-0.007447689459999999,-0.011841890749999999,-0.0120111623,2.3727849900000004e-06,6.90931771e-05
113,1661298000,0.0258805115,0.026038696399999995,-0.003959931096,-1.292479912,0.343360477,0.142863968,0.21795665300000003,0.206031288,0.0007852432280000002,0.014563700950000003,0.00015825902300000002,4.992121290000001e-08,5.2354727400000004e-08,6.42928922e-08,9.812094100000001e-08,1.309482974e-07,2.159759212e-07,5.190630690000001e-07,0.0128529341,8.168436020000001e-05,4.428704439999999e-06,65.92997030000001,50.062314900000004,8.704552199999999e-07,6.316604789999999,0.0025741174699999998,0.283868625,9.265925959999999e-05,3.79771413e-06,0.00524391534,1.1407005099999998,9.265925959999999e-05,3.79771413e-06,0.01275857645,5.28178627,9.265925959999999e-05,3.79771413e-06,0.000404421148,0.566196683,9.265925959999999e-05,3.79771413e-06,0.012581008599999999,2.2765347000000002e-07,0.00015851015800000002,-0.0015861108700000015,8.3028648046,-0.0082068627,-0.011832156199999999,-0.012006215300000001,2.2705198300000003e-06,6.85923423e-05
113,1661298600,0.0210013653,0.021159226,-0.00899309656,-1.4098890099999999,0.21540657900000001,0.129010508,0.197181021,0.185968175,0.000266894118,0.008956066600000001,0.00015794218699999998,5.721828855e-08,6.024193970000001e-08,7.032693414e-08,9.711809679999999e-08,1.256149344e-07,2.0366412070000002e-07,4.2686063259999993e-07,0.01041190595,8.38860865e-05,3.7664554500000002e-06,66.8602285,50.0873479,7.08640525e-07,6.1889064099999995,0.00231283082,0.22249667,7.95591789e-05,2.90722374e-06,0.00471550764,0.913265894,7.95591789e-05,2.90722374e-06,0.012696929200000002,5.0497358,7.95591789e-05,2.90722374e-06,0.000340727265,0.32920506200000005,7.95591789e-05,2.90722374e-06,0.0125617705,1.82593239e-07,0.00015798119000000002,-0.1141021785,10.679372209,-0.00854204798,-0.011880793,-0.012039305600000001,2.3196233199999997e-06,6.792261300000001e-05
113,1661299200,0.0198316736,0.019989395700000002,-0.01282404355,-1.4237894299999998,0.205881283,0.12556895399999998,0.189305781,0.17835544799999997,0.000417852362,0.008705119189999999,0.000157818814,7.268902539999999e-08,7.585196970000001e-08,9.22320096e-08,1.267949376e-07,1.6147293320000002e-07,2.7689078560000005e-07,4.89531387e-07,0.009805341280000001,0.00010423166260000003,4.86802673e-06,65.851554,50.319842900000005,6.69659449e-07,6.37402268,0.00227088341,0.214684504,8.76988525e-05,3.34571402e-06,0.004580366170000001,0.8671538400000001,8.76988525e-05,3.34571402e-06,0.0127152825,5.138981719999999,8.76988525e-05,3.34571402e-06,0.000372866233,0.455167026,8.76988525e-05,3.34571402e-06,0.012556414299999999,2.3792970699999996e-07,0.00015790202499999997,0.08233190649999998,4.4049741406,-0.008998281379999999,-0.01184368125,-0.01201757435,2.3234153000000005e-06,6.808472489999999e-05
113,1661299800,0.0214294274,0.0215871062,-0.01351241725,-1.4909045300000001,0.20771884,0.131999586,0.19328090199999998,0.183568101,0.000269762378,0.009111677600000001,0.00015773528799999998,3.3851755949999995e-08,3.375666308e-08,4.246036085e-08,6.607274169999999e-08,9.916895870000002e-08,1.415550937e-07,3.4285703549999993e-07,0.010624223450000001,8.44085033e-05,5.26230687e-06,67.9030082,50.09449880000001,7.229525400000001e-07,6.02141011,0.00236003262,0.228670559,8.0864826e-05,2.94502951e-06,0.004775012130000001,0.9366473660000001,8.0864826e-05,2.94502951e-06,0.012701296400000001,5.0739553100000006,8.0864826e-05,2.94502951e-06,0.000357568152,0.378822728,8.0864826e-05,2.94502951e-06,0.012561552649999998,1.9170362799999998e-07,0.00015798475599999997,-0.0034398045999999953,1.4027081349999997,-0.009928380439999999,-0.0118552284,-0.01201359035,2.2551744500000003e-06,6.84374945e-05
113,1661300400,0.0171273428,0.0172851714,-0.008998630409999998,-1.4441675999999999,0.193318403,0.11743029549999999,0.17456782899999998,0.165267544,0.000310608044,0.007474128940000001,0.00015789696600000002,4.0638299640000005e-08,4.1362960199999995e-08,4.7640637699999995e-08,7.358388770000001e-08,1.0047135775e-07,1.413539955e-07,3.02973075e-07,0.008474467519999999,8.462922319999999e-05,3.7472826e-06,68.1686541,50.1041074,5.800431140000001e-07,5.95990634,0.00211808158,0.18493714,7.535620930000001e-05,2.6869509700000005e-06,0.004271087129999999,0.7491729650000001,7.535620930000001e-05,2.6869509700000005e-06,0.01266767355,4.96243271,7.535620930000001e-05,2.6869509700000005e-06,0.00030443651099999996,0.2502717280000001,7.535620930000001e-05,2.6869509700000005e-06,0.01256030165,1.9737411499999997e-07,0.00015795898100000005,-0.0085257053,0.9768290168000002,-0.00997355258,-0.0118399255,-0.012001276600000001,2.3460725199999997e-06,6.90873934e-05
113,1661301000,0.014856906900000003,0.01501467645,-0.012341823009999999,-1.4709240399999999,0.178692954,0.1097960742,0.15986738100000003,0.150417093,0.000283700892,0.0065344811099999995,0.00015798009800000002,3.781986881e-08,3.91224264e-08,4.398244159e-08,6.398662200000001e-08,9.147794490000001e-08,1.5144054699999998e-07,2.972461974e-07,0.007346195099999999,7.79726183e-05,3.3447882600000003e-06,67.5128287,50.0178404,5.04384649e-07,6.17076864,0.00197754353,0.161593462,8.20156208e-05,3.82119006e-06,0.00397753354,0.6518464820000001,8.20156208e-05,3.82119006e-06,0.01264181555,4.887875670000001,8.20156208e-05,3.82119006e-06,0.000297136784,0.19405513759999998,8.20156208e-05,3.82119006e-06,0.012563492800000001,4.8060214e-07,0.00015832262799999998,-0.20590069190000002,8.595280869000002,-0.00778919708,-0.011820119950000003,-0.0120089384,3.690723789999999e-06,7.89874624e-05
113,1661301600,0.0153124907,0.015469528500000001,-0.007914675377,-1.5012106000000003,0.178430446,0.11196646440000002,0.160729905,0.152329645,0.00028575081699999997,0.00673581627,0.000157168228,5.168893967e-08,5.494863335e-08,6.244435086000001e-08,8.595617715e-08,1.1450108979999999e-07,1.691820575e-07,3.627517795e-07,0.00757612153,7.61190906e-05,2.96947471e-06,66.7927639,50.015382699999996,5.192558460000001e-07,6.124298229999999,0.00199984593,0.16401916600000005,8.6633573e-05,3.80305395e-06,0.0040309909300000005,0.667965675,8.6633573e-05,3.80305395e-06,0.012667749350000002,5.021395150000001,8.6633573e-05,3.80305395e-06,0.00033072818899999997,0.3415966834,8.6633573e-05,3.80305395e-06,0.01253856465,2.59725455e-07,0.000157477199,-0.34064307491,6.0526283577,-0.009389488560000001,-0.0118097466,-0.011981137,3.08850827e-06,7.52616164e-05
113,1661302200,0.012953770449999999,0.013111541799999998,-0.002204848835,-1.5293802800000003,0.18188055599999997,0.10356734999999999,0.144941926,0.137441694,0.00031703578100000004,0.00638685844,0.000157846336,1.3405206980000002e-08,1.46167982e-08,1.790949851e-08,3.760362395e-08,4.76391424e-08,1.080326092e-07,2.188908225e-07,0.006391758,8.105986390000001e-05,3.5236909799999997e-06,70.19721489999999,50.0657706,4.4113289599999995e-07,6.245328120000001,0.00187105231,0.143919372,7.5991931e-05,3.0540316499999997e-06,0.00371681309,0.570630309,7.5991931e-05,3.0540316499999997e-06,0.0126401604,4.88730743,7.5991931e-05,3.0540316499999997e-06,0.000271540408,0.18234225740000004,7.5991931e-05,3.0540316499999997e-06,0.0125597721,2.40703265e-07,0.000157989582,0.0340379193,8.579930766299999,-0.0086894907,-0.011850886699999999,-0.0120302505,2.85886896e-06,7.10965789e-05
113,1661302800,0.014677053450000001,0.0148347575,-0.017205960899999997,-1.6119592,0.16177994,0.1113393828,0.14809202300000002,0.14152932199999999,0.00020681211800000003,0.006332065350000001,0.000157776925,4.0125956500000006e-08,4.378461445e-08,5.0744196950000003e-08,7.21371545e-08,9.760493260000001e-08,1.733799988e-07,3.4969676800000004e-07,0.007253998320000001,7.983310340000001e-05,3.7884412500000004e-06,67.390472,50.057230399999995,4.98128837e-07,6.459538960000001,0.00197308833,0.15804832800000002,8.088287639999999e-05,3.04082938e-06,0.0039481524,0.640362889,8.088287639999999e-05,3.04082938e-06,0.012687128400000003,5.036827929999999,8.088287639999999e-05,3.04082938e-06,0.000313301323,0.3369948948,8.088287639999999e-05,3.04082938e-06,0.0125582796,1.6692654200000003e-07,0.00015787792899999998,0.0342827083,0.37402268299999997,-0.0105792734,-0.01189060915,-0.01204449465,2.46749894e-06,6.865246940000001e-05
113,1661303400,0.015595094699999998,0.0157531516,-0.00436888884,-1.54846933,0.173330296,0.11371080750000002,0.159529873,0.15191713700000004,0.000214384249,0.00673011793,0.000158128563,3.89608978e-08,4.17737969e-08,5.070878e-08,7.33324871e-08,1.0161976480000001e-07,1.712218812e-07,3.9239080699999994e-07,0.00773030047,6.163202670000001e-05,4.67115607e-06,66.93584580000001,49.83972010000001,5.286334229999999e-07,6.49008122,0.00201231561,0.165878184,7.4103416e-05,2.79486374e-06,0.004062875499999999,0.677695656,7.4103416e-05,2.79486374e-06,0.0126574884,4.9090585,7.4103416e-05,2.79486374e-06,0.000268706653,0.1993939046,7.4103416e-05,2.79486374e-06,0.0125762747,1.76642647e-07,0.00015833975300000002,0.022980237999999997,0.6136087288999998,-0.010305190780000001,-0.01188997575,-0.0120421569,2.5894110700000003e-06,6.948841499999999e-05
113,1661304000,0.016809523599999997,0.0169674238,-0.00452874303,-1.55377756,0.179667984,0.11816991000000002,0.165117543,0.15765480699999995,0.000217403553,0.007233019460000001,0.00015795247899999998,2.317138036e-08,2.3745456160000002e-08,2.755573356e-08,4.606815360000001e-08,6.556275139999999e-08,1.0236113940000001e-07,2.79244627e-07,0.00834446195,5.62521705e-05,3.4231612499999995e-06,67.81460340000001,49.7918833,5.695013140000001e-07,6.0265006,0.00208436708,0.17751133700000002,8.143881609999999e-05,3.0891503299999996e-06,0.004220811570000001,0.7306396829999999,8.143881609999999e-05,3.0891503299999996e-06,0.0126984657,5.04610027,8.143881609999999e-05,3.0891503299999996e-06,0.00033698757299999995,0.36170018039999996,8.143881609999999e-05,3.0891503299999996e-06,0.0125661768,1.7029879200000002e-07,0.000158079729,0.0500855587,0.9340829266000001,-0.01020553084,-0.011889372499999998,-0.0120453619,2.37833655e-06,6.936704950000001e-05
113,1661304600,0.016188087099999998,0.0163451972,-0.0007977088299999999,-1.49904862,0.18308059100000001,0.1150403667,0.167067599,0.158104828,0.00020761254499999997,0.006931885450000001,0.000157202352,4.1268936900000005e-08,4.25214096e-08,4.988442669000001e-08,7.28310923e-08,9.744189039999998e-08,1.587406584e-07,3.4123148359999994e-07,0.008020427909999999,6.83509726e-05,4.363946950000001e-06,66.70594220000001,49.947591700000004,5.4850718e-07,6.2613037700000005,0.0020524909699999997,0.17322869800000001,7.669129900000001e-05,3.1079059400000007e-06,0.004144367160000001,0.706631802,7.669129900000001e-05,3.1079059400000007e-06,0.0126472005,4.95466331,7.669129900000001e-05,3.1079059400000007e-06,0.000299013919,0.2615286616,7.669129900000001e-05,3.1079059400000007e-06,0.01253748,2.16683877e-07,0.000157405545,-0.12451175813999997,1.351545338,-0.010129041049999999,-0.011828126999999999,-0.0119939282,2.8321527499999997e-06,7.23255219e-05
113,1661305200,0.01156400065,0.011721187800000001,-0.00996138805,-1.52990177,0.151092112,0.0980529871,0.13822921900000001,0.130016468,0.0001383839014,0.004970096030000001,0.000157265892,4.551585266e-08,4.8913403770000014e-08,5.800167120000001e-08,7.663891470000001e-08,1.1148043950000001e-07,1.607512124e-07,3.4226302599999996e-07,0.00569334517,8.42837265e-05,3.44918736e-06,68.35132969999998,50.150454499999995,3.9461741200000006e-07,6.53265059,0.00174797085,0.124594813,7.61619e-05,2.8122094e-06,0.0034970056799999995,0.501872408,7.61619e-05,2.8122094e-06,0.0126183235,4.8830633,7.61619e-05,2.8122094e-06,0.000254218138,0.19843124850000002,7.61619e-05,2.8122094e-06,0.01253810725,1.7548407000000003e-07,0.000157379943,-0.0016982924500000037,0.17879663720000002,-0.010706397900000001,-0.011853447,-0.012008715549999998,2.4485923499999997e-06,6.86123876e-05
113,1661305800,0.0104726916,0.01063042745,0.00458508054,-1.4828608300000001,0.153192173,0.0926209296,0.13342907799999998,0.12446629949999999,0.000368321398,0.00495376713,0.000157802753,3.793411875999999e-08,4.082473748e-08,4.63346959e-08,6.43165828e-08,8.55475967e-08,1.1430124489999998e-07,2.721024044e-07,0.00514946145,8.27346476e-05,3.4168362600000003e-06,68.0922836,50.1246267,3.5843320000000003e-07,6.27349305,0.0016572932400000003,0.11289807560000001,7.62416617e-05,2.7096493e-06,0.0033179214799999995,0.45467204800000005,7.62416617e-05,2.7096493e-06,0.012653907949999998,4.938873750000001,7.62416617e-05,2.7096493e-06,0.00025802139400000004,0.22329110980000003,7.62416617e-05,2.7096493e-06,0.0125555031,1.63810494e-07,0.000157804857,0.0931957959457,8.114569391399998,-0.0096361391,-0.0118972834,-0.01205391105,2.28799752e-06,6.81289182e-05
113,1661306400,0.009870147249999999,0.01002793755,-9.21930700000002e-05,-1.4647775,0.148279528,0.08949440580000001,0.1297539625,0.11940364839999999,0.0003974472220000001,0.004623443400000001,0.000157881837,1.583766751e-08,1.6927685460000002e-08,1.9150275850000002e-08,3.1277e-08,5.16584949e-08,6.86546372e-08,1.671897636e-07,0.00485488257,7.650245689999999e-05,3.2241347000000003e-06,71.9452051,50.0743748,3.3856238899999997e-07,6.490290419999999,0.0015835418499999996,0.1038620087,7.60456536e-05,3.1623604500000003e-06,0.0031923696200000006,0.42361904399999994,7.60456536e-05,3.1623604500000003e-06,0.012655206399999999,4.918104680000001,7.60456536e-05,3.1623604500000003e-06,0.00026707125900000007,0.20824750069999998,7.60456536e-05,3.1623604500000003e-06,0.012563628050000001,2.54680469e-07,0.00015810030400000003,-0.12374031814000001,1.8067882592,-0.009956236,-0.0118682941,-0.0120351247,2.9474022599999997e-06,7.24317983e-05
113,1661307000,0.009047098250000002,0.0092050439,0.00846484676,-1.45358614,0.14224184299999998,0.08594425050000001,0.125591331,0.1156160279,0.000339063202,0.00419315301,0.000158068614,3.4359857500000004e-08,3.733447320000001e-08,4.2077715799999993e-08,6.097682509999999e-08,8.380143180000001e-08,1.116926215e-07,2.3935580299999996e-07,0.00443046956,8.82986075e-05,4.048195139999999e-06,69.85590399999998,50.26259170000001,3.1096194300000003e-07,6.522506390000001,0.00153156481,0.0967583549,7.938089110000001e-05,3.6565547400000004e-06,0.0030666766800000003,0.388021153,7.938089110000001e-05,3.6565547400000004e-06,0.0126431303,4.88128106,7.938089110000001e-05,3.6565547400000004e-06,0.00024980017699999994,0.1766287184,7.938089110000001e-05,3.6565547400000004e-06,0.01256773215,2.90403671e-07,0.00015823875999999997,-0.2971284391999999,3.370860536,-0.00934771098,-0.0118728202,-0.01204271515,3.4862232699999997e-06,7.682525649999999e-05
113,1661307600,0.0124871387,0.012645413249999998,0.00242959846,-1.58663053,0.15799232800000002,0.10266440780000001,0.140666797,0.132566552,0.000261425633,0.00552754642,0.00015833857799999997,2.963312347e-08,2.7176794119999998e-08,3.2149842060000005e-08,5.3325286600000005e-08,7.04211307e-08,9.01472974e-08,2.0724437769999998e-07,0.0061336353699999995,0.00010612619550000001,3.23347413e-06,69.53646599999999,50.493084700000004,4.25636183e-07,6.243447980000001,0.0018150573899999999,0.1338311425,7.43476227e-05,2.72278721e-06,0.0036187811000000006,0.538870964,7.43476227e-05,2.72278721e-06,0.012665151400000001,4.918524100000001,7.43476227e-05,2.72278721e-06,0.00027987244799999996,0.20062047899999996,7.43476227e-05,2.72278721e-06,0.012579574699999999,2.09413163e-07,0.000158455436,-0.21378233266,3.216947777,-0.010111822099999999,-0.01184701575,-0.01201575015,2.49813361e-06,6.9136507e-05
113,1661308200,0.009427948949999999,0.00958593525,-0.00441466171,-1.6397834,0.135454132,0.08971578300000001,0.11557853079999998,0.10950334349999999,0.000201765314,0.00424558139,0.00015809945200000002,3.016801206e-08,1.812408735e-08,2.112431295e-08,3.4201326600000005e-08,5.453804730000001e-08,7.069125630000001e-08,2.0364968150000004e-07,0.00462951187,8.00275274e-05,3.88736009e-06,71.71220600000001,50.0852634,3.2395469200000007e-07,6.33945418,0.00158538758,0.10326468150000001,8.164260980000001e-05,3.38702139e-06,0.0031429861000000004,0.408223207,8.164260980000001e-05,3.38702139e-06,0.012669974450000001,4.97586776,8.164260980000001e-05,3.38702139e-06,0.000296643535,0.26308243119999997,8.164260980000001e-05,3.38702139e-06,0.012565388300000003,3.17985978e-07,0.00015819675499999998,0.22895549462999987,18.273519882000002,-0.00726064303,-0.011783615099999999,-0.011985322949999998,3.0713040500000002e-06,7.278431449999999e-05
113,1661308800,0.0120532942,0.01221112475,0.0056933936800000005,-1.6092125400000001,0.15097960900000001,0.10090565409999999,0.135716645,0.1282914171,0.0002269867155,0.00534082401,0.000157881064,1.90265595e-08,2.130938394e-08,2.5938596800000002e-08,4.36795768e-08,6.26566447e-08,9.069221899999999e-08,2.51181122e-07,0.00594943061,7.21467201e-05,4.504154289999999e-06,69.9958309,49.9604871,4.1107904399999997e-07,6.57610447,0.00176288868,0.127404279,7.25264336e-05,2.6061849800000003e-06,0.00354881249,0.5185979530000001,7.25264336e-05,2.6061849800000003e-06,0.012644778700000001,4.88306581,7.25264336e-05,2.6061849800000003e-06,0.00025359489,0.16728797410000001,7.25264336e-05,2.6061849800000003e-06,0.0125636075,1.81431679e-07,0.00015802637799999997,0.016798808899999997,1.1491915237000003,-0.010126582999999998,-0.01187088895,-0.0120258351,2.43165111e-06,6.90306955e-05
113,1661309400,0.012219982300000001,0.01237780615,0.011008487039999997,-1.5319965400000002,0.163054974,0.10083380210000001,0.142954364,0.134291599,0.000256397559,0.005478555469999999,0.000157891427,3.6548272070000005e-08,3.859515062e-08,4.7431274550000004e-08,6.92541506e-08,1.1473598919999998e-07,1.2659630869999998e-07,2.80998458e-07,0.0060103354099999996,9.594015830000001e-05,2.9323986199999997e-06,69.0206461,50.33056470000001,4.1656122599999997e-07,6.407098639999999,0.0017902292100000002,0.13119847,7.66136203e-05,2.80744041e-06,0.00357373058,0.5248562560000001,7.66136203e-05,2.80744041e-06,0.012671870299999999,4.9673985300000005,7.66136203e-05,2.80744041e-06,0.000291123875,0.2667418182,7.66136203e-05,2.80744041e-06,0.01256430875,2.38805704e-07,0.000158101739,0.011053086399999997,2.03419202969,-0.00979095524,-0.01176125235,-0.011940909699999998,2.44048348e-06,6.8709115e-05
113,1661310000,0.00879841091,0.008956260550000001,0.026778524199999997,-1.4690469,0.14295436099999997,0.08483010900000001,0.122478737,0.11422848640000001,0.000263102579,0.004051983760000001,0.00015795595400000002,2.1125302180000003e-08,2.41322579e-08,2.9685485740000004e-08,5.075481709999999e-08,7.956618550000001e-08,1.0933589319999999e-07,2.8459262360000004e-07,0.0043411947,5.34622796e-05,3.842045059999999e-06,69.4850273,49.49133720000001,3.0279176099999996e-07,6.59243421,0.0015366752,0.0995460531,8.15544867e-05,3.7471004400000004e-06,0.0030506645699999997,0.38359180299999995,8.15544867e-05,3.7471004400000004e-06,0.0126422434,4.883697110000001,8.15544867e-05,3.7471004400000004e-06,0.00024624099600000003,0.16481379459999998,8.15544867e-05,3.7471004400000004e-06,0.0125655518,3.4482375599999995e-07,0.000158238535,-0.24070147356,14.688463607400001,-0.00842143225,-0.0117201753,-0.0119255579,3.5529060200000006e-06,7.75560435e-05
113,1661310600,0.005008347370000001,0.00516568934,0.06725897559999999,-1.2397379050000001,0.12037867310000001,0.061138854,0.09427787709999999,0.0858026184,0.000268737442,0.0026756820599999997,0.00015740045999999998,1.706893235e-08,2.126072377e-08,2.220062097e-08,4.31765687e-08,1.6981780900000001e-07,6.55751901e-08,1.6489901260000001e-07,0.00246605762,3.34906572e-05,4.05796424e-06,70.6677309,47.8937689,1.767396236e-07,6.7270226399999995,0.0011622729280000002,0.0627405639,7.067319379999999e-05,2.6861676100000002e-06,0.0022406603599999996,0.21605810600000003,7.067319379999999e-05,2.6861676100000002e-06,0.012575420649999999,4.75969387,7.067319379999999e-05,2.6861676100000002e-06,0.000194343559,0.07713850599999998,7.067319379999999e-05,2.6861676100000002e-06,0.01254332625,4.3643119400000004e-07,0.000157771753,-0.0012462731695999985,0.9425652086329999,-0.008725691939999999,-0.011502127,-0.011703326449999999,2.67192604e-06,7.050725020000001e-05
113,1661311200,0.00301151741,0.0031699697700000003,0.023819084610000003,-1.4328727099999998,0.090827773,0.0484068935,0.0625894109,0.054151653200000004,0.0004031737209,0.0021010947960000003,0.000158492424,7.945027439999999e-09,1.062888229e-08,1.6156798300000004e-08,2.5802968750000002e-08,8.021186450000002e-08,6.78682144e-08,1.75688239e-07,0.001478082394,2.39618106e-05,3.2896019000000003e-06,73.3311825,45.567252,1.104508406e-07,7.111517649999999,0.0009089520129999999,0.039974694399999997,6.90604849e-05,2.3209340700000002e-06,0.001680625086,0.1290365361,6.90604849e-05,2.3209340700000002e-06,0.01261715115,4.77797666,6.90604849e-05,2.3209340700000002e-06,0.00015322573900000003,0.046905105200000005,6.90604849e-05,2.3209340700000002e-06,0.0125844551,2.71325434e-07,0.000158640297,0.0031857397000000067,6.012388737499999,-0.008762834,-0.011765894100000002,-0.0119407877,2.27701641e-06,6.85262236e-05
113,1661311800,0.00495140453,0.00511044414,0.01189291921,-1.50265019,0.10211561809999999,0.063830516,0.0844525759,0.0780398857,0.000295654462,0.0026020492200000004,0.000159081894,1.12394687e-08,1.3702867769999998e-08,1.761757062e-08,3.01164461e-08,5.82513875e-08,7.034566009999999e-08,1.7080232160000002e-07,0.00243066233,4.0570493200000005e-05,4.05510856e-06,71.0325679,48.4063586,1.7499672500000002e-07,6.764387219999999,0.001141765712,0.05682081510000001,7.036950590000001e-05,2.4181346e-06,0.00224566175,0.21216334200000003,7.036950590000001e-05,2.4181346e-06,0.0126512246,4.82101493,7.036950590000001e-05,2.4181346e-06,0.00018372422400000002,0.08166574200000001,7.036950590000001e-05,2.4181346e-06,0.01260955755,2.0633522200000004e-07,0.00015920805199999997,-0.012223613370000002,0.3087430297,-0.01032888495,-0.01186845615,-0.012035912,2.32785589e-06,6.928911560000001e-05
113,1661312400,0.0029463564999999995,0.00310424186,0.0688149076,-1.30927089,0.0875651744,0.04817368209999999,0.0698271313,0.0618768896,0.00020879145700000002,0.0016116194099999998,0.00015805662299999998,7.608127640000001e-09,1.0114912259999999e-08,1.002399931e-08,2.15367853e-08,4.515647540000001e-08,3.56194761e-08,9.94431795e-08,0.0014601372930000002,9.603554199999998e-06,3.0362044300000004e-06,71.1062784,45.5503208,1.083598245e-07,6.78621015,0.0008811875749999999,0.0351518938,7.9302288e-05,4.00596625e-06,0.00174197738,0.128730277,7.9302288e-05,4.00596625e-06,0.01258493785,4.7588478,7.9302288e-05,4.00596625e-06,0.0001619350849,0.04306724095000001,7.9302288e-05,4.00596625e-06,0.012565096550000002,4.77720985e-07,0.000158359606,-0.32568539296,4.92185731,-0.00877161885,-0.0117677765,-0.0119643332,3.989121349999999e-06,7.955104599999999e-05
113,1661313000,0.004989287649999999,0.00514703018,0.009525465285000001,-1.45831212,0.10672825729999999,0.06361928920000001,0.0872651644,0.0820150018,0.00015722181860000002,0.0024712108599999998,0.00015778296799999996,5.37341663e-09,6.635756340000002e-09,6.902424750000001e-09,2.363265575e-08,2.985411360000001e-08,2.3613167500000003e-08,9.42811167e-08,0.0024770110899999995,1.3107972759999997e-05,4.29363816e-06,71.58731709999999,47.5208047,1.7646875400000002e-07,6.36926087,0.001145537083,0.0560698854,6.977482090000001e-05,2.4714488300000005e-06,0.00229305297,0.218183288,6.977482090000001e-05,2.4714488300000005e-06,0.0126049703,4.79397563,6.977482090000001e-05,2.4714488300000005e-06,0.000178660007,0.07799978064,6.977482090000001e-05,2.4714488300000005e-06,0.012560001599999999,1.9319121500000004e-07,0.000157947324,0.0067583341000000035,1.4868744124,-0.009892635200000001,-0.0118743589,-0.0120312838,2.45075671e-06,6.90030799e-05
113,1661313600,0.00754557798,0.0077034680799999995,0.01179085778,-1.38109874,0.14512943099999998,0.0776006065,0.1096533486,0.1030906484,0.000584877192,0.00477628813,0.000158270336,2.433431375e-08,2.6244458600000004e-08,3.300509727e-08,4.778778259999999e-08,6.516885300000002e-08,1.1239269569999998e-07,2.065964166e-07,0.00374129946,2.7678608330000002e-05,2.9147560800000004e-06,66.70525330000001,48.7167309,2.6105370499999997e-07,6.6310660100000005,0.00138588341,0.08229486359999999,9.527917450000001e-05,6.989373990000001e-06,0.00280117288,0.326957867,9.527917450000001e-05,6.989373990000001e-06,0.012631745750000001,4.8788544300000005,9.527917450000001e-05,6.989373990000001e-06,0.000246558463,0.14845542173999998,9.527917450000001e-05,6.989373990000001e-06,0.01256953365,8.61811918e-07,0.000158855374,-0.5434384360000001,13.42936242,-0.006957151919999999,-0.0113959313,-0.011730731099999999,6.88142635e-06,9.3227565e-05
113,1661314200,0.00719151187,0.0073489867700000005,0.025896604300000004,-1.34208455,0.1396917604,0.07489134959999999,0.11321595649999998,0.1049282021,0.00032981661099999997,0.0036032835099999994,0.000157760373,2.2142605200000005e-08,2.073687835e-08,2.354929874e-08,3.45074309e-08,5.2701582599999994e-08,7.26692827e-08,1.52964404e-07,0.0035491477800000002,4.29072635e-05,3.03541455e-06,69.83167940000001,49.0822637,2.49412678e-07,6.56621138,0.00135509273,0.078695195,8.263947009999999e-05,6.40412915e-06,0.00274388496,0.31372479000000003,8.263947009999999e-05,6.40412915e-06,0.012623951050000002,4.857787,8.263947009999999e-05,6.40412915e-06,0.00025360826500000003,0.13893165440000002,8.263947009999999e-05,6.40412915e-06,0.012546267650000002,6.711190579999999e-07,0.00015807933999999999,0.44866682100000005,7.034891714,-0.0068757065,-0.011349415,-0.0116747314,6.43664673e-06,8.35665751e-05
113,1661314800,0.0096725861,0.00982973152,0.01670726928,-1.4568178499999997,0.150867103,0.0883113039,0.127166379,0.11959115100000002,0.00030774264,0.00460667508,0.00015736965500000002,2.416670079e-08,2.478923405e-08,3.14868707e-08,5.702530039999999e-08,6.554197000000002e-08,1.028120089e-07,2.33219965e-07,0.004821543160000001,1.0371337609999999e-05,3.61384462e-06,66.3233524,48.696139900000006,3.3188862000000007e-07,6.550122910000001,0.0015810484600000002,0.1064703642,8.51730784e-05,5.61950042e-06,0.0032064355999999994,0.424508118,8.51730784e-05,5.61950042e-06,0.012625775249999999,4.87960579,8.51730784e-05,5.61950042e-06,0.000281813752,0.1776248504,8.51730784e-05,5.61950042e-06,0.012536380049999999,5.71623994e-07,0.00015773348200000004,-0.16097163830000003,4.447761009999999,-0.00745568817,-0.011441216649999999,-0.011740228399999999,5.646581930000001e-06,8.424448600000001e-05
113,1661315400,0.01258203265,0.0127387327,0.006004544200999999,-1.48833144,0.16076741,0.1009879731,0.144004397,0.138379223,0.000209735136,0.005579642189999999,0.00015680134699999997,3.0479736499999996e-08,3.347677584999999e-08,3.641725350000001e-08,5.472219669999999e-08,7.52067901e-08,1.101597124e-07,2.422340245e-07,0.006284442950000001,2.35693838e-06,3.5258072499999996e-06,63.783788400000006,48.8565785,4.28669575e-07,6.355693409999999,0.0017934893600000002,0.1355674,7.557251439999999e-05,3.3208197399999996e-06,0.0036758332199999994,0.556051599,7.557251439999999e-05,3.3208197399999996e-06,0.01260757975,4.871136,7.557251439999999e-05,3.3208197399999996e-06,0.00026837106600000006,0.17913127569999998,7.557251439999999e-05,3.3208197399999996e-06,0.0125206679,2.4492907100000003e-07,0.00015701235300000002,0.08014130109999998,4.7608409510000005,-0.009055054750000001,-0.011793526999999998,-0.0119744585,3.10045745e-06,7.29656823e-05
113,1661316000,0.01216383185,0.0123205194,0.00836263535,-1.56651439,0.15319217899999998,0.10045603380000001,0.137891708,0.13177902049999998,0.0002355889175,0.005380943590000001,0.000157047988,3.9755483000000006e-08,4.063851755e-08,4.59431858e-08,6.55718656e-08,8.36322014e-08,1.2747721270000002e-07,2.7145556700000004e-07,0.00604902813,2.8286528800000004e-05,3.5635392600000004e-06,64.76154919999999,49.2489137,4.1474187300000004e-07,6.520941259999999,0.0017767915800000003,0.13087221300000002,9.8921941e-05,6.17399906e-06,0.0035945982599999995,0.5343169139999999,9.8921941e-05,6.17399906e-06,0.012617469449999998,4.935872420000001,9.8921941e-05,6.17399906e-06,0.00030017958000000004,0.248225721,9.8921941e-05,6.17399906e-06,0.0125226605,7.895371510000001e-07,0.00015760695899999998,-0.5784844192999999,7.260451494,-0.00809913975,-0.011691633949999999,-0.01192430365,5.9212110800000005e-06,9.236977229999999e-05
113,1661316600,0.0119359356,0.012093543299999999,0.005999441120000001,-1.53772523,0.153867193,0.0993519378,0.138079219,0.132004032,0.000197638523,0.0052670655,0.00015769093600000002,3.690046188e-08,3.4019570400000005e-08,4.301354019999999e-08,5.56696469e-08,1.308408063e-07,1.1241863349999999e-07,2.18504915e-07,0.00593981083,2.3874957800000003e-05,3.55398163e-06,65.4613422,49.1616897,4.07262127e-07,6.2954456,0.0017692743100000002,0.131053308,7.76659279e-05,3.14023666e-06,0.0035690166099999997,0.5231803110000001,7.76659279e-05,3.14023666e-06,0.0126416013,4.90051044,7.76659279e-05,3.14023666e-06,0.00027041671099999997,0.20450975856000003,7.76659279e-05,3.14023666e-06,0.0125527623,3.3366739299999996e-07,0.000157905455,-0.1385815371,7.540052985999997,-0.008171617505,-0.011841547650000003,-0.012022089750000001,2.8789020499999997e-06,7.399156550000001e-05
113,1661317200,0.01333466505,0.01349173775,0.011361080809999998,-1.5123601999999998,0.16631757600000002,0.10458179240000001,0.14925455799999998,0.142054342,0.00020693863200000004,0.00577299393,0.00015753872000000003,3.75855067e-08,3.579579635e-08,4.0030256650000005e-08,6.1265671e-08,7.67341231e-08,1.141512743e-07,2.552156705e-07,0.006625611450000001,3.580589911e-05,4.82756503e-06,66.4067997,49.4489727,4.5370776799999995e-07,6.4260847299999995,0.0018503789,0.14176242300000003,9.30074092e-05,7.224663700000001e-06,0.00376457202,0.582099614,9.30074092e-05,7.224663700000001e-06,0.012620600700000002,4.9085952,9.30074092e-05,7.224663700000001e-06,0.000319660848,0.2184032354,9.30074092e-05,7.224663700000001e-06,0.012523405400000001,1.0197451430000001e-06,0.000157856358,0.102385379,5.29768724,-0.007206895370000001,-0.011099124399999999,-0.011618230200000001,7.00015817e-06,8.85644454e-05
113,1661317800,0.0128170946,0.012974760299999999,0.00912145107,-1.6050648500000002,0.157092297,0.10402973900000001,0.138229221,0.13226653800000002,0.000230496185,0.00566802975,0.000157998404,4.670511910000001e-08,4.62562401e-08,5.141629495999999e-08,7.260674880000001e-08,9.19151881e-08,1.3108331180000004e-07,2.984955624e-07,0.006344342060000001,5.849943779999999e-05,4.63077557e-06,67.0371169,49.7424975,4.363815409999999e-07,6.47666842,0.0018357835700000002,0.137925342,8.68957629e-05,6.55761733e-06,0.0036910454100000005,0.560970177,8.68957629e-05,6.55761733e-06,0.012655580700000002,4.95469697,8.68957629e-05,6.55761733e-06,0.000292857816,0.22629427424999998,8.68957629e-05,6.55761733e-06,0.0125510716,7.16684613e-07,0.000158247636,0.9324988990000002,7.87744656,-0.0072358529800000005,-0.01131920345,-0.01176621205,6.32800415e-06,8.14961986e-05
113,1661318400,0.013214463400000001,0.01337135095,-0.012955420419999999,-1.6093799899999996,0.155179736,0.1056356986,0.13875423800000003,0.133466574,0.000222180869,0.00579045972,0.000157452828,1.5576705499999998e-08,1.765610067e-08,2.284401385e-08,4.1499139300000006e-08,6.768288330000001e-08,9.109853239999999e-08,2.2788253099999997e-07,0.006555208520000001,4.60372331e-05,4.92841683e-06,68.5577644,49.5557765,4.49621041e-07,6.4081847,0.00186722653,0.1439382,0.00010571795549999998,6.98434018e-06,0.00375702706,0.5803463139999999,0.00010571795549999998,6.98434018e-06,0.01261739865,4.91203889,0.00010571795549999998,6.98434018e-06,0.000275650297,0.20250653389999998,0.00010571795549999998,6.98434018e-06,0.0125277837,1.2725455440000001e-06,0.00015821829700000001,-0.16889712160000003,3.1048858573,-0.008813135956,-0.01162663285,-0.0118989577,6.815058460000001e-06,0.00010048300799999999
113,1661319000,0.013588448049999998,0.013745494700000003,-0.011236061670000002,-1.6274270899999999,0.15300466799999998,0.1074834461,0.140179279,0.13492912699999998,0.00021436731899999997,0.005859949349999999,0.00015711092700000003,3.630362825e-08,3.883191434e-08,5.04114172e-08,6.759107930000001e-08,8.560303530000001e-08,1.2707021219999998e-07,2.629373846e-07,0.006720545359999999,6.73087538e-05,5.62465429e-06,68.8155152,49.90103140000001,4.62016095e-07,6.33645911,0.0018795141000000001,0.144371932,7.15873838e-05,2.52097727e-06,0.00379641604,0.59164388,7.15873838e-05,2.52097727e-06,0.0126085992,4.8583859999999985,7.15873838e-05,2.52097727e-06,0.00025292519399999997,0.17500762649999999,7.15873838e-05,2.52097727e-06,0.01253495345,1.8469587600000003e-07,0.00015731000700000002,0.087626629,1.011200186,-0.010076664700000001,-0.011834467999999999,-0.01200047315,2.3169104299999997e-06,6.8217783e-05
113,1661319600,0.0157699143,0.015927148300000003,-0.01354631385,-1.61940928,0.16433001900000002,0.11552159340000001,0.151017111,0.14644196899999998,0.00016820431199999998,0.00668856625,0.000157370476,3.1436538800000004e-08,3.3440401859999995e-08,3.7959794449999995e-08,6.328482890000001e-08,9.0482113e-08,1.209713625e-07,2.84807074e-07,0.007828180970000001,5.1499510999999994e-05,4.46054296e-06,67.6776919,49.7158706,5.3473547e-07,6.2296064399999995,0.0020360175999999995,0.170198232,8.316148200000001e-05,3.8028169200000002e-06,0.00410390006,0.690781434,8.316148200000001e-05,3.8028169200000002e-06,0.0126261816,4.90528995,8.316148200000001e-05,3.8028169200000002e-06,0.00028320244700000003,0.20362550199999996,8.316148200000001e-05,3.8028169200000002e-06,0.0125401454,3.5978472200000004e-07,0.000157616125,-0.32211152479,3.5646868403999994,-0.0093502842,-0.0117926818,-0.011970062449999999,3.5077136600000003e-06,7.7089726e-05
113,1661320200,0.014738322950000002,0.014895948650000001,-0.00975038348,-1.59410443,0.16395500400000002,0.11120888550000001,0.149554565,0.143854393,0.0001636217245,0.00626131315,0.00015768764699999999,3.460364055e-08,3.8387643300000006e-08,4.737307234e-08,7.082059619999999e-08,9.307542990000001e-08,1.356148116e-07,2.8219024000000004e-07,0.007316428460000001,4.81009585e-05,3.8663288700000005e-06,65.89657880000001,49.6465506,5.00404803e-07,6.303007119999999,0.0019571334499999997,0.15707033399999998,7.965929179999998e-05,2.85523945e-06,0.00395476849,0.6421485530000001,7.965929179999998e-05,2.85523945e-06,0.01266617525,4.9860796899999995,7.965929179999998e-05,2.85523945e-06,0.00030561803799999997,0.291546835,7.965929179999998e-05,2.85523945e-06,0.01255346705,1.88487262e-07,0.000157778611,-0.0264892517,2.787374337,-0.00963991132,-0.0118708619,-0.0120321888,2.27000889e-06,6.81940035e-05
113,1661320800,0.01657406475,0.016731031299999997,-0.01472103676,-1.5810608400000001,0.170405201,0.11759025450000002,0.15780481600000001,0.153154675,0.00028916088800000003,0.00711305595,0.000157079113,4.26208346e-08,4.797399109e-08,5.72969016e-08,8.26536626e-08,1.069462069e-07,1.7177913579999997e-07,3.1170040299999995e-07,0.008259754299999998,2.18747549e-05,4.4639323e-06,63.49875619999999,49.386684599999995,5.61536861e-07,6.24558629,0.0020668480299999995,0.17753297099999998,7.98659617e-05,3.4892073099999996e-06,0.00420182093,0.725336905,7.98659617e-05,3.4892073099999996e-06,0.012652622950000001,4.97639126,7.98659617e-05,3.4892073099999996e-06,0.000328332597,0.285102491,7.98659617e-05,3.4892073099999996e-06,0.012526720250000001,3.24144899e-07,0.00015724315599999997,-0.1929222985,8.2283171884,-0.008533184519999999,-0.011754513800000001,-0.011955067500000001,3.13913481e-06,7.44034766e-05
113,1661321400,0.01564763845,0.01580471195,-0.012552182363,-1.5905730500000002,0.166617587,0.11449945349999999,0.15187963299999999,0.14775451,0.000237634947,0.0067534419499999995,0.00015724834,6.5987363e-08,7.080873620000001e-08,8.66937396e-08,1.115961055e-07,1.4922611779999998e-07,2.1414572799999998e-07,4.22203749e-07,0.007792165170000001,2.5460362600000003e-05,4.88757516e-06,63.4148248,49.381378,5.30400312e-07,6.46811177,0.00201654818,0.169134225,8.54339254e-05,3.4957819399999998e-06,0.004096428920000001,0.689252356,8.54339254e-05,3.4957819399999998e-06,0.012638880699999999,4.949877949999999,8.54339254e-05,3.4957819399999998e-06,0.00032265237,0.2840710813999999,8.54339254e-05,3.4957819399999998e-06,0.01252095,3.30944976e-07,0.000157107041,-0.07415372749999997,5.983969333,-0.00870139612,-0.01176095175,-0.011962582,2.7567336e-06,7.17769601e-05
113,1661322000,0.012582380399999999,0.01273906909,-0.01788449004,-1.55864323,0.173255293,0.101745847,0.136841682,0.1287789301,0.0005719390294,0.00666243144,0.000156775037,4.61361754e-08,5.60192959e-08,7.310812389999999e-08,1.059273316e-07,1.327155657e-07,2.1191178680000003e-07,4.5473694339999996e-07,0.00626127367,2.4117338500000002e-05,4.616058240000001e-06,64.64324769999999,49.1687553,4.28480864e-07,6.52317143,0.0018361263500000003,0.146152463,7.840840720000001e-05,3.02555362e-06,0.0036500559100000004,0.559865056,7.840840720000001e-05,3.02555362e-06,0.0126240466,4.9205582,7.840840720000001e-05,3.02555362e-06,0.000305592551,0.26056055300000003,7.840840720000001e-05,3.02555362e-06,0.012514955150000001,3.79042616e-07,0.00015700378500000002,0.023290325200000024,17.736459103999998,-0.00616569909,-0.011780461449999998,-0.011974132500000002,2.6102545099999998e-06,6.94830607e-05
113,1661322600,0.009794477899999997,0.009951819800000001,-0.01350999196,-1.64159996,0.137216686,0.091283567,0.11490350800000002,0.1093908396,0.000271403628,0.00464273016,0.00015781922,3.12105741e-08,3.31646197e-08,4.09446883e-08,5.6433552199999994e-08,7.97673713e-08,1.1481961820000003e-07,2.1508291100000002e-07,0.004841832910000001,5.0604127400000006e-05,3.7475322099999994e-06,67.7127729,49.482130100000006,3.3601281100000003e-07,6.535238670000001,0.0015976940300000003,0.1065399676,9.778892560000001e-05,6.692828120000001e-06,0.00320485052,0.42396798599999996,9.778892560000001e-05,6.692828120000001e-06,0.012607602700000001,4.85715066,9.778892560000001e-05,6.692828120000001e-06,0.000247357578,0.1569537413,9.778892560000001e-05,6.692828120000001e-06,0.012540831000000002,1.088667756e-06,0.000158361544,-0.557753007,10.297962682999998,-0.00748810999,-0.01152363515,-0.0118482499,6.70994631e-06,9.554354260000001e-05
113,1661323200,0.011494559100000001,0.01165245925,-0.0163329646,-1.64145563,0.14141681599999997,0.0987256124,0.1245038015,0.1202286674,0.00019083702,0.0050345006,0.000157948054,1.6142356450000002e-08,1.79038028e-08,2.4617293e-08,3.9289023300000004e-08,5.908982110000001e-08,8.11045622e-08,1.8294166040000004e-07,0.005693816359999999,4.93450129e-05,3.64966331e-06,69.40619139999998,49.571566000000004,3.92623591e-07,6.379074579999999,0.0017175834600000003,0.1223272286,7.68046655e-05,2.80386918e-06,0.00347107958,0.497414352,7.68046655e-05,2.80386918e-06,0.0126664931,4.9465492,7.68046655e-05,2.80386918e-06,0.000279736844,0.24296911580000002,7.68046655e-05,2.80386918e-06,0.012570001949999998,1.91232495e-07,0.000158196636,0.08741560789999998,4.3021237794000005,-0.00955483485,-0.011865336800000001,-0.0120287018,2.4336777e-06,6.86877845e-05
113,1661323800,0.01299618005,0.013154521499999999,0.0036323146599999993,-1.57060431,0.15619227,0.10419460330000001,0.142579352,0.13597915200000002,0.000235821498,0.0056460300300000005,0.000158390863,2.1851554570000002e-08,2.37972223e-08,2.8118482000000005e-08,4.74061805e-08,6.778809325e-08,9.540073559999998e-08,2.24241833e-07,0.006443371299999999,5.0531202299999995e-05,3.6251119999999997e-06,69.26601169999999,49.6235045,4.4253827900000005e-07,6.32176977,0.0018413979700000003,0.139265687,7.49583513e-05,2.5869687000000003e-06,0.00371278298,0.567475354,7.49583513e-05,2.5869687000000003e-06,0.012687970999999998,4.961747129999999,7.49583513e-05,2.5869687000000003e-06,0.000277474243,0.2205216874,7.49583513e-05,2.5869687000000003e-06,0.01258285345,1.8480850900000002e-07,0.00015851359599999997,0.0599192454,0.903812619,-0.010174631399999998,-0.01187581965,-0.0120401958,2.2981789500000004e-06,6.87294844e-05
113,1661324400,0.0111517064,0.01130923145,0.0007918280599999997,-1.52270079,0.15922986000000003,0.09607891519999999,0.135379137,0.12784140049999998,0.00016173353800000002,0.00492646943,0.00015763512300000001,3.3300472999999996e-08,3.624169902e-08,4.17684692e-08,6.01234711e-08,8.23378784e-08,1.29007487e-07,2.568333824e-07,0.00552328877,4.90225933e-05,2.7846464900000003e-06,67.381055,49.538833,3.8101530700000003e-07,6.5043865,0.00170275984,0.119088569,7.821028759999999e-05,3.38723046e-06,0.00344225597,0.48641592199999995,7.821028759999999e-05,3.38723046e-06,0.01262609065,4.86806999,7.821028759999999e-05,3.38723046e-06,0.00026868662699999996,0.17741618879999999,7.821028759999999e-05,3.38723046e-06,0.0125522564,2.82240181e-07,0.000157841736,-0.328102309,9.342954879,-0.00913284394,-0.01181289005,-0.011997293150000001,3.25784416e-06,7.48554732e-05
113,1661325000,0.011006130950000002,0.0111629689,0.00941199246,-1.4419160999999998,0.16054240199999997,0.0941486109,0.13954176000000001,0.130841492,0.00016203406359999997,0.004769643370000001,0.00015689702600000003,2.9185425999999996e-08,3.234512005e-08,3.6087503399999996e-08,5.2300017e-08,6.79197494e-08,9.776228809999998e-08,1.9120588480000001e-07,0.0054631390299999995,3.5924849199999996e-05,3.4254853500000005e-06,68.30749469999998,49.311817299999994,3.7631821e-07,6.12988911,0.00168096522,0.11788730659999999,7.474788400000001e-05,2.6626507999999998e-06,0.0034133397999999994,0.47876696900000004,7.474788400000001e-05,2.6626507999999998e-06,0.0126116384,4.87675018,7.474788400000001e-05,2.6626507999999998e-06,0.000266445536,0.20763318799999997,7.474788400000001e-05,2.6626507999999998e-06,0.012522314799999998,2.00636959e-07,0.000157006751,1.20155245,36.097285948599996,-0.006640526420000001,-0.011820606199999998,-0.01198244335,2.36721998e-06,6.79131885e-05
113,1661325600,0.01127083225,0.011428254399999999,0.03882704924,-1.4269302700000002,0.15971737199999997,0.0954150328,0.143029366,0.13399158900000002,0.00018994465499999998,0.00498456947,0.000157486223,3.2581015799999994e-08,3.8051791400000005e-08,4.9434014699999994e-08,6.253464950000001e-08,8.440379309999998e-08,1.2502003729999998e-07,2.62975859e-07,0.00556878367,6.0185711e-05,5.71961024e-06,68.68222310000002,49.7539814,3.8487899899999996e-07,6.472975629999999,0.00171818679,0.1228261893,7.367021e-05,2.6650810200000003e-06,0.00346469207,0.493527466,7.367021e-05,2.6650810200000003e-06,0.012627774349999999,4.87572331,7.367021e-05,2.6650810200000003e-06,0.000261711778,0.1848958797,7.367021e-05,2.6650810200000003e-06,0.01254312115,2.07915321e-07,0.00015753866699999997,0.10517379339999999,8.562711501,-0.00835182772,-0.0118386439,-0.012004049450000002,2.42498555e-06,6.84278598e-05
113,1661326200,0.009742731,0.0098998577,0.06791443550000001,-1.37977615,0.154654723,0.088257308,0.13661666700000002,0.126641367,0.0001612705724,0.0042503594,0.00015718611199999998,2.89038956e-08,3.3232528749999995e-08,3.89829922e-08,5.932087909999999e-08,8.25869578e-08,1.2182649990000001e-07,2.8328170959999996e-07,0.0047859741,7.75125566e-05,7.167528289999999e-06,70.2198033,50.078664,3.33866304e-07,6.61655191,0.0016014439999999998,0.10718656299999998,7.31963735e-05,2.59171512e-06,0.00320572768,0.424124912,7.31963735e-05,2.59171512e-06,0.0126266559,4.88907602,7.31963735e-05,2.59171512e-06,0.00027160633100000006,0.20548811139999995,7.31963735e-05,2.59171512e-06,0.0125356164,1.8624908900000002e-07,0.000157328147,0.1525824579,5.327761834,-0.008428165299999998,-0.0118481553,-0.01200909225,2.37327359e-06,6.912861820000001e-05
113,1661326800,0.01128314475,0.0114400207,0.023094193199999998,-1.3820176099999997,0.161892442,0.0948162004,0.14576694699999998,0.135566639,0.00017651211,0.0049508035999999995,0.000156926764,1.550785788e-08,1.814769599e-08,2.063324394e-08,3.47766802e-08,4.497996955e-08,7.1348956e-08,1.7844603339999998e-07,0.0055632875600000005,7.41924675e-05,3.6493351100000005e-06,71.1142457,49.9801653,3.8552028299999994e-07,6.16896924,0.00171480096,0.12234093500000001,7.30317449e-05,2.67006182e-06,0.0034620285200000003,0.492370187,7.30317449e-05,2.67006182e-06,0.0125982979,4.8363141999999995,7.30317449e-05,2.67006182e-06,0.000260554384,0.17933170859999997,7.30317449e-05,2.67006182e-06,0.0125188701,1.79164497e-07,0.00015690174999999997,0.04415648780000002,1.6540555997000002,-0.00954931415,-0.011830473399999998,-0.0119857736,2.4620526e-06,6.836490209999999e-05
113,1661327400,0.012048649049999999,0.0122054157,0.022041720549999998,-1.4448072600000001,0.168530146,0.09900184299999999,0.148054521,0.138304222,0.000194526719,0.00531403584,0.000156832416,3.466720565e-08,3.91280886e-08,4.53338358e-08,6.581920410000001e-08,9.28356785e-08,1.4028100940000002e-07,3.12546677e-07,0.00592875626,9.02541774e-05,4.51692904e-06,69.78746340000001,50.264259700000004,4.1064903e-07,6.63655312,0.0017720685700000002,0.1294467175,7.592199860000001e-05,2.76368501e-06,0.00356148212,0.5207155840000001,7.592199860000001e-05,2.76368501e-06,0.01262123675,4.90287629,7.592199860000001e-05,2.76368501e-06,0.000289886709,0.2400868493,7.592199860000001e-05,2.76368501e-06,0.012516144400000002,1.93285319e-07,0.00015684761,0.0379953122,0.800180089,-0.0099988106,-0.01180292655,-0.011965632399999999,2.4352011299999996e-06,6.83228576e-05
113,1661328000,0.0125860639,0.0127429967,0.016454980799999998,-1.4717274100000002,0.16601756900000003,0.1013152692,0.148879544,0.139691764,0.0001880685094,0.0055229628000000005,0.000157003073,2.3954741350000005e-08,2.5664099159999997e-08,3.293981586e-08,4.82843503e-08,6.12296051e-08,9.484165959999999e-08,2.3662859950000002e-07,0.00622097266,6.84479896e-05,3.01290384e-06,70.832753,49.9003103,4.288390670000001e-07,6.29043885,0.0018079484899999998,0.135351741,7.82806945e-05,3.0761335199999997e-06,0.0036512110299999996,0.5479829730000001,7.82806945e-05,3.0761335199999997e-06,0.01263346185,4.915641519999999,7.82806945e-05,3.0761335199999997e-06,0.00029022311,0.22914704820000004,7.82806945e-05,3.0761335199999997e-06,0.01252775125,2.33954484e-07,0.00015717898899999998,-0.2140433912,3.2381521019199995,-0.0094735086,-0.011796413350000002,-0.011967495149999998,2.821643e-06,7.28158052e-05
113,1661328600,0.0110856979,0.011242835599999997,0.01131187476,-1.58182164,0.15757981100000001,0.0968081685,0.132604043,0.1249538134,0.000179214202,0.0049659310300000006,0.00015724530100000002,3.9067933550000004e-08,4.481500525e-08,5.3228612130000005e-08,6.89701657e-08,9.21468194e-08,1.390850257e-07,2.697896809e-07,0.005440302320000001,9.9531514e-05,2.19084396e-06,69.2611464,50.41908060000001,3.78764132e-07,6.453551389999999,0.0017172880200000001,0.1205127206,7.791624829999999e-05,3.50553528e-06,0.00341713056,0.480470995,7.791624829999999e-05,3.50553528e-06,0.0126303951,4.91211384,7.791624829999999e-05,3.50553528e-06,0.00027482882500000003,0.23035192155,7.791624829999999e-05,3.50553528e-06,0.012536675,2.9065017700000003e-07,0.000157455337,-0.06541085157999997,30.113980631000004,-0.007687627060000002,-0.011817321,-0.011991967000000001,3.3001658200000003e-06,7.452838999999999e-05
113,1661329200,0.00804339633,0.008200523679999999,0.009626348646,-1.6725661299999999,0.12356627140000001,0.0835804415,0.1042156809,0.09742797350000001,0.000268599978,0.00379044174,0.00015717043700000003,1.5823755470000002e-08,2.0412613999999998e-08,2.4453984949999996e-08,4.11584061e-08,5.96724245e-08,9.71093778e-08,2.1530648599999997e-07,0.0039226995,9.546193099999999e-05,3.01637408e-06,73.21727639999999,50.4951156,2.7750830400000004e-07,6.699812199999999,0.00144534602,0.0881019991,7.55396621e-05,2.5993094600000003e-06,0.00288021976,0.341861427,7.55396621e-05,2.5993094600000003e-06,0.012626948700000001,4.90714883,7.55396621e-05,2.5993094600000003e-06,0.000249835543,0.22637738929999998,7.55396621e-05,2.5993094600000003e-06,0.0125357263,1.9331928199999998e-07,0.000157338017,0.08584184717999999,8.592048494,-0.008538711610000003,-0.01185849435,-0.0120154427,2.2064461600000003e-06,6.765444939999999e-05
113,1661329800,0.008067311410000002,0.008224433140000001,0.0011576919674,-1.68934672,0.12045367599999998,0.08367223000000001,0.1014030941,0.09720296580000001,0.000172971903,0.00360413359,0.00015719755,2.25676632e-08,2.5776633940000007e-08,3.1999676e-08,4.6671021700000003e-08,6.99687184e-08,9.608022490000002e-08,2.55338554e-07,0.003939703260000001,8.853452199999999e-05,4.78244037e-06,73.2147025,50.301550500000005,2.7834167299999997e-07,6.72942917,0.00147534171,0.09176084240000001,7.51829429e-05,3.03008646e-06,0.00291068061,0.35022564700000003,7.51829429e-05,3.03008646e-06,0.0126106793,4.852934289999999,7.51829429e-05,3.03008646e-06,0.00023054289299999999,0.1598663612,7.51829429e-05,3.03008646e-06,0.0125365215,2.53789447e-07,0.000157418895,-0.07997884960000001,5.1345200077,-0.00885420658,-0.011767904200000002,-0.0119509218,2.80506441e-06,7.12827678e-05
113,1661330400,0.00587900037,0.0060358693,0.07165224770000002,-1.2293108799999999,0.1293789502,0.0666935827,0.10582823000000001,0.09619043490000001,0.00027212288,0.00291978441,0.000156946156,2.6405143700000002e-08,3.401612405e-08,4.4637745e-08,6.22039483e-08,8.597767149999999e-08,1.115453202e-07,2.743356014e-07,0.0028247513699999997,0.00010934400180000001,4.67142962e-06,73.8775196,51.062668200000005,2.0548146500000003e-07,6.792821170000001,0.00124290857,0.07153264620000001,7.52560491e-05,3.0620211599999993e-06,0.00243233668,0.250052552,7.52560491e-05,3.0620211599999993e-06,0.012594564499999999,4.824295449999999,7.52560491e-05,3.0620211599999993e-06,0.00022912943000000002,0.14770225339999998,7.52560491e-05,3.0620211599999993e-06,0.012522017850000003,4.16088796e-07,0.00015720692300000004,-0.5523067665,35.81612664000001,-0.00504341046,-0.011776413250000003,-0.011949939699999999,2.98158922e-06,7.27719405e-05
113,1661331000,0.0092457772,0.009402952699999998,0.056412061400000005,-1.05051067,0.159904884,0.0808983855,0.14321687300000002,0.130353977,0.00023760380599999995,0.0042007538,0.00015722664399999998,1.8058944629999997e-08,2.12813867e-08,2.5982952050000004e-08,5.19216802e-08,5.0122403900000005e-08,8.55252826e-08,2.68263181e-07,0.00445375647,0.00016486512900000001,3.6613244100000002e-06,75.5593045,51.8780766,3.17661131e-07,6.47085302,0.0015128772299999999,0.1043447851,7.129113320000001e-05,2.50153402e-06,0.00309855764,0.39484643499999994,7.129113320000001e-05,2.50153402e-06,0.012618985999999999,4.850147819999999,7.129113320000001e-05,2.50153402e-06,0.000249318017,0.1584855697,7.129113320000001e-05,2.50153402e-06,0.0125391524,2.2401988399999997e-07,0.00015745465700000002,-0.005569013399999998,6.011415877999999,-0.009192399319999999,-0.011800309799999999,-0.0119639497,2.35045017e-06,6.90571878e-05
113,1661331600,0.007991634340000001,0.00814915799,0.054964238,-1.12459496,0.15067960249999998,0.0764202936,0.13009146900000002,0.1179035969,0.000244770752,0.00391566592,0.00015759772100000004,3.628414135e-08,4.19084073e-08,4.92403645e-08,7.41621659e-08,2.444094746e-07,1.240130447e-07,2.47184087e-07,0.0038221052500000004,0.000167241837,5.57598834e-06,74.4769254,52.288821,2.75658543e-07,6.67730337,0.0014503577999999998,0.0958372449,7.1643586e-05,2.74810244e-06,0.00283516347,0.335184551,7.1643586e-05,2.74810244e-06,0.0126186147,4.842603640000002,7.1643586e-05,2.74810244e-06,0.00024633334899999996,0.1495295207,7.1643586e-05,2.74810244e-06,0.012551959400000002,5.62543387e-07,0.00015811510999999998,-0.3265940976,8.604452345000002,-0.00847137335,-0.0114789884,-0.01169379185,2.65881061e-06,7.0607483e-05
113,1661332200,0.004405058549999999,0.0045626387200000005,0.07211250350000001,-1.018304771,0.11441599300000001,0.056978546500000005,0.0967154518,0.08482759050000002,0.00018534064539999997,0.0022712437,0.000157685806,3.443502861e-08,2.0141325550000002e-08,2.6190243449999997e-08,4.29215556e-08,5.9019127299999997e-08,8.426929249999999e-08,2.440989562e-07,0.0020158667300000004,0.00018227614200000002,3.7682329699999997e-06,80.80316020000001,54.839590699999995,1.56575794e-07,6.80677747,0.001082297016,0.0545954537,7.85580175e-05,3.59110922e-06,0.0020526494100000002,0.17715032700000002,7.85580175e-05,3.59110922e-06,0.01260454495,4.80573019,7.85580175e-05,3.59110922e-06,0.00022477435459999998,0.1101977297,7.85580175e-05,3.59110922e-06,0.0125558378,4.5546843800000004e-07,0.000158096813,-0.5364831883500001,18.513287235,-0.0072050894300000005,-0.0117585082,-0.011952157100000001,3.6555421000000002e-06,7.81414244e-05
113,1661332800,0.0127755426,0.012933377850000002,0.016397798265,-1.4713114600000001,0.167817621,0.10076601250000002,0.138566729,0.13121650550000002,0.0007663107969999999,0.00659721222,0.000157928318,4.7614728599999996e-08,6.778398490000001e-08,1.027682257e-07,1.6646972799999997e-07,2.3365368769999998e-07,3.6231739170000003e-07,7.21656083e-07,0.0061668118599999995,0.000213838686,5.32205015e-06,70.27602949999999,52.6062847,4.34444701e-07,6.718758800000001,0.0017957554999999997,0.16341924800000002,8.04348783e-05,3.3475950100000003e-06,0.00351838689,0.538393145,8.04348783e-05,3.3475950100000003e-06,0.01266344405,4.96529352,8.04348783e-05,3.3475950100000003e-06,0.00028623055699999994,0.2319186653,8.04348783e-05,3.3475950100000003e-06,0.012569141450000001,9.254490839999999e-07,0.000158798116,-0.52915992183,77.59049574574001,0.0007824030199999995,-0.0117396556,-0.0119444811,3.40572349e-06,7.753046930000001e-05
113,1661333400,0.00554982895,0.00570741869,0.0317693218,-1.57871477,0.1159910424,0.06899883080000001,0.09289033590000001,0.0841900709,0.00025537206259999997,0.00281520182,0.000157749298,3.832725804e-08,6.01373416e-08,5.2535583749999994e-08,9.282736679999998e-08,2.553776724e-07,2.93936034e-07,3.4537352800000007e-07,0.0026042890799999998,0.00016176383899999997,7.56122315e-06,78.3678313,53.1001141,1.9451035699999998e-07,6.915335530000002,0.0013462016299999999,0.08629268699999999,8.32832624e-05,4.06525997e-06,0.00234223857,0.230588031,8.32832624e-05,4.06525997e-06,0.012605904250000003,4.827861309999999,8.32832624e-05,4.06525997e-06,0.000217156247,0.12845132878,8.32832624e-05,4.06525997e-06,0.012537886500000001,1.0081883039999999e-06,0.000158166478,0.21688679942999997,24.559176894599997,-0.00378604304,-0.011287290750000002,-0.0115709961,3.02626926e-06,7.29332705e-05
113,1661334000,0.00494715568,0.00510390659,0.002109455685000001,-1.6556249699999999,0.0997530449,0.06544484889999999,0.0805899581,0.07417726490000001,0.0003411223564,0.00265298793,0.000156852117,1.640357783e-08,2.084236784e-08,2.436650775e-08,4.4904677900000006e-08,6.84134505e-08,6.36192664e-08,2.0877587949999998e-07,0.0023065399099999996,0.00016143414600000003,5.05332718e-06,81.045938,53.35198700000001,1.746218945e-07,6.918997419999999,0.0011511242500000002,0.0576010406,7.443451209999999e-05,3.32294566e-06,0.0021832256299999997,0.202352314,7.443451209999999e-05,3.32294566e-06,0.012567671950000001,4.779300170000001,7.443451209999999e-05,3.32294566e-06,0.00019445616500000001,0.10037479654999999,7.443451209999999e-05,3.32294566e-06,0.012520849249999999,3.59402072e-07,0.000157131797,-0.7097537465099999,25.20223782,-0.008205079193999999,-0.01170515905,-0.011896831100000001,3.275758489999999e-06,7.386750810000001e-05
113,1661334600,0.00357675618,0.0037338441600000007,-0.03699472669,-1.59384609,0.09626543950000001,0.0555791744,0.0667145374,0.0604893455,0.0002048743084,0.0019786901400000003,0.00015740866199999998,2.385675107e-08,2.8335318650000002e-08,2.54481098e-08,3.8357152800000006e-08,6.66375121e-08,6.128968239999999e-08,1.15947007e-07,0.00168820781,9.56191838e-05,3.8694313800000005e-06,76.01448149999999,51.1139333,1.291251514e-07,6.88716311,0.00096980973,0.0425591495,0.00010277230239999998,6.1738551500000004e-06,0.0018854417799999998,0.148535225,0.00010277230239999998,6.1738551500000004e-06,0.01256473865,4.767275829999999,0.00010277230239999998,6.1738551500000004e-06,0.00018914685800000002,0.07520873434000001,0.00010277230239999998,6.1738551500000004e-06,0.0125339071,8.65518915e-07,0.00015795657599999998,-2.1442554370000004,75.93620152700001,-0.00598740903,-0.011581818750000002,-0.011873537200000001,5.97459678e-06,9.656636989999999e-05
113,1661335200,0.006541017219999999,0.006698271030000001,-0.0051720182399999995,-1.6887667699999998,0.10684076039999998,0.074972602,0.0912402855,0.08591512400000001,0.00018343179300000002,0.0030631141699999998,0.000157416817,2.3684226800000002e-08,2.4689290719999995e-08,2.735976076e-08,3.9009510499999994e-08,5.5515278899999996e-08,7.645684810000001e-08,1.404471281e-07,0.0031818580799999998,8.460425410000001e-05,3.4954267500000007e-06,73.77135259999999,50.2908501,2.2782549200000003e-07,6.43563883,0.00129663492,0.0698995539,8.47640188e-05,4.2011339e-06,0.00257299558,0.276659385,8.47640188e-05,4.2011339e-06,0.0126055474,4.84422357,8.47640188e-05,4.2011339e-06,0.000233059148,0.15284443600000003,8.47640188e-05,4.2011339e-06,0.0125387879,3.9616082999999996e-07,0.000157618085,-0.6208812817,5.6163148877,-0.009178428859999999,-0.01177885595,-0.0119617731,4.0599323500000005e-06,8.09102471e-05
113,1661335800,0.00849126191,0.008648115559999999,-0.0022709225530000003,-1.64236197,0.12630385650000003,0.08535947290000001,0.109315837,0.1034656606,0.00022067374400000001,0.0039497409,0.00015702995799999996,1.6788450550000002e-08,1.95462344e-08,2.54161271e-08,4.50704502e-08,6.1261408e-08,7.73987617e-08,1.781356215e-07,0.00417032074,7.146499210000002e-05,3.2427241e-06,72.5566688,49.9256911,2.92543969e-07,6.612190100000001,0.00148613129,0.09058190099999999,7.64037455e-05,3.39590162e-06,0.00296690025,0.36178392099999995,7.64037455e-05,3.39590162e-06,0.012573371199999999,4.78420992,7.64037455e-05,3.39590162e-06,0.000235437966,0.101838429,7.64037455e-05,3.39590162e-06,0.012525751100000001,4.6443716500000003e-07,0.00015735959699999998,-0.4338745051499999,4.252500381599999,-0.00879242526,-0.0116819294,-0.011917028650000001,3.3779331200000006e-06,7.50219039e-05
113,1661336400,0.00682925769,0.006986453410000001,0.01063228271,-1.5064983600000001,0.12390378339999997,0.07477625179999998,0.1040281774,0.095590417,0.00033247801699999997,0.0034608223199999997,0.00015735154399999999,2.1313305149999998e-08,2.2987476479999998e-08,2.6945488989999996e-08,6.65093116e-08,9.61532224e-08,7.936054120000001e-08,2.33287589e-07,0.00335758939,5.33463249e-05,2.9873987e-06,70.9147251,49.2376043,2.3734263000000002e-07,6.6955274199999995,0.00136523174,0.079575859,8.05481731e-05,4.05835842e-06,0.0026630717999999998,0.297884478,8.05481731e-05,4.05835842e-06,0.012587420799999999,4.8036759700000005,8.05481731e-05,4.05835842e-06,0.00021454190200000003,0.10672567749999999,8.05481731e-05,4.05835842e-06,0.01253550525,5.166023420000001e-07,0.00015765625800000002,-0.48039423550000004,9.992945093500001,-0.007891918609999998,-0.011688795450000001,-0.01192972435,4.10535373e-06,7.99760601e-05
113,1661337000,0.00575724264,0.00591430114,-9.785120000000043e-05,-1.59243954,0.1124659338,0.0697123556,0.0891027192,0.08306503540000001,0.000410377663,0.0032608165200000002,0.000157230431,2.3806239259999997e-08,2.898228916e-08,3.026772043e-08,4.00244844e-08,5.64655819e-08,7.402629e-08,1.522782192e-07,0.0028451814299999996,3.0326524799999997e-05,2.5323282900000002e-06,70.0804654,48.4613542,2.0167177600000002e-07,6.71877882,0.00122781988,0.0647986153,7.77138083e-05,3.8126362000000006e-06,0.0024509011299999996,0.251334965,7.77138083e-05,3.8126362000000006e-06,0.012576030049999997,4.77709713,7.77138083e-05,3.8126362000000006e-06,0.00020739941800000002,0.08196089310000002,7.77138083e-05,3.8126362000000006e-06,0.012535817199999999,5.38999189e-07,0.00015767262800000002,1.1204936917000001,76.324737825,-0.00369560946,-0.0117210621,-0.01194686695,3.89248555e-06,7.90474135e-05
113,1661337600,0.00797373406,0.00813077744,-0.017159425800000003,-1.6690909999999999,0.11865362100000001,0.08257953879999999,0.0996030394,0.0961904362,0.0002364704,0.0037847740200000002,0.000157353168,3.13517607e-08,3.651463274e-08,4.6822619650000004e-08,7.372309710000001e-08,1.2919502850000004e-07,1.4547791560000003e-07,2.483896723e-07,0.00391979847,6.29613239e-05,3.0856990900000002e-06,69.84108339999999,49.618003699999996,2.7512023799999995e-07,6.74449849,0.0014479067699999998,0.089796999,9.13513825e-05,5.38824546e-06,0.0028667815,0.342097882,9.13513825e-05,5.38824546e-06,0.0126159236,4.88343316,9.13513825e-05,5.38824546e-06,0.000260620724,0.18247252739999997,9.13513825e-05,5.38824546e-06,0.01253472845,8.532383e-07,0.000157973352,-0.5698583717999999,4.3853512629999996,-0.00835117825,-0.011451065050000002,-0.0117808345,5.26774359e-06,8.54983305e-05
113,1661338200,0.0077081291200000015,0.00786521607,-0.0009396203056,-1.58458714,0.124053784,0.0801110984,0.105565723,0.0999405524,0.00023254933,0.00363881853,0.00015720538399999998,3.4896836550000005e-08,3.76795441e-08,4.46673199e-08,7.093031250000001e-08,1.188102898e-07,1.1696363519999999e-07,2.396526765e-07,0.0038096709699999994,3.990571192e-05,3.70386328e-06,69.1924461,49.2191431,2.6645582499999996e-07,6.72102857,0.00142488938,0.08630660209999999,7.574512070000002e-05,3.3363413600000007e-06,0.0028288750000000002,0.333294743,7.574512070000002e-05,3.3363413600000007e-06,0.0125727871,4.77215697,7.574512070000002e-05,3.3363413600000007e-06,0.000216420813,0.0973059417,7.574512070000002e-05,3.3363413600000007e-06,0.012542401750000001,3.9359364100000004e-07,0.000157705791,-0.12348565199999999,8.884644150999998,-0.00720779339,-0.011739382099999997,-0.011936048199999999,3.3101555500000004e-06,7.47862809e-05
113,1661338800,0.00619083193,0.006347691629999999,0.005987036170000001,-1.56126454,0.11295344709999999,0.0719356217,0.09577792199999999,0.09004024760000001,0.00021288488399999998,0.00297931643,0.000157009057,1.74222576e-08,2.03192207e-08,2.7855922650000004e-08,4.54309885e-08,6.218484650000001e-08,8.871747540000001e-08,1.7848972239999998e-07,0.0030534821700000008,3.762839290000001e-05,3.71490231e-06,70.02754399999999,48.8054154,2.1593184e-07,6.8386590300000005,0.0012802245000000001,0.0690756289,7.98408223e-05,4.12428635e-06,0.0025398945600000004,0.267237555,7.98408223e-05,4.12428635e-06,0.01258286535,4.80990051,7.98408223e-05,4.12428635e-06,0.00022389540800000002,0.1294514635,7.98408223e-05,4.12428635e-06,0.01252398095,4.3475768200000007e-07,0.000157285788,-0.31371644474,2.7957789604000007,-0.009285414850000001,-0.01166027575,-0.011881731199999999,4.044558829999999e-06,7.757159239999999e-05
113,1661339400,0.006984056590000001,0.007141609320000001,0.021968608723,-1.55141252,0.12251624050000001,0.0759949838,0.1003155627,0.095477915,0.000263405341,0.00345063652,0.00015776066,1.629279622e-08,1.921906616e-08,2.018130747e-08,3.7290207399999995e-08,4.6806645199999996e-08,6.241125e-08,1.4178598679999999e-07,0.00347530579,1.150176323e-05,4.66033884e-06,67.55966170000002,48.1803993,2.4268776899999997e-07,6.271774120000001,0.00133967087,0.0770553142,8.904009239999999e-05,4.8507695700000006e-06,0.0027044292799999997,0.30498253099999995,8.904009239999999e-05,4.8507695700000006e-06,0.01262874565,4.85321456,8.904009239999999e-05,4.8507695700000006e-06,0.000235356407,0.1275128184,8.904009239999999e-05,4.8507695700000006e-06,0.01255952175,4.943223530000001e-07,0.00015823793699999998,-0.78827987565,11.173743509999998,-0.00784327231,-0.01171926035,-0.01193798755,4.36772704e-06,8.382887299999999e-05
113,1661340000,0.0097579231,0.009915636,0.0420858594,-1.5512838599999998,0.143254373,0.0899120235,0.12431629200000001,0.11670356209999999,0.00036452292200000005,0.00461670719,0.00015788614000000002,4.5989026049999995e-08,4.7714066499999996e-08,5.646849575e-08,1.0024146070000001e-07,9.08831784e-08,1.312590682e-07,2.5027206270000004e-07,0.0048520946399999995,2.0180821525e-05,5.75376491e-06,65.3366939,48.8853537,3.34662657e-07,6.642729059999999,0.00159939757,0.10829290999999999,8.62861851e-05,4.6755000999999995e-06,0.00320877882,0.427298568,8.62861851e-05,4.6755000999999995e-06,0.01265330725,4.9212791099999995,8.62861851e-05,4.6755000999999995e-06,0.000274777623,0.21060847039999997,8.62861851e-05,4.6755000999999995e-06,0.012558160000000002,5.43629287e-07,0.000158242497,-0.847854105,10.088548757299998,-0.007457752809999998,-0.01173081005,-0.0119504122,4.64890727e-06,8.50748009e-05
113,1661340600,0.008174741,0.008331563189999999,0.0440283264,-1.4850030699999999,0.133391572,0.0820822816,0.1182411101,0.11047837359999998,0.0001770518773,0.00369126496,0.000157000527,2.0704175800000004e-08,2.3012057499999998e-08,3.7359431599999996e-08,4.4711823100000005e-08,6.16581817e-08,8.007440689999999e-08,1.754619834e-07,0.00401775723,6.46528394e-05,4.319165210000001e-06,72.129639,49.7427255,2.8205517500000005e-07,6.5559692,0.00148764579,0.0922612452,8.12768739e-05,3.98679512e-06,0.00294369164,0.357023288,8.12768739e-05,3.98679512e-06,0.012586289650000002,4.81762604,8.12768739e-05,3.98679512e-06,0.00024492113299999995,0.1429484613,8.12768739e-05,3.98679512e-06,0.0125235773,5.231231199999999e-07,0.000157363867,-1.0032160085000001,17.3159336375,-0.00857292149,-0.011701976900000001,-0.0119036167,3.97269727e-06,7.87309521e-05
113,1661341200,0.009067739640000001,0.00922464122,0.0432782626,-1.47292257,0.14029178250000002,0.0856719377,0.1249163126,0.11715357500000001,0.0002188173504,0.004013395750000001,0.00015705091499999997,2.9037813149999998e-08,3.59697041e-08,5.6518215699999995e-08,7.522998149999999e-08,1.277704191e-07,1.0540638009999998e-07,2.05673197e-07,0.004492387969999999,3.49776798e-05,5.71417822e-06,68.51199260000001,49.10177639999999,3.11790787e-07,6.480165769999999,0.00156138443,0.10465080109999998,8.120689370000001e-05,4.13155961e-06,0.00309922473,0.399802637,8.120689370000001e-05,4.13155961e-06,0.012607445850000001,4.85073427,8.120689370000001e-05,4.13155961e-06,0.00025593705300000003,0.1664808494,8.120689370000001e-05,4.13155961e-06,0.012529051699999998,5.44392357e-07,0.000157505518,-0.347691273,26.8133989214,-0.005468164980000001,-0.011645589250000001,-0.0118837124,4.07410352e-06,7.909294859999999e-05
113,1661341800,0.0052902591799999996,0.00544628502,0.06079006899999999,-1.37815028,0.11115339099999999,0.0649376285,0.0957029196,0.0886527074,0.000144134115,0.00250532904,0.000156076513,1.2500614199999998e-08,1.3117528299999997e-08,1.8904057339999998e-08,2.5611628200000002e-08,5.40548055e-08,4.9495185199999994e-08,1.0319485730000001e-07,0.00262216282,1.85447394e-05,4.08107901e-06,70.41108729999999,47.9376103,1.86239847e-07,6.57725754,0.00117340304,0.059382578,6.95176099e-05,2.62628898e-06,0.00235677927,0.230875831,6.95176099e-05,2.62628898e-06,0.0125534338,4.7736583800000005,6.95176099e-05,2.62628898e-06,0.00020878482000000003,0.1139807971,6.95176099e-05,2.62628898e-06,0.01249776815,2.0947879e-07,0.00015640455199999998,0.05015613259999999,0.300894867874,-0.0099226776,-0.01174418535,-0.011910805100000001,2.5699598599999996e-06,6.829487899999999e-05
113,1661342400,0.024651070219999998,0.0248076908,-0.0077086982,-1.3088563609999997,0.2454074936,0.1357128966,0.1995810925,0.19084332450000002,0.00050035328,0.011705970270000001,0.000156858321,8.26206972e-08,9.151599e-08,1.208215135e-07,1.5792588120000002e-07,2.0152448050000005e-07,2.8992813099999995e-07,5.22522002e-07,0.012311302470000002,8.11069985e-06,4.40536748e-06,60.580373099999996,49.160669,8.300771319999998e-07,6.355736519999999,0.00240922038,0.26723895799999997,8.77003125e-05,5.005235580000001e-06,0.00494867964,1.083153902,8.77003125e-05,5.005235580000001e-06,0.01264563195,5.03184119,8.77003125e-05,5.005235580000001e-06,0.000370015992,0.3718613176,8.77003125e-05,5.005235580000001e-06,0.012518342800000002,6.83812044e-07,0.00015733832999999999,-0.5148544469999999,132.99822711919998,-0.0017864984899999999,-0.011573790250000002,-0.011828019300000001,4.601968400000001e-06,8.27906154e-05
113,1661343000,0.031514376600000005,0.0316716376,-0.024537431300000002,-1.46493497,0.250095137,0.15891792100000002,0.23539468899999996,0.225831893,0.00029955640799999997,0.01326174135,0.00015760093200000003,7.32429001e-08,7.74947783e-08,9.74346731e-08,1.3864927540000004e-07,2.1903037509999998e-07,3.850891832999999e-07,5.67788532e-07,0.015732241249999997,1.6740582e-05,6.30024535e-06,62.597377599999994,49.67198470000001,1.0583897099999998e-06,6.13884648,0.0028127104300000004,0.331836612,0.00011631199609999999,6.443003710000001e-06,0.0057830117900000005,1.3718116200000001,0.00011631199609999999,6.443003710000001e-06,0.0127670625,5.350877729999999,0.00011631199609999999,6.443003710000001e-06,0.00047948620099999995,0.663423849,0.00011631199609999999,6.443003710000001e-06,0.012540444500000001,8.204443109999999e-07,0.00015808208999999997,-0.4456061602000001,6.865076917400001,-0.00829703252,-0.011609528499999999,-0.0118658796,4.77660411e-06,8.79192818e-05
113,1661343600,0.029553146600000003,0.029711171200000004,-0.025308363700000003,-1.45882461,0.24818257299999996,0.153818961,0.227631951,0.21851916899999999,0.00032921489,0.012546103349999999,0.000158228472,1.004549112e-07,9.52538247e-08,1.071718467e-07,1.4631113129999998e-07,1.7297389369999997e-07,2.3130478430000001e-07,4.60432997e-07,0.014748360300000003,2.04108821e-05,6.2796121499999985e-06,62.975079900000004,49.658061499999995,9.93500507e-07,6.10935117,0.00273799222,0.317779517,9.151495660000001e-05,4.58661163e-06,0.005615153519999999,1.2943133100000002,9.151495660000001e-05,4.58661163e-06,0.01275604655,5.25147369,9.151495660000001e-05,4.58661163e-06,0.00043959495199999996,0.55016203,9.151495660000001e-05,4.58661163e-06,0.0125713821,4.89805872e-07,0.00015853021799999998,-0.20469607413000004,5.419104211,-0.00870792584,-0.011652426499999997,-0.011908276200000002,3.64371798e-06,7.741627009999999e-05
113,1661344200,0.030900136199999994,0.031057618800000002,-0.023245956300000002,-1.4506634699999998,0.252195196,0.15701308800000002,0.23453216100000002,0.22358182500000004,0.000422549024,0.013093620749999998,0.000157596487,8.805098139999999e-08,8.745745388e-08,1.0347562847e-07,1.486225462e-07,1.935859791e-07,2.982738861e-07,6.29071697e-07,0.015430029999999997,1.201616845e-05,6.35193405e-06,61.994179800000005,49.62138040000001,1.0378319700000002e-06,6.33098607,0.00277822529,0.324293334,8.597603460000001e-05,3.4730438e-06,0.005739415699999999,1.35318757,8.597603460000001e-05,3.4730438e-06,0.012729484800000001,5.199514880000001,8.597603460000001e-05,3.4730438e-06,0.000420993517,0.4964626755,8.597603460000001e-05,3.4730438e-06,0.01255157775,2.21072808e-07,0.000157763951,-0.0226828406,0.5538769425999999,-0.010402680599999999,-0.011792526000000001,-0.011970201500000001,2.58687888e-06,7.025521860000001e-05
113,1661344800,0.039516768699999996,0.039674255500000005,-0.01657803767,-1.41901575,0.28999635200000007,0.17659793699999998,0.27154578900000004,0.258232884,0.000691438526,0.01677921,0.00015781671899999997,1.325535747e-07,1.3654365219999998e-07,1.610212208e-07,2.158660011e-07,2.7517500729999996e-07,4.3579086160000004e-07,8.404487709999999e-07,0.019719954300000002,3.01384471e-05,5.75826396e-06,60.6726905,49.7939288,1.32415779e-06,6.13788474,0.0031352240499999996,0.416862378,0.0001044988267,5.874901810000001e-06,0.00648324329,1.7279132499999998,0.0001044988267,5.874901810000001e-06,0.012758598699999998,5.35477723,0.0001044988267,5.874901810000001e-06,0.000493374081,0.6358822198,0.0001044988267,5.874901810000001e-06,0.0125574988,5.979194490000001e-07,0.00015829076,-0.64680497445,10.264298884999999,-0.007440877699999999,-0.01166995045,-0.0118941784,4.4923378299999995e-06,8.449761189999999e-05
113,1661345400,0.035656059899999995,0.035813518800000006,-0.025767480599999996,-1.39555378,0.277095962,0.16708172200000002,0.258495396,0.24604501299999998,0.0005642772,0.015142769349999998,0.000157621005,3.78496222e-08,3.9497429469999995e-08,5.430485800000001e-08,9.586252329999998e-08,1.408075789e-07,2.428791872e-07,5.839913990000001e-07,0.017775912900000003,4.28824962e-05,7.86340856e-06,65.598917,49.8533079,1.1958485199999999e-06,6.31634295,0.0029680383800000003,0.37399749400000004,9.95243109e-05,5.0769818600000005e-06,0.00615248417,1.5543989900000001,9.95243109e-05,5.0769818600000005e-06,0.012763393799999998,5.36385083,9.95243109e-05,5.0769818600000005e-06,0.00047464506,0.6510837316999999,9.95243109e-05,5.0769818600000005e-06,0.012545793599999999,4.2750316299999997e-07,0.00015782507199999998,-0.23568927720000002,7.839420817500001,-0.009170242790000002,-0.011742642900000001,-0.011941901999999999,3.6990928800000003e-06,7.97092779e-05
113,1661346000,0.0367865882,0.0369446226,-0.01452255337,-1.40098266,0.280171049,0.169932635,0.26355804800000004,0.25062015200000004,0.000333961694,0.0153450124,0.000158120741,2.9357316399999994e-08,2.578653255e-08,3.56111701e-08,6.86464502e-08,8.476727070000001e-08,1.49210303e-07,3.60995965e-07,0.018344114,4.1131314e-05,7.1983668300000006e-06,64.7885276,49.8222131,1.2343550400000002e-06,5.7924717999999995,0.00304510705,0.39397152700000004,8.36802316e-05,3.5119449e-06,0.00629596619,1.6263410600000001,8.36802316e-05,3.5119449e-06,0.012743817199999998,5.2085385,8.36802316e-05,3.5119449e-06,0.000425595034,0.44393818739999996,8.36802316e-05,3.5119449e-06,0.012573535799999999,2.65634795e-07,0.00015836016499999999,-0.329480621,2.2505315377999997,-0.010139435399999999,-0.011812027799999998,-0.0119845298,3.0362432700000003e-06,7.459436689999999e-05
113,1661346600,0.0391624037,0.0393209252,-0.018500249030000002,-1.3908479899999997,0.287633776,0.174983544,0.27315834,0.259920434,0.00027051685300000006,0.016231435600000003,0.000158612404,4.863138830000001e-08,4.250250265e-08,5.0874145050000004e-08,9.04320113e-08,1.090054559e-07,1.763359389e-07,4.015655156000001e-07,0.0195159952,5.88223243e-05,5.366290419999999e-06,64.9689391,49.946962,1.3135541399999999e-06,5.7692242700000005,0.0031012173799999996,0.40635222099999996,9.97295447e-05,4.5237782900000004e-06,0.00644520143,1.7032401399999997,9.97295447e-05,4.5237782900000004e-06,0.012834962299999999,5.48237418,9.97295447e-05,4.5237782900000004e-06,0.0005260256069999999,0.7640366340000001,9.97295447e-05,4.5237782900000004e-06,0.01258884695,2.6367111200000004e-07,0.000158743193,-0.05286066749999999,2.3761164480000003,-0.010056444250000001,-0.011782377899999998,-0.01197067625,2.9110081200000004e-06,7.135389999999999e-05
113,1661347200,0.03741125099999999,0.0375688641,-0.024532749899999998,-1.35986556,0.28485869799999997,0.17006843999999996,0.26903321,0.255007782,0.000266500733,0.015502008199999997,0.000157686093,5.0773609199999996e-08,4.8318372430000004e-08,6.314486620000001e-08,1.0600317650000002e-07,1.271553425e-07,2.0985379120000002e-07,4.814920934000001e-07,0.0186166828,8.14497782e-05,6.30390567e-06,66.35947610000001,50.038327800000005,1.2547728500000002e-06,5.98938693,0.0030647966400000003,0.399871046,9.519846389999999e-05,3.91651108e-06,0.006339050529999999,1.6500673799999999,9.519846389999999e-05,3.91651108e-06,0.012791862400000001,5.41433466,9.519846389999999e-05,3.91651108e-06,0.000496908646,0.701960588,9.519846389999999e-05,3.91651108e-06,0.012558707399999999,2.09614258e-07,0.00015793133300000001,-0.012557874444,0.43021884726000004,-0.010366545049999999,-0.011813878250000001,-0.011981059700000001,2.40319817e-06,6.96274266e-05
113,1661347800,0.0362934905,0.036451350699999996,-0.027071695900000005,-1.3377692799999998,0.285946225,0.166736905,0.266370627,0.251782683,0.00030994141399999996,0.0151096288,0.00015801369600000002,5.9569555800000004e-08,5.867058203e-08,7.28477263e-08,1.1633698819999999e-07,1.4618187769999997e-07,2.4367825520000004e-07,5.418273615e-07,0.018038736899999998,9.948836660000001e-05,7.12627442e-06,65.7269372,50.174556100000004,1.21733366e-06,6.18663556,0.00296643537,0.37717011600000006,9.345874019999999e-05,4.39230802e-06,0.00619198967,1.5725637,9.345874019999999e-05,4.39230802e-06,0.01275514035,5.245412740000001,9.345874019999999e-05,4.39230802e-06,0.00048114051699999996,0.5651750360000001,9.345874019999999e-05,4.39230802e-06,0.0125637878,3.7872185699999995e-07,0.00015822791300000003,-0.26429726579999996,3.57825529798,-0.009247709150000002,-0.0117543264,-0.011946557200000001,3.39775412e-06,7.58287424e-05
113,1661348400,0.0345134059,0.034671422699999996,-0.0246816779242,-1.34383596,0.274470878,0.16282370399999999,0.25905791100000003,0.245219986,0.000272441555,0.0143903638,0.00015812455900000004,8.373050089999999e-08,8.44179067e-08,1.0260144175000001e-07,1.487408987e-07,1.8104793549999997e-07,2.7984544770000005e-07,5.839396579999999e-07,0.0171594916,8.900816950000001e-05,6.617423670000001e-06,64.7662402,50.1083504,1.1580331600000002e-06,6.1955573799999994,0.00290266002,0.361312379,9.006610049999999e-05,3.5244763e-06,0.00605535192,1.50307844,9.006610049999999e-05,3.5244763e-06,0.0127827319,5.29771169,9.006610049999999e-05,3.5244763e-06,0.00047199259100000004,0.593038824,9.006610049999999e-05,3.5244763e-06,0.01257262455,2.08023246e-07,0.000158279501,-0.022556409500000003,2.5059924856,-0.009581828579999998,-0.0118343722,-0.0120023387,2.3565306799999997e-06,6.97697769e-05
113,1661349000,0.0343193775,0.034476962900000005,-0.021603601209999997,-1.3397230800000002,0.277808483,0.162307133,0.25857038699999996,0.244957484,0.000336906431,0.014447476950000001,0.00015769347799999997,8.465396929999999e-08,8.655563720000001e-08,1.048701977e-07,1.5385624750000002e-07,1.840871574e-07,2.874519117000001e-07,5.84620204e-07,0.017056281,9.61812041e-05,5.5819917e-06,64.74934379999999,50.131490199999995,1.15169385e-06,6.079391199999999,0.0029295948899999997,0.366796719,8.98076851e-05,3.6044696199999995e-06,0.00605881895,1.50977707,8.98076851e-05,3.6044696199999995e-06,0.012749109050000002,5.27267248,8.98076851e-05,3.6044696199999995e-06,0.000446932407,0.558091242,8.98076851e-05,3.6044696199999995e-06,0.0125587116,2.28798409e-07,0.00015795095800000004,-0.1490896207,4.964079735,-0.008920889340000002,-0.01179733125,-0.01196711775,2.47585973e-06,6.920383360000002e-05
113,1661349600,0.0260378238,0.0261949218,-0.0233548892,-1.33039071,0.244094954,0.14140151699999998,0.22481936,0.212031473,0.000264563826,0.01102470455,0.000157280223,1.0758280740000001e-07,1.131955043e-07,1.330174986e-07,1.8921008e-07,2.332430348e-07,3.60687011e-07,6.97536864e-07,0.012922844,8.779058440000002e-05,6.2444050800000005e-06,63.4448225,50.1283612,8.754510930000001e-07,6.55241891,0.00252968659,0.272224439,8.65280751e-05,3.74594498e-06,0.005249150730000001,1.1296169099999998,8.65280751e-05,3.74594498e-06,0.0126971367,5.11817328,8.65280751e-05,3.74594498e-06,0.000405415489,0.43825672400000004,8.65280751e-05,3.74594498e-06,0.012533043599999998,3.13772063e-07,0.000157391151,-0.19676645390000003,2.51208920021,-0.00953463718,-0.011753462899999999,-0.01193392095,3.0154893200000004e-06,7.38027452e-05
113,1661350200,0.012930397399999998,0.013088017050000001,-0.0477369617,-0.8551257119999999,0.18424312199999998,0.09252617989999999,0.1637675035,0.1396917634,0.0007054604547999999,0.006243303929999999,0.000157694585,4.228192144999999e-08,4.4780122010000005e-08,5.5589223950000003e-08,7.881517529999999e-08,9.548430540000001e-08,1.4945359570000001e-07,3.200329144e-07,0.00593147568,0.0005267285599999999,6.12605657e-06,80.48877789999999,60.7777466,4.3981203300000003e-07,6.46415852,0.00169829334,0.14181826790000002,7.80104565e-05,2.9910237700000003e-06,0.0033429771399999995,0.528307813,7.80104565e-05,2.9910237700000003e-06,0.0126506798,4.96840104,7.80104565e-05,2.9910237700000003e-06,0.000269105104,0.26300406989999997,7.80104565e-05,2.9910237700000003e-06,0.012555038650000003,1.85715841e-07,0.000157815453,0.11988111085,18.4706560845,-0.008944218336999998,-0.0118679274,-0.01202357095,2.49063741e-06,6.90042415e-05
113,1661350800,0.015043289349999999,0.0152003631,-0.0398649665,-1.157089,0.19958109400000001,0.1077490731,0.18038050500000002,0.162304956,0.00020066003459999997,0.00644691729,0.000157120462,1.821624467e-08,1.8502691769999997e-08,2.3500321139999996e-08,4.67494827e-08,5.160498550000001e-08,8.009084780000001e-08,1.8173740490000003e-07,0.0068373205300000005,0.00067841229,5.408516130000001e-06,83.0986054,57.87587550000001,5.10221912e-07,6.32944101,0.00182242448,0.160752231,8.07411705e-05,3.1280069900000005e-06,0.0038327371300000005,0.603696659,8.07411705e-05,3.1280069900000005e-06,0.01265690995,5.0184802799999995,8.07411705e-05,3.1280069900000005e-06,0.00031559536600000006,0.3287242559,8.07411705e-05,3.1280069900000005e-06,0.012535029050000002,1.7629051999999998e-07,0.000157303473,0.0225666586,0.5924507174000001,-0.01029627705,-0.01184765845,-0.012004308200000001,2.3555718200000002e-06,6.818818060000001e-05
113,1661351400,0.011729189300000002,0.011886240900000001,-0.0429897846,-1.2284482999999997,0.17378031,0.0968406819,0.156904789,0.13822922,0.00015170453799999997,0.00504265547,0.000157116013,3.103073612e-08,3.31331935e-08,3.7899978499999997e-08,5.6816510099999996e-08,7.62153563e-08,1.042131205e-07,2.0935550139999998e-07,0.00517961396,0.0006795595020000001,4.80543243e-06,83.4595785,60.119314200000005,3.9981108400000005e-07,6.4820346099999995,0.0015964959200000003,0.12352500660000001,8.461934099999999e-05,3.40044081e-06,0.0033122198299999996,0.45106181600000006,8.461934099999999e-05,3.40044081e-06,0.012671134050000001,5.05927107,8.461934099999999e-05,3.40044081e-06,0.00034293553400000003,0.404136113,8.461934099999999e-05,3.40044081e-06,0.012528537450000002,1.6972572799999996e-07,0.00015713489600000001,0.03175830766,0.25481992740399995,-0.01045894555,-0.0118488715,-0.0120022137,2.45982156e-06,6.8266646e-05
113,1661352000,0.012993569350000001,0.01315058995,-0.039511196799999995,-1.10137301,0.185105648,0.0997984604,0.17044270299999997,0.150867105,0.00011593476449999999,0.005456094999999999,0.00015706507499999999,1.8462451650000003e-08,2.0674503e-08,3.07198745e-08,3.9764902600000004e-08,6.639626170000001e-08,8.964265840000001e-08,1.995845577e-07,0.005819580270000001,0.0006725129010000001,4.177511449999999e-06,80.79770549999999,59.012525100000005,4.4191031500000005e-07,6.38247092,0.0016795422800000002,0.139123951,8.15537294e-05,3.03713972e-06,0.00352845429,0.511699287,8.15537294e-05,3.03713972e-06,0.01267044185,5.03057496,8.15537294e-05,3.03713972e-06,0.000325282687,0.3552105316,8.15537294e-05,3.03713972e-06,0.012534801099999998,1.87250331e-07,0.000157308997,0.021032526409999995,0.2298766604,-0.010473636550000002,-0.0118228555,-0.0119808744,2.25334657e-06,6.80670328e-05
113,1661352600,0.012710665,0.01286806905,-0.030013813299999997,-1.102811244,0.189830795,0.0986627729,0.167855125,0.149367062,0.00022077378200000003,0.0058573969500000005,0.00015745896599999996,2.08405112e-08,2.407590955e-08,3.5512164799999994e-08,4.54359449e-08,6.818094449999999e-08,9.37444188e-08,1.97631366e-07,0.005668751949999999,0.00068181878,4.21582953e-06,82.5041455,59.3937825,4.3247526999999996e-07,6.48658911,0.0016516927999999996,0.135267012,8.146996340000001e-05,3.1859866900000003e-06,0.0034719965,0.495793355,8.146996340000001e-05,3.1859866900000003e-06,0.012665483250000002,4.9966506,8.146996340000001e-05,3.1859866900000003e-06,0.00031731998699999995,0.3171469172,8.146996340000001e-05,3.1859866900000003e-06,0.0125464786,2.2552871199999997e-07,0.00015764046100000002,-0.42555350229999994,14.5317870903,-0.010018653700000001,-0.011791643,-0.0119638279,2.4665256699999997e-06,6.87162094e-05
113,1661353200,0.015253492300000001,0.01541124585,-0.032370354100000005,-1.40663348,0.186718199,0.1119953645,0.16553004999999998,0.149367057,0.0002707264786,0.006626481499999999,0.00015780972099999999,2.081926295e-08,2.2289106899999998e-08,3.198173131e-08,5.668208369999999e-08,7.238635750000001e-08,1.1882273980000002e-07,2.6891672199999997e-07,0.00692633415,0.000694427741,5.32040144e-06,79.00420520000002,58.3991274,5.169266170000001e-07,6.395771730000001,0.0019423283799999997,0.163385006,7.31291196e-05,2.7025344e-06,0.0038241959900000002,0.6101030590000001,7.31291196e-05,2.7025344e-06,0.0126278089,4.8624062299999995,7.31291196e-05,2.7025344e-06,0.000238030821,0.15407307695,7.31291196e-05,2.7025344e-06,0.012560273,2.15543054e-07,0.00015797095699999998,0.03978121109999998,33.3553057159,-0.0087812702,-0.01183425695,-0.0120013319,2.5787278e-06,7.032898699999998e-05
113,1661353800,0.020052989900000002,0.0202109435,-0.021459723899999998,-1.66650363,0.195418467,0.132761891,0.177455419,0.161892439,0.00020121259100000003,0.008467951999999999,0.00015803400899999998,5.131455790000001e-08,5.334725182e-08,6.22438516e-08,8.90096131e-08,1.1641943700000002e-07,1.7298197429999998e-07,3.411985286e-07,0.0093451964,0.000675468324,4.86170176e-06,77.3694078,55.92240770000001,6.768690029999999e-07,6.39027278,0.00231038644,0.21033682799999998,8.63509141e-05,3.5687866400000003e-06,0.00446553747,0.817546353,8.63509141e-05,3.5687866400000003e-06,0.012709700799999998,5.140624870000001,8.63509141e-05,3.5687866400000003e-06,0.000339183356,0.43411805030000006,8.63509141e-05,3.5687866400000003e-06,0.012566933950000001,1.73449448e-07,0.000158101571,0.0367159173,0.2221526068,-0.010613284250000002,-0.011884872549999998,-0.012037635100000001,2.41302581e-06,6.83852166e-05
113,1661354400,0.0195648634,0.0197222217,-0.0218690895,-1.6266093000000001,0.195305961,0.130464644,0.180305502,0.165492551,0.00016572637300000002,0.008204136249999999,0.000157423055,3.60558561e-08,3.765964158e-08,4.5255511339999996e-08,6.811547450000001e-08,8.978889869999999e-08,1.454799941e-07,3.092567156e-07,0.009166022700000002,0.0006111025919999999,4.48932989e-06,75.1758095,55.410024199999995,6.60633517e-07,6.2604826099999995,0.0022970192,0.207574432,8.17052147e-05,3.2383426300000007e-06,0.0044364004,0.8081222780000001,8.17052147e-05,3.2383426300000007e-06,0.012652867450000002,5.035038770000001,8.17052147e-05,3.2383426300000007e-06,0.000299399337,0.33192897865,8.17052147e-05,3.2383426300000007e-06,0.0125419344,1.6072528e-07,0.000157461532,-0.0211249624,0.5873931299999999,-0.010388633349999999,-0.01188874975,-0.01203295145,2.37093549e-06,6.871566930000001e-05
113,1661355000,0.018346830699999997,0.018504537999999997,-0.0273654426,-1.60060101,0.196205992,0.12567316720000002,0.174830339,0.161029917,0.00020050681099999997,0.007948216070000002,0.000158263139,5.829289145e-08,5.6872505850000005e-08,6.54587666e-08,8.720573269999999e-08,1.093431885e-07,1.581844679e-07,3.022562755e-07,0.00870536635,0.00046195627,4.68132493e-06,74.8598049,54.1930739,6.20185227e-07,6.2463940000000004,0.0022045779599999997,0.192257094,9.5884893e-05,5.08646756e-06,0.00430975371,0.7632101089999999,9.5884893e-05,5.08646756e-06,0.01271594465,5.2006410700000005,9.5884893e-05,5.08646756e-06,0.000428709893,0.49649067685000003,9.5884893e-05,5.08646756e-06,0.012564029700000002,1.159897547e-06,0.000158922606,-0.44103344079999995,5.987572270000001,-0.007923980729999999,-0.01178924315,-0.0120075884,4.8992942299999994e-06,8.675349249999998e-05
113,1661355600,0.017492451,0.0176499678,-0.026776329300000002,-1.6241538500000001,0.18146804,0.1228711867,0.167817622,0.15589226,0.00015050370640000004,0.0072999864499999996,0.00015757923300000002,3.6581086799999996e-08,3.7376018449999993e-08,4.38989692e-08,6.4752222e-08,8.58941877e-08,1.3252906699999996e-07,2.67486522e-07,0.00836711575,0.000373603764,4.76023415e-06,76.12687550000001,53.3689339,5.91538145e-07,6.370179159999999,0.0021678352500000006,0.186454616,7.598618800000001e-05,2.70201364e-06,0.0042408173300000004,0.7397177270000002,7.598618800000001e-05,2.70201364e-06,0.012663230250000001,4.97845294,7.598618800000001e-05,2.70201364e-06,0.00031595212400000003,0.29597755859999997,7.598618800000001e-05,2.70201364e-06,0.0125536816,1.4426092600000002e-07,0.000157739687,0.0340229482,1.2696861667000001,-0.010494732599999999,-0.011925293799999999,-0.0120707826,2.22206414e-06,6.794925849999999e-05
113,1661356200,0.0159217654,0.016079772200000002,-0.028827620999999998,-1.6474862399999999,0.173480297,0.1176241894,0.15757981100000001,0.14602945700000003,0.000139524996,0.006712237509999999,0.000158087346,5.194835767000001e-08,5.5015655120000005e-08,6.268215147e-08,8.32649855e-08,1.101688681e-07,1.570254172e-07,3.041569318e-07,0.007570758879999999,0.00038389546399999997,5.3205847499999995e-06,74.16450499999999,53.8354169,5.39514541e-07,6.14611147,0.00205560867,0.166955603,7.74653284e-05,2.76458295e-06,0.004017637940000001,0.6617998949999999,7.74653284e-05,2.76458295e-06,0.012653502600000002,4.939390659999999,7.74653284e-05,2.76458295e-06,0.000279075714,0.24151574097,7.74653284e-05,2.76458295e-06,0.01256919085,1.5027637699999998e-07,0.000158135828,-0.05408795580000001,0.6594040693000001,-0.010422187,-0.011943382650000002,-0.0120793681,2.3341150100000003e-06,6.946984349999999e-05
113,1661356800,0.0174130657,0.0175708569,-0.022969633599999997,-1.7431998400000002,0.166730087,0.12429184899999998,0.15184213400000002,0.14284186000000001,0.0001732416695,0.007373472730000001,0.000157888264,6.28462434e-08,6.778706845e-08,7.663128563000002e-08,1.036706533e-07,1.401842333e-07,2.005206319e-07,3.992310108e-07,0.00829753813,0.000402711945,5.13227721e-06,73.1913193,53.7229846,5.88952099e-07,6.387888330000001,0.00215141153,0.184074587,9.02175421e-05,3.88256332e-06,0.00421079667,0.727905449,9.02175421e-05,3.88256332e-06,0.012696454549999996,5.14771608,9.02175421e-05,3.88256332e-06,0.000325617436,0.455844746,9.02175421e-05,3.88256332e-06,0.01255760815,1.78172663e-07,0.00015787245300000002,-0.018144789199999994,0.47629373019999993,-0.01069240865,-0.01186898255,-0.01202507425,2.6103899e-06,7.01664765e-05
113,1661357400,0.018444121333333334,0.018602097666666664,-0.02054350744444445,-1.7412872888888888,0.16988018555555554,0.1276019811111111,0.15396303333333333,0.14733783,0.0002731260177777778,0.007960324044444446,0.00015805711444444445,5.130943155555555e-08,5.5647013e-08,6.520636626666667e-08,9.182879700000001e-08,1.2524949322222222e-07,1.884544961111111e-07,4.055959544444444e-07,0.008848557888888888,0.00036762361333333337,4.8104233888888885e-06,71.33858444444444,53.15234044444444,6.230535566666667e-07,6.424491888888889,0.002202098811111111,0.19336315222222222,8.110311344444444e-05,3.2382543555555555e-06,0.004340763511111112,0.77392025,8.110311344444444e-05,3.2382543555555555e-06,0.012679081666666666,5.058041511111111,8.110311344444444e-05,3.2382543555555555e-06,0.00029558944999999996,0.33222983111111115,8.110311344444444e-05,3.2382543555555555e-06,0.012567843333333334,1.6838290222222224e-07,0.0001581194833333333,0.034266405344444445,5.027418917777778,-0.0095580645,-0.011893734555555556,-0.012050255666666666,2.4233045666666666e-06,6.872404711111112e-05
113,1661358000,0.0203424192,0.020499968200000003,-0.0137441594,-1.74906025,0.169992687,0.13416655,0.159042356,0.155629747,0.00019263793449999999,0.008522129700000002,0.000157603831,2.4003937350000003e-08,2.6510166849999998e-08,3.133842313e-08,5.62441831e-08,8.25832383e-08,1.3113461570000001e-07,3.1212249360000003e-07,0.0098047907,0.000361079559,4.62073371e-06,75.5308772,52.7973405,6.863647499999999e-07,6.3673690899999995,0.0023005887400000006,0.21288329700000003,9.30663102e-05,4.07383301e-06,0.004572648949999999,0.8578121160000001,9.30663102e-05,4.07383301e-06,0.012701257000000002,5.21856674,9.30663102e-05,4.07383301e-06,0.00035567234,0.5278051838,9.30663102e-05,4.07383301e-06,0.01254705405,1.82252211e-07,0.00015761131399999998,0.020908333700000004,0.8867650209000001,-0.0098272511,-0.01185420925,-0.012007663800000002,2.429242e-06,6.90166399e-05
113,1661358600,0.018519306,0.018676209699999998,-0.01734723,-1.74527364,0.169542673,0.12795261,0.15341718499999998,0.14711699299999997,0.00016540566399999998,0.00776182034,0.00015697379199999998,2.7755840799999996e-08,3.008804885e-08,3.284502974e-08,5.5712841299999995e-08,7.65791324e-08,1.097617391e-07,2.48049493e-07,0.0088949398,0.000359835295,4.223917449999999e-06,76.321882,53.046063700000005,6.260153930000001e-07,6.10811665,0.0022064327800000003,0.19476309399999997,7.60384658e-05,2.95620972e-06,0.00435403418,0.777850988,7.60384658e-05,2.95620972e-06,0.012618565399999998,4.92228633,7.60384658e-05,2.95620972e-06,0.00028884889599999997,0.24164871239999997,7.60384658e-05,2.95620972e-06,0.012526219900000002,2.0560311899999997e-07,0.000157112269,-0.1851353429,1.3944789826000001,-0.01036673825,-0.01181150025,-0.011972070650000001,2.71441473e-06,7.19929888e-05
113,1661359200,0.020634411999999998,0.020791107300000004,-0.0150441304,-1.7522466300000001,0.175055343,0.135310977,0.16121742,0.15664228200000002,0.000194211434,0.0087499334,0.000156773755,5.043817425e-08,5.3934703150000007e-08,6.024232838000001e-08,8.705577329999999e-08,1.159569782e-07,1.6914194885e-07,3.451001555e-07,0.00990421075,0.000408013013,4.0213228500000005e-06,72.9684131,53.204260899999994,6.96216418e-07,6.1892767399999995,0.0023292357600000002,0.216934732,9.713288489999999e-05,4.37942477e-06,0.00459663378,0.866801298,9.713288489999999e-05,4.37942477e-06,0.01266227785,5.196980989999999,9.713288489999999e-05,4.37942477e-06,0.00035250393,0.5409987027000001,9.713288489999999e-05,4.37942477e-06,0.01251345005,1.82758793e-07,0.00015676934400000002,-0.0456114523,1.5032139703999998,-0.010082550249999999,-0.01181895155,-0.01197473605,2.41918819e-06,6.828163860000001e-05
113,1661359800,0.0197992471,0.0199560291,-0.018775594250000003,-1.7456500600000002,0.170892717,0.13219103199999999,0.15735480300000002,0.15304217199999998,0.00018348168099999998,0.00828218181,0.00015684285600000002,3.31435138e-08,3.3047648300000005e-08,3.970549127e-08,6.171081769999999e-08,8.42505904e-08,1.300585559e-07,2.762221256e-07,0.009541960300000001,0.000352882407,4.0619605e-06,74.94799460000002,52.787515199999994,6.683486970000002e-07,6.12138249,0.00228991752,0.21010821200000002,0.0001028961235,4.61922294e-06,0.0045253484,0.8417455519999999,0.0001028961235,4.61922294e-06,0.01270885875,5.32642568,0.0001028961235,4.61922294e-06,0.00039875256699999995,0.670100611,0.0001028961235,4.61922294e-06,0.012518303,1.53924968e-07,0.00015686243400000002,-0.045018562,0.22924226020000002,-0.01072857755,-0.011880264799999998,-0.01201847565,2.3614902299999997e-06,6.8323884e-05
113,1661360400,0.0228867695,0.0230433492,-0.014426602,-1.7058458600000002,0.19984360099999998,0.14143297600000002,0.18068051400000001,0.171492733,0.00025948065100000003,0.009636200600000002,0.000156647118,4.19437475e-08,4.22896257e-08,4.871039420000001e-08,7.51016259e-08,9.42304954e-08,1.6467052699999998e-07,4.889229485e-07,0.011110349299999999,0.00032808069199999996,3.929098610000001e-06,72.79698810000001,52.2047921,7.71200514e-07,6.2929166,0.00246827915,0.244776402,7.770851390000001e-05,2.8936769100000002e-06,0.00488038244,0.978246513,7.770851390000001e-05,2.8936769100000002e-06,0.0126277629,4.96990383,7.770851390000001e-05,2.8936769100000002e-06,0.00033138506300000003,0.32894428200000003,7.770851390000001e-05,2.8936769100000002e-06,0.012513158900000002,1.7415599700000003e-07,0.000156754137,-0.1519538692,6.2065019532,-0.00988639932,-0.011844666850000001,-0.011996650299999998,2.3124289000000003e-06,6.80195206e-05
113,1661361000,0.023589797099999997,0.023746663499999997,-0.0240028607,-1.68853272,0.197331023,0.14308416999999998,0.184318125,0.17513034700000002,0.00014386253820000003,0.009750599600000001,0.000156970412,8.06117904e-08,8.41875097e-08,9.719452307e-08,1.3580166550000002e-07,1.724075748e-07,2.5919477849999995e-07,5.05565341e-07,0.0114853221,0.00030289309600000004,5.2397285099999994e-06,69.5919782,51.932211900000006,7.941275710000001e-07,6.4174131,0.00249627464,0.24820014499999998,8.468844050000001e-05,3.42501907e-06,0.00495887645,1.009093052,8.468844050000001e-05,3.42501907e-06,0.012657844000000001,5.121522799999999,8.468844050000001e-05,3.42501907e-06,0.00034565072199999996,0.43191753009999995,8.468844050000001e-05,3.42501907e-06,0.012520328950000001,1.75562372e-07,0.000156934629,0.025005021740000005,0.1557458117,-0.0107757195,-0.011828884250000001,-0.0119871042,2.34624364e-06,6.792727660000001e-05
113,1661361600,0.023228992599999998,0.0233854977,-0.0194196106,-1.6978301999999998,0.19245587599999997,0.142143803,0.178355447,0.17171774599999998,0.0001719230228,0.009674857399999999,0.000156559895,2.6732994300000002e-08,2.4574917120000005e-08,2.8376808810000003e-08,5.233176309999999e-08,6.55504416e-08,9.92698294e-08,2.38797986e-07,0.011351314650000001,0.000257976003,4.61635641e-06,72.2559614,51.5872751,7.829316840000001e-07,5.89061768,0.00246025331,0.242055835,7.939689150000001e-05,3.05018088e-06,0.004917376750000001,0.9923763100000003,7.939689150000001e-05,3.05018088e-06,0.012642146449999999,5.02135459,7.939689150000001e-05,3.05018088e-06,0.00034729976199999996,0.37487027599999995,7.939689150000001e-05,3.05018088e-06,0.012512256250000001,1.69405113e-07,0.00015672722199999999,0.027205319579999998,0.2989243426,-0.01067397185,-0.0118402296,-0.011994963899999999,2.4001971800000007e-06,6.86869114e-05
113,1661362200,0.0229726088,0.0231291382,-0.0233803047,-1.6990479699999999,0.193055892,0.141448711,0.178655452,0.170555204,0.00020622017100000004,0.009639707700000002,0.000156603545,4.8113821399999996e-08,4.90077215e-08,5.7025393899999994e-08,8.505306340000001e-08,1.0857850960000002e-07,1.632942296e-07,3.488121125e-07,0.0111803017,0.000299757954,5.3033669599999995e-06,70.72665540000001,51.9593358,7.740240930000001e-07,6.3283998299999995,0.00246301515,0.24211614399999998,8.0328248e-05,3.0410204100000003e-06,0.0048924733,0.9826848790000001,8.0328248e-05,3.0410204100000003e-06,0.0126410202,5.06789111,8.0328248e-05,3.0410204100000003e-06,0.00033938604800000003,0.3864936638,8.0328248e-05,3.0410204100000003e-06,0.0125133786,1.75995837e-07,0.00015676134200000001,0.15492287006999997,3.44373543085,-0.009987063229999999,-0.0118436415,-0.011994271150000001,2.3341305e-06,6.84793701e-05
113,1661362800,0.0215810874,0.0217376326,-0.0205807299,-1.7014078299999997,0.18641819099999998,0.13728815,0.17265527000000003,0.16489253399999998,0.00019440834449999998,0.009132174,0.00015664060200000003,6.405487010000001e-08,6.762238659999999e-08,7.94748567e-08,1.1134252879999999e-07,1.3979722270000002e-07,2.148478632e-07,4.32692351e-07,0.010504834800000001,0.000279789203,4.71279776e-06,69.8697504,51.891126,7.275483180000001e-07,6.415627599999999,0.0023849263400000003,0.227153601,8.780601359999998e-05,3.75364553e-06,0.00474451775,0.923478815,8.780601359999998e-05,3.75364553e-06,0.0126590062,5.15573866,8.780601359999998e-05,3.75364553e-06,0.000354920323,0.474151621,8.780601359999998e-05,3.75364553e-06,0.012513850449999999,1.77585974e-07,0.000156774604,0.07513429490000001,0.2922511124,-0.0105933795,-0.0118192119,-0.011977452650000001,2.5196675399999998e-06,6.831327100000001e-05
113,1661363400,0.022139497899999996,0.0222967778,-0.012998094900000002,-1.6884147999999999,0.19185585600000002,0.138835472,0.179067971,0.169917684,0.00015721586299999999,0.00914213805,0.00015735336,4.9240284350000003e-08,5.0920680429999995e-08,5.7351292139999997e-08,8.37367092e-08,1.0207773875e-07,1.5016443639999997e-07,3.177347326e-07,0.0107644285,0.000300926602,3.5068195100000003e-06,71.6453525,52.0374105,7.46704043e-07,5.964655110000001,0.00240831027,0.230322934,8.36314616e-05,3.2659665499999997e-06,0.00479097555,0.9409912549999999,8.36314616e-05,3.2659665499999997e-06,0.012661104349999999,5.0575912999999995,8.36314616e-05,3.2659665499999997e-06,0.000333989315,0.37663606169999997,8.36314616e-05,3.2659665499999997e-06,0.01253918355,1.6124195599999998e-07,0.000157392626,0.02166523984,0.26645332850000003,-0.010641937550000001,-0.0118784116,-0.0120285492,2.29292048e-06,6.859354400000001e-05
113,1661364000,0.023925118,0.024081549400000003,-0.016935401599999997,-1.6873460299999998,0.202018667,0.14424453099999998,0.185330657,0.17670539899999999,0.000146702886,0.00987266305,0.000156507686,5.2963896e-08,5.46737773e-08,6.6610523e-08,9.88982837e-08,1.292673582e-07,2.01511216e-07,4.6496022800000004e-07,0.011660781399999999,0.00029567289599999997,4.95859129e-06,71.5594649,51.836298,8.05315117e-07,6.4074693,0.00251441869,0.252240806,7.72996169e-05,2.8022322e-06,0.00499512806,1.0239304850000002,7.72996169e-05,2.8022322e-06,0.0126324996,5.0048761,7.72996169e-05,2.8022322e-06,0.000343195235,0.3291871878,7.72996169e-05,2.8022322e-06,0.012510253700000001,1.7350433800000002e-07,0.000156681444,0.013746046499999998,0.49350636999999997,-0.01039280375,-0.0118302672,-0.01198541025,2.25768985e-06,6.81983045e-05
113,1661364600,0.0219334243,0.022089591399999997,-0.01072362336,-1.6983777,0.188968267,0.13824044600000002,0.173930309,0.167855123,0.00015454852100000002,0.00915331835,0.00015626861199999998,7.61735809e-08,7.951681649999998e-08,9.64513419e-08,1.259831554e-07,1.707391534e-07,2.50206574e-07,5.293922489999999e-07,0.010718338300000001,0.00024256205,4.377478050000001e-06,67.88049120000001,51.5268375,7.389698100000001e-07,6.52193346,0.0024021792699999997,0.23105335,7.468941239999999e-05,2.7989522699999997e-06,0.00479056649,0.941300566,7.468941239999999e-05,2.7989522699999997e-06,0.012596870650000003,4.928052770000001,7.468941239999999e-05,2.7989522699999997e-06,0.000316182001,0.25689749240000004,7.468941239999999e-05,2.7989522699999997e-06,0.0124980994,1.87658039e-07,0.000156390941,0.05461713799999999,0.2459921012,-0.010567488100000001,-0.0117809484,-0.0119487011,2.37046423e-06,6.818259300000001e-05
113,1661365200,0.023265584300000003,0.0234218678,-0.0194966803,-1.6937712900000002,0.196468499,0.14210828700000003,0.178842962,0.17269277300000002,0.00020264831,0.00971598535,0.000156375458,6.645846349999999e-08,6.731681640000001e-08,7.88063674e-08,1.0811354020000003e-07,1.373205694e-07,2.0079014150000005e-07,4.2821421300000003e-07,0.011375007650000001,0.00025163633000000005,4.9599882900000005e-06,71.4800825,51.517653800000005,7.83737974e-07,6.20334603,0.0024826119,0.24705394299999997,7.5366631e-05,2.7025361300000004e-06,0.0049380957599999995,1.0014335300000003,7.5366631e-05,2.7025361300000004e-06,0.012616280799999999,4.91664428,7.5366631e-05,2.7025361300000004e-06,0.000337555201,0.27320837400000003,7.5366631e-05,2.7025361300000004e-06,0.012500261699999998,1.89866139e-07,0.000156446658,0.0166993694,1.1268540025,-0.0098701088,-0.011784626,-0.0119490275,2.3577661300000003e-06,6.787651520000001e-05
113,1661365800,0.0236321842,0.023788771400000002,-0.013722074950000001,-1.6803138499999999,0.199843598,0.143073865,0.18371810500000002,0.176442887,0.0002261938126,0.009911332050000003,0.000156654905,3.7553830300000004e-08,3.9222960160000004e-08,5.143444410000001e-08,8.17907053e-08,1.134991057e-07,1.867940994e-07,4.5990762150000005e-07,0.01157145485,0.000238350745,5.24077331e-06,72.1183827,51.37632659999999,7.953982540000001e-07,6.420322629999999,0.00250960577,0.2522226879999999,7.16303107e-05,2.6698997699999994e-06,0.00498847345,1.0213194360000002,7.16303107e-05,2.6698997699999994e-06,0.012597472399999999,4.86996852,7.16303107e-05,2.6698997699999994e-06,0.000303557221,0.20857962410000003,7.16303107e-05,2.6698997699999994e-06,0.0125186971,2.0658134899999998e-07,0.000156924634,-0.02028124785,0.25821108733,-0.0104928976,-0.011779371149999999,-0.01194665365,2.53640471e-06,6.917467790000001e-05
113,1661366400,0.0219297535,0.0220868379,-0.013106613999999999,-1.69143232,0.190730826,0.138054298,0.174755335,0.16819263700000003,0.00013764515280000002,0.00907011895,0.000157137754,2.8267416849999996e-08,2.920633836e-08,4.15055523e-08,6.901753519999999e-08,1.0618794809999999e-07,1.7318838890000002e-07,4.3553222500000006e-07,0.01072905715,0.000229738815,5.1395269e-06,72.757111,51.420214099999995,7.38870144e-07,6.49426603,0.00240044287,0.231286873,8.30440272e-05,3.17163954e-06,0.00478284126,0.938529917,8.30440272e-05,3.17163954e-06,0.0126706391,5.063271180000001,8.30440272e-05,3.17163954e-06,0.000356622616,0.39351844739999997,8.30440272e-05,3.17163954e-06,0.012532066599999999,1.9810101099999997e-07,0.000157251099,0.052392060500000004,0.3062418736,-0.0101798727,-0.011798757500000001,-0.01196731335,2.3158364200000003e-06,6.87260212e-05
113,1661367000,0.022340828799999997,0.0224971939,-0.011482511599999998,-1.6928,0.19586847999999998,0.139286364,0.176742896,0.169655177,0.000275518599,0.009409379499999999,0.00015642414499999997,3.071636465e-08,3.105688813e-08,3.8859694859999996e-08,6.17247086e-08,8.563788239999999e-08,1.339486573e-07,3.2677808300000005e-07,0.010913465850000002,0.000251680402,4.49496004e-06,73.3108465,51.5914272,7.529535659999999e-07,6.19525385,0.00242595666,0.23607529400000002,8.64439789e-05,3.4933398199999997e-06,0.00482779787,0.9580692390000001,8.64439789e-05,3.4933398199999997e-06,0.012654400399999998,5.09450616,8.64439789e-05,3.4933398199999997e-06,0.000363680702,0.4627935213999999,8.64439789e-05,3.4933398199999997e-06,0.012502350749999998,1.8816338499999998e-07,0.000156497359,0.0655565873,0.300096483,-0.010221877199999998,-0.011785300700000001,-0.01194530875,2.38869535e-06,6.794940860000001e-05
113,1661367600,0.023990021800000004,0.0241460696,-0.019026380449999998,-1.71084335,0.191968365,0.144629264,0.177605422,0.17261777,0.00015498985400000002,0.009933912000000001,0.000156162336,9.142595070000001e-08,9.603931445e-08,1.137705662e-07,1.502255568e-07,2.0050782239999998e-07,2.969716227e-07,6.087190874e-07,0.0117203606,0.0002670232000000001,5.9505197199999996e-06,69.4670785,51.599417100000004,8.069451439999999e-07,6.43018994,0.0025236784000000003,0.25564890799999995,8.702843739999999e-05,3.60867908e-06,0.00502579019,1.03697742,8.702843739999999e-05,3.60867908e-06,0.01263383005,5.09926548,8.702843739999999e-05,3.60867908e-06,0.00035613755699999997,0.45439813860000006,8.702843739999999e-05,3.60867908e-06,0.01248964215,1.7797179899999999e-07,0.00015616961300000002,-0.028381447900000002,0.44128612070000006,-0.010388215699999998,-0.01180237975,-0.011957523900000001,2.26843627e-06,6.77020209e-05
113,1661368200,0.0245847128,0.024741093399999997,-0.0231483404,-1.69531886,0.19560597100000002,0.14619608300000003,0.182893083,0.177042906,0.00012963696249999998,0.01012695305,0.000156435413,2.86845007e-08,2.83942591e-08,3.67228799e-08,6.45168863e-08,8.763798009999998e-08,1.392278486e-07,3.52422612e-07,0.012039391799999999,0.00024571445100000005,6.44840045e-06,72.24283160000002,51.383896500000006,8.27538954e-07,6.205538110000001,0.0025650142,0.264210835,8.34992871e-05,3.45156572e-06,0.005098046619999999,1.0667170559999999,8.34992871e-05,3.45156572e-06,0.01264054315,5.119492030000001,8.34992871e-05,3.45156572e-06,0.000355268001,0.4362929383,8.34992871e-05,3.45156572e-06,0.012504589699999999,1.90594911e-07,0.00015655568499999998,0.02109118046,0.3840227759,-0.010493631750000001,-0.01178208535,-0.011948584850000001,2.4309060399999998e-06,6.8105255e-05
113,1661368800,0.0244186727,0.0245745814,-0.015030096502,-1.68444011,0.19849356,0.145397168,0.185030649,0.17910547100000002,0.0001732695255,0.0100880514,0.00015601057199999998,7.55208264e-08,7.727529580000001e-08,9.50705176e-08,1.3126201800000001e-07,1.72503954e-07,2.6389661740000007e-07,5.859930249999999e-07,0.0119831696,0.000219771538,4.88907823e-06,67.1400525,51.1845149,8.216826629999999e-07,6.550987910000001,0.0025399214,0.259248415,7.350703040000001e-05,2.74966639e-06,0.0050717157799999996,1.0564136009999998,7.350703040000001e-05,2.74966639e-06,0.0125771433,4.8704544599999995,7.350703040000001e-05,2.74966639e-06,0.00030941342099999997,0.231573301,7.350703040000001e-05,2.74966639e-06,0.01249177845,1.9528091699999998e-07,0.000156240754,-0.02352963057,0.1288807597,-0.010635463000000001,-0.0117756959,-0.0119326624,2.50338809e-06,6.86568038e-05
113,1661369400,0.0269107114,0.027067171699999996,-0.021944637,-1.6784849899999998,0.209106383,0.152542917,0.19504345500000003,0.188443253,0.000280208697,0.0112676215,0.00015653071300000002,4.10557338e-08,4.02229605e-08,4.9264182500000004e-08,7.8583629e-08,1.042671746e-07,1.6328129929999998e-07,3.975515960000001e-07,0.0132018412,0.000246729786,5.83707303e-06,71.10620810000002,51.2888733,9.049588310000001e-07,6.160010130000001,0.0026550527,0.282582662,9.000572950000002e-05,3.8585364900000004e-06,0.00531327715,1.15779563,9.000572950000002e-05,3.8585364900000004e-06,0.012676088749999998,5.200030979999999,9.000572950000002e-05,3.8585364900000004e-06,0.000402464682,0.54445686,9.000572950000002e-05,3.8585364900000004e-06,0.012502190200000003,1.92700691e-07,0.00015649767699999997,0.011894206100000002,0.27625830325000006,-0.0105536288,-0.0117784369,-0.0119411531,2.48068124e-06,6.80624104e-05
113,1661370000,0.026383566200000003,0.0265401069,-0.021938036200000004,-1.6719426899999998,0.208056354,0.15069143200000001,0.19343091,0.18750572599999998,0.000177704202,0.0109448976,0.000156612645,4.4505798299999995e-08,4.453444248e-08,5.1689512e-08,8.15328616e-08,1.0473554870000001e-07,1.575641019e-07,3.7098266199999997e-07,0.012976526900000002,0.00020834213,5.97968895e-06,70.7855716,51.018738,8.877308219999999e-07,5.94065493,0.00263175923,0.27887710299999996,7.34035983e-05,2.7523891300000003e-06,0.00527961777,1.1446057,7.34035983e-05,2.7523891300000003e-06,0.0126235947,4.99764726,7.34035983e-05,2.7523891300000003e-06,0.000334040263,0.2961891084,7.34035983e-05,2.7523891300000003e-06,0.012511997,2.0006206400000003e-07,0.000156750201,0.02112679109999999,2.2184825594999995,-0.009429196099999999,-0.0117868686,-0.011949869200000001,2.45791386e-06,6.83120394e-05
113,1661370600,0.0262747587,0.0264308023,-0.026883349699999996,-1.65926945,0.21075643299999997,0.15028212800000001,0.196243493,0.188518254,0.00019585292600000003,0.01091417875,0.000156141899,7.697890699999998e-08,7.84503161e-08,9.218990257999998e-08,1.28095252e-07,1.6682917400000001e-07,2.472663624e-07,5.440118110000001e-07,0.0129030903,0.000226344954,6.50915762e-06,70.183673,51.162708699999996,8.83629728e-07,6.2292938499999995,0.0026341635100000003,0.278201714,8.1856428e-05,3.19161814e-06,0.005266656149999999,1.13855057,8.1856428e-05,3.19161814e-06,0.012651708000000001,5.117706200000001,8.1856428e-05,3.19161814e-06,0.000386947105,0.441064064,8.1856428e-05,3.19161814e-06,0.0124941316,1.87301566e-07,0.000156291551,0.05017849740000001,0.37047491039999997,-0.010357009099999998,-0.011781403299999998,-0.011944251749999999,2.3053551200000002e-06,6.805450549999998e-05
113,1661371200,0.0288966744,0.0290533657,-0.0228451449,-1.66472112,0.21668161599999997,0.157492711,0.20411873099999997,0.19744352800000003,0.00020531878400000003,0.011961350200000002,0.000156768664,4.8746910999999994e-08,4.9265039249999995e-08,6.092951944e-08,9.455845650000001e-08,1.289000707e-07,2.0372591200000003e-07,4.837932360000001e-07,0.014235252200000001,0.00020528342,6.6516964e-06,69.63220779999999,50.9141384,9.7073833e-07,6.32056045,0.0027530199199999996,0.30462304100000004,7.583271759999999e-05,2.93850566e-06,0.005527171489999999,1.2532574699999999,7.583271759999999e-05,2.93850566e-06,0.012643241199999999,4.99679457,7.583271759999999e-05,2.93850566e-06,0.000362262082,0.33546059200000006,7.583271759999999e-05,2.93850566e-06,0.01252083255,1.98815672e-07,0.000156971142,0.0600215809,0.1782702075,-0.010536320050000002,-0.01178382425,-0.011951389949999999,2.48888099e-06,6.83124341e-05
113,1661371800,0.026511073899999998,0.0266674446,-0.019391940700000002,-1.6551052899999998,0.20610629,0.15063305300000002,0.19519345800000001,0.19013080599999999,0.00014621280300000002,0.010907754,0.000156450968,5.82573197e-08,5.8403024900000007e-08,7.17371574e-08,1.0371586510000001e-07,1.3975167339999998e-07,2.147574467e-07,4.83971237e-07,0.0130944583,0.000153523426,6.3390267500000005e-06,67.92613899999999,50.6080388,8.916474819999999e-07,6.38778696,0.0026298366500000004,0.27895952600000007,8.748760400000001e-05,3.6471383900000003e-06,0.00529629937,1.1507491099999998,8.748760400000001e-05,3.6471383900000003e-06,0.012654979949999997,5.1202549600000005,8.748760400000001e-05,3.6471383900000003e-06,0.000379900969,0.46875188970000004,8.748760400000001e-05,3.6471383900000003e-06,0.01250521865,1.81391676e-07,0.000156562488,0.040118925099999994,0.18678855160000002,-0.01067126975,-0.011803272949999999,-0.0119634156,2.29869523e-06,6.791339789999999e-05
113,1661372400,0.025658158799999997,0.0258148204,-0.014460107810000001,-1.65463358,0.207643839,0.14828016200000002,0.193468404,0.18739321999999997,0.0001967755525,0.0106583995,0.000156782881,1.0091063630000001e-07,1.0377920120000001e-07,1.2346906829999997e-07,1.651954866e-07,2.20830002e-07,3.28127607e-07,6.95935293e-07,0.0126573129,0.000164500549,5.4024902e-06,66.0088659,50.71743529999999,8.6280004e-07,6.564440780000001,0.0025802450099999996,0.268266354,8.5022328e-05,3.3723662799999998e-06,0.00519585229,1.1081044939999998,8.5022328e-05,3.3723662799999998e-06,0.012653277199999998,5.09610914,8.5022328e-05,3.3723662799999998e-06,0.000365845059,0.42854892219999996,8.5022328e-05,3.3723662799999998e-06,0.01251641815,1.87139448e-07,0.000156849089,0.042757081606,0.42962674173999993,-0.01048478424,-0.01180368205,-0.0119662064,2.3006054699999998e-06,6.830390190000001e-05
113,1661373000,0.0271865431,0.027343267900000003,-0.0170442043,-1.66407752,0.207418834,0.152828311,0.195943485,0.191855859,0.000207504758,0.0112592514,0.00015683086200000003,8.223279650000001e-08,8.227875064999999e-08,9.890632129999998e-08,1.349307395e-07,1.756415859e-07,2.5899991300000003e-07,5.65225853e-07,0.01343088895,0.00015558821199999998,5.28854143e-06,66.61673920000001,50.6111396,9.141009539999998e-07,6.26426509,0.00265167481,0.28452613200000004,8.551175799999998e-05,3.4342794699999997e-06,0.005353325649999999,1.17572247,8.551175799999998e-05,3.4342794699999997e-06,0.012672567,5.12585957,8.551175799999998e-05,3.4342794699999997e-06,0.000388900818,0.4588192564,8.551175799999998e-05,3.4342794699999997e-06,0.012518027900000001,1.9305142699999999e-07,0.00015689443100000002,0.010116154300000003,0.34666237999999994,-0.0104155836,-0.011799044699999999,-0.0119624544,2.4175846599999998e-06,6.805677180000001e-05
113,1661373600,0.0279660324,0.028122835000000002,-0.0186470748,-1.6634886700000002,0.212818997,0.154856674,0.19943108999999998,0.194368436,0.00020591068899999997,0.0115840323,0.000156872898,4.7868677e-08,4.62682521e-08,6.151103249999999e-08,9.425501360000001e-08,1.327193686e-07,2.10413607e-07,5.300787690000001e-07,0.013809176900000001,0.000166765408,5.875161160000001e-06,69.6330179,50.67685300000001,9.39646935e-07,6.36467477,0.00269362145,0.292626274,8.353839649999999e-05,3.39528881e-06,0.0054278891000000004,1.20821887,8.353839649999999e-05,3.39528881e-06,0.012662388299999999,5.106154290000001,8.353839649999999e-05,3.39528881e-06,0.00037113728,0.4359820728,8.353839649999999e-05,3.39528881e-06,0.01252085775,1.89682485e-07,0.000156961926,0.012118694000000003,0.24034435510000005,-0.0106141624,-0.011802786749999999,-0.0119659144,2.36184823e-06,6.84354176e-05
113,1661374200,0.025971554599999995,0.026128550699999996,-0.015426579300000002,-1.6657761999999998,0.20419373100000002,0.14936423999999998,0.191143339,0.186943206,0.000188897758,0.0108800859,0.00015706645199999999,4.91230757e-08,4.9793423020000003e-08,6.25447643e-08,8.788667059999999e-08,1.248376451e-07,1.9213475759999998e-07,4.36683504e-07,0.01282330625,0.000156136278,5.25689389e-06,68.137416,50.626621799999995,8.73987398e-07,6.26050758,0.00261197025,0.276337852,8.225717799999999e-05,3.21256801e-06,0.00525225006,1.1325018500000001,8.225717799999999e-05,3.21256801e-06,0.012652002200000002,5.04889751,8.225717799999999e-05,3.21256801e-06,0.000350654757,0.38093850640000004,8.225717799999999e-05,3.21256801e-06,0.0125291923,1.9359949500000003e-07,0.000157175056,-0.014394900300000003,0.26677722449999997,-0.010376668799999999,-0.0118108783,-0.01196997165,2.2917399e-06,6.84593717e-05
113,1661374800,0.0273482472,0.0275054053,-0.013293043600000002,-1.65761389,0.21548158099999998,0.153089965,0.197931042,0.19361841100000002,0.00024399595399999998,0.011357062150000001,0.000157231416,5.073948129999999e-08,4.7745158190000004e-08,5.6137651860000003e-08,8.5215722e-08,1.0407929970000002e-07,1.4485464070000002e-07,3.5359619799999996e-07,0.013520072600000002,0.00014839149400000003,4.7340508999999995e-06,69.34312489999999,50.5364471,9.203217510000001e-07,5.8076079499999995,0.0026852301599999996,0.292720169,9.32008926e-05,3.941712460000001e-06,0.00539905564,1.19649707,9.32008926e-05,3.941712460000001e-06,0.01272812985,5.28920576,9.32008926e-05,3.941712460000001e-06,0.00041256350099999996,0.586308701,9.32008926e-05,3.941712460000001e-06,0.012538041699999999,2.1320237900000003e-07,0.000157414454,0.007369828320399998,21.274120972699997,-0.00880929728,-0.0117952293,-0.0119644119,2.3743289699999997e-06,6.811966460000001e-05
113,1661375400,0.027113535899999996,0.027269729700000002,-0.0190156382,-1.6710118600000001,0.20985640700000002,0.15276079599999998,0.195493467,0.19061832299999998,0.000155656787,0.01124728395,0.00015626703700000001,4.812392220000001e-08,5.511983401000001e-08,1.8807263184000004e-07,1.406339957e-07,1.324127902e-07,2.21411248e-07,4.993921840000001e-07,0.01334949585,0.000195673037,1.0238472840000001e-05,70.06699499999999,50.93026629999999,9.113561920000001e-07,6.3974430600000005,0.00267283308,0.29294458300000004,7.34821537e-05,2.6836625699999998e-06,0.005344199359999999,1.1728922599999998,7.34821537e-05,2.6836625699999998e-06,0.012609491,4.9400343200000005,7.34821537e-05,2.6836625699999998e-06,0.000337649325,0.27408875299999996,7.34821537e-05,2.6836625699999998e-06,0.01249657245,5.24807566e-07,0.00015668973699999999,0.02535453319,-0.33150995569999997,-0.0100776022,-0.011419383200000001,-0.0116158263,2.36153629e-06,6.772013529999999e-05
113,1661376000,0.025922772,0.0260786974,-0.01630715017,-1.6534161900000002,0.21169396,0.148803499,0.193918419,0.18780573,0.000224172987,0.010912278400000001,0.00015598393800000002,3.8197574700000004e-08,3.813690874999999e-08,5.051292389999999e-08,1.721968011e-07,1.9448494429999998e-07,1.9730107e-07,4.5150074100000003e-07,0.0127755327,0.00017603412399999998,8.61799052e-06,71.2126024,50.834444500000004,8.72156086e-07,6.440120199999998,0.0025906357199999997,0.278292107,8.94084387e-05,3.6837554999999997e-06,0.00518495635,1.106139514,8.94084387e-05,3.6837554999999997e-06,0.012644023950000003,5.152147739999999,8.94084387e-05,3.6837554999999997e-06,0.00039380857400000003,0.5147239322999999,8.94084387e-05,3.6837554999999997e-06,0.01248556335,5.132857159999999e-07,0.000156403407,0.0190314867656,-0.098601354,-0.009795573799999999,-0.011377305,-0.01159962805,2.2144689599999998e-06,6.76557519e-05
113,1661376600,0.027251062799999996,0.0274072539,-0.006566437683,-1.66400895,0.21139395500000005,0.15288294399999997,0.198381062,0.193205897,0.000210971367,0.01129660735,0.00015632695199999997,1.12404129e-07,1.1832540009999999e-07,1.3862554290000003e-07,1.882557656e-07,4.64046007e-07,3.9596945900000007e-07,7.42423884e-07,0.01344220485,0.00017300258100000002,8.025294e-06,66.2885231,50.7471966,9.154339059999999e-07,6.5770316300000005,0.0026892441899999996,0.29761824,8.722335990000001e-05,3.5405275300000004e-06,0.0053592903899999985,1.1799498,8.722335990000001e-05,3.5405275300000004e-06,0.0126513822,5.13702651,8.722335990000001e-05,3.5405275300000004e-06,0.000384686667,0.4792368712,8.722335990000001e-05,3.5405275300000004e-06,0.01250369975,5.73502219e-07,0.000156916299,-0.020248563340000005,-0.405231121,-0.0099281277,-0.011323500949999999,-0.0115278118,2.4180604300000004e-06,6.84708575e-05
113,1661377200,0.025582503299999997,0.025739332800000004,-0.021573431400000002,-1.6555412099999998,0.20475624999999997,0.148100016,0.19133084399999997,0.18615568300000002,0.000190793568,0.0106718978,0.00015691235599999998,5.68089106e-08,5.991171822e-08,7.367015149999999e-08,1.2100297379999998e-07,3.7012224199999996e-07,2.3100431449999997e-07,4.825938480000001e-07,0.012630005599999999,0.00015070460100000002,9.05931665e-06,69.5297934,50.6330356,8.60598169e-07,6.3645630099999995,0.00259763825,0.27849952499999997,9.695448240000001e-05,4.12052206e-06,0.005190546799999999,1.1040964100000001,9.695448240000001e-05,4.12052206e-06,0.0127164703,5.283560469999999,9.695448240000001e-05,4.12052206e-06,0.000424701081,0.6277312669999999,9.695448240000001e-05,4.12052206e-06,0.012520383800000002,6.100374009999999e-07,0.0001573704,-0.005090142335,-0.6546100450000001,-0.00981568805,-0.0112771569,-0.011495955050000001,2.34442336e-06,6.882411450000001e-05
113,1661377800,0.0241027628,0.0242598175,-0.019848809999999998,-1.66648721,0.19609348899999995,0.143730282,0.183680606,0.179292977,0.00021205929000000004,0.010080490000000001,0.000157143446,6.295049219999999e-08,6.570014660000001e-08,1.305959969e-07,1.1556845679999999e-07,3.8513139699999994e-07,2.1747447609999998e-07,4.502547786e-07,0.011880585149999998,0.00015941988899999997,9.8443545e-06,70.25587250000001,50.729012499999996,8.11584332e-07,6.38424228,0.00254721942,0.269387773,9.694180410000001e-05,4.13760577e-06,0.00504605118,1.0476460269999999,9.694180410000001e-05,4.13760577e-06,0.0127094609,5.251410610000001,9.694180410000001e-05,4.13760577e-06,0.000391144852,0.581571928,9.694180410000001e-05,4.13760577e-06,0.0125307167,7.36346145e-07,0.000157755591,0.01352840844,-0.8052572920000001,-0.0097973328,-0.01117864175,-0.0114066217,2.4003309399999997e-06,6.826055279999999e-05
113,1661378400,0.0225567558,0.022713458400000004,-0.0209295314,-1.6603561599999999,0.19658099999999998,0.139316153,0.17955548100000002,0.17348029699999998,0.000277454571,0.0095668415,0.000156773128,4.537253e-08,4.8281713499999995e-08,6.00140079e-08,9.263753800000002e-08,3.296718719999999e-07,1.9006702779999998e-07,4.16945403e-07,0.01110131075,0.000168001444,7.807671479999999e-06,70.081287,50.834430600000005,7.597897639999999e-07,6.300568869999999,0.00246977224,0.2515421,9.17553378e-05,3.7446974300000005e-06,0.0048857706,0.980957504,9.17553378e-05,3.7446974300000005e-06,0.01269704685,5.2001064999999995,9.17553378e-05,3.7446974300000005e-06,0.000394130377,0.5372975024,9.17553378e-05,3.7446974300000005e-06,0.01252025,5.625212279999999e-07,0.000157319986,-0.00805352988,-0.63865401,-0.009667369549999999,-0.01133570995,-0.01154005565,2.38558011e-06,6.860147360000001e-05
113,1661379000,0.023007618799999997,0.0231645764,-0.0148482112,-1.66345287,0.191780855,0.140589139,0.180305503,0.175692863,0.00020141638699999997,0.0096472103,0.000157043378,5.7112236100000006e-08,5.9550360900000005e-08,6.919580735e-08,9.59378076e-08,3.8095032800000006e-07,1.895730226e-07,3.8507254699999997e-07,0.011347279649999998,0.000147820885,7.383928409999999e-06,68.7865649,50.659269900000005,7.75221987e-07,6.20102246,0.0024790245100000004,0.253718068,8.75035959e-05,3.6303187899999995e-06,0.004928700900000001,0.9967556039999999,8.75035959e-05,3.6303187899999995e-06,0.0126668829,5.1244746899999996,8.75035959e-05,3.6303187899999995e-06,0.000356877668,0.43461761160000006,8.75035959e-05,3.6303187899999995e-06,0.012523084649999999,6.321834940000001e-07,0.000157460009,-0.005889704669999999,-0.744201609,-0.009980304050000001,-0.0112698216,-0.011482589800000002,2.4812071999999995e-06,6.88275935e-05
113,1661379600,0.0220145033,0.0221711697,-0.015404659199999999,-1.6649104000000001,0.184918145,0.137454125,0.17494284,0.171380228,0.0001596460915,0.00912180175,0.00015674330300000002,5.2096029449999996e-08,5.632335933e-08,7.148244634e-08,1.0292502549999999e-07,3.1246954500000004e-07,1.97683892e-07,4.152260612e-07,0.0108712641,0.000127341506,7.3607072400000005e-06,68.7934487,50.50683109999999,7.42009958e-07,6.38055016,0.00242493058,0.241574283,8.587378050000001e-05,3.32744712e-06,0.004818733979999999,0.9527595310000001,8.587378050000001e-05,3.32744712e-06,0.0126676487,5.08416645,8.587378050000001e-05,3.32744712e-06,0.000361341056,0.43714121214999996,8.587378050000001e-05,3.32744712e-06,0.01251258085,5.262057250000001e-07,0.000157091194,0.00464253323,-0.5203338862,-0.010111317,-0.01136159485,-0.0115745537,2.26108372e-06,6.75035089e-05
113,1661380200,0.0212426737,0.021399813900000002,-0.01344905102,-1.67517915,0.181505537,0.13535344800000002,0.17055520500000002,0.16676759000000002,0.000263774069,0.0089293444,0.000157219786,5.5179404100000005e-08,5.8026391600000005e-08,6.923526354999998e-08,1.037116392e-07,3.9519397999999997e-07,1.8217088399999997e-07,3.83654519e-07,0.010481645199999999,0.00013067158150000002,7.690357510000002e-06,69.9336769,50.5587628,7.16433774e-07,6.302835849999999,0.00237889928,0.236710986,9.314168269999999e-05,3.79971218e-06,0.004729283579999999,0.918927479,9.314168269999999e-05,3.79971218e-06,0.012700917,5.2048557,9.314168269999999e-05,3.79971218e-06,0.00037573190899999997,0.5469516437399999,9.314168269999999e-05,3.79971218e-06,0.0125398904,6.782891159999999e-07,0.000157927548,-0.013868361148999999,-0.588661312,-0.0093911663,-0.011245245099999999,-0.0114679485,2.30508785e-06,6.891911150000001e-05
113,1661380800,0.0223738191,0.022530925599999998,-0.0174830024,-1.6763360500000002,0.186568197,0.138424075,0.174605328,0.169542672,0.0002853830664,0.0095504861,0.000157171851,3.7889614600000003e-08,3.85116135e-08,4.575389315e-08,7.40606204e-08,3.11305676e-07,1.31751904e-07,2.8502502899999997e-07,0.0110329999,0.00014565671999999997,7.26169672e-06,70.8645481,50.6735011,7.544802110000001e-07,6.16220909,0.00242481615,0.245682291,8.74518714e-05,3.5005541300000003e-06,0.00484228421,0.969725174,8.74518714e-05,3.5005541300000003e-06,0.012678842749999999,5.10408627,8.74518714e-05,3.5005541300000003e-06,0.000364584826,0.44670931755000004,8.74518714e-05,3.5005541300000003e-06,0.012533173050000002,5.841517079999999e-07,0.00015766501099999999,-0.000250473058999999,-0.7228298559999999,-0.0100051864,-0.01132193495,-0.011531400649999999,2.39057138e-06,6.84923046e-05
113,1661381400,0.025741143900000003,0.0258980679,-0.018833483,-1.66290877,0.203593714,0.148580595,0.19073082,0.186380688,0.00022035103299999995,0.01067446095,0.000156994647,4.3857438300000006e-08,4.4550239800000006e-08,5.68792565e-08,9.314645249999998e-08,3.06089969e-07,1.7142793400000002e-07,3.8162702199999995e-07,0.01270999805,0.000151945061,7.46048468e-06,69.49774799999999,50.6177637,8.65979736e-07,6.29460262,0.0026213687,0.282350227,8.16161011e-05,3.1431885899999997e-06,0.00522386915,1.11987023,8.16161011e-05,3.1431885899999997e-06,0.0126734232,5.1250053200000005,8.16161011e-05,3.1431885899999997e-06,0.00035687473800000006,0.4394397297000001,8.16161011e-05,3.1431885899999997e-06,0.012531347549999999,5.5155002e-07,0.00015758693800000002,0.0005879667699999993,-0.43535034800000005,-0.00986641565,-0.01136016345,-0.011574706599999998,2.3614011999999992e-06,6.869905150000001e-05
113,1661382000,0.025685028500000002,0.025842238499999996,-0.015521794600000003,-1.6608954399999998,0.20168115799999997,0.14827013500000003,0.19028080900000002,0.18656819800000002,0.00020748875999999997,0.0107529714,0.00015741825600000002,5.5637207850000005e-08,5.75729279e-08,6.75373137e-08,9.16915611e-08,3.7021685800000003e-07,1.7003485410000002e-07,3.493275097e-07,0.012701490300000002,0.0001327812295,6.87040366e-06,68.87036450000001,50.4632007,8.644487919999999e-07,5.93884662,0.0026078475099999996,0.282366384,9.01062366e-05,4.827217959999999e-06,0.0052123636299999995,1.115907694,9.01062366e-05,4.827217959999999e-06,0.012666989,5.04953726,9.01062366e-05,4.827217959999999e-06,0.00035469143599999996,0.32760977,9.01062366e-05,4.827217959999999e-06,0.01253736405,8.969726479999999e-07,0.00015808349199999998,-0.28112885233999996,0.8194078299999997,-0.00911394827,-0.011177882150000002,-0.0114331121,4.25352612e-06,7.9724143e-05
113,1661382600,0.0261825235,0.026339659200000004,-0.00967890723,-1.6529058199999997,0.209706402,0.149645751,0.194705945,0.189793296,0.00026367647199999997,0.011021532950000001,0.00015718293699999998,1.50012608e-08,1.3209307779999999e-08,1.7253145899999998e-08,3.9072135200000004e-08,2.9142410299999995e-07,6.72789973e-08,1.7277460779999997e-07,0.01295930405,0.0001254227302,5.86841996e-06,71.70489549999999,50.407991,8.81653498e-07,5.738892170000001,0.00262772858,0.286583314,9.058897399999999e-05,3.8648280599999995e-06,0.00526342591,1.13695216,9.058897399999999e-05,3.8648280599999995e-06,0.012723983250000001,5.22697218,9.058897399999999e-05,3.8648280599999995e-06,0.00040796705200000003,0.5396179396,9.058897399999999e-05,3.8648280599999995e-06,0.012536985,6.589438029999999e-07,0.000157835125,-0.004879757260000001,-0.46046735200000005,-0.009509883399999999,-0.011245278700000002,-0.01148003665,2.58342385e-06,6.89456817e-05
113,1661383200,0.024761979,0.0249187146,-0.018292832199999998,-1.6592084900000004,0.204756254,0.145378931,0.18686820799999998,0.182518073,0.00044327634200000003,0.0106087083,0.000156828269,6.406375829999999e-08,7.281767789999999e-08,1.2218630620000002e-07,1.634789291e-07,4.3934573399999996e-07,3.709272688e-07,5.88333609e-07,0.012243491450000001,0.0001277670615,7.79578768e-06,68.29727360000001,50.4562183,8.33487806e-07,6.4574093,0.0025818646100000003,0.288153386,8.615608650000001e-05,3.5640003199999996e-06,0.00512838224,1.082670175,8.615608650000001e-05,3.5640003199999996e-06,0.01267461505,5.12144155,8.615608650000001e-05,3.5640003199999996e-06,0.000375415493,0.48547203120000004,8.615608650000001e-05,3.5640003199999996e-06,0.012524708300000001,9.23689072e-07,0.000157725837,-0.6157999352,78.652559325,-0.004455756949999999,-0.01122234725,-0.0115001374,3.3581720000000004e-06,7.93129202e-05
113,1661383800,0.028460451300000005,0.028617081300000003,-0.0197994792,-1.6607829299999999,0.213494018,0.155826246,0.201568647,0.196205987,0.0004673673,0.012080950600000003,0.000156722659,6.786787470000001e-08,7.47965371e-08,9.138078150000002e-08,1.448352957e-07,2.2586532999999997e-07,3.52262664e-07,5.62290444e-07,0.014067448000000001,0.000154174412,6.98732628e-06,68.8630625,50.5954059,9.56050956e-07,6.5347468399999995,0.00272533339,0.30599742099999994,9.2506861e-05,4.0217172500000005e-06,0.00547506833,1.23524207,9.2506861e-05,4.0217172500000005e-06,0.0126845662,5.24689552,9.2506861e-05,4.0217172500000005e-06,0.00038381281800000007,0.5642377483,9.2506861e-05,4.0217172500000005e-06,0.0125172078,3.6465300300000007e-07,0.000157045468,0.0087511732,-0.10186855590000002,-0.010234715500000002,-0.011543374300000001,-0.0117490844,2.40563397e-06,6.87363674e-05
113,1661384400,0.0288262848,0.028982619000000005,-0.01888223917,-1.64617069,0.227106931,0.15677717500000002,0.205131262,0.19976860000000002,0.00026478723600000003,0.012025969749999999,0.000156422301,6.47598946e-08,6.443398499999999e-08,7.589705439999999e-08,3.82746969e-07,1.5517073290000002e-07,1.888122771e-07,3.922774644e-07,0.014270214600000001,0.00013272122050000002,8.79194052e-06,68.7870994,50.4319684,9.689197429999999e-07,6.092217410000001,0.0027656318599999998,0.31776686,8.635362390000001e-05,3.4653995199999994e-06,0.00552142639,1.2517605900000002,8.635362390000001e-05,3.4653995199999994e-06,0.0126612523,5.138097180000001,8.635362390000001e-05,3.4653995199999994e-06,0.00039470111899999997,0.46830837569999995,8.635362390000001e-05,3.4653995199999994e-06,0.0125048408,7.69058334e-07,0.00015714056499999997,0.0022949419599999988,-0.667695476,-0.0093139567,-0.0111242975,-0.0113540108,2.3842251599999998e-06,6.86125026e-05
113,1661385000,0.025426449099999998,0.025583102000000003,-0.0244646478,-1.64374677,0.20708132199999998,0.147010347,0.19088082700000003,0.186268185,0.000300487087,0.0108791749,0.000156730643,5.1938325199999996e-08,5.354653095e-08,6.488076557e-08,1.004078459e-07,2.495475814e-07,2.404717757e-07,4.254416446e-07,0.012598054899999999,0.00010714542159999999,6.754399470000001e-06,68.18740650000001,50.2635527,8.555340419999999e-07,6.1628431,0.00260168452,0.279456218,9.234900060000001e-05,3.822715619999999e-06,0.00520728487,1.1159685600000002,9.234900060000001e-05,3.822715619999999e-06,0.012695437600000001,5.203683700000001,9.234900060000001e-05,3.822715619999999e-06,0.000407530989,0.551927876,9.234900060000001e-05,3.822715619999999e-06,0.0125159301,4.06031833e-07,0.000157055288,0.03751852343,-0.026915147719999987,-0.009723223730000001,-0.0115116848,-0.011714664999999999,2.3518417200000006e-06,6.83584884e-05
113,1661385600,0.0155745356,0.0157312653,-0.0332046901,-1.6645913,0.161592433,0.11486983899999999,0.14467941700000003,0.13815421649999998,0.000362133603,0.006908020980000001,0.00015678903,2.8862804590000004e-08,2.843956176e-08,3.4848795979999995e-08,5.3656977900000006e-08,2.1997282289999998e-07,9.866518369999998e-08,2.1935687889999999e-07,0.007659579230000002,0.00012029738390000004,6.64686453e-06,71.6894007,50.610565099999995,5.28360071e-07,6.190246719999999,0.0020329517399999995,0.173251143,7.863292640000001e-05,2.84808725e-06,0.0040232040400000006,0.676785336,7.863292640000001e-05,2.84808725e-06,0.012636042,4.97608591,7.863292640000001e-05,2.84808725e-06,0.000295035265,0.28946012149,7.863292640000001e-05,2.84808725e-06,0.012519877499999998,4.25435063e-07,0.00015717345200000002,0.006349399860000002,-0.32712097600000006,-0.01014320805,-0.011492906050000001,-0.011687401649999998,2.30740525e-06,6.85701144e-05
113,1661386200,0.012311141500000001,0.012467955499999999,-0.034596563999999996,-1.5937310299999998,0.156604785,0.1017005645,0.1338040875,0.1263038581,0.00041945083900000004,0.00574424043,0.00015686431200000002,2.2939474400000003e-08,2.5394666710000003e-08,3.7765719100000004e-08,6.02949727e-08,2.57652446e-07,1.076376544e-07,2.488758055e-07,0.006043991480000001,0.00010337886429999999,7.38824152e-06,72.69968150000001,50.511331500000004,4.19307489e-07,6.580573840000001,0.00183499005,0.142094649,7.28550808e-05,2.4865328299999997e-06,0.00357985622,0.533889559,7.28550808e-05,2.4865328299999997e-06,0.012597948449999999,4.85177167,7.28550808e-05,2.4865328299999997e-06,0.000258915553,0.1877120169,7.28550808e-05,2.4865328299999997e-06,0.01252281515,5.03932739e-07,0.00015732538299999998,0.0273674028647,-0.27832021799999995,-0.009512029000000002,-0.0113813499,-0.01159798775,2.2689582799999996e-06,6.80908545e-05
113,1661386800,0.012115319999999999,0.0122724802,-0.032876164,-1.6591806500000001,0.14276685900000002,0.102095771,0.12697887400000002,0.12262874299999997,0.000138887066,0.0051782385,0.00015741933600000002,6.639177107e-08,4.0416081669999996e-08,5.0756460640000005e-08,7.12550986e-08,3.0623304100000003e-07,1.3438840289999998e-07,2.8531225400000003e-07,0.00596271732,8.69498063e-05,6.776448610000001e-06,70.4746139,50.2182181,4.1290765700000003e-07,6.483597039999999,0.0018211495199999996,0.13955845900000002,8.606683150000001e-05,4.7019114e-06,0.00357480861,0.5251932480000001,8.606683150000001e-05,4.7019114e-06,0.0126308462,4.92878142,8.606683150000001e-05,4.7019114e-06,0.000308026477,0.2522475496,8.606683150000001e-05,4.7019114e-06,0.012538217299999998,1.01289988e-06,0.000158220331,-0.29075811048,2.7575599970000004,-0.008372547797,-0.0112523018,-0.0115140265,4.60013782e-06,8.3359636e-05
113,1661387400,0.0163152234,0.0164719521,-0.027023821800000004,-1.6329897599999998,0.173030281,0.117876982,0.152179643,0.146929485,0.00031143310699999996,0.00706472712,0.00015679131199999998,3.5743718e-08,3.56283959e-08,5.13887857e-08,6.373190410000002e-08,3.24431524e-07,1.1351523139999998e-07,2.425124280000001e-07,0.008079277550000001,7.0518985e-05,6.884305219999999e-06,69.2666646,49.9787077,5.527710860000001e-07,6.34818845,0.00210171776,0.186161412,7.61376459e-05,2.81239375e-06,0.00416635286,0.7137285029999999,7.61376459e-05,2.81239375e-06,0.012628570600000003,4.952077999999999,7.61376459e-05,2.81239375e-06,0.000298057477,0.27256019022,7.61376459e-05,2.81239375e-06,0.012520125850000003,6.360246299999999e-07,0.000157389731,-0.047896711640000006,1.7751194750000003,-0.0089368919083,-0.011261577249999998,-0.01148985345,2.3949020799999996e-06,6.917908109999999e-05
113,1661388000,0.017875239600000002,0.0180321186,-0.011123899756000002,-1.6563515900000003,0.177605425,0.1238919655,0.15870484199999998,0.15435471299999998,0.00035745587,0.007668682730000001,0.000156980457,4.7010576399999994e-08,5.793528585000001e-08,6.76776139e-08,1.001232324e-07,3.34416705e-07,1.657093425e-07,3.483767836e-07,0.0088356678,9.4814853e-05,5.90977795e-06,69.07872049999999,50.24529080000001,6.04472292e-07,6.415723219999999,0.00218588681,0.20065923,7.65396357e-05,3.05721509e-06,0.00433807049,0.7739342600000001,7.65396357e-05,3.05721509e-06,0.012625162649999999,4.9491260100000005,7.65396357e-05,3.05721509e-06,0.000301710511,0.2578100482,7.65396357e-05,3.05721509e-06,0.012527122199999999,7.016096910000001e-07,0.00015763089700000001,-0.11059803481,1.7121939790000003,-0.0085032293,-0.01121120015,-0.01147479295,2.763815e-06,7.1133956e-05
113,1661388600,0.012878292900000001,0.013035086699999998,-0.0213801579,-1.63805044,0.156792285,0.1048812083,0.134591607,0.12799140700000003,0.000586547894,0.0062472089299999995,0.000156848837,2.476665383e-08,2.63228805e-08,3.78626716e-08,5.15412185e-08,2.571599707e-07,9.30634912e-08,2.1709382300000002e-07,0.006365420169999999,6.73937742e-05,5.565989749999999e-06,70.1456866,49.9196391,4.3842474900000005e-07,6.37042419,0.0018590968099999998,0.146244023,7.1252768e-05,2.5679766300000004e-06,0.00368162853,0.5593726429999999,7.1252768e-05,2.5679766300000004e-06,0.0125993307,4.8484888,7.1252768e-05,2.5679766300000004e-06,0.000251844364,0.1676308188,7.1252768e-05,2.5679766300000004e-06,0.012523147100000001,5.14221582e-07,0.000157343827,-0.008621143099999999,-0.04171144899999998,-0.0093809989,-0.01139417675,-0.01159944995,2.40698531e-06,6.8165514e-05
113,1661389200,0.01002795063,0.010185008150000001,-0.030606403999999997,-1.59545094,0.1383417225,0.0918031646,0.119741155,0.11355346640000001,0.00022704958799999998,0.00452010814,0.000157106843,1.597683973e-08,1.699165339e-08,2.3066096950000003e-08,3.5346436999999995e-08,2.77094381e-07,6.986620169999999e-08,1.66884706e-07,0.00493795664,6.93683879e-05,5.9939088299999995e-06,72.131463,49.862456300000005,3.4377123799999995e-07,6.49504056,0.0016771879300000003,0.12028921100000001,7.540661589999999e-05,2.81677196e-06,0.00325147182,0.4390356250000001,7.540661589999999e-05,2.81677196e-06,0.012613171299999998,4.87703499,7.540661589999999e-05,2.81677196e-06,0.00024584538800000004,0.19355321025,7.540661589999999e-05,2.81677196e-06,0.0125325318,5.562555079999999e-07,0.00015762161899999998,0.0006930062400000003,-0.6755903029999999,-0.009936944,-0.0113522606,-0.011558384799999998,2.4603904799999995e-06,6.91127291e-05
113,1661389800,0.008009103979999998,0.008166032819999999,-0.037052387799999996,-1.59650282,0.12495381450000002,0.08247089939999999,0.10579072859999998,0.10027806040000001,0.0001387349226,0.0035307410299999994,0.00015713149999999998,2.013720825e-08,2.18365699e-08,2.72534039e-08,3.87541018e-08,3.01515496e-07,8.2514922e-08,2.1261377100000002e-07,0.00392372102,7.13408106e-05,8.57879802e-06,72.3066335,49.967720099999994,2.76447544e-07,6.716988120000001,0.0015169996700000001,0.0993566146,7.486638279999999e-05,4.73690136e-06,0.00290333631,0.346681044,7.486638279999999e-05,4.73690136e-06,0.012590245199999999,4.830106519999999,7.486638279999999e-05,4.73690136e-06,0.000231298471,0.13085138940000002,7.486638279999999e-05,4.73690136e-06,0.0125276245,9.04220964e-07,0.000157845962,0.7673022146,3.2950776057,-0.00670157485,-0.011133735750000002,-0.011445221650000002,4.71369126e-06,7.48036445e-05
113,1661390400,0.00854465448,0.00870184823,-0.0324085603,-1.5859798399999998,0.128853937,0.0849900805,0.11051587300000001,0.10455319,0.00017987072189999998,0.0037773476299999996,0.00015747906499999999,2.42677554e-08,2.5711349230000004e-08,3.6839504569999994e-08,4.840442125000001e-08,2.6636866000000003e-07,9.226380729999998e-08,2.035836e-07,0.00419650667,6.88660731e-05,5.959316689999999e-06,71.65010550000002,49.88634040000001,2.94198602e-07,6.58310043,0.00155264818,0.10265815920000002,7.79185097e-05,5.898632520000001e-06,0.00300661618,0.372242049,7.79185097e-05,5.898632520000001e-06,0.01261684855,4.86647369,7.79185097e-05,5.898632520000001e-06,0.000244961961,0.1615641906,7.79185097e-05,5.898632520000001e-06,0.01254158295,1.007566134e-06,0.000158300529,1.1809132935000002,6.18207494,-0.00563084508,-0.01114051835,-0.011469656550000002,5.79186286e-06,7.720224640000001e-05
113,1661391000,0.008379571280000001,0.008536611260000002,-0.020655758099999998,-1.6519300000000001,0.12574134,0.08520904409999999,0.10567822860000001,0.10065307230000001,0.000153523208,0.0037505833599999995,0.000157209039,1.914324785e-08,1.95617448e-08,2.3174145000000003e-08,4.78842215e-08,2.65985626e-07,7.35968333e-08,1.7511142139999998e-07,0.0041023095600000005,8.150072149999999e-05,5.17477022e-06,72.713203,50.1695176,2.8877915099999996e-07,6.55488424,0.00153598037,0.1003586967,7.726652499999999e-05,4.43548648e-06,0.0029640086499999998,0.36062836600000003,7.726652499999999e-05,4.43548648e-06,0.012602461300000001,4.850370289999999,7.726652499999999e-05,4.43548648e-06,0.00024178070799999997,0.1596125443,7.726652499999999e-05,4.43548648e-06,0.012534438649999998,7.757908889999999e-07,0.000157889055,0.6655878919,3.07396911,-0.00725671036,-0.0112385305,-0.011522770550000002,4.35702357e-06,7.57580495e-05
113,1661391600,0.00932292725,0.009480463470000002,-0.01694071175,-1.65781508,0.1303539805,0.08945345860000001,0.11092838860000001,0.10575322899999999,0.00023875115500000002,0.004361724270000001,0.000157728667,1.83797643e-08,1.824003175e-08,2.255151225e-08,4.115483915e-08,3.09553133e-07,6.96268532e-08,1.9444864649999996e-07,0.00457683618,7.804415910000001e-05,5.707934159999999e-06,73.6778714,50.108039299999994,3.20302407e-07,6.48108455,0.0016231511599999998,0.1140723366,7.9837811e-05,5.0657419999999995e-06,0.00312046749,0.403476516,7.9837811e-05,5.0657419999999995e-06,0.01262303155,4.8853415,7.9837811e-05,5.0657419999999995e-06,0.000241804578,0.18101309715,7.9837811e-05,5.0657419999999995e-06,0.012551923500000001,9.236379e-07,0.00015847492199999998,0.44440600420000004,1.664960731,-0.00744650295,-0.0110724974,-0.0114052822,4.86279285e-06,7.84199289e-05
113,1661392200,0.008269737860000001,0.00842724278,-0.027549432029999998,-1.63558871,0.12285374899999998,0.08404529050000001,0.10462819399999998,0.0998655496,0.000219928531,0.0037526062,0.000157839812,1.7773722380000002e-08,1.5702287250000004e-08,2.0813325849999998e-08,3.011589035e-08,2.38980264e-07,5.477229779999999e-08,1.286091509e-07,0.00408267345,4.56635314e-05,5.68247085e-06,70.82085900000001,49.3397784,2.85262066e-07,6.36000338,0.0015127473100000001,0.09805879660000001,8.35216041e-05,6.64696183e-06,0.00295190844,0.35943583,8.35216041e-05,6.64696183e-06,0.012604901900000002,4.826828710000001,8.35216041e-05,6.64696183e-06,0.00023683388599999997,0.10909684899999998,8.35216041e-05,6.64696183e-06,0.01255621085,1.096220587e-06,0.00015875607999999997,0.744243441,4.286566970000001,-0.006321770609999999,-0.0110185986,-0.011447437199999999,6.567378569999999e-06,8.30241084e-05
113,1661392800,0.007301055239999998,0.007458471539999999,-0.055742765799999996,-1.5624411799999998,0.12326626299999999,0.0774794647,0.0990780242,0.09240282200000001,0.00036454179899999997,0.00381858298,0.000157986771,2.9168562499999996e-08,2.61565236e-08,2.851794285e-08,3.8257202e-08,2.89772681e-07,7.64045142e-08,1.92170855e-07,0.0036176638999999996,2.41658213e-05,7.4370502799999995e-06,67.9189203,48.5046022,2.5300324e-07,6.61085832,0.0014343412999999999,0.09109159929999999,8.74287235e-05,8.255447090000001e-06,0.0027563591799999996,0.321476429,8.74287235e-05,8.255447090000001e-06,0.012605017950000002,4.86383666,8.74287235e-05,8.255447090000001e-06,0.000247615751,0.15118877696,8.74287235e-05,8.255447090000001e-06,0.012534754199999998,1.6109614539999998e-06,0.00015873221900000002,0.83894564607,3.1117540000000004,-0.005435775170000001,-0.010592116499999998,-0.01117888205,8.11478178e-06,8.551734000000001e-05
113,1661393400,0.009332456719999998,0.009490122450000001,-0.042085763,-1.59017272,0.140066776,0.0885530725,0.11370347,0.10774078989999998,0.000531969229,0.004987841460000001,0.00015858577199999996,4.765409469999999e-08,4.57364959e-08,4.90307555e-08,6.317192050000001e-08,1.530510207e-07,1.1164607509999998e-07,2.590517207e-07,0.00462747222,3.1615641299999996e-05,5.49034548e-06,66.9592769,49.05883109999999,3.20546015e-07,6.64830937,0.00156493716,0.10348897539999999,9.649151139999999e-05,1.1036306700000002e-05,0.0031290523799999996,0.40701140700000005,9.649151139999999e-05,1.1036306700000002e-05,0.0126296473,4.9140763199999995,9.649151139999999e-05,1.1036306700000002e-05,0.000277722582,0.16865053119999998,9.649151139999999e-05,1.1036306700000002e-05,0.012566424500000001,2.04960864e-06,0.000159967312,1.2678524329999998,6.34390248,-0.0033977463300000005,-0.010264920149999999,-0.01110767195,1.0677064899999999e-05,9.381278130000001e-05
113,1661394000,0.00776105731,0.00791844531,-0.0417952923,-1.61351723,0.12034117210000002,0.08112841000000001,0.1018531104,0.0971654661,0.000366545052,0.00380534597,0.000157908015,1.714667185e-08,2.4613298299999998e-08,1.6617621610000004e-08,2.6355922899999998e-08,6.020991060000001e-08,5.5589526800000005e-08,1.5210844140000002e-07,0.0038426457899999994,3.235507170000001e-05,4.64642092e-06,69.80439249999999,48.955264899999996,2.6835968800000004e-07,6.441085660000001,0.00141952922,0.08451553349999999,8.62316414e-05,7.22559883e-06,0.00285524258,0.33717753699999997,8.62316414e-05,7.22559883e-06,0.012595204000000002,4.816189119999999,8.62316414e-05,7.22559883e-06,0.000229864464,0.11169798997,8.62316414e-05,7.22559883e-06,0.012544213899999998,1.1760219199999997e-06,0.00015853678,0.9900263167999999,5.8734803840000005,-0.00593906709,-0.01097606425,-0.0115229892,7.0313088000000005e-06,8.3676837e-05
113,1661394600,0.007761887880000001,0.007920512690000001,-0.0439554868,-1.6013719300000002,0.12765389649999997,0.0810382702,0.1026031318,0.0975779795,0.00028522564899999996,0.0036699486999999995,0.00015868606099999998,2.8982832290000002e-08,3.372328699999999e-08,3.8721696800000004e-08,5.1054665599999996e-08,7.752169730000001e-08,9.99933923e-08,1.9989807199999998e-07,0.0038462272800000004,2.9928693199999998e-05,4.19140341e-06,68.3784351,48.848539599999995,2.68433178e-07,6.5411563300000015,0.0014355241099999999,0.08621168539999999,7.12031822e-05,2.5564678e-06,0.002873825,0.34076089800000003,7.12031822e-05,2.5564678e-06,0.0126391709,4.82643191,7.12031822e-05,2.5564678e-06,0.000204953759,0.1114547691,7.12031822e-05,2.5564678e-06,0.012596510299999999,2.0099679500000003e-07,0.000158873544,0.0409041709,6.1521849356,-0.009248549929999999,-0.011870148950000001,-0.01203721715,2.47052498e-06,6.893374940000001e-05
113,1661395200,0.00695198925,0.007110610609999998,-0.0471207531,-1.6627759299999998,0.1132159554,0.07744431499999999,0.09206531250000001,0.08775267649999999,0.000175902588,0.00321698006,0.00015867256600000002,2.021847078e-08,2.336883794e-08,4.58906924e-08,4.28705235e-08,1.907463833e-07,1.0600555590000001e-07,1.7168871199999998e-07,0.00341138125,5.68140844e-05,7.145703779999999e-06,72.91673580000001,49.53408950000001,2.41416002e-07,6.7329757,0.00137684887,0.08260558339999999,7.213817219999999e-05,2.49836369e-06,0.0026908170699999996,0.297859347,7.213817219999999e-05,2.49836369e-06,0.01265832335,4.86705921,7.213817219999999e-05,2.49836369e-06,0.00021655229500000002,0.13938332628,7.213817219999999e-05,2.49836369e-06,0.0125942258,4.732777700000001e-07,0.000159088087,-0.1358574352,5.539040095999999,-0.008964919130000002,-0.011545735800000002,-0.011742631899999998,2.34725827e-06,6.89507003e-05
113,1661395800,0.006649086109999999,0.006807007690000001,-0.031525907879000004,-1.6993242499999996,0.1042906835,0.07615191099999999,0.08872770840000001,0.08516509900000001,0.00017408734,0.0031586731799999996,0.000157970354,1.621367781e-08,1.845626985e-08,2.86828045e-08,3.405537070000001e-08,5.9247886300000004e-08,5.53830247e-08,1.293453454e-07,0.0032510870499999995,6.913284600000001e-05,3.92917755e-06,72.956962,49.799964,2.31460055e-07,6.49206968,0.00132545548,0.0734219849,7.318728160000001e-05,2.5648294300000002e-06,0.0026360773900000003,0.286099076,7.318728160000001e-05,2.5648294300000002e-06,0.012622011149999997,4.82658512,7.318728160000001e-05,2.5648294300000002e-06,0.00021077286,0.1294409935,7.318728160000001e-05,2.5648294300000002e-06,0.01256678895,2.11951953e-07,0.000158136673,0.046474351649999995,1.119502251,-0.00997609395,-0.011818700100000001,-0.0119844282,2.3804888e-06,6.89526685e-05
113,1661396400,0.005378391519999999,0.005536515260000001,-0.03194460650000001,-1.6746921999999997,0.1041031774,0.06781939949999999,0.07886490510000001,0.07353974430000002,0.00020323771100000002,0.0026263124599999995,0.000158177455,2.6087529459999993e-08,3.6399428699999997e-08,3.4841329839999996e-08,5.98755021e-08,9.073057519999999e-08,8.868119979999999e-08,1.866432656e-07,0.0026139554299999994,7.03464967e-05,4.30580622e-06,72.757807,49.8176075,1.89068226e-07,6.782183090000001,0.0011919546850000001,0.0616712653,7.04983345e-05,2.2967210000000003e-06,0.00233305039,0.23172575800000006,7.04983345e-05,2.2967210000000003e-06,0.012606235700000001,4.78741379,7.04983345e-05,2.2967210000000003e-06,0.000166867622,0.07776236441,7.04983345e-05,2.2967210000000003e-06,0.0125768289,2.50420621e-07,0.00015842304099999998,0.43036152354000007,18.527494564799998,-0.008039206359999999,-0.011779258300000001,-0.01195215095,2.18722809e-06,6.884165749999999e-05
113,1661397000,0.004069844269999999,0.00422763552,-0.030906582099999996,-1.5891264,0.091052777,0.0587855334,0.0732397364,0.06738955729999999,0.0001292842064,0.00196849421,0.000157833897,9.53699773e-09,1.7650354950000002e-08,1.461126114e-08,3.79242193e-08,6.1039801e-08,4.88507514e-08,1.1731214649999999e-07,0.00195725685,7.349045349999999e-05,3.7964448100000003e-06,76.91860649999998,49.7277103,1.4553461199999998e-07,6.832893379999999,0.0010300950140000001,0.047578017800000004,7.131919460000001e-05,2.4710248300000006e-06,0.00203482387,0.17272686399999998,7.131919460000001e-05,2.4710248300000006e-06,0.0126098297,4.80867733,7.131919460000001e-05,2.4710248300000006e-06,0.000195413477,0.10296321800000001,7.131919460000001e-05,2.4710248300000006e-06,0.0125617006,2.50699734e-07,0.00015804820100000003,0.11070136000000001,1.8782309799,-0.00927229595,-0.011747508149999999,-0.011929650900000002,2.35817252e-06,6.93101201e-05
113,1661397600,0.00387880353,0.00403615296,-0.028219018500000005,-1.58543693,0.0881276897,0.0575568799,0.0724897119,0.06626452279999999,0.000214430135,0.0021093273000000004,0.000157396431,9.14580046e-09,1.1347552989999998e-08,1.4351271949999999e-08,2.39361874e-08,5.6513885e-08,4.03357196e-08,8.841193670000001e-08,0.0018549315200000003,8.0372504e-05,3.79406193e-06,76.83219199999999,50.15561180000001,1.3923142660000002e-07,6.613497790000001,0.001005154347,0.0453060292,7.031577950000001e-05,2.4590343100000002e-06,0.0019822487,0.16339136099999998,7.031577950000001e-05,2.4590343100000002e-06,0.012567209099999999,4.743048660000001,7.031577950000001e-05,2.4590343100000002e-06,0.000161156552,0.0548013604,7.031577950000001e-05,2.4590343100000002e-06,0.0125448906,2.3147985e-07,0.00015760646300000002,-0.020456584799999993,0.6749485967,-0.01002432545,-0.011774241250000001,-0.011947146749999998,2.41897399e-06,7.006001600000001e-05
113,1661398200,0.0030192177400000003,0.00317623481,-0.0460222853,-1.5367189,0.0787149022,0.0494828353,0.0604143452,0.05403915010000001,0.00023917103649999998,0.00173996646,0.000157067065,7.6502751e-09,8.88819749e-09,1.104436887e-08,2.01271774e-08,6.87123642e-08,3.73495855e-08,7.27910961e-08,0.0014382744390000004,6.72209879e-05,3.834552809999999e-06,77.2371455,48.562663300000004,1.10681275e-07,6.7568802,0.000869667834,0.0358304503,7.066823190000001e-05,2.6086056700000003e-06,0.0016817389500000002,0.12444505049999999,7.066823190000001e-05,2.6086056700000003e-06,0.012553247850000001,4.73485244,7.066823190000001e-05,2.6086056700000003e-06,0.00015842288,0.053118458150000006,7.066823190000001e-05,2.6086056700000003e-06,0.012528687100000001,2.5015230300000004e-07,0.000157218385,-0.06923395260000001,1.0866546944999997,-0.009879126,-0.0117344277,-0.01191031515,2.57032854e-06,6.94168071e-05
113,1661398800,0.00200921844,0.0021664294299999997,0.0024452235849999997,-1.3795816699999999,0.0696021249,0.04041167129999999,0.05351413270000001,0.0471764401,0.00014287358799999997,0.00117144699,0.000157265548,1.1288923249999999e-08,1.3134963000000003e-08,1.4567682500000002e-08,3.61852668e-08,5.181381949999999e-08,4.6979052100000005e-08,8.33273605e-08,0.00096265134,3.6796005100000003e-05,4.840761149999999e-06,72.883392,46.394675400000004,7.70738171e-08,6.912753530000001,0.000722214341,0.0245373994,7.161385450000001e-05,2.66492595e-06,0.00140927013,0.0836952323,7.161385450000001e-05,2.66492595e-06,0.012561459,4.7428759,7.161385450000001e-05,2.66492595e-06,0.0001555818266,0.058282065500000015,7.161385450000001e-05,2.66492595e-06,0.012536140900000001,2.23164735e-07,0.000157378208,-0.13842561679999998,1.3503657665,-0.0102598004,-0.011802773400000001,-0.011966535350000002,2.60766413e-06,7.027341050000001e-05
113,1661399400,0.00479436216,0.00495308504,-0.03853724963,-1.63485302,0.09124028650000002,0.0623480146,0.07541480250000002,0.07008963929999999,0.0002949031515,0.0025355399099999997,0.000158773841,1.684736817e-08,1.8644390900000002e-08,2.099045538e-08,3.2663492400000004e-08,6.96958265e-08,5.4617268000000005e-08,1.049444561e-07,0.002336932734,5.619743319999999e-05,3.6811717900000004e-06,71.8965517,49.128884,1.6985526000000002e-07,6.39821776,0.001073476336,0.05170507370000001,7.08730244e-05,2.49012629e-06,0.0021394267500000003,0.2024593539,7.08730244e-05,2.49012629e-06,0.01263626615,4.81858977,7.08730244e-05,2.49012629e-06,0.000185840919,0.09102010137,7.08730244e-05,2.49012629e-06,0.012593779650000001,2.0028155600000002e-07,0.00015880501,0.026258399640000003,0.11498212290000001,-0.01062832135,-0.011858243949999998,-0.01202123475,2.3618987800000004e-06,6.872899739999999e-05
113,1661400000,0.00899480054,0.00915256804,-0.042637579,-1.6545448,0.1187661225,0.0876994669,0.10747828070000001,0.10335315510000001,0.000207615024,0.00406683771,0.00015800561799999999,3.1954565300000006e-08,3.39807005e-08,3.9383319839999995e-08,5.8319061000000004e-08,8.39898317e-08,1.036299867e-07,2.2273878049999996e-07,0.0044410694,5.150121699999999e-05,4.0140599700000005e-06,65.3344673,49.493393299999994,3.0940379200000005e-07,6.39637761,0.00151898543,0.0966204694,8.401777640000001e-05,4.37940752e-06,0.00307441054,0.389556927,8.401777640000001e-05,4.37940752e-06,0.012623121400000001,4.85603866,8.401777640000001e-05,4.37940752e-06,0.000244347462,0.15419147397,8.401777640000001e-05,4.37940752e-06,0.01256309525,5.46481985e-07,0.000158378851,-0.55348923485,4.4730904303,-0.009848311669999998,-0.01177494115,-0.0119739232,4.316025099999999e-06,8.136975990000001e-05
113,1661400600,0.00798829732,0.00814560186,-0.04141011990000001,-1.58144835,0.14715448999999997,0.0822342786,0.1074032771,0.0987780154,0.00041894898,0.00419287677,0.00015762993800000002,3.251436418e-08,3.571293547e-08,3.9913104900000003e-08,5.54084695e-08,7.98843877e-08,1.059290525e-07,1.852990837e-07,0.0039118407099999995,6.94141598e-05,1.2031723150000002e-05,69.6016235,49.9552545,2.75755112e-07,6.55584397,0.0014188877,0.0875229091,9.011017880000002e-05,5.48184852e-06,0.0028800759999999996,0.342850283,9.011017880000002e-05,5.48184852e-06,0.0126072131,4.84658059,9.011017880000002e-05,5.48184852e-06,0.00023896880299999998,0.1373900113,9.011017880000002e-05,5.48184852e-06,0.012545451600000002,7.41489658e-07,0.000158130355,-0.5013766232,8.8742029285,-0.008197693959999999,-0.0115385685,-0.011856620949999999,5.50598926e-06,8.8880444e-05
113,1661401200,0.00962232065,0.009779843,-0.039657400100000004,-1.67198943,0.1228537526,0.090731773,0.1098033514,0.106240741,0.000257175151,0.004381193280000001,0.000157646297,9.34837904e-09,9.910643499999999e-09,1.1839215540000001e-08,2.4662313800000003e-08,3.63549459e-08,5.3606184500000005e-08,1.3181329589999998e-07,0.00473586558,7.066424450000001e-05,4.22843224e-06,69.61727099999999,49.9048069,3.3030681600000004e-07,6.164708320000001,0.0015671275999999997,0.1021551219,7.82532791e-05,3.69509505e-06,0.00317005768,0.416331962,7.82532791e-05,3.69509505e-06,0.0126230776,4.86118002,7.82532791e-05,3.69509505e-06,0.00023931768900000002,0.1645554325,7.82532791e-05,3.69509505e-06,0.01255360595,3.20144472e-07,0.000157913947,-0.17184200058,2.807865122,-0.009867512259999999,-0.01186373105,-0.0120349674,3.569081580000001e-06,7.624902920000001e-05
113,1661401800,0.012637827699999998,0.012794693700000002,-0.0354297733,-1.63809072,0.141566825,0.10372861960000002,0.131029,0.12727888599999998,0.0003181171,0.005567287370000001,0.000156910339,1.35844931e-08,1.423814254e-08,1.70392119e-08,3.118748475e-08,4.604999170000001e-08,7.28188167e-08,1.770197606e-07,0.00626690821,4.78297992e-05,3.7581605e-06,66.30455600000002,49.573826700000005,4.30620387e-07,6.070721140000001,0.0018065859,0.1335515655,7.37204128e-05,2.58949777e-06,0.00365671395,0.549928531,7.37204128e-05,2.58949777e-06,0.01261020605,4.87767609,7.37204128e-05,2.58949777e-06,0.000269169012,0.2095256536,7.37204128e-05,2.58949777e-06,0.0125292514,1.336048995e-07,0.000157116513,0.0078923545,0.39103575699999993,-0.010746750499999999,-0.0119323427,-0.0120677323,2.31004474e-06,6.844582819999998e-05
113,1661402400,0.01663271325,0.0167891488,-0.0330608228,-1.6192778,0.16909266400000003,0.11862197740000002,0.154617219,0.149217052,0.000346239098,0.007386450510000001,0.00015650670899999998,4.065806967e-08,4.218285291000001e-08,4.73852498e-08,7.091422609999999e-08,9.649606680000001e-08,1.3502492950000002e-07,2.8841493900000005e-07,0.008254890269999999,5.6548577500000004e-05,4.12420126e-06,64.451605,49.7962723,5.633858449999999e-07,6.163882769999999,0.00205969744,0.173056437,8.02134846e-05,3.0592678400000003e-06,0.004184888409999999,0.720001427,8.02134846e-05,3.0592678400000003e-06,0.012631349250000002,4.98290563,8.02134846e-05,3.0592678400000003e-06,0.00031700126200000006,0.3194053261,8.02134846e-05,3.0592678400000003e-06,0.012508679249999998,1.598905205e-07,0.00015662737899999998,0.00955339856,0.1280198849,-0.010773618549999999,-0.01185439405,-0.0120027789,2.40726512e-06,6.806383760000001e-05
113,1661403000,0.01422485305,0.01438156575,-0.030660140699999998,-1.6002318199999999,0.15945486699999997,0.10959236890000001,0.14430440399999997,0.139316757,0.00019670199200000002,0.006160170489999999,0.00015676679600000004,2.229027455e-08,2.367431773e-08,2.9382954250000002e-08,5.40776791e-08,6.66811244e-08,9.678031060000001e-08,2.2789267139999997e-07,0.007054061319999999,5.42142982e-05,3.57333589e-06,67.18488260000001,49.7142874,4.83303884e-07,6.269873850000001,0.0019270544399999999,0.151095592,7.428450390000001e-05,2.6919656099999998e-06,0.0038859363,0.6200123260000001,7.428450390000001e-05,2.6919656099999998e-06,0.0126174082,4.89284372,7.428450390000001e-05,2.6919656099999998e-06,0.00028609734,0.22568850947,7.428450390000001e-05,2.6919656099999998e-06,0.012520515699999998,1.682771834e-07,0.00015693236599999998,0.0988236989,1.3160368450000002,-0.010228269500000001,-0.011863382700000003,-0.012020576199999997,2.4403242799999993e-06,6.906449669999998e-05
113,1661403600,0.016767338700000002,0.0169237006,-0.023987570700000002,-1.62676975,0.16684259399999998,0.11924994640000001,0.155067232,0.150529597,0.000223555235,0.00710818172,0.000156532141,2.8404973430000006e-07,3.9676538940000005e-08,4.53612248e-08,6.40392943e-08,8.35893214e-08,1.2317203080000003e-07,2.4975096019999995e-07,0.00832105799,5.8047455800000006e-05,3.5002074699999997e-06,64.88806159999999,49.7958945,5.68038717e-07,6.08174849,0.00209260598,0.17855731800000002,8.277332469999999e-05,3.96731179e-06,0.0042329288699999995,0.737019396,8.277332469999999e-05,3.96731179e-06,0.0126011222,4.90772066,8.277332469999999e-05,3.96731179e-06,0.00033126650799999996,0.2208189236,8.277332469999999e-05,3.96731179e-06,0.012517570349999998,8.94980418e-07,0.00015740982600000002,-0.5443405358000001,14.632544977,-0.007187230260000001,-0.01172266755,-0.011938192350000001,4.2910772100000004e-06,8.458567870000001e-05
113,1661404200,0.015528124400000001,0.0156842289,-0.0320381432,-1.6376594999999998,0.16046739999999998,0.1149648083,0.146404468,0.14284186000000001,0.00018860588799999998,0.00665460974,0.000156459444,2.92047586e-08,3.38331046e-08,4.19414539e-08,9.252318300000002e-08,9.32109989e-08,1.5791800349999998e-07,3.4261980099999995e-07,0.00770145617,5.656633820000001e-05,4.8925234e-06,66.81909999999999,49.7854871,5.26414524e-07,6.605661189999999,0.00201588808,0.168339697,9.657674660000001e-05,6.355641370000001e-06,0.004058864210000001,0.6765092939999999,9.657674660000001e-05,6.355641370000001e-06,0.01260622095,4.93769816,9.657674660000001e-05,6.355641370000001e-06,0.000326060817,0.2833604449,9.657674660000001e-05,6.355641370000001e-06,0.0124978552,9.04823143e-07,0.00015710253399999998,-0.8281257479,6.475818724999999,-0.00800545125,-0.0114914653,-0.01178465935,6.24343446e-06,9.180537680000001e-05
113,1661404800,0.011584580350000002,0.011740981,-0.0375892883,-1.6531049899999999,0.13912925,0.09974517940000001,0.125028816,0.12041617499999999,0.00022525404939999997,0.00514369502,0.000156534726,2.47727882e-08,2.5770392e-08,3.15391517e-08,4.4782653199999993e-08,5.9199390999999995e-08,8.945133910000002e-08,1.939850864e-07,0.005707268220000001,7.97607809e-05,4.65699782e-06,68.5911151,50.1079299,3.95474781e-07,6.386056569999999,0.00173141492,0.1217130676,7.85621307e-05,3.25384869e-06,0.00347974372,0.49740078299999996,7.85621307e-05,3.25384869e-06,0.01258902685,4.87739529,7.85621307e-05,3.25384869e-06,0.000277581673,0.214487396,7.85621307e-05,3.25384869e-06,0.0125057501,3.25404303e-07,0.000156719847,-0.07613545099999999,2.6669493123,-0.00978916257,-0.011809447300000001,-0.01197382315,3.0133318900000003e-06,7.292116849999999e-05
113,1661405400,0.0141095409,0.014266211450000002,-0.036150902199999994,-1.69134688,0.147679509,0.11078163250000002,0.134929121,0.130991502,0.0001899693665,0.006132007219999999,0.00015688423100000004,2.53895582e-08,2.9408170099999997e-08,3.1236766149999994e-08,4.8181709100000006e-08,1.701027053e-07,1.153258406e-07,2.278375683e-07,0.00692014695,0.00012794188459999998,5.81666532e-06,70.5115205,50.7474869,4.79230736e-07,6.34307529,0.00194779213,0.155139329,8.68837113e-05,4.6667637299999994e-06,0.0038520827100000004,0.609245736,8.68837113e-05,4.6667637299999994e-06,0.01259468675,4.89222285,8.68837113e-05,4.6667637299999994e-06,0.00026701092900000006,0.20380407279999999,8.68837113e-05,4.6667637299999994e-06,0.012514601749999998,6.65219088e-07,0.00015728123,0.03958225720000001,19.714137926599996,-0.007881157941000002,-0.011616343849999999,-0.0118838586,4.40254024e-06,7.989004810000001e-05
113,1661406000,0.015181802100000003,0.01533758785,-0.04023279069999999,-1.69936207,0.152704663,0.1145948835,0.138154218,0.13466661100000002,0.0001679340155,0.00645633585,0.000155915928,2.442042547e-08,2.564115024e-08,3.117933938000001e-08,4.9992974450000006e-08,6.471008e-08,9.16184707e-08,2.059747602e-07,0.007448392239999999,0.000134817006,7.06155762e-06,71.6680947,50.822709399999994,5.15133966e-07,6.182259450000001,0.00199183456,0.161660563,8.77774145e-05,4.365136679999999e-06,0.003984740950000001,0.6553954199999998,8.77774145e-05,4.365136679999999e-06,0.01258888345,4.93584356,8.77774145e-05,4.365136679999999e-06,0.000304598661,0.29433828199999995,8.77774145e-05,4.365136679999999e-06,0.0124826104,3.4263004999999996e-07,0.000156158936,-0.2828432518999999,2.023151297,-0.00983300355,-0.0117173762,-0.0119056938,3.76157899e-06,7.646948800000002e-05
113,1661406600,0.0137373153,0.013893123600000001,-0.0357208213,-1.6831557700000002,0.149029546,0.1088304185,0.134066591,0.12870392660000002,0.00041257883889999996,0.00610593254,0.00015588128,2.20788117e-08,2.3718107949999998e-08,2.9635516700000005e-08,4.91414742e-08,6.6393564e-08,1.0137548769999998e-07,2.3238691899999997e-07,0.006740505129999999,0.000122225805,5.32869459e-06,70.0259911,50.711280599999995,4.668774570000001e-07,6.45731072,0.0018923116300000001,0.145730583,7.424681080000001e-05,2.8920581500000002e-06,0.0037861916499999995,0.59256007,7.424681080000001e-05,2.8920581500000002e-06,0.012565439850000002,4.833949589999999,7.424681080000001e-05,2.8920581500000002e-06,0.00026208162599999994,0.18783376470000002,7.424681080000001e-05,2.8920581500000002e-06,0.0124826686,2.13661993e-07,0.000156031274,-0.1032910095,3.1150909142,-0.00977122448,-0.01178995885,-0.011958499900000003,2.76738367e-06,7.11374109e-05
113,1661407200,0.0169023369,0.0170583196,-0.019677936316000004,-1.68633272,0.164030008,0.12083149950000001,0.14962956900000002,0.14572944599999998,0.00031220451099999997,0.0073883284300000004,0.00015603275000000002,2.364126885e-08,2.4247525669999998e-08,2.775059525e-08,4.52994708e-08,5.66255441e-08,8.524242569999999e-08,1.948403865e-07,0.0083210632,0.00012617667099999998,3.4164935800000002e-06,69.4764272,50.59326510000001,5.72521658e-07,5.94523699,0.00211544813,0.181572262,7.539100809999998e-05,2.70151145e-06,0.0042382400600000005,0.739434916,7.539100809999998e-05,2.70151145e-06,0.01258105,4.8842436,7.539100809999998e-05,2.70151145e-06,0.00028534814399999996,0.2652567331,7.539100809999998e-05,2.70151145e-06,0.0124954175,1.5898485899999998e-07,0.000156294949,-0.0332799971,2.0988385109999994,-0.010179880110000001,-0.011850389599999999,-0.0119955137,2.28683738e-06,6.818825449999999e-05
113,1661407800,0.01404744645,0.01420350315,-0.028406220700000002,-1.6790262299999998,0.14662947599999998,0.110058222,0.135116627,0.131028996,0.00025648802,0.006215474529999999,0.000156137504,5.521563591999999e-08,5.7441314660000005e-08,6.595937425e-08,8.66170456e-08,1.1318226439999999e-07,1.6547270229999998e-07,3.26453554e-07,0.00691726045,0.00010111927359999999,4.388724430000001e-06,66.5696411,50.3442012,4.77132558e-07,6.309581710000001,0.00192337092,0.150656573,7.34384812e-05,2.5979875099999997e-06,0.00385457979,0.6125599869999999,7.34384812e-05,2.5979875099999997e-06,0.012570791449999999,4.83862789,7.34384812e-05,2.5979875099999997e-06,0.00026996624499999995,0.1979694963,7.34384812e-05,2.5979875099999997e-06,0.012491977500000001,1.60793169e-07,0.00015621131199999999,0.16323644780000002,3.29449422,-0.00902553338,-0.01185009715,-0.0120010127,2.2710555400000002e-06,6.822977690000001e-05
113,1661408400,0.0115128598,0.0116683921,-0.0392202598,-1.64610193,0.13635415700000003,0.09924952799999999,0.12472881,0.12045367739999999,0.00019003075200000003,0.0050059028700000004,0.00015557807199999998,1.2922388140000002e-08,1.3950689629999998e-08,1.633522951e-08,2.9259941899999998e-08,4.0751887099999995e-08,6.115406395e-08,1.500410358e-07,0.00568292783,6.87583661e-05,4.3699670399999995e-06,70.59352630000001,49.914731,3.9300776699999994e-07,6.11633683,0.0017295853,0.121490035,7.25361857e-05,2.6525356399999997e-06,0.0034828711100000007,0.49840327,7.25361857e-05,2.6525356399999997e-06,0.01254249605,4.80997207,7.25361857e-05,2.6525356399999997e-06,0.0002505365890000001,0.17498944430000002,7.25361857e-05,2.6525356399999997e-06,0.01246981325,1.5971220649999998e-07,0.00015565616500000002,0.09245804460000001,1.231078215,-0.0096503303,-0.011823523399999999,-0.01197000225,2.4184225400000005e-06,6.759456439999999e-05
113,1661409000,0.01299093695,0.013146223500000002,-0.0379434445,-1.6509679600000002,0.14415439800000002,0.1053881884,0.132004031,0.1284414205,0.00017208613349999996,0.00559433311,0.000155371735,4.3868244699999996e-08,4.671665805e-08,5.697339955000001e-08,7.633520380000001e-08,9.88700242e-08,1.463189474e-07,2.96552145e-07,0.00642320378,6.669205559999999e-05,4.71668314e-06,66.3224486,49.8943865,4.42018274e-07,6.28871685,0.00183682643,0.13815171499999998,7.437223099999998e-05,2.82046542e-06,0.0037056189199999997,0.5647457180000001,7.437223099999998e-05,2.82046542e-06,0.012548816800000001,4.828453999999999,7.437223099999998e-05,2.82046542e-06,0.000275149621,0.19880356059999998,7.437223099999998e-05,2.82046542e-06,0.01246354235,1.9917989500000003e-07,0.000155541128,0.13717234399999997,6.093976339999999,-0.00863337296,-0.0117982874,-0.0119663548,2.5216934900000002e-06,6.89824911e-05
113,1661409600,0.0096533069,0.009809385850000001,-0.0359692981,-1.67559923,0.125853839,0.09131853749999999,0.11014086269999998,0.1068407629,0.0001508576665,0.004220110859999999,0.000156127523,1.6211493930000003e-08,1.952431545e-08,2.419116665e-08,3.95385003e-08,5.4315362e-08,7.82250562e-08,1.6365668409999995e-07,0.0047551057100000006,6.727770509999999e-05,3.82430226e-06,70.0909956,49.85171329999999,3.31238251e-07,6.30831176,0.0015931706100000003,0.1042959709,7.319052670000002e-05,2.6936187399999997e-06,0.00319520481,0.41915916499999994,7.319052670000002e-05,2.6936187399999997e-06,0.0125711414,4.829504030000001,7.319052670000002e-05,2.6936187399999997e-06,0.00024817653000000007,0.1871080707,7.319052670000002e-05,2.6936187399999997e-06,0.0124927736,2.04185493e-07,0.000156272622,0.39085938600000003,38.509702155,-0.006466800610000001,-0.011809418599999998,-0.011965125150000002,2.4604059600000002e-06,6.83833565e-05
113,1661410200,0.009483211900000002,0.00963954405,-0.0309003733,-1.68560313,0.12506631699999998,0.0906474055,0.1087533192,0.1054907206,0.0001579731304,0.00419566876,0.000156461614,1.95784416e-08,2.3687792599999997e-08,3.28824887e-08,4.54142543e-08,9.73606398e-08,8.8074435e-08,1.8990189e-07,0.004663938269999999,7.34804922e-05,3.55888407e-06,69.52563140000001,49.9666965,3.2545286e-07,6.50776115,0.00158475472,0.1034087664,7.54550166e-05,3.5635890600000006e-06,0.0031612234699999998,0.41066781199999997,7.54550166e-05,3.5635890600000006e-06,0.01255635325,4.793112889999999,7.54550166e-05,3.5635890600000006e-06,0.000229455494,0.1253378737,7.54550166e-05,3.5635890600000006e-06,0.012503881,4.0383987900000003e-07,0.00015675074899999998,0.18025104229000005,22.330136851999995,-0.00734743422,-0.0117052694,-0.011913210099999998,3.4933042999999996e-06,7.37145775e-05
113,1661410800,0.008870735250000001,0.00902704885,-0.010261678940000001,-1.6784996800000003,0.12949145150000002,0.08769106370000002,0.1073657772,0.10354066129999999,0.00020186258099999998,0.00401840183,0.00015637169,2.1508784070000002e-08,2.6532997099999994e-08,3.21521586e-08,5.431906290000001e-08,6.05833631e-08,8.57214707e-08,1.7833404e-07,0.0043643043,6.77107308e-05,2.8288974e-06,70.48594789999999,49.835096,3.05160282e-07,6.39730471,0.00152323884,0.09701912049999999,7.20455309e-05,2.67701608e-06,0.0030500296200000002,0.38280166800000004,7.20455309e-05,2.67701608e-06,0.012564809299999999,4.78898424,7.20455309e-05,2.67701608e-06,0.000218235015,0.1177283504,7.20455309e-05,2.67701608e-06,0.012500507999999999,2.5075314399999996e-07,0.00015650060299999999,0.25930272299999996,28.541332839999995,-0.005641163980000001,-0.011805188349999999,-0.0119760735,2.61638267e-06,7.01065933e-05
113,1661411400,0.00754342548,0.00769962386,-0.0225085834,-1.6477140400000003,0.1182036082,0.0805755209,0.101365594,0.09630294000000002,0.00011752836060000002,0.0033278944800000003,0.000156323785,2.5599602100000005e-08,3.1151302900000004e-08,3.52847276e-08,4.831803619999999e-08,6.653394890000001e-08,9.238000899999999e-08,1.8821728200000001e-07,0.0036913286399999994,7.7273306e-05,2.49647566e-06,69.876347,50.0220441,2.60919581e-07,6.5342796199999995,0.00142396845,0.08261642309999999,7.69998826e-05,3.4065293300000002e-06,0.00281562999,0.326195975,7.69998826e-05,3.4065293300000002e-06,0.012566143899999998,4.81826781,7.69998826e-05,3.4065293300000002e-06,0.00024364725699999997,0.1672904192,7.69998826e-05,3.4065293300000002e-06,0.012497103800000001,3.38629257e-07,0.000156517071,-0.22545942179999998,3.758751135,-0.00897431679,-0.011733840200000002,-0.0119241674,3.2898852500000005e-06,7.391988880000001e-05
113,1661412000,0.00731206934,0.00746831826,-0.031953969900000004,-1.61758612,0.11951615049999997,0.0789230045,0.099378033,0.0936403595,0.0001283870409,0.00323112252,0.000156294609,2.7481527959999997e-08,1.921305795e-08,2.54283052e-08,3.466852260000001e-08,4.3304267400000004e-08,8.3853255e-08,1.4132501420000002e-07,0.0035694214600000005,7.7053137e-05,9.13508469e-06,76.6282199,50.137142000000004,2.5327871199999994e-07,6.711059999999999,0.0014153190000000002,0.08313868440000001,7.20575346e-05,2.6345899e-06,0.00277424754,0.31849221,7.20575346e-05,2.6345899e-06,0.012565078400000002,4.80112151,7.20575346e-05,2.6345899e-06,0.000264708461,0.13719380966,7.20575346e-05,2.6345899e-06,0.0124980947,2.6390610100000003e-07,0.000156467228,0.028626181150000003,3.4713368529999995,-0.008551111099999998,-0.01171016475,-0.01189517225,2.4250044199999996e-06,6.826234539999999e-05
113,1661412600,0.00752179407,0.00767731484,-0.035723022699999996,-1.6807923099999997,0.11430348990000001,0.08062901809999999,0.09664044890000001,0.0926278254,0.000143383941,0.00333276449,0.00015558213900000002,2.8916406550000002e-08,3.226249924e-08,3.8358488e-08,6.27060817e-08,6.47221237e-08,9.0108657e-08,3.1158366100000003e-07,0.00368345903,7.16573909e-05,5.08712871e-06,70.60141109999999,49.9543406,2.6016249800000003e-07,6.55484732,0.00141919434,0.08364307750000001,7.454915239999999e-05,2.7425500199999998e-06,0.00280103571,0.32393851399999996,7.454915239999999e-05,2.7425500199999998e-06,0.012535186,4.8028093300000005,7.454915239999999e-05,2.7425500199999998e-06,0.00022651615,0.18095866448,7.454915239999999e-05,2.7425500199999998e-06,0.0124675397,2.1054001199999997e-07,0.000155650676,0.08318084509,6.008684622999999,-0.008159988580000001,-0.0117539245,-0.011917563400000001,2.4352980799999996e-06,6.827855139999999e-05
113,1661413200,0.0059701291400000005,0.00612581556,-0.0409707857,-1.6888313999999998,0.0980279914,0.07211804599999998,0.0838525594,0.08040245500000001,0.00011251512759999997,0.0027084424000000003,0.00015577894799999998,2.6132182259999996e-08,2.2288184449999998e-08,2.510521344e-08,4.11596154e-08,4.870370980000001e-08,6.21489663e-08,2.6525141e-07,0.00292145847,5.82740619e-05,4.746604850000001e-06,72.0412562,49.4995022,2.0861978000000002e-07,6.5720437600000015,0.0012627418200000001,0.0666224502,7.68915917e-05,3.3119599800000003e-06,0.00249538504,0.25606956700000005,7.68915917e-05,3.3119599800000003e-06,0.0125512892,4.800802339999999,7.68915917e-05,3.3119599800000003e-06,0.00022899521200000003,0.15281404610000002,7.68915917e-05,3.3119599800000003e-06,0.0124788517,2.9782267599999997e-07,0.00015602033900000001,-0.7126103727,20.20650804,-0.0080130975,-0.01175059215,-0.0119258777,3.21349809e-06,7.409284089999999e-05
113,1661413800,0.006817543170000001,0.006972946870000001,-0.028763728500000002,-1.66670728,0.11006586039999999,0.0766167221,0.09210281220000001,0.0883151955,0.000168024915,0.00318404422,0.000155462903,3.07452153e-08,3.6401553500000006e-08,4.1238656199999996e-08,5.75220513e-08,6.82359862e-08,9.387972189999999e-08,3.39919954e-07,0.00335419036,5.0221074200000005e-05,3.6320951099999998e-06,69.09539620000001,49.3321686,2.3678219000000006e-07,6.7681610800000005,0.00133785462,0.0764012159,6.958884599999999e-05,2.41816786e-06,0.00266974479,0.294306885,6.958884599999999e-05,2.41816786e-06,0.0125234454,4.757533690000001,6.958884599999999e-05,2.41816786e-06,0.000212288998,0.11873974973000001,6.958884599999999e-05,2.41816786e-06,0.01246840095,2.44596582e-07,0.00015570350199999998,0.03374551099999997,54.33306235,-0.00425395017,-0.01177551315,-0.011940008,2.3483722700000002e-06,6.75757926e-05
113,1661414400,0.006183257459999999,0.00633884359,-0.0318485689,-1.6506347300000002,0.11561603000000001,0.0730255184,0.0891402197,0.0846025845,0.00010886771199999999,0.00275794837,0.00015569146200000003,3.39756606e-08,6.58123507e-08,6.587105180000001e-08,1.19104258e-07,1.125459824e-07,1.013130479e-07,3.14872411e-07,0.0030300545799999998,5.6396757000000004e-05,4.25250544e-06,70.58016260000001,49.424517,2.15682786e-07,6.72494757,0.0013356257200000002,0.07943881309999999,7.63552416e-05,3.3384012299999997e-06,0.0025720443000000004,0.275095979,7.63552416e-05,3.3384012299999997e-06,0.0125279308,4.76097836,7.63552416e-05,3.3384012299999997e-06,0.00023069775750000004,0.12039102738,7.63552416e-05,3.3384012299999997e-06,0.01247574585,7.65310617e-07,0.000156305116,-1.5875688340000003,212.4838482,0.007076949252299999,-0.011641040149999999,-0.011838546799999999,3.73773308e-06,8.21660687e-05
113,1661415000,0.00946861186,0.00962551197,0.0396644253,76.24564067999998,0.756960611,0.0781254218,0.1051532108,0.0987780154,0.0100510100795,0.11196027428999997,0.00015813222399999998,3.3454615164999995e-06,1.7405889784e-06,4.869935442e-06,1.3657222022000001e-06,7.181818751700001e-06,7.757808923600002e-06,1.0121964658000002e-05,0.00453917077,5.3934993100000004e-05,0.00010357707637,69.92184519999999,49.631298,3.06429343e-07,7.042333739999999,0.00142068559,0.32670938959999996,9.596706e-05,4.91438375e-06,0.00280108892,0.362982172,9.596706e-05,4.91438375e-06,0.0125975949,4.82329951,9.596706e-05,4.91438375e-06,0.000314691995,0.35075836309999997,9.596706e-05,4.91438375e-06,0.012611218999999998,3.5352306611e-05,0.000192315722,1.5698400627,426.64388180699996,0.10004089501000002,-0.0117466003,-0.0119362018,0.00016094505426,0.0017705226030000003
113,1661415600,0.00592836774,0.0060849532,-0.0324949783,-1.52906308,0.10680326,0.07030126499999999,0.09202780899999999,0.0869276529,0.000126526176,0.00266204899,0.00015663148,1.605470045e-08,1.8083954750000003e-08,1.901139718e-08,3.822837780000001e-08,6.148767729999999e-08,5.84243206e-08,2.1202550940000002e-07,0.00292809593,3.00344529e-05,5.57983477e-06,71.0197872,48.5764977,2.07361491e-07,6.57600111,0.0012275190000000003,0.0663690897,6.87851875e-05,2.35644404e-06,0.00249186303,0.255628068,6.87851875e-05,2.35644404e-06,0.012561665049999999,4.758839570000001,6.87851875e-05,2.35644404e-06,0.000208493392,0.0932394406,6.87851875e-05,2.35644404e-06,0.01251632025,2.0071616399999997e-07,0.000156859439,-0.0108061302,9.4397046182,-0.00895597423,-0.0118105189,-0.011970700999999999,2.3517953399999997e-06,6.868691669999999e-05
113,1661416200,0.00592005682,0.00607701598,-0.009483814580000001,-1.58752054,0.1039156707,0.070830264,0.08985274130000001,0.0857651184,0.0001124632744,0.00269822583,0.00015706409600000002,2.9528311580000002e-08,3.2602451040000004e-08,3.6174663730000006e-08,4.922823465e-08,6.32669539e-08,8.76288346e-08,2.2688773499999998e-07,0.0029322472399999997,2.27314598e-05,4.41917778e-06,67.2510696,48.3234023,2.0707574499999997e-07,6.58091821,0.00122650473,0.06435413549999999,7.51512083e-05,3.2121109900000004e-06,0.00249510621,0.25593974799999997,7.51512083e-05,3.2121109900000004e-06,0.012582460200000001,4.7945707,7.51512083e-05,3.2121109900000004e-06,0.00022572773599999996,0.12224147986,7.51512083e-05,3.2121109900000004e-06,0.012523292750000001,2.51100632e-07,0.000157084396,-0.029538472699999974,11.184943837,-0.00875314351,-0.01182234965,-0.011995258399999998,3.1156686299999996e-06,7.276587820000001e-05
113,1661416800,0.0059296509599999995,0.0060854876899999995,-0.02942989009,-1.4878732300000002,0.11047837410000001,0.0698215986,0.09386536599999999,0.0888027115,0.0001109019895,0.00267218768,0.000155894606,2.1963260130000003e-08,2.6480453500000003e-08,2.78135216e-08,3.9798591549999996e-08,5.77357977e-08,7.27718732e-08,1.94720411e-07,0.00294210985,1.7452750850000002e-05,4.76213299e-06,67.87801809999999,48.1826074,2.07405726e-07,6.56081131,0.0012195282299999998,0.06497667030000001,6.905996689999998e-05,2.4027753099999997e-06,0.00250364321,0.25774033999999996,6.905996689999998e-05,2.4027753099999997e-06,0.0125272526,4.72952101,6.905996689999998e-05,2.4027753099999997e-06,0.000206551374,0.0822683681,6.905996689999998e-05,2.4027753099999997e-06,0.0124880717,1.9687633500000005e-07,0.000156147989,0.46738666129999995,40.02893988799999,-0.00667340394,-0.011819371799999997,-0.01198559955,2.3676749799999997e-06,6.808127110000001e-05
113,1661417400,0.00546531496,0.00562164682,-0.026452334973999996,-1.44922689,0.11805360139999999,0.06717113050000001,0.089927744,0.0840775673,0.0002025352135,0.00308581596,0.000156473398,2.1744515360000002e-08,2.7378546100000002e-08,3.3209484440000005e-08,4.8283374699999995e-08,6.45127894e-08,8.94058554e-08,2.67604477e-07,0.0027020542000000002,2.5013312600000002e-05,4.88745068e-06,69.3706606,48.2708248,1.9180695399999998e-07,6.7590156100000005,0.00117402302,0.0670974209,8.223684009999999e-05,4.2679658700000005e-06,0.00239612161,0.237809543,8.223684009999999e-05,4.2679658700000005e-06,0.0125574843,4.773276479999999,8.223684009999999e-05,4.2679658700000005e-06,0.000213918056,0.10072091279999999,8.223684009999999e-05,4.2679658700000005e-06,0.012505194649999999,4.2735216900000006e-07,0.000156779902,-1.1655539731000002,124.769370716,-0.00500890334,-0.0117584523,-0.01194424855,4.530875519999999e-06,8.558851550000001e-05
113,1661418000,0.005685284260000001,0.005841436060000001,-0.011525645390000002,-1.51421721,0.1045531915,0.0687532545,0.09157779599999999,0.08625263190000002,0.00012942747749999998,0.0026138512500000002,0.000156204628,1.8273155820000004e-08,2.03729666e-08,2.21090233e-08,3.3260110400000003e-08,4.39036652e-08,6.074367705000001e-08,2.004923586e-07,0.0028130714300000003,2.5088626499999998e-05,4.01960442e-06,69.47498420000001,48.3389207,1.99309218e-07,6.34564583,0.00119907489,0.0626050682,6.89631974e-05,2.45039247e-06,0.00245148426,0.24712857800000004,6.89631974e-05,2.45039247e-06,0.012555309550000001,4.77392968,6.89631974e-05,2.45039247e-06,0.000212110581,0.1120052506,6.89631974e-05,2.45039247e-06,0.012499996099999999,1.6077027600000002e-07,0.00015641153,-0.018171933160000004,0.2969124215,-0.010601706,-0.01184761315,-0.0119956225,2.4102787999999998e-06,6.798147680000001e-05
113,1661418600,0.00579474515,0.0059506546600000005,-0.00569372656,-1.56483258,0.10530321359999999,0.06992599800000002,0.09041526000000001,0.085765118,0.000125100491,0.00266392659,0.00015632194600000002,1.838863427e-08,2.262880135e-08,2.292818137e-08,3.955759865e-08,5.562843e-08,9.09454558e-08,2.2141554849999998e-07,0.00286684975,2.49337723e-05,4.6990728200000005e-06,69.636392,48.381951599999994,2.02888196e-07,6.54408356,0.00122691103,0.0664120965,0.00010354118459999999,7.0928813500000015e-06,0.0024710406799999998,0.25115712,0.00010354118459999999,7.0928813500000015e-06,0.01252621295,4.7544787600000005,0.00010354118459999999,7.0928813500000015e-06,0.000218226351,0.09010597819999999,0.00010354118459999999,7.0928813500000015e-06,0.012479916550000001,9.70452133e-07,0.000156720097,-2.2966610864000003,53.956131879,-0.007777435270000001,-0.0115794661,-0.011840398649999999,7.1825387e-06,0.00010351461499999998
113,1661419200,0.003968059939999999,0.0041233393600000005,0.0478627914,-1.6002698800000001,0.0872276622,0.0575576851,0.0724522093,0.06731455559999999,0.00016176413599999998,0.00200794706,0.00015535224,1.4015970899999999e-08,1.6353833310000002e-08,1.77957016e-08,4.359509855e-08,4.3220635800000007e-08,4.3622246599999994e-08,2.15534071e-07,0.00194463548,3.279927159999999e-05,6.12436632e-06,73.3840094,47.9276128,1.421273124e-07,6.6814242,0.001025100134,0.046681085100000005,7.17138297e-05,2.9851194999999996e-06,0.00199916746,0.170706759,7.17138297e-05,2.9851194999999996e-06,0.0124995959,4.700226259999999,7.17138297e-05,2.9851194999999996e-06,0.000162289012,0.0512854919,7.17138297e-05,2.9851194999999996e-06,0.012464209,2.6750739599999997e-07,0.000155625229,-0.3301115521999999,4.4642068223999996,-0.009321318620000001,-0.0117070758,-0.011894939249999998,2.98800952e-06,7.27916333e-05
113,1661419800,0.00360518877,0.0037605954400000002,0.06678876610000001,-1.60551764,0.0871526595,0.055813262200000005,0.0706146542,0.06513948709999999,0.00015534344259999998,0.0018334535700000002,0.000156014459,1.3095814504000002e-07,2.04062307e-08,1.597635454e-08,3.6626367799999995e-08,5.39256508e-08,4.46837561e-08,1.653453854e-07,0.00175464156,4.14400363e-05,5.43183417e-06,71.83032360000001,48.2453564,1.299761526e-07,6.78137971,0.00100895394,0.043666966800000005,7.5380718e-05,3.741141e-06,0.00194384898,0.158073108,7.5380718e-05,3.741141e-06,0.012500017200000001,4.72790833,7.5380718e-05,3.741141e-06,0.00024803000050000005,0.06389724844000001,7.5380718e-05,3.741141e-06,0.012472001600000001,1.5953298439999998e-06,0.000157026263,0.13419510159999998,9.146209543,-0.0052513455055999995,-0.01125241005,-0.0116503487,4.2767558200000005e-06,7.661230539999998e-05
113,1661420400,0.005461622429999999,0.00561772076,0.05004851819999999,-1.6112154200000002,0.1023031235,0.0679140539,0.0866651445,0.08152748900000001,0.000227111373,0.00266111383,0.00015640184,4.405868507e-08,3.8391739800000004e-08,3.732670344e-08,4.8649566299999995e-08,6.90854274e-08,9.78825122e-08,2.8986523599999996e-07,0.0026767771000000004,4.6830597700000005e-05,6.271319989999999e-06,70.18066560000001,48.95742489999999,1.9165165600000002e-07,6.794690749999999,0.00119143804,0.06139353910000002,8.56209201e-05,4.81040476e-06,0.00234847196,0.23326619599999998,8.56209201e-05,4.81040476e-06,0.0125457855,4.77813683,8.56209201e-05,4.81040476e-06,0.000278282627,0.12440733150000001,8.56209201e-05,4.81040476e-06,0.01248766695,7.720329150000002e-07,0.000156714595,-3.3027040033999997,134.27152922,-0.0065561273500000005,-0.011547358750000002,-0.01182935765,4.787071450000001e-06,8.47301764e-05
113,1661421000,0.005098239900000001,0.00525468697,0.06630941519999999,-1.5441805700000002,0.11430348910000002,0.0656473145,0.08981524199999999,0.08295253420000001,0.00025080175300000007,0.00271138831,0.000156583125,1.968825582e-08,2.4189068699999996e-08,2.417829175e-08,4.1506846199999996e-08,4.697964e-08,6.48866785e-08,2.140979236e-07,0.00246634867,7.630681299999999e-05,5.890204579999999e-06,73.35976230000001,49.955578700000004,1.7969349700000002e-07,6.802747430000001,0.00117589617,0.0581428469,8.211326579999999e-05,4.00697473e-06,0.0022837816899999998,0.217095725,8.211326579999999e-05,4.00697473e-06,0.012556039400000002,4.76560489,8.211326579999999e-05,4.00697473e-06,0.00020599774200000002,0.09948582253,8.211326579999999e-05,4.00697473e-06,0.012512949800000001,4.046794819999999e-07,0.00015695262099999998,1.2876922722000002,98.96482440999999,-0.006286403550000002,-0.0117254802,-0.011926404999999998,4.03845697e-06,8.187929690000001e-05
113,1661421600,0.0060303012,0.00618614442,0.0321058927,-1.6638726599999998,0.10324065139999998,0.0724740498,0.089702736,0.0849400937,0.00022186392199999996,0.0029327444,0.00015601143500000003,1.856266913e-08,2.391804645e-08,2.5354318200000002e-08,3.50111313e-08,4.63900574e-08,9.01697255e-08,2.46604506e-07,0.00293104782,7.85906725e-05,4.845306839999999e-06,73.1631592,50.1315152,2.1063687100000002e-07,6.61675453,0.00128152657,0.0687543247,8.51164269e-05,4.8324516500000005e-06,0.00250538626,0.25979892,8.51164269e-05,4.8324516500000005e-06,0.01253795065,4.768560129999999,8.51164269e-05,4.8324516500000005e-06,0.0002090569996,0.11662765216000001,8.51164269e-05,4.8324516500000005e-06,0.0124826936,4.5019874199999993e-07,0.000156267773,-0.7040101127,5.710121102999999,-0.00809089969,-0.011633111,-0.011849151700000001,4.792903500000001e-06,8.46439731e-05
113,1661422200,0.0045171149800000004,0.00467303339,0.029049699469999996,-1.58089867,0.12094119210000001,0.0625307995,0.0787899039,0.0723397082,0.000287204688,0.00295104031,0.00015606043199999997,1.9240520136000003e-06,2.6569542044500003e-06,1.73777998e-07,5.52387714e-08,6.73208721e-08,1.19163042e-07,2.4996933939999997e-07,0.0021355439899999997,0.0001131238835,4.4978267399999995e-06,73.61575859999999,51.4298896,1.6023480599999996e-07,6.7495373999999995,0.0011143856649999998,0.07296379280000001,7.762516009999999e-05,3.62199114e-06,0.0021751024200000004,0.41994963100000005,7.762516009999999e-05,3.62199114e-06,0.0125172365,4.724279780000001,7.762516009999999e-05,3.62199114e-06,0.00022372747499999995,0.10905988019999999,7.762516009999999e-05,3.62199114e-06,0.012546210600000001,1.0200317482e-05,0.00016612286300000001,-0.49088169998,37.280226547999995,0.013981824499999998,-0.011722605600000002,-0.011914444100000001,4.8725124459999996e-05,0.0005622854010000001
113,1661422800,0.00530139511,0.00545726284,0.042847086869999995,-1.4735339899999997,0.10879082209999999,0.0665925133,0.08779018000000001,0.0795399274,0.000340247715,0.00295931456,0.00015601625200000003,1.445421748e-08,1.572662812e-08,1.8949232130000004e-08,4.2989052300000004e-08,4.24805251e-08,4.68774475e-08,1.3280237209999997e-07,0.0024489186900000003,0.000196688846,4.617600659999999e-06,81.45124560000001,54.781874300000005,1.86412398e-07,6.62653501,0.00119317766,0.062094338299999996,8.260201509999999e-05,4.119046100000001e-06,0.0022533099899999997,0.2173958195,8.260201509999999e-05,4.119046100000001e-06,0.012540231200000002,4.786584660000001,8.260201509999999e-05,4.119046100000001e-06,0.000223532079,0.14210085575999998,8.260201509999999e-05,4.119046100000001e-06,0.012486343,4.6347815500000005e-07,0.00015637291599999997,-0.5121681397000001,8.809336734,-0.008563819370000001,-0.0116087502,-0.011832357949999999,4.05465148e-06,7.90537116e-05
113,1661423400,0.00204066214,0.00219625612,0.153470172,-0.640592128,0.08689015409999999,0.0381813638,0.0672020492,0.05722674710000001,0.00012806988950000002,0.001161559674,0.000155773785,1.2586211989999998e-08,1.2449962079999999e-08,1.843178985e-08,6.73113357e-08,5.28885068e-08,3.7508472599999996e-08,7.08729587e-08,0.000864357177,0.00015066869399999998,4.84922496e-06,84.9809014,56.5262911,7.79694201e-08,6.9950414499999995,0.0007762302780000001,0.028928478199999996,7.78442461e-05,3.926197720000001e-06,0.00134798258,0.0769714581,7.78442461e-05,3.926197720000001e-06,0.01249406675,4.69211972,7.78442461e-05,3.926197720000001e-06,0.000176763714,0.0486233815,7.78442461e-05,3.926197720000001e-06,0.0124686233,6.2501233e-07,0.00015609327,-1.6759478247600001,48.197436720999995,-0.00699774891,-0.011517361100000002,-0.0117625366,3.985364329999999e-06,8.016410300000001e-05
113,1661424000,0.00178841675,0.0019436621000000001,0.07724045623,-1.326323564,0.0678020717,0.038454120200000004,0.0520515889,0.044588861,8.033247000000001e-05,0.0009674404999999999,0.00015557112800000002,1.4282631449999999e-08,1.7246192350000002e-08,1.829611464e-08,4.356450795e-08,6.31973711e-08,4.15365447e-08,7.072370630000001e-08,0.0007652150039999998,0.0001238880746,4.50733279e-06,85.7698321,54.973546799999994,6.95921667e-08,7.004220309999999,0.000727283708,0.025665796199999997,8.211822679999999e-05,4.81535288e-06,0.0012686744500000004,0.0686028392,8.211822679999999e-05,4.81535288e-06,0.012479185650000002,4.69306009,8.211822679999999e-05,4.81535288e-06,0.00019136215060000002,0.05745972665,8.211822679999999e-05,4.81535288e-06,0.01246042855,9.037604710000002e-07,0.000156166306,-0.5241739763,14.314086548999999,-0.006502625096,-0.01131441865,-0.01166312585,4.864224909999999e-06,8.37528839e-05
113,1661424600,0.000964767695,0.001119870544,0.10472053270000001,-1.1422285669999999,0.05287661399999999,0.0283000737,0.0367511218,0.029625904,6.12298044e-05,0.000590822306,0.000155231884,6.6451643999999996e-09,9.81926491e-09,1.010751619e-08,1.45859754e-08,2.27768027e-08,3.17834475e-08,5.4172740700000006e-08,0.0003613001449999999,0.0001164685306,4.325674689999999e-06,90.60620859999999,56.56277120000001,4.22321612e-08,7.13585743,0.00052654779,0.013854790800000003,7.4788853e-05,3.63144806e-06,0.0008548419700000001,0.0325995346,7.4788853e-05,3.63144806e-06,0.0124677584,4.65848066,7.4788853e-05,3.63144806e-06,0.00012925691500000001,0.024353204750000003,7.4788853e-05,3.63144806e-06,0.01245407215,3.64623254e-07,0.00015547011700000002,-0.16357176665,6.860935639999999,-0.00863418036,-0.011681441300000001,-0.0118819269,3.74673131e-06,7.562845999999999e-05
113,1661425200,0.001105578582,0.001260554236,0.058935881999999995,-1.3186173059999997,0.05370163859999999,0.030488895499999995,0.0380261612,0.0317634697,5.69588766e-05,0.0006350995210000001,0.000155289516,1.56790684e-08,1.8629420640000002e-08,1.4499069499999999e-08,1.7225490199999998e-08,1.7322610319999999e-07,3.01218236e-08,4.6104776200000006e-08,0.00043644994600000006,0.0001113439515,4.364603209999999e-06,87.74641310000001,54.5045377,4.6886621900000005e-08,7.13976512,0.0006007956520000001,0.0220037732,8.729582530000001e-05,5.13319334e-06,0.0009583333370000001,0.040105124,8.729582530000001e-05,5.13319334e-06,0.012462366700000001,4.663933210000001,8.729582530000001e-05,5.13319334e-06,0.00015031504060000002,0.02716289834,8.729582530000001e-05,5.13319334e-06,0.01244929675,8.962800339999999e-07,0.00015588293,-0.7267431884,10.56556391,-0.007199399083999999,-0.011384340900000001,-0.011742023899999999,4.75749261e-06,8.41405875e-05
113,1661425800,0.0008683205359999998,0.001023446603,0.13953866382200003,-0.6860793879999999,0.05666422969999999,0.0262906246,0.0392261965,0.03213848039999999,5.04866082e-05,0.000548782446,0.00015541149600000002,7.93162294e-09,1.2119332519999999e-08,1.15936975e-08,1.4241224449999998e-07,4.14883122e-08,2.46242564e-08,5.538675750000001e-08,0.000346194253,8.3331414e-05,4.0324812499999995e-06,87.13011239999999,51.5533986,3.90356128e-08,7.293044169999999,0.000564436993,0.0205384247,8.941800839999999e-05,5.9001274199999996e-06,0.000861370143,0.03179656360000001,8.941800839999999e-05,5.9001274199999996e-06,0.01246867165,4.672347699999999,8.941800839999999e-05,5.9001274199999996e-06,0.0001472372074,0.03195426543,8.941800839999999e-05,5.9001274199999996e-06,0.012456362799999999,9.85709411e-07,0.000156147699,-0.8816546878000002,5.800215174,-0.00824520511,-0.0113523633,-0.0117007898,6.11554393e-06,8.84326613e-05
113,1661426400,0.000751342034,0.000906367615,0.09322134080000001,-1.0560924090000001,0.0451138763,0.025275648899999996,0.0304509286,0.0244507467,4.8212370899999995e-05,0.00047031814699999996,0.000155237817,1.2267844360000002e-08,9.906190619999999e-09,2.4970263370000005e-08,2.9690157649999998e-08,7.69958294e-08,4.62422982e-08,5.5660824499999997e-08,0.000262102474,0.0001086650109,4.430748199999999e-06,91.4254699,56.0490821,3.51051144e-08,7.367267549999999,0.0005070838080000001,0.015912612,7.97687154e-05,4.08295733e-06,0.000731597393,0.0246398506,7.97687154e-05,4.08295733e-06,0.0124599577,4.656657200000001,7.97687154e-05,4.08295733e-06,0.0001292833425,0.023105641429999997,7.97687154e-05,4.08295733e-06,0.012452964200000001,6.67821917e-07,0.000155745639,-0.3092384161,8.799596869999998,-0.00711204832,-0.0115901674,-0.01185944585,4.199324449999999e-06,8.14637227e-05
113,1661427000,0.000612090275,0.000766916777,-0.09171879312,-0.772314954,0.0448513686,0.022541662,0.0266258126,0.0204756249,5.75739163e-05,0.000450570245,0.00015493106599999998,6.960970090000001e-09,8.16630205e-09,1.2302965680000002e-08,1.6025346800000004e-08,2.19583793e-08,2.0523326660000002e-08,4.84492486e-08,0.0001474605465,0.00015319631400000002,5.146209180000001e-06,97.7413647,67.5418432,3.04884274e-08,7.226132960000001,0.000448236048,0.0102588723,7.26178936e-05,3.1851876999999994e-06,0.000544592637,0.0139916665,7.26178936e-05,3.1851876999999994e-06,0.012450389400000001,4.64250863,7.26178936e-05,3.1851876999999994e-06,0.00013855432949999997,0.02297802408,7.26178936e-05,3.1851876999999994e-06,0.012440233549999999,3.1910401e-07,0.000155078752,-0.28867776737,5.249560134,-0.00870414416,-0.01168006665,-0.011872067399999998,3.1920964599999998e-06,7.247817340000001e-05
113,1661427600,0.000961626862,0.0011162638500000002,-0.0161970556,-0.656200795,0.0682145828,0.027044896899999997,0.0390386912,0.0306009337,9.81908562e-05,0.0007085341929999999,0.00015482249400000002,1.399261638e-08,1.6113505279999998e-08,1.644576324e-08,1.90452192e-08,2.64973797e-08,2.63863679e-08,5.95290546e-08,0.000312529883,0.00016358603299999997,4.29683278e-06,93.21242380000001,64.51285659999999,4.2081566e-08,7.168475239999999,0.0005222723250000001,0.014935606799999997,7.674662440000001e-05,3.77919151e-06,0.0007868434620000002,0.0288424642,7.674662440000001e-05,3.77919151e-06,0.0124698084,4.68061484,7.674662440000001e-05,3.77919151e-06,0.000158553255,0.0538450788,7.674662440000001e-05,3.77919151e-06,0.012442159999999999,5.39571256e-07,0.000155285102,2.1907403632999998,157.52305823,-0.0026142712999999997,-0.011652753100000001,-0.011858341,3.99930433e-06,7.8576666e-05
113,1661428200,0.0007844971320000001,0.0009394200559999999,-0.1590909806,-0.560225945,0.0624019044,0.024357889700000003,0.033001007400000004,0.0259132914,5.24738527e-05,0.00051919458,0.000155022886,6.881277598e-08,6.456658116e-08,2.2728712038999996e-07,9.860688290000001e-08,2.604972053e-07,2.296279618e-07,3.9875785359999997e-07,0.000233843982,0.000151760274,5.17029256e-06,92.4197922,63.9954532,3.613450439999999e-08,7.329454290000001,0.0005949353679999999,0.04355968404999999,7.33502617e-05,3.39664321e-06,0.0007313397210000001,0.0325304714,7.33502617e-05,3.39664321e-06,0.01246189305,4.65617259,7.33502617e-05,3.39664321e-06,0.000150630927,0.03237891953,7.33502617e-05,3.39664321e-06,0.01246467595,1.5362636380000002e-06,0.000156415203,0.8333029796000002,57.92872099,0.0020791717799999994,-0.0116323522,-0.011842469599999999,5.72565251e-06,9.199227560000001e-05
113,1661428800,0.03688148316999999,0.03703731103,-0.0765855412,-1.0602211449999999,0.2729333322,0.1530899253,0.25182018550000007,0.23449465400000005,0.0011945009573,0.015996403955000002,0.00015600083299999998,9.881403916999999e-08,9.685675945000001e-08,9.808077300000001e-08,1.6431246106e-07,1.939185711e-07,1.910486603e-07,4.027388216e-07,0.01819280417,0.000239418918,7.08877628e-06,74.3092286,55.31307890000001,1.2375613197e-06,6.0421045200000005,0.00273496798,0.40242445579999997,0.00010612724710000002,5.752133329999999e-06,0.005618564253999999,1.6001567468000002,0.00010612724710000002,5.752133329999999e-06,0.01272794105,5.56402324,0.00010612724710000002,5.752133329999999e-06,0.0005203501,0.8747535191999999,0.00010612724710000002,5.752133329999999e-06,0.0124764898,1.0373613170000002e-06,0.000156679994,-2.2106818943000004,94.394162346,-0.004672611109999999,-0.011405621650000001,-0.011700310250000002,4.39643386e-06,8.524316089999999e-05
113,1661429400,0.0442460976,0.0444015154,-0.0309293626,-1.2839015100000002,0.32168482000000004,0.18323354900000002,0.30075917599999996,0.281858609,0.00048468917799999995,0.0184821548,0.000155560833,1.0786141930000001e-07,1.1551039370000002e-07,1.2739856159999998e-07,1.788273224e-07,2.266246083e-07,4.036498425e-07,7.69302978e-07,0.021752518399999997,0.000361405822,7.05202404e-06,69.1293585,51.3441122,1.4811118800000002e-06,6.269870890000002,0.00321970875,0.4619146260000001,0.0001083754531,5.403085870000001e-06,0.0068004688800000004,1.9017046999999998,0.0001083754531,5.403085870000001e-06,0.012743337900000002,5.55874955,0.0001083754531,5.403085870000001e-06,0.000567202566,0.935333634,0.0001083754531,5.403085870000001e-06,0.01246337445,3.66514006e-07,0.000155703351,0.044277428699999996,6.5064852,-0.0077053528200000014,-0.0116191071,-0.0118402294,2.80323772e-06,7.103223110000001e-05
113,1661430000,0.0445733124,0.0447294149,-0.035858378700000006,-1.29867077,0.321872319,0.18484211899999997,0.30150920999999997,0.28148359999999994,0.0004908552300000001,0.018768917,0.00015633530500000001,1.482948638e-07,1.29283506e-07,1.807047677e-07,2.1535461400000004e-07,2.9888522799999995e-07,4.4274866400000004e-07,9.2864072e-07,0.021846536899999998,0.0004284144970000001,9.12401598e-06,68.7688433,51.607856000000005,1.4912938699999998e-06,6.50291306,0.00324314871,0.4703124689999999,0.00010674508690000002,5.952290719999999e-06,0.0068454182799999996,1.9250952,0.00010674508690000002,5.952290719999999e-06,0.012751963750000001,5.46998823,0.00010674508690000002,5.952290719999999e-06,0.0005775086189999999,0.862623052,0.00010674508690000002,5.952290719999999e-06,0.0124914884,6.392505590000001e-07,0.000156676123,-0.3881175251,6.1349357300000005,-0.0073195790499999995,-0.011530664500000001,-0.01180155375,4.01502543e-06,7.899437840000001e-05
113,1661430600,0.043271410499999996,0.0434277446,-0.02336492079,-1.37468956,0.312197024,0.18495398500000002,0.29310895000000003,0.273570852,0.000471816986,0.0180495587,0.00015654006899999998,1.432645023e-07,1.468074456e-07,1.7035870850000002e-07,2.50676823e-07,2.961078421e-07,4.979976014e-07,8.891202039999999e-07,0.0211921615,0.000434279636,6.64591207e-06,67.7578036,51.685364400000005,1.4477819399999998e-06,6.3306266099999995,0.0031923162099999998,0.453175796,9.20977985e-05,4.4211068200000005e-06,0.006724143430000001,1.8551379300000002,9.20977985e-05,4.4211068200000005e-06,0.0127381628,5.37562469,9.20977985e-05,4.4211068200000005e-06,0.0005127533719999999,0.6932449934,9.20977985e-05,4.4211068200000005e-06,0.012510930450000003,3.6640546499999997e-07,0.00015689086699999998,-0.4047311938,7.10003399,-0.00821085925,-0.01171280215,-0.0119034457,3.2493691200000004e-06,7.53612606e-05
113,1661431200,0.045429578400000004,0.04558545270000001,-0.0282390232,-1.3494338799999999,0.31834722200000004,0.188103243,0.30139670300000004,0.282046109,0.000411464895,0.0189217928,0.00015617469100000003,9.27371894e-08,9.720594389999999e-08,1.1715322217000002e-07,1.828039765e-07,2.3521538239999994e-07,3.5950319500000006e-07,7.60904785e-07,0.022333575300000002,0.000370317926,8.734461109999999e-06,68.66951060000001,51.34274369999999,1.52040167e-06,6.3212989,0.00329119009,0.4805623419999999,0.00011389241230000001,6.721029099999999e-06,0.006916174999999999,1.96542544,0.00011389241230000001,6.721029099999999e-06,0.012758113500000001,5.55747653,0.00011389241230000001,6.721029099999999e-06,0.0005595807409999999,0.911198758,0.00011389241230000001,6.721029099999999e-06,0.012487218650000001,6.99013009e-07,0.00015663030799999999,-0.46247698140000004,5.7270401049999995,-0.0078122195,-0.011435016000000001,-0.01173539605,4.64212786e-06,8.462090499999999e-05
113,1661431800,0.041700042300000004,0.0418567941,-0.0278174682,-1.36261929,0.30469679099999997,0.181320376,0.28759627699999996,0.269445724,0.000317930025,0.0173129582,0.00015695638300000002,7.78464232e-08,8.019986760000001e-08,9.287681015000001e-08,1.4220163880000002e-07,1.7641157329999998e-07,2.783467284e-07,6.156937899999999e-07,0.020427303400000003,0.000413561685,7.486270590000001e-06,71.02559260000001,51.654139099999995,1.3963527300000001e-06,6.102514860000001,0.00312553882,0.434344428,9.962847939999999e-05,5.5820600799999995e-06,0.006594015220000001,1.7835193400000002,9.962847939999999e-05,5.5820600799999995e-06,0.012701679900000002,5.19229453,9.962847939999999e-05,5.5820600799999995e-06,0.000461998028,0.521860014,9.962847939999999e-05,5.5820600799999995e-06,0.012522794600000001,5.6698425e-07,0.000157387489,-1.1365709134599997,27.28239428599999,-0.006303592770000001,-0.0115877247,-0.011816892,4.70873541e-06,8.254500820000001e-05
113,1661432400,0.041607952600000005,0.0417649657,-0.030673749300000004,-1.4158335599999998,0.30150920699999995,0.182999984,0.282871132,0.26423306700000004,0.000374030057,0.017326996700000003,0.00015718618899999997,1.190523475e-07,1.218874173e-07,1.395931992e-07,2.008574009e-07,2.473166317e-07,3.7367980199999997e-07,7.42138185e-07,0.0203050354,0.00048766389799999993,9.15720897e-06,70.040338,52.022884899999994,1.3930616799999997e-06,6.255430809999999,0.00310780059,0.428279461,0.0001000196238,4.882652639999999e-06,0.00655635787,1.76205356,0.0001000196238,4.882652639999999e-06,0.012754003699999999,5.390089189999999,0.0001000196238,4.882652639999999e-06,0.000513741429,0.744751268,0.0001000196238,4.882652639999999e-06,0.012529711399999999,3.4970111300000003e-07,0.000157343983,-1.17011850433,31.500503630000004,-0.008696124559999999,-0.011704864450000001,-0.011906368400000002,3.23952718e-06,7.49271195e-05
113,1661433000,0.0380593948,0.038215345899999996,-0.0369125195,-1.36635681,0.2915714019999999,0.173458267,0.27349585100000007,0.25497028099999997,0.00031539696499999995,0.0158807287,0.000156049014,7.76648566e-08,8.43870919e-08,9.977884719999999e-08,1.515352156e-07,1.995827676e-07,3.35325127e-07,7.21657138e-07,0.018562506900000005,0.000455537355,9.8812306e-06,70.3179209,52.036983500000005,1.27482012e-06,6.45264002,0.00296787427,0.39266508000000006,8.3654224e-05,3.3948468999999995e-06,0.0062763311,1.6157382400000002,8.3654224e-05,3.3948468999999995e-06,0.012655635099999998,5.12406273,8.3654224e-05,3.3948468999999995e-06,0.00044001973199999994,0.4921586296,8.3654224e-05,3.3948468999999995e-06,0.01248504495,2.1658979999999997e-07,0.000156093366,0.06864181587,1.261410997,-0.0095209792,-0.011736890650000002,-0.01191269495,2.4059041800000005e-06,6.802568150000001e-05
113,1661433600,0.0345246429,0.034680549899999996,-0.032292202799999996,-1.37400866,0.28313363999999996,0.165995316,0.262020506,0.24319492299999998,0.000274340536,0.01445770135,0.000156106882,8.103442729999998e-08,8.73898891e-08,1.0804638119999998e-07,1.618652396e-07,2.24930259e-07,3.6920592899999996e-07,7.810743149999999e-07,0.0166842373,0.000568055503,8.007738359999999e-06,71.261668,52.85446619999999,1.15716333e-06,6.61956234,0.0028661826299999998,0.370808044,0.0001030590509,5.94079831e-06,0.0059953127999999994,1.47462627,0.0001030590509,5.94079831e-06,0.0127191313,5.42119532,0.0001030590509,5.94079831e-06,0.000490580916,0.78704445,0.0001030590509,5.94079831e-06,0.0124868898,4.6927028799999995e-07,0.000156392296,-0.34478433973,2.0086349500000003,-0.00914556985,-0.0115646651,-0.01178860235,4.0985990100000005e-06,7.93520768e-05
113,1661434200,0.03309306260000001,0.0332491798,-0.03064652464,-1.29567193,0.28317114099999996,0.16056544999999997,0.261645492,0.24165738200000003,0.000337485505,0.014003607800000002,0.000156333156,1.1324013334999998e-07,1.1648818180000001e-07,1.3799780143e-07,1.9600401280000002e-07,2.63319125e-07,3.760699207e-07,7.560352150000001e-07,0.015980728000000003,0.0005568097509999999,6.815587369999999e-06,70.6293319,52.9352569,1.1095339100000001e-06,6.34742787,0.0027475695299999997,0.34275002,8.3554141e-05,4.1646410999999995e-06,0.00582474375,1.39202768,8.3554141e-05,4.1646410999999995e-06,0.012653259249999998,5.035515630000001,8.3554141e-05,4.1646410999999995e-06,0.00041442279999999996,0.382587606,8.3554141e-05,4.1646410999999995e-06,0.012494849950000001,4.1010509500000006e-07,0.000156532553,-0.26425234200000003,3.778419939,-0.00815368982,-0.0116286527,-0.0118217487,3.7780152099999996e-06,7.527235790000001e-05
113,1661434800,0.0304857516,0.0306416925,-0.0449143194,-1.2701525400000002,0.2694457280000001,0.15354481800000003,0.251070168,0.231644571,0.000266638733,0.01270880255,0.000156172311,6.64194876e-08,7.099259474999999e-08,7.76455185e-08,2.306382101e-07,2.982818692e-07,2.2541354840000002e-07,4.992062089999999e-07,0.014682765299999997,0.0005499635829999999,8.44430173e-06,74.105552,53.146855300000006,1.023477174e-06,6.15578915,0.00266309337,0.32894798300000005,9.6988611e-05,5.456301040000001e-06,0.0055836218799999995,1.27840058,9.6988611e-05,5.456301040000001e-06,0.01265854005,5.13375371,9.6988611e-05,5.456301040000001e-06,0.000436093239,0.47720236630000007,9.6988611e-05,5.456301040000001e-06,0.0124879157,1.0201489820000002e-06,0.00015696457800000002,-0.46260981745,10.3166539826,-0.00581023753,-0.01136841705,-0.01166355035,4.86065533e-06,8.793464440000001e-05
113,1661435400,0.03801776290000001,0.038173694099999995,-0.0356719799,-1.29590899,0.29970914499999995,0.17211774700000002,0.280658572,0.259245411,0.000341561162,0.01578974985,0.00015601038199999998,6.034626429999999e-08,5.8309551460000006e-08,7.2036211e-08,1.236803882e-07,1.460318128e-07,2.2748776940000002e-07,5.178651985e-07,0.018343695,0.0006562130380000001,7.681746510000002e-06,74.1675259,53.080112,1.27386309e-06,6.0638890199999995,0.0029543387699999995,0.398077273,8.88871439e-05,3.6737298400000008e-06,0.006248045209999999,1.60315246,8.88871439e-05,3.6737298400000008e-06,0.012689868850000003,5.25047486,8.88871439e-05,3.6737298400000008e-06,0.000463108069,0.5793765649999999,8.88871439e-05,3.6737298400000008e-06,0.0124849621,2.5409796399999995e-07,0.000156128167,0.367690485216,14.912745136299998,-0.00776490782,-0.01168763395,-0.011874443799999999,2.29729015e-06,6.824495060000001e-05
113,1661436000,0.0355581669,0.035714903,-0.0235222359,-1.2847516300000001,0.292921439,0.166563254,0.274208368,0.2514451670000001,0.00029585873799999995,0.0147267288,0.000156887762,7.280803810000001e-08,7.62769655e-08,9.14483985e-08,1.6197504020000002e-07,1.823949731e-07,2.69538411e-07,5.664607292e-07,0.017007426,0.000764920439,5.1590905300000005e-06,74.9215359,54.0025933,1.19178896e-06,6.169786950000001,0.0028241614700000002,0.369366045,9.228958190000001e-05,4.25941827e-06,0.00599135003,1.48076131,9.228958190000001e-05,4.25941827e-06,0.012709635899999999,5.19768378,9.228958190000001e-05,4.25941827e-06,0.00045193738399999995,0.5379692829999999,9.228958190000001e-05,4.25941827e-06,0.0125192776,3.9540905600000003e-07,0.000157128035,-0.13667860097999998,8.735204847,-0.008167991959999999,-0.011634891249999998,-0.0118459685,3.15779651e-06,7.33373881e-05
113,1661436600,0.030333622200000004,0.030490539900000002,-0.0291900457,-1.28966546,0.27312083499999995,0.154668337,0.25275771700000005,0.231532069,0.0002482417715,0.012557847350000002,0.00015704079,9.91544703e-08,1.0365162699999999e-07,1.1261348490000002e-07,1.504660139e-07,2.2514364259999996e-07,2.927549945e-07,5.86581957e-07,0.014338955849999998,0.0008202495110000001,5.894893560000001e-06,76.11322129999999,54.9034146,1.01792901e-06,6.3969122800000005,0.00262422624,0.320035621,8.7958145e-05,3.6356576899999994e-06,0.00553665521,1.2575367800000001,8.7958145e-05,3.6356576899999994e-06,0.012715225850000001,5.22642244,8.7958145e-05,3.6356576899999994e-06,0.00043239594399999994,0.540701341,8.7958145e-05,3.6356576899999994e-06,0.0125296286,3.05168532e-07,0.00015724600800000001,4.6699810154,162.8736422531,-0.0015488177470000001,-0.011746623199999999,-0.0119229486,2.45395428e-06,6.90389604e-05
113,1661437200,0.029023322299999998,0.029180416199999996,-0.0310952717,-1.3298486400000002,0.264645579,0.15257554099999998,0.24495747699999998,0.22410684300000003,0.000224102799,0.0121149193,0.00015720941500000003,9.1871125e-08,1.131235589e-07,1.0318396679999999e-07,1.321128787e-07,1.6661766650000002e-07,8.609837792e-07,5.671326094e-07,0.01367184225,0.000831034642,6.62081873e-06,77.9968453,55.1982086,9.74375147e-07,6.41466834,0.00264254096,0.329585281,0.0001051138448,4.90656454e-06,0.0054260692099999995,1.2110961999999998,0.0001051138448,4.90656454e-06,0.01277266065,5.489599270000001,0.0001051138448,4.90656454e-06,0.000497347032,0.8184988024000001,0.0001051138448,4.90656454e-06,0.0125390019,6.4750329e-07,0.000157867933,-3.1300022216000007,150.00485218659998,-0.007081612579999999,-0.011640221699999998,-0.011851946600000001,3.99813694e-06,8.802397300000001e-05
113,1661437800,0.0254892393,0.0256465624,-0.0282184894,-1.39956945,0.24143236499999995,0.14453076700000003,0.22463186000000004,0.205318771,0.00022598762999999998,0.010621435799999999,0.000157430237,2.021241765e-08,1.916068729e-08,2.3683648699999998e-08,4.5279146500000007e-08,5.967496819999999e-08,9.918598480000001e-08,2.4407415060000003e-07,0.012006570349999999,0.000732408194,5.01870532e-06,78.9259353,55.163278500000004,8.578467979999999e-07,5.834781039999999,0.00241751184,0.265387734,0.00012313959700000003,6.70287242e-06,0.005053131000000001,1.049186484,0.00012313959700000003,6.70287242e-06,0.01280359835,5.63295993,0.00012313959700000003,6.70287242e-06,0.0005054225970000002,0.957989639,0.00012313959700000003,6.70287242e-06,0.0125375614,2.9863982e-07,0.000157489303,-0.3026701558999999,8.6878654505,-0.009350069450000002,-0.011812885999999998,-0.011990560899999999,3.3816652399999994e-06,7.50182611e-05
113,1661438400,0.0196148933,0.0197720966,-0.0225589929,-1.1654812399999999,0.237344745,0.123069243,0.209068886,0.187955733,0.000318146571,0.0085475201,0.000157273232,4.77421224e-08,5.038491296e-08,5.6580495800000004e-08,8.4347403e-08,1.0458132570000001e-07,1.584775796e-07,3.161318766e-07,0.00906906755,0.0007331100290000001,4.3783395e-06,79.52977050000001,56.646038999999995,6.61912643e-07,6.43253423,0.0020663486200000005,0.20611241100000002,8.15724026e-05,3.12429479e-06,0.00439001362,0.792511757,8.15724026e-05,3.12429479e-06,0.01268845645,5.0783156599999995,8.15724026e-05,3.12429479e-06,0.000366199386,0.38642734959999997,8.15724026e-05,3.12429479e-06,0.012543321900000001,3.1776254600000003e-07,0.000157586516,2.6055715374,120.96097738000003,-0.00408453677,-0.011863773800000001,-0.012023373399999999,2.5870910699999998e-06,7.23470743e-05
113,1661439000,0.0185120303,0.018668512300000002,-0.0459920227,-1.13452561,0.22016922,0.11871454919999999,0.201868661,0.18199305500000001,0.000178879947,0.007837662070000001,0.00015655571799999999,4.50014413e-08,4.673853232e-08,5.316449346000001e-08,7.570217450000001e-08,9.323307160000001e-08,1.392881454e-07,2.9764875560000003e-07,0.00854704318,0.0007029165870000001,5.2264542099999996e-06,80.78629149999999,56.70160440000001,6.252711580000001e-07,6.31451672,0.0020146985,0.195449721,8.407482e-05,3.3339639299999996e-06,0.0042729492600000005,0.750484928,8.407482e-05,3.3339639299999996e-06,0.0126515144,5.06992426,8.407482e-05,3.3339639299999996e-06,0.00034844628100000005,0.401193374,8.407482e-05,3.3339639299999996e-06,0.012508376600000001,1.60636129e-07,0.00015662097,0.0883741454,0.26033947320000006,-0.01061372225,-0.0118433346,-0.011993156549999998,2.3577890000000004e-06,6.802435050000001e-05
113,1661439600,0.0136924888,0.01384958905,-0.0299595261,-1.4678165699999999,0.17531785600000002,0.1058703231,0.1507171006,0.1378167086,0.000369162626,0.00620143374,0.00015717135,3.97246766e-08,4.151285128e-08,4.93334903e-08,6.74477552e-08,9.04324452e-08,1.365082209e-07,2.857192995e-07,0.0061962829,0.000643139096,6.02647774e-06,81.264714,58.87946999999999,4.64928735e-07,6.4704122900000005,0.00180477007,0.1455852995,7.26819091e-05,2.6472023900000002e-06,0.00358532534,0.5442668759999999,7.26819091e-05,2.6472023900000002e-06,0.01262551685,4.8918187600000005,7.26819091e-05,2.6472023900000002e-06,0.000271386206,0.19994321729999998,7.26819091e-05,2.6472023900000002e-06,0.01253417885,1.78023079e-07,0.000157278975,0.04681872370000001,42.4109487438,-0.008635752780000002,-0.01187130695,-0.0120220342,2.46911113e-06,6.891183799999999e-05
113,1661440200,0.01175422325,0.011910483199999999,-0.00975013934,-1.75495096,0.13924175,0.1028924645,0.12465380600000002,0.11872862449999999,0.0001461038484,0.00507323648,0.000156314416,2.0221968630000002e-08,2.124519721e-08,2.4220568580000004e-08,4.0267324650000004e-08,5.28446368e-08,7.2528096e-08,1.5538435520000002e-07,0.00525386485,0.000619068157,3.7269491600000003e-06,83.3849489,59.038993000000005,4.01023239e-07,6.07749649,0.0017701886000000004,0.12633651259999998,9.18849275e-05,3.861181110000001e-06,0.00335346371,0.46176089600000003,9.18849275e-05,3.861181110000001e-06,0.01264649545,5.11229883,9.18849275e-05,3.861181110000001e-06,0.00032547991000000004,0.46693184849999997,9.18849275e-05,3.861181110000001e-06,0.01249579155,1.7237529099999998e-07,0.000156317817,0.07012382749999999,0.24525821412,-0.010536478900000002,-0.0118066711,-0.011967195400000002,2.45475089e-06,6.801984289999999e-05
113,1661440800,0.01220489235,0.012361884699999999,-0.00475239025,-1.74982158,0.147529505,0.10472574510000002,0.12885393299999998,0.120041166,0.00016510219819999998,0.00530681752,0.000157070582,3.52404216e-08,3.80238608e-08,4.478584909999999e-08,7.223359839999999e-08,8.43947329e-08,1.237052462e-07,2.5891474699999994e-07,0.0054707613500000005,0.000627348162,3.5949459100000004e-06,80.3307104,58.83413,4.1553371700000005e-07,6.4305169399999995,0.0018052509900000004,0.132881392,9.319710510000001e-05,4.062447460000001e-06,0.0034328338800000005,0.4845675300000001,9.319710510000001e-05,4.062447460000001e-06,0.012695658050000003,5.19212736,9.319710510000001e-05,4.062447460000001e-06,0.000347429547,0.5191191722,9.319710510000001e-05,4.062447460000001e-06,0.012532292349999998,2.1471005500000004e-07,0.00015727354600000002,-0.3563722807,2.0049642056999994,-0.0102439461,-0.0118313797,-0.01198740385,2.63526046e-06,7.190348279999999e-05
113,1661441400,0.012702631,0.0128597054,0.0017927531415999997,-1.64967608,0.161929941,0.1058291285,0.146966986,0.129491453,0.0001277601455,0.00544178178,0.00015713074300000002,2.91884335e-08,3.078055849999999e-08,3.68328721e-08,5.12009232e-08,7.260696780000001e-08,1.0609835580000002e-07,2.33811368e-07,0.00575902178,0.0005873531660000001,4.31588266e-06,80.0989009,57.911192500000006,4.32390238e-07,6.53713492,0.0017721207699999998,0.134239418,6.855259269999999e-05,2.32366278e-06,0.00350209694,0.5034714180000001,6.855259269999999e-05,2.32366278e-06,0.012576088699999998,4.7815136,6.855259269999999e-05,2.32366278e-06,0.000208336215,0.08667963145999999,6.855259269999999e-05,2.32366278e-06,0.012532354699999998,1.64117308e-07,0.00015722464399999997,-0.04094347725,0.2496597917,-0.010715633300000001,-0.011876051250000002,-0.012019188949999999,2.35044203e-06,6.853769309999998e-05
113,1661442000,0.0125306571,0.012687444649999999,0.0013994624320000002,-1.7110146199999998,0.154092204,0.10574095950000002,0.13939175,0.12356626899999998,0.000170259635,0.00539701197,0.000156835976,1.5213812750000002e-08,1.5750017969999997e-08,1.892063785e-08,3.0226648000000004e-08,4.333478459999999e-08,6.76739687e-08,1.5829671319999999e-07,0.005640041310000001,0.000620817244,4.06337204e-06,82.6485155,58.52503790000001,4.2660758600000006e-07,6.20892471,0.0017823158200000002,0.132507693,7.79447601e-05,3.10411002e-06,0.0034698627400000003,0.494957728,7.79447601e-05,3.10411002e-06,0.0126254084,4.956061790000001,7.79447601e-05,3.10411002e-06,0.000285992302,0.28446533939999996,7.79447601e-05,3.10411002e-06,0.01252246225,1.5495622899999998e-07,0.000156967474,0.030392730666,0.1114261975,-0.010814623800000001,-0.011874728099999999,-0.0120241473,2.4792926599999998e-06,6.816856199999999e-05
113,1661442600,0.014328637250000002,0.014485098400000002,-0.0016349706049999997,-1.613295393,0.23063204699999998,0.11300410000000001,0.145991957,0.13140401200000001,0.00029819551640000003,0.007729821150000001,0.000156534292,4.40131789e-08,5.5249768399999994e-08,5.791432049999999e-08,1.159214081e-07,1.0879017349999998e-07,2.935010416e-07,3.9572298900000004e-07,0.0063795221,0.0007780198449999999,5.6259334600000005e-06,79.9348735,59.705933900000005,4.85787033e-07,6.54331669,0.0019178158800000002,0.16752945700000002,7.90117644e-05,3.11658396e-06,0.00368044919,0.5569415400000001,7.90117644e-05,3.11658396e-06,0.0126079636,4.9484217699999995,7.90117644e-05,3.11658396e-06,0.000276573764,0.29195158340999994,7.90117644e-05,3.11658396e-06,0.01250838945,3.28975802e-07,0.00015671835500000002,0.58439003561,61.552578655299996,-0.006131821450000001,-0.011834235549999999,-0.0119864872,2.7069019900000005e-06,7.283227340000001e-05
113,1661443200,0.014200349400000001,0.0143570952,-0.00496292689,-1.7590989700000002,0.155817257,0.11308908119999998,0.140141777,0.12960395500000002,0.000136521941,0.00608959163,0.00015680597899999998,3.1837534679999996e-08,3.3863115000000004e-08,6.232305930000001e-08,6.168505565000001e-08,7.916524195e-08,1.181801178e-07,2.672823745e-07,0.00642738365,0.000666604547,5.469907869999999e-06,80.58932449999999,58.20208600000001,4.818330779999999e-07,6.3346728599999995,0.0019377258000000002,0.15358007999999998,7.425940949999998e-05,2.6849243500000004e-06,0.00371827205,0.5692150690000001,7.425940949999998e-05,2.6849243500000004e-06,0.0125877306,4.86802218,7.425940949999998e-05,2.6849243500000004e-06,0.00024336406500000005,0.18410525885,7.425940949999998e-05,2.6849243500000004e-06,0.0125184551,2.00858213e-07,0.000156912893,0.0125983921,0.25518228589,-0.01059308445,-0.0117892673,-0.0119614438,2.2848106e-06,6.835734150000001e-05
113,1661443800,0.013676855800000002,0.013833638,-0.007631816550000001,-1.7598238499999996,0.14794202100000003,0.11080061919999999,0.13380408299999996,0.128291416,0.000145972109,0.00579737808,0.00015684633700000002,3.600510870000001e-08,3.908701995000001e-08,4.435652463e-08,6.120732770000001e-08,7.956548470000001e-08,1.1734902060000002e-07,2.514058339999999e-07,0.006182765559999999,0.0006508090230000001,4.1570805499999995e-06,82.3897841,58.34502630000001,4.6461751099999996e-07,6.45900554,0.0019095346900000001,0.1470921536,8.298347530000002e-05,3.14921117e-06,0.0036411848,0.54625634,8.298347530000002e-05,3.14921117e-06,0.012637022450000002,5.026706030000001,8.298347530000002e-05,3.14921117e-06,0.000303061388,0.35607789145,8.298347530000002e-05,3.14921117e-06,0.0125208127,1.562623665e-07,0.00015692827099999997,-0.0504098176,0.27149943369999996,-0.010826044100000001,-0.011879696549999999,-0.012028811900000002,2.292596e-06,6.876601659999999e-05
113,1661444400,0.0138805025,0.01403767735,-0.018049270822,-1.6922336999999998,0.159379863,0.11030077749999997,0.14265435599999998,0.13147901,0.00015482399,0.00589567679,0.00015722535800000002,1.6831573199999998e-08,1.990978565e-08,2.627652126e-08,3.62155036e-08,4.9759313e-08,7.18393186e-08,1.623410583e-07,0.0063052911599999996,0.0006302996069999999,4.21954319e-06,83.30773229999998,58.0745231,4.71698845e-07,6.28362071,0.00191939378,0.14723136600000003,8.559547850000001e-05,3.5348190099999997e-06,0.0036494216899999993,0.5514881899999999,8.559547850000001e-05,3.5348190099999997e-06,0.012654829749999999,5.04736262,8.559547850000001e-05,3.5348190099999997e-06,0.00029763296,0.3815932097,8.559547850000001e-05,3.5348190099999997e-06,0.01253878795,1.89489388e-07,0.000157411052,0.0089628045,0.28582701940000005,-0.010650166899999999,-0.011826566600000001,-0.01199609775,2.54596131e-06,6.88781872e-05
113,1661445000,0.018316869899999998,0.0184749639,-0.0185948369,-1.7010292800000002,0.19016830699999998,0.12731707599999997,0.16598006699999998,0.15139211800000002,0.00017824603599999998,0.007688902379999999,0.000158183341,4.60432104e-08,4.9351478439999996e-08,3.68313616e-08,5.7693214399999995e-08,7.93441586e-08,1.1525840430000001e-07,2.8178700839999996e-07,0.0084948834,0.000654853874,7.93859933e-06,81.4938002,56.269647899999995,6.190857909999999e-07,6.3887888,0.00220948578,0.19276510799999996,8.822473929999999e-05,4.0755993700000005e-06,0.00425814346,0.7441007780000001,8.822473929999999e-05,4.0755993700000005e-06,0.01270470515,5.15361457,8.822473929999999e-05,4.0755993700000005e-06,0.000364518262,0.4222505629700001,8.822473929999999e-05,4.0755993700000005e-06,0.0125770046,3.20494021e-07,0.00015848963299999998,-0.008825064799999996,19.5418892378,-0.00858700135,-0.01183349295,-0.0120079749,3.1049287600000003e-06,7.459937220000001e-05
113,1661445600,0.0200429762,0.020200563100000003,-0.01089148859,-1.73147242,0.199356088,0.133773039,0.16744261100000002,0.155367241,0.00019653925499999998,0.008461066219999999,0.000157664006,9.057416119999999e-08,4.459214155000001e-08,5.52490014e-08,7.665044569999999e-08,1.080241689e-07,1.577113999e-07,3.89201454e-07,0.009170318350000001,0.0008289822060000001,2.1186878399999998e-05,82.192331,57.55567080000001,6.759132999999999e-07,6.635925660000001,0.00230925384,0.21258697899999998,7.661536539999998e-05,2.9201450199999996e-06,0.004425277510000001,0.803770134,7.661536539999998e-05,2.9201450199999996e-06,0.0126554154,4.97785041,7.661536539999998e-05,2.9201450199999996e-06,0.00047081533999999997,0.3088115603,7.661536539999998e-05,2.9201450199999996e-06,0.012551768750000001,2.86731368e-07,0.00015783429799999998,0.0739958713,0.3706780495,-0.009821810689999998,-0.0116722156,-0.01186264275,2.36159287e-06,6.872642639999999e-05
113,1661446200,0.018784397999999997,0.0189427447,-0.006185231350000001,-1.7603678999999999,0.17606787299999999,0.12957038199999998,0.159492371,0.14899204500000002,0.00013159483700000003,0.00783799012,0.00015841615599999998,4.32312714e-08,5.025626374999999e-08,5.262762045000001e-08,7.50464292e-08,9.829741499999999e-08,1.4365899939999998e-07,3.1967027299999993e-07,0.0087401568,0.000646181826,5.002826200000001e-06,80.5131965,55.992986699999996,6.345654419999999e-07,6.354390840000001,0.00222580548,0.201001993,7.942944020000002e-05,2.9786674299999998e-06,0.00432846703,0.7696566029999999,7.942944020000002e-05,2.9786674299999998e-06,0.0126870789,5.02964514,7.942944020000002e-05,2.9786674299999998e-06,0.00029908729699999997,0.3150157686,7.942944020000002e-05,2.9786674299999998e-06,0.0125870553,1.85593736e-07,0.00015862023399999998,-0.0014097116399999997,0.14160547969999998,-0.010854181600000002,-0.011893442,-0.01204902805,2.28885425e-06,6.8736324e-05
113,1661446800,0.019587646700000003,0.019745724000000003,-0.011445085099999999,-1.76163293,0.17591787200000003,0.132167353,0.162642466,0.15225465,0.0001624155845,0.00815813125,0.00015814222100000002,3.6605118200000004e-08,3.82857255e-08,4.638137204e-08,6.76145182e-08,9.266533230000001e-08,1.3991103139999997e-07,3.427848045e-07,0.009174670649999998,0.000612568721,5.74053262e-06,77.0311997,55.436322399999995,6.61276923e-07,6.37829029,0.0022501773100000004,0.20526714199999999,8.506306150000002e-05,3.4105919799999993e-06,0.0044173862699999995,0.8003674899999998,8.506306150000002e-05,3.4105919799999993e-06,0.012709312749999998,5.12938132,8.506306150000002e-05,3.4105919799999993e-06,0.000338269248,0.40729569539999994,8.506306150000002e-05,3.4105919799999993e-06,0.012575051149999999,1.6323706999999998e-07,0.000158296207,0.013746672290000001,0.5932911111,-0.01048014525,-0.011916552700000001,-0.012062977700000001,2.390132e-06,6.862781849999999e-05
113,1661447400,0.013728643399999999,0.013886217650000001,-0.003678940163,-1.7433399,0.156304772,0.110743773,0.139279252,0.12727888550000002,0.00029707489259999997,0.006035198469999999,0.000157654222,6.983756866999999e-08,7.379583979e-08,7.645293422999999e-08,9.307603529999999e-08,1.058776289e-07,1.4683800969999998e-07,3.164160055e-07,0.006237783880000001,0.000620782268,4.78962321e-06,79.845424,57.8803761,4.66457186e-07,6.4362615000000005,0.00187335954,0.149250869,7.646031209999999e-05,2.6527802499999995e-06,0.0036255132700000006,0.541532125,7.646031209999999e-05,2.6527802499999995e-06,0.012635818500000002,4.9069427999999995,7.646031209999999e-05,2.6527802499999995e-06,0.00027237982299999997,0.2224906635,7.646031209999999e-05,2.6527802499999995e-06,0.01255262355,3.9443172e-07,0.000157925709,-3.0290974605999996,166.04510583472998,-0.007068716350000001,-0.011932120349999999,-0.012074136650000001,2.63412033e-06,7.4008583e-05
113,1661448000,0.028447457499999995,0.028604940899999997,-0.0257821077,-1.5555585600000001,0.261945496,0.15395560000000003,0.22181926999999999,0.202918695,0.000477978756,0.01211947359,0.000157559758,5.4564188899999994e-08,6.97391286e-08,1.0023620129999998e-07,1.355283066e-07,1.606285099e-07,2.235424795e-07,4.2647993e-07,0.0136985155,0.00051712467,6.8394060699999995e-06,76.040129,53.40548249999999,9.5622473e-07,6.15761086,0.0027473214900000003,0.32119586299999997,8.954636200000002e-05,3.99122154e-06,0.00538189231,1.212862517,8.954636200000002e-05,3.99122154e-06,0.012708529900000001,5.1980215,8.954636200000002e-05,3.99122154e-06,0.000387513722,0.5238680822,8.954636200000002e-05,3.99122154e-06,0.01254960205,6.14659158e-07,0.000158003479,-0.75220846641,197.29161500396998,0.00015675734999999973,-0.0117999646,-0.011969993549999999,4.51645114e-06,9.1434685e-05
113,1661448600,0.0365831298,0.0367409136,-0.025766984600000004,-1.52153028,0.27435837400000007,0.174442686,0.256132824,0.240569845,0.00028405703399999997,0.0151722977,0.00015788888100000002,7.98563559e-08,8.239318500000001e-08,9.616658799999999e-08,1.419309158e-07,1.72057112e-07,2.85693592e-07,5.70759708e-07,0.017866472300000002,0.000417193754,6.36653563e-06,70.60518699999999,51.87426899999999,1.2266376200000001e-06,6.3717503199999985,0.00309459843,0.384574697,8.615129589999999e-05,3.6345071100000003e-06,0.00618255251,1.5676741299999999,8.615129589999999e-05,3.6345071100000003e-06,0.01273174715,5.23061855,8.615129589999999e-05,3.6345071100000003e-06,0.00042116917399999995,0.5166690405000001,8.615129589999999e-05,3.6345071100000003e-06,0.0125590848,1.8822354100000003e-07,0.00015791938899999998,-0.005111435800000002,0.18636625199999998,-0.01079325345,-0.0118445319,-0.01200900975,2.3623503499999997e-06,6.882424940000002e-05
113,1661449200,0.033707676199999995,0.033865661899999996,-0.0301261813,-1.52418893,0.262433013,0.167807327,0.24529499099999996,0.22935699999999998,0.000187094295,0.0138997532,0.000158050404,4.2367046699999985e-08,4.007974824999999e-08,4.853632915e-08,8.19655132e-08,1.0746670860000002e-07,1.738615507e-07,4.5169966899999997e-07,0.0163975972,0.0004479796150000001,7.251979009999999e-06,73.5265121,52.2363604,1.1314285199999998e-06,6.23409048,0.0029529028199999996,0.34893384600000005,9.355075920000001e-05,4.10494698e-06,0.00590523355,1.4282336700000002,9.355075920000001e-05,4.10494698e-06,0.012766775349999999,5.392675219999999,9.355075920000001e-05,4.10494698e-06,0.00044236525600000007,0.6541067276,9.355075920000001e-05,4.10494698e-06,0.0125721785,1.83736239e-07,0.000158243856,0.036351496549999994,0.28551599,-0.01046799725,-0.011872517899999999,-0.012028919249999999,2.37193912e-06,6.86785273e-05
113,1661449800,0.03534037820000001,0.035498805,-0.025356154260000003,-1.55989083,0.2685832,0.172502355,0.248032572,0.23243209299999998,0.00024856446300000005,0.014613239200000003,0.00015851547400000003,6.44800711e-08,6.434377650000001e-08,8.173239015e-08,1.1987894090000001e-07,1.498945484e-07,2.4991487409999996e-07,5.537067419999999e-07,0.0172191826,0.00044258720799999996,7.0460169600000005e-06,72.6904559,52.1000411,1.1854277299999997e-06,6.146830319999999,0.00303709873,0.368683398,9.259977160000001e-05,3.973069020000001e-06,0.00605567238,1.5039815,9.259977160000001e-05,3.973069020000001e-06,0.012779382800000003,5.40043648,9.259977160000001e-05,3.973069020000001e-06,0.000438308758,0.6520122610000001,9.259977160000001e-05,3.973069020000001e-06,0.012584491099999998,2.0356231499999998e-07,0.00015857377499999998,0.0450011293,0.6205657966,-0.0102174873,-0.01184072635,-0.012011194950000002,2.36464929e-06,6.89285851e-05
113,1661450400,0.0337857015,0.033943487499999994,-0.024200167199999997,-1.5711677499999999,0.258682899,0.168935231,0.24143237,0.225681887,0.0002358395596,0.0140507732,0.00015791648300000002,1.0538035810000002e-07,1.108422796e-07,1.2885616409999998e-07,1.7934396099999999e-07,2.369721396e-07,3.65549523e-07,7.939160999999999e-07,0.0164601133,0.000423931771,6.75071786e-06,69.572799,52.0856454,1.1328311000000001e-06,6.51650463,0.002967433,0.351310115,0.000110950967,5.4643822499999995e-06,0.0059174611,1.43628319,0.000110950967,5.4643822499999995e-06,0.0127814273,5.53408051,0.000110950967,5.4643822499999995e-06,0.00046577462599999995,0.8515884805,0.000110950967,5.4643822499999995e-06,0.012558837049999999,1.8731561e-07,0.000157912484,0.0251786139,0.19434559329999998,-0.01064018865,-0.011846506000000001,-0.012009326150000001,2.4929384799999997e-06,6.88356499e-05
113,1661451000,0.032345504600000005,0.0325032514,-0.0236595951,-1.56548903,0.25339523199999997,0.16532771100000002,0.236669727,0.221894277,0.0001803393185,0.013303010599999998,0.000157847317,7.60507047e-08,7.78651882e-08,9.40540425e-08,1.388063044e-07,1.784953824e-07,2.842565303e-07,6.52736386e-07,0.0157244366,0.0004405665069999999,6.1435770999999994e-06,70.959463,52.2567005,1.08504468e-06,6.380177949999999,0.00291833505,0.33968179200000004,8.762276359999999e-05,3.662202130000001e-06,0.0057991488999999995,1.3785806499999997,8.762276359999999e-05,3.662202130000001e-06,0.01273264025,5.245374979999999,8.762276359999999e-05,3.662202130000001e-06,0.000400256003,0.5162874704999999,8.762276359999999e-05,3.662202130000001e-06,0.0125610266,1.83469177e-07,0.00015796311900000002,0.0440831656,0.0748564175,-0.0108453006,-0.01185080735,-0.012012540300000001,2.3701423e-06,6.93169261e-05
113,1661451600,0.0318408475,0.0319984824,-0.026539676499999998,-1.49832763,0.26134547599999997,0.162509931,0.24030733799999995,0.224631854,0.000255938856,0.013270278799999998,0.00015771963999999998,5.921712510000001e-08,6.05864355e-08,7.394004929999999e-08,1.1322923499999999e-07,1.4142386159999998e-07,2.40097025e-07,5.191080599999999e-07,0.01547998105,0.000433105179,6.0430291099999995e-06,73.08505299999999,52.222364199999994,1.06896807e-06,6.4274942600000005,0.00292856472,0.34450341300000004,8.58933565e-05,3.48823936e-06,0.005787820420000001,1.37558827,8.58933565e-05,3.48823936e-06,0.012738804000000001,5.253991319999999,8.58933565e-05,3.48823936e-06,0.00041678157199999996,0.5398391330000001,8.58933565e-05,3.48823936e-06,0.012558573100000001,1.9794390399999998e-07,0.00015791624099999998,0.0163398647,0.1609328939,-0.01073554545,-0.011828284350000001,-0.0119933315,2.40099741e-06,6.8930814e-05
113,1661452200,0.0267018278,0.026860602800000005,-0.0378234907,-1.43740697,0.23858228000000006,0.14467926609999998,0.21983171,0.203368707,0.0005141200618,0.01130775997,0.00015889353699999998,9.843405930000001e-08,1.044078163e-07,1.212875591e-07,1.586440926e-07,2.0153727340000003e-07,3.004827952e-07,6.426612409999999e-07,0.013020136470000002,0.00032182528000000005,7.19636453e-06,70.53991740000001,52.028031899999995,8.97833134e-07,6.46275432,0.00258191882,0.280060324,8.50785295e-05,3.22277646e-06,0.00517217599,1.139640029,8.50785295e-05,3.22277646e-06,0.012762517199999998,5.19626986,8.50785295e-05,3.22277646e-06,0.00039350947099999996,0.46862962959999993,8.50785295e-05,3.22277646e-06,0.012600655449999998,2.1888064400000002e-07,0.000158972225,1.08860892233,75.81989742750001,-0.007536621400000001,-0.011901144499999999,-0.0120654476,2.3427789599999997e-06,7.06546046e-05
113,1661452800,0.0224474047,0.0226054031,-0.0323461473,-1.5551521300000002,0.22110674800000002,0.137190031,0.192793388,0.18075551699999998,0.00023165904700000003,0.00952540511,0.00015808113,6.36587074e-08,8.006376781e-08,1.0512448582000002e-07,1.502292747e-07,1.8422108580000002e-07,2.597830474e-07,4.81641692e-07,0.01091474625,0.00030106848499999994,6.4784457199999995e-06,74.0805609,52.061021800000006,7.56519487e-07,6.438354219999999,0.00242526762,0.24702578500000003,8.94611774e-05,3.67200881e-06,0.00481372169,0.9594085080000001,8.94611774e-05,3.67200881e-06,0.01273919685,5.22739393,8.94611774e-05,3.67200881e-06,0.000380304942,0.5036009008,8.94611774e-05,3.67200881e-06,0.01257809625,5.79415707e-07,0.000158675428,0.08441758526000001,149.548643783,-0.0013117398499999998,-0.01188408885,-0.012045955349999998,3.15296482e-06,7.64565346e-05
113,1661453400,0.0223457201,0.0225033386,-0.030206036199999998,-1.58483609,0.20921888600000002,0.137929554,0.192418374,0.180042997,0.0001560008762,0.009333725300000002,0.00015766664999999997,1.9024919200000004e-08,1.9228640450000002e-08,2.5026752760000004e-08,5.2435474599999995e-08,7.33825031e-08,1.4545727920000003e-07,3.392527496e-07,0.01082289965,0.00034306154900000006,6.174732660000001e-06,74.7029625,52.37243910000001,7.533133980000001e-07,6.26680286,0.00245321273,0.24043688999999996,7.523793409999998e-05,2.8662499100000006e-06,0.00483511937,0.959195154,7.523793409999998e-05,2.8662499100000006e-06,0.0126545455,4.969409430000001,7.523793409999998e-05,2.8662499100000006e-06,0.00032114875299999997,0.28845825259999996,7.523793409999998e-05,2.8662499100000006e-06,0.012557831600000003,1.75653355e-07,0.000157875213,0.023568367,0.31202098982000004,-0.010648370850000002,-0.011864807799999998,-0.012025458699999998,2.41619458e-06,6.866080890000001e-05
113,1661454000,0.020987916599999996,0.0211455661,-0.018520158860000004,-1.59706182,0.20430623900000003,0.13379914099999998,0.185068148,0.173742805,0.000167929462,0.0087408781,0.00015771889600000002,4.0092929e-08,4.140192229e-08,5.38214096e-08,7.442919805e-08,9.58959319e-08,1.4817260619999998e-07,3.61521133e-07,0.0101869207,0.00030105339,5.0915259600000004e-06,73.4250531,52.153279999999995,7.08146686e-07,6.2081773700000005,0.0023438841800000002,0.21966255499999998,7.809497709999999e-05,2.9918822499999995e-06,0.00465227405,0.888175915,7.809497709999999e-05,2.9918822499999995e-06,0.012662056199999999,4.988333580000001,7.809497709999999e-05,2.9918822499999995e-06,0.000318240512,0.3043488552,7.809497709999999e-05,2.9918822499999995e-06,0.012555733,1.82161053e-07,0.000157829258,0.07085283012,0.19451078379,-0.010512643700000001,-0.0118471536,-0.012012889700000001,2.4155833400000003e-06,6.85003908e-05
113,1661454600,0.021937883000000002,0.022095365199999998,-0.019939045199999998,-1.6261458299999998,0.201831161,0.137204212,0.186043181,0.17569286199999998,0.00016501105379999997,0.00913518985,0.00015754405800000003,3.481809835e-08,3.52944622e-08,3.9188040300000004e-08,6.18100102e-08,7.49257289e-08,1.073404595e-07,2.9660776000000003e-07,0.010674597,0.00028952605499999996,4.10495853e-06,73.92384360000001,51.9584895,7.40114554e-07,6.010024119999999,0.00239361066,0.22844368800000003,8.279846e-05,3.1097899000000005e-06,0.0047576657,0.9276957400000001,8.279846e-05,3.1097899000000005e-06,0.012680736100000001,5.0585971999999995,8.279846e-05,3.1097899000000005e-06,0.00033593282,0.35009757630000005,8.279846e-05,3.1097899000000005e-06,0.012549053100000002,1.68354419e-07,0.00015764793,0.0679275609,0.35262325409999995,-0.010690565499999999,-0.011868090849999999,-0.0120263476,2.27966294e-06,6.8080482e-05
113,1661455200,0.0234981613,0.0236555595,-0.0244206418,-1.6210300800000002,0.209181382,0.14179480600000002,0.19230587100000002,0.181843049,0.000153433597,0.009780630600000001,0.00015748159499999999,5.43872947e-08,5.7891741150000006e-08,6.84139001e-08,1.0452613550000001e-07,1.3291467030000003e-07,2.3547305689999998e-07,4.91333635e-07,0.01144063305,0.000301600119,5.618145249999999e-06,72.44258390000002,51.92981629999999,7.91143794e-07,6.518720329999999,0.0025059984399999997,0.251207893,9.47557552e-05,4.0626212099999995e-06,0.004960708540000001,1.01077678,9.47557552e-05,4.0626212099999995e-06,0.012727535500000001,5.28941663,9.47557552e-05,4.0626212099999995e-06,0.0003983312,0.6057091153,9.47557552e-05,4.0626212099999995e-06,0.012546056300000002,1.7447353399999998e-07,0.00015757861199999998,0.04678783926,0.2894050873999999,-0.0105127193,-0.0118539376,-0.0120123962,2.4406584e-06,6.94278384e-05
113,1661455800,0.025306833500000004,0.025464146799999997,-0.0216233191,-1.6417370599999999,0.21435654200000004,0.147307488,0.19639349500000003,0.18686820399999998,0.000162121198,0.0105062795,0.000157394112,5.514095140000001e-08,8.39506664e-08,7.323129225e-08,1.1650541299999999e-07,1.330874302e-07,1.0583145620000002e-06,5.279855850000001e-07,0.01237680975,0.000268242705,6.21787035e-06,70.32669369999999,51.532300500000005,8.516223410000001e-07,6.2200106900000005,0.0026332152500000003,0.28753682199999997,8.62883685e-05,3.5522989200000006e-06,0.005143029289999999,1.0868398639999999,8.62883685e-05,3.5522989200000006e-06,0.0126866513,5.12294121,8.62883685e-05,3.5522989200000006e-06,0.000388293603,0.45775090669999996,8.62883685e-05,3.5522989200000006e-06,0.012538254199999998,3.55887088e-07,0.00015756424100000002,-0.1109825858,0.8475570822999998,-0.00946832329,-0.011604967800000001,-0.011811701849999998,2.4625304299999998e-06,6.89001334e-05
113,1661456400,0.026222138,0.0263792916,-0.020304326299999998,-1.63193856,0.218969185,0.149935528,0.202918695,0.19234337399999998,0.00022047970639999998,0.010906023249999999,0.000157235064,4.996491729999999e-08,5.162760567e-08,6.446246896e-08,9.49815849e-08,1.224019208e-07,1.8555105630000002e-07,4.7415610499999996e-07,0.012814116649999999,0.000290693675,5.1320006199999994e-06,71.46120640000001,51.66615900000001,8.82136913e-07,6.1998786500000005,0.00261208322,0.27234888500000004,8.423534560000002e-05,3.4358696299999997e-06,0.00521211985,1.11291685,8.423534560000002e-05,3.4358696299999997e-06,0.012690576,5.11185316,8.423534560000002e-05,3.4358696299999997e-06,0.00038518930500000006,0.441443897,8.423534560000002e-05,3.4358696299999997e-06,0.012536107300000002,1.94208836e-07,0.000157348649,0.0435997786,0.11884085529999999,-0.010617331300000001,-0.011809529,-0.01197762035,2.5708312500000005e-06,6.90215778e-05
113,1661457000,0.0251718206,0.0253297188,-0.0204508053,-1.62869791,0.21394403300000003,0.146664403,0.19853105999999998,0.18833074500000002,0.0001372711455,0.0103833734,0.000157950407,2.2131920250000004e-08,2.2483042069999998e-08,3.07225721e-08,6.265027709999999e-08,8.20784886e-08,1.449295443e-07,4.174912203999999e-07,0.0123098474,0.00026965753199999996,5.5704556800000004e-06,71.98147300000001,51.5579398,8.47064362e-07,6.2057942100000005,0.00256768697,0.263275213,8.07703902e-05,3.15047378e-06,0.00512178574,1.0757109100000002,8.07703902e-05,3.15047378e-06,0.01268361915,5.04164449,8.07703902e-05,3.15047378e-06,0.000340118784,0.32701352300000003,8.07703902e-05,3.15047378e-06,0.01256300645,1.80139308e-07,0.000158009707,-0.01705280015,0.30843187169999997,-0.010599688200000002,-0.011869860550000002,-0.0120247983,2.51736282e-06,6.8949013e-05
113,1661457600,0.0244129582,0.0245704643,-0.0229732107,-1.61859891,0.212894003,0.14442017999999998,0.197068517,0.18570567200000002,0.0001514300166,0.01007969445,0.000157571309,3.86396304e-08,3.9323327729999996e-08,4.787590170000001e-08,7.698906160000001e-08,1.000314919e-07,1.87229507e-07,3.92997874e-07,0.0119028623,0.000297075703,5.589230600000001e-06,71.999863,51.80539180000001,8.21839622e-07,6.03685846,0.0025585021100000003,0.26171510200000003,7.666998289999999e-05,2.8058878200000004e-06,0.00506881315,1.05551466,7.666998289999999e-05,2.8058878200000004e-06,0.0126920501,5.0809112800000005,7.666998289999999e-05,2.8058878200000004e-06,0.000354657806,0.3526758645,7.666998289999999e-05,2.8058878200000004e-06,0.012550660700000002,1.65915801e-07,0.000157685409,0.047365595495,0.10796736469999998,-0.010903919250000001,-0.01187517545,-0.012029530299999999,2.36888448e-06,6.8635389e-05
113,1661458200,0.025109361399999995,0.0252669189,-0.0114419938,-1.6452708999999999,0.21589408999999998,0.146924162,0.19721852,0.187655726,0.0001464196685,0.0104468025,0.000157633634,5.1015617260000004e-08,5.189614556e-08,6.10252363e-08,9.510163860000001e-08,1.1752999370000001e-07,1.963308182e-07,4.1969523e-07,0.012261347,0.000287621047,4.634124380000001e-06,71.4660446,51.6800196,8.4512174e-07,6.21069961,0.00258649398,0.26778229200000003,8.213196399999999e-05,3.10125472e-06,0.00513369467,1.08172055,8.213196399999999e-05,3.10125472e-06,0.0126857116,5.07343461,8.213196399999999e-05,3.10125472e-06,0.000344811797,0.3616363076,8.213196399999999e-05,3.10125472e-06,0.0125513244,1.7278506e-07,0.000157709166,-0.0098215478,0.24808485500000002,-0.0107915377,-0.01186554775,-0.012019244,2.33024726e-06,6.8789508e-05
113,1661458800,0.025150513800000003,0.0253078731,-0.019965176299999998,-1.64423009,0.20959389499999997,0.14699771,0.194780948,0.186680703,0.0001737422475,0.010404162300000002,0.00015742434799999997,3.82426335e-08,3.864285117e-08,5.1540475099999995e-08,7.48367747e-08,9.624790599999999e-08,1.495018317e-07,3.70011251e-07,0.012332676200000002,0.000236993948,4.69860241e-06,71.3810653,51.2885937,8.4666017e-07,6.09101804,0.00257742701,0.266227466,8.1251337e-05,3.12480473e-06,0.00513811141,1.08275489,8.1251337e-05,3.12480473e-06,0.01268769635,5.09546235,8.1251337e-05,3.12480473e-06,0.000357507724,0.39338003709999997,8.1251337e-05,3.12480473e-06,0.0125463261,1.87144272e-07,0.00015759773900000002,0.0592853234,0.11933816859999999,-0.01075854225,-0.011832908750000001,-0.0119955147,2.3063368599999997e-06,6.87927581e-05
113,1661459400,0.0233241462,0.0234815824,-0.025173933,-1.602096,0.21045642199999998,0.140892521,0.19343090899999998,0.183005585,0.00022165296150000003,0.00978422725,0.00015750408299999998,4.2834129399999997e-08,4.2825757200000004e-08,5.233683875e-08,8.25118321e-08,1.0743924e-07,1.8447267360000002e-07,4.21769037e-07,0.0113923873,0.00026325801,5.42138296e-06,73.04466899999998,51.6114912,7.855798710000001e-07,6.314416039999999,0.0024901244,0.24844305799999997,8.01403873e-05,3.0352339099999997e-06,0.0049437464999999995,1.0032399130000003,8.01403873e-05,3.0352339099999997e-06,0.012676399250000001,5.06831916,8.01403873e-05,3.0352339099999997e-06,0.00034151307000000004,0.38200860859999997,8.01403873e-05,3.0352339099999997e-06,0.0125476403,1.71815748e-07,0.000157615487,-0.0643882849,1.7654153635,-0.0104335495,-0.011872243000000001,-0.0120250515,2.30859739e-06,6.887233039999999e-05
113,1661460000,0.023326828100000002,0.0234837808,-0.0217722393,-1.62692515,0.205506272,0.14137519599999998,0.189155775,0.18045550600000002,0.00018498016660000003,0.0097042892,0.000157026907,4.5209657899999994e-08,4.681514748e-08,5.699541980000001e-08,9.027792949999999e-08,1.185222636e-07,2.0503693390000002e-07,4.400469291e-07,0.0114076647,0.000249356436,5.31195106e-06,71.9405921,51.489250600000005,7.856690049999999e-07,6.36301398,0.00248781712,0.248127055,7.57571307e-05,2.9032212e-06,0.00495086108,1.005074573,7.57571307e-05,2.9032212e-06,0.01265493925,5.00354624,7.57571307e-05,2.9032212e-06,0.000337686906,0.3297650474,7.57571307e-05,2.9032212e-06,0.012532672750000001,1.74294164e-07,0.000157242826,0.0554595055555,0.14971416784,-0.010694423649999998,-0.011842175350000001,-0.011998196050000002,2.45935113e-06,6.84072979e-05
113,1661460600,0.0230970506,0.023253963999999995,-0.016964975599999998,-1.6902996,0.19530596,0.141739504,0.18086801900000002,0.173142785,0.00015111084500000002,0.009566355000000002,0.00015697055300000002,2.91211717e-08,2.852216246e-08,4.1665867449999996e-08,6.036420849999999e-08,7.38301101e-08,1.293210836e-07,3.0279705659999997e-07,0.0112688474,0.000274418905,4.53418472e-06,72.0684391,51.71796859999999,7.785486749999999e-07,5.96114607,0.0024769197,0.245416488,9.1659627e-05,3.91610195e-06,0.00492102927,0.9936175500000001,9.1659627e-05,3.91610195e-06,0.012672704499999998,5.171596130000001,9.1659627e-05,3.91610195e-06,0.00036427709000000006,0.49914026224999997,9.1659627e-05,3.91610195e-06,0.01252474495,1.8741900999999998e-07,0.000157057185,-0.0333946026,0.14493416050000002,-0.0106799183,-0.01181855505,-0.0119737621,2.4196184e-06,6.87310804e-05
113,1661461200,0.0242707712,0.024427742999999995,-0.0176337525,-1.68071774,0.20048111899999999,0.144879799,0.185293158,0.17858044699999998,0.00017783223300000002,0.010062642200000001,0.000157068311,6.711546449999999e-08,7.00508423e-08,8.214245183e-08,1.18727441e-07,1.552053632e-07,2.4492270499999996e-07,5.319563680000001e-07,0.011893670149999999,0.00023559562000000003,4.74334519e-06,70.0924038,51.326952000000006,8.16877058e-07,6.35231062,0.0025274812100000003,0.256271376,0.000100045595,4.5419562899999995e-06,0.0050432681100000005,1.0440470440000003,0.000100045595,4.5419562899999995e-06,0.012728755849999999,5.33749273,0.000100045595,4.5419562899999995e-06,0.00041859192500000005,0.6764702755,0.000100045595,4.5419562899999995e-06,0.0125277742,1.77504723e-07,0.00015712307,0.028644392300000005,0.5238862803000001,-0.01048644445,-0.0118335477,-0.01199030485,2.4816793299999997e-06,6.83133115e-05
113,1661461800,0.0241182218,0.0242759655,-0.015433483200000004,-1.6773271599999997,0.19984360199999998,0.14463332299999998,0.186193184,0.178842962,0.00019950690199999998,0.0099503152,0.000157830058,4.264855464e-08,4.260916742000001e-08,4.50217556e-08,7.039868359999999e-08,8.152715035e-08,1.307924995e-07,3.1264245800000005e-07,0.0118062711,0.000248213799,3.81242716e-06,73.30310359999999,51.4334121,8.12892061e-07,5.8446041200000005,0.00251766959,0.25435990900000005,8.25037591e-05,3.51369626e-06,0.00502650892,1.036348185,8.25037591e-05,3.51369626e-06,0.012670760949999998,5.0152232,8.25037591e-05,3.51369626e-06,0.00032340543300000003,0.331370576,8.25037591e-05,3.51369626e-06,0.01255927865,2.33065629e-07,0.000157969184,-0.07861268369999999,2.1974077266000007,-0.010126990499999999,-0.011859664599999998,-0.0120204792,2.84206138e-06,7.2065538e-05
113,1661462400,0.023054644399999998,0.023212115,-0.011330183329999998,-1.6973074799999999,0.189193274,0.14135229200000002,0.17723041,0.17216775299999998,0.000227228265,0.00958423075,0.000157807264,8.345106980000002e-08,8.76196765e-08,1.0233225820000002e-07,1.380114938e-07,1.800772412e-07,2.837576653e-07,5.69669256e-07,0.011291650099999998,0.00022944070299999998,4.44466134e-06,69.5041958,51.3271864,7.763151339999999e-07,6.2067578,0.0024571191,0.243198446,9.71002824e-05,5.453560449999999e-06,0.004916328330000001,0.9938493300000003,9.71002824e-05,5.453560449999999e-06,0.01266250875,5.03172321,9.71002824e-05,5.453560449999999e-06,0.00031722166499999996,0.318575594,9.71002824e-05,5.453560449999999e-06,0.012548894600000002,6.413975689999999e-07,0.000158116711,-0.25549958828999997,1.8730511183999998,-0.01018602084,-0.0117715155,-0.01196765445,4.933911260000001e-06,8.677904640000002e-05
113,1661463000,0.021440298,0.0215976972,-0.0221854736,-1.6634648900000002,0.191443339,0.13601914499999998,0.176105375,0.168792654,0.00018111316459999997,0.00896784115,0.000157480638,5.536743541e-08,5.7445144579999996e-08,8.05988973e-08,9.630499509999999e-08,1.211476426e-07,1.9910135549999997e-07,4.0105293600000007e-07,0.010494991200000001,0.000219213815,4.84907797e-06,70.8826854,51.33411540000001,7.23102466e-07,6.26631752,0.0023948935,0.23014633099999998,8.85802063e-05,3.5142034799999997e-06,0.00475105309,0.9265584519999999,8.85802063e-05,3.5142034799999997e-06,0.0126815926,5.135559159999999,8.85802063e-05,3.5142034799999997e-06,0.00033831759899999997,0.4486822945,8.85802063e-05,3.5142034799999997e-06,0.012545550999999999,1.92335581e-07,0.00015758356399999998,0.017968556490000002,0.26515823197,-0.0104363018,-0.0118479263,-0.0120014923,2.21447285e-06,6.84433911e-05
113,1661463600,0.0218745656,0.0220320598,-0.018147016600000003,-1.6872218499999998,0.188930767,0.137976831,0.174492827,0.16789262500000002,0.00018484596340000002,0.00913825655,0.00015758575,6.088184955e-08,6.303389786e-08,7.068585314e-08,1.0281887125e-07,1.2908275460000002e-07,1.839240129e-07,4.51753777e-07,0.010705150850000001,0.00022570062300000002,5.27538649e-06,70.5447678,51.3747964,7.376256890000001e-07,6.121490919999999,0.0024006113700000002,0.23132271399999998,8.25041311e-05,3.3784148600000002e-06,0.004784760880000001,0.9385135179999999,8.25041311e-05,3.3784148600000002e-06,0.012685105200000001,5.07625477,8.25041311e-05,3.3784148600000002e-06,0.000340719909,0.388756924,8.25041311e-05,3.3784148600000002e-06,0.01254692825,1.8023211299999998e-07,0.000157606506,0.0302724622,0.9087988649,-0.0104546502,-0.0118536528,-0.01200624445,2.54025021e-06,6.838239040000002e-05
113,1661464200,0.020521106699999996,0.020678438400000002,-0.0205894418,-1.6806537499999998,0.182555571,0.133311275,0.16916766400000002,0.16290496999999998,0.00019309118,0.0086194684,0.00015742678699999998,6.858162419999999e-08,6.968728e-08,8.093682719000001e-08,1.1077323970000001e-07,1.3812586199999995e-07,2.0707703829999999e-07,4.59071964e-07,0.0100410732,0.000213129699,5.1204391799999995e-06,68.4023644,51.37355809999999,6.92567841e-07,6.28111786,0.00228893836,0.210009596,8.55017761e-05,3.3598356900000005e-06,0.00459689717,0.8658414950000001,8.55017761e-05,3.3598356900000005e-06,0.012671983850000002,5.0776889,8.55017761e-05,3.3598356900000005e-06,0.000332713379,0.3793819826,8.55017761e-05,3.3598356900000005e-06,0.012542298000000002,1.66280569e-07,0.00015747609199999997,0.0030362510499999987,2.9764934462,-0.010217902,-0.01187456315,-0.0120235528,2.37772845e-06,6.88034725e-05
113,1661464800,0.019394725600000003,0.0195521912,-0.0182026001,-1.6830638099999997,0.178130437,0.129630683,0.164142509,0.15787981700000003,0.0001558327925,0.008150075400000002,0.000157573635,8.152546965e-08,8.55870443e-08,1.0063975743e-07,1.3436091370000002e-07,1.754929801e-07,2.978592004e-07,5.333849180000001e-07,0.0094819504,0.00020903681599999997,4.8581759099999996e-06,69.197921,51.344706800000004,6.545993559999999e-07,6.48211582,0.0022858741800000004,0.210075623,9.052132349999999e-05,3.6652219300000002e-06,0.00453019776,0.8431851320000001,9.052132349999999e-05,3.6652219300000002e-06,0.0127065837,5.17923693,9.052132349999999e-05,3.6652219300000002e-06,0.000354263353,0.48225415599999993,9.052132349999999e-05,3.6652219300000002e-06,0.01254784605,1.67049071e-07,0.00015761621100000001,0.0125521294,0.09629142330000001,-0.0109196635,-0.011872390299999999,-0.01202562815,2.4465722e-06,6.89876296e-05
113,1661465400,0.0190746528,0.0192325216,-0.0212493238,-1.70729293,0.169317669,0.12874053849999997,0.156492279,0.153117176,0.0001695252086,0.007985731309999999,0.000158098717,5.754776330000001e-08,5.743877134e-08,8.737248062999999e-08,9.775855079999999e-08,1.291093396e-07,2.1526475769999997e-07,4.3743757499999997e-07,0.009331894400000002,0.000198063217,6.055404069999999e-06,69.2527998,51.262301,6.44332969e-07,6.285147650000001,0.00225955559,0.20780002200000003,9.993556160000001e-05,5.17733303e-06,0.00449039221,0.8312693640000001,9.993556160000001e-05,5.17733303e-06,0.012695516600000002,5.086589470000001,9.993556160000001e-05,5.17733303e-06,0.000340759713,0.40146359943,9.993556160000001e-05,5.17733303e-06,0.0125621234,5.23301952e-07,0.000158330647,-0.29813699561299994,2.0822546227,-0.00978897455,-0.01175259175,-0.0119572913,4.2477625399999994e-06,8.222352809999998e-05
113,1661466000,0.0196376248,0.019794653500000002,-0.01722634014,-1.7169692300000001,0.16924266000000002,0.131033881,0.157579809,0.15487972600000005,0.00017840187300000002,0.00824018625,0.00015712122500000002,6.43828926e-08,6.759414917e-08,7.779581468000001e-08,1.0725393689999999e-07,1.4009305009999997e-07,2.2369604510000002e-07,4.69805176e-07,0.00960112595,0.00021132033900000003,5.11996042e-06,69.89290929999999,51.3723323,6.628156659999999e-07,6.27780901,0.0022738185099999996,0.209641659,7.423105299999999e-05,2.68087974e-06,0.00453695061,0.845271127,7.423105299999999e-05,2.68087974e-06,0.0126346033,4.92801873,7.423105299999999e-05,2.68087974e-06,0.00029632847499999994,0.24010106000000003,7.423105299999999e-05,2.68087974e-06,0.012534182700000002,1.66228546e-07,0.000157272932,0.0243062013,0.13661949630000003,-0.01082155035,-0.011862658050000002,-0.0120178491,2.3827136900000004e-06,6.82630936e-05
113,1661466600,0.0216927115,0.021850171999999998,-0.015946253700000003,-1.6933693699999999,0.180718016,0.137002943,0.16894265999999997,0.16635507700000002,0.0001824194864,0.0090504283,0.000157531977,4.668540804999999e-08,4.7787792570000006e-08,5.814679614999999e-08,8.65720862e-08,1.1138161799999999e-07,1.983855492e-07,3.913622144e-07,0.0106733119,0.00016752450400000002,4.50754011e-06,69.3407857,50.8353308,7.31393102e-07,6.1765995799999995,0.00239602745,0.23433732199999996,9.3595977e-05,3.7769929899999998e-06,0.004801036600000001,0.9475909060000001,9.3595977e-05,3.7769929899999998e-06,0.012733640799999998,5.2561881999999995,9.3595977e-05,3.7769929899999998e-06,0.000392907081,0.5682920105,9.3595977e-05,3.7769929899999998e-06,0.0125545512,1.6886460199999998e-07,0.000157785867,-0.0049206132,0.21765638714999996,-0.01062716285,-0.0118818352,-0.012032423600000001,2.26477077e-06,6.83206369e-05
113,1661467200,0.021089305300000003,0.021246482000000004,-0.007222783469999999,-1.69677525,0.18296808599999997,0.13533329300000002,0.16886765600000003,0.164292514,0.0001952112574,0.00880101035,0.00015724242699999998,3.71856896e-08,3.8813388299999995e-08,4.69368737e-08,7.54998652e-08,1.0227697960000001e-07,1.7224969009999998e-07,3.8503183099999997e-07,0.0103484229,0.00019164403900000002,3.6609169799999997e-06,71.888745,51.1058795,7.11286581e-07,6.35708222,0.0023434468800000003,0.223675588,7.83142386e-05,2.99580478e-06,0.004707274909999999,0.90980458,7.83142386e-05,2.99580478e-06,0.01264410065,4.97409053,7.83142386e-05,2.99580478e-06,0.000319460838,0.3118641319,7.83142386e-05,2.99580478e-06,0.012537854599999999,1.89641779e-07,0.00015738781799999997,0.0520220386,0.16282398950000002,-0.01051957895,-0.0118209757,-0.0119837171,2.46855701e-06,6.853592400000001e-05
113,1661467800,0.018350234400000005,0.018507608999999998,-0.014447188199999999,-1.70017609,0.170817712,0.1263263221,0.155967257,0.15135462100000002,0.000190515762,0.00778477228,0.000157707102,4.76705346e-08,5.05145032e-08,6.728526280000001e-08,9.390429789999999e-08,1.2386681539999998e-07,2.1266437709999996e-07,4.19209876e-07,0.0089848621,0.000184253461,4.65386839e-06,70.09774440000001,51.1577109,6.2005694e-07,6.507529319999999,0.0022218388100000005,0.200457829,9.851518000000001e-05,5.58639128e-06,0.00441341024,0.800448422,9.851518000000001e-05,5.58639128e-06,0.01264810975,4.997687879999999,9.851518000000001e-05,5.58639128e-06,0.000296483936,0.28686312579999995,9.851518000000001e-05,5.58639128e-06,0.012546913949999999,7.424799190000001e-07,0.000158167991,-0.37073208823000003,2.4382163239,-0.00991995695,-0.011703260299999999,-0.0119383571,5.15941113e-06,8.892108489999999e-05
113,1661468400,0.01546824,0.015625584500000005,-0.015272313099999999,-1.71654205,0.153942196,0.11624459219999998,0.139091745,0.13612915999999997,0.00019220047609999998,0.00656281473,0.00015741328600000001,4.023562685999999e-08,4.31501659e-08,5.3856380250000006e-08,7.857722409999999e-08,1.065247356e-07,1.8790571019999999e-07,3.96893727e-07,0.007559150619999999,0.00016959863699999997,4.39090656e-06,69.8376401,51.207708600000004,5.24132976e-07,6.59939121,0.00202500443,0.167489067,7.274483910000002e-05,2.61774072e-06,0.00403371163,0.669408567,7.274483910000002e-05,2.61774072e-06,0.012623827700000001,4.88506355,7.274483910000002e-05,2.61774072e-06,0.000257078836,0.1863515892,7.274483910000002e-05,2.61774072e-06,0.012544816850000001,1.63103361e-07,0.00015753611699999997,-0.0307956004,0.19988377079999994,-0.010853106399999998,-0.01188465545,-0.01203319535,2.405322e-06,6.9192819e-05
113,1661469000,0.020434834500000002,0.0205922389,-0.0203495747,-1.6859371199999997,0.182593077,0.132980287,0.16714260399999997,0.161442425,0.00033408136900000006,0.008734982700000001,0.000157492187,5.792893759999999e-08,6.368424e-08,7.97233661e-08,1.2321227124999998e-07,1.7137242340000001e-07,2.89725527e-07,5.474622496e-07,0.0100282395,0.000183073619,4.68129146e-06,69.0285839,51.011071,6.896186450000001e-07,6.4305937,0.00237404329,0.22979319199999998,7.66749772e-05,2.91322824e-06,0.00467702225,0.9001600419999999,7.66749772e-05,2.91322824e-06,0.012645754300000001,4.953373119999999,7.66749772e-05,2.91322824e-06,0.000299349721,0.26218224200000007,7.66749772e-05,2.91322824e-06,0.0125458243,2.9597772099999997e-07,0.000157694116,0.28568576224000003,8.851634576300002,-0.00906358611,-0.0117837268,-0.012008406899999999,2.41337587e-06,6.891159900000001e-05
113,1661469600,0.0214577618,0.0216152802,-0.0212131972,-1.6880402,0.18428062399999998,0.13614175,0.17074271,0.165717558,0.00021807164840000003,0.00909613558,0.000157591343,4.07158218e-08,3.8970872e-08,5.3274148499999994e-08,8.030252910000001e-08,1.398746145e-07,1.814400701e-07,3.913881985e-07,0.01053716355,0.000185858177,4.85628992e-06,69.2899631,51.029966200000004,7.23699431e-07,6.272722149999999,0.0023928284199999997,0.23244906999999998,8.73349936e-05,3.5945458400000007e-06,0.00476115926,0.93231919,8.73349936e-05,3.5945458400000007e-06,0.012697604299999998,5.12065038,8.73349936e-05,3.5945458400000007e-06,0.000356718775,0.4320283762,8.73349936e-05,3.5945458400000007e-06,0.012550885500000001,3.15611905e-07,0.000157840892,-0.011885230499999996,3.33047656333,-0.009358528330000001,-0.011776158200000001,-0.0119772284,2.6495366e-06,7.12328951e-05
113,1661470200,0.0226019526,0.0227594474,-0.019440722412000004,-1.66734116,0.19264338000000003,0.139180635,0.177755426,0.172767774,0.00039487319099999995,0.009769935499999998,0.00015763567200000002,5.34843088e-08,5.6678803670000005e-08,6.830177016000001e-08,9.76020731e-08,1.269738404e-07,2.0968703069999999e-07,4.62347075e-07,0.01115909295,0.000135229136,5.4304677e-06,66.7773,50.5343383,7.61763609e-07,6.25293636,0.00243878147,0.24306905500000003,8.36834961e-05,3.7592442899999995e-06,0.00489285968,0.9869596230000001,8.36834961e-05,3.7592442899999995e-06,0.0126784436,5.0380631099999995,8.36834961e-05,3.7592442899999995e-06,0.000337206496,0.31375676850000006,8.36834961e-05,3.7592442899999995e-06,0.0125480349,3.0811504999999997e-07,0.000157761447,-0.17262821499999997,1.9031122319999993,-0.009904789349999998,-0.011791794550000002,-0.011978627,3.3739490599999992e-06,7.54490632e-05
113,1661470800,0.01936423,0.019521441,-0.0330247658,-1.6644470500000002,0.17625537900000002,0.129012259,0.16286746999999996,0.15817983000000002,0.00022514911799999997,0.008211770769999998,0.000157308915,4.26689277e-08,4.46278717e-08,5.52933066e-08,8.31061595e-08,1.112908161e-07,2.0406768900000003e-07,4.128622769999999e-07,0.0095584392,0.0001161242856,6.49802171e-06,67.834014,50.4234625,6.538543510000001e-07,6.40210886,0.00226663162,0.20842495199999997,7.48500124e-05,3.01908121e-06,0.0045420107400000005,0.8468888270000001,7.48500124e-05,3.01908121e-06,0.0126246439,4.8897618,7.48500124e-05,3.01908121e-06,0.00028126924,0.2074876648,7.48500124e-05,3.01908121e-06,0.012547968199999999,2.06516727e-07,0.00015765888799999998,-0.13041974144,1.1712745898999999,-0.010699080100000001,-0.011863331349999999,-0.01202223075,2.7714489999999997e-06,7.048694450000001e-05
113,1661471400,0.0161080442,0.01626585975,-0.0318190302,-1.6686838099999999,0.163917502,0.1176252924,0.148167026,0.14186683,0.00043802743399999996,0.007251719979999999,0.000157884666,3.78278884e-08,3.876298045e-08,4.615402924e-08,6.80850703e-08,9.17123773e-08,1.537331256e-07,3.430180556e-07,0.00793544067,0.00011245424259999999,5.2765259000000006e-06,69.5302362,50.470100099999996,5.457060610000001e-07,6.29947793,0.00205521927,0.17178583600000003,7.505625990000001e-05,2.79255495e-06,0.0041149594,0.6968500750000001,7.505625990000001e-05,2.79255495e-06,0.012656379899999997,4.94155193,7.505625990000001e-05,2.79255495e-06,0.000271084107,0.23000991823000003,7.505625990000001e-05,2.79255495e-06,0.012558092299999999,1.65981613e-07,0.00015787229899999998,0.007967187100000005,0.32240784870000005,-0.0107200142,-0.0118929335,-0.0120445457,2.51937105e-06,6.926009600000001e-05
113,1661472000,0.0146173362,0.014774393399999997,-0.03944759329999999,-1.6744641900000001,0.153529689,0.1118580544,0.13875423650000002,0.1338790886,0.00022835389599999998,0.0063183421899999995,0.00015712183700000002,3.38468761e-08,3.487259936e-08,4.746044936e-08,6.320784715999999e-08,8.71256528e-08,1.2879433129999998e-07,3.09387598e-07,0.00719145566,0.0001098437205,6.59898214e-06,69.50126909999999,50.4875333,4.962938560000001e-07,6.460297489999999,0.00195176235,0.15619505,7.94878694e-05,2.9561092e-06,0.00390698404,0.632049415,7.94878694e-05,2.9561092e-06,0.012645837949999999,4.9721719900000005,7.94878694e-05,2.9561092e-06,0.000292165141,0.29753634293000003,7.94878694e-05,2.9561092e-06,0.01253357305,1.79622144e-07,0.000157270856,0.0442430587,0.3627400109,-0.01051357045,-0.01183128545,-0.01199229295,2.3927642e-06,6.883345830000001e-05
113,1661472600,0.012520324199999999,0.012677771499999999,-0.0383004521,-1.6872517199999997,0.13894173799999998,0.1038637408,0.12551633150000002,0.121803717,0.000208052479,0.0055220791000000005,0.00015750515399999998,2.6751371899999997e-08,2.8621448000000003e-08,3.4096368099999996e-08,5.3579792e-08,8.186318399999999e-08,1.20026943e-07,2.8538141999999994e-07,0.00615043424,0.0001028379184,6.1997911e-06,69.86230700000002,50.4685107,4.26476043e-07,6.45715936,0.0018097605700000002,0.1346293876,7.52775943e-05,2.7372530699999994e-06,0.00361533748,0.539783636,7.52775943e-05,2.7372530699999994e-06,0.01263862215,4.923171699999999,7.52775943e-05,2.7372530699999994e-06,0.000254498439,0.21407952351999998,7.52775943e-05,2.7372530699999994e-06,0.01255037675,1.8553351499999999e-07,0.00015769780399999998,0.0484028625,0.2812889536,-0.01052099065,-0.011847834399999998,-0.012010213249999999,2.38342804e-06,6.87126945e-05
113,1661473200,0.0129152556,0.0130729778,-0.033754403700000005,-1.6276583799999997,0.15330468,0.10500318,0.13654166499999998,0.129716461,0.00018557006350000002,0.0056069362700000005,0.000157858894,4.1129528300000005e-08,4.1014012240000006e-08,4.4973275520000005e-08,6.459770190000002e-08,8.582062999999999e-08,1.470497073e-07,2.8025637500000003e-07,0.00632540716,0.00012695250610000002,4.42399978e-06,70.43778110000001,50.7865186,4.3975492500000003e-07,6.28355949,0.0018648774099999997,0.1407029764,8.345349479999999e-05,4.016661669999999e-06,0.0036945807600000007,0.5623169729999999,8.345349479999999e-05,4.016661669999999e-06,0.012642610499999998,4.9116635099999995,8.345349479999999e-05,4.016661669999999e-06,0.000272831636,0.21625291349999998,8.345349479999999e-05,4.016661669999999e-06,0.0125605168,3.0680602900000003e-07,0.000158074423,-0.4694965306,3.5793906456,-0.01010371544,-0.01183222325,-0.012008372600000003,3.6597053500000004e-06,7.729746600000001e-05
113,1661473800,0.012377895600000001,0.012535622799999998,-0.033728499700000004,-1.6706334299999999,0.15011708199999999,0.10350091499999999,0.12960395600000002,0.12375377699999998,0.00017498950299999998,0.00537059746,0.00015791805999999998,4.731245614999999e-08,4.2072311699999996e-08,5.0866797999999997e-08,7.014858120000001e-08,9.02718909e-08,1.348234725e-07,2.9701009799999997e-07,0.00604682307,0.00013620140800000002,4.99864255e-06,71.4959312,50.9770415,4.21612945e-07,6.45655673,0.00180612042,0.13166307400000002,8.20525004e-05,3.893951899999999e-06,0.00359698319,0.531290805,8.20525004e-05,3.893951899999999e-06,0.012621339299999998,4.84496322,8.20525004e-05,3.893951899999999e-06,0.000271318084,0.15162688824999998,8.20525004e-05,3.893951899999999e-06,0.01255909395,4.4487162099999994e-07,0.00015817648700000003,-0.51211620196,5.538633547500001,-0.00960307264,-0.011825967000000001,-0.011997739,3.91175747e-06,8.1353853e-05
113,1661474400,0.0126240664,0.0127811902,-0.02309673289,-1.65564599,0.14944205900000002,0.104161327,0.132529044,0.127241384,0.000197360819,0.00551237883,0.00015718378,3.135956955e-08,3.2079460050000004e-08,3.670020645e-08,5.373840773999999e-08,7.44829043e-08,9.524967409999999e-08,2.3476907699999996e-07,0.0061880430600000005,0.00011908082239999999,4.28980206e-06,71.0848551,50.705026600000004,4.30086045e-07,6.1166675800000005,0.00181470057,0.13321971900000001,7.7462329e-05,2.8634281099999997e-06,0.003622091660000001,0.539657784,7.7462329e-05,2.8634281099999997e-06,0.0126321501,4.92612125,7.7462329e-05,2.8634281099999997e-06,0.000284117144,0.2541642105,7.7462329e-05,2.8634281099999997e-06,0.0125361969,1.8512766999999998e-07,0.000157341877,-0.011107614600000003,0.7064126099,-0.010487125949999999,-0.011832381199999999,-0.0119906453,2.4036424999999997e-06,6.81545786e-05
113,1661475000,0.01353536065,0.013692179099999998,-0.03396948439999999,-1.68558297,0.148167023,0.1079528397,0.131704019,0.12720388300000002,0.00029514768649999997,0.00603100336,0.00015687146900000002,2.20284131e-08,2.15683403e-08,2.6717031999999997e-08,4.59390301e-08,6.70742364e-08,8.504686259999999e-08,2.1705577000000002e-07,0.0066538079,0.00010773689000000001,5.5966862e-06,71.477953,50.4846488,4.60292306e-07,6.252552539999999,0.0018767886099999996,0.14390331199999998,7.424640700000001e-05,2.7152174199999995e-06,0.0037647727,0.584283952,7.424640700000001e-05,2.7152174199999995e-06,0.0125972055,4.874670180000001,7.424640700000001e-05,2.7152174199999995e-06,0.000263982541,0.19605821656000003,7.424640700000001e-05,2.7152174199999995e-06,0.0125217154,1.9034996000000002e-07,0.000156984276,0.06370681267,0.7593645775,-0.0102237214,-0.0118047736,-0.0119659069,2.36751875e-06,6.824947399999999e-05
113,1661475600,0.015290060500000003,0.01544712785,-0.031020124399999998,-1.69231221,0.158292334,0.11512000020000002,0.14032928300000003,0.136166659,0.00036203241099999996,0.00684895405,0.000157158451,3.7009936000000005e-08,3.9718025e-08,4.384236425e-08,6.941971500000001e-08,9.49965721e-08,1.2466920199999998e-07,2.88410495e-07,0.0075067378200000005,0.000131686475,5.81254426e-06,70.32364129999999,50.7437775,5.184577489999999e-07,6.3447246999999996,0.0020019839199999995,0.163580435,8.1530787e-05,3.5799131199999995e-06,0.0040047484700000005,0.6606484490000001,8.1530787e-05,3.5799131199999995e-06,0.0126346297,4.972320389999999,8.1530787e-05,3.5799131199999995e-06,0.00030740886300000003,0.29179046944,8.1530787e-05,3.5799131199999995e-06,0.01253477,2.9278734900000004e-07,0.000157413558,-0.19817900649999995,2.948344649,-0.00958821422,-0.0117418422,-0.0119224971,3.1343216200000003e-06,7.452792510000001e-05
113,1661476200,0.0149868907,0.0151441461,-0.033171282499999996,-1.7060215500000002,0.151467127,0.11424306990000002,0.13672917300000004,0.133729079,0.00023186637899999998,0.006518798889999999,0.00015743787699999998,3.638174984e-08,3.2786228770000005e-08,4.29249723e-08,5.966225150000001e-08,1.228060321e-07,1.1933953000000002e-07,2.55722567e-07,0.007342736569999999,0.00014401630700000003,5.83791985e-06,71.286979,50.9231495,5.0860608e-07,6.18330485,0.00198671629,0.161363106,9.14521656e-05,4.6062080899999995e-06,0.00396227264,0.6451436349999999,9.14521656e-05,4.6062080899999995e-06,0.01266241705,5.044878500000001,9.14521656e-05,4.6062080899999995e-06,0.00033404654,0.34898008505,9.14521656e-05,4.6062080899999995e-06,0.012539189350000002,5.24659785e-07,0.000157756686,-0.30584588849999994,5.015451016649999,-0.008808725958,-0.01172714595,-0.0119268655,4.03175737e-06,8.04663574e-05
113,1661476800,0.0163573197,0.016514832700000003,-0.0313667588,-1.6763287500000001,0.16778012199999998,0.11835328460000001,0.14914205100000003,0.143029366,0.000261124895,0.00713435516,0.00015768081,2.9958232000000004e-08,2.8728598079999995e-08,3.6729598900000005e-08,5.422437884e-08,7.661615589999999e-08,1.0591016899999999e-07,2.693482945e-07,0.00799880255,0.000173082893,6.00359346e-06,71.66293069999999,51.2367119,5.54267591e-07,6.2832995,0.00205556154,0.17193258,8.867694299999999e-05,4.441198679999999e-06,0.004102359450000001,0.6992053809999998,8.867694299999999e-05,4.441198679999999e-06,0.01264595035,4.9641862,8.867694299999999e-05,4.441198679999999e-06,0.000309479513,0.28748009249999995,8.867694299999999e-05,4.441198679999999e-06,0.01254900055,4.07451964e-07,0.00015788577699999998,-0.292187240944,2.3758538234999995,-0.010008761000000001,-0.01177880085,-0.01195436025,3.89057536e-06,7.887165130000001e-05
113,1661477400,0.010689767,0.010846645299999999,-0.024186672,-1.7345062900000001,0.12952895599999997,0.0969264824,0.11362846950000001,0.1093158376,0.00027212938899999993,0.0047607238,0.000156947172,3.749473364e-08,3.928994154000001e-08,4.75731014e-08,6.38195184e-08,8.85431143e-08,1.18074629e-07,2.689738764e-07,0.00514910981,0.00019102153900000003,4.0170125199999995e-06,72.2585982,52.1415971,3.65570098e-07,6.44163245,0.00167347469,0.1143048439,7.31318193e-05,2.6904431e-06,0.00330597043,0.452013007,7.31318193e-05,2.6904431e-06,0.012581969500000002,4.8197798800000005,7.31318193e-05,2.6904431e-06,0.00023448964400000003,0.16038389544,7.31318193e-05,2.6904431e-06,0.0125229694,1.84125281e-07,0.000157009552,0.019415741260000004,0.69077159793,-0.010519669950000001,-0.01181658,-0.011979659600000001,2.37328842e-06,6.798566159999998e-05
113,1661478000,0.009143619450000001,0.00930077496,-0.0226744766,-1.7389700000000001,0.1197786545,0.08980999260000001,0.10477819910000001,0.0999405495,0.00019824257849999997,0.004098884329999999,0.000157215679,2.14820116e-08,2.244834273e-08,3.02472013e-08,4.26084608e-08,5.789694440000001e-08,8.82595461e-08,2.3837258300000004e-07,0.00438955263,0.00017757671299999998,4.11608199e-06,75.95942310000001,52.157716400000005,3.1415588299999994e-07,6.50941566,0.0015764053200000004,0.1015435466,7.08842255e-05,2.6270880899999996e-06,0.00307030915,0.38900963899999996,7.08842255e-05,2.6270880899999996e-06,0.01259735775,4.8218223700000005,7.08842255e-05,2.6270880899999996e-06,0.00021388190599999998,0.12261661915,7.08842255e-05,2.6270880899999996e-06,0.0125368114,1.91581302e-07,0.00015736376400000003,0.0238844483,0.3096491015999999,-0.010654572400000001,-0.011816299249999999,-0.01198175265,2.5421660799999998e-06,6.887535269999999e-05
113,1661478600,0.00997261995,0.010129898100000001,-0.01426544257,-1.72799193,0.129491456,0.09364392199999999,0.11032836750000001,0.105753228,0.00025087599900000003,0.0045951666399999995,0.000157330505,1.9938938500000003e-08,2.2591551630000002e-08,2.676940508e-08,4.6407478e-08,6.39135337e-08,1.1032653919999999e-07,2.17772874e-07,0.00483411345,0.00014819892600000003,3.4303069700000005e-06,74.34407759999999,51.4145482,3.41820546e-07,6.499124669999999,0.0016429679000000003,0.1125381634,7.284783349999999e-05,2.6606169799999993e-06,0.0032385468199999995,0.433494511,7.284783349999999e-05,2.6606169799999993e-06,0.0126035254,4.83381746,7.284783349999999e-05,2.6606169799999993e-06,0.000226547422,0.16300867197000005,7.284783349999999e-05,2.6606169799999993e-06,0.012543647199999999,2.0722026299999997e-07,0.00015755153100000002,-0.0245458036,0.3045997869,-0.010582002800000002,-0.011801954500000001,-0.011966622949999998,2.39994931e-06,6.838792590000002e-05
113,1661479200,0.0110005465,0.01115757285,-0.030040596200000002,-1.6957444799999997,0.13309156849999998,0.09767952969999999,0.11685356839999998,0.1135534654,0.00022890896300000003,0.00492006428,0.00015708981399999999,3.6088139920000005e-08,3.92320442e-08,4.9646752799999995e-08,1.709536398e-07,9.880415949999999e-08,1.5386281799999998e-07,3.1303420799999996e-07,0.00539661755,9.633322680000002e-05,6.38094275e-06,70.1561604,50.365624600000004,3.7577942499999997e-07,6.6566418999999994,0.0017354725199999997,0.127174257,7.85807008e-05,2.75904225e-06,0.0034067694199999997,0.4784422750000001,7.85807008e-05,2.75904225e-06,0.012631132750000001,4.938416170000001,7.85807008e-05,2.75904225e-06,0.000273431852,0.26393690801999997,7.85807008e-05,2.75904225e-06,0.012531719450000001,3.8911750400000003e-07,0.000157434261,-0.04766862407,2.9040287645999996,-0.00921869824,-0.011575627100000001,-0.0117694751,2.2852425499999997e-06,6.8187191e-05
113,1661479800,0.010035056300000001,0.010192348399999999,-0.02467898582,-1.6809619000000002,0.130841497,0.09329154930000001,0.11366596899999999,0.1096158454,0.000274264069,0.00466198019,0.000157473556,2.88345063e-08,2.8065050799999997e-08,3.4327956949999993e-08,5.01628288e-08,1.45774647e-07,2.013023009e-07,1.886816161e-07,0.00492879663,8.15566437e-05,6.315224880000001e-06,70.75876259999998,50.1443412,3.44025419e-07,6.382967959999999,0.0016450802099999997,0.11552932980000001,8.32829365e-05,4.227261889999999e-06,0.0032584687199999998,0.436822103,8.32829365e-05,4.227261889999999e-06,0.01262144065,4.88155003,8.32829365e-05,4.227261889999999e-06,0.000250471258,0.1765376411,8.32829365e-05,4.227261889999999e-06,0.012541300149999999,5.523454709999999e-07,0.00015783733799999998,-0.28171525575000006,1.0707917177,-0.0100401301,-0.011570520349999999,-0.01179382595,4.00282934e-06,7.891450749999999e-05
113,1661480400,0.007979100489999998,0.0081361214,-0.017856631752000002,-1.6670136599999998,0.119253639,0.0830284735,0.1027531367,0.0974279743,0.000184194584,0.00362838936,0.00015707373600000002,2.435915489e-08,2.6089773930000004e-08,2.8927298950000003e-08,4.5374953699999995e-08,1.261318621e-07,2.3884666e-07,1.6386300100000002e-07,0.00390982312,7.33280211e-05,5.6829419899999995e-06,71.4497065,49.9879289,2.7549678700000004e-07,6.406920169999999,0.00146593247,0.0934356264,7.194056079999999e-05,2.48800246e-06,0.00289786348,0.345400461,7.194056079999999e-05,2.48800246e-06,0.01259598835,4.81271214,7.194056079999999e-05,2.48800246e-06,0.000222765828,0.13268405839999997,7.194056079999999e-05,2.48800246e-06,0.012528295850000001,2.81308395e-07,0.00015723999899999998,-0.14889854679999998,2.388931048,-0.0103204743,-0.011668828,-0.011846426349999998,2.33457211e-06,6.83657178e-05
113,1661481000,0.00845623079,0.008613763929999999,-0.031177953999999997,-1.68763091,0.1188786284,0.0857876293,0.10241562690000001,0.09862801300000001,0.00021930340099999998,0.00387248759,0.00015758814,2.1726756030000003e-08,2.4650010099999997e-08,3.323219297e-08,4.79143383e-08,1.018895293e-07,2.23029081e-07,1.908808175e-07,0.004149552480000001,7.249404649999999e-05,5.35946892e-06,71.2674524,49.9337976,2.9131790199999995e-07,6.52915056,0.00151733195,0.0983054141,7.12769483e-05,2.56004528e-06,0.0029899996900000004,0.368256071,7.12769483e-05,2.56004528e-06,0.0126160527,4.82764397,7.12769483e-05,2.56004528e-06,0.00021668269600000003,0.13024436147,7.12769483e-05,2.56004528e-06,0.0125497041,2.63682259e-07,0.00015775939400000002,-0.013865323529999998,0.12054372869999996,-0.010360243549999999,-0.011714564099999998,-0.011893632150000001,2.43487322e-06,6.879285420000001e-05
113,1661481600,0.011312407000000002,0.011469225,-0.01436674154,-1.64041003,0.14655447400000002,0.098093966,0.1259663436,0.11996616169999999,0.000305208906,0.005261490339999999,0.000157013279,2.495146704e-08,2.7702818819999998e-08,3.070388507e-08,5.0172835499999994e-08,1.103922179e-07,2.727787885e-07,1.821228195e-07,0.005580579279999999,6.958625860000001e-05,5.141294929999999e-06,70.17498890000002,49.94555859999999,3.86521501e-07,6.32539345,0.00171453502,0.12742709049999998,8.212857550000001e-05,4.33239191e-06,0.0034314279099999997,0.486501988,8.212857550000001e-05,4.33239191e-06,0.01260589875,4.880193440000001,8.212857550000001e-05,4.33239191e-06,0.0002504485924,0.19296538280000003,8.212857550000001e-05,4.33239191e-06,0.012524319750000002,5.99391074e-07,0.00015745901900000002,-0.19365712185,0.9639529615999999,-0.009740315950000002,-0.01151021315,-0.0117493524,4.1140590999999996e-06,7.75921166e-05
113,1661482200,0.01454938335,0.01470635725,-0.00703581773,-1.6181148099999998,0.16931767,0.11069752000000002,0.14715449200000003,0.139729268,0.000524344618,0.006912596510000001,0.000157027651,2.169213035e-08,2.4388213149999997e-08,3.00007948e-08,6.457745790000001e-08,2.0638897899999999e-07,2.71538804e-07,2.9796792500000006e-07,0.007177817060000001,9.005218449999999e-05,5.83874346e-06,69.233378,50.239563700000005,4.936751910000001e-07,6.603452139999999,0.00195998121,0.16682492399999999,7.84425582e-05,3.00929611e-06,0.00391251918,0.6360548039999999,7.84425582e-05,3.00929611e-06,0.0126410317,4.95398911,7.84425582e-05,3.00929611e-06,0.000298482559,0.27482033285999996,7.84425582e-05,3.00929611e-06,0.01253139545,3.61184095e-07,0.00015739811999999998,0.0018070085399999984,-0.187055309,-0.010191696750000001,-0.01154737545,-0.011753069449999999,2.5377155e-06,6.88579032e-05
113,1661482800,0.01262972435,0.012787316200000001,-0.028349400199999996,-1.6319259600000002,0.15480472699999998,0.1038160859,0.134179093,0.127578893,0.00030557004599999994,0.0058209245000000005,0.00015765235,3.29144421e-08,3.681863224e-08,4.229735315e-08,6.74724756e-08,1.393139107e-07,2.63009464e-07,2.197511983e-07,0.00622388445,8.373192590000001e-05,6.37693231e-06,70.1335875,50.1656336,4.30340856e-07,6.20894441,0.0018052769099999998,0.141182546,7.29654765e-05,2.45933229e-06,0.003634861439999999,0.5436420909999999,7.29654765e-05,2.45933229e-06,0.0126344666,4.88781708,7.29654765e-05,2.45933229e-06,0.00027187536800000003,0.194605957,7.29654765e-05,2.45933229e-06,0.0125563277,3.2820112800000006e-07,0.00015799037799999998,-0.005402922650000003,-0.06472761200000002,-0.01028634225,-0.011619026349999999,-0.011819037700000002,2.2478416800000003e-06,6.83690095e-05
113,1661483400,0.0116890728,0.011846387150000002,-0.0231732899,-1.5933037200000002,0.153754691,0.09916326649999999,0.13166651950000002,0.12446629649999999,0.000331685522,0.00549824019,0.00015737658,2.94485346e-08,3.294481495e-08,4.3050868599999994e-08,5.618082060000001e-08,2.0962960600000003e-07,2.343319786e-07,2.347372404e-07,0.0057755662,6.0077498300000005e-05,7.98295032e-06,68.5406935,49.7661726,3.9883816e-07,6.37368759,0.0017646698399999996,0.1363696715,7.456421839999999e-05,2.79004364e-06,0.00353092795,0.514275238,7.456421839999999e-05,2.79004364e-06,0.01262465975,4.88472548,7.456421839999999e-05,2.79004364e-06,0.00026813817299999997,0.20690996489999997,7.456421839999999e-05,2.79004364e-06,0.012542754849999999,3.53003055e-07,0.000157674076,0.00524411677,-0.1932850964,-0.010423384400000001,-0.011567982899999999,-0.011773334199999999,2.54732083e-06,6.93966115e-05
113,1661484000,0.0208488316,0.021006077300000002,-0.0108157646,-1.55112138,0.20708132299999998,0.13140109449999998,0.185330655,0.17584287199999998,0.00043923734399999996,0.0094564165,0.000157363906,9.259105434999999e-08,9.90348732e-08,1.1274937449999998e-07,1.609848392e-07,2.83742377e-07,4.60431129e-07,5.68408209e-07,0.010330006,8.47475435e-05,7.76417296e-06,63.973410799999996,50.1185631,7.02960303e-07,6.543264150000001,0.00229709247,0.227387073,7.52555358e-05,2.7340947699999997e-06,0.00469047631,0.9049380969999999,7.52555358e-05,2.7340947699999997e-06,0.01265673685,4.963774760000001,7.52555358e-05,2.7340947699999997e-06,0.00033164682599999995,0.27980918470000005,7.52555358e-05,2.7340947699999997e-06,0.012537907300000001,3.34488672e-07,0.000157533955,-0.011958051850000002,-0.160317523,-0.01024888895,-0.0115958177,-0.011790788799999999,2.33710178e-06,6.859135159999999e-05
113,1661484600,0.01380859935,0.01396577925,-0.020651079699999998,-1.5471075499999998,0.170105194,0.1062331397,0.148204528,0.13819171900000002,0.000538879218,0.0065492987,0.00015730700200000002,3.3847055400000006e-08,3.9936473750000006e-08,4.16975044e-08,6.761836510000001e-08,8.714769670000001e-08,3.34196623e-07,2.480659107e-07,0.0068111219,8.26293389e-05,9.566474100000001e-06,68.88704059999999,50.1770743,4.69336196e-07,6.375254249999999,0.0018359722600000002,0.15009987539999997,7.864621570000001e-05,3.74339059e-06,0.0037506483299999996,0.5886855219999999,7.864621570000001e-05,3.74339059e-06,0.0126097223,4.84706622,7.864621570000001e-05,3.74339059e-06,0.000261303903,0.14562778919999997,7.864621570000001e-05,3.74339059e-06,0.012537579200000001,4.990849580000001e-07,0.00015769035,-0.39642614669000004,2.445508652,-0.00922319568,-0.011548274049999998,-0.01177700705,3.6932995000000006e-06,7.7005121e-05
113,1661485200,0.010277040111111113,0.010435242944444444,-0.044351201,-1.5912362777777778,0.14167099000000002,0.09285900733333334,0.12267041133333333,0.11387847477777778,0.0004651047888888889,0.004986907522222222,0.00015826554666666668,2.6642405633333332e-08,3.3523022888888884e-08,3.950606422222222e-08,5.2981925555555546e-08,7.417047e-08,2.8033273999999996e-07,1.9157181544444441e-07,0.005056591077777778,7.12830551111111e-05,9.883777e-06,71.19823122222222,50.04559344444445,3.5201571e-07,6.506882055555555,0.0015993469111111108,0.11241733288888889,7.276268722222221e-05,2.6587503666666666e-06,0.0032405773777777775,0.4346421022222222,7.276268722222221e-05,2.6587503666666666e-06,0.012649222944444446,4.875375455555556,7.276268722222221e-05,2.6587503666666666e-06,0.00025488634333333335,0.16589609311111111,7.276268722222221e-05,2.6587503666666666e-06,0.012575729333333334,3.1321410555555557e-07,0.00015846273444444444,0.06330894622222222,0.5212969777777778,-0.009680332655555556,-0.011670317166666666,-0.011869048833333333,2.466261077777778e-06,6.901046311111112e-05
113,1661485800,0.0106678802,0.01082602975,-0.048571522900000004,-1.5822154400000001,0.14344188,0.0946608682,0.123716274,0.11771609499999999,0.000329344155,0.00512919327,0.000158291994,2.544467015e-08,3.0194731100000005e-08,4.79152892e-08,5.15528196e-08,6.2286828e-08,7.95937979e-08,1.798649849e-07,0.005268375140000001,5.6954391800000006e-05,7.989013099999998e-06,70.68317250000001,49.72036099999999,3.65037829e-07,6.312489449999999,0.00162230744,0.11230666059999998,8.039388920000001e-05,3.8545749499999995e-06,0.00333160619,0.4563484279999999,8.039388920000001e-05,3.8545749499999995e-06,0.01264046435,4.85460668,8.039388920000001e-05,3.8545749499999995e-06,0.000246347695,0.14571118319999998,8.039388920000001e-05,3.8545749499999995e-06,0.01257955455,4.15589084e-07,0.00015866161,-0.19864771610000004,4.515737166999999,-0.009151588839999999,-0.011713034399999999,-0.011918038799999999,3.7321373600000002e-06,7.736757729999999e-05
113,1661486400,0.01112349485,0.011281052900000001,-0.037577454999999996,-1.65334891,0.138866741,0.0977458396,0.121091196,0.11647855759999999,0.00028717794499999997,0.005147489650000001,0.00015765267999999998,2.7290807e-08,2.7406601300000005e-08,4.5747110899999997e-08,4.72889595e-08,6.12700723e-08,9.169090989999999e-08,1.9890535749999997e-07,0.005480232979999999,7.588363049999999e-05,5.03661352e-06,69.4265805,50.0580725,3.8016845999999997e-07,6.3484734099999995,0.00166407937,0.114408066,8.241386140000001e-05,3.62493818e-06,0.00339191898,0.47232827200000005,8.241386140000001e-05,3.62493818e-06,0.0126398953,4.922803549999999,8.241386140000001e-05,3.62493818e-06,0.000271236142,0.2288807686,8.241386140000001e-05,3.62493818e-06,0.01255250125,2.85590862e-07,0.00015785142099999997,-0.39657677864999996,3.3061407119000004,-0.0099952047,-0.0117919708,-0.01196902085,3.23276153e-06,7.60825884e-05
113,1661487000,0.009925003299999999,0.0100821578,-0.0415843661,-1.63917745,0.13320406899999998,0.092194589,0.1161410445,0.1108908859,0.00025163238999999997,0.0045004643,0.00015730709399999998,2.5590458999999997e-08,2.8599596749999998e-08,4.3726122e-08,4.475832170000001e-08,5.777073409999999e-08,8.58149261e-08,1.7266145579999998e-07,0.00488463926,7.22052435e-05,5.03404041e-06,69.1939788,49.9709007,3.4032638800000006e-07,6.337181050000001,0.0016046293199999998,0.1052118791,8.24550854e-05,4.07633849e-06,0.00321589994,0.4256611149999999,8.24550854e-05,4.07633849e-06,0.01260480135,4.857972859999999,8.24550854e-05,4.07633849e-06,0.00023799281800000006,0.16135386950000002,8.24550854e-05,4.07633849e-06,0.012537337200000002,3.85337983e-07,0.000157571214,-0.18847719,4.371188084,-0.00939802307,-0.0117545444,-0.01194408775,3.86652412e-06,7.83924236e-05
113,1661487600,0.00789943893,0.008056759200000001,-0.046336297600000007,-1.59344117,0.12090369070000002,0.08130239030000001,0.1048157009,0.09784048549999999,0.0003431895645,0.00372504969,0.000157440509,1.9986784789999998e-08,2.2258592249999998e-08,3.596207639999999e-08,3.36418671e-08,1.262344379e-07,1.062453364e-07,1.354080046e-07,0.00388894958,5.49303441e-05,5.234584059999999e-06,71.29707550000002,49.510167100000004,2.72947684e-07,6.373701339999999,0.00145459978,0.09022383650000002,7.928842600000001e-05,3.84542281e-06,0.0028580236700000003,0.34117573,7.928842600000001e-05,3.84542281e-06,0.012592857950000003,4.805964730000001,7.928842600000001e-05,3.84542281e-06,0.000218185889,0.1207576679,7.928842600000001e-05,3.84542281e-06,0.012544026150000002,4.90112387e-07,0.00015784307800000003,-0.4831741642000001,4.507387939,-0.00910061828,-0.01167230385,-0.01189150485,3.8765053399999995e-06,7.875450349999999e-05
113,1661488200,0.01027416145,0.01043094969,-0.031538555600000004,-1.6115935699999997,0.13627915899999998,0.092967361,0.12041617739999999,0.11516601599999998,0.00022119193299999996,0.00458292363,0.000156955858,3.802317995e-08,4.0258174800000005e-08,5.26519853e-08,6.77678346e-08,8.053706160000001e-08,1.1944236e-07,2.299450071e-07,0.00507359211,5.851457280000001e-05,4.173447809999999e-06,67.2519532,49.72003599999999,3.51747868e-07,6.47145819,0.0016363341199999999,0.1097599236,8.332591899999999e-05,4.365447549999999e-06,0.0032817006399999994,0.4457003869999999,8.332591899999999e-05,4.365447549999999e-06,0.012598637900000001,4.85631107,8.332591899999999e-05,4.365447549999999e-06,0.000251374416,0.16112148515000002,8.332591899999999e-05,4.365447549999999e-06,0.0125164101,3.9251599200000004e-07,0.000157053443,-0.63350564153,3.5446859680000005,-0.01020936443,-0.0117245631,-0.0119407876,4.21664722e-06,8.06784272e-05
113,1661488800,0.0111224507,0.01127944565,-0.0347816138,-1.6146616100000002,0.137629202,0.0969911945,0.124578805,0.12026617049999999,0.000190614461,0.00490410524,0.000157064217,2.49457619e-08,2.652583675e-08,3.235852955e-08,4.927446839999999e-08,6.861448559999999e-08,1.070600091e-07,2.2245459329999998e-07,0.005505903160000001,5.0190446199999995e-05,4.52284581e-06,67.48639870000001,49.5643189,3.7995031800000005e-07,6.47442317,0.00170021112,0.11817329699999998,7.58069263e-05,2.85807051e-06,0.00343118791,0.48484503500000004,7.58069263e-05,2.85807051e-06,0.012610357800000003,4.856879370000001,7.58069263e-05,2.85807051e-06,0.000261180123,0.17164705053,7.58069263e-05,2.85807051e-06,0.0125300103,1.8939676900000002e-07,0.000157190788,-0.3761207157,3.9744011535000006,-0.010033617089999999,-0.01190688085,-0.012044597950000001,2.65624685e-06,7.11095859e-05
113,1661489400,0.00837063065,0.008528540349999999,-0.0380653324,-1.65907229,0.1153535202,0.08488181990000002,0.1034281566,0.099603041,0.00019790637049999998,0.00379697636,0.00015797349499999997,3.180179515e-08,3.3865731599999994e-08,3.81464676e-08,5.08793669e-08,6.849870469999999e-08,1.0052849550000001e-07,1.9892404249999998e-07,0.0041211977500000005,5.910649450000001e-05,4.41641096e-06,68.2415305,49.6367578,2.8853866200000003e-07,6.504380330000001,0.00147461097,0.08865128609999999,7.349265540000001e-05,2.5751312e-06,0.00296339185,0.360803145,7.349265540000001e-05,2.5751312e-06,0.012634592,4.875444089999999,7.349265540000001e-05,2.5751312e-06,0.000223539224,0.1615719248,7.349265540000001e-05,2.5751312e-06,0.0125653386,1.50323432e-07,0.000158038803,-0.09480808092,3.470404047400001,-0.01032911942,-0.01195650905,-0.0121005629,2.3634463099999997e-06,6.914203299999999e-05
113,1661490000,0.011421659550000001,0.011579331850000001,-0.02247792597,-1.6456483,0.13740419199999998,0.0987805746,0.12427879450000004,0.12030367560000002,0.00023298768839999997,0.00505304864,0.000157754692,3.66201938e-08,3.7537102979999994e-08,4.23599711e-08,6.09381935e-08,8.912135050000001e-08,1.1693705269999999e-07,2.26635827e-07,0.0056488443,5.7428872e-05,3.85792812e-06,66.48928839999999,49.6821834,3.9003259000000003e-07,6.279275180000001,0.00172361087,0.1215073194,7.783801920000001e-05,3.1404398199999996e-06,0.0034694838999999996,0.49555158499999996,7.783801920000001e-05,3.1404398199999996e-06,0.012647265299999998,4.9242672999999995,7.783801920000001e-05,3.1404398199999996e-06,0.000271160537,0.2281915463,7.783801920000001e-05,3.1404398199999996e-06,0.012555740150000003,1.921535876e-07,0.000157839096,-0.18128473641,1.5886274707,-0.01061188575,-0.0118918846,-0.0120491408,2.7957493200000004e-06,7.1244894e-05
113,1661490600,0.0099379221,0.010095886600000001,-0.045371240300000004,-1.6583997700000002,0.1256288355,0.09234113489999998,0.1123159292,0.1091283306,0.0001696800224,0.00439554022,0.000158029017,1.9461075740000003e-08,2.215387535e-08,2.3222945590000003e-08,3.29942956e-08,4.387085874e-08,6.1792701e-08,1.251753361e-07,0.004908505919999999,5.431374109999999e-05,5.7455752e-06,71.3046656,49.603515800000004,3.41048112e-07,6.22247533,0.00161396062,0.10682172279999999,7.47036863e-05,2.7690463200000004e-06,0.0032461520199999995,0.432869794,7.47036863e-05,2.7690463200000004e-06,0.012653499000000002,4.90081572,7.47036863e-05,2.7690463200000004e-06,0.0002519520500000001,0.18443564338000001,7.47036863e-05,2.7690463200000004e-06,0.012566759350000001,1.879428275e-07,0.00015811177999999998,-0.10458693113999999,1.6958388229999997,-0.0103111935,-0.011895099700000002,-0.012055013800000002,2.51551247e-06,7.05157799e-05
113,1661491200,0.0113284947,0.01148664745,-0.0569177783,-1.64718318,0.135154125,0.0983168625,0.12056618100000001,0.11752858660000003,0.0001722720821,0.005008605699999999,0.000158230446,1.778865865e-08,2.6214665499999998e-08,2.3621095700000003e-08,3.57492073e-08,4.9962796799999984e-08,7.995420510000001e-08,1.7259923819999998e-07,0.00560912299,4.63412715e-05,8.288248119999999e-06,69.68539050000001,49.5314979,3.8703245100000004e-07,6.2923215,0.00172154944,0.121995724,7.78788816e-05,3.13275657e-06,0.00347342848,0.496210984,7.78788816e-05,3.13275657e-06,0.0126819611,4.9637429399999995,7.78788816e-05,3.13275657e-06,0.00029233593699999995,0.23916177530000002,7.78788816e-05,3.13275657e-06,0.0125745212,2.2448143299999997e-07,0.000158344085,-0.17515565804,1.39068080811,-0.010540508599999998,-0.0118690782,-0.012035423600000001,2.8523936999999996e-06,7.1365792e-05
113,1661491800,0.0133363289,0.0134933662,-0.053509995899999996,-1.6459358099999999,0.14614196200000001,0.10655856189999999,0.132791555,0.1290039395,0.00018640513889999998,0.005781299449999999,0.00015708070700000003,1.6784070840000002e-08,2.4445278700000006e-08,2.8502529299999998e-08,3.99247996e-08,5.3786029100000004e-08,9.342557780000001e-08,2.1853568010000002e-07,0.0065975387400000005,6.12410787e-05,8.8601309e-06,69.7651392,49.78919069999999,4.5362592300000005e-07,6.479777110000001,0.00188965784,0.14639173899999997,7.21785036e-05,2.46747206e-06,0.0037821188200000007,0.5901530669999999,7.21785036e-05,2.46747206e-06,0.0126103147,4.862547619999999,7.21785036e-05,2.46747206e-06,0.00026070887899999997,0.1774275227,7.21785036e-05,2.46747206e-06,0.012531482350000001,1.8024388199999998e-07,0.00015721873500000003,-0.0107925152,0.2204113426,-0.0105690038,-0.0118401457,-0.01199391335,2.25099587e-06,6.80307229e-05
113,1661492400,0.016435956949999997,0.01659203,-0.0390855728,-1.63374641,0.169130157,0.118270654,0.15259216299999998,0.147492003,0.000181845427,0.007074589080000001,0.000156232256,3.18956521e-08,4.1145265e-08,4.5373595529999996e-08,7.63877932e-08,9.40039643e-08,1.42038848e-07,2.371837439e-07,0.008108031,0.00010094925949999999,8.16156021e-06,70.60201450000001,50.3348794,5.56774858e-07,6.22854771,0.00210021901,0.180835349,8.946210400000001e-05,4.91406532e-06,0.00418085261,0.718729231,8.946210400000001e-05,4.91406532e-06,0.0125932151,4.90620075,8.946210400000001e-05,4.91406532e-06,0.00030721848100000003,0.24702835590000002,8.946210400000001e-05,4.91406532e-06,0.012493699550000001,4.99447504e-07,0.000156588886,-0.696945658,12.3983457527,-0.00762474717,-0.0115843442,-0.01181477485,4.655075979999999e-06,8.26951244e-05
113,1661493000,0.017559380699999995,0.017716646299999996,-0.0331200983,-1.6254895700000003,0.18109302700000002,0.12217651339999999,0.156342273,0.152517154,0.000740497017,0.00857472521,0.000157435051,6.50140914e-08,8.251770810000002e-08,9.833091600000002e-08,1.37433638e-07,1.697831502e-07,2.343958999e-07,4.3646747299999993e-07,0.008693443070000001,7.85418674e-05,6.3064159200000005e-06,65.71353739999999,50.013671200000005,5.94160937e-07,6.4500914,0.00219598314,0.202252936,8.21588956e-05,3.9331781500000005e-06,0.00435326619,0.786050482,8.21588956e-05,3.9331781500000005e-06,0.0126379415,4.92710096,8.21588956e-05,3.9331781500000005e-06,0.000309100543,0.24678955959999999,8.21588956e-05,3.9331781500000005e-06,0.0125387933,5.888859930000001e-07,0.000157807549,-0.27827272470000003,26.521965473,-0.005460833007,-0.0116531467,-0.0118983801,3.57137836e-06,7.46751592e-05
113,1661493600,0.02433544205,0.024492899849999996,-0.0314360731,-1.56650161,0.220131719,0.1369955474,0.18975579299999998,0.175730364,0.001432839104,0.012485141520000001,0.00015752719399999998,4.96497741e-08,7.65779741e-08,9.668729630000001e-08,1.5142136939999999e-07,2.1376210380000005e-07,3.1584906949999997e-07,6.51705894e-07,0.0120707571,8.77408218e-05,7.585818840000001e-06,67.3971184,50.1088625,8.18802675e-07,6.663225540000001,0.00245501838,0.2778999734,8.84205016e-05,3.86133408e-06,0.00486583783,1.073542247,8.84205016e-05,3.86133408e-06,0.012699754050000001,5.195188,8.84205016e-05,3.86133408e-06,0.000372924742,0.49049719228000005,8.84205016e-05,3.86133408e-06,0.01255202755,6.316454789999999e-07,0.000158160221,0.08669443265000001,53.740982686500004,-0.0023282026900000004,-0.011792264,-0.011977218150000002,2.7167004e-06,7.10039793e-05
113,1661494200,0.0197555306,0.019912639399999998,-0.027541318059999997,-1.63879908,0.18709321299999998,0.128231069,0.166617585,0.1606549016,0.0005983316990000001,0.0091445003,0.000157670021,5.779207250000001e-08,6.649284200000001e-08,8.148532259999999e-08,1.1246230219999999e-07,1.3633841990000003e-07,2.0267549950000002e-07,4.1306603179999994e-07,0.009770104569999999,0.0001004800621,5.54155993e-06,66.1987727,50.2506009,6.67170138e-07,6.36736346,0.00228820674,0.22146288000000003,8.21169572e-05,4.0217076000000004e-06,0.00455038936,0.8775296480000001,8.21169572e-05,4.0217076000000004e-06,0.0126357994,4.9313886,8.21169572e-05,4.0217076000000004e-06,0.000356408596,0.22171769959999996,8.21169572e-05,4.0217076000000004e-06,0.012538835850000003,1.3157592609999999e-06,0.000158508556,-0.4479567036999999,21.4371480915,-0.004277437944,-0.011646262700000002,-0.011915982549999999,4.47702547e-06,8.20048304e-05
113,1661494800,0.02041487,0.0205714595,-0.036051615800000006,-1.6043128100000001,0.205243765,0.130804994,0.17584286799999999,0.16594256899999998,0.0006951161179999999,0.00938225711,0.00015675705900000003,4.08946051e-08,4.8344105200000006e-08,4.984079715e-08,7.830180679999999e-08,9.65922772e-08,1.515920704e-07,3.1942812819999997e-07,0.01005500003,0.000144258658,7.21844411e-06,69.91329239999999,50.713335,6.89043205e-07,6.33694258,0.0023440637,0.226232496,8.616468239999999e-05,4.52749075e-06,0.004649480609999999,0.9029706189999999,8.616468239999999e-05,4.52749075e-06,0.01264152975,5.052634729999999,8.616468239999999e-05,4.52749075e-06,0.000335483873,0.3849482528,8.616468239999999e-05,4.52749075e-06,0.01250918855,4.30862097e-07,0.00015691122199999998,0.3513953398,12.847055860000001,-0.0069363162799999985,-0.011608550750000002,-0.0118958386,3.7337571500000004e-06,7.30078835e-05
113,1661495400,0.015343901000000002,0.015501088799999998,-0.041532568400000004,-1.6303534100000001,0.165905061,0.11443998300000002,0.15060460099999998,0.142654356,0.00020161408299999996,0.00660277737,0.000157293844,4.292763825e-08,4.919996589999999e-08,5.1105317999999996e-08,7.181534729999998e-08,9.05084493e-08,1.379550137e-07,2.7633737030000005e-07,0.0075041032500000006,0.000159802114,7.20418481e-06,71.44665390000002,51.1119001,5.20467218e-07,6.27119522,0.00204331304,0.16822873599999996,9.156101170000002e-05,4.209753700000001e-06,0.00403571033,0.6720181380000001,9.156101170000002e-05,4.209753700000001e-06,0.012688626249999998,5.15288732,9.156101170000002e-05,4.209753700000001e-06,0.000342227915,0.4803382629,9.156101170000002e-05,4.209753700000001e-06,0.012537587649999998,2.59767731e-07,0.000157451284,0.3067174089,4.9769164664000005,-0.008678376560000001,-0.011764958949999998,-0.0119660732,3.1072737700000002e-06,7.083212960000002e-05
113,1661496000,0.013305835899999998,0.013463097099999998,-0.0358336699,-1.6588384599999997,0.153792197,0.1072718672,0.138079216,0.130503982,0.000205244868,0.0057780125499999994,0.00015733755500000002,4.474542984e-08,4.946024349999999e-08,5.3887840939999996e-08,7.219995049999999e-08,8.978045070000001e-08,1.326664421e-07,2.5584525599999995e-07,0.006462789669999999,0.000184184283,5.1518275599999996e-06,71.62626119999999,51.636769900000004,4.5266219000000003e-07,6.172965100000001,0.0018864675400000002,0.14232635000000002,8.03864191e-05,3.03912934e-06,0.00372520228,0.570731077,8.03864191e-05,3.03912934e-06,0.012643073799999998,4.968397980000001,8.03864191e-05,3.03912934e-06,0.00029022264500000005,0.30008753501,8.03864191e-05,3.03912934e-06,0.012540145499999999,1.72803947e-07,0.000157427587,-0.1849293852,24.189351759,-0.009013184100000002,-0.0118915206,-0.01203981175,2.4548720199999997e-06,6.92165622e-05
113,1661496600,0.0151469766,0.015304018949999998,-0.0370761079,-1.66743191,0.159454869,0.11446102849999999,0.14689198799999997,0.139466763,0.00024211973500000002,0.0065897433800000006,0.00015711057100000001,2.159579395e-08,2.28224546e-08,2.4280977149999996e-08,4.052434829999999e-08,5.16571468e-08,7.50252681e-08,1.710388086e-07,0.007374631969999999,0.00019236325799999997,5.99620544e-06,74.45102499999999,51.5661798,5.14080752e-07,6.09098467,0.00198908098,0.15811498499999999,7.6230385e-05,3.01394205e-06,0.00396045122,0.6444126569999999,7.6230385e-05,3.01394205e-06,0.01261369675,4.89819423,7.6230385e-05,3.01394205e-06,0.00027832869399999993,0.22387861400000003,7.6230385e-05,3.01394205e-06,0.01253030595,2.01182252e-07,0.000157210193,-0.25714846319999995,2.6489543139999996,-0.009963113199999998,-0.0118684768,-0.012018339699999998,2.6799e-06,7.154233039999999e-05
113,1661497200,0.0137380516,0.0138948227,-0.032707237,-1.6540964500000002,0.157729815,0.109001499,0.14250434899999997,0.134029091,0.000163434151,0.005890604820000001,0.000156822612,2.4657124159999998e-08,2.64707593e-08,3.090489113e-08,5.075061639999999e-08,8.01764311e-08,1.094342726e-07,2.48642037e-07,0.006657415549999999,0.000205966075,5.0122486e-06,72.07604510000002,51.9142527,4.668598039999999e-07,6.452350319999999,0.0018889376999999998,0.142217395,7.27999122e-05,2.48842339e-06,0.00375101081,0.577250563,7.27999122e-05,2.48842339e-06,0.0126108319,4.90314142,7.27999122e-05,2.48842339e-06,0.00027631926900000003,0.2041462315,7.27999122e-05,2.48842339e-06,0.012518449249999999,1.7382639700000002e-07,0.00015688593800000002,0.059537563599999996,1.9582697734999996,-0.00981024535,-0.01184046335,-0.0119911077,2.2631241399999995e-06,6.8414689e-05
113,1661497800,0.012832507200000001,0.0129888115,-0.02421990225,-1.69676189,0.14430440500000002,0.10544733989999999,0.130841496,0.1243537996,0.0002031192486,0.0056043242800000006,0.000156421899,5.5338676499999995e-08,1.953620124e-08,2.3125556080000004e-08,4.03665735e-08,5.71633651e-08,6.548705580000001e-08,1.4671013220000001e-07,0.0062257779700000005,0.00018642301199999997,3.52162461e-06,74.037848,51.667051300000004,4.3705639799999993e-07,5.986453490000001,0.00184264329,0.1373277384,8.007153569999998e-05,3.6861342699999993e-06,0.0036367251700000006,0.547587826,8.007153569999998e-05,3.6861342699999993e-06,0.0125782749,4.825349749999999,8.007153569999998e-05,3.6861342699999993e-06,0.00028116012399999996,0.1711065715,8.007153569999998e-05,3.6861342699999993e-06,0.012504531099999999,4.3014517200000003e-07,0.00015679436300000002,-0.48987377819999994,8.506978542999999,-0.007846771169999999,-0.011743548,-0.01192431365,3.6685408699999995e-06,7.84248746e-05
113,1661498400,0.00798579995,0.00814178413,-0.039703138000000006,-1.7294996699999998,0.1153910215,0.08381778310000002,0.095965432,0.09262782750000001,0.0001697423921,0.00357458861,0.00015603997,2.798698868e-08,3.2621070200000004e-08,3.649938182e-08,5.23827473e-08,7.57227387e-08,9.91265106e-08,1.980015396e-07,0.003867758,0.0001192219275,5.33257189e-06,73.64400789999999,51.1156771,2.7543768999999997e-07,6.657003259999999,0.00144468119,0.0854679151,6.91013119e-05,2.3493653200000003e-06,0.0028697138900000006,0.338947577,6.91013119e-05,2.3493653200000003e-06,0.012536477400000001,4.74786576,6.91013119e-05,2.3493653200000003e-06,0.00020225503000000002,0.09800019785,6.91013119e-05,2.3493653200000003e-06,0.01249086925,2.0084343700000002e-07,0.000156223064,-0.42048913070000005,15.965476900000002,-0.007844310339999999,-0.011813325900000001,-0.0119688098,2.32621753e-06,6.796381459999999e-05
113,1661499000,0.008229711189999999,0.008385947000000001,-0.0443832737,-1.7326841700000002,0.1320415321,0.08518431549999998,0.0986655104,0.093790361,0.00016698030449999998,0.00376294488,0.000156286374,2.4677993899999997e-08,3.48983343e-08,3.5210127499999995e-08,4.938861029999999e-08,5.86617621e-08,7.26438427e-08,1.4563834640000004e-07,0.00395331591,0.00015448218400000003,6.563536579999999e-06,77.99938549999999,51.9319191,2.83741437e-07,6.57437241,0.00149845406,0.09245508350000001,7.350767099999999e-05,2.6333166e-06,0.00291725028,0.3512016619999999,7.350767099999999e-05,2.6333166e-06,0.012566504250000003,4.8204629,7.350767099999999e-05,2.6333166e-06,0.00023781720200000004,0.17167834960999998,7.350767099999999e-05,2.6333166e-06,0.012497303849999999,2.9273440400000004e-07,0.000156475948,-0.6646487407999999,33.98991933,-0.00573222631,-0.01178152385,-0.0119548201,2.3805456499999997e-06,6.842951900000002e-05
113,1661499600,0.0087100306,0.008866511,-0.0426929592,-1.6813584600000002,0.13852922900000003,0.08717598539999999,0.1085658145,0.10170310360000001,0.00015315877500000002,0.003873739600000001,0.00015657890300000001,2.5954260899999994e-08,3.39235079e-08,3.6630371499999995e-08,5.12007548e-08,6.95332946e-08,8.94213562e-08,1.8151439800000003e-07,0.004160977519999999,0.00018638141799999999,7.06370925e-06,77.527569,52.520299699999995,2.9952623700000004e-07,6.739683390000001,0.0015290507000000001,0.09445606389999998,7.918339340000001e-05,3.4756221600000006e-06,0.0029749845400000004,0.364142328,7.918339340000001e-05,3.4756221600000006e-06,0.012585140800000002,4.86373448,7.918339340000001e-05,3.4756221600000006e-06,0.00024207028750000004,0.18169542496000002,7.918339340000001e-05,3.4756221600000006e-06,0.012510021,3.3829487700000006e-07,0.00015683704700000003,-0.31630828699999997,29.739050600000002,-0.00599879893,-0.0117627505,-0.011955173349999999,3.20378046e-06,7.3576039e-05
113,1661500200,0.008655371499999998,0.008811529799999999,-0.0364219861,-1.6635124599999997,0.1248413106,0.0867539284,0.11014086199999999,0.1029031422,0.0001439184526,0.00382850069,0.000156211656,1.9676051550000003e-08,2.69683659e-08,2.7476863e-08,4.0999440500000005e-08,5.548035559999999e-08,8.66529912e-08,1.8723861200000002e-07,0.00417683539,0.000144904563,5.444101420000001e-06,74.0863032,51.587458000000005,2.97691294e-07,6.65247772,0.00152217912,0.09310441440000002,7.12052706e-05,2.5725866500000002e-06,0.0029935230600000003,0.36833786700000004,7.12052706e-05,2.5725866500000002e-06,0.012551843900000002,4.79166485,7.12052706e-05,2.5725866500000002e-06,0.000218702576,0.12794242509999998,7.12052706e-05,2.5725866500000002e-06,0.012494905550000001,2.02777091e-07,0.00015632538000000002,-0.3518010367,26.184766992900002,-0.007880473755,-0.0118224625,-0.011977951349999998,2.43883907e-06,6.831377449999999e-05
113,1661500800,0.00647577292,0.006631508949999999,-0.02753546266,-1.52619003,0.11944114959999999,0.073732985,0.1003530654,0.0923278179,0.0001298863044,0.00292653048,0.000155814088,5.155820981999999e-08,5.115667395e-08,4.29525142e-08,5.149414690000001e-08,9.47209029e-08,8.19495278e-08,1.518534734e-07,0.00309803152,0.00013410084999999997,5.1485447e-06,75.1631556,51.79897100000001,2.25305307e-07,6.70774365,0.00132137496,0.0725278285,7.68629617e-05,2.75698108e-06,0.00256820027,0.274789766,7.68629617e-05,2.75698108e-06,0.012555159400000002,4.822054379999999,7.68629617e-05,2.75698108e-06,0.00023474318599999997,0.18415442036000002,7.68629617e-05,2.75698108e-06,0.0124795933,4.5505790899999993e-07,0.000156179909,-2.6989133148,119.25942468000002,-0.007742633800000001,-0.011721348099999999,-0.01191669645,3.2158798100000002e-06,8.00779515e-05
113,1661501400,0.006626401570000001,0.00678311756,-0.0308929048,-1.6355668599999997,0.11404098089999999,0.0756308219,0.09574042480000002,0.0888027105,0.00021511255249999998,0.00313463379,0.000156772332,2.0803893370000003e-08,2.597737145e-08,2.590416027e-08,3.7479696100000006e-08,5.6337488300000005e-08,6.77978156e-08,1.351551246e-07,0.0031865710599999998,0.00012186931259999998,4.32685259e-06,74.7095295,51.38787190000001,2.3048431400000007e-07,6.454804380000001,0.00133110522,0.0717428238,7.21550092e-05,2.63056417e-06,0.0026010919,0.27917675,7.21550092e-05,2.63056417e-06,0.012583727349999999,4.81533232,7.21550092e-05,2.63056417e-06,0.000214113265,0.1494130977,7.21550092e-05,2.63056417e-06,0.012520450150000001,1.8813268899999996e-07,0.000156950253,0.0937877534,1.106249146,-0.00977955955,-0.011811278,-0.011973764500000001,2.4806129999999997e-06,6.877725949999999e-05
113,1661502000,0.00758116157,0.00773793856,-0.0224136432,-1.61635806,0.1263038524,0.0802858614,0.10395317230000001,0.0958154235,0.00041578169,0.00379229175,0.000156870743,2.509859594e-08,3.424528145e-08,3.374907748e-08,4.828509350000001e-08,6.70169229e-08,9.776223150000002e-08,2.06505668e-07,0.00367435108,0.0001127306432,2.88779265e-06,74.54993,50.9453218,2.6227992300000003e-07,6.56826085,0.00141465969,0.08379371299999999,7.7573602e-05,3.29205304e-06,0.0027748325000000003,0.32273731699999997,7.7573602e-05,3.29205304e-06,0.0126022629,4.86862665,7.7573602e-05,3.29205304e-06,0.000253224484,0.19778360625,7.7573602e-05,3.29205304e-06,0.0125170643,3.4341965e-07,0.000157020431,-0.32996133510000003,14.803586092,-0.00778289583,-0.011766397,-0.01196136785,2.9919278799999996e-06,7.13399678e-05
113,1661502600,0.00769596037,0.007852341640000001,-0.0275950594,-1.56174785,0.129153942,0.080676671,0.1061282412,0.0986280118,0.00035072636500000005,0.0038747983099999992,0.000156442039,2.8664296920000004e-08,3.6753569100000006e-08,3.9305112600000006e-08,5.5860551400000006e-08,6.52568165e-08,8.78871166e-08,1.6776751750000002e-07,0.0037513028000000005,9.32636029e-05,2.87047079e-06,74.5322901,50.454593900000006,2.6603019299999997e-07,6.58018199,0.0014216137000000002,0.0829455499,7.697648650000001e-05,2.86148992e-06,0.0028169876,0.32836356899999997,7.697648650000001e-05,2.86148992e-06,0.01258291215,4.864004410000001,7.697648650000001e-05,2.86148992e-06,0.00024491336899999997,0.21454963259999998,7.697648650000001e-05,2.86148992e-06,0.0125095918,2.21320679e-07,0.00015671159899999996,0.023697834200000004,1.582721657,-0.00943151827,-0.0117569029,-0.011928167399999998,2.43473303e-06,6.860919950000001e-05
113,1661503200,0.00649501783,0.0066517257100000005,-0.0183721274,-1.46965498,0.12240373550000001,0.073303241,0.103015641,0.0950279015,0.000227516981,0.00305964368,0.00015699918700000002,2.519965276e-08,2.0303589199999996e-08,2.4568405e-08,3.037130380000001e-08,3.6600137800000004e-08,4.83129192e-08,1.001850067e-07,0.0031409702599999997,0.00010264290669999999,3.31620104e-06,77.24267389999999,50.81097369999999,2.2623566700000002e-07,6.55568085,0.00131448418,0.0709673291,9.297179670000001e-05,5.4393041100000005e-06,0.00258894381,0.276429449,9.297179670000001e-05,5.4393041100000005e-06,0.0125695202,4.7973079599999995,9.297179670000001e-05,5.4393041100000005e-06,0.000245770815,0.1177054026,9.297179670000001e-05,5.4393041100000005e-06,0.012519218399999999,7.47341032e-07,0.00015747856000000002,-0.6827339452,8.369882851,-0.00828673752,-0.011661863399999998,-0.011893448950000001,5.4261976e-06,9.14831126e-05
113,1661503800,0.0060571749,0.006213315190000001,-0.0309299137,-1.51634683,0.11295344759999999,0.07125195770000001,0.0942778764,0.0872276615,0.0002332432914,0.0028943773799999994,0.000156307709,9.212232800000001e-09,1.4877598100000002e-08,2.26228842e-08,2.66579942e-08,3.8391748500000005e-08,4.74541707e-08,1.0891460819999999e-07,0.00291645076,0.0001077629006,3.9370177700000005e-06,78.0105448,51.0425111,2.11602375e-07,6.654078490000001,0.00126463846,0.06634233819999999,7.31783534e-05,3.2605286300000007e-06,0.0024883721999999996,0.255384643,7.31783534e-05,3.2605286300000007e-06,0.01253289855,4.73055196,7.31783534e-05,3.2605286300000007e-06,0.00019437089399999998,0.0697356207,7.31783534e-05,3.2605286300000007e-06,0.0124953859,4.79368782e-07,0.000156614431,-0.1035537597,3.5166799800000006,-0.0084674709,-0.011630357499999999,-0.011863957000000001,3.26972797e-06,7.389979e-05
113,1661504400,0.00562162827,0.0057778021700000005,-0.044232866100000004,-1.7222402999999997,0.0987780145,0.07029946960000001,0.0798399364,0.07526479750000001,0.00020053441499999998,0.00273435173,0.000156315846,1.529322933e-08,1.7819833799999997e-08,2.3917062199999998e-08,3.87522665e-08,5.05217563e-08,9.608724299999999e-08,1.857054533e-07,0.0027040724199999993,0.00010031146400000001,5.85500313e-06,76.5350464,50.9330649,1.97093118e-07,6.60433213,0.0012318380200000002,0.064546844,7.767185290000001e-05,3.7424158899999998e-06,0.00238957015,0.23627107400000003,7.767185290000001e-05,3.7424158899999998e-06,0.012544461699999999,4.7616244,7.767185290000001e-05,3.7424158899999998e-06,0.0001995385524,0.09538233816,7.767185290000001e-05,3.7424158899999998e-06,0.0124996922,4.5353645500000003e-07,0.00015669609000000003,-0.32132731920000007,7.900097610000001,-0.00787172578,-0.011658642749999998,-0.01186899505,3.7542398800000002e-06,7.67544776e-05
113,1661505000,0.005548019069999999,0.0057043532499999995,-0.0514636295,-1.7221135999999997,0.1209036913,0.06993437690000001,0.0787524039,0.07447727500000001,0.00020994527000000002,0.0026926632300000005,0.000156543953,2.82054895e-08,3.8070184e-08,4.53246913e-08,6.2066572e-08,8.31312803e-08,1.5116538620000003e-07,1.70584489e-07,0.0026617844600000003,0.0001036891557,7.743031810000001e-06,78.7414349,51.081672299999994,1.94478038e-07,6.946272469999999,0.00123967362,0.06739103989999999,7.49809392e-05,3.4126243200000007e-06,0.0023759496,0.23330881799999997,7.49809392e-05,3.4126243200000007e-06,0.012542385250000001,4.74947544,7.49809392e-05,3.4126243200000007e-06,0.000180642228,0.06477119521000001,7.49809392e-05,3.4126243200000007e-06,0.012507071849999999,7.062912900000001e-07,0.000157096884,0.9019101628999999,80.82897473,-0.0019952765400000003,-0.01148210845,-0.011768734650000001,3.4188992100000003e-06,7.626012409999999e-05
113,1661505600,0.007538091940000001,0.007694837479999999,-0.0432244018,-1.6513711700000002,0.18919327940000003,0.0804255686,0.0998280486,0.09405287100000001,0.000279002309,0.0036327268699999997,0.00015697311600000003,1.1572603900000002e-07,1.020314612e-07,1.5389989920000002e-07,1.788064319e-07,1.8789899799999997e-07,2.52584587e-07,3.30514682e-07,0.00364465157,0.00011261913810000001,1.022570873e-05,77.4323029,51.093261500000004,2.60145122e-07,7.309146790000002,0.0014146547399999999,0.1068936125,8.7388735e-05,4.3852229900000006e-06,0.0027690577800000005,0.323635769,8.7388735e-05,4.3852229900000006e-06,0.0126086064,4.9080652,8.7388735e-05,4.3852229900000006e-06,0.00028399233399999997,0.22725001502,8.7388735e-05,4.3852229900000006e-06,0.012531683699999999,1.6194037250000002e-06,0.00015830108399999998,2.374939200799999,258.18115079999995,0.019014257900000005,-0.01146667105,-0.011794138249999999,5.96100371e-06,0.00010607051460000002
113,1661506200,0.009128289969999998,0.009285584480000001,0.1150164462,3.2361418549999996,0.546954195,0.08724201140000001,0.12004116449999999,0.1095783436,0.0007811192439999999,0.00941684676,0.00015739908600000002,7.40933684e-08,2.7848516890000003e-07,1.2886627855e-06,1.8987099427000003e-06,2.7494384006000003e-06,1.2443663465e-06,5.76572594e-07,0.00437316818,0.00014782532100000002,3.491672246e-05,80.66676090000001,51.93094140000001,3.10934809e-07,7.2898306,0.0015949121300000001,0.443739502,7.96682877e-05,3.1872312500000002e-06,0.00306762675,0.39724981000000004,7.96682877e-05,3.1872312500000002e-06,0.0125939685,4.8073614000000005,7.96682877e-05,3.1872312500000002e-06,0.000250740072,0.13262748340000002,7.96682877e-05,3.1872312500000002e-06,0.01254877765,1.6501163610000003e-06,0.000158824123,-0.810231798,166.8147455,0.01151869851,-0.01168351075,-0.01189837005,7.507062609999999e-06,0.0001247440217
113,1661506800,0.00835821386,0.008514252500000001,-0.00607753687,-1.46723091,0.28302114100000003,0.08367704299999999,0.11591603959999999,0.105340717,0.00041628292199999997,0.00433121236,0.00015614185500000005,1.0823161399999999e-07,2.1787043260000003e-07,2.62751566e-07,4.00688227e-07,3.2105635799999996e-07,2.97907391e-07,3.60602992e-07,0.00400189956,0.000163618624,1.151376765e-05,81.57651100000001,52.1552966,2.87239719e-07,7.34564355,0.00155079244,0.1539794636,7.34652509e-05,2.9896642e-06,0.00292453884,0.37044738,7.34652509e-05,2.9896642e-06,0.012567371800000001,4.82558077,7.34652509e-05,2.9896642e-06,0.000274408724,0.1598564243,7.34652509e-05,2.9896642e-06,0.012495352400000001,1.2640233800000002e-06,0.000157338481,-0.4964792212000001,74.1260662,0.00525764759,-0.011280118649999999,-0.0116014098,3.3693803899999997e-06,7.87268379e-05
113,1661507400,0.0115555863,0.01171202695,0.04376650048999999,-0.6877215999999999,0.68124578,0.0983514154,0.13684168,0.1252163219,0.0006079534219999999,0.008693765,0.00015664146099999998,4.077416731000001e-07,7.675041854000001e-07,1.9429067080000003e-06,1.6906513229999999e-06,3.0690450969999998e-06,2.681701081e-06,3.814868568e-06,0.00544603645,0.000267890305,4.9288014099999996e-05,87.8387114,53.7909954,3.89564713e-07,8.085382999999998,0.00210478552,0.5917536269999999,8.748890360000001e-05,4.2683198e-06,0.0034850266400000005,0.55405158,8.748890360000001e-05,4.2683198e-06,0.01262091005,4.985197349999999,8.748890360000001e-05,4.2683198e-06,0.00042388551899999997,0.3184152039,8.748890360000001e-05,4.2683198e-06,0.012621346449999998,1.2888040669999999e-05,0.00016934812000000003,-2.5604803560000002,190.1045161,0.053178007279999995,-0.0104502385,-0.011426778000000002,3.058980831e-05,0.0003615792235
113,1661508000,0.014366267149999997,0.0145226981,-0.032369731102939996,-0.6673526700000002,0.6775706930000001,0.11026721050000002,0.157542308,0.14205433700000003,0.000789893929,0.01134879055,0.00015672456299999999,5.37299376e-07,1.4995435780000001e-06,2.9312469849999996e-06,2.65787681e-06,3.51058582e-06,3.7853416800000004e-06,4.19825815e-06,0.006648033289999999,0.00045182683199999994,6.38527152e-05,87.8886225,55.7595496,4.80528833e-07,8.24739455,0.00247167057,0.763412111,8.588162709999999e-05,4.15068683e-06,0.003865987440000001,0.678407312,8.588162709999999e-05,4.15068683e-06,0.012628344750000001,5.00099101,8.588162709999999e-05,4.15068683e-06,0.000493694747,0.3467599023,8.588162709999999e-05,4.15068683e-06,0.012674011899999999,2.049220425e-05,0.00017694609999999996,-0.7023494699999999,171.3267433,0.0815188748,-0.009766936450000001,-0.01111219175,5.3824203800000007e-05,0.0005997970360000001
113,1661508600,0.00567405547,0.00583141786,-0.4446971024999999,21.779698114999995,0.48747738400000007,0.0642764482,0.10597823800000002,0.0889527145,0.000643366343,0.006741873120000001,0.000157897565,1.1116394909999999e-06,1.3368358059999997e-06,2.3892845849999996e-06,2.9891547859999998e-06,3.8053792850000006e-06,3.88945951e-06,4.5303772300000005e-06,0.0022551611499999997,0.0005074714220000001,5.37864402e-05,94.20580299999999,67.7774756,1.934139339e-07,8.50244385,0.0017666191799999998,0.750612459,9.83236393e-05,5.19255736e-06,0.00228159006,0.342402079,9.83236393e-05,5.19255736e-06,0.01263849395,4.931358039999999,9.83236393e-05,5.19255736e-06,0.00043784930800000005,0.27109796740000003,9.83236393e-05,5.19255736e-06,0.0126823977,2.200879185e-05,0.00017939177,-0.972875724,127.53280149999998,0.0675294155,-0.00998591515,-0.011182820950000002,5.951970263e-05,0.0006657245615000001
113,1661509200,0.008371921669999999,0.008528683450000001,-0.16965162290000002,3.8856778326,0.7269222,0.08259567529999999,0.1249538126,0.10882832410000001,0.0008702847939999999,0.00999664994,0.000157287843,9.0296748e-07,3.0969176799999997e-06,7.93682204e-06,5.90128293e-06,4.92333676e-06,5.79137051e-06,1.2332001800000002e-05,0.0035080825100000006,0.000537331459,9.912608119999998e-05,91.73291490000001,61.7434586,2.7797913900000006e-07,8.5727391,0.00226265916,1.23801777,0.0001062991836,6.17756918e-06,0.00302303943,0.6170924299999999,0.0001062991836,6.17756918e-06,0.012613945849999999,4.89794382,0.0001062991836,6.17756918e-06,0.000512709093,0.2385096554,0.0001062991836,6.17756918e-06,0.0128716992,4.4199016000000005e-05,0.00020096365099999997,1.0568853695,262.785131,0.1480955238,-0.009475669,-0.01095231465,0.00010085560560000001,0.000977167267
113,1661509800,0.0098490261,0.0100027666,0.24918733338000001,12.219385055999998,1.482720278,0.091558321,0.1156160306,0.1054157147,0.001559652521,0.018930157090000004,0.000156544439,3.6650394480000004e-06,7.236236757e-06,7.07408455e-06,7.48800283e-06,8.36006104e-06,8.0994032e-06,8.035975930000001e-06,0.00408542877,0.000631109407,0.00015521029159999998,93.97690609999998,62.709705099999994,3.2099873300000004e-07,8.64768715,0.0023341353499999997,1.5349010369999998,0.00015767118080000001,1.1526847939999998e-05,0.0033081006500000005,1.057463559,0.00015767118080000001,1.1526847939999998e-05,0.012620852100000001,5.138548740000001,0.00015767118080000001,1.1526847939999998e-05,0.000623136343,0.5113127254000001,0.00015767118080000001,1.1526847939999998e-05,0.012880289950000002,6.814767563e-05,0.000221825039,5.181306736,377.713446,0.21677975079999995,-0.00960687394,-0.011013041250000001,0.00020110355624999998,0.002129344814
113,1661510400,0.00846555024,0.00862295444,0.6140238633300001,27.527673973000002,1.4157056880000003,0.0823602172,0.10759078590000001,0.094990399,0.0018683513309999996,0.019114894740000003,0.000158502421,1.9746557780000002e-06,4.806431536e-06,7.119568320000001e-06,7.79690764e-06,1.1864580620000001e-05,9.21192869e-06,1.099935515e-05,0.0034303590599999998,0.000553516622,0.0001939832444,94.7225326,64.5821322,2.74185509e-07,8.756709549999998,0.00223659717,1.7171954069999997,0.0001622367905,1.131048066e-05,0.00298928385,0.688665225,0.0001622367905,1.131048066e-05,0.01260751275,4.86730964,0.0001622367905,1.131048066e-05,0.0005036006520000001,0.2009797935,0.0001622367905,1.131048066e-05,0.012948787650000002,5.999959224e-05,0.000217359008,-3.930252823,271.967579,0.1342855747,-0.0100951845,-0.0113908949,0.0001606428609,0.001569193126
113,1661511000,0.0053267882600000005,0.005480793140000001,0.21681015408999996,2.8961538900000003,0.851801018,0.0667457048,0.0849025917,0.07661484,0.0005863855790000001,0.00609152531,0.00015429924600000001,6.31656043e-07,1.784454078e-06,2.2860462970000003e-06,2.348303411e-06,2.414844349e-06,3.950291243e-06,2.6968714740000005e-06,0.0022103700600000003,0.00038455032299999995,5.2044887300000006e-05,93.7300898,62.673237900000004,1.816574155e-07,8.53115241,0.0016653687399999998,0.47618591999999993,8.403037450000001e-05,4.438977960000001e-06,0.00235776608,0.32484805299999997,8.403037450000001e-05,4.438977960000001e-06,0.01247392695,4.75804361,8.403037450000001e-05,4.438977960000001e-06,0.000421601368,0.18104509359999998,8.403037450000001e-05,4.438977960000001e-06,0.012576070449999999,1.6197186760000003e-05,0.00017034175100000002,-0.10755663799999997,226.065521,0.08552403780000001,-0.01031582235,-0.01124318915,3.3928389830000004e-05,0.000347997489
113,1661511600,0.00486083107,0.005012454250000001,0.0363773146,-0.9065697996000001,0.3460980639999999,0.0605440836,0.09382786509999999,0.080439956,0.00035871415699999996,0.0032343248300000004,0.00015181531400000001,2.3421178049999998e-07,4.1362386500000006e-07,5.201782130000001e-07,7.59459986e-07,7.50513921e-07,6.50155671e-07,7.28943196e-07,0.00197723599,0.00043400039799999996,1.4911140899999999e-05,92.3827868,65.90621100000001,1.7001769299999998e-07,8.096851829999999,0.00152969257,0.165419266,7.851208100000001e-05,3.58570744e-06,0.0020904045200000002,0.2101725686,7.851208100000001e-05,3.58570744e-06,0.01237536895,4.67270217,7.851208100000001e-05,3.58570744e-06,0.000387368243,0.1641135984,7.851208100000001e-05,3.58570744e-06,0.012351938900000001,5.24163468e-06,0.00015688951400000001,0.048414362000000044,88.83580974999998,0.026584395259999997,-0.00997638905,-0.010849343600000002,8.193005619999999e-06,0.000121591342
113,1661512200,0.00830408273,0.00845549053,-0.011856221049999999,-1.70470294,0.211131446,0.08582305700000001,0.10485319900000001,0.0976529816,0.000221808257,0.00391074514,0.00015195837399999997,9.972434600000001e-08,1.9599203849999998e-07,2.6395621600000003e-07,2.83515817e-07,3.46724981e-07,3.57921251e-07,4.5897035500000006e-07,0.0036796934500000003,0.000460374592,9.40984755e-06,86.26042799999999,59.322262,2.84752891e-07,7.44657713,0.00168181926,0.1375657854,9.81357398e-05,7.01685644e-06,0.0028391033699999998,0.341515632,9.81357398e-05,7.01685644e-06,0.012368718499999997,4.68553887,9.81357398e-05,7.01685644e-06,0.00035860225,0.1515825466,9.81357398e-05,7.01685644e-06,0.0123069297,3.0022355299999997e-06,0.000154415444,-0.3776592528,13.9201221,0.0039004521918000004,-0.010036106049999998,-0.010925550099999999,7.35106128e-06,9.801196639999999e-05
113,1661512800,0.007968393399999999,0.008119782119999999,-0.016000212950000002,-1.73361777,0.18731821799999998,0.084504144,0.10196561229999998,0.0958529255,0.0001768956749,0.00356679398,0.000151670885,6.282404750000001e-08,1.7603641460000002e-07,1.475265205e-07,2.0560655199999999e-07,3.0334309200000006e-07,2.5106899999999996e-07,3.2638004000000003e-07,0.00352948257,0.00044429330099999995,8.651148399999999e-06,84.0254991,59.097146900000006,2.7401361700000005e-07,7.226949299999999,0.0015892085299999998,0.1170165795,8.679827739999999e-05,5.27877995e-06,0.0027640167899999997,0.31945501099999996,8.679827739999999e-05,5.27877995e-06,0.01241911195,4.823817779999999,8.679827739999999e-05,5.27877995e-06,0.000373640194,0.30519742765,8.679827739999999e-05,5.27877995e-06,0.012304913249999999,1.913983273e-06,0.000153309892,-0.404560662,14.710159699999997,0.0011363605383,-0.010502168449999998,-0.01110539725,5.2147464e-06,8.5167998e-05
113,1661513400,0.007094459190000001,0.007245397069999998,-0.014268907950000001,-1.7269082199999999,0.179067964,0.07986855340000001,0.09649044640000001,0.09052776249999998,0.00012801397859999998,0.00320509279,0.00015113331499999998,8.129269730000001e-08,1.1732348720000001e-07,1.013097433e-07,1.3040191799999997e-07,1.534138454e-07,1.557095605e-07,2.0849617800000003e-07,0.00309682368,0.00044409422,5.159631829999999e-06,86.22297409999999,60.08262140000001,2.45431586e-07,6.98731907,0.0014685606,0.0981567738,8.62245938e-05,4.512230669999999e-06,0.0026090872799999997,0.28381564400000003,8.62245938e-05,4.512230669999999e-06,0.01236710595,4.718019,8.62245938e-05,4.512230669999999e-06,0.000317695453,0.21014174900000002,8.62245938e-05,4.512230669999999e-06,0.01228679775,1.340193416e-06,0.000152221986,-0.035462721299999986,43.9688839,0.0043927012300000005,-0.01093403455,-0.011382393850000002,4.75953951e-06,8.75702885e-05
113,1661514000,0.007053822230000001,0.00720544266,-0.016399072650000002,-1.6710826100000002,0.139916769,0.0788698076,0.10110308490000001,0.0908652748,0.0001774212595,0.0031864811700000003,0.00015172491900000001,3.7847597299999995e-08,5.8393269100000004e-08,7.412661779999999e-08,8.85386863e-08,1.2271388260000002e-07,1.2417809750000002e-07,2.159048186e-07,0.00307667651,0.000439360418,1.003357477e-05,84.7543374,60.22713449999999,2.4390096e-07,6.89458623,0.0014214609500000001,0.0879953185,7.72646956e-05,3.34647414e-06,0.0025787389200000004,0.27659362600000004,7.72646956e-05,3.34647414e-06,0.012392635649999999,4.73063539,7.72646956e-05,3.34647414e-06,0.00027526572600000004,0.1968231946,7.72646956e-05,3.34647414e-06,0.0123146592,6.907013e-07,0.00015234205600000002,-0.3385209815,15.89935805,-0.00332362427,-0.011218259400000001,-0.011539152149999999,3.14923047e-06,7.27631213e-05
113,1661514600,0.00507674099,0.00522863483,-0.0022792484529999997,-1.67004203,0.10860331589999998,0.0665845854,0.0819400021,0.075977319,0.00011439576459999999,0.00236394542,0.00015207131200000004,3.87906072e-08,5.01244122e-08,5.62711032e-08,8.798714640000001e-08,1.023135405e-07,9.76658627e-08,1.5317135599999998e-07,0.0021364727700000003,0.00039600799700000006,5.11309191e-06,86.64732590000001,62.59374710000001,1.78380403e-07,6.95089368,0.0011925636600000002,0.0637722032,7.630645280000001e-05,3.66151932e-06,0.0021129740999999997,0.189066664,7.630645280000001e-05,3.66151932e-06,0.0123832916,4.66985569,7.630645280000001e-05,3.66151932e-06,0.000253901324,0.1272981356,7.630645280000001e-05,3.66151932e-06,0.01232529815,8.083024250000002e-07,0.00015269240400000002,0.28769618034000005,16.71748365,-0.002310961527,-0.01114199865,-0.0115182643,3.5601569899999994e-06,7.4754331e-05
113,1661515200,0.02263765006,0.02279019054,-0.035847668737999994,-1.4176744270000001,0.22909449299999998,0.1308151396,0.19031830649999998,0.17040520139999998,0.0007802135029999999,0.01183152207,0.000152866932,6.05838898e-08,7.76121165e-08,9.171319569999999e-08,1.46155209e-07,1.858463227e-07,2.219268987e-07,4.332557470000001e-07,0.010784692569999999,0.0005187093340000001,1.3875012480000001e-05,78.0876326,55.846373400000004,7.624235720000001e-07,6.425109269999998,0.00233926386,0.2539302493,9.1035007e-05,5.58415059e-06,0.00449901411,0.943153318,9.1035007e-05,5.58415059e-06,0.012449578450000002,4.809442679999999,9.1035007e-05,5.58415059e-06,0.00034847888699999997,0.27163702989999994,9.1035007e-05,5.58415059e-06,0.012353823699999999,1.1719674250000003e-06,0.00015375319000000002,-1.5378694751000002,62.8323989,-0.00220216448745,-0.01104952245,-0.011423569750000001,5.698758500000001e-06,9.250394709999998e-05
113,1661515800,0.034497964199999995,0.0346508618,-0.010356037254,-1.61012524,0.269183223,0.171789735,0.24330742500000002,0.22620690799999998,0.000382766645,0.014612882149999997,0.000153012014,6.84656462e-08,7.059759639999999e-08,8.5291971e-08,1.219243847e-07,1.564677578e-07,2.0712082609999997e-07,4.2473835400000004e-07,0.0166541578,0.000588660143,4.907400620000001e-06,74.2055214,53.013928899999996,1.15731926e-06,6.2201463200000005,0.0030072171900000005,0.360052279,9.9215644e-05,4.91831497e-06,0.005946912430000001,1.45154507,9.9215644e-05,4.91831497e-06,0.012577786450000003,5.33827485,9.9215644e-05,4.91831497e-06,0.000470528063,0.7613390118,9.9215644e-05,4.91831497e-06,0.012369735900000001,4.15353128e-07,0.000153424878,-0.060436498819999976,14.445342120000001,-0.00581035802,-0.0114571714,-0.011687878,2.9441161000000003e-06,7.09524746e-05
113,1661516400,0.028504625299999996,0.0286579914,-0.00863653994,-1.206288738,0.27263332399999995,0.14703945200000001,0.25058264599999996,0.228644479,0.00034442091200000005,0.012202489100000002,0.000153620307,8.7170031e-08,9.26558111e-08,1.0975017400000001e-07,1.6270027540000002e-07,2.35416671e-07,2.968378121e-07,5.600142954000001e-07,0.0136179562,0.000628148764,4.39295544e-06,72.4983464,53.8907105,9.57062337e-07,6.39344704,0.00272017383,0.3099653640000001,9.28020494e-05,5.0533327700000005e-06,0.00540831538,1.2034254900000003,9.28020494e-05,5.0533327700000005e-06,0.0125528112,5.10960899,9.28020494e-05,5.0533327700000005e-06,0.000440988995,0.5325810482,9.28020494e-05,5.0533327700000005e-06,0.012384909999999999,7.34190096e-07,0.00015412047000000001,-0.432328213,8.228058790000002,-0.00587763106,-0.01128103035,-0.0116094663,4.1068946400000005e-06,7.74721483e-05
113,1661517000,0.0277230052,0.0278766276,-0.034765743,-0.98910714,0.280171053,0.137743342,0.255270292,0.23265710699999995,0.000310457905,0.011778098400000001,0.00015379974900000003,4.51731918e-08,5.4065040200000004e-08,5.71178191e-08,8.56738038e-08,1.123303931e-07,1.565743732e-07,3.227623185e-07,0.0131830163,0.0006704546279999999,7.013813700000002e-06,76.96217,54.3178302,9.317910459999998e-07,6.16165638,0.0025731521699999997,0.291864627,8.71698244e-05,4.48597206e-06,0.00529233538,1.1486397,8.71698244e-05,4.48597206e-06,0.012544347850000002,4.995314499999999,8.71698244e-05,4.48597206e-06,0.00039711576099999996,0.41136474720000005,8.71698244e-05,4.48597206e-06,0.012395599600000001,5.81056477e-07,0.00015422306000000002,-0.34106141588000005,6.99489026,-0.00581894692,-0.011415181100000001,-0.011693213800000001,3.85476709e-06,7.694467300000001e-05
113,1661517600,0.028225315,0.028379014399999996,-0.01996073845,-0.96954717,0.28778378400000004,0.13728722640000002,0.258420392,0.236257212,0.00043188083299999997,0.012647172550000002,0.000153817473,6.2099189e-08,6.83189416e-08,7.47705852e-08,1.269393578e-07,1.337112752e-07,1.871775823e-07,3.7266862999999997e-07,0.013455668700000001,0.0006511439519999999,4.6849250699999995e-06,76.4937307,54.1381502,9.481133009999999e-07,6.23764997,0.00258568447,0.301429257,9.254550969999998e-05,4.55787784e-06,0.00536559938,1.1844349360000002,9.254550969999998e-05,4.55787784e-06,0.012625706300000001,5.228312870000001,9.254550969999998e-05,4.55787784e-06,0.00047482021700000004,0.616361878,9.254550969999998e-05,4.55787784e-06,0.0124019174,4.4075344299999997e-07,0.000154249409,-0.030971535699999997,9.20450986,-0.006492462936,-0.011461772700000001,-0.0117028333,3.3319636599999995e-06,7.31760475e-05
113,1661518200,0.0308764588,0.03103039,-0.034234542800000003,-1.0254615900000001,0.295209,0.14563763799999999,0.26674563700000004,0.244769972,0.00042692826899999993,0.013205003600000001,0.000154110889,4.8984938400000005e-08,6.33932098e-08,6.98952142e-08,9.31701067e-08,1.1670502050000001e-07,1.7195450120000001e-07,3.9513439e-07,0.014795360899999999,0.000634747281,6.97756762e-06,77.4254811,53.660941300000005,1.0366497499999998e-06,6.11597693,0.0026442971,0.32247919199999997,0.0001167755896,6.66041308e-06,0.00560269307,1.28833897,0.0001167755896,6.66041308e-06,0.012724401500000001,5.64164854,0.0001167755896,6.66041308e-06,0.0006082760299999999,1.066840633,0.0001167755896,6.66041308e-06,0.012410009599999999,7.36454178e-07,0.000154695514,1.6793544480299996,98.47117914000002,-0.00104920029,-0.0113850342,-0.011690469200000001,4.167269350000001e-06,7.963386939999999e-05
113,1661518800,0.034760041199999994,0.034913791300000004,-0.029857077099999997,-1.07724866,0.30840940899999997,0.15648754099999998,0.280883573,0.25849539,0.000500451732,0.014708505899999998,0.00015409847000000002,1.1778237040000001e-07,1.2503221749999997e-07,1.4030305720000002e-07,1.85700097e-07,2.268933394e-07,3.171040928e-07,6.13971574e-07,0.0167352171,0.000636732865,5.98430041e-06,73.4741744,53.275016199999996,1.16549313e-06,6.11210133,0.00283391527,0.37087214,9.81463414e-05,5.49573763e-06,0.00598109135,1.4754495699999999,9.81463414e-05,5.49573763e-06,0.0125535746,5.00697275,9.81463414e-05,5.49573763e-06,0.00043491368200000003,0.43059425440000004,9.81463414e-05,5.49573763e-06,0.012399209550000002,8.60088728e-07,0.000154595962,-0.84103089113,19.77694365,-0.00557849942,-0.011342986750000002,-0.011662338399999998,4.69525182e-06,8.2294696e-05
113,1661519400,0.029162262799999998,0.029316271800000005,-0.0434320599,-0.9832244269999999,0.28313363900000005,0.1410664,0.26149548000000006,0.23876978699999998,0.00032978611,0.012282693350000002,0.000154184114,8.50634953e-08,8.907783700000002e-08,1.051401243e-07,1.4617495920000002e-07,1.890319486e-07,3.0340695039999997e-07,5.76075493e-07,0.0138187514,0.0007529517770000001,7.745518849999998e-06,74.82896989999999,54.6471501,9.788542299999998e-07,6.39289585,0.0025574877699999997,0.30538310999999996,0.0001007626488,5.06065149e-06,0.0054234693799999996,1.2070023600000002,0.0001007626488,5.06065149e-06,0.012635816249999998,5.24728912,0.0001007626488,5.06065149e-06,0.0005060799089999999,0.693265692,0.0001007626488,5.06065149e-06,0.012409887550000002,4.3034670299999994e-07,0.00015443630400000002,-0.11854777769999998,6.646665400000001,-0.007151517930000001,-0.011525025599999999,-0.01175909755,3.39559957e-06,7.42211869e-05
113,1661520000,0.027831569100000002,0.027985637600000002,-0.051968627,-0.9182917399999999,0.282308615,0.136047027,0.257407856,0.23456966299999998,0.00028374112,0.0116989116,0.000154227536,8.59435999e-08,1.0237691940000001e-07,1.406132367e-07,1.7606384659999998e-07,2.23903401e-07,3.118432396e-07,6.0585274e-07,0.01304183105,0.0008633656470000001,8.77612025e-06,75.9368365,55.684673499999995,9.34256773e-07,6.598400460000001,0.0024855746700000003,0.291640161,8.90810693e-05,4.33760393e-06,0.00524896482,1.1309082299999997,8.90810693e-05,4.33760393e-06,0.012591313299999999,5.11159618,8.90810693e-05,4.33760393e-06,0.00044084585899999997,0.5167007507999999,8.90810693e-05,4.33760393e-06,0.012409811100000001,6.371384810000002e-07,0.000154610613,1.0932558309999998,52.06285149,-0.00246388647,-0.01138392985,-0.011655476250000001,3.4360273400000003e-06,7.496640649999999e-05
113,1661520600,0.030709683200000004,0.0308647383,-0.0427471978,-0.952075488,0.292883947,0.143575248,0.27120827599999997,0.246345023,0.000364569744,0.0130250381,0.000155190556,7.923939169999999e-08,8.24324408e-08,9.960949910000001e-08,1.4426584940000002e-07,1.8522886069999998e-07,2.866290413e-07,5.759923416000001e-07,0.014493355900000001,0.000851564311,8.31371279e-06,75.1133476,55.11639319999999,1.0305268140000002e-06,6.27238159,0.00261152597,0.31856245899999996,9.85277956e-05,4.65459466e-06,0.005537707250000001,1.25824252,9.85277956e-05,4.65459466e-06,0.012671910199999997,5.28211324,9.85277956e-05,4.65459466e-06,0.000474593622,0.6599442060000001,9.85277956e-05,4.65459466e-06,0.01245138025,3.34725679e-07,0.000155371974,0.041991941000000026,10.0473881,-0.006759828859999999,-0.01162383985,-0.011822592849999997,3.03033428e-06,7.195537040000002e-05
113,1661521200,0.0248777412,0.025032117000000003,-0.029275398900000006,-0.870077055,0.268095684,0.1279165644,0.24728254500000002,0.224106841,0.000268899418,0.01047362965,0.00015446412800000002,6.534138140000001e-08,6.872781485e-08,8.25952151e-08,1.1718980709999999e-07,1.524270737e-07,2.296032312e-07,4.7392221500000004e-07,0.011510020800000001,0.0009202570479999999,7.30549794e-06,75.9188134,56.78284010000001,8.362483170000001e-07,6.34903126,0.00235183287,0.263921859,8.23177273e-05,3.3282085899999994e-06,0.00496543472,1.013425762,8.23177273e-05,3.3282085899999994e-06,0.012585339099999999,5.027617080000001,8.23177273e-05,3.3282085899999994e-06,0.000403336349,0.44012632500000004,8.23177273e-05,3.3282085899999994e-06,0.0124232791,2.42359023e-07,0.000154580533,0.13664520868000002,4.9428271540000015,-0.00821026114,-0.011636167999999999,-0.01183000185,2.38617997e-06,6.76735895e-05
113,1661521800,0.022941469000000003,0.023096138199999998,-0.02409814334,-0.801977265,0.276008421,0.1202240231,0.24049483799999996,0.21630660499999999,0.00025407770000000004,0.0097266396,0.00015477405500000002,1.056859507e-07,1.112799194e-07,1.0170222800000001e-07,4.5369842159999995e-07,4.963482641999999e-07,2.0892337119999998e-07,3.359146096e-07,0.0105247212,0.0009372811820000002,6.805639710000001e-06,83.88907259999999,57.528279100000006,7.72135021e-07,6.51779756,0.0024158212200000003,0.286024888,9.47102559e-05,4.27837332e-06,0.00474010538,0.926567303,9.47102559e-05,4.27837332e-06,0.012638968950000001,5.22009696,9.47102559e-05,4.27837332e-06,0.00047226243600000003,0.6330596789999999,9.47102559e-05,4.27837332e-06,0.0124479043,2.141695841e-06,0.000156887711,2.262442148823,185.28114700299997,0.008180345020000002,-0.01060418575,-0.011018713,3.82389661e-06,8.323903699999998e-05
113,1661522400,0.0232915415,0.023446913999999996,-0.0431973736,-0.918655129,0.256245329,0.12536866300000002,0.23734474100000003,0.21364402499999996,0.00020856257800000002,0.0097708606,0.000155498263,5.0002865799999995e-08,5.726878930000001e-08,6.92832243e-08,1.1199443430000001e-07,2.385155115e-07,1.83430405e-07,3.3745192049999997e-07,0.01086462045,0.0007733607409999999,6.60068478e-06,77.90164510000001,55.964795499999994,7.841348369999999e-07,6.168147169999999,0.0023140543899999996,0.256173466,9.551957530000001e-05,4.69518289e-06,0.00482496089,0.9557649360000001,9.551957530000001e-05,4.69518289e-06,0.0126690575,5.22555315,9.551957530000001e-05,4.69518289e-06,0.00044908885900000003,0.5761573600000001,9.551957530000001e-05,4.69518289e-06,0.01246539215,6.77395396e-07,0.00015606316000000002,-0.32014719163000005,10.673604935,-0.0064289017799999985,-0.011261150550000001,-0.011564250600000001,3.3364645900000002e-06,7.239377780000001e-05
113,1661523000,0.0218240853,0.0219796182,-0.022734049899999997,-1.0794729379999999,0.25073264999999995,0.12650314049999997,0.22403184300000004,0.20243117700000002,0.00020015216900000002,0.00928243285,0.00015564961599999998,1.054999578e-07,1.092663874e-07,1.1200927949999999e-07,1.39740701e-07,1.76491151e-07,2.480508504e-07,4.1134271040000005e-07,0.01017784725,0.000728279229,4.492548739999999e-06,79.3211495,55.9628911,7.35216715e-07,6.427272210000001,0.0022159729699999997,0.23926758699999998,9.419702639999999e-05,4.29627551e-06,0.004654251189999999,0.8897258130000001,9.419702639999999e-05,4.29627551e-06,0.0126664156,5.22580652,9.419702639999999e-05,4.29627551e-06,0.00044616380099999996,0.5946479459999999,9.419702639999999e-05,4.29627551e-06,0.012472236299999998,6.85347859e-07,0.00015622760300000002,-3.0239125539,150.88340168,-0.004253188874999999,-0.011488866499999998,-0.011735831300000001,3.3800987700000005e-06,7.9012771e-05
113,1661523600,0.021478123800000002,0.021632639,-0.033023662800000006,-1.2497961100000001,0.237607254,0.13013139199999998,0.213794027,0.193618411,0.00027620881600000006,0.009189021099999998,0.00015464864000000003,6.84030555e-08,7.50471162e-08,8.72483624e-08,1.1576693359999999e-07,1.3951260670000003e-07,2.0004759460000003e-07,3.84773947e-07,0.0099888495,0.0007431490340000001,5.85690141e-06,78.7477162,56.1971049,7.23805096e-07,6.407401089999999,0.0021912009600000004,0.22815810399999997,8.817925150000001e-05,4.05985757e-06,0.004611463400000001,0.8734891959999999,8.817925150000001e-05,4.05985757e-06,0.0125861732,5.085899370000001,8.817925150000001e-05,4.05985757e-06,0.000396544908,0.4867498319000001,8.817925150000001e-05,4.05985757e-06,0.01243359935,4.6638684899999993e-07,0.00015502614499999997,1.8322265349999998,75.44956242,-0.0034597295899999997,-0.0114957422,-0.01172648935,3.1406772299999996e-06,7.26298985e-05
113,1661524200,0.020612459200000002,0.0207669668,-0.03532884260000001,-1.2249947700000001,0.234944672,0.126986451,0.21038141999999999,0.19020581,0.0001822021955,0.008588057200000002,0.000154584933,5.8751192900000005e-08,6.92642482e-08,7.95844199e-08,1.1279698880000001e-07,1.4241682699999998e-07,2.0878170979999996e-07,4.085647035e-07,0.0095776874,0.000721839339,5.54221326e-06,77.60230529999998,56.2371981,6.947282989999999e-07,6.41540426,0.00215204559,0.219149919,8.68461177e-05,3.4658809e-06,0.00452641354,0.840950619,8.68461177e-05,3.4658809e-06,0.0125968823,5.0686495,8.68461177e-05,3.4658809e-06,0.000398469635,0.46946896159999996,8.68461177e-05,3.4658809e-06,0.012428677449999998,3.26660807e-07,0.000154796599,0.055542572969999995,19.41267129,-0.00630340177,-0.01154670605,-0.011771782599999999,2.28234061e-06,6.714694319999999e-05
113,1661524800,0.018763489350000002,0.0189182907,-0.038187451299999994,-1.1353933299999999,0.22541938200000003,0.11926384910000001,0.20374372000000002,0.183380598,0.00021155407060000002,0.007953002600000002,0.000154885372,6.681868879999999e-08,7.6762733e-08,8.7543928e-08,1.179247594e-07,1.4425380929999997e-07,2.092440505e-07,4.051332966000001e-07,0.008660543339999998,0.0007147088650000001,5.290797e-06,78.4610736,56.937587300000004,6.332289450000001e-07,6.5148887,0.00204965467,0.20342127200000001,8.3716019e-05,3.2348146700000004e-06,0.004307975370000001,0.7673048440000001,8.3716019e-05,3.2348146700000004e-06,0.012578565449999999,5.00063937,8.3716019e-05,3.2348146700000004e-06,0.00035605746099999996,0.37868895439999994,8.3716019e-05,3.2348146700000004e-06,0.0124389941,2.9132865900000006e-07,0.000155020417,-0.013346885460000003,2.2048196,-0.008764887039999999,-0.0115771975,-0.0117919945,2.27347726e-06,6.791251070000001e-05
113,1661525400,0.01335302465,0.013508086150000001,-0.023268592299999998,-0.876792953,0.203818725,0.0968219921,0.179967994,0.159492366,0.00016362195590000002,0.005689132160000001,0.000155118296,3.165822156e-08,4.0458871899999996e-08,4.4654201899999994e-08,6.239080700000001e-08,8.34853293e-08,1.1052108140000001e-07,2.1205736900000002e-07,0.0059092324399999995,0.000762716829,3.8880680299999995e-06,83.0618124,60.0832041,4.5380988100000006e-07,6.48192506,0.0017191934099999996,0.14882872100000002,7.744881200000002e-05,2.99911522e-06,0.00358393409,0.529306508,7.744881200000002e-05,2.99911522e-06,0.0125548649,4.90185604,7.744881200000002e-05,2.99911522e-06,0.000293011018,0.26589359149999997,7.744881200000002e-05,2.99911522e-06,0.01244890615,2.9362032699999997e-07,0.00015526921500000002,-0.005351166000000003,2.2613158399999995,-0.0089609305,-0.01158527875,-0.01180552935,2.40604057e-06,6.77590937e-05
113,1661526000,0.017229581400000003,0.0173847885,-0.033280213999999995,-1.13334334,0.217956657,0.11475173559999999,0.194480937,0.17396781300000003,0.00027369577900000005,0.007548034310000002,0.000155346709,1.903922304e-07,2.0991946739999997e-07,1.7911660219999998e-07,2.052389161e-07,3.898661333e-07,2.3308260809999997e-07,3.7806982320000003e-07,0.00784957062,0.000758302413,4.9447058800000004e-06,78.0077728,58.04755140000001,5.823593870000001e-07,6.46726123,0.0020914457899999994,0.21084949699999997,7.57261629e-05,2.618893e-06,0.00409948619,0.700948284,7.57261629e-05,2.618893e-06,0.0125671488,4.876218489999999,7.57261629e-05,2.618893e-06,0.000339757704,0.2470758148,7.57261629e-05,2.618893e-06,0.0124657104,1.886317681e-06,0.000157150504,-3.6848231246599994,218.46130008229997,-0.0015262174400000003,-0.01132960505,-0.011623214449999999,8.260165010000002e-06,0.0001344142144
113,1661526600,0.0161290636,0.016284547,-0.015276923670000001,-1.5019482100000001,0.19830605499999998,0.11691387800000001,0.17194274599999998,0.15529224300000002,0.000339999568,0.006988451099999999,0.000155553503,4.56131717e-08,5.250784610000001e-08,5.902924360000001e-08,7.874276529999999e-08,9.786182060000003e-08,1.3894745549999996e-07,2.724069201999999e-07,0.0073308409699999995,0.0007296430580000001,3.21863332e-06,80.3861671,58.03123810000001,5.4618652e-07,6.252282859999999,0.00208229326,0.173081012,8.269185969999999e-05,3.2236083e-06,0.00396269635,0.646782288,8.269185969999999e-05,3.2236083e-06,0.012599254399999999,5.00460487,8.269185969999999e-05,3.2236083e-06,0.000332818304,0.37911629207,8.269185969999999e-05,3.2236083e-06,0.012468880399999998,2.55413597e-07,0.00015572872999999998,-0.11441702210000002,4.00204629,-0.008784984559999999,-0.011696852050000001,-0.01188482985,2.38290781e-06,6.82734195e-05
113,1661527200,0.017006456799999996,0.0171621615,-0.016867086599999997,-1.4857888,0.198456056,0.12017918409999999,0.18038050900000002,0.162154952,0.000186944783,0.0072153491,0.00015575762300000002,2.6474753399999998e-08,3.1887249799999997e-08,3.79148229e-08,5.6510600699999986e-08,7.84195628e-08,1.1114018739999998e-07,2.3988160549999995e-07,0.00771024555,0.0007878446210000001,4.48611676e-06,83.1429444,58.28172000000001,5.75080579e-07,6.382249120000001,0.00213618163,0.18129508600000002,7.560240139999999e-05,2.90479578e-06,0.00406347674,0.6776925380000001,7.560240139999999e-05,2.90479578e-06,0.012570895300000001,4.90337158,7.560240139999999e-05,2.90479578e-06,0.000287715851,0.24176272912999996,7.560240139999999e-05,2.90479578e-06,0.0124776747,2.60515802e-07,0.000155950729,-0.18432787805,22.667407840000003,-0.0079111851,-0.011687714149999999,-0.011878300349999999,2.4293912099999996e-06,6.845463289999999e-05
113,1661527800,0.017228449299999997,0.0173842598,-0.019308762,-1.51807963,0.202243671,0.12121643599999998,0.17891796399999998,0.161442431,0.000133642911,0.007232334189999999,0.00015589386,5.4911199399999995e-08,5.990132969999998e-08,6.77590449e-08,9.14301566e-08,1.1416764009999998e-07,1.6433554409999998e-07,3.2023987779999995e-07,0.007912104810000002,0.000697548453,3.6099052399999995e-06,76.7628279,57.1291559,5.826864749999999e-07,6.41894995,0.00214577934,0.18198928,8.61923984e-05,3.5569741399999998e-06,0.00410847992,0.692869583,8.61923984e-05,3.5569741399999998e-06,0.0126112089,5.067078800000001,8.61923984e-05,3.5569741399999998e-06,0.000320551053,0.42704421862,8.61923984e-05,3.5569741399999998e-06,0.012481757750000001,2.49357535e-07,0.00015600993399999998,1.8619325263599997,79.25015515,-0.006124790549999999,-0.011762491600000001,-0.011930494600000003,2.45657305e-06,6.950471590000001e-05
113,1661528400,0.0159960921,0.016152058000000004,-0.01666124045,-1.60006238,0.183005582,0.11791484599999999,0.166130071,0.150079581,0.0002235219535,0.006869514939999999,0.00015604966000000003,5.676082110000001e-08,6.027767315e-08,6.88804639e-08,8.968827609999999e-08,1.1837490739999999e-07,1.731159314e-07,3.1625654439999994e-07,0.00731127605,0.000682338626,3.4590543e-06,78.21291370000002,57.489100400000005,5.41627608e-07,6.28183317,0.0020649855199999997,0.168124103,0.00010192801500000001,4.6329578e-06,0.0039463540900000005,0.639104468,0.00010192801500000001,4.6329578e-06,0.012668678050000002,5.297589889999999,0.00010192801500000001,4.6329578e-06,0.0003798826539999999,0.6785742377999999,0.00010192801500000001,4.6329578e-06,0.0124917014,1.9376371199999997e-07,0.000156236503,0.026765716128600004,1.0434005069999999,-0.009957556999999999,-0.011782817749999999,-0.01194917785,2.40083517e-06,6.84865212e-05
113,1661529000,0.01569646165,0.0158519138,-0.0204477316,-1.6073931099999998,0.181843053,0.11669754859999999,0.16339248700000003,0.14857953799999998,0.00017495567,0.006681053439999999,0.000155510119,3.0893392800000004e-08,3.41444514e-08,4.12862314e-08,5.81633867e-08,7.72102523e-08,1.222748704e-07,2.3152333800000004e-07,0.00725583705,0.000587508839,4.22903098e-06,80.3765121,56.4476761,5.318452739999999e-07,6.500039859999999,0.00204449187,0.165242471,7.46579457e-05,2.74807724e-06,0.00393106145,0.6343042350000001,7.46579457e-05,2.74807724e-06,0.012563256850000001,4.887176520000001,7.46579457e-05,2.74807724e-06,0.00028523502299999996,0.25056872114999995,7.46579457e-05,2.74807724e-06,0.012468531000000001,2.0996418300000002e-07,0.000155674483,-0.023674049610000004,1.3495859399999999,-0.009888294649999999,-0.011729772500000001,-0.0119050843,2.36070187e-06,6.738345010000001e-05
113,1661529600,0.0153276891,0.015483085149999996,-0.016974454790000003,-1.60510034,0.18154304100000002,0.1151530846,0.16087991100000001,0.14700448800000002,0.00016395373500000004,0.0065281165,0.000155456658,3.28433832e-08,3.68331563e-08,4.23523816e-08,6.351834479999999e-08,8.194718020000002e-08,1.26118742e-07,2.525331686e-07,0.00718166559,0.0004780442120000001,3.43614958e-06,77.7302005,55.1899979,5.19305058e-07,6.29952828,0.0020271160499999996,0.162643881,8.349339860000001e-05,3.2833964199999995e-06,0.0039106971999999995,0.62848071,8.349339860000001e-05,3.2833964199999995e-06,0.012606367399999999,5.034331460000001,8.349339860000001e-05,3.2833964199999995e-06,0.000326322508,0.39801168936,8.349339860000001e-05,3.2833964199999995e-06,0.01246649125,1.9326813100000003e-07,0.000155607614,0.020406207300000003,1.24850556,-0.009971807650000001,-0.011758176249999999,-0.01192419565,2.33027473e-06,6.742350500000001e-05
113,1661530200,0.014922353900000001,0.015077947,-0.021948466899999998,-1.5958617,0.176292879,0.11346987680000001,0.158067325,0.144979426,0.0002363336164,0.00651820991,0.000155661984,3.798515955e-08,4.2021852999999994e-08,4.917658700000001e-08,7.38217774e-08,9.836838639999999e-08,1.446442156e-07,2.9600856400000005e-07,0.007020977319999999,0.000436112892,3.2757409000000004e-06,74.04441340000001,54.7852568,5.05855424e-07,6.509628170000001,0.00198034557,0.15540561299999997,8.027160850000001e-05,3.19332237e-06,0.0038555508400000002,0.6102443350000001,8.027160850000001e-05,3.19332237e-06,0.0125834841,4.95634655,8.027160850000001e-05,3.19332237e-06,0.0002941479,0.3141163072,8.027160850000001e-05,3.19332237e-06,0.012470737249999999,1.9406407299999998e-07,0.000155713715,0.012504947664,0.9481305040000001,-0.01001840656,-0.01175626,-0.0119206051,2.46932568e-06,6.804813360000001e-05
113,1661530800,0.0177366165,0.0178929094,-0.0270872063,-1.4808122300000002,0.21023142,0.12232886619999998,0.179067967,0.16309247799999999,0.0001571850564,0.007428218529999998,0.000156368597,9.35781143e-08,4.99628907e-08,6.06509529e-08,7.968959420000001e-08,1.039883552e-07,1.476304361e-07,3.4414008299999994e-07,0.008196472599999999,0.0006531784,1.76993489e-05,82.2464335,56.5694945,5.99320603e-07,6.5064418,0.0021579906400000003,0.18566866399999998,9.28475691e-05,3.95333223e-06,0.0041671892900000005,0.712111199,9.28475691e-05,3.95333223e-06,0.01266089635,5.15039414,9.28475691e-05,3.95333223e-06,0.0004955727920000001,0.5133131432,9.28475691e-05,3.95333223e-06,0.01250224385,2.9952198e-07,0.00015660627300000002,0.024156936299999997,0.57982481296,-0.0096766862,-0.0116103743,-0.01180967,2.40251768e-06,6.83773651e-05
113,1661531400,0.0176200481,0.017776397700000002,-0.0247360545,-1.6039287000000002,0.197293523,0.12355432989999997,0.16969268099999998,0.155667253,0.0001866842444,0.007467038339999998,0.000156414335,5.2447089700000004e-08,6.25974485e-08,1.1281426609999999e-07,6.83815576e-08,8.092070460000001e-08,1.1944825410000002e-07,2.7125152800000003e-07,0.00825172,0.0005431467940000001,1.4321665899999999e-05,82.40581990000001,55.336326299999996,5.955801840000001e-07,6.488124189999999,0.00217544331,0.19004172300000002,7.49185245e-05,2.86222702e-06,0.0041968006799999995,0.723896846,7.49185245e-05,2.86222702e-06,0.01260464515,4.924553820000001,7.49185245e-05,2.86222702e-06,0.00037021525699999997,0.2645387966,7.49185245e-05,2.86222702e-06,0.01250413645,4.7568863900000003e-07,0.00015682958900000002,0.020297994465999995,-0.07344934740000002,-0.0094546662,-0.01139447695,-0.011627978700000001,2.4511024700000004e-06,6.861078500000002e-05
113,1661532000,0.016456783000000003,0.0166126788,-0.027910543499999996,-1.67025377,0.183418098,0.12008344499999998,0.155479747,0.143891888,0.0001573496756,0.00700119571,0.000155962751,4.155415455e-08,1.4375366970000001e-07,1.4037989580000002e-07,1.004690595e-07,9.440554010000001e-08,1.3604509520000002e-07,2.7124184190000003e-07,0.0077785838699999995,0.000436823362,1.1988947400000001e-05,78.1581885,54.4187712,5.572481989999999e-07,6.32235201,0.00212873929,0.18473292900000002,8.366386950000001e-05,3.20376563e-06,0.004104029949999999,0.6958359839999999,8.366386950000001e-05,3.20376563e-06,0.012626025499999999,5.04145752,8.366386950000001e-05,3.20376563e-06,0.000329649463,0.39715021149999996,8.366386950000001e-05,3.20376563e-06,0.012484993900000001,6.16124745e-07,0.00015649149499999998,0.00747660157,-0.38135130339999995,-0.009357414199999999,-0.0112167286,-0.01146381595,2.3010674099999996e-06,6.79902117e-05
113,1661532600,0.016971854800000002,0.0171277734,-0.0250314201,-1.6942474400000003,0.177192913,0.12204420480000003,0.15555474800000002,0.14572944799999998,0.000171325729,0.007159061609999999,0.00015597108500000001,2.5559218500000003e-08,2.5674256999999995e-08,3.0996604200000006e-08,2.2652502e-07,6.91006702e-08,1.1266567919999999e-07,2.409860046e-07,0.008128091969999997,0.00034872648899999994,8.32405065e-06,77.1552815,53.26665419999999,5.74302619e-07,6.3659921,0.00212641541,0.18510631900000002,7.79039314e-05,3.04968505e-06,0.0041499599500000005,0.7063234870000001,7.79039314e-05,3.04968505e-06,0.01260242415,4.97604565,7.79039314e-05,3.04968505e-06,0.000313702273,0.3053692102,7.79039314e-05,3.04968505e-06,0.0124901804,5.54089952e-07,0.00015655907799999998,0.005370620429999999,-0.371511177,-0.00922397597,-0.011305543099999999,-0.0115235071,2.4743898600000005e-06,6.86176372e-05
113,1661533200,0.017745937,0.0179023861,-0.020370718899999998,-1.6390419600000001,0.18754322400000004,0.1236819766,0.16481753500000001,0.15559225100000001,0.000159043939,0.007475416059999999,0.000156547472,7.129749650000001e-08,7.379519539999999e-08,8.6203416e-08,2.8115864399999996e-07,1.452867344e-07,2.0230071000000004e-07,3.9662353830000005e-07,0.008605670800000001,0.000258952567,6.990319500000001e-06,71.98185289999999,52.1136609,6.00087146e-07,6.44293701,0.00215168251,0.189699892,8.18698895e-05,3.2717084399999996e-06,0.00425403363,0.741543411,8.18698895e-05,3.2717084399999996e-06,0.0126336801,5.022329259999999,8.18698895e-05,3.2717084399999996e-06,0.000334192891,0.34767100310000004,8.18698895e-05,3.2717084399999996e-06,0.01250508615,5.56339339e-07,0.000156934737,-0.022700773929999998,-0.027498915899999983,-0.00841330985,-0.011327932749999998,-0.011547041899999999,2.5105798200000002e-06,6.93701667e-05
113,1661533800,0.0165254549,0.016682007199999998,-0.0313597512,-1.6518952900000001,0.177380416,0.119651824,0.157279801,0.147229492,0.00016099499200000002,0.0069567443599999985,0.000156610856,3.5591729e-08,3.595695990000001e-08,4.0983736e-08,2.1798273299999996e-07,8.012711680000001e-08,1.2092851549999997e-07,2.420051e-07,0.00794353991,0.000310241243,8.11293722e-06,76.3423991,52.883835999999995,5.595008539999999e-07,6.35776987,0.0020897934,0.17837714500000001,8.28858325e-05,3.24528125e-06,0.00409713861,0.6890151290000001,8.28858325e-05,3.24528125e-06,0.0126325048,5.037047899999999,8.28858325e-05,3.24528125e-06,0.000322974837,0.37310149815000004,8.28858325e-05,3.24528125e-06,0.012510897999999998,5.05643357e-07,0.00015702837899999998,0.0023201541999999993,0.4180141503999999,-0.00867271743,-0.0113813736,-0.01159601,2.30283048e-06,6.7873395e-05
113,1661534400,0.017312635299999997,0.0174697135,-0.0304406448,-1.6852335500000002,0.172880276,0.12283555500000001,0.15592976300000003,0.148054516,0.00015950945200000002,0.00729098073,0.00015714622,4.027151445e-08,4.321090703e-08,5.29111839e-08,7.686619820000002e-08,9.447354620000001e-08,1.578592836e-07,3.3576672900000004e-07,0.0083969185,0.000252754682,5.77375906e-06,74.1359444,52.0678611,5.85712989e-07,6.45016811,0.00211475529,0.17869318799999998,7.339084859999999e-05,2.6770342699999995e-06,0.00421068719,0.726234601,7.339084859999999e-05,2.6770342699999995e-06,0.012621846249999999,4.894369320000001,7.339084859999999e-05,2.6770342699999995e-06,0.00029511633699999995,0.22416877999999998,7.339084859999999e-05,2.6770342699999995e-06,0.01253189695,1.9693661500000004e-07,0.000157245958,-0.043849872000000005,10.491857585,-0.008299517020000001,-0.0118383373,-0.0120011023,2.41250464e-06,6.878523310000001e-05
113,1661535000,0.0185511364,0.0187079508,-0.032179405099999996,-1.6598425900000002,0.18405562,0.12661820800000004,0.164855029,0.156342274,0.00018664508760000002,0.0077829942599999995,0.00015689654999999998,5.7064047450000003e-08,6.140290590000002e-08,7.04926539e-08,9.63231296e-08,1.244789454e-07,1.7557153209999997e-07,4.1347285299999993e-07,0.0090290438,0.000239555639,5.88706897e-06,71.725406,51.803833399999995,6.26919775e-07,6.408789430000001,0.00219379216,0.19259792399999998,8.47553079e-05,3.40178744e-06,0.00436679495,0.782093187,8.47553079e-05,3.40178744e-06,0.01265232865,5.08328967,8.47553079e-05,3.40178744e-06,0.00032844250199999997,0.4060620544,8.47553079e-05,3.40178744e-06,0.012524942749999999,1.95836472e-07,0.000157070659,0.18727733237000002,6.535682465000001,-0.00880806279,-0.0118137004,-0.011981050799999999,2.33673422e-06,6.80066448e-05
113,1661535600,0.0196309046,0.019787181100000002,-0.032909979,-1.6506454099999999,0.185668174,0.129922556,0.17126772799999998,0.162229949,0.00018547800700000001,0.008225967399999999,0.000156332754,3.318143340000001e-08,3.59331761e-08,4.3511217150000004e-08,6.57300076e-08,8.98668429e-08,1.4244057440000002e-07,3.38884177e-07,0.0095555123,0.000252879386,6.250038840000001e-06,73.2868739,51.8342271,6.62518992e-07,6.424539520000001,0.0022654959799999997,0.205099397,8.274454809999999e-05,3.1197098600000006e-06,0.004508253110000001,0.834460438,8.274454809999999e-05,3.1197098600000006e-06,0.0126324983,5.03353643,8.274454809999999e-05,3.1197098600000006e-06,0.0003342316819999999,0.3846651402,8.274454809999999e-05,3.1197098600000006e-06,0.0125019167,1.72431255e-07,0.00015647090199999997,-0.007738785899999998,1.9263715499999996,-0.00973476555,-0.01182896325,-0.01198454215,2.2153659900000005e-06,6.76727517e-05
113,1661536200,0.0218712753,0.0220279777,-0.0313827674,-1.6325113900000001,0.200668625,0.13685092399999998,0.183305597,0.173817806,0.000194989331,0.00919284945,0.00015679671700000002,7.285784839999999e-08,7.84978362e-08,9.017696419999999e-08,1.243572088e-07,1.641909167e-07,2.4350037809999994e-07,5.211308640000001e-07,0.0106797296,0.00024826162000000007,6.25225803e-06,69.520515,51.5902416,7.368708890000001e-07,6.39613123,0.00240095132,0.230709755,9.63921124e-05,4.100403400000001e-06,0.004771431059999999,0.9337816099999999,9.63921124e-05,4.100403400000001e-06,0.0127019362,5.27311686,9.63921124e-05,4.100403400000001e-06,0.000402691497,0.6114923505000001,9.63921124e-05,4.100403400000001e-06,0.0125155066,2.10719178e-07,0.00015684898699999997,-0.13935344619999998,15.484355373,-0.00734050061,-0.01181389435,-0.0119733904,2.2553779899999996e-06,6.771186350000001e-05
113,1661536800,0.023440645000000003,0.0235967899,-0.028797655100000003,-1.6660461299999998,0.206218798,0.14224261,0.185218152,0.176592892,0.00019915511300000002,0.00978890445,0.00015622819200000003,5.6634455300000004e-08,6.114518103e-08,7.193049245e-08,1.042120686e-07,1.293928584e-07,2.1220258449999999e-07,4.2872849300000004e-07,0.0114630794,0.00024986565600000003,6.2267237799999995e-06,70.13920909999999,51.48742610000001,7.89570422e-07,6.2419438,0.0024995986800000003,0.250533421,7.913258150000001e-05,3.14193533e-06,0.004968029520000001,1.012998006,7.913258150000001e-05,3.14193533e-06,0.01260467425,4.9641806100000005,7.913258150000001e-05,3.14193533e-06,0.00032556788199999997,0.31725107370000005,7.913258150000001e-05,3.14193533e-06,0.012492721699999999,2.30622399e-07,0.00015629900699999996,0.014495566729999998,6.990233549999999,-0.008008694850000001,-0.011731502600000002,-0.011914391900000001,2.5068647e-06,6.808752419999999e-05
113,1661537400,0.0234302831,0.023585696700000002,-0.0207276474,-1.64914706,0.204606245,0.141965721,0.188893268,0.17978048800000002,0.0001808630736,0.0098009053,0.00015548836300000003,4.818056399999999e-08,5.00129021e-08,5.820490520000001e-08,8.217894829999999e-08,9.951077230000002e-08,1.553747587e-07,3.3000468900000003e-07,0.01144510465,0.000264515826,4.614795010000001e-06,71.01107929999998,51.621199800000014,7.89328869e-07,6.21104126,0.0024921352100000004,0.24829447899999998,7.719503400000001e-05,2.79384814e-06,0.004953348330000001,1.0072075360000001,7.719503400000001e-05,2.79384814e-06,0.0126070907,5.00991387,7.719503400000001e-05,2.79384814e-06,0.00035408752100000003,0.3366477284,7.719503400000001e-05,2.79384814e-06,0.012465602749999999,1.96961775e-07,0.00015558850999999998,-0.036722949240000004,4.634292972,-0.00924426473,-0.0117603341,-0.011924183000000001,2.36766648e-06,6.810611689999999e-05
113,1661538000,0.0254087416,0.0255647768,-0.0252024914,-1.5946009900000002,0.21979420899999996,0.14682223900000002,0.20378122399999996,0.192568381,0.000176454244,0.0105873134,0.000156112264,5.2152323449999994e-08,5.4820944600000004e-08,6.364549575e-08,9.15470674e-08,1.196817906e-07,1.8297795339999998e-07,4.000471984e-07,0.01242002135,0.00027869030500000003,4.615134119999999e-06,71.31805019999999,51.611262599999996,8.55163739e-07,6.079327490000001,0.00258207149,0.26690238,7.939951e-05,3.12937808e-06,0.00514876167,1.0874640199999999,7.939951e-05,3.12937808e-06,0.012624737949999998,5.04963751,7.939951e-05,3.12937808e-06,0.00036135355599999997,0.40044332899999996,7.939951e-05,3.12937808e-06,0.0124905042,2.0943535399999998e-07,0.000156222227,-0.17684705775299997,19.012978157,-0.00876046161,-0.011773332000000001,-0.0119379245,2.3719394099999997e-06,6.82240856e-05
113,1661538600,0.0260423024,0.026198344300000002,-0.030428663700000004,-1.4645180100000001,0.232507097,0.14568181399999997,0.21743163399999998,0.204418739,0.000183313895,0.01078431835,0.000156112232,4.1329987150000005e-08,4.433233087e-08,5.229598455e-08,7.865217610000001e-08,1.0242790080000002e-07,1.553285197e-07,3.7577495899999997e-07,0.01279033075,0.00022450896699999998,5.388289019999999e-06,70.63603809999998,51.1663776,8.7628456e-07,6.09339284,0.0025901672,0.272806286,9.05673789e-05,3.94660141e-06,0.005222552480000001,1.1184920499999997,9.05673789e-05,3.94660141e-06,0.012675160699999998,5.2133635400000005,9.05673789e-05,3.94660141e-06,0.00041425678,0.5787409020000001,9.05673789e-05,3.94660141e-06,0.012494479999999999,2.04090061e-07,0.000156316353,-0.006138051699999998,1.3973598150000002,-0.00959987805,-0.011764967099999999,-0.011932641300000001,2.50592523e-06,6.86018717e-05
113,1661539200,0.0259877517,0.0261445421,-0.025350555399999995,-1.54716194,0.22470686100000004,0.147154475,0.20749383400000002,0.197968545,0.00015686976760000002,0.010787313999999998,0.00015686166,4.77628451e-08,4.942947965e-08,5.756717830000001e-08,8.64638647e-08,1.0415301525e-07,1.559319763e-07,3.6023055300000004e-07,0.0128205996,0.00016814470099999997,4.178754160000001e-06,69.86859589999999,50.7274945,8.749147160000001e-07,5.873179749999999,0.0025988539099999998,0.274220614,8.51563326e-05,3.3821506499999995e-06,0.0052378923200000005,1.1250357,8.51563326e-05,3.3821506499999995e-06,0.012688875050000001,5.17403137,8.51563326e-05,3.3821506499999995e-06,0.000387251166,0.48621751463,8.51563326e-05,3.3821506499999995e-06,0.012523303199999999,2.10964895e-07,0.00015704317,-0.26522575150000005,29.88279536,-0.0083754282,-0.011805982150000002,-0.01197186385,2.31240082e-06,6.857853059999999e-05
113,1661539800,0.025633600899999998,0.025790372900000004,-0.0251943464,-1.61933501,0.21675661599999999,0.14767191000000002,0.198981075,0.19084332399999998,0.00019174252560000003,0.010619737500000002,0.000156853103,5.7495808000000006e-08,6.438908579999999e-08,8.189073469999998e-08,1.113011129e-07,1.395606444e-07,2.2798730700000004e-07,4.896787649999999e-07,0.012623813000000001,0.00018652385500000002,5.203890069999999e-06,67.5674987,50.880805599999995,8.621179599999999e-07,6.3446884,0.0025930041500000006,0.270972582,8.81348122e-05,3.55195995e-06,0.00519895503,1.10913314,8.81348122e-05,3.55195995e-06,0.012686641899999998,5.19374262,8.81348122e-05,3.55195995e-06,0.00039523665300000003,0.514156511,8.81348122e-05,3.55195995e-06,0.012523569000000002,1.9146543400000001e-07,0.000157031612,0.045808346300000004,0.9520618969999999,-0.0099527007,-0.0118017509,-0.011973322599999999,2.2605842700000003e-06,6.8053863e-05
113,1661540400,0.024420740700000002,0.024576813,-0.025005092799999996,-1.6230265199999998,0.210193919,0.14428471699999998,0.19459344100000003,0.18604318100000003,0.00015025771490000003,0.01009986535,0.000156143792,4.49883723e-08,4.63266656e-08,5.34366871e-08,8.241314369999999e-08,1.017577387e-07,1.57554089e-07,3.5339887399999997e-07,0.01199637805,0.00020856188999999998,4.51763776e-06,70.3033935,51.11288270000001,8.221950130000002e-07,6.236096259999999,0.00252020916,0.254564137,7.62320722e-05,2.86598638e-06,0.00505444486,1.04721043,7.62320722e-05,2.86598638e-06,0.012609517800000001,4.96087297,7.62320722e-05,2.86598638e-06,0.00034056666,0.3158010225,7.62320722e-05,2.86598638e-06,0.0124936732,1.9138682500000002e-07,0.000156283937,0.018038872299999998,1.8343908189999998,-0.00961026457,-0.0117844662,-0.01194646825,2.35766722e-06,6.871826740000001e-05
113,1661541000,0.0241392407,0.024295431099999997,-0.020549800918000002,-1.60637838,0.211543961,0.14289077599999997,0.195380964,0.186455692,0.0002222352405,0.010121909600000001,0.000156258377,4.4113359e-08,4.583030703e-08,5.27830929e-08,8.096293800000001e-08,1.0672217520000001e-07,1.642843064e-07,3.852207735e-07,0.0118652648,0.00019915518499999998,4.251531220000001e-06,69.8471924,51.0407414,8.129774730000001e-07,6.295088659999999,0.00251599288,0.25470012500000005,8.954030140000001e-05,3.7161737e-06,0.00503925929,1.04435285,8.954030140000001e-05,3.7161737e-06,0.0126737877,5.22007552,8.954030140000001e-05,3.7161737e-06,0.00039787665699999995,0.562678649,8.954030140000001e-05,3.7161737e-06,0.0125015563,1.7409925200000002e-07,0.00015646342100000002,0.039005678470000006,0.999109282,-0.010126436150000001,-0.011815857400000001,-0.0119746451,2.2819678800000003e-06,6.793018620000001e-05
113,1661541600,0.0249278641,0.0250843251,-0.0273666169,-1.5731711899999998,0.215931591,0.144657364,0.20299369699999997,0.192080859,0.00022418185400000006,0.0103883557,0.000156602227,1.1238435634999999e-07,1.1905933532999998e-07,1.366323334e-07,1.763325182e-07,2.2636039180000003e-07,3.3566590209999997e-07,6.526115330000001e-07,0.012247540250000001,0.00020958522400000003,4.90311504e-06,67.46809019999999,51.097975399999996,8.385779649999998e-07,6.318715569999999,0.00254430004,0.26005485300000003,8.384566089999999e-05,3.513029639999999e-06,0.00510671548,1.070443291,8.384566089999999e-05,3.513029639999999e-06,0.0126410818,5.06193988,8.384566089999999e-05,3.513029639999999e-06,0.000349645466,0.4026547742,8.384566089999999e-05,3.513029639999999e-06,0.01250504365,1.8007849e-07,0.000156556975,0.012047900399999999,0.5895834696000001,-0.01034011165,-0.0118093317,-0.01197199245,2.5516369700000003e-06,6.91824e-05
113,1661542200,0.023723493199999997,0.0238798547,-0.0275337714,-1.59733962,0.208806375,0.14169632999999998,0.194818445,0.184768143,0.0001888881496,0.009831206299999999,0.00015644213299999997,4.72594768e-08,4.7638182569999994e-08,5.3648144419999994e-08,7.766929140000001e-08,9.536126400000001e-08,1.4133778265e-07,2.9892767160000004e-07,0.011651605749999999,0.00020509549300000004,4.19848805e-06,70.186917,51.0968993,7.994974789999999e-07,5.844192680000001,0.0025002918399999997,0.250540879,8.37145543e-05,3.37437015e-06,0.004999702179999999,1.026010633,8.37145543e-05,3.37437015e-06,0.012659786900000001,5.08753764,8.37145543e-05,3.37437015e-06,0.000359208612,0.4062254144,8.37145543e-05,3.37437015e-06,0.012502853,1.75990588e-07,0.000156498124,0.0115461196,0.2522907151,-0.0106424539,-0.011814998200000001,-0.0119722519,2.54644437e-06,6.89481173e-05
113,1661542800,0.0237994254,0.0239554606,-0.0335539065,-1.60382201,0.208806374,0.141956661,0.19343090400000001,0.184505632,0.00013564420949999998,0.00983402425,0.000156107543,4.41422232e-08,4.56742201e-08,5.3955190750000006e-08,7.769620550000001e-08,9.84600813e-08,1.4568729649999996e-07,3.26694503e-07,0.0117076264,0.00018541895,5.801970890000001e-06,69.41876649999999,50.9619057,8.019120119999998e-07,6.120960230000001,0.0024785197699999997,0.246661124,8.7688854e-05,3.57857022e-06,0.00498551812,1.019704999,8.7688854e-05,3.57857022e-06,0.012662057249999997,5.1633987,8.7688854e-05,3.57857022e-06,0.000389112892,0.49566852250000004,8.7688854e-05,3.57857022e-06,0.012490252499999998,1.79561e-07,0.00015618689999999998,-0.014235571899999997,3.0517936642691605,-0.009764082850000001,-0.0118047617,-0.0119598701,2.45910168e-06,6.89006975e-05
113,1661543400,0.023860234700000003,0.0240164653,-0.028349882400000005,-1.6029677799999997,0.20861886699999999,0.14217948200000002,0.19463094400000003,0.18521815300000002,0.000170513044,0.009897416249999999,0.00015629946,3.92958131e-08,4.1669277670000004e-08,4.7754012450000013e-08,7.415402220000001e-08,9.188027730000001e-08,1.40695389e-07,3.31263633e-07,0.0117259971,0.00019853236299999998,4.75002455e-06,70.2032904,51.040229700000005,8.037026950000001e-07,5.938157970000001,0.00250880977,0.252695487,7.32561026e-05,2.66650367e-06,0.005019999650000001,1.0344332489999999,7.32561026e-05,2.66650367e-06,0.01261704295,4.92227409,7.32561026e-05,2.66650367e-06,0.000323774385,0.2504889294,7.32561026e-05,2.66650367e-06,0.012503650800000002,1.79526971e-07,0.000156521059,0.03253237306999999,1.533514303,-0.010021348099999999,-0.011816724399999999,-0.0119741409,2.4194425400000002e-06,6.835014459999999e-05
113,1661544000,0.023986109,0.0241422829,-0.028177302199999997,-1.61908423,0.208056356,0.14291860399999998,0.193168395,0.184355626,0.0001444873671,0.0098659069,0.00015623447,3.790059075e-08,4.215352280000001e-08,5.35853143e-08,8.51261587e-08,1.2002114970000002e-07,2.020472782e-07,4.5387791200000003e-07,0.011786000599999999,0.00020022221799999998,5.77413444e-06,69.33606239999999,51.051531,8.07182273e-07,6.42218688,0.00251335699,0.253225734,7.2815089e-05,2.52721908e-06,0.00502330445,1.0348751699999998,7.2815089e-05,2.52721908e-06,0.012618133650000002,4.9416454100000005,7.2815089e-05,2.52721908e-06,0.000346891169,0.277169335,7.2815089e-05,2.52721908e-06,0.0124966965,1.8910274e-07,0.000156357704,-0.034199527199999996,1.968502046,-0.00952671495,-0.01180256885,-0.0119638701,2.2400969900000003e-06,6.78050884e-05
113,1661544600,0.024313252299999998,0.024469722399999998,-0.0367929112,-1.5911614699999999,0.21386903,0.143372782,0.19755603100000002,0.18746822400000002,0.000143216665,0.0100494885,0.000156522879,2.650359185e-08,2.8007355300000003e-08,3.4353390900000004e-08,5.81874214e-08,7.443751180000001e-08,1.265347603e-07,3.112865706e-07,0.01193331135,0.000215449081,7.15089117e-06,71.2026314,51.163562199999994,8.188040060000002e-07,5.9420417,0.00253239376,0.257742933,7.589605790000001e-05,2.8715792600000003e-06,0.005065804039999999,1.0527443699999999,7.589605790000001e-05,2.8715792600000003e-06,0.0126431191,5.03527487,7.589605790000001e-05,2.8715792600000003e-06,0.000350462063,0.3310813335,7.589605790000001e-05,2.8715792600000003e-06,0.012513222300000001,1.9732037999999997e-07,0.00015677852,-0.009482488899999997,2.686390046,-0.009204536250000001,-0.0118081794,-0.011972462,2.3878003699999997e-06,6.83706173e-05
113,1661545200,0.021985024399999997,0.0221417363,-0.022837994629999997,-1.5843462799999999,0.20550627100000002,0.136148761,0.189118273,0.17936797499999999,0.000196845303,0.0091788945,0.000156787556,4.8394762e-08,5.144790706e-08,6.02778677e-08,8.843882259999999e-08,1.1843371779999998e-07,1.824425556e-07,4.0397476749999997e-07,0.010791154,0.00019590186099999995,4.42227177e-06,70.900524,51.115170500000005,7.41019512e-07,6.3724273,0.0023914291,0.22959377299999995,8.09630376e-05,3.2050446099999996e-06,0.00479583438,0.9440681660000001,8.09630376e-05,3.2050446099999996e-06,0.0126575423,5.0659201000000005,8.09630376e-05,3.2050446099999996e-06,0.00035538788200000003,0.388474354,8.09630376e-05,3.2050446099999996e-06,0.012518278150000001,1.8929642800000002e-07,0.00015689765300000002,0.04936990502500001,1.46887348,-0.009526808000000001,-0.011825216599999999,-0.011983307799999999,2.5048050400000002e-06,6.892826459999999e-05
113,1661545800,0.0233638463,0.023520336799999996,-0.0318467,-1.5842743700000002,0.20663130899999999,0.140213251,0.19358091,0.18394311300000002,0.000155834371,0.009666071350000001,0.000156579447,6.30813177e-08,6.714171489999998e-08,7.68981633e-08,1.108389919e-07,1.4350104250000003e-07,2.266733481e-07,4.8132806e-07,0.01149222285,0.00018263043399999998,5.81011558e-06,68.4947825,50.9181376,7.86653322e-07,6.415332889999999,0.0024840037500000003,0.24855882099999999,8.44176229e-05,3.4243026999999996e-06,0.00496744841,1.013593457,8.44176229e-05,3.4243026999999996e-06,0.012673873999999998,5.15132698,8.44176229e-05,3.4243026999999996e-06,0.000380651747,0.4746470196,8.44176229e-05,3.4243026999999996e-06,0.012506166899999999,1.8638169999999998e-07,0.00015659102400000002,-0.004830275699999995,3.7446326010000006,-0.00926105817,-0.01180872145,-0.01197152485,2.4200247300000003e-06,6.840908589999999e-05
113,1661546400,0.0228590474,0.023016067699999997,-0.035061322900000004,-1.5510118,0.20989390800000002,0.138224989,0.194968452,0.184505635,0.0001366907196,0.009498445950000002,0.000157094627,4.465204350000001e-08,4.61970088e-08,5.290687959999999e-08,7.979293660000001e-08,1.014810577e-07,1.617291079e-07,3.5160524040000003e-07,0.0112367469,0.00018623010199999998,5.63352372e-06,70.4653727,50.977826500000006,7.703476290000001e-07,6.27673926,0.0024484228199999998,0.24160012599999997,8.34078613e-05,3.3595214800000006e-06,0.00490849165,0.98866891,8.34078613e-05,3.3595214800000006e-06,0.012671419750000001,5.0810014,8.34078613e-05,3.3595214800000006e-06,0.000360359835,0.4178696304999999,8.34078613e-05,3.3595214800000006e-06,0.012534274299999999,1.83203878e-07,0.00015729165700000003,0.037594053700000005,2.8265077350000007,-0.009291350750000002,-0.0118561391,-0.01200646905,2.5067337100000006e-06,6.921603180000001e-05
113,1661547000,0.0221820185,0.022338398199999998,-0.031104117900000006,-1.53497281,0.205843787,0.13579618200000002,0.192793386,0.18274307699999998,0.000146805927,0.0091889796,0.00015646462,6.04587956e-08,6.168105914e-08,7.231332873999999e-08,1.0043795369999998e-07,1.276010639e-07,1.981950364e-07,4.071600184e-07,0.0109113431,0.00017355235500000004,5.00080933e-06,68.62058520000002,50.903178499999996,7.479345309999999e-07,6.299525579999999,0.0023952774600000002,0.231612382,8.599099119999999e-05,3.38810443e-06,0.00482454424,0.9542163270000001,8.599099119999999e-05,3.38810443e-06,0.012661909850000003,5.1262643699999995,8.599099119999999e-05,3.38810443e-06,0.000376708804,0.4680164145,8.599099119999999e-05,3.38810443e-06,0.012502616700000002,1.6400324599999998e-07,0.00015647987499999998,0.0693050742,0.834543809,-0.0101115229,-0.011839753049999999,-0.011990911750000001,2.2790767499999996e-06,6.78121449e-05
113,1661547600,0.0215669877,0.0217234572,-0.0323507718,-1.54855677,0.201606153,0.134179518,0.187993243,0.17869295300000002,0.00016674550550000003,0.0089431944,0.000156534706,3.55426644e-08,3.73360597e-08,4.356859546e-08,6.94573418e-08,9.178360879999999e-08,1.4386913050000003e-07,3.332343995e-07,0.0106193218,0.00015775717400000002,5.59084435e-06,69.65517530000001,50.7784476,7.27347908e-07,6.03920429,0.00236625606,0.226178085,8.262076710000001e-05,3.3488384900000005e-06,0.004767734210000001,0.9322876780000001,8.262076710000001e-05,3.3488384900000005e-06,0.01265152215,5.04888842,8.262076710000001e-05,3.3488384900000005e-06,0.000353611251,0.39337264499999997,8.262076710000001e-05,3.3488384900000005e-06,0.012508485000000003,1.7410887299999998e-07,0.000156636665,0.0572302558,0.517546951,-0.010254792399999999,-0.0118212951,-0.0119813595,2.4868250400000003e-06,6.81053578e-05
113,1661548200,0.021707891,0.0218643753,-0.025833277200000004,-1.57298699,0.20209366700000003,0.134989216,0.187205715,0.178430445,0.000151129682,0.009040702599999999,0.000156545766,3.2280115549999995e-08,3.250877701e-08,3.7362062090000004e-08,5.854932899999999e-08,7.38587486e-08,1.10138692e-07,2.425843619e-07,0.010703958999999999,0.00014533669400000002,3.9973412899999995e-06,68.0418092,50.6401393,7.324449390000001e-07,5.706071509999999,0.0023968193399999996,0.23164068100000001,7.336538340000001e-05,2.6742067000000003e-06,0.004803428219999999,0.9469517960000001,7.336538340000001e-05,2.6742067000000003e-06,0.012631268300000002,4.95743732,7.336538340000001e-05,2.6742067000000003e-06,0.000331427304,0.2751968195,7.336538340000001e-05,2.6742067000000003e-06,0.0125132692,1.7420083099999998e-07,0.00015675676300000002,0.043509283200000005,1.123848599,-0.009917981650000001,-0.011832193099999999,-0.0119905199,2.4240759600000003e-06,6.90038391e-05
113,1661548800,0.0209462142,0.021103158000000004,-0.020179973690000002,-1.63003541,0.191743355,0.13383385399999997,0.17786793,0.17100522,0.000214202546,0.00875720105,0.00015702339599999997,5.4564908350000006e-08,5.820270657e-08,6.647647662e-08,9.550127510000002e-08,1.2469414220000002e-07,1.904170327e-07,3.9274260540000007e-07,0.0103168797,0.00015092896300000002,4.22909796e-06,66.993805,50.737757800000004,7.066933419999999e-07,6.198238330000001,0.00233298808,0.21878377499999999,7.86197883e-05,2.93118099e-06,0.00469355062,0.9030374120000001,7.86197883e-05,2.93118099e-06,0.012645737300000001,5.026399499999999,7.86197883e-05,2.93118099e-06,0.000331265185,0.34095726173,7.86197883e-05,2.93118099e-06,0.012527389249999998,1.6954845299999998e-07,0.00015710552100000003,0.0113137424,0.725451148,-0.01008763945,-0.01186043765,-0.0120133179,2.2806962299999997e-06,6.8399206e-05
113,1661549400,0.0208041557,0.0209608538,-0.0244566502,-1.63698412,0.19039331200000004,0.133331666,0.176780392,0.16931767,0.000182211506,0.0088197679,0.000156772019,4.70257572e-08,4.9458485360000005e-08,5.890033759999999e-08,8.36677203e-08,1.0991625810000001e-07,1.684979149e-07,3.5778204449999997e-07,0.0102426411,0.00015452806399999998,3.95416574e-06,68.3997073,50.7558144,7.02059848e-07,6.2513843200000005,0.0023416405,0.22069497400000002,8.083992710000002e-05,3.05528137e-06,0.004696361529999999,0.9057179410000001,8.083992710000002e-05,3.05528137e-06,0.012645428000000004,5.0197407,8.083992710000002e-05,3.05528137e-06,0.000336759965,0.36538206625,8.083992710000002e-05,3.05528137e-06,0.012521646050000002,1.60374377e-07,0.00015695247,-0.009414692900000004,0.9838034149999999,-0.010261828299999998,-0.0118734543,-0.0120198582,2.3142372800000004e-06,6.83536214e-05
113,1661550000,0.0232166495,0.0233729232,-0.021309726,-1.63728184,0.19770603499999997,0.14086676,0.18664319999999998,0.17985549199999998,0.000162529531,0.0096793322,0.00015636599399999998,6.511340885e-08,6.921346359999998e-08,7.883549130000001e-08,1.088055002e-07,1.3922069900000002e-07,2.036594541e-07,4.043180454e-07,0.011448617999999999,0.00015514216,3.39539107e-06,68.0325263,50.692228500000006,7.82236818e-07,5.95452853,0.0024695876800000004,0.24535448799999998,8.199451849999999e-05,3.24900646e-06,0.00495664265,1.008208779,8.199451849999999e-05,3.24900646e-06,0.0126273623,5.03115057,8.199451849999999e-05,3.24900646e-06,0.000325313935,0.3539145937,8.199451849999999e-05,3.24900646e-06,0.01250039795,1.8186265700000002e-07,0.00015644214900000002,-0.0306422164,2.4886435121000003,-0.010118135299999999,-0.011812747600000001,-0.011974711700000001,2.43476663e-06,6.84027041e-05
113,1661550600,0.0243954599,0.024552172999999997,-0.0212403515,-1.6588701799999999,0.199468589,0.14472464499999999,0.186905708,0.18188054999999997,0.00017498664999999997,0.010121110049999998,0.00015679687300000002,5.536483229999999e-08,5.7027040870000005e-08,6.691447716000001e-08,9.53866508e-08,1.270573783e-07,1.8880818125000003e-07,4.0483222199999986e-07,0.012039098800000002,0.000153290601,4.24419559e-06,68.08407500000001,50.6324155,8.21495707e-07,6.04431409,0.00253698676,0.25993149200000004,8.24304749e-05,3.26331736e-06,0.00509195541,1.06434531,8.24304749e-05,3.26331736e-06,0.012667322350000001,5.06581932,8.24304749e-05,3.26331736e-06,0.00036794994300000004,0.40828513600000005,8.24304749e-05,3.26331736e-06,0.01251908495,1.81571643e-07,0.00015690938599999997,0.013057755550000005,1.7081932687999999,-0.00994164082,-0.01182011825,-0.011978814600000002,2.4970298899999998e-06,6.8438756e-05
113,1661551200,0.0213336317,0.021491067600000004,-0.0281290688,-1.63937153,0.188893266,0.134979324,0.176592892,0.17040519999999998,0.00017147781690000002,0.008853940650000001,0.00015750492999999999,3.9933925599999995e-08,4.089774928e-08,4.838656179999999e-08,7.59682771e-08,9.908630836e-08,1.5351510569999998e-07,3.411263087e-07,0.010524916,0.00013614313000000002,4.88229705e-06,68.525594,50.5430277,7.19764618e-07,6.11751484,0.00240101164,0.232957355,9.00727929e-05,3.6663578499999995e-06,0.004788527240000001,0.9433995989999999,9.00727929e-05,3.6663578499999995e-06,0.012704080849999999,5.15794655,9.00727929e-05,3.6663578499999995e-06,0.00035984410699999996,0.46641262690000007,9.00727929e-05,3.6663578499999995e-06,0.012548638350000002,1.6414683300000002e-07,0.00015763368900000003,-0.0415664313,0.1724785449,-0.010837702000000001,-0.01189323095,-0.0120374838,2.4152515299999997e-06,6.85176757e-05
113,1661551800,0.0218081168,0.0219659732,-0.027291228499999997,-1.65702542,0.18754322299999998,0.136829211,0.176030375,0.170705213,0.000168836234,0.0091378043,0.00015792858099999998,4.076568520000001e-08,4.170510859e-08,4.83381053e-08,7.205276629999999e-08,8.74971649e-08,1.310007494e-07,2.8741345200000003e-07,0.01075052345,0.000148186792,4.5655702899999995e-06,69.7199412,50.65436749999999,7.35877567e-07,6.05895085,0.00241688871,0.23585046799999998,8.7836891e-05,3.6129905000000007e-06,0.00482835524,0.958586105,8.7836891e-05,3.6129905000000007e-06,0.012719982299999998,5.147158720000001,8.7836891e-05,3.6129905000000007e-06,0.00035903891799999996,0.4525523358,8.7836891e-05,3.6129905000000007e-06,0.0125681297,1.7781261299999998e-07,0.000158136544,-0.016248256339999996,0.4706128764,-0.0105313435,-0.0118798931,-0.012040023950000003,2.55609059e-06,6.92624205e-05
113,1661552400,0.020182222000000003,0.0203396801,-0.0279971941,-1.64721813,0.18319309,0.13147962000000002,0.172092753,0.16504253800000002,0.000190983529,0.00842072715,0.00015751661099999999,3.1426786049999996e-08,3.224848454e-08,3.679915403e-08,5.9285343400000005e-08,7.46860546e-08,1.100927102e-07,2.416832475e-07,0.0099230759,0.000163187693,4.2026396699999995e-06,69.6018596,50.886252,6.81794394e-07,5.927759200000001,0.00228509391,0.209139165,8.876723200000001e-05,3.5779859e-06,0.00458888774,0.8637785749999999,8.876723200000001e-05,3.5779859e-06,0.0126997037,5.149066110000001,8.876723200000001e-05,3.5779859e-06,0.000366277605,0.4764892979,8.876723200000001e-05,3.5779859e-06,0.012546989,1.5502531659999998e-07,0.000157582268,0.055673872619999995,0.33506048999999993,-0.010668825650000002,-0.0119038524,-0.01204950235,2.3098972899999994e-06,6.83487975e-05
113,1661553000,0.0213109731,0.021468711000000005,-0.0217376022,-1.6123514499999998,0.197743536,0.13450912199999998,0.18169304800000002,0.173705308,0.00024295568300000003,0.008987329800000003,0.000157821163,5.9274912599999995e-08,6.12166011e-08,7.319835386e-08,1.0706195280000001e-07,1.39500534e-07,2.138981162e-07,4.50846235e-07,0.01049314715,0.00015637746200000002,4.7698413e-06,67.9316885,50.7479039,7.18583109e-07,6.371880729999999,0.0023755113999999996,0.227221199,8.108018260000001e-05,3.09378286e-06,0.00475334843,0.927847223,8.108018260000001e-05,3.09378286e-06,0.0126903597,5.09164451,8.108018260000001e-05,3.09378286e-06,0.00033451841,0.3744640387,8.108018260000001e-05,3.09378286e-06,0.012559055200000002,1.6737056e-07,0.000157897649,0.0356551586,0.4673168872000001,-0.0102760279,-0.0118876246,-0.012040797249999999,2.3406228999999997e-06,6.88277922e-05
113,1661553600,0.021061166200000002,0.0212189852,-0.029398782499999998,-1.6472725999999998,0.18896827,0.13432771300000002,0.17501784399999998,0.16834264,0.000196066908,0.00887694295,0.000157883355,3.80608704e-08,3.98445277e-08,4.9064358100000005e-08,7.76191235e-08,1.109774503e-07,1.793991001e-07,3.9655489300000005e-07,0.010368773500000001,0.000155290221,5.558220429999999e-06,69.360542,50.7565163,7.10104058e-07,6.428917749999999,0.0023565224,0.223198881,7.79917977e-05,2.89820997e-06,0.0047288050800000005,0.917639107,7.79917977e-05,2.89820997e-06,0.0126886903,5.0492966,7.79917977e-05,2.89820997e-06,0.000336697012,0.3317895902,7.79917977e-05,2.89820997e-06,0.012562818049999999,1.57690413e-07,0.00015798241800000002,0.020785796699999998,0.7930235452,-0.010347854650000002,-0.011908215350000001,-0.012060443100000002,2.40393807e-06,6.902149419999999e-05
113,1661554200,0.0186659213,0.018823592099999998,-0.0262268921,-1.6600113799999998,0.17254276400000002,0.1264517186,0.16117992199999998,0.15619226700000002,0.0001709816874,0.007914987750000001,0.000157751589,5.34130654e-08,5.525635441e-08,6.443009444e-08,8.889928109999999e-08,1.1279867025e-07,1.6869970609999998e-07,3.40664951e-07,0.00919903618,0.00012780011759999999,5.15227877e-06,67.9133776,50.54968770000001,6.310136989999999e-07,6.254595259999999,0.00222546967,0.199626382,7.743841060000002e-05,2.8154663e-06,0.004455372650000001,0.815826343,7.743841060000002e-05,2.8154663e-06,0.01266084545,4.958086419999999,7.743841060000002e-05,2.8154663e-06,0.000304441117,0.2659717292,7.743841060000002e-05,2.8154663e-06,0.012554299750000001,1.5761928999999997e-07,0.000157768599,-0.026591058500000004,1.6275085695000002,-0.01046995995,-0.0119080909,-0.0120507428,2.38616487e-06,6.897676900000002e-05
113,1661554800,0.016059788,0.016217638099999997,-0.0326636057,-1.6506347300000002,0.161704934,0.1173484275,0.150192088,0.14479191900000002,0.00014691140119999998,0.00676798438,0.000157896933,1.9008034499999997e-08,1.8790765099999996e-08,2.0663721159999997e-08,3.66809587e-08,4.41294991e-08,6.485132499999999e-08,1.592035352e-07,0.00790800652,0.0001172091708,4.2604842900000005e-06,71.19144460000001,50.49055380000001,5.447031360000001e-07,5.88646475,0.00207822202,0.17387452299999998,7.70227844e-05,2.7558002900000004e-06,0.004133448579999999,0.702283816,7.70227844e-05,2.7558002900000004e-06,0.0126554806,4.93561401,7.70227844e-05,2.7558002900000004e-06,0.000281362727,0.26116570536999995,7.70227844e-05,2.7558002900000004e-06,0.012559981049999999,1.5035718600000001e-07,0.000157904442,0.07578097799999998,0.7323123773,-0.010352728299999999,-0.011921244300000002,-0.012068511100000002,2.30679118e-06,6.874050850000002e-05
113,1661555400,0.017172166000000003,0.017330155100000005,-0.037566540100000004,-1.5891489799999998,0.17903046399999997,0.1203379644,0.162454959,0.15487973100000002,0.000261050202,0.007482950550000001,0.00015819326,3.5885239969999996e-08,3.7686373789999996e-08,4.655780469e-08,7.07646685e-08,9.059247600000001e-08,1.4392035050000003e-07,3.20392304e-07,0.008447977700000001,0.0001314138185,5.73544525e-06,68.45898030000001,50.6233887,5.811516700000001e-07,6.274650520000001,0.00215440279,0.187152508,8.164209010000001e-05,4.3360997200000005e-06,0.0042815197700000005,0.753969742,8.164209010000001e-05,4.3360997200000005e-06,0.0126452648,4.87796992,8.164209010000001e-05,4.3360997200000005e-06,0.00027255171299999997,0.1650899831,8.164209010000001e-05,4.3360997200000005e-06,0.012570799399999999,4.5449706299999993e-07,0.000158479963,-0.5341788048,9.067851534399999,-0.00908803733,-0.011781173849999998,-0.01198750925,4.4453003800000006e-06,8.085142e-05
113,1661556000,0.017387852200000005,0.017545393700000002,-0.0378399403,-1.6177928899999998,0.17854294900000003,0.1216753956,0.161142417,0.15341718499999998,0.000346376849,0.00755105932,0.00015761111500000002,3.97803688e-08,4.1538834599999996e-08,4.841785347e-08,7.766757579999998e-08,1.023335252e-07,1.582741663e-07,3.5275930649999996e-07,0.008542597619999998,0.000144537618,5.8959384e-06,68.4338906,50.771731499999994,5.88306311e-07,6.4406762099999995,0.00216600432,0.189391422,7.7996492e-05,2.9812201199999997e-06,0.00430540116,0.762732633,7.7996492e-05,2.9812201199999997e-06,0.0126646264,4.99095526,7.7996492e-05,2.9812201199999997e-06,0.00030653425599999997,0.2782529114,7.7996492e-05,2.9812201199999997e-06,0.01254948815,1.83426183e-07,0.00015767392,0.0794551969,7.400789242100002,-0.00912431174,-0.0118768029,-0.012034861650000001,2.47944902e-06,6.932563559999999e-05
113,1661556600,0.0201153606,0.0202727651,-0.02628679631,-1.6364770499999999,0.191180834,0.13097308900000001,0.172842771,0.16414251400000002,0.00048303293400000006,0.008940284199999999,0.000157458295,3.0869655e-08,3.60715714e-08,5.19732725e-08,9.39771739e-08,1.5097167749999998e-07,2.3775598300000002e-07,5.00422889e-07,0.0098868206,0.00016345984399999998,6.24212261e-06,69.2263102,50.8670521,6.78419698e-07,6.645518640000001,0.0023375101,0.22249079399999996,7.83304864e-05,2.85194737e-06,0.00461153936,0.877592462,7.83304864e-05,2.85194737e-06,0.0126634896,5.02769143,7.83304864e-05,2.85194737e-06,0.00032348889000000005,0.33210512049999996,7.83304864e-05,2.85194737e-06,0.012547356199999998,2.852017609999999e-07,0.000157721885,0.13277521960000002,2.589129684,-0.009788337840000003,-0.011847217099999998,-0.01202295755,2.25678713e-06,6.87736514e-05
113,1661557200,0.017247288300000004,0.0174043637,-0.033676472500000006,-1.60175557,0.182105565,0.1208309844,0.16264246499999999,0.153492183,0.000531037207,0.00776940481,0.000157165687,5.64532969e-08,6.26860823e-08,8.9561877e-08,1.064317485e-07,1.5971190700000003e-07,1.8725232800000001e-07,3.7923649829999996e-07,0.00844965597,0.000167705025,5.146861050000001e-06,68.25507280000001,51.0833723,5.83510876e-07,6.423512840000001,0.00214361294,0.18749542,7.946691649999998e-05,3.18275416e-06,0.0042568966899999994,0.749809583,7.946691649999998e-05,3.18275416e-06,0.0126501951,4.99179117,7.946691649999998e-05,3.18275416e-06,0.000316217407,0.3240386987,7.946691649999998e-05,3.18275416e-06,0.01253158815,3.00003947e-07,0.000157341215,0.0546528778,0.18400406030000002,-0.00994375623,-0.011638784749999999,-0.0118362524,2.5892814400000004e-06,6.871571600000001e-05
113,1661557800,0.016571008,0.016727879,-0.0396736301,-1.59534396,0.176630391,0.11853342150000001,0.159642372,0.15105460899999998,0.000299185005,0.007194720469999999,0.000156933691,3.3495755509999996e-08,3.558468375e-08,4.6162420170000004e-08,6.738383759999999e-08,9.46904119e-08,1.4608205029999998e-07,3.131263357e-07,0.00814353899,0.000135206505,5.940880510000001e-06,69.28164190000001,50.7192644,5.609917750000001e-07,6.3291102299999995,0.0021030827699999996,0.17808856999999997,7.56286558e-05,2.7723804100000002e-06,0.004194178880000001,0.722844236,7.56286558e-05,2.7723804100000002e-06,0.012631506850000002,4.951398730000001,7.56286558e-05,2.7723804100000002e-06,0.000300643015,0.27719596160000004,7.56286558e-05,2.7723804100000002e-06,0.012526028600000003,1.69488476e-07,0.000157072283,-0.013512969560000001,0.365521136,-0.010533198749999997,-0.011851313149999999,-0.012004398400000001,2.42363287e-06,6.849126069999999e-05
113,1661558400,0.014683781199999999,0.01484027165,-0.030335022,-1.5562160500000002,0.16946767199999999,0.1109730951,0.15337967700000002,0.14531693499999998,0.000261577944,0.0064713930599999995,0.00015654198,2.407699295e-08,2.445398325e-08,2.8549941389999997e-08,4.84019517e-08,5.949682440000001e-08,9.023396945e-08,2.0552289250000001e-07,0.00720383871,0.000133845246,3.6732861199999997e-06,70.4743441,50.79097779999999,4.98523653e-07,6.05087361,0.00196514418,0.15549332899999999,7.616498240000001e-05,2.7327746299999996e-06,0.0039314543399999995,0.6344985599999999,7.616498240000001e-05,2.7327746299999996e-06,0.012608156649999999,4.91095131,7.616498240000001e-05,2.7327746299999996e-06,0.000290096043,0.25760271230000004,7.616498240000001e-05,2.7327746299999996e-06,0.012509414350000001,1.4622161200000002e-07,0.00015663201999999997,0.055835260399999996,0.7222968470000001,-0.0102224916,-0.0118788331,-0.01202301,2.28283176e-06,6.827314469999999e-05
113,1661559000,0.013942010100000003,0.014098672500000001,-0.030734984499999996,-1.5709393500000002,0.164517525,0.10821761199999999,0.14767950999999999,0.13984176900000003,0.000232537601,0.00611264594,0.000156718484,2.7584791149999997e-08,2.7236763869999996e-08,3.134163487e-08,4.86024522e-08,6.069091155e-08,9.394391170000001e-08,1.8534771250000002e-07,0.00685671028,0.00010964037269999999,4.12058725e-06,69.1287805,50.489365899999996,4.7400667999999997e-07,6.0792787499999985,0.0019174250799999996,0.148467808,7.71366293e-05,2.77567633e-06,0.00383772498,0.6051087730000001,7.71366293e-05,2.77567633e-06,0.012617769749999999,4.91569069,7.71366293e-05,2.77567633e-06,0.00028844984399999996,0.2505422419,7.71366293e-05,2.77567633e-06,0.012516013999999997,1.5043462700000003e-07,0.00015680163400000002,-0.0084938734,0.2035957372,-0.01084150185,-0.0118808691,-0.012024339899999998,2.3706667e-06,6.8550449e-05
113,1661559600,0.013585564,0.01374219425,-0.03553876450000001,-1.46579949,0.17205525199999996,0.10520351349999998,0.152517156,0.142954363,0.000252188321,0.00600775287,0.000156693273,2.35164243e-08,2.4839498879999997e-08,2.881423326e-08,7.05462659e-08,8.425951279999999e-08,1.320423952e-07,2.21621776e-07,0.00664623379,0.00014052104,5.374272589999999e-06,72.727607,50.9312118,4.6190305900000006e-07,6.37240173,0.00191130281,0.1507228995,7.50436055e-05,2.769817e-06,0.0037860679500000003,0.591743636,7.50436055e-05,2.769817e-06,0.012608254150000001,4.9001851,7.50436055e-05,2.769817e-06,0.000273480801,0.2224942822,7.50436055e-05,2.769817e-06,0.01251866155,2.43206009e-07,0.00015696081899999997,-0.04773568820000001,0.5176808445,-0.0101222649,-0.0117514822,-0.0119198492,2.4924872899999997e-06,6.98066542e-05
113,1661560200,0.013735168,0.013892112099999998,-0.02694933613,-1.42546967,0.175130346,0.10514911440000001,0.156492278,0.14565444300000002,0.00024874324099999996,0.00602145157,0.000157175873,3.1270104249999996e-08,3.302282804e-08,4.00707749e-08,6.10381934e-08,8.2205015e-08,1.6164220649999997e-07,2.652192334e-07,0.006679606909999999,0.000182888025,4.176588850000001e-06,72.8842761,51.659507399999995,4.6669744400000006e-07,6.47978051,0.0018887338699999999,0.14736450490000003,8.49899475e-05,4.52526815e-06,0.0037619883900000006,0.586804922,8.49899475e-05,4.52526815e-06,0.0126133457,4.8811099,8.49899475e-05,4.52526815e-06,0.000294056526,0.18617569230000003,8.49899475e-05,4.52526815e-06,0.012537394099999998,5.214933769999999e-07,0.000157707163,-0.8028969056800002,29.895189776000002,-0.00737278112,-0.011787086300000001,-0.01197456275,4.42987383e-06,8.38759926e-05
113,1661560800,0.01241355605,0.012571160250000001,-0.0369208242,-1.4143560000000002,0.165942567,0.100196553,0.148767042,0.13830422199999998,0.00026020009799999997,0.00549849757,0.000157689338,2.8611720409999997e-08,2.9919113330000004e-08,3.61289556e-08,5.2813411000000006e-08,7.62379351e-08,1.50907201e-07,2.0105180900000001e-07,0.00602439638,0.000176688766,5.029636629999999e-06,73.7136617,51.658314299999994,4.22894132e-07,6.369889670000001,0.00179216685,0.131535055,8.16545292e-05,3.4838496399999997e-06,0.00357637036,0.526662545,8.16545292e-05,3.4838496399999997e-06,0.0126595124,4.976484510000001,8.16545292e-05,3.4838496399999997e-06,0.000297665225,0.28131597959999993,8.16545292e-05,3.4838496399999997e-06,0.012554205200000002,2.3129477700000002e-07,0.00015783970399999998,-0.1989124001,1.2418210010000001,-0.01029748875,-0.011835744550000001,-0.01200338205,2.9603671800000004e-06,7.273238749999999e-05
113,1661561400,0.0128692737,0.013026560999999997,-0.0400252851,-1.46246834,0.171717744,0.10259825060000001,0.14876704000000002,0.13849172599999998,0.000251978688,0.0056833822800000005,0.00015734561300000002,2.5768779919999998e-08,2.70330521e-08,6.68386599e-08,5.4203199099999995e-08,1.079273529e-07,1.4989680500000002e-07,1.9733951400000003e-07,0.00625640234,0.00017119070399999997,6.35402396e-06,74.2069135,51.4955015,4.381378659999999e-07,6.31076945,0.00184711971,0.1410349176,7.565966149999999e-05,2.8289261900000005e-06,0.0036493098800000007,0.549173892,7.565966149999999e-05,2.8289261900000005e-06,0.01263168365,4.92135175,7.565966149999999e-05,2.8289261900000005e-06,0.00027740079800000003,0.239250156,7.565966149999999e-05,2.8289261900000005e-06,0.0125462626,3.2760902299999996e-07,0.000157736715,0.015111378449999999,0.015158400900000002,-0.010289319399999998,-0.011626051600000001,-0.01182439735,2.50446334e-06,6.87202063e-05
113,1661562000,0.01206210755,0.0122195594,-0.0388252266,-1.4309048599999998,0.164930034,0.09889542750000001,0.145316937,0.135454136,0.000305897777,0.005465808979999999,0.000157521854,3.783933616000001e-08,4.066708915999999e-08,4.8229232060000005e-08,7.088335790000002e-08,1.044919454e-07,1.903186934e-07,2.66006488e-07,0.00587833183,0.000145059199,6.8286171699999995e-06,71.6006355,51.162833199999994,4.11093517e-07,6.54326951,0.0017779759500000003,0.12989434649999998,7.483076439999999e-05,2.6307937e-06,0.00354166473,0.515229028,7.483076439999999e-05,2.6307937e-06,0.012655808799999998,4.95239941,7.483076439999999e-05,2.6307937e-06,0.00029391130699999996,0.253831326,7.483076439999999e-05,2.6307937e-06,0.012548860750000002,1.958488e-07,0.000157670817,0.013589878760000004,0.0889418415,-0.0105550251,-0.01183011535,-0.01198524645,2.34434101e-06,6.858148209999999e-05
113,1661562600,0.01304319335,0.0132005596,-0.0383119796,-1.4893438399999999,0.16706759499999999,0.10358199450000001,0.14805452,0.137179188,0.00048816084300000006,0.00596274652,0.000157488993,2.5760699349999997e-08,2.7514832439999997e-08,3.5227184099999996e-08,5.66228197e-08,8.07579839e-08,1.835761235e-07,2.75022172e-07,0.00637957068,0.00013591185399999998,5.30249092e-06,72.59686539999998,50.928369599999996,4.4354651e-07,6.609199479999999,0.0018490989499999999,0.13970747900000002,7.96241285e-05,3.6605127900000004e-06,0.00369000725,0.5609115889999999,7.96241285e-05,3.6605127900000004e-06,0.0126340271,4.9005873399999995,7.96241285e-05,3.6605127900000004e-06,0.000278377769,0.19517436930000004,7.96241285e-05,3.6605127900000004e-06,0.0125461821,3.0526580100000005e-07,0.00015771233399999998,-0.25272721063,2.3067793414000004,-0.01005074893,-0.0118360149,-0.01200108295,3.4108876e-06,7.63503397e-05
113,1661563200,0.013214696949999999,0.013372815850000002,-0.038424758999999996,-1.3374021900000002,0.17966798700000003,0.1019005087,0.156079766,0.145279438,0.000381891711,0.0059898558600000006,0.00015819591299999998,2.5391015929999997e-08,2.6452812860000008e-08,6.186326938000001e-08,5.489970789999999e-08,7.862952909999999e-08,1.405302895e-07,2.273644284e-07,0.006426519479999999,0.000173162939,6.96858322e-06,73.59451750000001,51.4569606,4.49583027e-07,6.382324130000001,0.0018570466299999999,0.1439069204,7.6597201e-05,3.0081774899999997e-06,0.0037068758200000003,0.566584302,7.6597201e-05,3.0081774899999997e-06,0.012675716200000001,4.95121416,7.6597201e-05,3.0081774899999997e-06,0.000286626467,0.2336279694,7.6597201e-05,3.0081774899999997e-06,0.01257497625,3.00025603e-07,0.000158430313,-0.18152131200000002,1.28970095394,-0.0102640033,-0.011751226450000003,-0.011936759049999999,2.79966966e-06,7.25551109e-05
113,1661563800,0.01640457445,0.016562344899999998,-0.0428397854,-1.59556602,0.177192909,0.1178696115,0.158142327,0.149817075,0.00035402564499999997,0.00728399098,0.000157850481,4.982758935e-08,5.077490054e-08,5.878101582999999e-08,8.24782535e-08,1.0432396600000001e-07,1.674000625e-07,3.38498367e-07,0.008045752829999999,0.00014831285400000003,7.26416184e-06,69.81188999999999,50.8987579,5.557984910000001e-07,6.230332389999999,0.0020899006800000003,0.176654449,7.893270600000001e-05,2.9706741600000005e-06,0.00415637667,0.710709409,7.893270600000001e-05,2.9706741600000005e-06,0.012668189299999999,5.00636064,7.893270600000001e-05,2.9706741600000005e-06,0.00028355462400000004,0.28318875632,7.893270600000001e-05,2.9706741600000005e-06,0.012559966550000001,1.65388565e-07,0.00015791849999999998,0.0633026772,0.21408445487,-0.010811357900000002,-0.011890697450000001,-0.012043737750000002,2.43623698e-06,6.8785158e-05
113,1661564400,0.015952658100000003,0.0161105332,-0.0286467897,-1.57911921,0.18064301600000002,0.11613412649999999,0.15971737599999997,0.149217054,0.000427585289,0.00716737856,0.00015793486700000004,3.2560747449999996e-08,3.495043735e-08,4.009962861e-08,5.897684379999999e-08,8.904376940000002e-08,1.682868597e-07,2.666688925e-07,0.00778132852,0.000188384858,5.85755193e-06,73.14135200000001,51.3974817,5.40911868e-07,6.154163660000001,0.0020828554800000005,0.175746603,7.949242370000002e-05,2.92294854e-06,0.00410328521,0.693415934,7.949242370000002e-05,2.92294854e-06,0.01267604185,4.99515091,7.949242370000002e-05,2.92294854e-06,0.00030634167400000003,0.3059030106,7.949242370000002e-05,2.92294854e-06,0.012567387,1.9363866100000002e-07,0.000158133682,0.011018688699999998,1.0828627951,-0.0102929445,-0.0118588136,-0.0120248348,2.3137053e-06,6.89801806e-05
113,1661565000,0.0132668277,0.013424471899999998,-0.028270479100000002,-1.3724779699999998,0.17996799000000002,0.10229995890000002,0.15386719799999998,0.143029367,0.000343506391,0.006135284520000001,0.00015770503900000002,2.8664258599999998e-08,2.981655785e-08,5.79233e-08,6.681479849999999e-08,8.1777076e-08,1.3694035130000002e-07,2.765217265e-07,0.00644353057,0.00018195223600000001,7.16580243e-06,72.9875974,51.719692900000005,4.51191799e-07,6.535589479999999,0.0018795156200000003,0.14746969000000001,7.55381768e-05,2.7127147200000003e-06,0.0037157877700000003,0.57529347,7.55381768e-05,2.7127147200000003e-06,0.012650820899999998,4.949936769999999,7.55381768e-05,2.7127147200000003e-06,0.000272999997,0.23590442890000002,7.55381768e-05,2.7127147200000003e-06,0.01255750555,2.4146506000000003e-07,0.000157932988,-0.010375160500000001,1.2888215902,-0.01017956615,-0.011787441899999999,-0.0119689508,2.3419041399999997e-06,6.88050756e-05
113,1661565600,0.01149244415,0.0116503396,-0.025723418400000003,-1.4023155500000002,0.15889235200000001,0.09601026119999999,0.143441881,0.13294155850000003,0.00023462658599999998,0.00508994508,0.00015826383200000002,3.003822715e-08,3.1549549520000005e-08,3.756199875e-08,5.622962110000001e-08,7.97647229e-08,1.2015327190000002e-07,2.59176194e-07,0.005578482920000001,0.000159659602,7.089979789999999e-06,72.85429300000001,51.5001858,3.9221879299999996e-07,6.44890298,0.0017458286,0.125567726,9.0031721e-05,5.626313399999999e-06,0.0034545481499999994,0.49313727200000007,9.0031721e-05,5.626313399999999e-06,0.0126524038,4.9158069300000005,9.0031721e-05,5.626313399999999e-06,0.00029277022,0.1919276856,9.0031721e-05,5.626313399999999e-06,0.012563588750000002,8.294904279999999e-07,0.00015867399899999998,-0.7180705166499999,5.6790800625,-0.008924068720000001,-0.011663590050000002,-0.011920586600000001,5.71276012e-06,9.186784640000001e-05
113,1661566200,0.00855163874,0.00871048685,-0.0326251341,-1.61538166,0.1301664765,0.08510759359999999,0.11036586909999999,0.1024156276,0.00031520544500000005,0.00402964112,0.00015889740899999999,2.05720581e-08,2.0270679539999998e-08,2.2105129769999996e-08,4.1431514e-08,5.31772087e-08,9.20221857e-08,1.835053296e-07,0.00416528509,0.00010582090380000001,4.19690619e-06,74.1774227,50.679452100000006,2.94720164e-07,6.5700340299999995,0.00151527469,0.0945709351,7.54926489e-05,2.59419698e-06,0.0029770082999999994,0.36933882800000006,7.54926489e-05,2.59419698e-06,0.012685666099999998,4.93956481,7.54926489e-05,2.59419698e-06,0.00024644438000000007,0.2020775675,7.54926489e-05,2.59419698e-06,0.012603124000000002,1.8763692200000004e-07,0.000159026885,-0.0502133799,1.9039878001,-0.010157561209999999,-0.01190613905,-0.0120618755,2.28063939e-06,6.91603601e-05
113,1661566800,0.00423901856,0.0043973396,-0.0422744409,-1.4891346600000002,0.0959654291,0.05834824350000001,0.07728986229999998,0.0692646157,0.0001928029071,0.0021650679200000003,0.000158359081,9.46794017e-09,1.131731157e-08,9.981856130000001e-09,2.4994823899999995e-08,3.53681282e-08,3.87133386e-08,1.3075939060000002e-07,0.0019911461100000005,0.0001236887995,4.36677875e-06,80.1779761,52.5960362,1.513195116e-07,6.73735791,0.001053989297,0.04817666699999999,7.096655739999999e-05,2.3540980999999995e-06,0.00199092786,0.1742106264,7.096655739999999e-05,2.3540980999999995e-06,0.01262618865,4.82357167,7.096655739999999e-05,2.3540980999999995e-06,0.00018292616600000002,0.10483278508,7.096655739999999e-05,2.3540980999999995e-06,0.0125834095,1.79607316e-07,0.000158522299,0.009113992899999998,0.6660835634000001,-0.010265358,-0.0118843978,-0.01204326955,2.2968135300000003e-06,6.887299809999999e-05
113,1661567400,0.005728223689999999,0.00588601882,-0.030243663200000003,-1.63891651,0.104890703,0.0690615609,0.0858401215,0.0787899051,0.00035941243500000003,0.0029877418700000003,0.000157843568,1.808468643e-08,1.7756575200000002e-08,2.3314158280000002e-08,2.9223892440000002e-08,4.604857149999999e-08,5.52666887e-08,1.2431393259999997e-07,0.00275913304,0.00010053533350000001,4.0685597899999995e-06,75.8206695,50.970759300000005,2.0080601360000002e-07,6.59580428,0.001211170368,0.06438117650000001,7.19031974e-05,2.55955134e-06,0.00237873005,0.2455749436,7.19031974e-05,2.55955134e-06,0.0126264228,4.842699489999999,7.19031974e-05,2.55955134e-06,0.00020975636399999997,0.1311315204,7.19031974e-05,2.55955134e-06,0.012563558800000003,1.88788133e-07,0.000158032757,0.046123344299999994,0.42040108499999995,-0.010435706199999999,-0.011856838449999999,-0.012020960199999998,2.4021363499999998e-06,6.866336889999999e-05
113,1661568000,0.006876597230000001,0.007034816330000001,-0.023498987979999997,-1.61621055,0.11197841609999999,0.0765957731,0.095815425,0.09004024950000002,0.000344890039,0.00336016969,0.00015828013099999997,3.13949876e-08,3.542714163e-08,5.957910863999999e-08,7.709851280000001e-08,6.82090078e-08,8.71592872e-08,2.040294966e-07,0.00334335859,9.066971759999999e-05,3.6272518600000003e-06,71.85328100000001,50.36518220000001,2.3900870199999997e-07,6.38851655,0.00135209784,0.0820296804,7.00545986e-05,2.5011754600000002e-06,0.0026629923,0.29573251100000003,7.00545986e-05,2.5011754600000002e-06,0.0126142403,4.78159716,7.00545986e-05,2.5011754600000002e-06,0.000180338043,0.06428594350000001,7.00545986e-05,2.5011754600000002e-06,0.01258225895,4.5347570699999995e-07,0.00015868579400000001,-2.707093825,208.0293623416,-0.0040194002,-0.011915952649999999,-0.012070674850000001,2.8668082899999996e-06,7.51980555e-05
113,1661568600,0.0100718639,0.010230598399999999,-0.025570373299999997,-1.4382927,0.15386719499999998,0.0899889666,0.12986646500000001,0.12037867299999998,0.00046075860999999997,0.00495027055,0.00015881778500000002,3.6185965900000005e-08,3.81898073e-08,4.55439831e-08,5.7918960699999996e-08,7.35601298e-08,1.0812925209999998e-07,2.3178003739999998e-07,0.00494814632,8.29970746e-05,4.089828140000001e-06,69.15831119999999,50.136803799999996,3.4506594000000005e-07,6.5689752200000004,0.0016203882899999997,0.1103304365,7.667551349999999e-05,3.05383873e-06,0.0032372012499999997,0.436713832,7.667551349999999e-05,3.05383873e-06,0.012690700699999998,4.93629046,7.667551349999999e-05,3.05383873e-06,0.000271738776,0.1977838764,7.667551349999999e-05,3.05383873e-06,0.012598429400000003,3.45610063e-07,0.00015905929499999998,-2.9296704320799996,135.574504827,-0.008464279469999999,-0.01187534435,-0.012047233049999998,2.8990773100000004e-06,7.422086050000001e-05
113,1661569200,0.005000184780000001,0.0051586231500000005,-0.0377561117,-1.5415285900000002,0.1036156635,0.06301473980000001,0.08261501950000001,0.07477728080000001,0.000337873962,0.0026703875499999997,0.00015855404999999998,7.68833727e-09,1.073015373e-08,1.2833516229999998e-08,3.7307206299999996e-08,1.257513816e-07,5.09389004e-08,1.052760678e-07,0.00242540052,7.05125766e-05,3.7075573299999995e-06,74.4929883,49.6978818,1.765634726e-07,6.6435526199999995,0.0011598563030000002,0.0603566042,7.63895527e-05,3.57965919e-06,0.00219638516,0.21214067860000002,7.63895527e-05,3.57965919e-06,0.012617362500000001,4.790368529999999,7.63895527e-05,3.57965919e-06,0.000168393486,0.06290584187,7.63895527e-05,3.57965919e-06,0.0125894222,5.14114248e-07,0.000159009148,-0.12376159490000002,0.19618132539999994,-0.009932042999999998,-0.011554960999999999,-0.011762312,3.5258231600000003e-06,7.45537684e-05
113,1661569800,0.00233278348,0.0024918405500000003,-0.04003316959999999,-1.6214951799999997,0.07027714660000002,0.0445032923,0.0506265449,0.045751397,0.0001414109954,0.0013514654000000002,0.000159096845,9.654310700000001e-09,1.2317984139999997e-08,1.262238256e-08,3.7122449899999996e-08,1.270559756e-07,3.92891517e-08,9.14269657e-08,0.001084348777,7.68773112e-05,4.77793802e-06,78.0482061,50.0419082,8.79512052e-08,6.84288059,0.000847829885,0.032993307,6.9704796e-05,2.3187712000000003e-06,0.0014937855399999999,0.0958740818,6.9704796e-05,2.3187712000000003e-06,0.012641233100000001,4.80220607,6.9704796e-05,2.3187712000000003e-06,0.000143067431,0.05459371548499999,6.9704796e-05,2.3187712000000003e-06,0.01261272985,3.51721143e-07,0.00015943316600000002,0.03872240927,-0.107523057,-0.009928567199999998,-0.011651574549999998,-0.0118357696,2.2582414e-06,6.877042119999999e-05
113,1661570400,0.00247316809,0.00263214744,0.04003995598,-1.25245155,0.08107747280000001,0.0436694989,0.06315192850000001,0.0552016862,0.0001520876415,0.0013968389869999998,0.00015920797900000001,7.083658490000001e-09,8.771836239999999e-09,1.06124481e-08,2.6521274100000003e-08,9.98207406e-08,3.14689001e-08,7.121736620000002e-08,0.00117025311,6.176028540000001e-05,4.074854610000001e-06,79.72540610000001,48.842057999999994,9.264830129999999e-08,6.7949236,0.000828215643,0.03336919989999999,7.8572562e-05,3.7301081000000002e-06,0.00154122409,0.1035604145,7.8572562e-05,3.7301081000000002e-06,0.012636492,4.81612021,7.8572562e-05,3.7301081000000002e-06,0.00019856609499999998,0.0776775758,7.8572562e-05,3.7301081000000002e-06,0.012606135000000001,7.04354151e-07,0.000159619312,-0.19270898943999998,2.1356402496,-0.008578443,-0.01157444055,-0.0118196559,3.7819145499999994e-06,7.82903997e-05
113,1661571000,0.0031202967199999996,0.00327919911,-0.01489831332,-1.57804317,0.08231501220000001,0.0510597,0.0621768977,0.055276687000000005,0.00021414716800000001,0.00171026045,0.000159034543,1.328176981e-08,1.5871361990000002e-08,1.7409511599999998e-08,2.4871641150000003e-08,7.226297719999999e-08,4.805494249999999e-08,1.1083375200000003e-07,0.001471095436,8.48551344e-05,3.758584330000001e-06,75.85247100000001,50.2405022,1.141099374e-07,6.9067872800000005,0.0008857192770000001,0.0364677696,7.72729392e-05,3.7680722899999996e-06,0.00171105831,0.126867753,7.72729392e-05,3.7680722899999996e-06,0.0126569907,4.85978731,7.72729392e-05,3.7680722899999996e-06,0.000198879069,0.11763086920000002,7.72729392e-05,3.7680722899999996e-06,0.01260866705,4.12810266e-07,0.00015939199,-0.3939838985,2.3627603030000004,-0.0098004054,-0.0117290292,-0.011937993899999999,3.7443349999999998e-06,7.68027395e-05
113,1661571600,0.00734863067,0.00750752227,-0.0272793036,-1.5567103999999998,0.12199122500000001,0.07832935699999999,0.10211561799999999,0.09544041399999999,0.00033779584800000003,0.00367869631,0.00015896158799999998,2.076975667e-08,2.276129322e-08,2.572402222e-08,3.71503182e-08,7.85403829e-08,6.70971713e-08,1.573713576e-07,0.00359227693,7.61267856e-05,5.43225183e-06,72.79428139999999,50.024540900000005,2.54905085e-07,6.546883939999999,0.00136965319,0.07823128210000001,7.47139784e-05,2.82916955e-06,0.0027292186699999998,0.309261586,7.47139784e-05,2.82916955e-06,0.012683402299999999,4.897877639999999,7.47139784e-05,2.82916955e-06,0.00023470943039999997,0.15321033955000002,7.47139784e-05,2.82916955e-06,0.012604087750000001,2.53125983e-07,0.000159116779,-0.14156177009999998,0.8352442209999997,-0.0104939338,-0.01182581,-0.012000793049999998,2.7181426499999998e-06,7.191895210000001e-05
113,1661572200,0.011129319349999998,0.011287932130000001,-0.0340930293,-1.54265791,0.14895455,0.09190671300000001,0.127091377,0.117791095,0.00041048160299999995,0.005112745020000001,0.000158999325,5.037687943000001e-08,5.657670383e-08,5.555320076e-08,7.442734680000001e-08,1.0771716380000001e-07,1.65281854e-07,6.786144334e-07,0.00541287208,0.00014478865669999999,5.42208005e-06,71.126886,50.4271787,3.80210509e-07,6.58771265,0.0016367728500000002,0.1242609525,9.61478384e-05,6.1883157e-06,0.00321710287,0.46868178,9.61478384e-05,6.1883157e-06,0.012671821699999999,4.95457384,9.61478384e-05,6.1883157e-06,0.000284191184,0.2144384805,9.61478384e-05,6.1883157e-06,0.01258649625,9.80578209e-07,0.000159401209,-0.4118035151000001,10.248042,-0.00636848649,-0.01159372395,-0.0118772125,6.331840509999999e-06,9.62599704e-05
113,1661572800,0.0215300009,0.0216889782,-0.0293757451,-1.43109307,0.22178177699999999,0.130441381,0.196881014,0.18281807900000002,0.0006772264999999999,0.009606338279999998,0.00015929990600000002,3.2898746799999994e-08,3.444049603e-08,4.24088702e-08,6.26596089e-08,1.0344100639999998e-07,1.1967663089999998e-07,2.71598735e-07,0.01053727293,0.00022204822039999998,4.68887372e-06,71.6841719,51.3251718,7.264417429999998e-07,6.14864362,0.00231574007,0.22468206699999999,9.7402123e-05,5.413291630000001e-06,0.00466539478,0.9150273199999999,9.7402123e-05,5.413291630000001e-06,0.012764493300000002,5.206650040000001,9.7402123e-05,5.413291630000001e-06,0.000391367961,0.4467671944999999,9.7402123e-05,5.413291630000001e-06,0.01261297565,8.143144320000001e-07,0.00015990172200000001,-0.34248311229999995,3.22584294365,-0.00903476547,-0.011558832500000001,-0.0118772785,4.536991e-06,7.996854470000001e-05
113,1661573400,0.015187547999999999,0.0153462222,-0.0293734751,-1.4536279200000002,0.186530695,0.11120601159999999,0.16339248599999998,0.152592162,0.00033194371,0.0067759039399999995,0.00015891529699999998,5.212605050000001e-08,5.441175575e-08,6.65339972e-08,9.856135470000001e-08,1.1887255119999997e-07,1.87213653e-07,4.0075923859999996e-07,0.0074174418200000005,0.00017066050499999998,4.45067854e-06,69.7119494,51.2314158,5.149714259999999e-07,6.51142902,0.00199134175,0.163088766,8.777367470000001e-05,4.99827673e-06,0.003977804180000001,0.651587879,8.777367470000001e-05,4.99827673e-06,0.0127112696,5.00749366,8.777367470000001e-05,4.99827673e-06,0.00033541196,0.27224984760000004,8.777367470000001e-05,4.99827673e-06,0.01259218715,5.726026309999999e-07,0.000159132807,-0.5067680429999999,7.297009083899999,-0.00808741783,-0.011667320149999999,-0.011925506550000001,4.96014207e-06,8.389285669999999e-05
113,1661574000,0.015687974599999998,0.015846122500000004,-0.030882310999999996,-1.49751959,0.18660569600000002,0.11382323009999998,0.16301747700000002,0.15379219500000002,0.000245250541,0.0070612519,0.00015829502500000004,3.85341123e-08,4.1128309529999995e-08,4.9349504200000006e-08,6.77964008e-08,8.46450976e-08,1.222779768e-07,2.5271428240000005e-07,0.007675518740000001,0.00016399185,3.6687052e-06,70.768551,51.0986442,5.31927856e-07,6.1991814,0.0020364769399999995,0.168845419,8.280480200000001e-05,3.7608529699999997e-06,0.004060063429999999,0.676684593,8.280480200000001e-05,3.7608529699999997e-06,0.012675562349999999,4.9620332099999995,8.280480200000001e-05,3.7608529699999997e-06,0.000310972894,0.26568172199999995,8.280480200000001e-05,3.7608529699999997e-06,0.012578790500000001,4.118932409999999e-07,0.00015861182700000002,-0.045083343399999934,78.82409155464,-0.006669094049999999,-0.01179945025,-0.011995821600000001,3.6655827399999998e-06,8.196508799999998e-05
113,1661574600,0.017795422999999998,0.01795473015,-0.0359388722,-1.43859071,0.197931048,0.11953256239999999,0.17681789599999997,0.166130073,0.000398507748,0.0078728585,0.00015945086399999996,6.341630880000001e-08,6.102665370000001e-08,7.280290929999998e-08,1.0082594889999998e-07,1.287539532e-07,1.7709272170000002e-07,3.94613433e-07,0.008760779909999999,0.000130383985,5.40182156e-06,68.1199189,50.5761079,6.020842169999999e-07,6.3498652799999995,0.0021269287,0.187038607,8.0507389e-05,3.6134261799999997e-06,0.00430734856,0.76468271,8.0507389e-05,3.6134261799999997e-06,0.012728050799999998,5.00986771,8.0507389e-05,3.6134261799999997e-06,0.000316906153,0.258178207,8.0507389e-05,3.6134261799999997e-06,0.012622671999999998,3.27015827e-07,0.000159659992,-0.260857856,1.6352659351,-0.01043001155,-0.0118449251,-0.012030105999999999,3.36340269e-06,7.53301376e-05
113,1661575200,0.0177002067,0.0178593406,-0.0358749304,-1.4711033599999999,0.195755977,0.12013531250000001,0.17558035700000002,0.163692496,0.00039293356,0.007845913869999999,0.000159332012,6.849420606e-08,3.2776169999999996e-08,3.970424790000001e-08,5.839946190000001e-08,8.75675325e-08,1.1133420139999999e-07,2.515927983e-07,0.00867726614,0.00016689115400000002,5.0963731899999995e-06,70.69804409999999,51.0427612,5.98980205e-07,6.03148638,0.00213668144,0.186239444,8.2547693e-05,4.05420478e-06,0.0042899118899999995,0.7587940400000001,8.2547693e-05,4.05420478e-06,0.012732669899999998,5.0367383199999995,8.2547693e-05,4.05420478e-06,0.000345633666,0.274284173,8.2547693e-05,4.05420478e-06,0.01261868935,5.580292859999999e-07,0.00015978699399999996,-0.3160596829,4.790721353,-0.0090439881,-0.0118517155,-0.01203327615,3.96746244e-06,8.32296933e-05
113,1661575800,0.0143981537,0.014556820449999999,-0.030398453390000003,-1.46771435,0.178017933,0.10872905309999999,0.158142333,0.147604507,0.000317864494,0.00646048984,0.00015877221099999997,2.1290951670000003e-08,2.1805185e-08,3.29468894e-08,5.2000234699999996e-08,7.05821577e-08,8.906784699999999e-08,2.0608747029999998e-07,0.0070045920299999995,0.000189819851,4.06018084e-06,72.5358168,51.546227699999996,4.890826340000001e-07,6.09276983,0.0019572169099999997,0.15599786200000001,8.180020359999999e-05,3.8285197e-06,0.00388563906,0.620798325,8.180020359999999e-05,3.8285197e-06,0.0126828769,4.95118117,8.180020359999999e-05,3.8285197e-06,0.000268535205,0.20950823610000002,8.180020359999999e-05,3.8285197e-06,0.01259632875,3.31277952e-07,0.00015899942700000003,-0.4096313342999999,4.1876362204,-0.009665465219999999,-0.011793404600000001,-0.011984019500000002,3.56986242e-06,7.75186719e-05
113,1661576400,0.01106386405,0.0112227793,-0.040279949800000006,-1.56582818,0.14902954699999998,0.09673219079999999,0.13185402599999999,0.12281624949999999,0.000246579292,0.00493579012,0.00015906148200000003,3.42621813e-08,3.69716469e-08,4.5761820199999995e-08,6.49505257e-08,2.1282435299999998e-07,1.1122922070000002e-07,2.2949153e-07,0.00535472412,0.00017188188500000002,4.44122557e-06,71.70067650000001,51.698575000000005,3.7807494e-07,6.399083899999999,0.00173427791,0.1245557137,8.367785799999999e-05,4.117502119999999e-06,0.00338099957,0.47111380399999997,8.367785799999999e-05,4.117502119999999e-06,0.012686276199999999,4.92069178,8.367785799999999e-05,4.117502119999999e-06,0.00027216216199999995,0.17796053029999997,8.367785799999999e-05,4.117502119999999e-06,0.012601234550000001,6.34298132e-07,0.00015941439099999998,-0.32512629569999996,6.318822301399999,-0.007566213570000001,-0.011729389750000001,-0.0119439932,4.1771541499999995e-06,8.25691676e-05
113,1661577000,0.00855681496,0.008715704449999999,-0.034452281599999995,-1.5101243899999999,0.13391658499999998,0.08457962249999999,0.11741608610000001,0.1092408322,0.00016271629840000003,0.0038249473999999997,0.000159397501,2.24953679e-08,2.3700363900000002e-08,3.34403808e-08,4.06460144e-08,6.466250149999999e-08,7.91066051e-08,1.7524345499999999e-07,0.004129076810000001,0.000144866549,3.5109944199999996e-06,73.25869740000002,51.501059,2.94826088e-07,6.490246620000001,0.0015125072300000001,0.09312645509999999,0.00010174448089999999,7.00070616e-06,0.0029702778199999997,0.36275134099999995,0.00010174448089999999,7.00070616e-06,0.012638605,4.832507789999999,0.00010174448089999999,7.00070616e-06,0.00024558083300000005,0.0788278054,0.00010174448089999999,7.00070616e-06,0.012609017549999999,1.1528736549999998e-06,0.000160140088,-1.04193206276,9.320554194200001,-0.006950950659999999,-0.011617873249999999,-0.0118955245,7.0734318700000005e-06,9.92591009e-05
113,1661577600,0.0078437537,0.00800273948,-0.02914612610000001,-1.6355941900000002,0.12690387590000002,0.0824912459,0.1050407052,0.097427975,0.000271439474,0.0038102920800000004,0.000159161067,1.80939459e-08,2.0352835599999998e-08,2.7411228499999998e-08,3.7680387599999995e-08,5.52552325e-08,7.712607849999999e-08,1.663696781e-07,0.00374090058,0.000177597239,2.80059613e-06,74.59661630000001,52.483666500000005,2.7103913800000007e-07,6.449275699999999,0.00145583785,0.08552668910000001,8.310266639999999e-05,4.38995398e-06,0.00283031511,0.33077233100000003,8.310266639999999e-05,4.38995398e-06,0.01267238175,4.90066788,8.310266639999999e-05,4.38995398e-06,0.00023419483600000004,0.14980701049999998,8.310266639999999e-05,4.38995398e-06,0.0126061653,4.61711912e-07,0.00015937740799999998,-0.2256012432,6.36285522583,-0.0081112923644,-0.011775537999999999,-0.0119948286,4.190336499999999e-06,7.98820495e-05
113,1661578200,0.00891144138,0.0090701129,-0.024444414199999997,-1.65832693,0.130166471,0.0881569636,0.11111589020000001,0.1033531545,0.00029429986900000003,0.004180076909999999,0.00015879494699999998,1.885941022e-08,1.9164217260000004e-08,2.3625940100000005e-08,4.22862428e-08,5.823853405e-08,7.471953650000001e-08,1.7273578339999998e-07,0.004255371379999999,0.00019652783400000003,3.2791591400000003e-06,76.3103598,52.6093858,3.06639276e-07,6.555141780000001,0.00156978766,0.0995226676,8.564656899999999e-05,4.20746463e-06,0.00303543456,0.380438066,8.564656899999999e-05,4.20746463e-06,0.0126646272,4.913357960000001,8.564656899999999e-05,4.20746463e-06,0.000232937159,0.1914196855,8.564656899999999e-05,4.20746463e-06,0.01259504695,3.58258722e-07,0.00015899435000000001,-0.38678844013,3.2888048965999994,-0.009773842980000001,-0.01180382695,-0.011995368000000001,3.816353969999999e-06,7.78385673e-05
113,1661578800,0.01234218425,0.01250048615,-0.0329321031,-1.5844547900000001,0.16027989499999998,0.1023666812,0.1366916735,0.127953905,0.00039872981900000004,0.00578704436,0.000158408071,2.8207161309999997e-08,2.9722409990000003e-08,3.80538213e-08,5.5319322100000006e-08,7.35047956e-08,1.095029682e-07,2.35291093e-07,0.005996906880000001,0.000169142872,4.36424597e-06,73.0484855,51.45922029999999,4.2078928799999996e-07,6.40245876,0.00184665785,0.13850822100000001,8.06844765e-05,3.5611012299999997e-06,0.0036126503300000002,0.5385407270000001,8.06844765e-05,3.5611012299999997e-06,0.01266188355,4.921061140000001,8.06844765e-05,3.5611012299999997e-06,0.000254321196,0.20075135150000004,8.06844765e-05,3.5611012299999997e-06,0.0125826523,2.99763962e-07,0.000158623765,-0.23099280569999997,2.5379401922,-0.00960130907,-0.011796693149999999,-0.0119874159,3.2853483900000005e-06,7.489910209999999e-05
113,1661579400,0.016205512050000002,0.0163639091,-0.023237730850000006,-1.5276335199999997,0.18398062099999998,0.116225779,0.16354248799999999,0.154392212,0.00036439389899999995,0.00724508234,0.00015860519499999998,5.952162450000001e-08,6.22966917e-08,7.1582133e-08,9.820099479999997e-08,1.251734574e-07,1.9496114739999998e-07,3.8027452500000006e-07,0.00794845681,0.000148797562,4.29664213e-06,68.0257493,50.867677900000004,5.489709920000001e-07,6.49731762,0.0020894699199999994,0.17702313000000003,8.40076163e-05,3.9194656200000006e-06,0.004151856849999999,0.7093094390000001,8.40076163e-05,3.9194656200000006e-06,0.01270908925,5.066974050000001,8.40076163e-05,3.9194656200000006e-06,0.00031571165100000004,0.32192749860000003,8.40076163e-05,3.9194656200000006e-06,0.012585851,4.3108881899999993e-07,0.00015883531099999997,-0.18456300388000002,3.2382264333000004,-0.00957383625,-0.01185680425,-0.012041372999999998,3.4217565e-06,7.64401411e-05
113,1661580000,0.015138048850000002,0.015296572400000003,-0.0440686131,-1.45041642,0.179705485,0.1110849913,0.161179916,0.15195463999999997,0.000233993282,0.006597409209999999,0.000158782972,3.577935466e-08,4.334568480000001e-08,4.606711778e-08,7.419483500000001e-08,7.92143524e-08,1.3962374660000004e-07,2.613807744e-07,0.00740511682,0.000157227757,5.73851282e-06,71.8104353,51.0604785,5.137532240000001e-07,6.2335324100000005,0.00201359151,0.166768388,8.71588754e-05,5.014397079999999e-06,0.00400049183,0.6581028750000001,8.71588754e-05,5.014397079999999e-06,0.012718555000000001,5.0594427500000005,8.71588754e-05,5.014397079999999e-06,0.000332353578,0.3264980814,8.71588754e-05,5.014397079999999e-06,0.01259031225,6.998273560000001e-07,0.00015918602000000002,-0.4705198749000001,7.2702108923000015,-0.0070586095,-0.0116637663,-0.01193390075,4.7357615399999994e-06,8.2089148e-05
113,1661580600,0.016534595300000003,0.0166932786,-0.0386180398,-1.49766303,0.183193091,0.11676200700000001,0.166130075,0.156829788,0.000353419391,0.00736201222,0.00015876169800000002,4.058319215000001e-08,4.222566599e-08,4.7732731639999995e-08,6.77680869e-08,9.38740921e-08,1.2793580449999997e-07,2.82895921e-07,0.00812472498,0.000137085594,4.70021336e-06,69.24290099999999,50.721144699999996,5.6015345e-07,6.173395310000001,0.0020972798,0.17895460500000002,7.82614395e-05,3.1302576599999996e-06,0.0041848749599999995,0.720094455,7.82614395e-05,3.1302576599999996e-06,0.012712543899999998,5.0198544599999995,7.82614395e-05,3.1302576599999996e-06,0.000311948229,0.282039826,7.82614395e-05,3.1302576599999996e-06,0.012593309,2.0947959600000004e-07,0.000158801357,-0.6555170998,21.5526177915,-0.0100446015,-0.011870428300000001,-0.01204011205,2.7016192599999997e-06,7.088552529999999e-05
113,1661581200,0.0177644513,0.0179229127,-0.044906237599999996,-1.43612927,0.196881012,0.11962444689999999,0.176292885,0.166280076,0.00027296930099999996,0.00771911124,0.000158647224,5.217369164999999e-08,5.518753649e-08,6.589602025e-08,8.830511119999999e-08,6.611586227e-07,1.757462941e-07,3.87192038e-07,0.0087425548,0.0001322792314,5.71744096e-06,69.19291220000001,50.6208531,6.00798112e-07,6.47694175,0.00222051385,0.21628075400000002,8.177043939999999e-05,3.86377133e-06,0.00435084277,0.777991989,8.177043939999999e-05,3.86377133e-06,0.012706263550000003,5.0124708,8.177043939999999e-05,3.86377133e-06,0.000332370652,0.2761697969,8.177043939999999e-05,3.86377133e-06,0.012592762999999998,1.2185850090000002e-06,0.000159685928,-0.028434581799999997,1.5211720940000002,-0.00844615135,-0.011568888900000001,-0.0119007005,3.96153249e-06,7.538215299999999e-05
113,1661581800,0.0157898888,0.0159484238,-0.046500372199999994,-1.40732086,0.18960579,0.11221066329999999,0.168005126,0.157542308,0.00026492512100000006,0.006955390089999999,0.00015860264,2.345820055e-08,2.5256697050000003e-08,3.368107825e-08,5.6210504099999995e-08,8.568447499999999e-08,1.6246816490000002e-07,4.303694994e-07,0.0077474399,0.00014044962999999999,6.16233665e-06,71.5171729,50.8095182,5.35255868e-07,6.45021051,0.0020325786699999997,0.172454354,7.44609824e-05,2.99325652e-06,0.004078576119999999,0.684635175,7.44609824e-05,2.99325652e-06,0.0126915779,4.95081985,7.44609824e-05,2.99325652e-06,0.000292749067,0.21404949546,7.44609824e-05,2.99325652e-06,0.012586874799999998,2.3448904700000001e-07,0.00015864660199999995,-0.08148080860000004,86.6464268404,-0.0077942807000000005,-0.011881735899999999,-0.012045518249999998,2.78548012e-06,7.245162710000001e-05
113,1661582400,0.016129635399999998,0.016287972300000002,-0.0374644704,-1.43647376,0.184843141,0.11399162780000001,0.16834264100000002,0.15806732,0.00030782458800000003,0.007122000510000001,0.000158398498,3.0113858200000005e-08,3.175178137e-08,3.75729256e-08,5.85544898e-08,8.51793258e-08,1.33510193e-07,3.00018659e-07,0.007935748659999999,0.0001231443666,5.1757270200000005e-06,69.3243195,50.5960037,5.46391444e-07,6.36882091,0.0020364248799999997,0.16974254100000002,7.3464167e-05,2.66813205e-06,0.00411862222,0.696398144,7.3464167e-05,2.66813205e-06,0.01267874175,4.91303845,7.3464167e-05,2.66813205e-06,0.000304550463,0.218263763,7.3464167e-05,2.66813205e-06,0.012581865650000001,1.56519572e-07,0.00015846043,-0.002725895200000006,0.13404227019999998,-0.010994714200000002,-0.011933172,-0.01208129205,2.4751581499999996e-06,6.99387825e-05
113,1661583000,0.0153105634,0.0154701901,-0.036635649500000006,-1.4426909899999998,0.179592983,0.11135709949999999,0.163204985,0.15382969400000002,0.00024212401,0.0066741471299999995,0.00015969523800000003,4.01755962e-08,4.1552383150000006e-08,4.703111455e-08,6.99792259e-08,9.28368229e-08,1.341901095e-07,2.9556125589999996e-07,0.007521910749999999,0.000128147777,4.42883024e-06,69.4014233,50.6827009,5.19534892e-07,6.278739320000001,0.00198324201,0.16098981899999998,7.54526871e-05,2.6577202300000003e-06,0.00400601662,0.6583876830000001,7.54526871e-05,2.6577202300000003e-06,0.0127261335,4.97770549,7.54526871e-05,2.6577202300000003e-06,0.000296420992,0.2366219557,7.54526871e-05,2.6577202300000003e-06,0.012632398250000001,1.5487023399999996e-07,0.000159733385,0.027273646150000004,0.2845291152,-0.0109327248,-0.011980995800000001,-0.0121302485,2.35395485e-06,6.93912864e-05
113,1661583600,0.015435513699999997,0.015595223750000001,-0.024774166330000003,-1.4506174200000002,0.183718112,0.11184838000000001,0.16399250800000004,0.154429713,0.000288761271,0.006764011789999999,0.000159774878,3.31785313e-08,3.5104013799999996e-08,4.008365407e-08,6.291522030000001e-08,8.466955810000001e-08,1.261745015e-07,2.768484375e-07,0.0075992937,0.00011393451199999998,3.7951860500000005e-06,70.1321942,50.491391699999994,5.23497365e-07,6.324222540000001,0.0019888867000000003,0.16157968799999997,7.30982525e-05,2.67329316e-06,0.0040219802499999995,0.6639870410000001,7.30982525e-05,2.67329316e-06,0.012728641399999999,4.96265652,7.30982525e-05,2.67329316e-06,0.00028205040600000006,0.19680717509999998,7.30982525e-05,2.67329316e-06,0.0126356824,1.6521900000000002e-07,0.00015982675100000002,-0.01185918687,0.632247452,-0.010548015750000002,-0.011973703,-0.012126218749999999,2.50804467e-06,6.97977185e-05
113,1661584200,0.019195574299999997,0.019355039,-0.0329915313,-1.46409614,0.198081048,0.12464031689999999,0.182368068,0.17254276600000001,0.00030561381800000003,0.008304204360000001,0.000159535779,4.299337176e-08,4.4622049789999995e-08,5.260619864000001e-08,7.918887280000001e-08,1.046526835e-07,1.7246843069999997e-07,3.734181412e-07,0.00948911455,0.00010262738580000001,5.08817176e-06,67.9139406,50.274172500000006,6.485260230000001e-07,6.13173296,0.00222971429,0.203751353,7.6205432e-05,2.72389767e-06,0.00451148581,0.8359637750000001,7.6205432e-05,2.72389767e-06,0.01274647145,5.03685001,7.6205432e-05,2.72389767e-06,0.00032336363100000004,0.274177346,7.6205432e-05,2.72389767e-06,0.012629035450000001,1.6481613200000001e-07,0.000159658788,-0.017646979459999997,0.3323408961,-0.010821612,-0.011967144,-0.0121186782,2.38567455e-06,6.97731762e-05
113,1661584800,0.0179583358,0.0181173141,-0.0340680831,-1.4777162799999999,0.193505904,0.12073105690000001,0.172692775,0.164292516,0.000427719183,0.00801733722,0.000159047671,3.8909398450000007e-08,4.1644806400000004e-08,4.7626682500000007e-08,7.07895923e-08,9.767419289999998e-08,1.4416613089999997e-07,3.1570111299999996e-07,0.0088942957,7.95601071e-05,4.47708811e-06,67.6253557,50.0499384,6.074517770000001e-07,6.34185156,0.00214932325,0.190334249,8.06157325e-05,3.0668146099999994e-06,0.004360084089999999,0.783725308,8.06157325e-05,3.0668146099999994e-06,0.0127450446,5.084887910000001,8.06157325e-05,3.0668146099999994e-06,0.00034078998100000007,0.35702800236,8.06157325e-05,3.0668146099999994e-06,0.012607654799999998,1.7323386400000004e-07,0.00015912656400000002,0.036508134000000005,0.8775734674000001,-0.010436160699999999,-0.01192454445,-0.01208269985,2.4518449099999996e-06,6.93266839e-05
113,1661585400,0.020178880500000003,0.020338033300000002,-0.0267284554,-1.5469974999999998,0.195680977,0.129422579,0.18004299899999998,0.172655274,0.000351163467,0.0088156055,0.00015923223300000003,5.112350064e-08,5.1490421709999995e-08,5.990018821e-08,8.59969011e-08,1.1313103440000001e-07,1.6973722725e-07,3.526860831e-07,0.009998798449999999,8.61036348e-05,3.5700635599999994e-06,65.8663433,50.1046941,6.814025370000002e-07,6.0135381500000005,0.00228865639,0.212987074,9.288166739999999e-05,3.74918977e-06,0.004627320230000001,0.8795494360000001,9.288166739999999e-05,3.74918977e-06,0.0127871611,5.25900976,9.288166739999999e-05,3.74918977e-06,0.00037127274999999995,0.5218278305999999,9.288166739999999e-05,3.74918977e-06,0.0126165536,1.5833299300000002e-07,0.00015933605799999998,-0.020301801049999995,0.25432424603000003,-0.010929694700000001,-0.01196545345,-0.01211229275,2.3870311099999997e-06,6.96657661e-05
113,1661586000,0.019217126600000002,0.019376105299999998,-0.027074235699999998,-1.5464906000000003,0.19316839800000002,0.12671739399999998,0.177717927,0.16830513799999997,0.00028458068499999996,0.00827517688,0.00015905985600000002,5.44418408e-08,5.618850739999999e-08,6.649793195999999e-08,9.6869077e-08,1.3166310420000003e-07,2.048418209e-07,4.3672653000000003e-07,0.00942270118,0.000180066419,4.6648128500000005e-06,68.38158059999999,51.1300606,6.48866231e-07,6.39315583,0.0022545343499999998,0.20573094799999997,8.88408773e-05,3.52700455e-06,0.00449648511,0.83268076,8.88408773e-05,3.52700455e-06,0.0127678909,5.19830329,8.88408773e-05,3.52700455e-06,0.00035233561800000003,0.45618114649999997,8.88408773e-05,3.52700455e-06,0.012608770600000003,1.71700956e-07,0.000159153138,0.0332474865,0.12632862890000002,-0.010869927400000002,-0.011925752450000002,-0.0120821566,2.42846328e-06,6.97090658e-05
113,1661586600,0.013329684,0.0134883941,-0.0240734554,-1.50552817,0.17186774600000002,0.10551148179999999,0.15157962500000002,0.140779298,0.00024929500360000004,0.0058606610000000005,0.00015876579099999999,2.036611594e-08,2.1571143830000002e-08,2.467519714e-08,4.3764400650000003e-08,6.05800671e-08,8.73245971e-08,2.003719408e-07,0.006426398450000001,0.00023426181,3.6631216199999998e-06,74.92529379999999,52.3405311,4.5357232299999996e-07,6.325047,0.0018776404500000002,0.14187043100000002,7.44511342e-05,2.75626631e-06,0.0037087080200000006,0.565086538,7.44511342e-05,2.75626631e-06,0.012684714650000001,4.93234266,7.44511342e-05,2.75626631e-06,0.00026525112100000004,0.19273985570000002,7.44511342e-05,2.75626631e-06,0.012598738299999999,1.7428315499999998e-07,0.00015890298699999998,0.033533412325,0.1204111489,-0.010960198899999999,-0.0119109715,-0.012066784700000001,2.47580663e-06,6.8702724e-05
113,1661587200,0.0099015039,0.0100605209,-0.023525859099999998,-1.57630012,0.142166839,0.0921036794,0.12664136599999998,0.116591059,0.000227125138,0.004452988559999999,0.000159067782,1.721766735e-08,1.9103520600000003e-08,2.72849779e-08,3.79757504e-08,5.26322432e-08,7.447419030000001e-08,1.76487226e-07,0.004705468660000001,0.000240384717,4.42939345e-06,77.0327135,53.23351,3.3946296199999994e-07,6.3820597900000005,0.00163752571,0.1072938454,7.400433489999999e-05,2.7132901600000002e-06,0.00317707083,0.41532733000000005,7.400433489999999e-05,2.7132901600000002e-06,0.012681425799999998,4.909173320000001,7.400433489999999e-05,2.7132901600000002e-06,0.0002421405956,0.1805393156,7.400433489999999e-05,2.7132901600000002e-06,0.0126090585,1.82804127e-07,0.000159172406,0.0820960496,0.19491657229999998,-0.010724249600000001,-0.011898018899999998,-0.01206210625,2.4864042800000003e-06,6.935469419999999e-05
113,1661587800,0.008685794,0.008844502449999998,-0.030138513200000005,-1.69574511,0.1246538054,0.0874524226,0.1078532936,0.09994054910000001,0.00025019293,0.0040276096800000005,0.000158764409,2.3887526800000003e-08,2.66929897e-08,3.8044760500000006e-08,4.62026734e-08,5.915267950000001e-08,8.20700662e-08,1.710190665e-07,0.00408867629,0.00024978718300000004,3.92413057e-06,76.1445456,53.9950561,2.9910325800000004e-07,6.5052334400000005,0.0015262276000000002,0.09373869160000001,6.93078863e-05,2.4572258300000003e-06,0.00295580099,0.361242127,6.93078863e-05,2.4572258300000003e-06,0.01264849465,4.83370597,6.93078863e-05,2.4572258300000003e-06,0.0001935523314,0.08157523841,6.93078863e-05,2.4572258300000003e-06,0.012599562250000002,1.8477809600000002e-07,0.00015893430900000002,0.070931507,0.51560218458,-0.01049932915,-0.011890944999999998,-0.012048096099999999,2.3966534799999997e-06,6.84226917e-05
113,1661588400,0.00922805308,0.009386681990000001,-0.0405825027,-1.29305111,0.187430725,0.085845796,0.1271288811,0.1109283874,0.000515143035,0.00535697212,0.00015887629700000002,1.1592283645999998e-07,7.963385110000002e-08,1.2904360049999998e-07,6.722779420000001e-08,6.1901825e-08,7.7616074e-08,1.4843477429999998e-07,0.00391872199,0.000333896885,0.00036044768027000007,92.8973235,59.5313401,3.10377833e-07,7.11359219,0.0015344927600000001,0.10930147679999999,9.749715059999999e-05,5.93611219e-06,0.00289617654,0.35060947099999995,9.749715059999999e-05,5.93611219e-06,0.012688367550000001,5.0305203899999995,9.749715059999999e-05,5.93611219e-06,0.00031773403500000004,0.28704731505000003,9.749715059999999e-05,5.93611219e-06,0.0125911401,1.288227695e-06,0.00015968082199999998,-1.2381704519999999,71.41193936999998,-0.0009653688469999997,-0.0115764758,-0.011853405450000002,6.673569289999999e-06,0.0001037014531
113,1661589000,0.030075441999999997,0.03023386885,-0.031229174,-0.742520139,0.424100451,0.12913913120000003,0.22523187500000003,0.176817897,0.01124634494,0.06375141631,0.000158835008,4.8658084e-08,5.8093289779999996e-08,9.255449140000001e-08,1.221582265e-07,1.381504272e-07,1.9370102889999997e-07,3.8145296299999997e-07,0.006876708320000001,0.000433466393,0.007726094404809999,90.08236699999999,61.901832,9.00973472e-07,7.44775032,0.00253545456,1.219753759,9.388879749999999e-05,5.2031765900000004e-06,0.0038517354000000004,0.619607315,9.388879749999999e-05,5.2031765900000004e-06,0.012694793899999997,5.043644179999999,9.388879749999999e-05,5.2031765900000004e-06,0.000348749532,0.3030204274,9.388879749999999e-05,5.2031765900000004e-06,0.01259007315,1.135720733e-06,0.000159617963,-0.24076504920599998,30.607798941000006,-0.0045361712785,-0.011434325399999999,-0.011820993149999999,4.77629402e-06,8.32526181e-05
113,1661589600,0.2868376709,0.28699672690000005,-0.0133997706,-0.63292769,1.0357815600000002,0.2700129196,0.5702049170000001,0.44626361700000006,0.11270801137400002,0.43914715324,0.000160007415,1.594991372e-07,3.6281766085e-07,3.7043730650000005e-07,1.6436214281000001e-06,2.1336749152e-06,2.0227805703e-06,2.5582834585e-06,0.0069127834,0.011321434448999999,0.12517441058939,89.43858800000001,72.4900727,7.802474172999999e-06,7.32722502,0.00419048881,4.326539652999999,0.0009483529673999999,8.440083629e-05,0.003996108890000001,0.7445344950000001,0.0009483529673999999,8.440083629e-05,0.013252852599999998,19.56973535,0.0009483529673999999,8.440083629e-05,0.0010305099489999999,15.280385028000001,0.0009483529673999999,8.440083629e-05,0.012671482500000001,9.345416359000001e-06,0.000168501717,-0.9070359856,64.106152263,0.01786789448,-0.01034260243,-0.011025199,3.1465834959999996e-05,0.0003546913179
113,1661590200,0.0141857276,0.014345057750000001,-0.0282199694,-1.48533101,0.180493009,0.10852854649999999,0.15679228699999997,0.14587945200000002,0.00027879490899999996,0.00653570866,0.00016004607800000002,9.57674974e-08,6.437796996e-08,4.9083211399999995e-08,7.838453334999999e-08,8.92625827e-08,1.273239136e-07,2.473316778e-07,0.00685682878,0.00023121678000000002,3.3498494400000003e-06,72.05553230000001,52.151457400000005,4.8209748e-07,6.168976079999999,0.0019198825199999998,0.14912562199999999,9.480213409999999e-05,5.5876495799999995e-06,0.0038225099400000006,0.600135488,9.480213409999999e-05,5.5876495799999995e-06,0.0127199216,5.02130149,9.480213409999999e-05,5.5876495799999995e-06,0.00037047326600000004,0.2296686943,9.480213409999999e-05,5.5876495799999995e-06,0.0126248203,1.5623673869999998e-06,0.000160899798,-0.5117060506999999,7.747859493,-0.0061973329499999995,-0.0112731435,-0.011713778300000002,5.13840495e-06,8.76397104e-05
113,1661590800,0.0157928736,0.0159524952,-0.027424787699999998,-1.57533653,0.17775542900000002,0.11570280540000003,0.159454869,0.149967078,0.00029294761400000004,0.0069612417400000005,0.00015993970199999996,6.562829420000001e-08,4.11763606e-08,4.43750247e-08,6.794286639999999e-08,9.73913015e-08,1.3932506790000003e-07,3.08556366e-07,0.007677052199999999,0.000214073499,4.22362351e-06,72.66625560000001,51.725665500000005,5.352603709999999e-07,6.56222394,0.00203932028,0.1669695,9.03558605e-05,4.92667251e-06,0.00404508171,0.6721071719999999,9.03558605e-05,4.92667251e-06,0.012748088099999999,5.07478823,9.03558605e-05,4.92667251e-06,0.00034710899799999997,0.28981779620000003,9.03558605e-05,4.92667251e-06,0.0126370914,7.764008470000001e-07,0.000160473183,-0.50478626932,4.274832529,-0.008965275489999999,-0.011519096300000002,-0.011867012399999998,4.4954547700000005e-06,8.48868752e-05
113,1661591400,0.0172958473,0.017455357499999997,-0.02241974403,-1.5697892100000002,0.188143244,0.12114997599999999,0.168492642,0.158367332,0.00034717463100000003,0.00771931064,0.000159689528,4.001394395e-08,4.48351297e-08,5.55439111e-08,7.329095309999999e-08,1.0245469090000001e-07,1.538021632e-07,3.23532184e-07,0.008392497040000002,0.00025024914999999997,4.19860881e-06,73.30497199999999,52.0144421,5.85382408e-07,6.358427170000001,0.00211972755,0.18058817700000002,8.52125645e-05,4.65325559e-06,0.00422200369,0.730683219,8.52125645e-05,4.65325559e-06,0.012741128700000002,5.04614281,8.52125645e-05,4.65325559e-06,0.000320320971,0.290429417,8.52125645e-05,4.65325559e-06,0.01263055415,4.269259109999999e-07,0.000159958253,-0.477766744,4.171313948339999,-0.00941748056,-0.01179198325,-0.012009298750000001,4.44970069e-06,8.477157880000001e-05
113,1661592000,0.0176166533,0.017775625899999998,-0.034111943500000005,-1.39726325,0.201381144,0.11883978099999999,0.179892993,0.16774262299999998,0.00035438755299999997,0.00773338475,0.00015905820899999999,3.821754325e-08,3.933330728000001e-08,4.59747278e-08,8.19757269e-08,1.1473327280000002e-07,1.209276231e-07,2.548093619e-07,0.0085798823,0.00022291270199999998,4.75124253e-06,73.158295,51.69438799999999,5.96431844e-07,6.3157996,0.0021124707199999997,0.182886489,7.350953469999999e-05,2.83625276e-06,0.0042479753700000004,0.739762291,7.350953469999999e-05,2.83625276e-06,0.012727517099999999,5.01681591,7.350953469999999e-05,2.83625276e-06,0.000320447894,0.23391438800000003,7.350953469999999e-05,2.83625276e-06,0.012608025200000001,3.00131746e-07,0.000159263062,-0.12035125192999999,1.2737255915399999,-0.0100167351,-0.011741632,-0.0119371757,2.69350822e-06,7.112961040000001e-05
113,1661592600,0.0176310503,0.0177909929,-0.033420090300000004,-1.48296385,0.194630943,0.12054261200000001,0.175542862,0.163955005,0.00040253628200000006,0.007880134280000001,0.000159998302,2.4624719300000002e-08,2.65586457e-08,3.44818452e-08,9.106011719999999e-08,1.4512848400000004e-07,1.3077728e-07,3.037122156e-07,0.008554855430000001,0.00025483473,5.02131294e-06,72.225265,52.025522,5.96445058e-07,6.43314593,0.0021625019999999997,0.190483446,7.46592579e-05,2.7945158999999998e-06,0.00426726582,0.748600036,7.46592579e-05,2.7945158999999998e-06,0.01274660155,5.0217753699999985,7.46592579e-05,2.7945158999999998e-06,0.000307032471,0.24414709549999997,7.46592579e-05,2.7945158999999998e-06,0.01264727075,3.61908232e-07,0.000160316144,-0.018494196299999998,-0.05995345305000001,-0.010150114399999998,-0.01168221,-0.011886218199999998,2.44695912e-06,6.96372657e-05
113,1661593200,0.0164182257,0.016577967699999998,-0.0299739865,-1.6089112,0.181205532,0.1184075011,0.160354897,0.149554566,0.00042836368399999994,0.0073582998799999995,0.000159899725,3.14059119e-08,2.70826086e-08,2.7914842250000006e-08,6.17210583e-08,1.1557407840000001e-07,8.20895556e-08,1.877183545e-07,0.007919765200000001,0.000284336386,4.3131235999999995e-06,75.87445650000001,52.5119915,5.5652004e-07,6.1455119,0.00210929872,0.179805255,7.370372150000001e-05,3.05010612e-06,0.00411913547,0.6995513040000001,7.370372150000001e-05,3.05010612e-06,0.01271911275,4.961764039999999,7.370372150000001e-05,3.05010612e-06,0.000293449101,0.16808409620000003,7.370372150000001e-05,3.05010612e-06,0.0126370758,5.73722759e-07,0.00016026960400000002,0.004025956299999994,1.158426254,-0.00942540995,-0.01162230275,-0.011893395799999998,3.07075449e-06,7.33385381e-05
113,1661593800,0.01187446605,0.01203440895,-0.027218460300000004,-1.6490096200000004,0.15236715100000003,0.10157068250000001,0.13192902950000002,0.1219537214,0.000352527818,0.00555902384,0.00016024940099999997,3.35313711e-08,3.4117852539999995e-08,4.30461133e-08,6.390011970000001e-08,9.36264128e-08,1.1782801760000001e-07,2.620211163e-07,0.0056724097199999995,0.00026010171700000006,3.7561723600000002e-06,74.2709245,53.019113600000004,4.04982968e-07,6.4950228899999995,0.00179219939,0.1286632544,9.704602900000001e-05,5.4479898500000004e-06,0.00348480091,0.49979325700000005,9.704602900000001e-05,5.4479898500000004e-06,0.0127493621,5.048998320000001,9.704602900000001e-05,5.4479898500000004e-06,0.00029508548499999996,0.26157578205,9.704602900000001e-05,5.4479898500000004e-06,0.012645256500000002,6.961815009999999e-07,0.000160599435,-0.744750142,7.4231740694045,-0.008600370250000001,-0.011721761899999999,-0.011999189650000002,4.84135556e-06,8.8002498e-05
113,1661594400,0.009415422950000002,0.009574430200000001,-0.0295828771,-1.5625356099999999,0.148467033,0.08980755809999999,0.121878723,0.10852831,0.000518843311,0.0046917184,0.000159273778,2.09626084e-08,2.216260884e-08,2.730547535e-08,4.937198149999999e-08,7.270560569999999e-08,1.219107603e-07,5.216562405999999e-07,0.00439221932,0.00031042064899999995,3.94949749e-06,79.7138956,54.976977899999994,3.23001193e-07,6.685735310000001,0.0015988290699999997,0.1074910394,8.84835655e-05,4.9093794e-06,0.0030454911099999996,0.38630248800000005,8.84835655e-05,4.9093794e-06,0.0127032233,4.98592492,8.84835655e-05,4.9093794e-06,0.00029744076300000004,0.23753144745000002,8.84835655e-05,4.9093794e-06,0.0126129946,6.386154680000001e-07,0.000159729293,-0.46484042899999994,4.00847304393,-0.00887151663,-0.011681085599999998,-0.011924708000000001,4.49191329e-06,8.191033139999999e-05
113,1661595000,0.01299912053,0.013157983340000002,-0.0294813973,-1.49168264,0.168717651,0.104025769,0.14839202950000002,0.1360541526,0.00042886899899999997,0.006039258489999999,0.000159191188,3.08428027e-08,3.121921073e-08,3.4994637599999994e-08,5.0403288400000004e-08,7.569421200000002e-08,9.492168109999998e-08,1.9887222819999998e-07,0.0061733169,0.000322064386,3.33182979e-06,77.1046756,53.85146189999999,4.425870760000001e-07,6.2591388299999995,0.0018563446599999998,0.140115104,0.0001018579119,6.50376306e-06,0.0036132235399999996,0.542500454,0.0001018579119,6.50376306e-06,0.012693296699999999,4.960177969999999,0.0001018579119,6.50376306e-06,0.00027277011199999996,0.19596513519999997,0.0001018579119,6.50376306e-06,0.0126045037,7.94138962e-07,0.00015966825500000003,-1.0492196855,8.3782405042,-0.00895929856,-0.0116588537,-0.011933709499999999,6.225842520000001e-06,9.596359200000001e-05
113,1661595600,0.00623056905,0.006389985570000001,-0.04796052149999999,-1.243356943,0.12832891600000002,0.07051394,0.1078157936,0.09596542979999999,0.00025816728,0.00306317009,0.000159626926,1.364123702e-08,1.2566201160000002e-08,1.324840735e-08,2.3103545500000002e-08,5.04880143e-08,5.0445332199999996e-08,1.193182639e-07,0.0027993709,0.00031094415,4.455712049999999e-06,84.6146119,57.27564640000001,2.1744479e-07,6.484462260000001,0.0012905694899999999,0.06897480339999999,8.61615246e-05,5.001432549999999e-06,0.0024397432800000005,0.245995054,8.61615246e-05,5.001432549999999e-06,0.012716738299999999,4.97827627,8.61615246e-05,5.001432549999999e-06,0.00025593442299999997,0.20437052120000004,8.61615246e-05,5.001432549999999e-06,0.012626620300000002,5.40814076e-07,0.000159973042,-0.5289367614,3.2278080419999995,-0.009311096879999998,-0.0117406757,-0.011970467700000001,4.91045858e-06,8.37429622e-05
113,1661596200,0.0106006428,0.0107606276,-0.0334870469,-1.5605800100000002,0.151279617,0.09477408970000001,0.1301664731,0.1190661346,0.00028351512100000003,0.0048512174400000005,0.000160262823,2.29306466e-08,2.426792565e-08,3.166353356e-08,4.44111788e-08,6.94146586e-08,9.50030518e-08,2.0740494649999996e-07,0.004985709140000001,0.00030933351399999997,4.49979854e-06,78.55102909999998,54.4009312,3.62777588e-07,6.555491750000002,0.0016816658700000001,0.11473015580000001,9.49056289e-05,5.4639489300000006e-06,0.00324537046,0.439323555,9.49056289e-05,5.4639489300000006e-06,0.01272469755,4.982031060000001,9.49056289e-05,5.4639489300000006e-06,0.00025986995959999997,0.20962469113,9.49056289e-05,5.4639489300000006e-06,0.012648843100000001,6.6703225e-07,0.000160661186,-0.6641460874999999,4.944763341899999,-0.00950156077,-0.011749436399999999,-0.0119987888,5.17101513e-06,8.806450879999999e-05
113,1661596800,0.0099614308,0.010120563000000003,-0.0263993584,-1.65414167,0.149817074,0.0930623671,0.121278701,0.11032836859999999,0.00029425402600000004,0.00463603125,0.000159341694,3.11376009e-08,3.37084915e-08,4.13404558e-08,5.2293827400000006e-08,6.67211471e-08,9.2346113e-08,1.807586277e-07,0.004653658150000001,0.00032239917,3.941732590000001e-06,77.16703400000002,54.963651500000005,3.4142770200000004e-07,6.442487009999999,0.0016358611799999999,0.10801813740000002,9.00245939e-05,4.927064420000001e-06,0.0031457691499999995,0.410989519,9.00245939e-05,4.927064420000001e-06,0.01271078645,5.005484020000001,9.00245939e-05,4.927064420000001e-06,0.000303368228,0.26776192120000003,9.00245939e-05,4.927064420000001e-06,0.01261476975,4.987285259999999e-07,0.000159631482,-0.6570567314000002,6.4396211373,-0.009145839110000002,-0.011795060200000002,-0.0120097696,4.655928650000001e-06,8.507797990000001e-05
113,1661597400,0.010544174100000001,0.010702806700000001,-0.029744618300000004,-1.5744981100000002,0.15289216600000002,0.0953343129,0.131366514,0.1194786471,0.000251747215,0.00480484932,0.000158809052,3.033279533e-08,3.270121557e-08,3.748276128e-08,5.57771766e-08,7.262637629999999e-08,1.019722935e-07,2.2089872599999998e-07,0.004893264749999999,0.000373096582,4.9857859199999995e-06,80.32695500000001,55.5471586,3.6055255500000004e-07,6.57674617,0.00169304337,0.11423317800000002,8.66390372e-05,4.61712746e-06,0.0032405404000000007,0.4324379319999999,8.66390372e-05,4.61712746e-06,0.01265885705,4.901859379999999,8.66390372e-05,4.61712746e-06,0.00024163579899999995,0.1727886508,8.66390372e-05,4.61712746e-06,0.0125886692,3.7481397399999997e-07,0.000158850849,-0.7183434311999999,5.9148127386,-0.009309455999999999,-0.011800870299999999,-0.0120092432,4.13765873e-06,8.1691836e-05
113,1661598000,0.0104463122,0.01060490945,-0.0325621958,-1.51340303,0.15364219,0.094139467,0.132904056,0.11989115860000002,0.000313761318,0.00479138885,0.00015877647300000002,3.022584096e-08,3.27356375e-08,3.6750058600000004e-08,5.4304069799999994e-08,7.504279179999999e-08,1.102546437e-07,2.257217004e-07,0.004757033199999999,0.00046127098599999997,4.1046644899999996e-06,78.9745434,57.2201106,3.5744482e-07,6.4709089,0.0016877282900000002,0.11396102500000001,8.768276940000002e-05,4.542528499999999e-06,0.0031922389999999995,0.42126168900000005,8.768276940000002e-05,4.542528499999999e-06,0.01266146615,4.898477739999999,8.768276940000002e-05,4.542528499999999e-06,0.000245209349,0.16756614860000002,8.768276940000002e-05,4.542528499999999e-06,0.0125900331,4.18133236e-07,0.00015892857399999998,-0.7299424738999999,5.4925825783,-0.00950297475,-0.011817075,-0.0120135463,4.3032536300000005e-06,8.07355939e-05
113,1661598600,0.0123827745,0.012542223649999998,-0.034591293499999995,-1.4668563000000003,0.16856764800000001,0.1020909946,0.149967078,0.13534162499999997,0.00023624900949999997,0.0054053767699999995,0.00015965352099999998,2.5243967229999998e-08,2.7708318470000005e-08,3.2665990459999995e-08,4.88982031e-08,6.72944668e-08,1.0480719599999999e-07,2.20734646e-07,0.0057346234199999995,0.000451678304,4.3459382100000005e-06,79.936933,55.9229237,4.2170228699999996e-07,6.438342799999999,0.00183091895,0.13383843739999995,9.12213441e-05,5.24081685e-06,0.00351781133,0.5095022800000001,9.12213441e-05,5.24081685e-06,0.01274422365,5.0871993600000005,9.12213441e-05,5.24081685e-06,0.000303609421,0.32827699200000005,9.12213441e-05,5.24081685e-06,0.012620034900000002,4.179989710000001e-07,0.000159685185,-0.4386678998999999,3.8552905258,-0.0098351947,-0.0118452394,-0.01203641845,4.4300157099999995e-06,8.13393419e-05
113,1661599200,0.011901140499999999,0.0120602578,-0.021187542799999997,-1.42425424,0.16830513600000002,0.0993896665,0.14906705199999998,0.135304132,0.000204707404,0.00521257648,0.000159261379,2.0552942900000002e-08,1.92899877e-08,2.25571722e-08,3.70911088e-08,5.030434870000001e-08,9.86405827e-08,1.927374485e-07,0.005586499020000001,0.00036000974800000005,3.4483411499999996e-06,78.97798100000001,54.7100735,4.06005899e-07,6.515715,0.00179527198,0.129570299,8.38344486e-05,4.25730976e-06,0.00347344402,0.497069226,8.38344486e-05,4.25730976e-06,0.0126775009,4.8851023399999995,8.38344486e-05,4.25730976e-06,0.00024212546500000003,0.1164959026,8.38344486e-05,4.25730976e-06,0.0126161478,3.677121e-07,0.00015953524799999997,-0.8270534014700001,10.1288854455,-0.008414988690000002,-0.011855015200000001,-0.0120485123,4.300901389999999e-06,8.360552189999999e-05
113,1661599800,0.011776715000000002,0.011936263999999999,-0.024072853300000002,-1.34791343,0.169730181,0.09799672000000001,0.151804633,0.1375917,0.000196004446,0.00514835836,0.00015971598999999997,1.3665948920000003e-08,1.960691092e-08,1.621191348e-08,3.4218851300000004e-08,4.5733571500000005e-08,6.932936919999999e-08,1.831799806e-07,0.0054560663199999995,0.000427876098,3.85519817e-06,82.0828964,55.8201016,4.01734592e-07,6.4736635300000005,0.00176838871,0.1261419324,8.7875712e-05,4.65749671e-06,0.00341798803,0.47995398300000003,8.7875712e-05,4.65749671e-06,0.01273160585,5.03697038,8.7875712e-05,4.65749671e-06,0.00029624902199999997,0.2777873086,8.7875712e-05,4.65749671e-06,0.012633315,4.6719296200000004e-07,0.00016006866000000002,-0.7331498754000001,6.5405593608000006,-0.00940924363,-0.0118786513,-0.012075085149999998,4.52728692e-06,8.82554324e-05
113,1661600400,0.00902741986,0.009187312649999998,-0.028297787600000002,-1.38747583,0.15045459100000003,0.08663955040000001,0.1303914855,0.11434098899999998,0.00021494981700000002,0.004002047409999999,0.000159962297,2.38544565e-08,3.05360925e-08,3.37613503e-08,6.82122516e-08,8.7851345e-08,9.828148240000001e-08,1.9300934040000003e-07,0.00395093964,0.000558159032,3.99649723e-06,82.4914705,60.3920476,3.10007034e-07,6.6882456,0.00156681555,0.1000963225,7.292773849999999e-05,2.8634467800000003e-06,0.00290620878,0.347824909,7.292773849999999e-05,2.8634467800000003e-06,0.012723626900000002,4.93675568,7.292773849999999e-05,2.8634467800000003e-06,0.000265548342,0.1684956709,7.292773849999999e-05,2.8634467800000003e-06,0.012646327399999999,3.4354362700000005e-07,0.000160256984,-0.13536833999999998,46.69767691399999,-0.00579021289,-0.011867835,-0.012063008750000001,2.77032505e-06,7.11964812e-05
113,1661601000,0.00613776831,0.006297054030000001,-0.031190788200000003,-1.140976565,0.130653988,0.06946924879999998,0.11254093630000002,0.09585292499999999,0.00014513492060000004,0.0027961311399999998,0.000159533087,2.9827202950000004e-08,1.531547533e-08,2.057589365e-08,2.5732539649999996e-08,3.7720277500000004e-08,5.02218939e-08,1.1040483650000002e-07,0.0023931412500000004,0.000670560064,4.60557058e-06,91.56082210000001,68.7142734,2.14245543e-07,6.5537538600000005,0.00128090412,0.0672348826,9.98950529e-05,5.54603226e-06,0.0022635774900000003,0.21237568499999998,9.98950529e-05,5.54603226e-06,0.012735581800000001,5.03803553,9.98950529e-05,5.54603226e-06,0.000285601125,0.275306097,9.98950529e-05,5.54603226e-06,0.0126244263,6.18330738e-07,0.000159967943,-0.07192942599999994,9.6390127803,-0.00742979042,-0.01188094315,-0.012074851900000001,5.1046523100000005e-06,9.014580699999999e-05
113,1661601600,0.0317081781,0.03186760523,-0.020039617939999997,-1.5016461300000001,0.2518576866,0.1569178591,0.230669543,0.21004391,0.000700645313,0.01362755376,0.00015955574100000002,5.0923059799999995e-08,5.188759799999999e-08,6.542195357e-08,9.91107817e-08,1.335226104e-07,2.0476242319999995e-07,4.2940202450000006e-07,0.014971256260000001,0.000873781998,7.8847107e-06,80.03567509999999,58.626303400000005,1.064362193e-06,6.194717679999999,0.0027406404900000006,0.326732646,0.00010789441700000001,5.55826285e-06,0.00534949396,1.2983577809999998,0.00010789441700000001,5.55826285e-06,0.012819470099999999,5.47865982,0.00010789441700000001,5.55826285e-06,0.00043738476099999997,0.7451869627000001,0.00010789441700000001,5.55826285e-06,0.0126266942,3.47125231e-07,0.00015976789899999996,-0.2721435146,51.75097737899999,-0.00738232827,-0.01183821835,-0.012023868900000002,3.4377601899999993e-06,7.786429960000001e-05
113,1661602200,0.0417846856,0.0419443155,-0.0012994511000000001,-1.6625784499999998,0.289583835,0.19079153,0.26584562,0.24420745600000004,0.000531358426,0.0179010656,0.000159802952,4.46795077e-08,4.01970365e-08,5.118186239999999e-08,8.835364930000001e-08,1.1087833799999999e-07,5.322211635e-07,4.0922420699999997e-07,0.0198621316,0.001024053115,4.7055422100000005e-06,77.37240249999999,54.592036799999995,1.4000961e-06,5.93635581,0.0033224416300000003,0.437428932,9.907901660000001e-05,5.21523213e-06,0.006487620720000001,1.72732344,9.907901660000001e-05,5.21523213e-06,0.0127934201,5.390935090000001,9.907901660000001e-05,5.21523213e-06,0.000420356004,0.5847346573,9.907901660000001e-05,5.21523213e-06,0.01260902545,3.05570478e-07,0.000159295435,-0.13333135140000002,2.6894732947,-0.0098784655,-0.0117641467,-0.0119873558,2.9609440900000004e-06,7.18201902e-05
113,1661602800,0.03144344550000001,0.031603682200000004,0.00550144887,-1.44249738,0.27169578800000005,0.161593499,0.25017013399999993,0.22624440999999998,0.00043057197999999997,0.013384549750000002,0.00016067752800000002,9.5331201e-08,9.698872299999998e-08,1.1634244540000002e-07,1.614050008e-07,2.33159823e-07,3.56252958e-07,6.048691259999999e-07,0.0147009882,0.0010149846439999998,3.63322906e-06,76.2878168,56.038353400000005,1.0550887e-06,6.36263781,0.00289573006,0.33671903599999997,0.0001032584984,7.206458749999999e-06,0.00560537809,1.29751016,0.0001032584984,7.206458749999999e-06,0.0128246577,5.404709120000001,0.0001032584984,7.206458749999999e-06,0.0004116593149999999,0.6161271248000001,0.0001032584984,7.206458749999999e-06,0.0126548003,9.66043871e-07,0.00016111031099999998,-0.5006229319,4.852812484,-0.00830437844,-0.01148639935,-0.011862512,6.13348493e-06,8.999111490000001e-05
113,1661603400,0.027451370699999998,0.027610931300000002,-0.001951132456,-0.997605651,0.277358463,0.139787214,0.25917041100000004,0.23269460200000003,0.000235226323,0.0115715689,0.000159917594,5.375424129999999e-08,5.9467263349999996e-08,6.551112204e-08,9.881989800000001e-08,1.6102180239999997e-07,2.60871412e-07,4.038269339999999e-07,0.0127697084,0.000948718309,5.7832047e-06,80.0079815,56.3104311,9.228048029999999e-07,6.2415821,0.0026374805499999997,0.29760902499999997,0.0001099685041,7.2299782299999986e-06,0.005248141099999999,1.13014674,0.0001099685041,7.2299782299999986e-06,0.0128523843,5.482041929999999,0.0001099685041,7.2299782299999986e-06,0.00046766737599999997,0.7070028596,0.0001099685041,7.2299782299999986e-06,0.012626244200000001,8.84969039e-07,0.00016030754,-0.519763454041,5.890193279,-0.006858055092400001,-0.0115304634,-0.0118671082,5.78180179e-06,9.05134481e-05
113,1661604000,0.0273153933,0.027474147699999996,-0.01330794945,-0.891672164,0.281858599,0.135902923,0.26194549300000003,0.234419659,0.000393992835,0.011626141900000001,0.000158856736,5.699945140000001e-08,5.863857319999999e-08,6.88930682e-08,9.92487776e-08,1.5802658710000002e-07,1.901738617e-07,4.0141160700000005e-07,0.0126645233,0.00098625535,5.766539790000001e-06,79.734717,56.658711100000005,9.18164826e-07,6.35309595,0.00256918638,0.2875294869999999,9.30652025e-05,4.044679989999999e-06,0.00520340571,1.11240596,9.30652025e-05,4.044679989999999e-06,0.01281323345,5.3600493899999995,9.30652025e-05,4.044679989999999e-06,0.00044986429099999994,0.603684766,9.30652025e-05,4.044679989999999e-06,0.0126033797,2.3900969499999997e-07,0.000159086008,-0.22225985740000004,2.5472822938000004,-0.010341274550000001,-0.0118689236,-0.012042713699999999,2.78384014e-06,7.205418910000001e-05
113,1661604600,0.0259466015,0.0261060167,-0.0135766969,-0.8151875439999999,0.27739597200000005,0.129087663,0.257407861,0.23115705600000003,0.000257447058,0.011000039849999999,0.000159603931,4.996495670000001e-08,5.166852355e-08,5.953056717e-08,9.36933572e-08,1.1847107290000001e-07,2.5761818419999997e-07,4.17813553e-07,0.01194495085,0.0010209464949999998,6.16296896e-06,80.31482809999999,57.242462599999996,8.726072479999999e-07,6.29611276,0.0024783560600000003,0.274235043,9.33821463e-05,5.29891273e-06,0.005043275219999999,1.042308347,9.33821463e-05,5.29891273e-06,0.012801701100000002,5.29087305,9.33821463e-05,5.29891273e-06,0.00041313981700000007,0.5352912639999999,9.33821463e-05,5.29891273e-06,0.0126288759,4.3048716499999987e-07,0.000159920157,-0.590417489578,3.1211481090000004,-0.00998884525,-0.01177914355,-0.01198270875,4.42190778e-06,8.19728764e-05
113,1661605200,0.026579943099999996,0.0267396248,-0.021690023700000005,-0.898492261,0.27540840400000005,0.13181965599999998,0.254857783,0.231232061,0.00027249641200000004,0.011385965100000001,0.00015989005599999998,7.833858850000001e-08,8.03853981e-08,9.471326115000001e-08,1.332025383e-07,1.7507776779999996e-07,2.68091252e-07,5.582070225000001e-07,0.012460371199999999,0.000821317725,6.67423599e-06,74.79852009999999,55.578725999999996,8.933713290000001e-07,6.351396340000001,0.00247263449,0.27920595400000003,9.14934185e-05,4.10385715e-06,0.00515853445,1.09184513,9.14934185e-05,4.10385715e-06,0.012830551249999999,5.30740297,9.14934185e-05,4.10385715e-06,0.000438201419,0.5535464539999999,9.14934185e-05,4.10385715e-06,0.012643225600000002,3.9342936299999996e-07,0.000160245719,-0.2286432565,2.23519520358,-0.0101906772,-0.0118908844,-0.012100737099999998,3.0342997800000004e-06,7.490653590000001e-05
113,1661605800,0.0303017752,0.0304620073,-0.029141117699999997,-0.9346318809999999,0.29490900600000003,0.142772499,0.27083326999999996,0.24582000399999995,0.000520169532,0.0131438015,0.000160565943,6.467618549999999e-08,7.145004468e-08,9.121697697000001e-08,1.4046350380000002e-07,2.0301729474999995e-07,2.7988799350000003e-07,5.268705167999999e-07,0.014205937499999998,0.000935333726,7.894047329999999e-06,78.7964832,55.68024049999999,1.017693839e-06,6.22368416,0.0025892826299999997,0.321141774,0.00010734460840000001,6.157683389999999e-06,0.00549364082,1.2391116,0.00010734460840000001,6.157683389999999e-06,0.012887353599999998,5.53449696,0.00010734460840000001,6.157683389999999e-06,0.00048540700000000004,0.7327619710000001,0.00010734460840000001,6.157683389999999e-06,0.01266344075,9.10175975e-07,0.00016120307900000002,-0.4193409236600001,22.358703517200002,-0.0030918646499999997,-0.011746545099999998,-0.012026387150000001,4.52756416e-06,8.483470500000001e-05
113,1661606400,0.030239431599999998,0.030399303100000004,-0.025920074199999997,-0.8739630140000001,0.33773531,0.14033083,0.2745458820000001,0.24792006800000005,0.00030978817400000003,0.012633731200000001,0.00015996678000000002,7.68478151e-08,9.636935116000001e-08,1.324301017e-07,1.929642328e-07,2.5392016270000004e-07,3.461102634e-07,6.11984572e-07,0.014081998599999998,0.00102713214,8.780381180000001e-06,79.2055065,56.30211010000001,1.0154112e-06,6.41315599,0.00257099015,0.338986691,9.923302449999999e-05,4.3064450099999996e-06,0.00544821894,1.21573509,9.923302449999999e-05,4.3064450099999996e-06,0.012874676300000002,5.483879320000001,9.923302449999999e-05,4.3064450099999996e-06,0.000473040932,0.693799696,9.923302449999999e-05,4.3064450099999996e-06,0.012649559800000001,7.041759629999999e-07,0.00016058684800000002,0.0848983812,149.51828200846998,2.3139399999999587e-05,-0.011909705900000001,-0.012078182600000001,3.4051027500000003e-06,7.983377399999999e-05
113,1661607000,0.0303542157,0.030513404100000002,-0.0325745708,-0.94260944,0.291683908,0.142870684,0.270533262,0.245557498,0.00034128044300000003,0.012904241,0.00015925307099999998,3.892397235e-08,3.6711846600000005e-08,4.449584177e-08,7.06176758e-08,9.21773525e-08,1.4800068539999998e-07,3.38138579e-07,0.014280779000000002,0.0008874554660000001,8.037174170000001e-06,77.74213540000001,55.3620909,1.0197296400000001e-06,6.08879439,0.00258217013,0.3123785230000001,8.82324756e-05,3.47523483e-06,0.0055021228,1.2412723099999998,8.82324756e-05,3.47523483e-06,0.012789261599999999,5.2279136799999995,8.82324756e-05,3.47523483e-06,0.00043023739,0.516858952,8.82324756e-05,3.47523483e-06,0.012617429900000001,1.7429501399999998e-07,0.000159374446,0.05723173225,0.4817467983,-0.0105448193,-0.011931116949999999,-0.0120895756,2.36128873e-06,6.919659209999999e-05
113,1661607600,0.0292467666,0.0294061954,-0.033072280499999995,-0.9255193589999999,0.28737127399999995,0.14082740700000002,0.266670643,0.24113236,0.00044048034199999997,0.012533975950000002,0.00015955902300000002,6.728767350000001e-08,7.021121675000001e-08,8.35854802e-08,1.2314901920000002e-07,1.6202903140000001e-07,2.565354743e-07,5.442673480000001e-07,0.013628992900000001,0.0009851646,7.78778919e-06,77.950486,56.2387633,9.818655300000002e-07,6.56426352,0.0025065103300000004,0.299886079,0.00010241745590000001,4.96759527e-06,0.005361435440000001,1.17949087,0.00010241745590000001,4.96759527e-06,0.012844731100000001,5.4643114,0.00010241745590000001,4.96759527e-06,0.000463096909,0.699462062,0.00010241745590000001,4.96759527e-06,0.0126274997,2.5126675899999994e-07,0.000159706581,-0.08713662339999997,1.545997357,-0.010559860199999998,-0.0118945947,-0.012073692649999999,3.0547920999999997e-06,7.2953315e-05
113,1661608200,0.026466862199999996,0.026626990099999998,-0.026163668300000005,-0.9360892160000001,0.277770977,0.135154538,0.253882748,0.22875698399999997,0.00040766050399999995,0.0114491584,0.000160239187,8.68630671e-08,8.989048229999999e-08,1.0292991831999998e-07,1.404555733e-07,1.7889754630000002e-07,2.6985165719999996e-07,5.128378046e-07,0.012249148499999998,0.0009768995250000003,5.87006218e-06,77.8834937,56.755042700000004,8.89597005e-07,6.3367192800000005,0.00240335634,0.278864134,9.19574015e-05,3.65939323e-06,0.00512094768,1.076463487,9.19574015e-05,3.65939323e-06,0.012856285649999999,5.33584915,9.19574015e-05,3.65939323e-06,0.00045151197800000003,0.59729063,9.19574015e-05,3.65939323e-06,0.0126550991,1.94355914e-07,0.000160346278,0.15177814999,1.9261846569999999,-0.010487293049999999,-0.01195519595,-0.012118589150000001,2.3730309299999997e-06,6.968056199999999e-05
113,1661608800,0.0223540824,0.022513047999999997,-0.0303775758,-0.834646248,0.25707035200000006,0.12240279440000001,0.236557222,0.21120644399999997,0.000383784069,0.009619826299999999,0.00015902832399999998,3.43011761e-08,3.5693119430000004e-08,4.3614491299999995e-08,6.865568039999999e-08,9.106490515000001e-08,1.479289566e-07,3.49491311e-07,0.0101169953,0.00105246484,6.74051702e-06,82.7541851,58.743861300000006,7.53030391e-07,6.28148861,0.00221067245,0.240097083,9.21771556e-05,3.8451160899999995e-06,0.00465990503,0.8960167029999999,9.21771556e-05,3.8451160899999995e-06,0.0127845031,5.29593938,9.21771556e-05,3.8451160899999995e-06,0.000389245052,0.548276717,9.21771556e-05,3.8451160899999995e-06,0.012604338500000001,1.73470449e-07,0.00015904344199999998,-0.008269631599999994,0.28906323959999997,-0.0107174306,-0.0119223397,-0.0120794253,2.3950715100000004e-06,6.981413550000001e-05
113,1661609400,0.022252647999999996,0.022411951000000003,-0.0274518603,-0.713990855,0.26190799600000003,0.1165769865,0.240494841,0.21443154499999997,0.00023322526099999998,0.00938252115,0.000159386111,6.26019599e-08,6.388817200999999e-08,6.944827093999998e-08,9.253329589999999e-08,1.0458113295000001e-07,1.467160215e-07,2.919111336e-07,0.010002534999999998,0.00111783517,5.01733739e-06,83.14806429999999,59.2403864,7.49931792e-07,6.187940190000001,0.00224011235,0.24018857300000002,8.95456131e-05,3.6606215999999993e-06,0.00464878725,0.888364498,8.95456131e-05,3.6606215999999993e-06,0.012801668800000002,5.27061056,8.95456131e-05,3.6606215999999993e-06,0.00040394704900000006,0.5348337055,8.95456131e-05,3.6606215999999993e-06,0.012625381799999998,3.39619242e-07,0.000159726612,-3.4104917051999997,180.1315621725,-0.00802226645,-0.011945350300000001,-0.012104157400000001,3.28478331e-06,7.97690668e-05
113,1661610000,0.0205779412,0.020737352200000003,-0.0261145062,-0.683216343,0.311109501,0.11196468939999997,0.23194458199999998,0.206181294,0.000242215737,0.00906811665,0.00015950887899999998,7.284368805e-08,7.503340027e-08,8.782258660000001e-08,1.4673374250000001e-07,2.76323517e-07,5.305505988e-07,9.91660861e-07,0.00921068575,0.00106803913,7.96068929e-06,77.85115420000001,59.52819199999999,6.93415479e-07,6.496974509999999,0.0021401404999999997,0.262612285,7.87663961e-05,2.98108789e-06,0.00443344835,0.8062727329999999,7.87663961e-05,2.98108789e-06,0.0127410001,5.0482501399999995,7.87663961e-05,2.98108789e-06,0.000332694655,0.30054154460000004,7.87663961e-05,2.98108789e-06,0.01262840435,4.4251165299999997e-07,0.000159818704,0.0792133989,87.69690723009998,-0.0041342654,-0.011950214349999998,-0.012103200800000002,2.9047410300000003e-06,7.53481719e-05
113,1661610600,0.017797080399999998,0.0179571741,-0.0200651765,-0.6388021500000001,0.247770062,0.104767745,0.21810665899999998,0.191855858,0.000199320762,0.0076146066200000005,0.00016016539800000002,4.731058625000001e-08,5.10034887e-08,6.099732000000001e-08,8.755577910000001e-08,1.195088314e-07,1.8605237960000003e-07,3.8566953799999995e-07,0.0077121938,0.0011804128500000001,4.9098860800000005e-06,81.04414239999998,62.2266911,6.010473830000001e-07,6.56593178,0.0019456948000000003,0.188830976,9.25906288e-05,3.7212812200000008e-06,0.004064298809999999,0.678339757,9.25906288e-05,3.7212812200000008e-06,0.01283440655,5.3172986,9.25906288e-05,3.7212812200000008e-06,0.000391386754,0.5483548920000001,9.25906288e-05,3.7212812200000008e-06,0.0126539194,1.8365639199999998e-07,0.000160304555,0.17612861254999998,13.28947604,-0.00856490478,-0.0119944157,-0.012149306200000001,2.3091042e-06,6.91690794e-05
113,1661611200,0.0163112205,0.016471121550000002,-0.0452917289,-0.6717651539999999,0.26648313199999996,0.1030991666,0.20655630499999997,0.18060551600000002,0.00021680998899999997,0.00731656988,0.000159966975,4.11854637e-08,5.052492589999999e-08,6.202059569999999e-08,9.12664612e-08,1.1622684389999998e-07,1.9776785005000002e-07,2.765530212e-07,0.00693664631,0.0012121462199999999,5.911523410000001e-06,84.73478159999999,63.7348808,5.52099484e-07,6.453623070000001,0.0018323075299999999,0.177168707,8.43972186e-05,3.37058149e-06,0.00384957374,0.609481508,8.43972186e-05,3.37058149e-06,0.01278940925,5.15152171,8.43972186e-05,3.37058149e-06,0.000347248221,0.37959570489999994,8.43972186e-05,3.37058149e-06,0.012647175700000002,3.9961264100000007e-07,0.000160249596,0.27115642149999997,77.43373322030001,-0.00477727625,-0.011982363499999999,-0.01213575445,2.81377282e-06,7.408361409999999e-05
113,1661611800,0.01549762705,0.01565809605,-0.06072414060000001,-0.613975197,0.22054423,0.0982476885,0.20130614700000002,0.176105377,0.00024862679200000003,0.006694123089999999,0.000160530823,2.759639682e-08,2.9433685800000006e-08,3.139077267e-08,4.64348098e-08,5.657108355e-08,8.4140633e-08,1.748375489e-07,0.00660144555,0.0011408865799999999,5.95201271e-06,88.8355354,63.521549300000004,5.25566201e-07,6.263722939999999,0.00179727733,0.16436348299999998,7.9820788e-05,3.05770095e-06,0.00376150418,0.5819278860000001,7.9820788e-05,3.05770095e-06,0.0127782327,5.049628920000001,7.9820788e-05,3.05770095e-06,0.000300747806,0.2617070365,7.9820788e-05,3.05770095e-06,0.012664286,1.6053824000000003e-07,0.00016054526800000002,-0.009974259100000002,0.3011462737,-0.011042967,-0.012011061100000001,-0.0121584026,2.62466243e-06,7.040039930000001e-05
113,1661612400,0.02353859295,0.023698633150000002,-0.0871391251,-0.38054243500000007,0.30068417199999997,0.1281577124,0.22215677500000003,0.198568562,0.0007219756749999998,0.012667208340000003,0.000160131505,1.077821721e-07,1.3539711913e-07,7.696069030000001e-08,2.311939889e-07,3.5754583710000003e-07,2.193477835e-07,7.798731440000001e-07,0.01066255819,0.001072949535,3.178199422e-05,83.6008754,61.313399600000004,7.914954709999999e-07,6.476907199999999,0.00238335974,0.300267791,9.328609469999999e-05,3.9744237499999996e-06,0.00460229671,0.94687079,9.328609469999999e-05,3.9744237499999996e-06,0.012817708050000001,5.31725476,9.328609469999999e-05,3.9744237499999996e-06,0.000398587498,0.5639617817,9.328609469999999e-05,3.9744237499999996e-06,0.01266186915,1.4879023659999999e-06,0.00016136313499999998,-0.2384847327,78.81561043,-9.146874999999954e-05,-0.011966998799999998,-0.01212447325,5.56964142e-06,0.0001013291409
113,1661613000,0.02948445955555555,0.029643775,-0.019697991555555558,-1.4775730333333335,0.26729982888888887,0.15716796222222224,0.23813226888888886,0.21800665444444445,0.0003800631277777778,0.01273490577777778,0.0001594100422222222,7.059883127777778e-08,7.272449566666666e-08,8.512210055555556e-08,1.2156246355555557e-07,1.547423458888889e-07,2.472784692222222e-07,5.336127755555555e-07,0.0137494785,0.000985425368888889,5.923728955555556e-06,77.25142566666666,56.163683999999996,9.89791951111111e-07,6.3910290666666665,0.002783682622222222,0.3058635577777778,0.00011348581166666665,5.465453399999999e-06,0.0054079561444444445,1.2002850888888892,0.00011348581166666665,5.465453399999999e-06,0.01288369688888889,5.7108051,0.00011348581166666665,5.465453399999999e-06,0.0004937239466666667,0.9672916011111111,0.00011348581166666665,5.465453399999999e-06,0.012627597944444444,2.0806780555555556e-07,0.00015963496222222223,2.399305406444445,93.53099741944443,-0.007406616111111111,-0.011941406277777776,-0.012099564222222222,2.430287366666667e-06,6.9746744e-05
113,1661613600,0.027829061199999998,0.0279893675,-0.020887833700000004,-1.52730276,0.247245047,0.15409720600000001,0.229432,0.207456331,0.000306680577,0.011717123450000002,0.000160388273,5.8293472900000005e-08,6.165999909999999e-08,7.39766943e-08,1.0474842e-07,1.3852691930000002e-07,2.158383005e-07,4.5920957999999995e-07,0.012904605599999999,0.001002893903,5.82652861e-06,78.9859724,56.60234489999999,9.346089639999999e-07,6.403712779999999,0.0027393896,0.294982205,8.960641380000001e-05,3.60359052e-06,0.0052720666800000005,1.13985909,8.960641380000001e-05,3.60359052e-06,0.012813288250000002,5.25433233,8.960641380000001e-05,3.60359052e-06,0.000366440417,0.47392478909999997,8.960641380000001e-05,3.60359052e-06,0.01266134155,1.6977995300000002e-07,0.000160479876,0.028608349899999996,0.158741818,-0.0109440131,-0.0119781683,-0.012136417799999999,2.3940212e-06,6.98806202e-05
113,1661614200,0.0263882406,0.0265485861,-0.014904556660000002,-1.6555196000000003,0.22609439999999997,0.152026713,0.21023142,0.190730823,0.0002358947075,0.011001203300000002,0.000160438283,6.47374855e-08,6.653122189999999e-08,8.14529838e-08,1.1458060500000001e-07,1.5459753479999998e-07,2.411928513e-07,5.05956448e-07,0.012240008850000001,0.000947466009,5.30678081e-06,77.648037,56.5791134,8.867668409999998e-07,6.50885564,0.0026486258500000004,0.275258272,9.796459959999998e-05,4.348149229999999e-06,0.00510936656,1.071104935,9.796459959999998e-05,4.348149229999999e-06,0.0128446324,5.3931474999999995,9.796459959999998e-05,4.348149229999999e-06,0.000408127012,0.6309609063599999,9.796459959999998e-05,4.348149229999999e-06,0.0126616756,1.7464956699999998e-07,0.00016049434400000002,0.01067194284999999,0.27019619270999995,-0.0109685735,-0.011977682399999998,-0.0121314923,2.45477662e-06,7.04854756e-05
113,1661614800,0.023809900400000004,0.023969818900000002,-0.012979100999999998,-1.76311754,0.195193461,0.146328251,0.181355537,0.169842687,0.00021479835460000004,0.00994482015,0.000160016808,6.85677156e-08,6.981793884e-08,8.239123659999999e-08,1.1188235580000001e-07,1.4210599620000002e-07,2.1065957929999998e-07,4.2359237870000004e-07,0.01106190935,0.000837241369,4.5845576000000005e-06,77.1098489,56.32616410000001,8.01620104e-07,6.29859559,0.0025320696700000004,0.253291602,9.780562e-05,4.38177559e-06,0.0048842551,0.978795449,9.780562e-05,4.38177559e-06,0.012804772749999999,5.31866543,9.780562e-05,4.38177559e-06,0.00038130996400000003,0.5763577416,9.780562e-05,4.38177559e-06,0.0126424792,1.71892429e-07,0.00016000449499999997,0.0629054125,0.1422199768,-0.0107682581,-0.0119547448,-0.012115479750000002,2.4570806400000002e-06,6.95992551e-05
113,1661615400,0.023049641,0.0232098692,-0.011858450000000001,-1.7680984400000004,0.193505906,0.143804374,0.175655363,0.168605147,0.000229103317,0.0097136255,0.00016031627400000002,6.25794271e-08,6.814162136e-08,7.913767314e-08,1.080154063e-07,1.4334007789999998e-07,2.2916718350000003e-07,4.562283335e-07,0.0105876829,0.000930444318,5.454220780000001e-06,79.2393285,57.3731046,7.758601360000001e-07,6.546906859999998,0.00247079648,0.243966029,0.00010950136190000003,5.2651986200000005e-06,0.00476622417,0.934531209,0.00010950136190000003,5.2651986200000005e-06,0.012859835850000001,5.580383299999999,0.00010950136190000003,5.2651986200000005e-06,0.0004206006,0.8311029874000001,0.00010950136190000003,5.2651986200000005e-06,0.012658055800000002,1.62213888e-07,0.00016038905399999999,0.032920664239999994,0.1925438012,-0.0108166089,-0.0119959055,-0.01214294115,2.38054451e-06,6.947729550000001e-05
