StationID,TimeStamp,magn@var,magn@power,magn@skew,magn@kurt,magn@abs_max,magn@abs_mean,magn@abs_max_top5p,magn@abs_max_top10p,magn@energy_sstd,magn@energy_smax,magn@power_0_5,magn@power_5_10,magn@power_10_15,magn@power_15_20,magn@power_20_25,magn@power_25_30,magn@power_30_35,magn@power_35_40,magn@power_40_60,magn@power_140_160,magn@power_other,magn@frequency_center,magn@mean_square_frequency,magn@variance_frequency,magn@frequency_entropy,magn@level4d_abs_mean,magn@level4d_energy,magn@level4d_energy_smax,magn@level4d_energy_sstd,magn@level5d_abs_mean,magn@level5d_energy,magn@level5d_energy_smax,magn@level5d_energy_sstd,magn@level6a_abs_mean,magn@level6a_energy,magn@level6a_energy_smax,magn@level6a_energy_sstd,magn@level6d_abs_mean,magn@level6d_energy,magn@level6d_energy_smax,magn@level6d_energy_sstd,magn@ulf_abs_mean,magn@ulf_var,magn@ulf_power,magn@ulf_skew,magn@ulf_kurt,magn@ulf_abs_max,magn@ulf_abs_max_top5p,magn@ulf_abs_max_top10p,magn@ulf_energy_sstd,magn@ulf_energy_smax
113,1687622400,0.00743861326,0.007569782729999999,0.014320206660000001,-0.95361497,0.14966706899999999,0.07371068380000001,0.13177902300000002,0.11689106850000001,0.0001044052465,0.0032586075400000006,0.000131221629,1.7285705900000004e-08,1.770545752e-08,2.2677302000000002e-08,3.381991965e-08,4.30895105e-08,7.91987734e-08,1.7870863e-07,0.00328238764,0.0004328974459999999,3.55525989e-06,85.9474679,59.714927,2.5571849e-07,6.76427731,0.00140621615,0.0832357762,6.54448784e-05,2.46124335e-06,0.0026665988499999997,0.292934358,6.54448784e-05,2.46124335e-06,0.0115540916,4.1439118,6.54448784e-05,2.46124335e-06,0.000264157059,0.23132371466999996,6.54448784e-05,2.46124335e-06,0.0114541678,1.50587027e-07,0.000131349336,0.02816212574,0.16511887223000002,-0.0096913974,-0.010817686900000002,-0.0109587787,2.0369119200000004e-06,5.70870088e-05
113,1687623000,0.007173336770000001,0.00730454368,-0.0013187137050000007,-0.8159509889999998,0.15019208500000003,0.07026766970000001,0.131141504,0.1161035437,0.00011047761209999999,0.00316399162,0.000131257421,1.3985674570000003e-08,1.3649020749999998e-08,1.665969449e-08,2.6410995200000002e-08,3.7105957150000004e-08,6.18982504e-08,1.7067393499999999e-07,0.0031266719599999998,0.000456283053,3.31981862e-06,86.3169906,60.7740864,2.4694548000000004e-07,6.60512095,0.0013379557400000001,0.07696350869999999,6.447680570000001e-05,2.4533512100000003e-06,0.00256983875,0.27201785600000006,6.447680570000001e-05,2.4533512100000003e-06,0.0115637721,4.15063514,6.447680570000001e-05,2.4533512100000003e-06,0.00029142694,0.23818880159999994,6.447680570000001e-05,2.4533512100000003e-06,0.011454506100000001,1.4808373000000002e-07,0.00013135485299999998,-0.005541837300000003,0.20003863800000002,-0.0096517672,-0.0108257821,-0.010965324100000002,2.15484516e-06,5.79477168e-05
113,1687623600,0.00839504925,0.0085264947,-0.03923295535,-0.897205334,0.155629748,0.0765904462,0.139166747,0.12465380399999999,0.00010300180210000001,0.0035910051300000003,0.00013150638099999998,2.487250768e-08,2.4815978270000002e-08,3.012792817e-08,4.207385889999999e-08,5.45073533e-08,8.500867490000001e-08,2.07211631e-07,0.0037841090399999998,0.000408734321,4.139464e-06,81.8142622,58.0627525,2.87472817e-07,6.60967251,0.00144121302,0.088893462,6.061070530000001e-05,2.29853496e-06,0.00283096192,0.328495143,6.061070530000001e-05,2.29853496e-06,0.011519462749999999,4.032936560000001,6.061070530000001e-05,2.29853496e-06,0.000221212509,0.11127791940000001,6.061070530000001e-05,2.29853496e-06,0.01146605215,1.4342804399999998e-07,0.00013161423800000003,0.0808456538,0.1723668331,-0.009742449650000002,-0.010832642899999998,-0.010979264150000001,2.16460428e-06,5.74778974e-05
113,1687624200,0.008246085166666667,0.008377876055555556,-0.05194189066666667,-0.7962934588888889,0.15704646,0.07291508955555555,0.1390875777777778,0.1247538088888889,9.001979444444443e-05,0.003552548066666666,0.00013185396444444445,2.1928972777777778e-08,2.1163284888888892e-08,2.62708145e-08,3.8100358e-08,4.848125155555556e-08,8.105740544444444e-08,2.106951162222222e-07,0.0037370012222222217,0.00038040286,5.112453211111111e-06,82.06060677777778,57.485244555555546,2.824481355555555e-07,6.592002177777777,0.0014203143444444445,0.08923044122222222,6.195695966666666e-05,2.5158427333333333e-06,0.0028306303555555557,0.32878257,6.195695966666666e-05,2.5158427333333333e-06,0.011565988944444444,4.105472211111111,6.195695966666666e-05,2.5158427333333333e-06,0.0002668488833333334,0.1665677842222222,6.195695966666666e-05,2.5158427333333333e-06,0.0114828605,1.5705226333333335e-07,0.0001320144677777778,0.021043324555555555,0.26207779233333334,-0.009594509000000001,-0.010836522222222221,-0.010980338166666666,2.3379276222222218e-06,5.856764133333333e-05
113,1687624800,0.008205609470000002,0.0083376917,-0.061014950299999995,-0.73742564,0.159454867,0.07236284269999999,0.13961675999999998,0.12446630249999999,0.0001396183095,0.0036274907200000003,0.00013213420000000002,2.0517594039999998e-08,2.0420691889999996e-08,2.4454015800000004e-08,3.4664418499999995e-08,4.69092181e-08,7.185619630000001e-08,1.8952753100000002e-07,0.00365370283,0.000443517202,5.120370749999999e-06,83.1569294,59.175054599999996,2.81330363e-07,6.580901819999999,0.0013964210700000003,0.0865031091,6.53729182e-05,2.39433735e-06,0.00277248369,0.316528932,6.53729182e-05,2.39433735e-06,0.0115775554,4.13298125,6.53729182e-05,2.39433735e-06,0.00027531773000000003,0.2006448653,6.53729182e-05,2.39433735e-06,0.01148748575,1.3063784200000002e-07,0.000132093643,0.0802883392,1.1074366167499998,-0.009522946340000001,-0.01089347315,-0.0110268271,1.97229183e-06,5.763045439999999e-05
113,1687625400,0.00841773844,0.00854946945,-0.0637369487,-0.7981879000000001,0.158104824,0.0746269661,0.140741796,0.12532882549999996,0.0001120340133,0.0036238657299999997,0.000131790372,2.02639379e-08,2.0480684360000003e-08,2.400904525e-08,3.5037394299999996e-08,4.5533840349999994e-08,7.28196713e-08,1.9746158340000003e-07,0.0037659244600000003,0.000436821997,5.64758958e-06,82.7763539,58.7066626,2.8825449299999994e-07,6.6071424500000004,0.0014247288599999997,0.0886444409,6.92235348e-05,2.83878546e-06,0.00281932631,0.32615808199999996,6.92235348e-05,2.83878546e-06,0.01159750285,4.225341379999999,6.92235348e-05,2.83878546e-06,0.000318868335,0.3099304418,6.92235348e-05,2.83878546e-06,0.011475935700000002,1.4852641700000002e-07,0.00013184657800000002,-0.018524125349999997,0.41015181949999996,-0.00966563095,-0.010843554699999999,-0.010986679150000001,2.24802262e-06,5.8139943500000005e-05
113,1687626000,0.0084649048,0.0085964148,-0.042779401700000004,-0.962398847,0.156604781,0.0773782987,0.137516698,0.123828779,0.0001036046108,0.0036548655399999998,0.000131564085,1.944445666e-08,1.9304226050000002e-08,2.3755047680000004e-08,3.47751827e-08,4.4358874199999997e-08,7.08236986e-08,1.95443342e-07,0.0038915732400000005,0.00033517682000000005,5.238206380000001e-06,81.491914,56.2987026,2.89936933e-07,6.50295609,0.00145328153,0.0901916536,6.4304688e-05,2.389283e-06,0.00287958151,0.339803334,6.4304688e-05,2.389283e-06,0.011575528999999998,4.14674323,6.4304688e-05,2.389283e-06,0.000294451684,0.22251971939999998,6.4304688e-05,2.389283e-06,0.011463566100000001,1.42709291e-07,0.00013155659799999998,0.042392157800000003,0.3483530254,-0.009596764800000001,-0.010843610299999999,-0.010982787349999999,2.09185668e-06,5.77389377e-05
113,1687626600,0.0088538564,0.008985228699999999,-0.054371142299999994,-1.026100678,0.15532974,0.0803642754,0.139016745,0.125141322,8.97615934e-05,0.0037756719000000003,0.000131421469,1.9681467359999997e-08,1.9774433549999997e-08,2.4430882450000002e-08,3.72554023e-08,4.9889776300000005e-08,8.53266867e-08,2.1329264e-07,0.004067607860000001,0.000352158391,6.645574500000001e-06,80.02209339999999,56.4003236,3.02626095e-07,6.50470337,0.00150941068,0.09603347820000001,6.04926859e-05,2.12721598e-06,0.0029580751399999996,0.35907009200000006,6.04926859e-05,2.12721598e-06,0.01154505215,4.08148492,6.04926859e-05,2.12721598e-06,0.00025656429699999993,0.15781718636000003,6.04926859e-05,2.12721598e-06,0.0114621822,1.3574594500000002e-07,0.00013151777500000001,0.1224803923,0.3481875594,-0.0098088636,-0.01084984705,-0.010993226899999998,1.97040195e-06,5.6526653900000005e-05
113,1687627200,0.00711428442,0.00724575301,-0.06239381930000001,-0.9584707800000001,0.14085430100000002,0.0709422454,0.12319125989999999,0.11119089339999999,0.0001703729424,0.0031490328500000005,0.000131517886,2.090510921e-08,2.022798853e-08,2.487730314e-08,3.61837997e-08,4.68982283e-08,8.31185988e-08,2.0893863899999998e-07,0.0032755248100000004,0.00027550359899999996,5.61407212e-06,78.1197676,55.7925031,2.44910069e-07,6.6308245900000005,0.0013464057200000001,0.0776519321,6.034053100000001e-05,2.2252356600000005e-06,0.0026550965099999997,0.290275089,6.034053100000001e-05,2.2252356600000005e-06,0.0115296475,4.04014168,6.034053100000001e-05,2.2252356600000005e-06,0.00022387391900000002,0.1289230694,6.034053100000001e-05,2.2252356600000005e-06,0.011467623100000001,1.2726316199999997e-07,0.00013163417400000003,0.03486005874399999,0.507429718462,-0.0098018505,-0.0108799439,-0.0110124329,2.1331863100000003e-06,5.75351953e-05
113,1687627800,0.007662868390000001,0.00779437196,-0.054219220299999996,-1.001192757,0.14291686499999998,0.0741165143,0.12874142900000002,0.11632855179999999,7.659252679999999e-05,0.0032508608299999997,0.000131552904,1.221435293e-08,1.1349480990000001e-08,1.484450652e-08,2.46563891e-08,3.1341649e-08,5.74178098e-08,1.605510106e-07,0.00354842593,0.000277866219,4.77390713e-06,80.87719809999999,55.458684600000005,2.63286578e-07,6.38907447,0.00139589824,0.0829744138,6.03328253e-05,2.4286368099999994e-06,0.0027618409,0.313280055,6.03328253e-05,2.4286368099999994e-06,0.0115254946,4.02695973,6.03328253e-05,2.4286368099999994e-06,0.00021404689099999998,0.1139905945,6.03328253e-05,2.4286368099999994e-06,0.01146915645,1.418432089e-07,0.00013168410599999998,0.03582958979999999,0.3409509664,-0.0096436581,-0.0108493145,-0.010988287199999999,2.34249556e-06,5.81987883e-05
113,1687628400,0.00902811149,0.0091591805,-0.0531983325,-0.933234957,0.15832983,0.0778992216,0.14122931500000002,0.12832891750000003,0.0001136960647,0.0038887514799999996,0.00013112897299999998,3.1719811559999996e-08,3.250614715e-08,3.87091045e-08,5.24073713e-08,6.74586955e-08,1.017804389e-07,2.5921960799999997e-07,0.004230284879999999,0.000278167159,4.95953715e-06,76.0211489,54.82517419999999,3.0855547699999996e-07,6.70251178,0.00146907797,0.0953664356,6.176191569999999e-05,2.2671092999999997e-06,0.0029888357099999993,0.368554583,6.176191569999999e-05,2.2671092999999997e-06,0.01152382615,4.06594785,6.176191569999999e-05,2.2671092999999997e-06,0.000233518436,0.1527162221,6.176191569999999e-05,2.2671092999999997e-06,0.011445606,1.26346133e-07,0.00013112911099999997,0.03904365320000001,0.5816001619,-0.0095974341,-0.010863721699999999,-0.010993871899999999,2.0438682899999996e-06,5.6935184400000006e-05
113,1687629000,0.009583395900000001,0.0097141737,-0.0513692292,-0.9592988510000001,0.15975487500000002,0.08048535459999999,0.14512942799999998,0.13271655300000001,9.990328449999998e-05,0.00408048941,0.000130833714,2.614333421e-08,2.608484914e-08,3.141934422e-08,4.48258421e-08,5.5795769300000006e-08,9.614187579999999e-08,2.2999354500000003e-07,0.004526893130000001,0.000259425578,4.807586030000001e-06,76.46472680000001,54.02985500000001,3.27043282e-07,6.5239579700000006,0.0015327047200000001,0.1035334916,6.384938690000001e-05,2.42829484e-06,0.00311875046,0.399294758,6.384938690000001e-05,2.42829484e-06,0.011529445,4.09574078,6.384938690000001e-05,2.42829484e-06,0.00026677723899999996,0.205861113,6.384938690000001e-05,2.42829484e-06,0.0114365963,1.3347863700000003e-07,0.000130929917,0.006184760409999999,1.0068805965999998,-0.009238030449999999,-0.01084140235,-0.01097399735,2.14289789e-06,5.75305523e-05
113,1687629600,0.00822242849,0.0083529097,-0.0501011455,-0.9212908320000001,0.16800512900000003,0.0745728336,0.135191628,0.1228162495,7.06042684e-05,0.00350898188,0.00013053271300000001,2.070407619e-08,2.03674966e-08,2.5573529750000003e-08,3.93169597e-08,5.2635781e-08,8.93200278e-08,2.44038546e-07,0.00383339205,0.000272166374,5.1043519899999995e-06,79.0765609,54.9703576,2.81558295e-07,6.807505969999999,0.0014316325700000003,0.08978691940000001,6.0298778800000006e-05,2.2474467899999996e-06,0.00287191547,0.338676351,6.0298778800000006e-05,2.2474467899999996e-06,0.011483536600000002,4.01405989,6.0298778800000006e-05,2.2474467899999996e-06,0.000214454141,0.12370729359999999,6.0298778800000006e-05,2.2474467899999996e-06,0.011420333099999999,1.376056e-07,0.000130561993,0.5393845507000001,13.980487592,-0.008599295052,-0.0108255419,-0.010959890849999999,2.1216446699999998e-06,5.7516199e-05
113,1687630200,0.0095238746,0.009654497049999999,-0.0508821768,-0.976149987,0.164667523,0.0814852551,0.144416906,0.131441515,0.000142546789,0.004162348370000001,0.00013066899,1.6812580920000003e-08,1.59205389e-08,2.1681074370000003e-08,3.63121251e-08,4.95506275e-08,9.277684309999999e-08,2.3608654759999998e-07,0.004455933569999999,0.000299857168,5.625854810000001e-06,80.330592,54.8970421,3.24766794e-07,6.587136249999999,0.00155585498,0.105010286,5.9515492100000006e-05,2.1773312599999998e-06,0.0030895644600000003,0.392004853,5.9515492100000006e-05,2.1773312599999998e-06,0.01149241095,4.01991319,5.9515492100000006e-05,2.1773312599999998e-06,0.000238663344,0.126592376,5.9515492100000006e-05,2.1773312599999998e-06,0.01142611805,1.6468323099999998e-07,0.000130714444,0.9326890847,26.571779879,-0.00794588122,-0.010786696549999999,-0.0109307593,2.11502892e-06,5.783849029999999e-05
113,1687630800,0.0096506926,0.009781108350000001,-0.0385743799,-1.07409811,0.16166743300000003,0.0836184324,0.143816891,0.13121650700000004,0.00011451714849999999,0.00415913933,0.00013046399199999998,1.9166285730000002e-08,1.814057617e-08,2.3455502129999998e-08,3.776958314999999e-08,4.9973969799999995e-08,8.43631643e-08,2.45792236e-07,0.00457169878,0.000248569031,4.53696997e-06,78.7208111,53.808433300000004,3.2940914499999995e-07,6.588897610000001,0.0015680465899999998,0.1054530537,6.42972248e-05,2.49101223e-06,0.00311742608,0.39892068599999997,6.42972248e-05,2.49101223e-06,0.0115124297,4.0953674200000005,6.42972248e-05,2.49101223e-06,0.000255718406,0.20622595797000004,6.42972248e-05,2.49101223e-06,0.011420101299999999,1.74087902e-07,0.000130593239,-0.0016043666000000074,1.443001836,-0.009069672999999999,-0.010742312499999998,-0.010900608499999999,2.10785182e-06,5.69881429e-05
113,1687631400,0.0097389895,0.0098699503,-0.0408027033,-1.038622643,0.16425501199999998,0.0833934459,0.14520443,0.132566551,0.00012147245989999999,0.004194682999999999,0.00013101620699999998,5.04097699e-08,2.9458569830000002e-08,3.898274646e-08,5.74760739e-08,7.7315362e-08,1.20215268e-07,3.28483538e-07,0.004590025539999999,0.00027371506499999996,4.975951759999999e-06,77.3182111,54.2543117,3.31982356e-07,6.74732077,0.0015787210199999999,0.1076400834,6.64244521e-05,2.5146182500000004e-06,0.00313663201,0.404137861,6.64244521e-05,2.5146182500000004e-06,0.0115592979,4.16230324,6.64244521e-05,2.5146182500000004e-06,0.00031719992,0.2665987661,6.64244521e-05,2.5146182500000004e-06,0.01144539525,2.2715163799999998e-07,0.00013122489300000003,-0.2698154426,11.957486012999999,-0.00731948204,-0.0106950868,-0.010861664449999999,2.0450484499999997e-06,5.72777788e-05
113,1687632000,0.009748580599999999,0.0098799501,-0.0360221551,-1.005867864,0.167892625,0.0825431746,0.14591695300000002,0.133354073,0.0001671531665,0.00428277353,0.000131417703,4.0955401699999996e-08,2.22370325e-08,2.93128499e-08,5.0372343900000005e-08,6.79623241e-08,1.2063100549999998e-07,3.07587162e-07,0.00460792631,0.000260248475,5.41189219e-06,78.3823534,53.9803939,3.32298074e-07,6.8419507,0.0015798247099999998,0.10910676039999997,6.30863665e-05,2.34502514e-06,0.0031497474900000003,0.408056627,6.30863665e-05,2.34502514e-06,0.0115682744,4.14732206,6.30863665e-05,2.34502514e-06,0.000320631322,0.23779388609999996,6.30863665e-05,2.34502514e-06,0.01146108225,2.2945016099999998e-07,0.00013158613100000002,-0.039816047099999995,2.979756996,-0.00831511335,-0.0106895588,-0.0108635257,2.05823198e-06,5.7337605899999996e-05
113,1687632600,0.007915400889999999,0.00804682105,-0.0510574813,-1.058847236,0.14550443899999999,0.07548582909999998,0.128703929,0.11756609,0.0001344842438,0.00349573237,0.00013147854100000004,5.011072559999999e-08,2.9534297400000004e-08,3.730476335e-08,5.49003606e-08,7.01561955e-08,1.38548107e-07,2.70126282e-07,0.00373282588,0.000218401276,5.75034935e-06,76.7182102,53.85719340000001,2.7146780199999995e-07,6.852918100000001,0.0014368672,0.0890450324,6.200900970000001e-05,2.31807757e-06,0.0028295961000000002,0.32964221799999993,6.200900970000001e-05,2.31807757e-06,0.01153157085,4.05643662,6.200900970000001e-05,2.31807757e-06,0.00026070126100000005,0.14363954669999998,6.200900970000001e-05,2.31807757e-06,0.011464302299999998,2.2018284799999998e-07,0.00013165081999999998,-0.0713699112,4.754062954499999,-0.00853765855,-0.010708321500000001,-0.0108751838,2.14803808e-06,5.776038140000001e-05
113,1687633200,0.007715323590000001,0.00784668828,-0.0398872036,-1.08205181,0.142429345,0.0753213879,0.12705387599999998,0.11576603300000002,6.654470420000001e-05,0.00326846959,0.000131433957,6.22034003e-08,4.416415935e-08,5.26696508e-08,7.34142902e-08,9.482727360000001e-08,1.4469083199999998e-07,3.37811537e-07,0.0036189798599999996,0.00023287403500000002,4.9202091900000004e-06,75.2005479,54.2960057,2.64617813e-07,6.85638766,0.0014147436799999999,0.0853398129,6.31149415e-05,2.36410274e-06,0.0027897779600000003,0.31961396900000005,6.31149415e-05,2.36410274e-06,0.011541692400000001,4.089917420000001,6.31149415e-05,2.36410274e-06,0.000273988878,0.1765714447,6.31149415e-05,2.36410274e-06,0.0114620721,2.1389585300000002e-07,0.00013159376,0.0637135094,1.2671862761,-0.008714139029999998,-0.010711368099999998,-0.010873602450000002,2.13026305e-06,5.8110322499999996e-05
113,1687633800,0.00842221925,0.0085534622,-0.045364921200000005,-1.0362540709999997,0.15120461699999999,0.07793532010000001,0.13451660800000004,0.12240373600000001,0.0001047519399,0.0036564230000000002,0.00013128922200000002,4.00813094e-08,1.860621619e-08,2.2530843149999997e-08,3.5024237699999995e-08,4.45371327e-08,7.43271187e-08,2.06451119e-07,0.00393628522,0.000269107181,5.206713120000001e-06,81.0303982,54.79902009999999,2.88425343e-07,6.532344570000001,0.0014711374599999999,0.09251832939999999,6.38401654e-05,2.4051122299999997e-06,0.00290908212,0.347628458,6.38401654e-05,2.4051122299999997e-06,0.0115414409,4.0957715100000005,6.38401654e-05,2.4051122299999997e-06,0.000286111628,0.19221080640000002,6.38401654e-05,2.4051122299999997e-06,0.0114555104,2.0903026300000001e-07,0.00013143317700000002,0.6146069534499999,20.9938122205,-0.007220574560000001,-0.0107391072,-0.01089446215,2.09890516e-06,5.8025436800000007e-05
113,1687634400,0.007582971189999998,0.00771398586,-0.052397672000000006,-0.9965657449999998,0.145354438,0.07298056580000001,0.127541393,0.115878538,8.086543000000001e-05,0.0032494023599999996,0.00013107384099999997,5.0979884400000013e-08,3.177321013e-08,3.95762135e-08,4.94337313e-08,6.547783220000002e-08,1.0175734040000001e-07,2.45488575e-07,0.0035513295799999996,0.00023414157999999998,5.360407489999999e-06,75.9949735,54.406518600000005,2.60394381e-07,6.672554240000001,0.00138341118,0.08301604850000001,6.148726540000001e-05,2.2101475800000005e-06,0.00275919849,0.312861132,6.148726540000001e-05,2.2101475800000005e-06,0.0115167985,4.049564760000001,6.148726540000001e-05,2.2101475800000005e-06,0.000266877296,0.1499218833,6.148726540000001e-05,2.2101475800000005e-06,0.011447670600000001,2.0983290100000003e-07,0.00013125388000000002,0.5048050926000001,26.656133114,-0.0063452037000000005,-0.01076825525,-0.010919116049999998,2.04796465e-06,5.74629482e-05
113,1687635000,0.00792496506,0.008055726269999999,-0.0500862267,-0.9990599399999999,0.18300558500000003,0.0745195464,0.13065399100000002,0.11872862350000002,8.06877361e-05,0.0034239580200000003,0.000130811173,4.65228777e-08,3.931727422000001e-08,4.790481903e-08,6.057568019999999e-08,1.124803791e-07,1.1005232839999999e-07,2.5749975900000005e-07,0.0037239187400000006,0.00023167314399999997,6.156909560000001e-06,80.85241049999999,54.18633630000001,2.7166128500000004e-07,6.82379208,0.00142415643,0.0936552516,6.11697452e-05,2.27569616e-06,0.00282590645,0.329746984,6.11697452e-05,2.27569616e-06,0.01152678375,4.08222462,6.11697452e-05,2.27569616e-06,0.000291609158,0.17398853649999999,6.11697452e-05,2.27569616e-06,0.011440219399999998,4.44727855e-07,0.00013123178400000003,2.2465680237999996,119.617257902,0.0032432391799999995,-0.010718293550000002,-0.01088062335,2.4698839799999998e-06,6.21942665e-05
113,1687635600,0.00798081021,0.00811147043,-0.0420048169,-0.6421734600000001,0.28729627199999996,0.07773696999999999,0.128178913,0.1164410535,0.0001952066741,0.00460310015,0.000130755152,1.1144341890000002e-07,2.0142259139999994e-07,1.8669607769999997e-07,1.9270514560000002e-07,2.148381442e-07,2.539733918e-07,4.0298181700000005e-07,0.00374272332,0.00023451601199999997,1.1481785690000003e-05,82.8577226,54.30227060000001,2.73084241e-07,7.13499816,0.00147616213,0.1313458631,6.0676319999999995e-05,2.4173411699999998e-06,0.0028517589899999998,0.347058096,6.0676319999999995e-05,2.4173411699999998e-06,0.0114975576,4.02557457,6.0676319999999995e-05,2.4173411699999998e-06,0.000281014698,0.1289753729,6.0676319999999995e-05,2.4173411699999998e-06,0.0114514097,1.660366158e-06,0.000132341261,3.2532685186,356.41151317,0.02174145046,-0.0106566703,-0.010836834,7.195276159999999e-06,0.0001171325866
113,1687636200,0.006502952249999999,0.0066334451099999995,-0.05212808370000001,-0.959894102,0.164367517,0.0674081875,0.11812860600000001,0.1065032516,0.00010434860549999999,0.00300516901,0.000130583347,1.081210006e-07,1.391203918e-07,2.1667605810000002e-07,1.308008414e-07,1.3227154520000002e-07,1.9750252590000005e-07,3.6776332200000004e-07,0.00302769224,0.00021702752899999998,5.351696749999999e-06,78.5627886,54.6204573,2.24245379e-07,7.06936302,0.00131105592,0.096338458,6.29671516e-05,2.3625614799999997e-06,0.0025622424699999996,0.278535726,6.29671516e-05,2.3625614799999997e-06,0.01151300735,4.086484690000001,6.29671516e-05,2.3625614799999997e-06,0.000278714126,0.19894956819999998,6.29671516e-05,2.3625614799999997e-06,0.0114399534,1.337991721e-06,0.00013187441700000002,-2.4163995287,371.58440076999995,0.016058516680000003,-0.010768875850000002,-0.0109251962,4.63532973e-06,9.005872239999999e-05
113,1687636800,0.008427221169999999,0.00855714024,-0.0419191087,-1.3117188260000001,0.19264338,0.0819437576,0.1246163035,0.11434099010000001,0.0001911201054,0.0039072219499999995,0.00013008863999999998,3.3297815445e-07,4.066129696e-07,2.9233661e-07,3.6089231539999996e-07,3.027924963e-07,2.9252147400000003e-07,4.1081461700000003e-07,0.00397204397,0.00023368844099999996,5.29310051e-06,75.8303865,54.1028865,2.88153486e-07,6.919452989999999,0.0015344831199999999,0.13729363760000002,6.605324310000001e-05,2.65597014e-06,0.0029322443299999996,0.378185592,6.605324310000001e-05,2.65597014e-06,0.01148645015,4.095142989999999,6.605324310000001e-05,2.65597014e-06,0.00027350746399999997,0.2386350428,6.605324310000001e-05,2.65597014e-06,0.0114262519,3.2296983019999997e-06,0.000133177324,-3.2595738912,530.76639355,0.03360323537,-0.010704637449999999,-0.01086357795,7.815156579999999e-06,0.0001242988909
113,1687637400,0.0101679639,0.01029836685,-0.020790125899999998,-1.56077318,0.26404556,0.0931775175,0.127991409,0.11895362899999999,0.0001936168846,0.00477023901,0.0001305088,1.7864177659999997e-07,1.761797264e-07,2.145904367e-07,2.1253377159999998e-07,2.49558864e-07,2.6497325499999997e-07,4.0196660299999995e-07,0.00487625872,0.00019864217900000003,7.27170693e-06,78.1236811,52.703939500000004,3.45684864e-07,7.132765040000001,0.00169602766,0.1390844674,7.05490194e-05,2.8128342800000002e-06,0.00324579599,0.4409278629999999,7.05490194e-05,2.8128342800000002e-06,0.0115267744,4.1650713,7.05490194e-05,2.8128342800000002e-06,0.000306709942,0.2948709222,7.05490194e-05,2.8128342800000002e-06,0.0114377885,1.682962972e-06,0.000132113263,-3.4772005990000006,441.396975,0.02144461493,-0.01073557475,-0.0108953405,5.88842182e-06,0.00010425684259999999
113,1687638000,0.01059494925,0.010725824899999998,-0.025174988599999996,-1.6348571,0.186643201,0.09562679739999999,0.12457880399999999,0.11809110549999999,0.00013746883350000002,0.004805571869999999,0.000131016612,2.706633429e-07,5.06714084e-07,3.628273594e-07,2.541061821e-07,1.9997022900000002e-07,2.2251831439999996e-07,3.092855665e-07,0.005130616039999999,0.000158978351,5.608142220000001e-06,72.51221690000001,51.8040356,3.6044643399999996e-07,6.80310083,0.0017210880600000002,0.16146923,6.23937179e-05,2.3454799000000006e-06,0.0033434944800000005,0.48158847600000004,6.23937179e-05,2.3454799000000006e-06,0.01150488035,4.0417584,6.23937179e-05,2.3454799000000006e-06,0.000269559428,0.1453288795,6.23937179e-05,2.3454799000000006e-06,0.011472373849999998,3.141588891e-06,0.000134073164,-3.9171234308700007,514.31010554,0.031653029039999996,-0.01080798685,-0.010959545300000002,1.1713970160000002e-05,0.0001669425128
113,1687638600,0.012332284099999999,0.012463018799999998,-0.0197386298,-1.65701309,0.17561785800000002,0.1034147792,0.13507912500000002,0.12712887899999997,0.0001131546664,0.0052123744,0.00013090621900000002,2.0160821360000002e-07,1.162259443e-07,1.274343446e-07,1.016875139e-07,1.262441866e-07,1.609247632e-07,3.428927804e-07,0.00596691895,0.000192926073,4.94537676e-06,72.54817599999998,52.1009785,4.18189921e-07,6.7193533500000004,0.00182921784,0.14086286599999998,7.9833374e-05,3.44519447e-06,0.0035828556399999994,0.532774466,7.9833374e-05,3.44519447e-06,0.011578939700000002,4.30421104,7.9833374e-05,3.44519447e-06,0.00035103064,0.4187131325999999,7.9833374e-05,3.44519447e-06,0.0114417032,1.025528228e-06,0.00013165123799999996,-0.08842642599999995,291.3117283,0.01263005382,-0.010794780349999998,-0.010945782999999999,3.664198839999999e-06,7.870746510000001e-05
113,1687639200,0.0121356294,0.0122656655,-0.0173267925,-1.6727947100000002,0.15356718900000002,0.1025723285,0.13207903,0.12499131699999999,0.00012846335400000002,0.005136686289999999,0.000130121807,6.197237919999998e-08,1.0006645954000004e-07,5.99657978e-08,5.3594220200000004e-08,5.726019759999999e-08,9.21525267e-08,2.217002866e-07,0.005875288340000001,0.00018733924799999997,4.447685180000001e-06,74.56996659999999,52.04524249999999,4.12068109e-07,6.48117099,0.0018019961499999998,0.1330638849,6.81921742e-05,2.7373486900000003e-06,0.0035390512900000002,0.516233357,6.81921742e-05,2.7373486900000003e-06,0.011509634,4.145807489999999,6.81921742e-05,2.7373486900000003e-06,0.00029747521,0.2736350811,6.81921742e-05,2.7373486900000003e-06,0.0114090137,5.86123622e-07,0.000130585453,0.09454548899999995,267.988276541,0.005193174020000001,-0.010773574249999997,-0.0109169896,2.9479325e-06,6.90772727e-05
113,1687639800,0.011051233749999998,0.011181625199999998,-0.015676860600000002,-1.68399804,0.13744169700000003,0.09832846340000001,0.124541305,0.11820360799999999,9.935613080000001e-05,0.0046689705,0.00013046042,4.442790445e-08,4.816946847e-08,4.272165133e-08,5.97972128e-08,7.06547599e-08,1.0533166859999999e-07,2.26074946e-07,0.005345486,0.00017509573,4.36025729e-06,74.19279049999999,52.0060469,3.7597491499999993e-07,6.322781539999999,0.00172877317,0.120311101,6.11515642e-05,2.29021207e-06,0.00339211149,0.47259632900000004,6.11515642e-05,2.29021207e-06,0.0114895866,4.04212368,6.11515642e-05,2.29021207e-06,0.000247588811,0.1684771462,6.11515642e-05,2.29021207e-06,0.01141735725,2.6523732100000003e-07,0.000130610602,-2.3822882596499997,120.5979667889,-0.00444925908,-0.010793241399999999,-0.01093547735,2.25412446e-06,5.9911947e-05
113,1687640400,0.0112904246,0.0114215485,-0.021297253299999996,-1.66614502,0.14295436499999997,0.09915223860000001,0.1276913955,0.120791188,0.0001237000834,0.0048112699999999994,0.000131172851,2.34308836e-08,2.464039115e-08,3.159530825e-08,4.80009212e-08,6.69062208e-08,1.1009573090000002e-07,2.8087755160000004e-07,0.005470207939999999,0.000169374589,4.985994e-06,73.7968719,51.88866399999999,3.83693767e-07,6.680703489999999,0.0017355579000000003,0.1208272249,6.157129010000001e-05,2.2812047300000003e-06,0.00342419275,0.481408156,6.157129010000001e-05,2.2812047300000003e-06,0.0115254636,4.06693708,6.157129010000001e-05,2.2812047300000003e-06,0.00024095990300000003,0.1584790653,6.157129010000001e-05,2.2812047300000003e-06,0.011450346500000002,1.38106502e-07,0.00013124916700000001,0.0204680407,0.43171770160000006,-0.0095152625,-0.010836928300000001,-0.01097554175,2.0138090299999996e-06,5.72173006e-05
113,1687641000,0.01043797065,0.010569751799999999,-0.0178076667,-1.6985614500000001,0.132791555,0.0956001625,0.11869111950000003,0.1125784352,0.00011602369779999998,0.00450976255,0.000131837574,2.70675519e-08,2.7584171239999995e-08,3.2487111299999996e-08,4.77451431e-08,6.03370876e-08,9.24963019e-08,2.27432404e-07,0.005048491739999999,0.000165408647,4.51339294e-06,74.574975,51.95709029999999,3.5569529e-07,6.511795790000001,0.00165284372,0.1093568986,6.79294902e-05,2.6283019999999995e-06,0.0032725264500000004,0.439081599,6.79294902e-05,2.6283019999999995e-06,0.0115884701,4.19451413,6.79294902e-05,2.6283019999999995e-06,0.0002685790229999999,0.26283100378,6.79294902e-05,2.6283019999999995e-06,0.011480763549999998,1.337694134e-07,0.00013194298199999997,0.0325574094,0.6502663109,-0.00950076123,-0.0108793011,-0.01101601225,2.1410953100000003e-06,5.7750681e-05
113,1687641600,0.01072069715,0.010851812,-0.01164009587,-1.71775561,0.13129150699999997,0.09692113660000001,0.1166285617,0.1124659351,0.0001210280174,0.00453776812,0.000131164242,1.96382807e-08,2.040641121e-08,2.612806916e-08,3.84050702e-08,5.1758562499999995e-08,8.64832415e-08,1.956951734e-07,0.00520326541,0.000151652974,4.92512043e-06,75.096161,51.656956300000004,3.6488928600000004e-07,6.4232150500000005,0.00169421467,0.1156329366,6.13132156e-05,2.33649998e-06,0.00334690692,0.460916078,6.13132156e-05,2.33649998e-06,0.011519404899999999,4.080093789999999,6.13132156e-05,2.33649998e-06,0.000236759314,0.1639921147,6.13132156e-05,2.33649998e-06,0.011451887399999998,1.42920907e-07,0.000131289314,0.0026662395000000005,0.2466116784,-0.0099043987,-0.010829364900000001,-0.010970158800000001,2.12820933e-06,5.7926800099999994e-05
113,1687642200,0.010907866550000003,0.0110391335,-0.0196586542,-1.7045919999999999,0.13579165199999998,0.0978255562,0.12037867199999999,0.1146784995,0.0001218209164,0.00470754172,0.000131327072,3.009610073e-08,3.092343663e-08,3.645101409e-08,4.98548971e-08,6.28294457e-08,9.867578329999998e-08,1.9848575000000001e-07,0.005295689690000001,0.000153352602,4.31803054e-06,74.5952005,51.6323352,3.7125998000000004e-07,6.47272078,0.00171151856,0.11753524870000001,6.511712750000001e-05,2.51303898e-06,0.0033763871699999995,0.467991535,6.511712750000001e-05,2.51303898e-06,0.01154099725,4.104423559999999,6.511712750000001e-05,2.51303898e-06,0.000248854666,0.2018716559,6.511712750000001e-05,2.51303898e-06,0.0114625491,1.45697368e-07,0.000131536298,-0.0029614983000000065,0.33319258,-0.009585636249999998,-0.01083853265,-0.010979300850000002,2.1418655899999997e-06,5.80216772e-05
113,1687642800,0.0119850047,0.01211602065,-0.0233555178,-1.6881329999999999,0.139129248,0.10205891510000001,0.126603862,0.12161621199999999,0.000127007665,0.0050830736,0.00013108921699999998,3.985360618e-08,4.081463229e-08,5.192685859999999e-08,6.584116110999999e-08,8.284344845e-08,1.272963441e-07,2.3506480810000006e-07,0.005863023760000001,0.0001241150885,4.62884857e-06,72.3667145,51.011418199999994,4.06996848e-07,6.39773926,0.0017914914599999998,0.1293271425,6.46987072e-05,2.6101825499999996e-06,0.00355961444,0.520702188,6.46987072e-05,2.6101825499999996e-06,0.011536054,4.11320178,6.46987072e-05,2.6101825499999996e-06,0.00024636237300000005,0.192545208,6.46987072e-05,2.6101825499999996e-06,0.011445344199999999,1.55712388e-07,0.000131151812,0.006544177500000003,0.3319942766,-0.00958446585,-0.010800322300000002,-0.0109448321,2.24620908e-06,5.77708006e-05
113,1687643400,0.01220548405,0.012336193399999999,-0.030093673799999998,-1.6312129299999998,0.148617037,0.10217576209999998,0.13399159500000002,0.127803903,0.00010362855450000001,0.00512257412,0.00013076399,2.6507578200000003e-08,2.68711774e-08,3.5872407e-08,4.73114455e-08,6.33880717e-08,1.0041952569999998e-07,2.0311525160000004e-07,0.00597923177,0.00011807209559999999,4.85144772e-06,71.9001734,50.8990772,4.1433403e-07,6.51494108,0.0018141714899999998,0.13230953099999998,6.38828519e-05,2.3910778700000003e-06,0.00359152351,0.5299155170000001,6.38828519e-05,2.3910778700000003e-06,0.01153102865,4.12328516,6.38828519e-05,2.3910778700000003e-06,0.000264757431,0.2144384027,6.38828519e-05,2.3910778700000003e-06,0.0114336458,1.4278233000000002e-07,0.000130872127,0.0187884879,0.8721883127,-0.008933817850000001,-0.01081788015,-0.010957457549999999,2.05974765e-06,5.7302680100000006e-05
113,1687644000,0.01139378095,0.01152449165,-0.029650844499999995,-1.6174302299999996,0.14501692699999996,0.09867612249999999,0.13080399,0.12409128700000001,0.0001438866894,0.004920694369999999,0.000130767526,2.7340575e-08,2.7495354299999995e-08,3.60103321e-08,4.9039228499999995e-08,6.396774820000001e-08,9.88480654e-08,1.9893098300000001e-07,0.005576172379999999,0.00011583534439999999,4.30265937e-06,70.95749649999999,50.920439300000005,3.873045660000001e-07,6.52230508,0.0017474377600000001,0.1227577329,6.87393045e-05,2.7329640499999997e-06,0.00346784608,0.4942848340000001,6.87393045e-05,2.7329640499999997e-06,0.011554922799999999,4.192224979999999,6.87393045e-05,2.7329640499999997e-06,0.00029373679199999993,0.2991634499,6.87393045e-05,2.7329640499999997e-06,0.0114345422,1.4104581849999998e-07,0.00013089119,0.0225101263,0.39968380220000005,-0.009457395999999998,-0.010816757900000001,-0.010955251800000001,2.1168448599999995e-06,5.7324975799999995e-05
113,1687644600,0.011556581900000001,0.01168773875,-0.0274758498,-1.5846965100000001,0.150379591,0.0988755896,0.13399159000000002,0.127241384,9.824214300000001e-05,0.004896294220000001,0.000131209862,2.931470456e-08,2.982368233e-08,3.7562118270000004e-08,5.698605689999999e-08,7.40699098e-08,1.1989865029999997e-07,2.5007697980000004e-07,0.0056596917099999994,0.000113732516,4.211339520000001e-06,70.64300569999999,50.8679075,3.92595609e-07,6.60949294,0.0017497158700000002,0.12338082909999999,6.760995389999999e-05,2.5530558300000002e-06,0.00348301201,0.49827727,6.760995389999999e-05,2.5530558300000002e-06,0.0115519092,4.160707230000001,6.760995389999999e-05,2.5530558300000002e-06,0.00027007326299999994,0.2607403038,6.760995389999999e-05,2.5530558300000002e-06,0.011449258349999998,1.35373821e-07,0.000131221267,0.013042419399999996,1.1662825915000001,-0.00916075959,-0.010849755249999999,-0.01098332435,1.98242484e-06,5.7215404e-05
113,1687645200,0.010029546400000002,0.01016044135,-0.024142003899999997,-1.64553884,0.13249154600000002,0.09298425739999999,0.11917863899999999,0.11419098629999999,0.0001089706486,0.00428446337,0.00013094097000000002,1.7892280840000002e-08,1.717620485e-08,2.13738186e-08,3.4373861599999996e-08,4.1954867700000007e-08,6.600937180000001e-08,1.3725208709999998e-07,0.0049144548699999995,9.599821590000001e-05,3.914022830000001e-06,73.1557931,50.640000900000004,3.4219219400000004e-07,6.435549100000001,0.00164870626,0.109683913,6.44091581e-05,2.42883854e-06,0.0032644758099999996,0.43782172500000005,6.44091581e-05,2.42883854e-06,0.01153888015,4.12780987,6.44091581e-05,2.42883854e-06,0.00026006968500000006,0.22997093395,6.44091581e-05,2.42883854e-06,0.011440645400000001,1.3497066849999999e-07,0.000131023845,0.024258144800000003,0.36216888559999993,-0.009603932499999999,-0.0108399149,-0.01097389655,2.03174655e-06,5.668708300000001e-05
113,1687645800,0.0092963456,0.0094269466,-0.0232787582,-1.66505449,0.127203884,0.0895098849,0.11291594919999999,0.1074782806,0.0001639979374,0.0041775679999999996,0.00013065571000000004,2.392608235e-08,2.392236986e-08,2.9144354299999995e-08,4.39623145e-08,5.5369668599999996e-08,8.6824507e-08,1.75550369e-07,0.00454431303,9.929588380000001e-05,4.056940080000001e-06,73.87487589999999,50.81229659999999,3.1748834e-07,6.48435608,0.00156606109,0.0991721193,6.58187636e-05,2.5555092200000003e-06,0.00311553258,0.40022629,6.58187636e-05,2.5555092200000003e-06,0.0115169735,4.10175465,6.58187636e-05,2.5555092200000003e-06,0.000240958929,0.2109765764,6.58187636e-05,2.5555092200000003e-06,0.0114253469,1.41423211e-07,0.000130680258,-0.0024722912199999997,0.22822015256,-0.009725468550000001,-0.010809045049999999,-0.010946089250000002,2.17161437e-06,5.74950071e-05
113,1687646400,0.0097721816,0.0099034865,-0.01775605455,-1.68545437,0.130466483,0.0920284339,0.11314095500000002,0.10905332670000001,0.000196594516,0.00431994561,0.00013137611899999998,4.01274159e-08,4.2599246e-08,5.0928657360000006e-08,8.561353779999999e-08,1.0470228049999999e-07,1.4304822400000002e-07,2.6491684e-07,0.0047926331400000004,8.86517595e-05,3.9985840500000005e-06,68.71016899999998,50.555021999999994,3.33343922e-07,6.75687694,0.0015968103299999997,0.10517108100000001,6.23831125e-05,2.42614466e-06,0.0031825809599999996,0.416417243,6.23831125e-05,2.42614466e-06,0.011527712300000001,4.073599239999999,6.23831125e-05,2.42614466e-06,0.00023461691799999996,0.15993577543,6.23831125e-05,2.42614466e-06,0.0114580554,2.4855225599999996e-07,0.000131536237,-0.05755618819999999,3.8199055873,-0.00807619065,-0.010723958,-0.010897016,2.19944444e-06,5.76742619e-05
113,1687647000,0.009498939940000001,0.0096302009,-0.0262193721,-1.70650306,0.13387908799999998,0.09086244210000001,0.10897832700000001,0.10436568450000001,0.00022173342439999995,0.004365805499999999,0.00013136546199999998,1.037623426e-07,3.951345749e-07,2.277465839e-07,3.5773512440000005e-07,4.01445634e-07,9.529689364000001e-07,1.059303365e-06,0.00462599675,0.0001120624768,7.802207899999998e-06,74.7223571,51.0712353,3.2404870000000004e-07,7.00201071,0.00195110002,0.18713495060000002,6.48172421e-05,2.51636767e-06,0.00317817516,0.429110867,6.48172421e-05,2.51636767e-06,0.01154114585,4.12506386,6.48172421e-05,2.51636767e-06,0.000434434878,0.21137273657000005,6.48172421e-05,2.51636767e-06,0.011454704,2.9600921460000008e-06,0.000134171306,0.03438335659999999,1.791100235,-0.005915776020000001,-0.008743161900000001,-0.0091717491,2.1917346099999997e-06,5.92998802e-05
113,1687647600,0.0107812666,0.010912801699999999,-0.0232728773,-1.70713057,0.137216688,0.09696881169999999,0.11722858,0.11250343419999997,0.00023645860460000005,0.00484450851,0.00013164149399999997,1.43181839e-07,2.4018381450000004e-07,2.3513195000000002e-07,5.053186203000001e-07,9.737891225e-07,6.978321470000002e-07,5.488943600000001e-07,0.005252296719999999,0.00012895770400000002,5.9210878099999996e-06,72.6553332,51.206709599999996,3.6661809799999997e-07,6.9009683,0.0020869103099999996,0.210017299,6.338599169999998e-05,2.4175134600000003e-06,0.00339006273,0.48076931,6.338599169999998e-05,2.4175134600000003e-06,0.011558003749999999,4.1228986800000005,6.338599169999998e-05,2.4175134600000003e-06,0.00041675949,0.19358998113,6.338599169999998e-05,2.4175134600000003e-06,0.011471036699999998,3.462988404000001e-06,0.00013504786599999996,0.040876761270000006,-0.108685035,-0.0065211089,-0.00870344857,-0.00925639185,2.2241524199999996e-06,5.9383531300000005e-05
113,1687648200,0.01197520475,0.012106381099999999,-0.014981118429999999,-1.70400672,0.14306686700000001,0.1022106277,0.1258538425,0.1205286785,0.00030875884900000004,0.00545645602,0.000131234107,2.67855919e-08,2.691884827e-08,3.417715701e-08,6.310595149999999e-08,1.273252581e-07,1.078155923e-07,2.135387566e-07,0.00584324641,0.00014057491,3.1073941699999995e-06,72.1196494,51.2955818,4.06717382e-07,6.489717430000001,0.0017872917100000003,0.131860922,6.5045172e-05,2.6042339900000003e-06,0.00353177749,0.5135970069999999,6.5045172e-05,2.6042339900000003e-06,0.011536959850000002,4.1037529400000015,6.5045172e-05,2.6042339900000003e-06,0.000258337782,0.20377829690000002,6.5045172e-05,2.6042339900000003e-06,0.011453940700000002,3.11661264e-07,0.000131505007,-0.015930751796000002,0.23210728880000003,-0.00867707974,-0.01055976165,-0.0107452404,2.20555559e-06,5.7699825399999994e-05
113,1687648800,0.00924727153,0.009378226100000001,-0.0058466618300000005,-1.7137384999999998,0.12709137789999997,0.08961131270000001,0.10856581059999999,0.10384066840000002,0.00038170022999999996,0.004611093429999999,0.00013108017200000002,2.9942933490000004e-08,3.01796299e-08,3.653695349e-08,1.167771952e-07,1.7983694399999998e-07,1.0555775380000002e-07,2.0193046900000002e-07,0.00445891853,0.000161231074,2.64377013e-06,74.4356274,52.216564500000004,3.1583184299999995e-07,6.615370539999999,0.0016010025,0.110456209,7.028361779999999e-05,3.1289276900000005e-06,0.00307624677,0.39653019799999994,7.028361779999999e-05,3.1289276900000005e-06,0.01154332025,4.16035535,7.028361779999999e-05,3.1289276900000005e-06,0.000280944987,0.2551803284,7.028361779999999e-05,3.1289276900000005e-06,0.01144814465,6.105612630000001e-07,0.00013167189200000002,-0.27006516013,2.2578949369999997,-0.0074269735399999995,-0.01032927065,-0.0105411699,2.7054521199999997e-06,6.20739422e-05
113,1687649400,0.0116588634,0.01179017115,-0.01055521056,-1.7188927500000002,0.146066957,0.10105349350000001,0.12244123590000003,0.1177535976,0.00034431370800000005,0.0053510428499999995,0.000131368532,3.1695388150000004e-08,3.1452587869999995e-08,3.844716678e-08,7.61049095e-08,1.0408621479999999e-07,1.1614154949999998e-07,2.2513604819999996e-07,0.005664085179999999,0.00016188668100000002,2.7597401700000003e-06,72.53910819999999,51.678964199999996,3.9605269900000005e-07,6.434526389999999,0.0017731138800000002,0.12852889299999998,6.75250377e-05,2.6907599000000004e-06,0.0034826891,0.501185867,6.75250377e-05,2.6907599000000004e-06,0.011563090199999999,4.16224902,6.75250377e-05,2.6907599000000004e-06,0.00028263404100000003,0.2553128317,6.75250377e-05,2.6907599000000004e-06,0.011458152099999999,2.4289641000000004e-07,0.000131533117,0.013196935300000004,0.7530919354000001,-0.008866292389999999,-0.01067399775,-0.01084685105,2.18474851e-06,5.74438881e-05
113,1687650000,0.009427840500000001,0.0095592501,-0.02373045435,-1.65402037,0.13470411200000001,0.09013386050000001,0.11407847959999999,0.10755328250000003,0.00032326804399999997,0.00442733763,0.000131476399,3.6991811899999996e-08,3.86541923e-08,4.753370835e-08,7.19301562e-08,9.60601613e-08,1.4988762860000002e-07,2.9144045500000003e-07,0.0046089854299999995,0.0001008209951,3.3115786300000004e-06,70.186981,50.791035,3.21800649e-07,6.7811166599999995,0.0015856290699999998,0.10324912739999999,6.30245945e-05,2.42844769e-06,0.00313296873,0.404887578,6.30245945e-05,2.42844769e-06,0.011531142250000001,4.06732529,6.30245945e-05,2.42844769e-06,0.000234169559,0.16191129769999998,6.30245945e-05,2.42844769e-06,0.0114595376,1.9261437699999997e-07,0.000131514342,0.0179538936,0.5651946706,-0.009202336,-0.01074061645,-0.010904971099999999,2.1577498799999998e-06,5.7657147700000004e-05
113,1687650600,0.01001367395,0.010145572000000002,-0.014068107849999997,-1.69636076,0.138754237,0.0936226329,0.11572853460000002,0.10912833259999999,0.00041732633500000005,0.004845922680000001,0.00013196349,3.7206825529999994e-08,3.808180658e-08,4.75266661e-08,6.99379152e-08,9.378690320000001e-08,1.421354747e-07,2.69954029e-07,0.004844056139999999,0.00015895866999999998,3.0562543400000002e-06,71.59526340000001,51.92611290000001,3.41418559e-07,6.680140270000001,0.00160726114,0.1056371582,6.53812485e-05,2.5078499100000004e-06,0.0031920641899999998,0.42017950100000007,6.53812485e-05,2.5078499100000004e-06,0.01157508595,4.13942642,6.53812485e-05,2.5078499100000004e-06,0.000248530174,0.2060011509,6.53812485e-05,2.5078499100000004e-06,0.011488372699999999,1.91341441e-07,0.00013217461099999998,0.034655525400000005,0.34089837300000003,-0.009190382850000001,-0.01077103335,-0.0109334749,2.1457702399999995e-06,5.75704076e-05
113,1687651200,0.007851217090000001,0.007982758619999999,-0.0159859231,-1.6934946,0.11962865010000001,0.08283679590000001,0.10185311,0.0961154347,0.00021360832539999997,0.00366653053,0.00013159291,2.361619186e-08,2.3611743689999998e-08,2.992397116e-08,4.70455678e-08,6.225120260000001e-08,9.486116460000001e-08,2.344867866e-07,0.0037858905,0.000136301293,2.8198352e-06,73.9116901,51.8303326,2.69610976e-07,6.630568310000001,0.00146204533,0.0885942144,7.06338358e-05,2.7696465500000002e-06,0.00284198553,0.33420222600000005,7.06338358e-05,2.7696465500000002e-06,0.0115877083,4.22692166,7.06338358e-05,2.7696465500000002e-06,0.000274184555,0.31009480876000006,7.06338358e-05,2.7696465500000002e-06,0.011472544800000001,2.05406795e-07,0.000131822706,0.5270439734000001,13.601021912000002,-0.00741655244,-0.010748678599999999,-0.010918604299999999,2.13711057e-06,5.749764840000001e-05
113,1687651800,0.008044930709999999,0.00817655925,-0.0310539234,-1.56861279,0.129791461,0.0826621606,0.11111589249999998,0.10417818009999999,0.0001420655526,0.00353918981,0.000131717856,2.217266274e-08,2.2739367740000002e-08,2.8144341300000002e-08,4.4093652199999996e-08,5.41075635e-08,8.05987755e-08,1.611270698e-07,0.0038782260900000003,0.000140524052,3.20330582e-06,74.65583649999999,51.8745354,2.75999095e-07,6.59816055,0.0014852945999999998,0.08915133110000001,6.71197499e-05,2.88851688e-06,0.00289772884,0.345641373,6.71197499e-05,2.88851688e-06,0.011557096,4.11999951,6.71197499e-05,2.88851688e-06,0.000250112038,0.20937254549,6.71197499e-05,2.88851688e-06,0.01147278175,2.42196941e-07,0.000131867441,-0.08666349910000001,3.0789490357,-0.00860420306,-0.010775844650000001,-0.010943669,2.61194915e-06,6.07760118e-05
113,1687652400,0.009042296330000001,0.00917428315,-0.0313803873,-1.46354459,0.141641821,0.08625066810000001,0.12382878100000001,0.115616031,0.0002020664669,0.00405329675,0.00013204612600000001,2.636572153e-08,2.6797465979999995e-08,3.277899023e-08,4.97112581e-08,6.04804724e-08,9.40147389e-08,1.831948933e-07,0.0043645954899999995,0.000153347087,2.64148112e-06,74.1789566,51.96535719999999,3.09228273e-07,6.490199909999999,0.00153860669,0.09643642529999999,5.95519029e-05,2.28644383e-06,0.00304987226,0.38340149300000004,5.95519029e-05,2.28644383e-06,0.0115510611,4.05120458,5.95519029e-05,2.28644383e-06,0.00021384905,0.1068416964,5.95519029e-05,2.28644383e-06,0.01149179075,1.5897079900000001e-07,0.000132221135,0.0242886251,0.2956285657,-0.0097948064,-0.01083091515,-0.0109822043,2.2174563999999998e-06,5.79202218e-05
113,1687653000,0.0115530927,0.0116847864,-0.028175154500000004,-1.4321334,0.17299278,0.09730929590000001,0.141154308,0.132266537,0.00041734528199999997,0.00640727012,0.000131747008,2.51590992e-08,2.6230012320000003e-08,3.3290324799999993e-08,5.73869461e-08,7.267545890000001e-08,1.1838789140000002e-07,2.42019529e-07,0.00558891054,0.00018372251,3.2607524100000006e-06,73.2392296,52.0768858,3.92482849e-07,6.585995939999999,0.00175627444,0.1262801716,6.720361740000001e-05,2.6194382599999997e-06,0.00346010954,0.4945199560000001,6.720361740000001e-05,2.6194382599999997e-06,0.011577091449999998,4.18263489,6.720361740000001e-05,2.6194382599999997e-06,0.00027159800800000003,0.25468716220000004,6.720361740000001e-05,2.6194382599999997e-06,0.01147520175,1.91755879e-07,0.000131867626,-0.027448037800000002,31.617572410999998,-0.00750672854,-0.010792241099999999,-0.0109485786,2.12203423e-06,5.7945207399999994e-05
113,1687653600,0.0141434392,0.014274671999999999,-0.03190521810000001,-1.3911841,0.183793109,0.1062809044,0.16054240000000003,0.150492094,0.000377456864,0.00637087182,0.00013132828100000002,4.48901181e-08,4.6367192280000005e-08,5.8327182200000005e-08,8.029222110000002e-08,9.913168770000001e-08,1.52196094e-07,2.9162262560000003e-07,0.00691193044,0.000155471665,3.4310112599999996e-06,71.56026739999999,51.3039582,4.78667505e-07,6.47036727,0.0019111424099999997,0.150327779,7.30883714e-05,3.2228292599999997e-06,0.0038415365,0.6068068560000001,7.30883714e-05,3.2228292599999997e-06,0.01159053405,4.26838093,7.30883714e-05,3.2228292599999997e-06,0.00032562201,0.3689410384,7.30883714e-05,3.2228292599999997e-06,0.0114610556,2.1767563099999998e-07,0.00013157376100000003,-0.27795136160000006,2.8391825013,-0.008693869180000001,-0.01076646065,-0.010925027350000002,2.5246941300000002e-06,6.10547815e-05
113,1687654200,0.0137618356,0.013893352050000002,-0.027379398699999995,-1.4061686199999999,0.17595537400000003,0.10499080409999999,0.157804817,0.148129519,0.00024978056,0.0059718685300000005,0.00013159287199999997,4.2999738549999996e-08,4.48194866e-08,5.74278239e-08,8.381053119999999e-08,1.0256952580000001e-07,1.747589718e-07,3.22863258e-07,0.006745729589999999,0.00013108782200000002,3.17177908e-06,70.72883060000001,50.97937039999999,4.65852039e-07,6.58330151,0.00190303512,0.149506646,6.8478664e-05,2.87173575e-06,0.003808443079999999,0.596348914,6.8478664e-05,2.87173575e-06,0.011599677899999999,4.231412830000001,6.8478664e-05,2.87173575e-06,0.00031772566200000005,0.314097933,6.8478664e-05,2.87173575e-06,0.01147090345,2.24522726e-07,0.000131803219,0.21441193949999998,21.0009355778,-0.007399150849999999,-0.01073411615,-0.010901499299999999,2.38674616e-06,5.893687579999999e-05
113,1687654800,0.01219232335,0.01232409395,-0.031865658,-1.41999344,0.16399250599999998,0.09863274799999999,0.145316938,0.137216688,0.00028624448200000003,0.00543934165,0.000131834947,3.575665839e-08,3.666114717e-08,4.522449734e-08,6.32420794e-08,8.075362334999999e-08,1.226393832e-07,2.395680336e-07,0.006032016530000001,6.05059921e-05,2.9336529999999997e-06,68.1323386,49.9472129,4.13976585e-07,6.314020180000001,0.0017700770099999999,0.1305006844,6.06314649e-05,2.28052281e-06,0.0035921985600000004,0.5310201,6.06314649e-05,2.28052281e-06,0.011552539099999998,4.07182964,6.06314649e-05,2.28052281e-06,0.000248049128,0.1514566781,6.06314649e-05,2.28052281e-06,0.011478076700000001,1.56858821e-07,0.00013190360000000002,0.0698056998,1.4251830490000001,-0.00865035266,-0.010829454300000001,-0.01097905355,2.1508854199999997e-06,5.77000634e-05
113,1687655400,0.013818786500000003,0.0139505762,-0.030230223,-1.4295357199999998,0.17198024799999997,0.1047506976,0.15450471500000001,0.146629478,0.000232165223,0.00609866711,0.000131841331,2.4688066750000003e-08,2.5179366700000003e-08,3.183605454e-08,5.2100389800000005e-08,7.11523339e-08,1.1695533099999999e-07,2.50000615e-07,0.0068598493,4.54306181e-05,3.4613960300000002e-06,67.9951565,49.7260331,4.6804899599999997e-07,6.44329695,0.00188156997,0.1483109256,6.19212534e-05,2.26418113e-06,0.00383311919,0.606747873,6.19212534e-05,2.26418113e-06,0.011598348599999999,4.17405745,6.19212534e-05,2.26418113e-06,0.00030404414599999996,0.227490672,6.19212534e-05,2.26418113e-06,0.011477671949999999,1.48842385e-07,0.000131887046,0.011535573900000002,0.4270267016,-0.009667148349999998,-0.010848738300000002,-0.0109914731,2.0595189500000003e-06,5.7700938299999994e-05
113,1687656000,0.013784353650000001,0.013915542050000002,-0.0306626813,-1.42736088,0.17636788200000003,0.10467606339999999,0.154017198,0.146291962,0.000349729394,0.00617610102,0.000131253849,3.649778672e-08,3.744753698e-08,4.56062095e-08,6.718568569999999e-08,9.370526860000001e-08,1.3548702409999998e-07,2.7080518749999993e-07,0.00685742273,3.0367197799999997e-05,3.61345686e-06,67.2094973,49.5365836,4.6696745000000007e-07,6.37565869,0.0018848760999999998,0.1494915995,6.587789029999999e-05,2.5501576400000002e-06,0.0038330420600000007,0.6050564190000001,6.587789029999999e-05,2.5501576400000002e-06,0.01155893315,4.15264444,6.587789029999999e-05,2.5501576400000002e-06,0.000295833248,0.2536685667,6.587789029999999e-05,2.5501576400000002e-06,0.01145203025,1.9033415899999998e-07,0.000131339727,-0.033400965399999996,2.0073178515,-0.00862653138,-0.0107459681,-0.0109051797,2.21730922e-06,5.8364472300000005e-05
113,1687656600,0.0146533987,0.014783935850000002,-0.0196739556,-1.4517764400000002,0.176142875,0.10823401889999999,0.158892349,0.151092112,0.000289992245,0.006478792180000001,0.00013060078800000003,3.97097088e-08,4.139640887e-08,5.038722424e-08,7.340841595e-08,9.94630706e-08,1.582408538e-07,3.2341876420000003e-07,0.00729464461,2.7622076300000007e-05,3.575786369999999e-06,66.0049009,49.57106550000001,4.95683956e-07,6.507568690000001,0.0019091356399999998,0.15204951900000002,6.38998728e-05,2.35442495e-06,0.003921895680000001,0.63361186,6.38998728e-05,2.35442495e-06,0.011531540249999998,4.13006725,6.38998728e-05,2.35442495e-06,0.00028517145600000005,0.22695439899999997,6.38998728e-05,2.35442495e-06,0.0114259848,1.5227065500000002e-07,0.00013070583500000003,-0.0173330372,1.2234521753999998,-0.00900288885,-0.010794184700000002,-0.0109379432,2.04362765e-06,5.71801921e-05
113,1687657200,0.019651238,0.019782044399999997,-0.0205605655,-1.4383109900000002,0.207043819,0.1249544526,0.186268188,0.17711790700000002,0.000450943153,0.00874734405,0.000130937939,7.10084023e-08,7.412417057e-08,8.62806895e-08,1.175334989e-07,1.634184368e-07,2.387200302e-07,4.6886960599999994e-07,0.0097912054,2.9195013699999998e-05,3.86586674e-06,63.34024910000001,49.7075533,6.61813874e-07,6.4957157500000005,0.0021834374,0.19983509400000002,7.204566100000001e-05,3.2531182300000005e-06,0.00452533632,0.8428059040000001,7.204566100000001e-05,3.2531182300000005e-06,0.011568905649999999,4.23516036,7.204566100000001e-05,3.2531182300000005e-06,0.000329237925,0.32923170204,7.204566100000001e-05,3.2531182300000005e-06,0.0114394419,2.4791541699999996e-07,0.000131109012,-0.2604040114,2.3807183311999998,-0.008706979350000001,-0.01073950285,-0.010904309999999999,2.7553084100000003e-06,6.260280559999999e-05
113,1687657800,0.0264956748,0.0266266685,-0.015332722600000001,-1.4076257499999998,0.243869948,0.144527765,0.22174427100000002,0.21098143599999997,0.00036570663,0.0112192049,0.00013113906599999999,1.058384545e-07,1.1003634775e-07,1.2880970859999997e-07,1.713710674e-07,2.2196970619999998e-07,3.315917858e-07,6.330510890000001e-07,0.013186382800000002,5.6368268799999985e-05,3.2204494399999995e-06,62.3834259,49.97311979999999,8.893341090000001e-07,6.36327743,0.0025714184399999998,0.277048288,8.20505459e-05,3.70790251e-06,0.005307176780000001,1.15516794,8.20505459e-05,3.70790251e-06,0.0116335972,4.43020012,8.20505459e-05,3.70790251e-06,0.00041948564199999997,0.53679846,8.20505459e-05,3.70790251e-06,0.0114402155,2.0943339800000003e-07,0.00013108520099999998,-0.12762604509999997,28.9533642106,-0.00788398915,-0.0107630483,-0.0109236868,2.3837907100000003e-06,5.9919678299999996e-05
113,1687658400,0.025398899799999996,0.0255299697,-0.01203778645,-1.3885847900000001,0.23929480500000003,0.141108357,0.21851916999999998,0.20805635100000003,0.000385856343,0.010896873849999999,0.000131232705,4.91944537e-08,4.83316608e-08,5.812787000000001e-08,8.71558811e-08,1.077621126e-07,1.704735264e-07,3.586233455e-07,0.012614009200000002,8.1750147e-05,2.61072782e-06,66.70995689999998,50.1431928,8.535087850000001e-07,6.2344884899999995,0.00255759822,0.273695318,8.62350715e-05,4.77957806e-06,0.00522355227,1.1211230200000002,8.62350715e-05,4.77957806e-06,0.011637822950000001,4.42524274,8.62350715e-05,4.77957806e-06,0.000419542438,0.5356447509999999,8.62350715e-05,4.77957806e-06,0.011440255699999999,3.4840129799999997e-07,0.000131228253,-0.50531465873,5.4728845135,-0.00786388059,-0.0106640174,-0.0108632657,3.46253171e-06,6.689525570000002e-05
113,1687659000,0.0249617066,0.0250926504,-0.00916917292,-1.37954542,0.24075734999999998,0.139614605,0.217469138,0.205843781,0.0005500600779999999,0.01098776605,0.000131006055,3.463793935e-08,3.55898498e-08,4.321891585e-08,7.03750802e-08,9.21637461e-08,1.508917972e-07,3.2959534100000003e-07,0.0123873765,8.977928460000002e-05,2.8509901100000002e-06,68.0806046,50.2313123,8.38752766e-07,6.29768875,0.0025369095599999994,0.269955517,7.21778021e-05,2.97092021e-06,0.005174036470000001,1.1025429230000001,7.21778021e-05,2.97092021e-06,0.0116230438,4.35475935,7.21778021e-05,2.97092021e-06,0.000399968387,0.4388270210000001,7.21778021e-05,2.97092021e-06,0.011444161349999999,1.97360744e-07,0.000131166561,-0.5857293692000001,26.548248553999997,-0.00755034019,-0.01076648865,-0.010927257,2.1874600300000003e-06,5.8230223199999996e-05
113,1687659600,0.021217139399999998,0.0213478043,-0.0163710387,-1.33479183,0.22496936799999995,0.127815706,0.202168672,0.19009330900000002,0.000448540758,0.009396914749999999,0.00013075241499999998,6.292351239000001e-08,6.531621770999999e-08,7.887451825e-08,1.1246157899999999e-07,1.5940190270000002e-07,2.3686254290000004e-07,4.858200429999999e-07,0.01048107695,0.0001226138515,3.5303448300000005e-06,67.6745969,50.5825039,7.1359957e-07,6.36293465,0.0023098403500000004,0.22498951100000003,7.989172239999999e-05,3.4040038299999996e-06,0.00473597091,0.92239351,7.989172239999999e-05,3.4040038299999996e-06,0.011618563000000002,4.417874239999999,7.989172239999999e-05,3.4040038299999996e-06,0.000395703141,0.529759009,7.989172239999999e-05,3.4040038299999996e-06,0.0114343712,1.76604646e-07,0.000130921841,0.0811179911,0.644979603,-0.009138835,-0.0107397036,-0.01090302215,2.0974903e-06,5.68061876e-05
113,1687660200,0.019370674499999997,0.019501010399999998,-0.0222497393,-1.33392763,0.21071893200000003,0.12202474410000001,0.19196836,0.181655543,0.00038039222700000003,0.008484500609999997,0.000130393799,3.37762197e-08,3.3073090699999995e-08,3.988245454e-08,6.31425309e-08,8.546726880000001e-08,1.1948056710000002e-07,2.5919354989999997e-07,0.009591261100000002,9.04245492e-05,2.94072526e-06,69.29026359999999,50.3066831,6.528848419999999e-07,6.09922177,0.0022001228500000006,0.204405793,6.45921222e-05,2.4472588199999995e-06,0.0045250006100000005,0.841042603,6.45921222e-05,2.4472588199999995e-06,0.0115342497,4.16482704,6.45921222e-05,2.4472588199999995e-06,0.00031602194000000003,0.2716851415,6.45921222e-05,2.4472588199999995e-06,0.011415528999999999,1.67807802e-07,0.000130482519,0.0348993504,0.5109264365999999,-0.0091326025,-0.0107428335,-0.010890596950000001,2.01602395e-06,5.6876527000000004e-05
113,1687660800,0.0129248962,0.013055482999999998,-0.0316289246,-1.31177557,0.176067875,0.0991654385,0.154317207,0.14505442699999999,0.000319079035,0.00587051325,0.000130666057,1.6746773639999998e-07,1.5399506542e-07,7.574613063000001e-07,1.1007460751e-06,2.959001797e-07,3.980990375e-07,3.889134795000001e-07,0.00638704459,6.64441339e-05,5.61066408e-06,68.2050842,50.1128844,4.38060349e-07,6.69357344,0.00223077135,0.2399369685,6.492566640000001e-05,2.46950271e-06,0.0037111160400000003,0.5779197889999999,6.492566640000001e-05,2.46950271e-06,0.01154081585,4.14174246,6.492566640000001e-05,2.46950271e-06,0.000410315514,0.25524907199999997,6.492566640000001e-05,2.46950271e-06,0.011427658649999999,4.473802615e-06,0.00013506559500000003,0.0425347269,1.7384675153,-0.0071772512900000005,-0.00912663636,-0.00951962435,2.22211993e-06,5.89994742e-05
113,1687661400,0.008434662499999999,0.00856616763,-0.0300316256,-1.1276992270000001,0.156829792,0.0777790249,0.128516421,0.11745358800000001,0.000297343905,0.0041158568199999995,0.000131652404,2.94442785e-07,2.95440493e-07,9.456864710000001e-07,1.858170352e-06,1.7901594359999998e-06,7.98292246e-07,5.25528412e-07,0.00410313439,9.83016852e-05,9.22926167e-06,71.6884886,50.9411281,2.88771249e-07,7.03066151,0.0025767401099999997,0.3294939526,6.63433099e-05,3.01282925e-06,0.0030084375399999997,0.39244861999999997,6.63433099e-05,3.01282925e-06,0.0115736388,4.13695167,6.63433099e-05,3.01282925e-06,0.000553703888,0.209322332,6.63433099e-05,3.01282925e-06,0.011468833049999998,9.21413284e-06,0.00014074909300000003,-0.0019399395700000043,-0.04222845300000007,-0.00397481677,-0.006695595750000001,-0.007570127249999998,3.05017925e-06,6.72888715e-05
113,1687662000,0.006371437839999999,0.0065031909100000005,-0.026199357639999997,-1.1457746000000002,0.138829238,0.0681406032,0.1107408803,0.1010280855,0.00030339508699999996,0.00330910285,0.000131820149,8.532236860000001e-08,1.4834891e-07,2.27043996e-07,3.0089672e-07,3.6830511799999997e-07,4.3491604400000003e-07,5.118386570000001e-07,0.0031090526200000003,6.61913864e-05,8.30054299e-06,71.4258409,50.1514672,2.20233203e-07,6.76808123,0.00156677019,0.12469577800000001,5.8832939000000004e-05,2.1504047e-06,0.00260577235,0.285936579,5.8832939000000004e-05,2.1504047e-06,0.011537537550000001,4.040002490000001,5.8832939000000004e-05,2.1504047e-06,0.00035564310000000003,0.12537950109999998,5.8832939000000004e-05,2.1504047e-06,0.01148132315,1.99178024e-06,0.000133813398,-0.1361150134,2.71801884,-0.0061831260499999995,-0.00863228535,-0.01021449885,2.07603259e-06,5.80635548e-05
113,1687662600,0.005264717970000001,0.0053961578400000005,-0.008251886672,-1.14722755,0.1270913776,0.0621211659,0.09975304299999999,0.0909027748,0.0002521131586,0.0027330948,0.000131548766,7.78699752e-08,1.4251198699999998e-07,2.10034663e-07,2.81325146e-07,3.45817599e-07,3.88735174e-07,4.55960312e-07,0.00255253179,6.80846208e-05,9.7032117e-06,73.4821981,50.183975399999994,1.8339861e-07,6.738186130000001,0.00145743042,0.11038157820000001,5.975773580000001e-05,2.31623191e-06,0.0023595603399999996,0.23534903599999998,5.975773580000001e-05,2.31623191e-06,0.011535756099999999,4.05323085,5.975773580000001e-05,2.31623191e-06,0.00033764583700000004,0.1217972523,5.975773580000001e-05,2.31623191e-06,0.011468068350000001,1.9937393860000004e-06,0.000133511116,-0.134969352,3.3690339600000003,-0.00595465228,-0.008744905649999999,-0.01018929425,2.21458716e-06,5.93819673e-05
113,1687663200,0.007866577759999998,0.007997980160000001,-0.022239573399999997,-1.25670642,0.14306686700000001,0.07666471550000001,0.11955364760000001,0.1110033901,0.000290913212,0.003886481869999999,0.00013152127799999998,1.6923414000000002e-08,1.771869207e-08,2.1585748770000004e-08,3.77732118e-08,6.34323819e-08,6.205992660000001e-08,1.225394445e-07,0.00387540721,5.53815123e-05,2.0160729200000005e-06,71.6700354,49.787007800000005,2.7023994900000004e-07,6.36914011,0.0014086006900000001,0.0866850688,6.68448237e-05,3.12359617e-06,0.0028552779000000006,0.34061095799999996,6.68448237e-05,3.12359617e-06,0.0115544485,4.09857316,6.68448237e-05,3.12359617e-06,0.00025475974399999997,0.1663229259,6.68448237e-05,3.12359617e-06,0.011468710499999998,3.21996955e-07,0.000131853763,-0.3266612444,4.357734704349999,-0.008316461559999998,-0.010691662250000001,-0.010873150600000001,2.869735e-06,6.376620509999998e-05
113,1687663800,0.004182349760000001,0.00431350214,-0.0372690139,-1.10322885,0.11276594300000002,0.05452286990000001,0.0864026364,0.0763148293,0.000318988705,0.00254374197,0.00013121266300000002,8.72726593e-09,9.48468498e-09,1.2926206089999999e-08,2.6872248000000004e-08,4.52205277e-08,5.163204350000001e-08,1.0672480630000001e-07,0.0020387751199999996,5.005332180000001e-05,2.024071e-06,74.94280359999999,49.127339,1.4761982660000002e-07,6.9152344,0.001008705105,0.0469762663,6.1047961e-05,2.5726644800000003e-06,0.00202797751,0.177545787,6.1047961e-05,2.5726644800000003e-06,0.011491088800000002,3.98110663,6.1047961e-05,2.5726644800000003e-06,0.0001838969384,0.07678448266,6.1047961e-05,2.5726644800000003e-06,0.011455342900000002,2.3049736999999994e-07,0.00013145654100000002,-0.14942360416,1.5316819147000003,-0.00869404006,-0.01073241385,-0.010897337249999998,2.5590696899999997e-06,6.0074400600000005e-05
113,1687664400,0.00252866719,0.00265957475,-0.06518241329999999,-1.12412928,0.091877807,0.04341592700000001,0.0636769449,0.055501695100000005,0.00033768398399999994,0.00190689728,0.000131219693,1.0423181149999999e-08,1.164979505e-08,1.86775397e-08,3.97201254e-08,4.30751533e-08,5.14824893e-08,1.477670096e-07,0.00124670456,1.3403481539999998e-05,3.52773586e-06,71.81738240000001,46.2818371,9.25610032e-08,7.138314339999999,0.000828932641,0.0321981229,7.16139538e-05,4.17386964e-06,0.0015935006800000002,0.1091020461,7.16139538e-05,4.17386964e-06,0.0114597662,3.9583494200000002,7.16139538e-05,4.17386964e-06,0.000191583787,0.05374200059999999,7.16139538e-05,4.17386964e-06,0.011442390700000001,7.89181964e-07,0.000131717736,-0.23936038099999996,2.0178146614,-0.007900473750000001,-0.010405129600000002,-0.0107475313,4.24445587e-06,6.989420999999999e-05
113,1687665000,0.00757654334,0.00770802032,-0.01098028889,-1.40317168,0.13237904100000003,0.07692503149999999,0.1117909141,0.1029781415,0.00037520164500000005,0.00376656157,0.000131525295,1.520726608e-08,1.623826761e-08,2.138073775e-08,3.9007791400000004e-08,4.2304790799999994e-08,6.26559689e-08,1.67991297e-07,0.00374039062,4.58523965e-05,1.6151127e-06,71.72804490000001,49.3855677,2.60679437e-07,6.60090858,0.001370705074,0.0814053659,6.0389489000000005e-05,2.3788869999999996e-06,0.00275366693,0.324007554,6.0389489000000005e-05,2.3788869999999996e-06,0.01152787605,4.05600878,6.0389489000000005e-05,2.3788869999999996e-06,0.00022649620549999999,0.13400004189999998,6.0389489000000005e-05,2.3788869999999996e-06,0.01146347395,1.94682936e-07,0.000131606328,-0.014343657599999999,0.2940943406,-0.009367317099999998,-0.010744932250000002,-0.010906050399999999,2.25865106e-06,5.81028873e-05
113,1687665600,0.00727526778,0.0074060151500000004,-0.01017711921,-1.3330731999999998,0.13894174100000004,0.07546167699999999,0.1141159845,0.1047782005,0.00035530984100000005,0.0036713395099999997,0.00013088241500000002,1.5144983699999997e-08,1.528318931e-08,1.9562857699999997e-08,3.95176304e-08,7.75983474e-08,6.992795060000002e-08,1.440835092e-07,0.0035695436600000005,6.56661176e-05,1.9029874e-06,71.60515710000001,50.077899200000004,2.50449592e-07,6.65802354,0.0013831862,0.08209087909999999,6.648140850000001e-05,3.18468055e-06,0.0027454536499999997,0.313524429,6.648140850000001e-05,3.18468055e-06,0.011498940699999998,4.0236562199999995,6.648140850000001e-05,3.18468055e-06,0.00022704254099999995,0.11009152159999999,6.648140850000001e-05,3.18468055e-06,0.011432958699999999,4.3088544799999997e-07,0.000131143533,-0.32358569600000003,4.613842297,-0.007422030489999999,-0.010651853749999999,-0.01086514705,3.15521053e-06,6.46093002e-05
113,1687666200,0.00631444487,0.006445057139999999,-0.030694152800000003,-1.21539661,0.1342165965,0.06912164200000001,0.1078532915,0.09679045620000001,0.000397832515,0.00325162638,0.000130786615,1.2019339513e-07,2.0568154620000002e-08,2.28411266e-08,3.33175809e-08,6.46022251e-08,5.44478038e-08,9.984423909999999e-08,0.00308068251,7.39324097e-05,2.00635297e-06,74.0005421,50.3604971,2.18557296e-07,6.63879331,0.00128786361,0.07381703640000001,7.375800259999999e-05,4.22364226e-06,0.0025578237099999996,0.27665333599999997,7.375800259999999e-05,4.22364226e-06,0.0114760018,3.9882865799999996,7.375800259999999e-05,4.22364226e-06,0.00024407286600000005,0.0952785352,7.375800259999999e-05,4.22364226e-06,0.011430619999999999,7.93080416e-07,0.00013138216399999998,2.4530492837999995,162.18816042129998,-0.0016440123999999993,-0.010658805,-0.010862231,4.52620667e-06,7.744507129999999e-05
113,1687666800,0.00607014104,0.0062015881299999995,-0.0328059381,-1.25318228,0.12060368250000002,0.06835978940000001,0.1060157361,0.09716546660000001,0.00019454142699999998,0.0028889473399999997,0.00013165299,1.5189017819999997e-08,1.5262785069999997e-08,1.8617095470000005e-08,2.96521295e-08,3.8946801800000004e-08,6.34231892e-08,1.3440152600000002e-07,0.0029371488700000005,9.539456009999999e-05,1.9700932000000003e-06,72.3125994,50.9951258,2.10351432e-07,6.642197490000001,0.00125651698,0.06637675979999999,7.099628310000001e-05,3.93867596e-06,0.0025146374,0.26054013,7.099628310000001e-05,3.93867596e-06,0.01153176735,4.04854864,7.099628310000001e-05,3.93867596e-06,0.000235567766,0.12216709119999998,7.099628310000001e-05,3.93867596e-06,0.011465877150000001,4.7143447440000004e-07,0.000131938287,-0.53534244883,4.1472605781,-0.00861513415,-0.0107237652,-0.0109184969,3.9186790400000005e-06,6.884985469999999e-05
113,1687667400,0.006196373119999999,0.00632788944,-0.034396217699999995,-1.2162979200000001,0.1275788944,0.06846591090000001,0.108115801,0.09919052710000001,0.000179303038,0.00290732155,0.000131905783,1.4388505239999998e-08,1.4553809129999999e-08,1.55530832e-08,2.2993111899999997e-08,3.0579419400000003e-08,4.56541143e-08,8.2984701e-08,0.00294841202,0.000147484425,1.6651872999999998e-06,77.88522300000001,52.6996343,2.1465225e-07,6.48163715,0.0012479644100000002,0.06597239390000001,7.27117532e-05,4.1138813700000005e-06,0.00248618928,0.25785923,7.27117532e-05,4.1138813700000005e-06,0.0115282884,4.052230700000001,7.27117532e-05,4.1138813700000005e-06,0.000268862638,0.12011230120000001,7.27117532e-05,4.1138813700000005e-06,0.011468503549999998,8.183684695e-07,0.00013234681,-0.5455695776,6.822159508,-0.0070397422840000005,-0.0107008624,-0.010916385800000001,4.284022160000001e-06,7.1780676e-05
113,1687668000,0.00498748111,0.00511847285,-0.046270132199999994,-0.9371431209999999,0.1219162214,0.0579618891,0.09945303700000001,0.08985274330000001,0.000235165712,0.00248983686,0.000131134251,1.8296136199999998e-08,1.4124168499999999e-08,2.9709245930000007e-08,3.20889008e-08,4.52575849e-08,1.1207254850000002e-07,1.534098805e-07,0.0023484258200000005,0.00014154150399999998,3.21609551e-06,79.4795492,53.340852600000005,1.7420020700000002e-07,6.83870231,0.001118640133,0.0578200774,6.99123011e-05,4.07953871e-06,0.0022001829600000002,0.20641512199999998,6.99123011e-05,4.07953871e-06,0.0115057675,4.0118032,6.99123011e-05,4.07953871e-06,0.00021780242000000002,0.09780869439999999,6.99123011e-05,4.07953871e-06,0.0114478182,4.3971658359999993e-07,0.00013149321900000002,-0.8475753920000001,4.803708159000001,-0.00872998411,-0.01061613715,-0.010842800400000002,4.10864558e-06,6.95511097e-05
113,1687668600,0.00619348033,0.00632447431,-0.029675425100000003,-1.056542496,0.128553927,0.06608378899999999,0.1110408884,0.1016281005,0.0002172302156,0.00295146947,0.000131359597,1.3886091619999999e-08,1.43764924e-08,1.70051191e-08,2.56085089e-08,3.38976244e-08,5.0837121200000006e-08,1.0191259e-07,0.00297544167,0.00011703312709999999,3.6151832399999995e-06,76.769601,51.889303600000005,2.14478273e-07,6.672162419999999,0.0012245163200000002,0.0661785738,7.75574453e-05,5.01882313e-06,0.0025099283399999998,0.261877706,7.75574453e-05,5.01882313e-06,0.0115086886,4.032183859999999,7.75574453e-05,5.01882313e-06,0.00020859154599999998,0.0933560778,7.75574453e-05,5.01882313e-06,0.011445708599999998,7.914388828999999e-07,0.00013179614,-0.25270673918700004,1.5072092535,-0.00935121395,-0.010598039600000001,-0.01087363835,5.045281560000001e-06,7.65958838e-05
113,1687669200,0.0086906007,0.0088214607,-0.023600395700000002,-1.2054436499999999,0.14835452899999996,0.0803301639,0.130578984,0.12082868849999999,0.000200465018,0.00388574228,0.000131193244,2.53182409e-08,2.6133093299999998e-08,3.290973456e-08,4.7437519499999995e-08,6.03853738e-08,8.01477798e-08,2.2780944159999998e-07,0.004237556170000001,0.00010306467429999999,3.819399e-06,71.8573004,50.92343559999999,2.9742763999999995e-07,6.413043739999999,0.00148376507,0.0944407204,7.376525939999998e-05,4.38355074e-06,0.00301251365,0.372965623,7.376525939999998e-05,4.38355074e-06,0.0115219812,4.08283129,7.376525939999998e-05,4.38355074e-06,0.000274242531,0.16932187380000002,7.376525939999998e-05,4.38355074e-06,0.0114438499,7.57715184e-07,0.000131718423,-0.3694279389,4.7185288299699994,-0.007520647873,-0.0105164436,-0.010809877499999999,4.31768402e-06,7.04046402e-05
113,1687669800,0.0111073517,0.0112388823,-0.02095670465,-1.2403245999999999,0.16946767499999998,0.09002854380000001,0.143329376,0.13324156199999998,0.000494919582,0.00548815001,0.00013159908000000002,3.7281335880000005e-08,3.837526364e-08,4.551494584e-08,6.742008089999999e-08,9.452824550000001e-08,1.2292971529999999e-07,2.5168017959999997e-07,0.005460997699999999,8.795492569999999e-05,3.97245605e-06,70.00861239999999,50.630645300000005,3.77851038e-07,6.47967845,0.00165163079,0.11969423099999998,6.28719425e-05,2.3945848100000005e-06,0.00335892679,0.481367899,6.28719425e-05,2.3945848100000005e-06,0.011560903600000002,4.11711634,6.28719425e-05,2.3945848100000005e-06,0.00026811916840000004,0.19276067305999997,6.28719425e-05,2.3945848100000005e-06,0.01146485985,1.78587067e-07,0.00013162185,0.0245025834,3.3069239703999997,-0.0087558817,-0.0107779039,-0.01093284195,2.1844222500000002e-06,5.80581592e-05
113,1687670400,0.0149023829,0.0150341121,-0.018666811650000004,-1.30733611,0.187355721,0.10657416639999999,0.16871764800000003,0.15866734200000002,0.000342233561,0.00658075561,0.00013203731499999998,2.361246225e-08,1.986095125e-08,2.6659237900000002e-08,4.264626630000001e-08,5.62532188e-08,9.054444430000001e-08,2.0244625949999997e-07,0.0073750297200000006,7.116647559999999e-05,4.19223504e-06,68.8017774,50.124385000000004,5.04157868e-07,6.218337309999999,0.0019385018099999998,0.160638529,7.92308473e-05,4.76418326e-06,0.0039761751699999995,0.650043612,7.92308473e-05,4.76418326e-06,0.011612699,4.23986637,7.92308473e-05,4.76418326e-06,0.00035448301700000004,0.29419594099999996,7.92308473e-05,4.76418326e-06,0.011484820650000001,6.40429383e-07,0.00013254220500000003,-0.7051260111,3.8866477831,-0.00838265938,-0.010611105499999999,-0.01085078885,4.52074716e-06,7.338215349999999e-05
113,1687671000,0.01145723235,0.011588489,-0.027672201799999997,-1.3220370799999999,0.15990488,0.09345377499999999,0.14460441500000001,0.13579164500000002,0.000255966869,0.00505803576,0.000131385122,2.609980321e-08,2.4069175589999997e-08,2.976348988e-08,4.48693751e-08,9.186531540000001e-08,8.99672647e-08,1.8698415259999997e-07,0.0056555141,6.814297080000001e-05,4.29897734e-06,68.8130467,50.1212631,3.896661640000001e-07,6.35331405,0.00169036022,0.1222162144,6.739414399999999e-05,3.33014122e-06,0.00345135112,0.49476101699999997,6.739414399999999e-05,3.33014122e-06,0.01154269885,4.08443218,6.739414399999999e-05,3.33014122e-06,0.00027503948600000004,0.1683029196,6.739414399999999e-05,3.33014122e-06,0.0114562647,3.64261103e-07,0.000131610705,-0.6011510728000001,5.2395224564000005,-0.008597416029999999,-0.01074458455,-0.0109342049,3.3017510900000005e-06,6.49204187e-05
113,1687671600,0.009997604680000001,0.010129055000000001,-0.030641286400000006,-1.27253619,0.153492189,0.08691869700000002,0.13744169699999997,0.12802890800000002,0.000207024228,0.00443468848,0.000131558847,3.504760237e-08,3.7570454510000004e-08,4.380143576e-08,6.506654384999999e-08,1.5254539070000002e-07,2.939847527e-07,2.1990460759999998e-07,0.004901542779999999,9.1983536e-05,4.3060674000000005e-06,71.13461620000001,50.59094799999999,3.4091863700000004e-07,6.453817770000001,0.00160669118,0.11452355289999998,7.08301056e-05,3.43849465e-06,0.0032200644600000002,0.42826974,7.08301056e-05,3.43849465e-06,0.01157493655,4.16458224,7.08301056e-05,3.43849465e-06,0.00029017227,0.255780364,7.08301056e-05,3.43849465e-06,0.01146916485,4.07970402e-07,0.000131949985,-0.57400440562,11.271728388499998,-0.007754942440000001,-0.0107110734,-0.010915561550000001,3.1570839099999997e-06,6.452578510000001e-05
113,1687672200,0.0128635898,0.012994854300000002,-0.0324174596,-1.2492637,0.175355353,0.09741057750000001,0.15600476400000002,0.1458794515,0.000407916844,0.00587110201,0.000131363106,2.0547128900000002e-08,1.980201372e-08,2.4468740660000005e-08,3.849848015e-08,5.24035606e-08,8.27284992e-08,1.815926001e-07,0.006344904930000001,8.20166949e-05,4.32696692e-06,71.1990422,50.34759460000001,4.36461567e-07,6.3171642,0.0017646248499999999,0.13577013300000002,6.865274470000001e-05,3.2347427800000003e-06,0.0036540557199999995,0.556649322,6.865274470000001e-05,3.2347427800000003e-06,0.0115663901,4.1579191600000005,6.865274470000001e-05,3.2347427800000003e-06,0.00030098202500000005,0.2417605308,6.865274470000001e-05,3.2347427800000003e-06,0.01145723365,2.43455296e-07,0.00013151187,0.1757887113,9.6587759347,-0.0084278402383,-0.0107921865,-0.01095137865,3.02134442e-06,6.36708994e-05
113,1687672800,0.023237076000000002,0.023368172700000002,-0.0181238561,-1.32060071,0.23194458300000004,0.132057399,0.210568928,0.198793567,0.000448908636,0.010124373380000001,0.000131606236,6.397699724e-08,6.80688285e-08,8.287064400000001e-08,1.198765637e-07,1.858776207e-07,2.572674884e-07,5.265288899999999e-07,0.01153190611,7.96810597e-05,5.13281051e-06,65.81451990000001,50.1843727,7.81050737e-07,6.49248563,0.0023492402799999996,0.24140790499999998,9.64208038e-05,6.57483295e-06,0.0048909804200000006,0.99904312,9.64208038e-05,6.57483295e-06,0.011608241049999999,4.31998706,9.64208038e-05,6.57483295e-06,0.000383226968,0.3870323244,9.64208038e-05,6.57483295e-06,0.011450843200000001,1.121142743e-06,0.00013222199499999997,-0.48421768184000014,5.7260811625,-0.005411361621999999,-0.0105726028,-0.010799597999999999,5.97575734e-06,8.213181779999999e-05
113,1687673400,0.0205034318,0.0206349204,-0.020946714100000003,-1.27227113,0.220019213,0.1229160781,0.199656095,0.18761822799999997,0.00044420211000000003,0.00899271078,0.000131894684,2.9956903899999996e-08,2.8662488099999997e-08,3.562770403e-08,5.8411232200000004e-08,7.538472609999999e-08,1.217514581e-07,2.872825472e-07,0.01013612995,0.00010999805280000001,4.5378605e-06,70.0535618,50.5518458,6.90549591e-07,6.30343497,0.00221984028,0.21537159800000003,9.727062929999999e-05,6.284517420000001e-06,0.004599628780000001,0.889271656,9.727062929999999e-05,6.284517420000001e-06,0.0116252077,4.3169462,9.727062929999999e-05,6.284517420000001e-06,0.00036956348199999997,0.38377251,9.727062929999999e-05,6.284517420000001e-06,0.0114691782,8.94880123e-07,0.000132436928,-0.63341405805,6.3089990475999995,-0.008026187535000001,-0.010661522199999999,-0.010882567999999999,5.83102068e-06,8.29841213e-05
113,1687674000,0.011764429400000002,0.0118958208,-0.0321890399,-1.14383187,0.179817989,0.091937716,0.154392211,0.1426543535,0.000361191202,0.00541168052,0.00013146007899999997,3.273482241000001e-08,3.697592997e-08,5.10693056e-08,7.132757140000001e-08,8.90590878e-08,1.464883361e-07,2.92464944e-07,0.00573899015,0.000137567919,4.8466478200000006e-06,71.6306975,51.3021246,3.9940391600000006e-07,6.647749899999999,0.00170182792,0.1281216184,6.45898719e-05,2.4772974600000005e-06,0.0034912977899999994,0.504208972,6.45898719e-05,2.4772974600000005e-06,0.01158283605,4.169932470000001,6.45898719e-05,2.4772974600000005e-06,0.00029736995600000005,0.241506856,6.45898719e-05,2.4772974600000005e-06,0.01146110245,2.39941201e-07,0.00013157780999999998,0.2135506811,32.5178726735,-0.00651050405,-0.010774056150000001,-0.010935138399999999,2.1473618e-06,5.8065547e-05
113,1687674600,0.018069854,0.0182008121,-0.0217775276,-1.26287994,0.21191896999999998,0.11587379750000001,0.188143244,0.176330379,0.00044430863,0.0081067123,0.000131127463,6.541457729999999e-08,6.852124509999999e-08,8.38080728e-08,1.1837457440000001e-07,1.5562183539999998e-07,2.455731664e-07,4.99641099e-07,0.0089133546,0.00011428161439999999,5.8806975e-06,68.8198297,50.64455,6.08982994e-07,6.721563470000001,0.00210949199,0.193360475,7.03437605e-05,3.3161308199999995e-06,0.00433022368,0.778808029,7.03437605e-05,3.3161308199999995e-06,0.0115748223,4.20752491,7.03437605e-05,3.3161308199999995e-06,0.000345340284,0.321343335,7.03437605e-05,3.3161308199999995e-06,0.011442705300000001,3.78996935e-07,0.00013131477,0.09348282869999999,3.4551216343000006,-0.008227221560000001,-0.0106667672,-0.0108496492,2.8286070799999998e-06,6.216843999999998e-05
113,1687675200,0.0313926278,0.031524075000000006,-0.019491791099999996,-1.3196202700000002,0.277208459,0.15458591400000002,0.24829507999999997,0.23415714699999998,0.0008702909070000001,0.0141626717,0.00013160017800000002,9.50958462e-08,9.553395795000001e-08,1.1520006336e-07,1.580539828e-07,2.0397206050000003e-07,3.149348425e-07,6.17751012e-07,0.015574596700000002,0.00011374959,6.20820354e-06,66.2824504,50.359078800000006,1.052412836e-06,6.283195500000001,0.00277628065,0.329361788,8.12604728e-05,3.8451577999999994e-06,0.00575530022,1.3644976400000002,8.12604728e-05,3.8451577999999994e-06,0.011675843699999999,4.499470130000001,8.12604728e-05,3.8451577999999994e-06,0.000448977863,0.5829956372,8.12604728e-05,3.8451577999999994e-06,0.011465828349999999,2.85529001e-07,0.00013175177499999999,-0.19364890264,1.4701423933400002,-0.00896632291,-0.010662171799999998,-0.0108523227,2.5832045000000003e-06,6.12856493e-05
113,1687675800,0.013950089549999998,0.01408146465,-0.027650180399999995,-1.30478877,0.188143244,0.1033307975,0.16271746700000003,0.15199214,0.000369636033,0.00637696765,0.00013142417999999998,2.0366365829999997e-08,2.0442220150000005e-08,2.6045143930000002e-08,4.5163747e-08,6.24396993e-08,9.593515600000002e-08,2.1552495400000004e-07,0.00686084488,0.0001086567025,5.00102034e-06,73.44612000000001,50.6889269,4.72477468e-07,6.46328611,0.0018818158999999997,0.150034667,6.925419130000001e-05,2.71039166e-06,0.0038217564,0.602795549,6.925419130000001e-05,2.71039166e-06,0.011590497649999998,4.23419566,6.925419130000001e-05,2.71039166e-06,0.000318098634,0.3251077682,6.925419130000001e-05,2.71039166e-06,0.01146634105,1.8055365399999998e-07,0.00013165812599999998,-0.0223863616,3.10382738413,-0.00826781346,-0.010775462250000001,-0.010933029600000001,2.1260823e-06,5.8025731699999995e-05
113,1687676400,0.0117803094,0.01191226405,-0.0238472167,-1.33808862,0.16841764199999998,0.09547192289999999,0.146891983,0.13702918,0.000360100062,0.005348158569999999,0.000132062912,1.3617514120000002e-08,1.3469536969999998e-08,1.9142518609999998e-08,3.32893528e-08,1.41878772e-07,7.203999659999998e-08,1.68041767e-07,0.00580443742,8.08308146e-05,4.30911169e-06,72.094957,50.30919780000001,4.0048769300000006e-07,6.313695739999999,0.0017445084100000002,0.1308860764,6.582429639999999e-05,3.1367905300000004e-06,0.0035087109400000005,0.5097597099999999,6.582429639999999e-05,3.1367905300000004e-06,0.0115480317,4.044759630000001,6.582429639999999e-05,3.1367905300000004e-06,0.00023782438900000002,0.11982064509999998,6.582429639999999e-05,3.1367905300000004e-06,0.011489791300000001,4.272378810000001e-07,0.00013244338800000001,-0.32693477382,3.5211097519999996,-0.008344482444,-0.010770310199999997,-0.0109467177,3.2174478399999994e-06,6.61434835e-05
113,1687677000,0.010882306750000001,0.01101404515,-0.028518827200000003,-1.27427347,0.16091741099999998,0.0899667215,0.142054336,0.132416538,0.000308463731,0.00497936033,0.000131796842,3.019925279e-08,3.12159285e-08,3.755835296e-08,5.3045371199999995e-08,6.943836910000001e-08,1.105308083e-07,2.38870472e-07,0.00535117204,8.50892356e-05,4.24925599e-06,71.87984,50.3749061,3.70518562e-07,6.49520938,0.0016621170599999998,0.119517253,5.92303503e-05,2.17926088e-06,0.00336633431,0.47576886700000004,5.92303503e-05,2.17926088e-06,0.011539979500000002,4.04492898,5.92303503e-05,2.17926088e-06,0.00022083717500000002,0.11714099060000001,5.92303503e-05,2.17926088e-06,0.011476575,1.49340297e-07,0.00013186156600000003,0.07156093513,2.2740300007999994,-0.00885664373,-0.0108563206,-0.010994993999999998,2.11613508e-06,5.7653617e-05
113,1687677600,0.0202474521,0.0203794387,-0.016833236900000003,-1.37489272,0.21499406,0.125710022,0.19545596800000004,0.18308058700000002,0.000562153905,0.009020489199999999,0.00013206832100000001,5.6865176800000003e-08,5.7243786159999995e-08,6.911523370000001e-08,9.87027929e-08,1.212637481e-07,1.896286907e-07,3.741336985e-07,0.010036187249999998,8.209891010000001e-05,4.383424669999999e-06,66.2090117,50.203756799999994,6.81774045e-07,6.19159056,0.00225832359,0.213429951,7.22758768e-05,2.8863317e-06,0.004632981070000001,0.882821041,7.22758768e-05,2.8863317e-06,0.0116360036,4.3034444,7.22758768e-05,2.8863317e-06,0.00035284254000000003,0.38395519356999996,7.22758768e-05,2.8863317e-06,0.01149032275,1.61152433e-07,0.000132189053,0.07941727778999999,0.70226114178,-0.009232309630000001,-0.010827868499999999,-0.0109775573,2.12970623e-06,5.78957305e-05
113,1687678200,0.0190153812,0.019146860499999998,-0.019775621700000003,-1.34628509,0.211056445,0.120903905,0.189418282,0.17775542500000002,0.000522034832,0.00847203897,0.00013166605300000001,3.474197873e-08,3.56653154e-08,5.1346760370000005e-08,7.077276840000001e-08,8.931862509999999e-08,1.5097124159999998e-07,3.2816393e-07,0.00943822489,6.33243262e-05,5.18278464e-06,68.58558180000001,50.042265400000005,6.409106609999999e-07,6.22019632,0.00219407371,0.20581936500000003,8.286991490000001e-05,4.7386066299999995e-06,0.00449490536,0.835163724,8.286991490000001e-05,4.7386066299999995e-06,0.01162387705,4.319638169999999,8.286991490000001e-05,4.7386066299999995e-06,0.000369489017,0.4128169420000001,8.286991490000001e-05,4.7386066299999995e-06,0.011467284999999999,4.834098469999999e-07,0.000131982637,-0.39027273510000005,2.7064928049,-0.00839459868,-0.010643156800000001,-0.010852033700000001,4.08927295e-06,6.94330088e-05
113,1687678800,0.024056091600000003,0.02418786925,-0.0158392901,-1.35008272,0.239707318,0.13577251350000002,0.212969002,0.19954359500000002,0.0007904449460000001,0.0110374694,0.00013183716400000001,3.3369335900000005e-08,3.273916450000001e-08,4.4222112600000003e-08,7.36430005e-08,9.675254560000001e-08,1.747363712e-07,3.94276693e-07,0.011971385850000002,5.06920381e-05,5.037326969999999e-06,66.8505622,49.8937568,8.08489948e-07,6.28354036,0.0024592854500000002,0.260461074,6.98869952e-05,2.71836825e-06,0.00505974567,1.063433006,6.98869952e-05,2.71836825e-06,0.01165316595,4.35463248,6.98869952e-05,2.71836825e-06,0.00038880792000000003,0.41093211199999996,6.98869952e-05,2.71836825e-06,0.0114832658,1.74883686e-07,0.00013204068199999997,0.0539055143,0.5235231188,-0.00943911707,-0.010790433200000001,-0.010947256399999999,2.14911399e-06,5.78110153e-05
113,1687679400,0.0178737884,0.018005455700000002,-0.023129448299999997,-1.29784435,0.21131895099999998,0.1144940199,0.180680513,0.1686051465,0.000732891082,0.00864297661,0.00013175468400000002,3.8776069759999996e-08,3.621875846e-08,4.450033353e-08,6.72405467e-08,7.73275932e-08,1.282681894e-07,2.9775758290000004e-07,0.00887212943,5.96641892e-05,4.30812581e-06,68.6061732,49.9367702,6.03168208e-07,6.19137269,0.00208471128,0.19409275100000004,6.44489627e-05,2.5717579700000003e-06,0.004288285099999999,0.78730011,6.44489627e-05,2.5717579700000003e-06,0.0115989505,4.204363549999999,6.44489627e-05,2.5717579700000003e-06,0.000323976115,0.252694149,6.44489627e-05,2.5717579700000003e-06,0.01147766655,2.0598085e-07,0.00013194189900000002,0.1561165735,15.496069596800004,-0.00804906088,-0.0107956877,-0.0109562595,2.33419429e-06,5.937522310000001e-05
113,1687680000,0.019359409700000003,0.0194901033,-0.013906209349999999,-1.3799783099999998,0.21596909699999997,0.12241901420000001,0.18799324,0.176630389,0.00071982938,0.009142349239999998,0.000130813444,4.53390669e-08,4.550042603e-08,5.8700998000000003e-08,8.589505920000001e-08,1.15305941e-07,1.7189906540000003e-07,3.799360244e-07,0.0096333548,4.06149511e-05,4.6862551599999995e-06,67.3486443,49.7853925,6.52092121e-07,6.4574070599999995,0.0021987704900000003,0.206464844,7.55492888e-05,3.3667022200000003e-06,0.004515868540000001,0.8477352220000001,7.55492888e-05,3.3667022200000003e-06,0.011593258249999999,4.311301009999999,7.55492888e-05,3.3667022200000003e-06,0.000377271217,0.40462474000000004,7.55492888e-05,3.3667022200000003e-06,0.0114268064,2.7378380999999996e-07,0.000130846616,-0.35401839263,3.8327615770300008,-0.008703913839999999,-0.0106765765,-0.0108512856,2.56220886e-06,6.07799112e-05
113,1687680600,0.017761602,0.0178922788,-0.0171848547,-1.37877813,0.20389373000000002,0.11776494709999999,0.181130529,0.16988018700000002,0.000626125438,0.008156832059999999,0.000130825939,4.63037079e-08,4.600228117e-08,5.87033754e-08,7.92162391e-08,1.01124811e-07,1.6250644869999996e-07,3.9079424960000005e-07,0.008835889740000002,3.96989583e-05,4.1738319600000005e-06,66.8336234,49.7361261,5.993507319999999e-07,6.37264154,0.0021516043800000003,0.19638161599999998,7.677740299999999e-05,3.712818690000001e-06,0.0043806008099999995,0.790928902,7.677740299999999e-05,3.712818690000001e-06,0.011567799299999999,4.220226219999999,7.677740299999999e-05,3.712818690000001e-06,0.000333735483,0.3302690964,7.677740299999999e-05,3.712818690000001e-06,0.01143225165,3.6401703599999994e-07,0.000131060714,-0.25181486514999996,3.269059602,-0.008609973140000001,-0.01072153235,-0.010895012599999998,3.2159784200000003e-06,6.62753425e-05
113,1687681200,0.013740883,0.013871951500000002,-0.029143293099999995,-1.32252598,0.182893083,0.10249420599999999,0.159229863,0.148692037,0.000531400655,0.00648617764,0.00013113123299999998,3.155350287e-08,3.091375886e-08,3.78053328e-08,5.586373319999999e-08,6.75552576e-08,1.0332814029999999e-07,2.152189396e-07,0.00681366174,5.1550368100000004e-05,4.5905016899999995e-06,69.7033678,49.846281600000005,4.6576684299999995e-07,6.254423520000001,0.0018674652,0.1492311375,6.58312191e-05,2.5241409600000005e-06,0.0038218866100000006,0.6039371229999999,6.58312191e-05,2.5241409600000005e-06,0.011564250350000001,4.16165122,6.58312191e-05,2.5241409600000005e-06,0.00030400416399999997,0.2655278907,6.58312191e-05,2.5241409600000005e-06,0.011449633749999999,1.71587732e-07,0.000131266044,-0.0010437452,0.7727044314,-0.00925512015,-0.0107709238,-0.0109254477,2.1812351099999996e-06,5.74798205e-05
113,1687681800,0.00930862554,0.00943955368,-0.018271225009999996,-1.26888991,0.15829233399999998,0.08395129700000001,0.13114150100000002,0.12120369959999999,0.00051372955,0.00484899764,0.00013099122699999997,3.240074533999999e-08,3.6407474e-08,4.31124666e-08,6.03710887e-08,7.717060619999999e-08,1.1442996019999998e-07,2.40489835e-07,0.00458718606,6.265783290000001e-05,3.7894722599999996e-06,69.705895,49.996974300000005,3.1798185e-07,6.69399902,0.0015474479199999998,0.10336603479999999,6.087386489999999e-05,2.2246602e-06,0.0031359518000000004,0.40874724,6.087386489999999e-05,2.2246602e-06,0.01153950225,4.107274540000001,6.087386489999999e-05,2.2246602e-06,0.00026798900200000004,0.1874137417,6.087386489999999e-05,2.2246602e-06,0.0114407931,1.78399341e-07,0.000131070686,0.006355473900000008,0.8467321139999999,-0.009010709399999999,-0.0107562596,-0.01091337935,2.04305186e-06,5.735756510000001e-05
113,1687682400,0.00724761721,0.007378920860000001,-0.01480086897,-1.2436082400000001,0.141491821,0.0740260093,0.1159535419,0.105753228,0.00043596975000000007,0.0037856859400000006,0.00013134868400000002,1.3995361940000001e-08,1.619922409e-08,2.55808636e-08,3.5312535700000006e-08,4.64214504e-08,7.358039870000001e-08,1.615337257e-07,0.0035457859,7.390805909999998e-05,3.66626882e-06,74.6963915,50.4602994,2.4945323300000003e-07,6.685896959999999,0.00135930337,0.0799895627,5.871368749999999e-05,2.2089797399999997e-06,0.00273825752,0.313125366,5.871368749999999e-05,2.2089797399999997e-06,0.01151415445,4.01967911,5.871368749999999e-05,2.2089797399999997e-06,0.00020837193500000003,0.10860775909999998,5.871368749999999e-05,2.2089797399999997e-06,0.0114574907,1.8016703e-07,0.00013145343699999995,-0.0955637396,24.8914172686,-0.007809299609999999,-0.010786772500000001,-0.01093961315,2.1416414499999998e-06,5.7223914599999994e-05
113,1687683000,0.012448312310000001,0.012580148480000001,-0.0155666273,-1.22925129,0.17580537000000002,0.09470251109999998,0.1527046585,0.14089180299999998,0.0004668638900000001,0.00588891472,0.00013196976099999998,4.8020337270000005e-08,3.764888785e-08,4.6253630999999997e-08,6.179508059999999e-08,7.714080100000001e-08,1.1722675570000001e-07,2.43227624e-07,0.00613679594,8.25904654e-05,3.99787718e-06,71.72539750000001,50.4493989,4.2246857100000005e-07,6.528964049999999,0.0017283805,0.1339713999,7.12479494e-05,3.59661968e-06,0.00355050436,0.5418286560000001,7.12479494e-05,3.59661968e-06,0.0115846082,4.17311355,7.12479494e-05,3.59661968e-06,0.000295492425,0.24525437,7.12479494e-05,3.59661968e-06,0.01147943315,3.8391353699999997e-07,0.000132156005,-0.33776342736,4.8648248422,-0.007599082229999998,-0.010733697,-0.010923025,3.4761697699999997e-06,6.77737135e-05
113,1687683600,0.028106480500000003,0.028238252799999995,-0.015020472600000005,-1.38080171,0.254595273,0.14792448600000002,0.229994523,0.218406665,0.000574001422,0.012416394349999998,0.000131846621,5.0090145900000006e-08,4.933270375e-08,6.300598750000001e-08,9.08841806e-08,1.1679686050000001e-07,1.9602753760000002e-07,3.6953279e-07,0.0140059412,4.13743353e-05,4.908578180000001e-06,65.74685059999999,49.8771764,9.43642068e-07,6.074731139999999,0.00263119474,0.29637729499999993,7.75360455e-05,3.1821761099999997e-06,0.005466580529999999,1.22705227,7.75360455e-05,3.1821761099999997e-06,0.0116503823,4.386529820000001,7.75360455e-05,3.1821761099999997e-06,0.00040543248900000006,0.4742003755,7.75360455e-05,3.1821761099999997e-06,0.011477293099999999,2.1269998199999998e-07,0.000131941556,-0.00840256135,0.09887181115,-0.009504516599999999,-0.01072344835,-0.010889506149999999,2.07906462e-06,5.7864781799999996e-05
113,1687684200,0.022918790600000002,0.0230502603,-0.01375191835,-1.40052056,0.228531977,0.13401230000000003,0.205656275,0.195305959,0.00043557584399999994,0.0101365366,0.000131528704,3.604229050000001e-08,3.332699756e-08,4.7386444899999996e-08,7.2609927e-08,9.522447230000001e-08,1.582972526e-07,3.4115928260000003e-07,0.01142723045,2.64531613e-05,4.86768239e-06,67.41251079999999,49.73067679999999,7.71070471e-07,6.331566100000001,0.0023596973,0.238088299,7.13681756e-05,2.7875155099999997e-06,0.00491794287,0.992174744,7.13681756e-05,2.7875155099999997e-06,0.01162846935,4.298738600000001,7.13681756e-05,2.7875155099999997e-06,0.00039226526299999996,0.40446233600000003,7.13681756e-05,2.7875155099999997e-06,0.0114672054,2.09540846e-07,0.00013170694300000002,0.035897176600000004,0.5553841676,-0.0092706379,-0.0107111573,-0.01088700015,2.07208418e-06,5.7079930899999995e-05
113,1687684800,0.01632107695,0.0164526044,-0.0056536757270000005,-1.4020760799999998,0.194443437,0.11298123239999999,0.171792746,0.162717466,0.000344113986,0.007374553310000001,0.000131590121,2.623749405e-08,2.79891227e-08,3.87494047e-08,5.833650109999999e-08,7.80116054e-08,1.2369106279999997e-07,2.966270144e-07,0.008137281200000002,1.767855325e-05,4.84851e-06,66.56827799999999,49.4271758,5.51363838e-07,6.4950816399999995,0.0020384817099999997,0.17911435599999997,6.47537596e-05,2.59688088e-06,0.004188915620000001,0.7255352329999999,6.47537596e-05,2.59688088e-06,0.011568471100000002,4.136566459999999,6.47537596e-05,2.59688088e-06,0.00029504362500000004,0.2293111231,6.47537596e-05,2.59688088e-06,0.01146999155,2.2433981799999998e-07,0.000131785658,-0.07915023935000001,0.82533607418,-0.0092485224,-0.010723177050000001,-0.010894573900000001,2.3170418600000002e-06,5.8514905700000006e-05
113,1687685400,0.00957498746,0.00970700222,-0.0028367454000000005,-1.43484684,0.15416720599999997,0.087299437,0.127728899,0.11962865260000002,0.00033190845799999997,0.00463153294,0.00013223872999999997,2.31150338e-08,2.404977606e-08,3.172407074e-08,5.1764881999999996e-08,7.104458140000001e-08,1.0148361309999999e-07,2.0366099599999997e-07,0.00477754141,4.662963549999999e-06,4.54432424e-06,66.8935319,48.80963150000001,3.2703794300000005e-07,6.519503599999998,0.0015597066199999998,0.10518331439999999,7.600051269999999e-05,4.046704440000001e-06,0.0031879890599999993,0.420253192,7.600051269999999e-05,4.046704440000001e-06,0.0115774594,4.115613130000001,7.600051269999999e-05,4.046704440000001e-06,0.00028232948,0.1827308439,7.600051269999999e-05,4.046704440000001e-06,0.011488969849999999,5.48029227e-07,0.00013254533699999998,-0.60034459965,5.7403203196999995,-0.00814183106,-0.010682169750000001,-0.010884165599999999,4.00991229e-06,7.337387119999999e-05
113,1687686000,0.009700748800000002,0.0098322649,0.0072890033945,-1.48507391,0.147792012,0.0887880079,0.12675386949999998,0.11981615699999999,0.00032854579800000003,0.00461649199,0.000131657608,2.3571156950000003e-08,2.416503163e-08,3.1071418100000003e-08,5.1822260500000004e-08,7.282498490000001e-08,1.0825731870000001e-07,1.93231688e-07,0.0048353044,8.03014307e-06,6.38060692e-06,66.6709448,48.92189570000001,3.31078749e-07,6.523086999999999,0.0015796851,0.10531487340000001,6.86140843e-05,3.6220327999999998e-06,0.00320930054,0.425202801,6.86140843e-05,3.6220327999999998e-06,0.01154833145,4.078709819999999,6.86140843e-05,3.6220327999999998e-06,0.000251909619,0.1503071248,6.86140843e-05,3.6220327999999998e-06,0.01146677725,3.88750528e-07,0.00013187710599999998,-0.3892164093,2.9775043838,-0.008707813,-0.01068733375,-0.01088309185,3.5389571699999998e-06,6.766114750000001e-05
113,1687686600,0.015379933100000001,0.0155113063,-0.0067231026,-1.4731178100000002,0.182255565,0.11147043050000001,0.16372999700000002,0.15495473099999998,0.00030129977899999997,0.0068366615300000004,0.00013160269400000002,3.2279802449999996e-08,3.0723614909999994e-08,3.431525361e-08,5.670645959999999e-08,7.00796093e-08,1.0078076060000002e-07,1.760253822e-07,0.0076567037300000005,2.7569643400000002e-05,4.933421250000001e-06,67.72368420000001,49.566636499999994,5.20370877e-07,6.17144385,0.0019890145999999997,0.16508170700000002,7.813382790000001e-05,4.6532967899999996e-06,0.0040490051,0.675533779,7.813382790000001e-05,4.6532967899999996e-06,0.0115766344,4.203929199999999,7.813382790000001e-05,4.6532967899999996e-06,0.00032663851,0.26956025420000007,7.813382790000001e-05,4.6532967899999996e-06,0.0114485026,5.179216419999999e-07,0.000131588443,-0.7301583909,5.0613204099,-0.00873536692,-0.010550535599999999,-0.0107951747,3.97310748e-06,7.08983731e-05
113,1687687200,0.012025798,0.012157674099999998,-0.0269201975,-1.43643918,0.165792558,0.0973817605,0.143141868,0.134179096,0.00046994286,0.00568199234,0.00013225003400000002,3.82622824e-08,3.9316722749999994e-08,4.708498215e-08,7.02216875e-08,9.61567324e-08,1.339209785e-07,2.62221149e-07,0.00599433234,1.1925297209999997e-05,5.543473799999999e-06,66.6581119,49.16029089999999,4.08345362e-07,6.58535489,0.00173209493,0.129218066,7.36208364e-05,4.61294895e-06,0.00355036604,0.526456878,7.36208364e-05,4.61294895e-06,0.0115748473,4.1244609500000005,7.36208364e-05,4.61294895e-06,0.00028488754700000004,0.1704378122,7.36208364e-05,4.61294895e-06,0.011481472500000001,8.21622526e-07,0.00013262592399999998,0.8960736105999999,48.7675918459,-0.005102430863,-0.010512258350000001,-0.0108253796,4.4758274e-06,7.37112479e-05
113,1687687800,0.00996560597,0.010097735140000001,-0.0303853485,-1.36820649,0.154429712,0.08750790990000001,0.1314415094,0.122066227,0.000501437976,0.004889480239999999,0.000132295902,2.8037370900000002e-08,3.0301980500000004e-08,3.7407074369999995e-08,6.876282909999999e-08,8.13627531e-08,1.007255067e-07,1.8298095719999998e-07,0.0049619112,1.517468595e-05,4.97082258e-06,68.54803280000002,49.0526793,3.400646690000001e-07,6.4600421699999995,0.0015811479099999998,0.1095842708,7.11145107e-05,3.823920739999999e-06,0.0032316412999999996,0.438437768,7.11145107e-05,3.823920739999999e-06,0.0115837118,4.1231081199999995,7.11145107e-05,3.823920739999999e-06,0.000265100252,0.170076001,7.11145107e-05,3.823920739999999e-06,0.011495193,5.21103531e-07,0.000132621457,1.1335897516,64.93547363100001,-0.00373360789,-0.01063994415,-0.01086847225,3.5976165299999997e-06,6.733879180000001e-05
113,1687688400,0.0074711367599999984,0.007603508909999999,-0.0373876946,-1.2937570100000002,0.141829327,0.0748741876,0.11332845949999999,0.10369066549999999,0.000437071249,0.004063535169999999,0.000132478142,2.395107573e-08,2.4721401300000004e-08,2.8081971199999997e-08,4.30162755e-08,5.645192560000001e-08,7.991273259999999e-08,1.83227371e-07,0.00370277788,2.70293951e-05,5.1954602700000006e-06,70.9665011,49.0595467,2.56936646e-07,6.752513089999999,0.00136117881,0.08207122110000001,6.791183889999998e-05,3.2158628900000003e-06,0.00277296796,0.32670899,6.791183889999998e-05,3.2158628900000003e-06,0.011585846549999999,4.10155275,6.791183889999998e-05,3.2158628900000003e-06,0.000246161492,0.1446498241,6.791183889999998e-05,3.2158628900000003e-06,0.01150761465,3.2924317799999994e-07,0.000132752085,-0.3374753322,4.1199224144,-0.007793997159999999,-0.010783346400000001,-0.0109571124,3.14866203e-06,6.66612706e-05
113,1687689000,0.006594065289999999,0.006726229459999999,-0.026598533400000002,-1.34391439,0.127466392,0.07154173239999999,0.10657825359999999,0.09885301810000001,0.000282519806,0.0031926385799999997,0.000132398187,2.5398927850000006e-08,2.7811760949999997e-08,2.9290949349999997e-08,5.2264347099999994e-08,6.90929459e-08,7.538635590000001e-08,1.507896802e-07,0.0032670022300000006,2.4559068200000006e-05,4.76527606e-06,71.4569065,48.8794472,2.2776693700000004e-07,6.74921335,0.00131326784,0.07541488760000001,7.413632940000002e-05,4.52143022e-06,0.0026342109500000002,0.289625741,7.413632940000002e-05,4.52143022e-06,0.0115571874,4.0594090000000005,7.413632940000002e-05,4.52143022e-06,0.00023786108499999998,0.106719965,7.413632940000002e-05,4.52143022e-06,0.01150139065,6.69723938e-07,0.000132930154,-0.6453564363,10.546900251600002,-0.00580999986,-0.010664030199999999,-0.010885504649999999,4.52071745e-06,7.43939369e-05
113,1687689600,0.0061122780299999995,0.00624524704,-0.00991794473,-1.5038276700000002,0.1180161015,0.07054217850000001,0.09675295260000001,0.0898902454,0.000278485315,0.0029923638899999995,0.000133102238,3.0061712579999996e-08,3.2052400399999997e-08,3.63644614e-08,5.2137238200000005e-08,6.32594635e-08,9.39810679e-08,1.653340517e-07,0.0029946198199999998,5.70285548e-05,3.8456692e-06,71.16842019999999,49.8787576,2.11762198e-07,6.665010960000001,0.00126239513,0.06716162430000001,6.823875589999999e-05,3.2800432199999996e-06,0.0025001014000000004,0.26358726099999996,6.823875589999999e-05,3.2800432199999996e-06,0.011616997600000002,4.148090429999999,6.823875589999999e-05,3.2800432199999996e-06,0.000237606154,0.17926280729000002,6.823875589999999e-05,3.2800432199999996e-06,0.0115305306,3.1516926900000003e-07,0.000133268881,-0.5235255672,6.802107431399999,-0.00826780322,-0.010815167950000001,-0.0109909806,3.04799724e-06,6.47687492e-05
113,1687690200,0.00481696926,0.00494938826,-0.0209022722,-1.35809196,0.1118284114,0.062096065,0.0899652455,0.0813774832,0.00027625201900000003,0.00251291881,0.00013258088199999998,1.584238125e-08,1.3999931439999999e-08,1.687045937e-08,3.16084694e-08,3.16957378e-08,4.8140274600000004e-08,8.8336579e-08,0.00232846289,7.643786699999999e-05,3.15568539e-06,75.5690533,50.584917,1.68822813e-07,6.6524251,0.00112098957,0.0526066983,7.239520590000001e-05,4.234868520000001e-06,0.00221511266,0.20362797800000002,7.239520590000001e-05,4.234868520000001e-06,0.01153470635,4.00454723,7.239520590000001e-05,4.234868520000001e-06,0.00019115505900000002,0.061164840199999994,7.239520590000001e-05,4.234868520000001e-06,0.011509792699999999,4.1209075399999996e-07,0.000132887993,-1.06740165,9.144969897000001,-0.0081568126,-0.01074818885,-0.01093781545,4.3136467799999995e-06,7.452151169999999e-05
113,1687690800,0.005852129700000001,0.00598381587,-0.0172141754,-1.2082028000000002,0.13294156299999998,0.0662049609,0.10286563900000001,0.0932653488,0.000317957948,0.0031206449400000003,0.00013195049199999997,6.700164088e-08,3.4948354870000004e-08,3.79040604e-08,5.211980345000001e-08,5.6478192800000006e-08,7.75396635e-08,1.443684012e-07,0.00286254136,5.85830967e-05,4.16240981e-06,73.43929349999999,49.8852093,2.0302548700000003e-07,6.74117482,0.00122360324,0.06657643999999999,7.42692154e-05,4.39419658e-06,0.0024624691900000002,0.253910504,7.42692154e-05,4.39419658e-06,0.011526194900000002,4.0252054,7.42692154e-05,4.39419658e-06,0.00020883573399999998,0.08983233859999999,7.42692154e-05,4.39419658e-06,0.01148164245,8.17130609e-07,0.000132463212,0.20434749746,27.504859634900004,-0.0036642818300000003,-0.0106890379,-0.010890022550000001,4.78530167e-06,7.51338777e-05
113,1687691400,0.005529548319999999,0.00566157894,-0.01201428863,-1.37435524,0.1179035995,0.0663929503,0.0964904459,0.088877712,0.000269838001,0.00279562723,0.000132104953,1.8564655130000003e-08,1.850593928e-08,2.195918958e-08,3.4524682800000005e-08,6.931993190000001e-08,6.92329202e-08,1.3608462599999998e-07,0.002699169299999999,6.0852625600000006e-05,4.26852316e-06,73.90769300000001,49.965686100000006,1.9236019700000004e-07,6.66609703,0.00120681934,0.0616512969,6.352547770000001e-05,2.7645849100000003e-06,0.0023958197199999997,0.23838120200000007,6.352547770000001e-05,2.7645849100000003e-06,0.0115347235,4.02713728,6.352547770000001e-05,2.7645849100000003e-06,0.00019492415600000002,0.08883210254,6.352547770000001e-05,2.7645849100000003e-06,0.011491102750000001,2.57693083e-07,0.000132303491,-0.25015406308,1.4291567446999998,-0.0091948378,-0.0107394044,-0.01090415565,2.72092499e-06,6.20392646e-05
113,1687692000,0.00730775486,0.00743942764,-0.021869456599999997,-1.4750383999999996,0.127878904,0.0775827526,0.1087158192,0.10234062520000001,0.00012745142850000002,0.00328899684,0.000131972092,2.85378325e-08,2.5558852579999997e-08,2.635884276e-08,5.22800184e-08,4.942019824999999e-08,8.02316376e-08,1.718202229e-07,0.00357125991,7.74758825e-05,4.3548228699999995e-06,73.9340246,50.4083746,2.5165773300000005e-07,6.492835729999999,0.0014066910300000002,0.0822850056,7.85856756e-05,5.1569950999999995e-06,0.0027667791999999997,0.314998004,7.85856756e-05,5.1569950999999995e-06,0.011556387750000001,4.1083095499999995,7.85856756e-05,5.1569950999999995e-06,0.000281313942,0.1785023544,7.85856756e-05,5.1569950999999995e-06,0.0114767873,7.77294402e-07,0.00013249559100000002,-1.6383520034,15.839491956,-0.00658614397,-0.010536382799999999,-0.01083352705,5.24280983e-06,7.95641452e-05
113,1687692600,0.00749302545,0.00762451748,-0.0232076807,-1.47354194,0.1259663445,0.07847311140000002,0.1105533759,0.10399067430000002,0.00014671042249999998,0.00334197825,0.000131874296,2.11718254e-08,2.5493690369999996e-08,2.8616804199999998e-08,3.36676389e-08,4.71035521e-08,8.56703041e-08,1.3631565239999998e-07,0.00365093657,9.019955500000001e-05,4.5739019700000005e-06,73.6222221,50.7383064,2.5761363000000003e-07,6.63691778,0.00140899019,0.0819267579,7.31602933e-05,4.56237381e-06,0.0027950475700000005,0.32165798399999995,7.31602933e-05,4.56237381e-06,0.0115326663,4.07949684,7.31602933e-05,4.56237381e-06,0.000265268427,0.14964883229999998,7.31602933e-05,4.56237381e-06,0.0114671217,9.134073620000001e-07,0.000132409217,-2.7818710203,100.81147774579999,-0.006934916670000001,-0.01046675205,-0.010787937349999999,4.707216859999999e-06,7.335604829999999e-05
113,1687693200,0.008168053790000001,0.00830012537,-0.013251643060000002,-1.42804445,0.1422418417,0.0809409398,0.11516601550000001,0.1054157175,0.0004407697238999999,0.00436980853,0.000132359726,3.350998943999999e-08,3.80512437e-08,3.689520435e-08,5.43278244e-08,6.837098749999999e-08,1.0295167369999999e-07,1.796758897e-07,0.0039899645,8.837926060000001e-05,4.74612896e-06,73.1739637,50.61879649999999,2.8015922199999997e-07,6.591094419999999,0.00145581489,0.09000736129999999,7.701611280000001e-05,4.873121949999999e-06,0.0028939605,0.35265445399999995,7.701611280000001e-05,4.873121949999999e-06,0.01154869825,4.06622662,7.701611280000001e-05,4.873121949999999e-06,0.00022402298600000004,0.1061537043,7.701611280000001e-05,4.873121949999999e-06,0.011491707899999998,6.90872768e-07,0.00013274673,0.20528193839999997,31.920183707000007,-0.00514852847,-0.010644960049999999,-0.010877882699999999,4.7382794199999995e-06,7.60190389e-05
113,1687693800,0.008778431100000001,0.0089105694,0.00596360172,-1.36930727,0.148992047,0.08355071350000001,0.1271663805,0.11764108960000001,0.00019779541399999998,0.00389790402,0.000132269817,4.650797633999999e-08,5.7897807270000005e-08,5.056168869999999e-08,1.0074945300000001e-07,2.05120179e-07,1.5142466476999998e-06,2.2907582460000005e-07,0.004245445919999999,0.000136465422,4.92208277e-06,73.84217470000002,51.6627463,3.00308678e-07,6.60580954,0.0017173073599999998,0.14697872,6.8022952e-05,2.9993340300000002e-06,0.00301807535,0.377870667,6.8022952e-05,2.9993340300000002e-06,0.011577842750000001,4.14396833,6.8022952e-05,2.9993340300000002e-06,0.000282281354,0.21545806799999995,6.8022952e-05,2.9993340300000002e-06,0.0114933962,1.070764966e-06,0.000133089663,1.9843907933,56.452414445,-0.00018075146999999914,-0.01043482275,-0.0106893198,2.8990598e-06,6.28143299e-05
113,1687694400,0.007966295000000002,0.00809834985,-0.00938631061,-1.3321528499999997,0.143404378,0.0793916232,0.12150371010000001,0.1125034337,0.0001734972984,0.00360467669,0.00013232141400000002,4.0455024100000003e-08,4.1275220300000006e-08,4.60759314e-08,7.11696928e-08,9.568135499999999e-08,1.06585418e-07,1.96986039e-07,0.00383243525,0.00014501283600000002,4.706023920000001e-06,73.52910449999999,52.0185242,2.73302475e-07,6.7614712400000005,0.00146566362,0.0899855131,7.712078610000002e-05,4.91410969e-06,0.00287684306,0.34184071,7.712078610000002e-05,4.91410969e-06,0.01158216615,4.137373609999999,7.712078610000002e-05,4.91410969e-06,0.000263722987,0.1901251502,7.712078610000002e-05,4.91410969e-06,0.0114823238,6.415735950000002e-07,0.000132409311,0.6686881594,13.1008055966,-0.00427391634,-0.010567930599999999,-0.0108015822,3.6571737299999997e-06,6.41320765e-05
113,1687695000,0.00629234199,0.0064243753800000015,0.001353916899999999,-1.4883264500000002,0.1210161954,0.0725837816,0.10159060149999999,0.09341535110000002,0.000185716569,0.0029601041099999994,0.00013225783699999998,2.1664620600000004e-08,2.462945768e-08,2.5551762e-08,3.8846373400000006e-08,5.34046857e-08,8.82054157e-08,1.365098876e-07,0.00299162708,0.00014951641800000002,4.4030544700000005e-06,76.0661724,52.732079299999995,2.1774332499999998e-07,6.67151612,0.0013118773600000002,0.07142945040000001,7.817565900000001e-05,4.82464143e-06,0.00253197768,0.266001756,7.817565900000001e-05,4.82464143e-06,0.011539823000000001,4.05183053,7.817565900000001e-05,4.82464143e-06,0.00019386510299999998,0.094428507,7.817565900000001e-05,4.82464143e-06,0.011496548399999997,5.871384150000001e-07,0.00013275820599999998,-0.4300235958,13.0373260832,-0.0067825939000000016,-0.010710125000000001,-0.01090720745,4.8628556900000005e-06,7.73857089e-05
113,1687695600,0.0062516367099999985,0.0063835490100000005,0.01021256098,-1.045306317,0.13669167200000001,0.0676150433,0.1143409895,0.10324065229999999,0.000227911898,0.0029660167100000003,0.000132415885,1.8635635859999998e-08,1.8905230420000003e-08,2.257300005e-08,4.07776202e-08,5.1547100900000006e-08,6.87731504e-08,1.319465374e-07,0.0028835079100000003,0.00023617035999999998,5.26053478e-06,80.05749720000001,55.454618700000005,2.1624107699999997e-07,6.805199189999999,0.00126143881,0.0684320401,9.123634430000001e-05,6.9729762e-06,0.0024693287600000002,0.25424932499999997,9.123634430000001e-05,6.9729762e-06,0.011557085049999999,4.1097949499999995,9.123634430000001e-05,6.9729762e-06,0.000254320675,0.16146020369999997,9.123634430000001e-05,6.9729762e-06,0.0114849996,1.1178951359999999e-06,0.00013302283399999998,-0.7226700426000001,6.3186219781999995,-0.007101404053000001,-0.0103920111,-0.01076843415,6.73674689e-06,8.59356583e-05
113,1687696200,0.00510026743,0.0052328335400000005,0.007010343800000001,-1.25049644,0.12229123559999999,0.0639504886,0.09896552130000001,0.0869651558,0.00022134334500000002,0.0025203072399999998,0.00013264706800000003,1.102297166e-08,1.10653542e-08,1.4930652279999997e-08,2.23009791e-08,3.0916394e-08,4.43311839e-08,8.338417590000001e-08,0.00224326034,0.000303570325,2.99674719e-06,85.30283750000001,59.3780174,1.78132467e-07,6.62137185,0.00115828126,0.0555942681,6.673771630000001e-05,2.91127456e-06,0.00217140253,0.196605961,6.673771630000001e-05,2.91127456e-06,0.011595873650000001,4.12223914,6.673771630000001e-05,2.91127456e-06,0.000231377631,0.17400621609999997,6.673771630000001e-05,2.91127456e-06,0.011516523499999999,2.30914994e-07,0.000132861602,-0.18843685870000002,1.6081598653,-0.009503527590000001,-0.0108336182,-0.0109991808,2.74329591e-06,6.20198558e-05
113,1687696800,0.0027750987699999997,0.0029068430700000003,-0.0007824834300000003,-0.743875321,0.0984780059,0.044200190900000005,0.0776648726,0.06588950950000001,0.0001227118062,0.00139053159,0.00013192105399999996,1.0902178359999999e-08,1.3084616790000001e-08,1.7008496e-08,2.1684108550000005e-08,1.222151131e-07,5.6967997e-08,6.9692691e-08,0.0010509772460000001,0.00033384326000000005,2.22600065e-06,90.4509214,68.82220219999999,1.007454004e-07,6.893196039999999,0.0008739572140000001,0.036181178999999994,7.12552783e-05,3.9536933599999996e-06,0.00147913344,0.09273274229999999,7.12552783e-05,3.9536933599999996e-06,0.011524982199999999,4.0276701,7.12552783e-05,3.9536933599999996e-06,0.000187562105,0.08372315348,7.12552783e-05,3.9536933599999996e-06,0.011476334449999999,5.32837135e-07,0.000132237955,-0.42211718439999996,5.712381565,-0.007390620790000001,-0.01071595645,-0.0109146468,3.9978551999999996e-06,7.026298659999999e-05
113,1687697400,0.00328471965,0.0034166451099999994,-0.01919445407,-0.5364979249999999,0.1114909015,0.0462557011,0.08764017340000001,0.0745897784,0.0001954726881,0.00175949719,0.00013208131399999998,1.561822658e-08,2.3099037150000002e-08,3.63425587e-08,3.374232585000001e-08,8.45688507e-08,9.798086399999999e-08,1.1965776640000003e-07,0.0012753136290000002,0.000363466695,2.9962248100000006e-06,88.0939323,67.6744626,1.1759717260000002e-07,6.96127633,0.0009135553410000001,0.0448613306,6.51683059e-05,3.49668821e-06,0.00162736348,0.11232496570000002,6.51683059e-05,3.49668821e-06,0.011537220300000001,4.03618572,6.51683059e-05,3.49668821e-06,0.000196065153,0.0875935593,6.51683059e-05,3.49668821e-06,0.011490938650000001,4.818430029999999e-07,0.000132525771,0.08377468310000001,6.382511767999999,-0.007235365120000001,-0.010640053850000001,-0.01086292355,3.39578766e-06,6.478779850000001e-05
113,1687698000,0.00267412345,0.00280661119,-0.01712154837,-0.6154432959999999,0.0971279664,0.042504067199999995,0.07702734979999999,0.06491448200000001,0.00015963524630000002,0.0014028980400000001,0.000132531567,9.90919992e-09,1.117604712e-08,1.131801799e-08,1.7597644100000004e-08,5.952614439999999e-08,4.22934904e-08,8.61811571e-08,0.001054223572,0.000280139117,2.40923544e-06,89.3671914,65.3734365,9.740490279999999e-08,6.92397697,0.0007915218599999999,0.0324920018,5.9876309500000004e-05,2.2699561200000004e-06,0.00148064381,0.09341604509999998,5.9876309500000004e-05,2.2699561200000004e-06,0.011543057,4.02019129,5.9876309500000004e-05,2.2699561200000004e-06,0.0001617866901,0.07312883656,5.9876309500000004e-05,2.2699561200000004e-06,0.011513353399999999,2.02758363e-07,0.00013276142500000002,-0.4695780026999999,9.425029852769999,-0.009590676400000001,-0.0108062038,-0.010964808900000001,2.2458229e-06,5.915363609999999e-05
113,1687698600,0.00318373937,0.00331555795,0.004681504320000001,-0.705715313,0.11145340270000001,0.04687726629999999,0.08467758410000001,0.0719271955,0.00018445038799999998,0.0016997239900000002,0.00013190899199999996,9.572075060000001e-09,8.928681219999999e-09,1.240294278e-08,2.230088795e-08,3.60039578e-08,5.30832419e-08,7.44832797e-08,0.001173123723,0.00041447335500000005,3.91729407e-06,91.54272500000002,70.55077209999999,1.1424740589999999e-07,6.8762709,0.0008521947339999999,0.03772547450000001,6.56718955e-05,2.9783213199999998e-06,0.0015720867699999998,0.10371842100000002,6.56718955e-05,2.9783213199999998e-06,0.0115639325,4.102628269999999,6.56718955e-05,2.9783213199999998e-06,0.00022726441600000002,0.17048728689999998,6.56718955e-05,2.9783213199999998e-06,0.0114942328,2.5712045100000006e-07,0.000132376458,-0.10973261780000003,5.095253093669999,-0.00852923833,-0.010794567099999998,-0.01095499435,2.84067839e-06,6.25112238e-05
113,1687699200,0.0033193736600000004,0.0034513292899999992,-0.01189992058,-0.9688870310000001,0.105828228,0.049676037400000005,0.0818274987,0.0685895926,0.00020949155309999998,0.00175663739,0.000132040131,1.996841547e-08,1.680716e-08,1.9059277259999997e-08,3.20876975e-08,4.01445161e-08,5.3694023200000005e-08,9.47138379e-08,0.001269064298,0.000386542406,3.71813369e-06,87.7309931,69.422083,1.187879627e-07,6.894192800000001,0.000847855271,0.0371526113,6.542602620000001e-05,3.04654688e-06,0.00160383896,0.110888761,6.542602620000001e-05,3.04654688e-06,0.0115524052,4.07128199,6.542602620000001e-05,3.04654688e-06,0.000227806967,0.1441427092,6.542602620000001e-05,3.04654688e-06,0.01148021145,2.1388304440000004e-07,0.00013200569500000002,0.2825865879,16.917232441200003,-0.008072036360000001,-0.0107903933,-0.01095931555,2.76910779e-06,6.16547111e-05
113,1687699800,0.00293504776,0.00306662511,-0.023121247350000002,-0.5209950429999999,0.10384066959999998,0.0437826583,0.082952534,0.0684395894,0.0001540279619,0.00147015897,0.000131646397,1.020789173e-08,1.153881846e-08,1.1868506969999999e-08,1.50526035e-08,2.31366443e-08,2.9813701400000006e-08,5.393478790000001e-08,0.001023978706,0.000439346113,3.9723672199999995e-06,94.391651,74.37008089999999,1.060800154e-07,6.781128150000001,0.000798910129,0.0337836623,6.34985023e-05,2.7243075399999997e-06,0.0014556026499999999,0.09028562250000001,6.34985023e-05,2.7243075399999997e-06,0.01153232825,4.03513476,6.34985023e-05,2.7243075399999997e-06,0.00019900428199999998,0.1009546271,6.34985023e-05,2.7243075399999997e-06,0.011469162599999999,2.1901297199999998e-07,0.00013176218700000001,-0.6386307363,16.300809996000005,-0.00869445712,-0.01082136125,-0.0109827894,2.67109742e-06,6.202794269999999e-05
113,1687700400,0.00268144924,0.0028136787099999998,-0.006888222716,-0.9971457430000001,0.0988530181,0.044728240700000005,0.0710271678,0.058951801000000005,0.0001325110077,0.00140066802,0.00013227183000000004,1.1963014809999999e-08,1.3095668899999999e-08,1.4947921890000004e-08,2.048124135e-08,2.3895546700000004e-08,3.58622054e-08,5.2511237599999996e-08,0.0008200547060000001,0.0005170049139999999,3.4475931899999995e-06,97.4690765,81.1896634,9.760106539999999e-08,6.970455230000001,0.000784456662,0.0319111378,6.0474619e-05,2.2786951300000002e-06,0.0013078901199999999,0.0720865679,6.0474619e-05,2.2786951300000002e-06,0.0115538993,4.0526678899999995,6.0474619e-05,2.2786951300000002e-06,0.000199284095,0.11521652150000002,6.0474619e-05,2.2786951300000002e-06,0.011501581050000001,2.0292768200000004e-07,0.000132448736,2.7811303045999995,140.33597382379997,-0.005390894299999999,-0.010877044950000001,-0.0110211284,2.31120421e-06,6.0199548399999996e-05
113,1687701000,0.0023218533899999998,0.00245380173,-0.005230331170000001,-0.8997874490000001,0.08561511340000001,0.0410246505,0.0674645591,0.0556141977,0.000106944556,0.001155891669,0.000131983899,7.52337161e-09,5.96567357e-09,7.20648527e-09,1.19532058e-08,2.4580824200000004e-08,2.61551528e-08,4.739362050000001e-08,0.000664945931,0.000492316032,3.4646771300000003e-06,98.469878,84.664519,8.560873379999998e-08,6.889890940000001,0.000731980207,0.027025239,6.01725819e-05,2.14315217e-06,0.001158275223,0.059163332299999996,6.01725819e-05,2.14315217e-06,0.01153719255,4.04058885,6.01725819e-05,2.14315217e-06,0.00019129015560000003,0.11306440809999999,6.01725819e-05,2.14315217e-06,0.011486304400000003,1.385099145e-07,0.00013207501200000003,-0.02478022967,0.6689181671,-0.009750470850000002,-0.010887867300000001,-0.011025031199999999,2.02123235e-06,5.75486095e-05
113,1687701600,0.0026787605000000003,0.00281013482,0.00140817391,-0.9887765060000001,0.09274033290000001,0.044259458700000004,0.072302205,0.0604893476,6.86957328e-05,0.00126434841,0.000131411648,9.79644513e-09,8.8739114e-09,1.3451199419999998e-08,1.65381857e-08,2.240600825e-08,3.29344238e-08,4.76349061e-08,0.000687056692,0.000648990271,3.1104777099999995e-06,100.52690900000002,90.7211923,9.748338729999999e-08,6.731381430000001,0.0007988563019999999,0.0313699685,6.102936350000001e-05,2.1546362e-06,0.00120254275,0.0615463968,6.102936350000001e-05,2.1546362e-06,0.0115242397,4.04785385,6.102936350000001e-05,2.1546362e-06,0.000202731196,0.1214700053,6.102936350000001e-05,2.1546362e-06,0.011459871,1.482222915e-07,0.00013147739099999997,-0.027622076100000004,0.17946630339999997,-0.009913231500000001,-0.0108300483,-0.01096782015,2.01390652e-06,5.764050140000001e-05
113,1687702200,0.00265103886,0.0027829806800000003,-0.0483738114,-0.5006621470000001,0.1018531093,0.041798478300000004,0.0793524221,0.06390195209999999,6.55701278e-05,0.0012607018299999999,0.00013222933899999998,1.7119533770000003e-08,2.0767689880000003e-08,1.9000364360000002e-08,2.5608677e-08,6.64356104e-08,2.9525994029999996e-07,5.6831193700000005e-08,0.0006763335240000001,0.000644376546,4.00678251e-06,99.72102500000001,90.21071099999999,9.64740571e-08,7.015617450000001,0.000829165756,0.039514328,8.174655510000001e-05,5.46393292e-06,0.00120362127,0.0610531017,8.174655510000001e-05,5.46393292e-06,0.011560251550000001,4.09135158,8.174655510000001e-05,5.46393292e-06,0.00023784360000000002,0.14049156670000001,8.174655510000001e-05,5.46393292e-06,0.011465427,7.03614795e-07,0.00013213924,1.6410172299999999,77.330213646,-0.0042338826779999995,-0.010565438199999999,-0.01083786025,4.381209020000001e-06,7.26245655e-05
113,1687702800,0.00244338037,0.00257485122,-0.046166584600000005,-0.47927653000000003,0.0961154346,0.03977992629999999,0.0754148034,0.06131437120000001,6.51883029e-05,0.0011844326200000001,0.00013155618900000002,1.59146144e-08,1.91178067e-08,2.10567307e-08,3.6184134800000005e-08,1.120476527e-07,6.213120569999998e-08,1.0191032470000002e-07,0.000613623795,0.000603645032,3.95686363e-06,97.4732573,91.47075570000001,8.95863745e-08,7.21610584,0.0008399624289999999,0.0352351704,6.35282737e-05,2.8476720300000003e-06,0.001122267783,0.055758543199999996,6.35282737e-05,2.8476720300000003e-06,0.011538858,4.06036823,6.35282737e-05,2.8476720300000003e-06,0.000203117554,0.134734157,6.35282737e-05,2.8476720300000003e-06,0.0114695451,4.32664882e-07,0.00013197108,0.62949755759,32.49323827446,-0.004924611109999999,-0.010557634150000002,-0.010773471699999999,2.85660615e-06,6.21384078e-05
113,1687703400,0.0022325526800000004,0.0023640983599999997,-0.0171619204,-0.8021831629999999,0.08651514099999999,0.0400006375,0.0682895849,0.0544141603,5.87496129e-05,0.0010605897270000002,0.000131586793,1.222596844e-08,1.4235205820000002e-08,3.136546166e-08,1.984320635e-08,3.60039455e-08,3.1741355000000003e-08,4.376355620000001e-08,0.00038437133100000003,0.000728660309,2.9747025e-06,105.3054866,103.98265599999999,8.26237654e-08,7.00308525,0.000753219848,0.027895216499999997,6.28287738e-05,2.3298221000000002e-06,0.0008962905349999999,0.035419593799999996,6.28287738e-05,2.3298221000000002e-06,0.011534408900000001,4.06659177,6.28287738e-05,2.3298221000000002e-06,0.00020054226700000002,0.151907481,6.28287738e-05,2.3298221000000002e-06,0.0114707028,2.5729739699999994e-07,0.00013180011700000003,1.7438292936299997,74.234700646,-0.005559929670000001,-0.010800059499999999,-0.010958836349999999,2.18310838e-06,5.906443069999999e-05
113,1687704000,0.00183499047,0.00196687473,-0.008881706056000003,-1.070042984,0.07466477769999999,0.0376505897,0.0573767516,0.046688925400000005,2.91951944e-05,0.000858700546,0.00013192107,5.200544039999999e-09,4.99797809e-09,1.02807417e-08,1.042775705e-08,2.1335606100000002e-08,2.32462007e-08,3.4614368300000005e-08,0.000153096746,0.000761140227,3.09386523e-06,111.79341360000001,116.81418640000001,6.946562549999999e-08,7.0391987600000006,0.000693870707,0.022350849900000004,5.8786689799999993e-05,2.16138512e-06,0.0005623162869999999,0.01422225363,5.8786689799999993e-05,2.16138512e-06,0.011534275799999999,4.0294916,5.8786689799999993e-05,2.16138512e-06,0.0001761313171,0.09461546602200001,5.8786689799999993e-05,2.16138512e-06,0.01148556275,1.5333966200000001e-07,0.00013207234800000002,-0.023775646310000002,1.7607788376000002,-0.00945315224,-0.010856440800000002,-0.0109975726,2.1040282599999997e-06,5.8341983599999994e-05
113,1687704600,0.0023531728799999997,0.00248546609,-0.01587504563,-1.035671767,0.08411506799999999,0.042115757200000006,0.06675203830000001,0.0556141973,3.46103886e-05,0.00106922206,0.00013233140800000001,3.65280389e-09,4.19784507e-09,9.632557650000001e-09,8.1241705e-09,1.41987407e-08,1.9608633460000002e-08,3.12180093e-08,0.000257977276,0.0009154546810000001,3.0255934800000004e-06,108.62912200000001,116.02086779999999,8.682640480000001e-08,6.950358659999999,0.0007716987280000002,0.027482132799999996,6.25561186e-05,2.3845367500000003e-06,0.000708183586,0.0230851708,6.25561186e-05,2.3845367500000003e-06,0.0115726761,4.08666462,6.25561186e-05,2.3845367500000003e-06,0.000190486177,0.13516229568,6.25561186e-05,2.3845367500000003e-06,0.0115005395,1.38364451e-07,0.000132401512,0.041381579300000006,0.06476632099999999,-0.009955602099999999,-0.0108835878,-0.0110216621,2.18260854e-06,5.802426170000001e-05
113,1687705200,0.0030079924800000004,0.0031398721500000004,-0.015043263800000001,-0.9362859539999999,0.0969404596,0.0464979467,0.07845239500000001,0.06457697170000001,5.88860021e-05,0.0013691839800000001,0.000131917139,4.85876808e-09,5.31926266e-09,1.08507453e-08,9.377917449999999e-09,1.493253075e-08,2.2750698499999998e-08,3.76695086e-08,0.0005164804369999999,0.00098570907,1.65854582e-06,109.1869814,106.76918049999999,1.0833746109999997e-07,6.841739169999999,0.000873388223,0.034249844,6.24423958e-05,2.34952537e-06,0.0010404065919999998,0.0460589331,6.24423958e-05,2.34952537e-06,0.0115437997,4.060691230000001,6.24423958e-05,2.34952537e-06,0.00018530577909999998,0.12689911300000004,6.24423958e-05,2.34952537e-06,0.01147789865,1.35887801e-07,0.00013187829100000002,0.032526555299999996,0.21406267959999997,-0.00973331145,-0.010871365000000001,-0.0110049018,2.11478441e-06,5.78778158e-05
113,1687705800,0.00410221418,0.00423426456,-0.0286989313,-0.780813277,0.11700357310000001,0.05298489769999999,0.09795299099999999,0.07886490830000001,9.02065438e-05,0.0018588261699999998,0.000132093984,8.732881600000001e-09,9.09308588e-09,1.63396309e-08,1.5145829039999997e-08,2.1909472e-08,3.16481603e-08,5.66149109e-08,0.001045808665,0.00100341736,1.65851671e-06,102.942816,93.7449274,1.447913076e-07,6.79222412,0.001021053939,0.0456025405,7.00154751e-05,2.85106314e-06,0.0014895700400000002,0.09370536580000001,7.00154751e-05,2.85106314e-06,0.0116042946,4.21823893,7.00154751e-05,2.85106314e-06,0.00025419945440000003,0.2891654831,7.00154751e-05,2.85106314e-06,0.0114865083,1.42689453e-07,0.00013208407200000002,0.023730668400000002,0.3221415194,-0.0096721807,-0.010866774749999999,-0.011005788499999999,2.2022133500000002e-06,5.82030004e-05
113,1687706400,0.00281326201,0.0029452376900000006,-0.0231144477,-0.8568533,0.0960029312,0.0445508052,0.07803988220000001,0.0613893743,6.02609329e-05,0.0012941328200000001,0.000132017488,8.940680620000001e-09,8.83044496e-09,1.537447334e-08,1.4909334439999998e-08,2.13560424e-08,3.22186493e-08,5.48998188e-08,0.0006173020390000001,0.0007877622800000001,1.3610755599999998e-06,101.79012299999998,97.27350759999999,1.019741535e-07,6.75597303,0.0008539004819999999,0.0322881177,6.55735116e-05,2.52226288e-06,0.0011452867359999998,0.0548951374,6.55735116e-05,2.52226288e-06,0.011578235400000001,4.13765841,6.55735116e-05,2.52226288e-06,0.0002245667485,0.2075348914,6.55735116e-05,2.52226288e-06,0.01148682705,1.36542137e-07,0.00013208418899999998,0.0350944862,0.20429366360000004,-0.009820345149999998,-0.01087793615,-0.011017742300000001,2.1767472900000005e-06,5.789179980000001e-05
113,1687707000,0.00242536189,0.0025569645299999997,-0.026691135300000002,-0.941822999,0.08520260040000001,0.041825262599999996,0.06918961440000002,0.056401720999999995,4.749209079999999e-05,0.001124146727,0.000131638576,5.40811046e-09,5.08696469e-09,1.021750957e-08,9.611640330000001e-09,1.4433722700000001e-08,2.23288638e-08,3.49739127e-08,0.0004457370130000001,0.0007653661759999999,1.43644867e-06,107.17335099999998,102.4809634,8.91061607e-08,6.92916855,0.000791647534,0.0279698215,6.609374779999999e-05,2.49011962e-06,0.0009704202650000001,0.0397495402,6.609374779999999e-05,2.49011962e-06,0.011555533699999999,4.123378880000001,6.609374779999999e-05,2.49011962e-06,0.000219651003,0.2090876503,6.609374779999999e-05,2.49011962e-06,0.011474143449999998,1.2632297800000004e-07,0.000131782798,0.005913655610000001,0.2902420038,-0.00981419595,-0.010888248699999999,-0.011023093850000002,2.05851637e-06,5.80620591e-05
113,1687707600,0.00212361869,0.0022557122400000003,-0.018789556219999996,-1.035883666,0.08006494299999999,0.0396680295,0.0625519083,0.051226564499999995,4.42909394e-05,0.001004571415,0.00013212913400000002,4.583149419999999e-09,4.11666644e-09,1.45489586e-08,8.545282419999998e-09,1.321698649e-08,2.15556284e-08,2.94914861e-08,0.000332274487,0.000727951199,1.4494406e-06,111.5144035,107.15480500000001,7.914691800000002e-08,7.0734787200000016,0.000733427092,0.0249929579,6.26170813e-05,2.27663539e-06,0.000801352629,0.029848198730000004,6.26170813e-05,2.27663539e-06,0.0115726951,4.10068941,6.26170813e-05,2.27663539e-06,0.000213421199,0.16452557839999998,6.26170813e-05,2.27663539e-06,0.0114934153,1.383567346e-07,0.0001322373,0.066681929823,0.1005299122,-0.00976888495,-0.0108835503,-0.0110179964,2.0702708999999994e-06,5.77814637e-05
113,1687708200,0.0025581487599999997,0.00269103927,-0.01014734646,-1.1261704700000001,0.08389006130000001,0.04394409170000001,0.06840208850000001,0.05632671899999999,5.83546464e-05,0.0011963049400000002,0.000132925957,6.85002026e-09,6.609611689999999e-09,8.73273936e-09,1.2498973700000001e-08,1.86900755e-08,2.82732775e-08,4.9680024e-08,0.000652069036,0.0006256510999999999,1.1853815500000001e-06,99.56814,90.41958730000002,9.358189599999999e-08,6.869757219999999,0.000794542266,0.0291252163,6.11320345e-05,2.18088996e-06,0.00116606773,0.057673344800000005,6.11320345e-05,2.18088996e-06,0.011583871150000001,4.080545720000001,6.11320345e-05,2.18088996e-06,0.000199503022,0.12545801380000002,6.11320345e-05,2.18088996e-06,0.0115233536,1.203855483e-07,0.00013290847,0.026257343499999995,0.14113401835,-0.0099711393,-0.0109523656,-0.0110813156,2.0131607700000003e-06,5.78234195e-05
113,1687708800,0.00331973551,0.0034525456199999997,-0.0206659573,-1.08939538,0.0999405524,0.050569567999999995,0.08122747970000001,0.06716455099999999,9.622038910000002e-05,0.0015710328599999996,0.000132852329,1.234095838e-08,1.21062292e-08,1.54316797e-08,2.02952333e-08,3.20709483e-08,4.304349740000001e-08,9.10162748e-08,0.0011689793050000002,0.000489120342,1.49761327e-06,93.7868606,73.88765959999999,1.188649602e-07,6.9573958199999995,0.0009439741330000001,0.037435827500000005,5.893954639999999e-05,2.1403054700000002e-06,0.00157344524,0.102571088,5.893954639999999e-05,2.1403054700000002e-06,0.0115432521,4.007713269999999,5.893954639999999e-05,2.1403054700000002e-06,0.00015134513799999999,0.05362442906,5.893954639999999e-05,2.1403054700000002e-06,0.01152268855,1.33543666e-07,0.000132906259,0.027808476693000007,1.4708962805000003,-0.00936237671,-0.0109279146,-0.01106115425,2.07571868e-06,5.828327409999999e-05
113,1687709400,0.003935897119999999,0.00406783468,-0.0188587277,-0.687605696,0.11741608360000003,0.051724283399999994,0.0967904541,0.08209000550000001,9.09977705e-05,0.00184720604,0.000131981732,1.5180528e-08,1.4646253080000001e-08,1.8655215849999997e-08,2.308600635e-08,3.9727358e-08,5.124045959999999e-08,1.2408155960000002e-07,0.001418177363,0.0005476008579999999,1.83837839e-06,89.8299144,73.52805769999999,1.39259556e-07,6.9625957,0.001002710445,0.0434646957,6.324662169999999e-05,2.3084372300000004e-06,0.00171823727,0.1227184603,6.324662169999999e-05,2.3084372300000004e-06,0.011575867,4.121002870000001,6.324662169999999e-05,2.3084372300000004e-06,0.0002309934184,0.185388355926,6.324662169999999e-05,2.3084372300000004e-06,0.01148937215,1.34422951e-07,0.00013214091699999996,0.02948284689999999,0.3166635112,-0.0097241802,-0.0108853941,-0.01102054345,2.03458718e-06,5.78563968e-05
113,1687710000,0.00412764853,0.0042589598700000005,-0.031942789799999996,-0.42997982200000007,0.12412878890000001,0.0505515394,0.1023781251,0.08677764800000001,0.00010150373200000001,0.0019219678299999998,0.000131351459,1.0680879480000001e-08,9.41725866e-09,1.3085768200000001e-08,1.661613855e-08,2.8677423299999997e-08,3.53955368e-08,9.74375929e-08,0.0014803853839999998,0.000581087296,2.09997522e-06,93.73444320000002,74.4193099,1.45682561e-07,6.80833231,0.000998926004,0.0450434203,6.45348878e-05,2.3998019199999996e-06,0.00175240399,0.12841490809999997,6.45348878e-05,2.3998019199999996e-06,0.011550574400000001,4.114943009999999,6.45348878e-05,2.3998019199999996e-06,0.000232475946,0.19666252199999998,6.45348878e-05,2.3998019199999996e-06,0.01145644375,1.34497965e-07,0.000131384947,-0.015263976722,0.2994385132,-0.009765715850000002,-0.0108553873,-0.010988789699999998,2.05161226e-06,5.767724260000001e-05
113,1687710600,0.0034634633699999993,0.00359476285,-0.07877561130000002,-0.30578989799999995,0.11242843259999999,0.04553721310000001,0.09397787,0.078752405,6.47849307e-05,0.0015996658200000003,0.0001313383,8.190550029999999e-09,7.88085047e-09,1.061750012e-08,1.44182359e-08,2.58606216e-08,3.3300278e-08,8.746244470000001e-08,0.001076677996,0.0006517148970000001,3.10810863e-06,97.06110550000001,81.8247021,1.2349910700000003e-07,6.845853870000001,0.000908755244,0.038948734799999996,5.96681309e-05,2.2108078600000002e-06,0.0015179485900000001,0.0953193273,5.96681309e-05,2.2108078600000002e-06,0.011503082199999999,4.001466519999999,5.96681309e-05,2.2108078600000002e-06,0.000171663358,0.08203546674000001,5.96681309e-05,2.2108078600000002e-06,0.0114589421,1.3574680559999998e-07,0.000131443558,-0.014275914899999997,0.23391408730000002,-0.0097932398,-0.01085968725,-0.010992027599999999,2.08044232e-06,5.75375832e-05
113,1687711200,0.0032499382600000002,0.0033813369999999995,-0.06024649010000001,-0.391234633,0.1098783535,0.045266923599999995,0.08992774540000001,0.07552730540000001,8.229670339999999e-05,0.00148834463,0.00013143922200000002,1.120365977e-08,9.5307448e-09,1.32885704e-08,1.690996225e-08,2.8550104200000004e-08,3.41937533e-08,8.828609909999998e-08,0.00103742809,0.000583523667,3.7537713199999997e-06,97.30936289999998,79.6593633,1.164233819e-07,6.8501961399999995,0.0008905532190000001,0.036021803799999995,6.08474789e-05,2.23937269e-06,0.0014865737500000002,0.09129182799999999,6.08474789e-05,2.23937269e-06,0.01150401945,4.01174737,6.08474789e-05,2.23937269e-06,0.00018621270899999998,0.09750115159999999,6.08474789e-05,2.23937269e-06,0.011462648399999999,1.369592546e-07,0.00013152956599999998,0.026189515900000005,0.255501123,-0.00948638405,-0.010859642550000001,-0.010994476450000002,2.10824838e-06,5.7398199199999996e-05
113,1687711800,0.0033532221799999996,0.0034845579699999997,-0.050372637500000005,-0.353993971,0.1140784837,0.0453688332,0.09229031750000001,0.0774398645,8.70488496e-05,0.0015677167200000002,0.00013137588999999998,1.216307196e-08,9.880517170000001e-09,1.3923270529999998e-08,1.738757865e-08,3.11558618e-08,3.19221174e-08,9.48595515e-08,0.0011460428,0.0005264722380000001,3.844383190000001e-06,93.84623800000001,75.8452559,1.19990907e-07,6.800532890000001,0.0009016532150000001,0.03737777099999999,6.1344276e-05,2.2315077900000002e-06,0.0015552569799999999,0.09976599240000002,6.1344276e-05,2.2315077900000002e-06,0.01150775705,4.01861161,6.1344276e-05,2.2315077900000002e-06,0.00019733019,0.10768186214000001,6.1344276e-05,2.2315077900000002e-06,0.0114597527,1.42861123e-07,0.00013146908699999998,-0.00676225,0.36358100899999996,-0.009592098220000001,-0.0108433501,-0.010981068,2.06060823e-06,5.75474097e-05
113,1687712400,0.0036389069099999997,0.0037703521900000004,-0.0644541512,-0.402874466,0.1121659236,0.0471767884,0.09521540690000001,0.08133998,6.33492963e-05,0.0016192638799999999,0.000131484847,1.1754508929999999e-08,9.940503119999998e-09,1.3643091559999999e-08,1.980836e-08,3.10177708e-08,3.6766810899999995e-08,9.21918517e-08,0.00131389967,0.0005014526520000001,3.82816651e-06,95.36431099999999,72.56149719999999,1.2933635800000002e-07,6.78158626,0.0009523777780000001,0.0411682181,6.350738279999999e-05,2.39123868e-06,0.00168122071,0.1165787889,6.350738279999999e-05,2.39123868e-06,0.0115297182,4.07288928,6.350738279999999e-05,2.39123868e-06,0.000215095738,0.15887490497999998,6.350738279999999e-05,2.39123868e-06,0.011463073700000001,1.5107062e-07,0.000131553993,0.021450279800000006,0.19590132100000002,-0.0097022207,-0.0108259698,-0.010968182900000002,2.04850557e-06,5.7501432e-05
113,1687713000,0.0035697926399999996,0.00370159214,-0.08308048890000001,-0.47770358599999996,0.1123909292,0.0475491772,0.09262782800000001,0.0785273966,9.64941665e-05,0.00164949476,0.000131842363,1.538717856e-08,1.25523205e-08,1.663931645e-08,2.33056499e-08,3.5515968600000005e-08,4.77299926e-08,1.1540292100000002e-07,0.0012893848399999999,0.0004908718779999999,4.323115e-06,91.61170460000001,72.36777469999998,1.27088025e-07,6.9132190399999995,0.0009554020660000001,0.0405983504,6.50431774e-05,2.4467237600000004e-06,0.0016699720799999997,0.11505437850000003,6.50431774e-05,2.4467237600000004e-06,0.01156597765,4.133769490000001,6.50431774e-05,2.4467237600000004e-06,0.000241035359,0.20463979649999997,6.50431774e-05,2.4467237600000004e-06,0.011478918250000001,1.5156099699999998e-07,0.000131917614,0.0472830779834,0.1626164885,-0.0098288027,-0.0108371919,-0.0109826907,2.0984268e-06,5.772708239999999e-05
113,1687713600,0.00460951134,0.004741541619999999,-0.0906900277,-0.5087126909999999,0.126003845,0.0531143261,0.10571572700000001,0.09139029080000001,8.65259079e-05,0.00210147474,0.000132071036,2.4715151499999997e-08,1.511807807e-08,2.1820826800000002e-08,3.16737892e-08,5.17834538e-08,7.93507298e-08,1.99333722e-07,0.0018058846700000001,0.0004932551300000001,5.13255072e-06,88.09060459999998,68.0955554,1.61494044e-07,7.10091725,0.001095273546,0.0548759286,6.11055689e-05,2.2172548e-06,0.00196122142,0.15992875060000003,6.11055689e-05,2.2172548e-06,0.011551098899999999,4.059479489999999,6.11055689e-05,2.2172548e-06,0.000259401259,0.12783223372,6.11055689e-05,2.2172548e-06,0.011488847850000001,2.28895882e-07,0.000132219294,0.4939821663,26.116839135499998,-0.0065601385799999995,-0.01073260155,-0.010904760999999999,2.0677800299999997e-06,5.7915230000000006e-05
113,1687714200,0.004872178760000001,0.005003901999999999,-0.048474274399999996,-0.44246304700000005,0.136991684,0.0538400121,0.11235342960000001,0.09649044539999999,6.425608249999998e-05,0.0021316257700000002,0.000131764526,2.44590043e-08,1.3513038330000002e-08,1.83440521e-08,2.4753136649999998e-08,3.7322768600000005e-08,5.17345571e-08,1.27340629e-07,0.0019080639400000001,0.000524171169,3.4834665799999997e-06,88.9133775,68.00432190000001,1.70289404e-07,6.819436280000001,0.0010768667199999998,0.0536980143,6.357909230000001e-05,2.31499612e-06,0.00202543969,0.168696897,6.357909230000001e-05,2.31499612e-06,0.0115594735,4.1009112100000005,6.357909230000001e-05,2.31499612e-06,0.000289206231,0.18729363059999998,6.357909230000001e-05,2.31499612e-06,0.011477559250000002,1.6653143500000001e-07,0.000131898631,0.34204259299999995,19.611526239885002,-0.00834469927,-0.010830290150000001,-0.01097256475,2.02773435e-06,5.76157111e-05
113,1687714800,0.0064450956899999995,0.00657673173,-0.0575554861,-0.506363801,0.162454957,0.0608704999,0.12742888699999996,0.1112658952,0.0001319772404,0.0028589311799999996,0.00013169619599999997,3.96931915e-08,2.8865475400000003e-08,3.5375511760000006e-08,4.73517692e-08,6.32757721e-08,8.93388902e-08,1.697782225e-07,0.00270566353,0.000513167385,3.1729869e-06,81.58613069999998,64.011302,2.22597207e-07,6.77816358,0.00121652349,0.0721875343,6.21411488e-05,2.40838357e-06,0.00239712365,0.241168394,6.21411488e-05,2.40838357e-06,0.0115334166,4.05138233,6.21411488e-05,2.40838357e-06,0.00025480956399999996,0.12736117409999997,6.21411488e-05,2.40838357e-06,0.011474093099999999,2.48580801e-07,0.00013185511900000002,3.39897319797,150.8108816376,-0.0031881452999999995,-0.0107907951,-0.010950163,2.2713200400000004e-06,5.981428e-05
113,1687715400,0.0086153618,0.00874699105,-0.053218854399999994,-0.6423425309999999,0.16361749799999997,0.0717302676,0.147004487,0.13031647799999999,8.63139558e-05,0.0036939422899999997,0.00013167623300000002,3.2552850899999994e-08,2.1262081850000003e-08,2.7408179800000004e-08,3.89238904e-08,5.62434459e-08,8.106968989999999e-08,1.854577045e-07,0.0037836631,0.0005199891720000001,3.528042e-06,83.1381382,60.31524449999999,2.94698068e-07,6.678139660000001,0.0013948218399999998,0.0929314836,6.663709200000002e-05,2.4574069100000003e-06,0.00285393503,0.33434509,6.663709200000002e-05,2.4574069100000003e-06,0.011577721249999999,4.16459401,6.663709200000002e-05,2.4574069100000003e-06,0.00031183579900000006,0.24779067000000002,6.663709200000002e-05,2.4574069100000003e-06,0.011472531999999999,1.58826584e-07,0.000131778232,0.04925459275,0.11105144979999997,-0.009656886899999998,-0.0108132667,-0.0109624015,2.00057506e-06,5.7141431000000006e-05
113,1687716000,0.006898299710000002,0.00703009052,-0.05701574899999999,-0.592539021,0.15052959100000002,0.0642479298,0.13009147149999997,0.11445349600000002,0.00012963861639999998,0.0030712087099999995,0.000131838428,2.7010499700000004e-08,1.5101471910000002e-08,2.1930631149999997e-08,3.0804345149999996e-08,5.2375925699999996e-08,7.868984970000001e-08,1.94881001e-07,0.00296908841,0.00047549019200000006,4.08051417e-06,84.9507144,61.7706568,2.3747233899999998e-07,6.817000330000001,0.00125738941,0.075461425,6.569598979999999e-05,2.60055993e-06,0.0025054598400000004,0.261198195,6.569598979999999e-05,2.60055993e-06,0.0115714276,4.13373469,6.569598979999999e-05,2.60055993e-06,0.00029273677199999993,0.2078443176,6.569598979999999e-05,2.60055993e-06,0.0114780028,1.8597095e-07,0.00013193188899999998,-0.061624255,1.3115145387999998,-0.009193672250000002,-0.01077885575,-0.0109334822,2.2206322799999997e-06,5.81929846e-05
113,1687716600,0.00500945107,0.0051422755,-0.0481395344,-0.679901366,0.12776640099999997,0.057335290000000004,0.10935333620000001,0.0957404254,7.18217806e-05,0.00224131099,0.00013286985299999998,2.51272777e-08,1.246980063e-08,1.806796139e-08,2.50543707e-08,3.8946294e-08,5.4124615100000005e-08,1.36421339e-07,0.0021147817,0.00038613444900000005,3.44957809e-06,88.14328350000001,62.25176419999999,1.74979936e-07,6.836818429999999,0.0011264706199999998,0.0554603041,6.0879567999999985e-05,2.3160622299999997e-06,0.00212848435,0.186033579,6.0879567999999985e-05,2.3160622299999997e-06,0.011571214800000002,4.0604478,6.0879567999999985e-05,2.3160622299999997e-06,0.000245362761,0.10736402540000001,6.0879567999999985e-05,2.3160622299999997e-06,0.011525251500000002,1.7292104300000001e-07,0.00013300506500000002,0.0527895193,0.0208274598,-0.0097803368,-0.01083604155,-0.0109900443,2.17760498e-06,5.80082297e-05
113,1687717200,0.00459589417,0.00472866678,-0.05678357559999999,-0.757474187,0.11906613400000002,0.05569488530000001,0.10207811439999999,0.08955273449999998,8.33555814e-05,0.0020476324599999996,0.000132813052,1.906506862e-08,1.3003707780000002e-08,1.8080644e-08,2.5124858450000004e-08,3.9010794e-08,5.5319658499999994e-08,1.40378515e-07,0.00197776257,0.000316006037,3.82338184e-06,85.5731782,60.51185290000001,1.61286615e-07,6.77261501,0.0010852707100000001,0.0512370472,5.932109249999999e-05,2.05573947e-06,0.0020544522400000004,0.173774465,5.932109249999999e-05,2.05573947e-06,0.011558575350000001,4.02331692,5.932109249999999e-05,2.05573947e-06,0.000206479845,0.07097526925,5.932109249999999e-05,2.05573947e-06,0.011523623299999999,1.52619533e-07,0.000132946794,-0.0164426293,0.0409127334,-0.009998345050000001,-0.010885494999999999,-0.01102465005,1.9983924099999996e-06,5.8003675199999996e-05
113,1687717800,0.0050477049900000005,0.005180208439999999,-0.0643762098,-0.7599464890000001,0.12420379150000001,0.0577284825,0.1064657484,0.09480289150000001,7.30547929e-05,0.0022226113200000002,0.00013254617699999999,1.537440583e-08,1.8476977170000002e-08,2.039704504e-08,2.60181812e-08,4.05906486e-08,4.909165419999999e-08,1.1036687359999998e-07,0.00221317141,0.000306479255,3.86862667e-06,87.3034576,59.18728109999999,1.76386493e-07,6.6190183099999995,0.00113065375,0.05686009000000001,6.32054488e-05,2.32780806e-06,0.00218090772,0.19594604399999999,6.32054488e-05,2.32780806e-06,0.01160007305,4.119955000000001,6.32054488e-05,2.32780806e-06,0.000250123823,0.171348903,6.32054488e-05,2.32780806e-06,0.011509786800000001,2.1350613299999999e-07,0.000132678144,-0.019898553300000028,50.089292943,-0.00567125162,-0.010883496900000001,-0.01102215335,2.1693778500000003e-06,5.935016299999999e-05
113,1687718400,0.00531363565,0.00544602842,-0.047710824900000004,-0.9552571109999999,0.166430081,0.0625435557,0.10744077919999999,0.0949903995,8.78876776e-05,0.00242426619,0.000132449742,7.124022512e-08,9.784041309e-08,8.504681665000001e-08,1.087437063e-07,1.277252468e-07,2.0799970739999999e-07,2.401275527e-07,0.00232739903,0.000323976598,4.44161998e-06,84.7190315,59.39864669999999,1.85024207e-07,6.97397825,0.00121614005,0.0721519753,6.15847558e-05,2.3886239499999997e-06,0.00224657618,0.213877802,6.15847558e-05,2.3886239499999997e-06,0.011560553599999999,4.06040696,6.15847558e-05,2.3886239499999997e-06,0.00020190246400000005,0.12136136076000001,6.15847558e-05,2.3886239499999997e-06,0.011515069499999999,8.90800944e-07,0.00013329895200000003,0.27711024100000003,314.696496766,0.01100379035,-0.010759234500000001,-0.0109286521,3.9623664099999994e-06,7.81126996e-05
113,1687719000,0.00482837113,0.00496094343,-0.050066959900000006,-1.14040861,0.1295664525,0.061402807700000006,0.0977654863,0.08640263740000001,0.0001116107386,0.0022548731300000005,0.00013262677699999999,4.8755403139999996e-08,1.0018537870000001e-07,8.32741072e-08,1.1019875850000002e-07,1.5153678459999997e-07,2.009399592e-07,2.3808133e-07,0.00210505086,0.000302262057,5.882501170000001e-06,82.642431,59.465834400000006,1.6887029e-07,7.204702660000001,0.0012049580100000003,0.07409223849999999,6.06324197e-05,2.28828197e-06,0.0021370737500000002,0.191548881,6.06324197e-05,2.28828197e-06,0.011567893999999999,4.05661496,6.06324197e-05,2.28828197e-06,0.00019770372000000002,0.0958695829,6.06324197e-05,2.28828197e-06,0.011515985199999999,5.754833079999999e-07,0.000133076307,0.3327464935900001,69.8743333097,-0.002046859103,-0.010681940400000001,-0.010860439599999999,2.7815105099999998e-06,6.44834793e-05
113,1687719600,0.0034425461,0.0035749636699999995,-0.12450658249999999,0.1980576609999999,0.1771179104,0.0487428877,0.0853526023,0.0747772795,0.0001062633967,0.0020785245,0.00013255622900000002,2.9029942011e-07,3.5157875994000003e-07,3.7413938695e-07,3.699699503e-07,3.3682132770000006e-07,3.978539764e-07,5.153076686e-07,0.00142515359,0.000285688404,7.65187416e-06,85.625878,62.0878015,1.224174845e-07,7.36462068,0.0009899309160000002,0.1294661414,6.306194320000001e-05,2.52646584e-06,0.00178350945,0.159214961,6.306194320000001e-05,2.52646584e-06,0.01155932635,4.05349087,6.306194320000001e-05,2.52646584e-06,0.000204680305,0.11221397340000001,6.306194320000001e-05,2.52646584e-06,0.011524135500000001,3.5173366779999996e-06,0.000135881342,-0.7665641694000002,296.17017768430003,0.0204484522,-0.01084589355,-0.010995930249999999,1.3146096479999997e-05,0.0001786775786
113,1687720200,0.0035914553500000002,0.00372372028,-0.0850518368,-0.724828322,0.1230037544,0.0492846046,0.0885027005,0.07706485199999999,8.048479929999999e-05,0.0016970929999999998,0.00013231897900000002,3.765017937e-08,5.113170564e-08,6.772860977000001e-08,3.4049340999999996e-08,5.15382985e-08,7.75009546e-08,1.5315386050000002e-07,0.0014641429799999999,0.0003264199530000001,4.63538453e-06,89.2057624,63.67575889999999,1.2779184e-07,7.116846010000001,0.0010022948340000003,0.0482207308,5.98129382e-05,2.23128415e-06,0.0017862970900000001,0.137370321,5.98129382e-05,2.23128415e-06,0.0115396992,4.03226872,5.98129382e-05,2.23128415e-06,0.0001772023434,0.08737847525,5.98129382e-05,2.23128415e-06,0.011505676400000001,5.24040385e-07,0.000132760051,2.3715113818,204.19916644589904,0.003138621569999999,-0.01083063045,-0.0109859523,2.83373138e-06,6.790171920000001e-05
113,1687720800,0.00461407678,0.0047456348399999996,-0.07178559400000001,-0.5403061090000001,0.132116531,0.052423175,0.1056782278,0.092440321,7.035757170000001e-05,0.0020146706100000003,0.00013160153799999998,1.4310336520000003e-08,1.3588710459999998e-08,2.31042094e-08,2.7090648300000003e-08,3.80699739e-08,5.49779471e-08,1.083069284e-07,0.0019335918100000001,0.000369994018,3.10533213e-06,86.860261,62.584196399999996,1.61899055e-07,6.79364858,0.00105747784,0.0524236911,6.225492379999999e-05,2.35283216e-06,0.00204631132,0.172354667,6.225492379999999e-05,2.35283216e-06,0.01154829595,4.0819642,6.225492379999999e-05,2.35283216e-06,0.000223790384,0.1526616088,6.225492379999999e-05,2.35283216e-06,0.011469103549999998,2.025644146e-07,0.000131725951,0.3592578100000001,105.4524381821,-0.0044246660680000004,-0.0108425706,-0.01098785915,2.14265105e-06,5.74038333e-05
113,1687721400,0.00441427531,0.00454578732,-0.06255985089999999,-0.489247522,0.12195372460000001,0.0509537249,0.10387816999999999,0.0906402674,9.53896821e-05,0.00201197051,0.000131556168,1.580693934e-08,1.981718167e-08,2.2646306300000003e-08,3.10685964e-08,3.82449328e-08,5.32202377e-08,1.2033870149999998e-07,0.0018307616100000004,0.00037298438199999997,3.03718844e-06,87.57265890000001,63.4553142,1.5507438e-07,6.758794709999999,0.0010198825,0.0494074069,6.19293431e-05,2.27139937e-06,0.00197943281,0.161987597,6.19293431e-05,2.27139937e-06,0.0115399141,4.066511670000001,6.19293431e-05,2.27139937e-06,0.000214689787,0.14605574115000003,6.19293431e-05,2.27139937e-06,0.01146903945,1.830172525e-07,0.00013170403,-0.463161727,90.1463404419,-0.00682346647,-0.0108689327,-0.011007562850000003,2.0800654499999996e-06,5.76141268e-05
113,1687722000,0.004893892499999999,0.00502523991,-0.0675878928,-0.634992046,0.1258913405,0.054707642099999995,0.1069157624,0.094840395,8.23806717e-05,0.0021987843,0.000131386608,1.2605863760000004e-08,1.237012732e-08,1.6813480599999997e-08,2.45745572e-08,4.07419903e-08,5.69586339e-08,1.37211557e-07,0.0021248289,0.000318405386,3.36614612e-06,86.3213239,59.939646499999995,1.71185205e-07,6.7273917,0.0010953185800000001,0.0549032299,5.9537550500000005e-05,2.0944374800000002e-06,0.00213031901,0.186737219,5.9537550500000005e-05,2.0944374800000002e-06,0.0115206795,4.029532290000001,5.9537550500000005e-05,2.0944374800000002e-06,0.00020630479900000001,0.11024514969999999,5.9537550500000005e-05,2.0944374800000002e-06,0.011461429749999998,1.5397819899999998e-07,0.000131519332,0.011696935600000003,0.16918186350000003,-0.009755924899999999,-0.01081573095,-0.010960068800000002,2.00317261e-06,5.70636899e-05
113,1687722600,0.005163139190000001,0.00529476923,-0.0660931049,-0.76375324,0.125066319,0.058270658399999994,0.10804079739999999,0.0960779319,6.516447650000001e-05,0.0022344466400000002,0.00013167212799999997,1.3579099549999998e-08,1.2371073969999998e-08,1.69831035e-08,2.5059796800000002e-08,3.83395903e-08,5.6455157599999996e-08,1.4110730939999998e-07,0.00228768376,0.000290186348,3.34899815e-06,85.276227,58.4286928,1.80069986e-07,6.778010999999999,0.00113668623,0.05681345299999999,6.186509249999999e-05,2.2819069900000003e-06,0.00221061498,0.200777611,6.186509249999999e-05,2.2819069900000003e-06,0.01154888795,4.08134789,6.186509249999999e-05,2.2819069900000003e-06,0.000236056821,0.15548609,6.186509249999999e-05,2.2819069900000003e-06,0.011473013899999999,1.4908631400000002e-07,0.00013177936800000002,0.01425376746,0.42821928,-0.009634717999999999,-0.01083900965,-0.0109826708,2.09755664e-06,5.7511606600000006e-05
113,1687723200,0.00601177327,0.00614370218,-0.0492691433,-0.891399996,0.13245404300000002,0.0642105757,0.1149035065,0.1035781611,7.235758519999999e-05,0.00259309907,0.000131978349,1.8534388410000002e-08,1.8221842859999998e-08,2.4991654900000004e-08,3.73746713e-08,5.7138382e-08,9.362825340000001e-08,2.1749184800000003e-07,0.00275017058,0.00025141866300000006,3.77594407e-06,79.243435,56.016465100000005,2.08183448e-07,6.90617488,0.00125121916,0.0687177371,6.20675051e-05,2.4001831799999995e-06,0.00243036147,0.24257218800000002,6.20675051e-05,2.4001831799999995e-06,0.0115498413,4.07455904,6.20675051e-05,2.4001831799999995e-06,0.000235152919,0.1480140943,6.20675051e-05,2.4001831799999995e-06,0.0114847162,1.85194617e-07,0.000132084345,-0.0445048939,0.39421585769999995,-0.0095791152,-0.01079342275,-0.010944441199999998,2.2607643299999996e-06,5.81571189e-05
113,1687723800,0.00447981678,0.004611824339999999,-0.0881648383,-0.655853226,0.11797860359999998,0.0526793368,0.1006530712,0.08899021630000001,8.18506301e-05,0.0020597434899999995,0.00013204865099999998,1.456619071e-08,1.223397219e-08,1.572260753e-08,2.26236417e-08,3.10914175e-08,4.5503025000000005e-08,1.148505846e-07,0.00196644392,0.000269019612,4.1438878e-06,87.90486859999999,58.9021215,1.57502667e-07,6.737194319999999,0.00104042688,0.0507963363,5.963386590000001e-05,2.1602173499999997e-06,0.0020441644200000003,0.17332186000000002,5.963386590000001e-05,2.1602173499999997e-06,0.011543648600000001,4.03711957,5.963386590000001e-05,2.1602173499999997e-06,0.000217870719,0.1088184977,5.963386590000001e-05,2.1602173499999997e-06,0.011491227799999998,1.7615009859999998e-07,0.000132224387,-1.4711596367,68.60018750740001,-0.0084691481,-0.0108541373,-0.010997661600000002,2.1147356099999996e-06,5.8733331900000005e-05
113,1687724400,0.00408933149,0.0042214068899999995,-0.05428792889999999,-0.765182143,0.11317845770000001,0.0520805007,0.095252907,0.08449007840000002,6.117638670000001e-05,0.0018081812500000002,0.00013211604399999998,1.3530702459999999e-08,1.366102781e-08,1.972113764e-08,2.84421621e-08,4.33165521e-08,6.4712834e-08,1.4952486119999997e-07,0.0017865816100000001,0.00025456589599999994,3.1432602499999996e-06,83.5661484,58.795919600000005,1.4438166599999998e-07,6.89724384,0.0010252315799999998,0.0469770497,6.0331729899999994e-05,2.1494370000000005e-06,0.00195905079,0.15771698100000003,6.0331729899999994e-05,2.1494370000000005e-06,0.011550821450000002,4.05620305,6.0331729899999994e-05,2.1494370000000005e-06,0.00021233621599999999,0.12416787029999998,6.0331729899999994e-05,2.1494370000000005e-06,0.01149486815,1.67525985e-07,0.00013229965000000003,0.04220627677,13.097546785,-0.00850063019,-0.010837224999999997,-0.010984757299999998,2.0214408399999997e-06,5.77177247e-05
113,1687725000,0.00507424268,0.00520627061,-0.042145530800000004,-0.962232681,0.12484130749999997,0.06070578940000001,0.1045156898,0.09300284140000001,7.71295085e-05,0.00226583899,0.00013206948199999998,1.5963591910000002e-08,1.509110673e-08,2.08964153e-08,3.08203922e-08,4.58294787e-08,6.44846892e-08,1.453960466e-07,0.00227012959,0.00026351533100000006,3.0853028600000006e-06,85.6745056,57.5660394,1.77156884e-07,6.803409759999999,0.0011606620300000001,0.057562278399999986,5.7807486800000006e-05,2.04811317e-06,0.00220393308,0.19995858400000002,5.7807486800000006e-05,2.04811317e-06,0.01153746085,4.0192540900000004,5.7807486800000006e-05,2.04811317e-06,0.00018454888199999998,0.06465628770000001,5.7807486800000006e-05,2.04811317e-06,0.0114940408,1.7025894900000002e-07,0.00013228377900000003,0.00931156481,0.46426360564999997,-0.00954180755,-0.0108129774,-0.010965963299999998,2.0376512699999996e-06,5.76549241e-05
113,1687725600,0.00544677561,0.00557920542,-0.041661761500000005,-0.9228717309999999,0.127541393,0.0617651125,0.10845330989999999,0.0974279749,0.00010284489370000001,0.00244354021,0.00013247680399999996,1.50750219e-08,1.4428844429999998e-08,1.9769960600000002e-08,2.8358835800000003e-08,4.0858382400000004e-08,6.05606857e-08,1.3862536499999999e-07,0.00249067473,0.000228392524,3.94831443e-06,82.70473740000001,55.8088702,1.89525506e-07,6.765075040000001,0.0011736272800000002,0.05941516949999999,6.18116993e-05,2.3668661e-06,0.00231182024,0.219773029,6.18116993e-05,2.3668661e-06,0.011575544500000002,4.0822379799999995,6.18116993e-05,2.3668661e-06,0.000216346984,0.1303489202,6.18116993e-05,2.3668661e-06,0.011507378300000001,1.5559979e-07,0.000132575639,0.08655118986,0.15263714840000003,-0.009750971100000002,-0.0108518007,-0.0110020491,2.21365533e-06,5.81301424e-05
113,1687726200,0.00481201336,0.004944187420000001,-0.0498852717,-0.8565804830000001,0.1173035809,0.0568282267,0.1023781251,0.0917277994,7.355564e-05,0.00210703232,0.000132215668,1.5959001670000002e-08,1.5711319409999998e-08,2.2551831909999998e-08,3.2406236900000004e-08,4.57976594e-08,6.50783286e-08,1.4083703379999998e-07,0.00219932116,0.00020199271800000002,4.30299698e-06,81.29800309999999,55.531259999999996,1.6838612499999999e-07,6.8299313999999995,0.0011046645699999999,0.054697199800000006,6.02823227e-05,2.1036761e-06,0.00217205701,0.194156015,6.02823227e-05,2.1036761e-06,0.0115410771,4.0342592,6.02823227e-05,2.1036761e-06,0.000193495927,0.09282534849999999,6.02823227e-05,2.1036761e-06,0.011497014449999999,1.66134173e-07,0.00013233797400000001,0.043189921,71.91857341599999,-0.007235605149999999,-0.010880977200000001,-0.011020468450000001,2.0116437199999997e-06,5.83620623e-05
113,1687726800,0.004441185780000001,0.004573593579999999,-0.0381930036,-0.8659684179999999,0.11332845809999999,0.0547769392,0.09772798340000002,0.0880151864,7.5609241e-05,0.00196886108,0.00013245281,1.72533283e-08,1.217737292e-08,1.5286480550000002e-08,2.4941479299999997e-08,3.7960415200000004e-08,7.41763509e-08,8.981779069999999e-08,0.00203788173,0.00017806721,4.3211505100000005e-06,83.3388102,54.899831000000006,1.56242036e-07,6.7571847300000005,0.00106866544,0.050525642700000005,6.000142919999999e-05,2.2951807900000005e-06,0.00209115134,0.179820331,6.000142919999999e-05,2.2951807900000005e-06,0.0115660315,4.06672436,6.000142919999999e-05,2.2951807900000005e-06,0.00020726205400000002,0.11692000279999999,6.000142919999999e-05,2.2951807900000005e-06,0.011506113799999999,1.7321282499999998e-07,0.000132564542,0.014166725810000003,0.13161889698,-0.0096506273,-0.0108198646,-0.010972924700000001,2.2217028e-06,5.82541975e-05
113,1687727400,0.0038795140500000004,0.00401111301,-0.0262796743,-0.8406792619999999,0.109578345,0.05100489300000001,0.0915777945,0.0816774926,6.735841190000002e-05,0.0017737176,0.000131642872,2.15362436e-08,1.4891558969999999e-08,1.89778901e-08,3.0072567599999995e-08,4.71919974e-08,9.18640456e-08,1.046280483e-07,0.0017657785,0.00016891520700000002,4.68071379e-06,81.1596767,55.1442641,1.37390228e-07,6.97711497,0.001006684403,0.04492051379999999,5.79618388e-05,2.09515634e-06,0.0019530558,0.15679913,5.79618388e-05,2.09515634e-06,0.01150262295,3.98670326,5.79618388e-05,2.09515634e-06,0.000171229575,0.0625634457,5.79618388e-05,2.09515634e-06,0.011469427600000002,1.70833631e-07,0.000131719838,0.00659587002,0.1478562924,-0.009597364,-0.010789081899999999,-0.01094032895,2.06234134e-06,5.7484222199999984e-05
113,1687728000,0.004419228169999999,0.004550915690000001,-0.0416336496,-0.982653453,0.11231592720000001,0.0561624847,0.0954404158,0.08557761290000002,6.682150799999999e-05,0.0019520778899999997,0.000131725447,1.6397648400000003e-08,1.1258936269999998e-08,1.4653596299999999e-08,2.55037833e-08,4.4842745899999997e-08,9.126405739999999e-08,1.156131077e-07,0.00203424655,0.00017037038400000002,4.631459910000001e-06,84.82608239999999,54.6211066,1.55365474e-07,6.98975959,0.0010928059699999999,0.05201250119999999,5.913783970000001e-05,2.03127107e-06,0.0020942893800000003,0.18032996299999998,5.913783970000001e-05,2.03127107e-06,0.01153867745,4.04697481,5.913783970000001e-05,2.03127107e-06,0.00020964612800000002,0.11459934570000001,5.913783970000001e-05,2.03127107e-06,0.011477412900000001,1.81473805e-07,0.00013191322,0.034501282040000004,0.2317735287,-0.0096102406,-0.010779059050000001,-0.01093567195,1.94733181e-06,5.7192946099999997e-05
113,1687728600,0.00487068376,0.005002419669999999,-0.038423932499999994,-1.0579197359999999,0.11486600699999998,0.05961137679999999,0.09934053400000001,0.09004024699999999,6.42960587e-05,0.0021256621999999996,0.000132105976,2.2329385949999997e-08,1.574710483e-08,1.659672509e-08,2.6577446e-08,4.1425722899999996e-08,8.589464679999999e-08,1.037577557e-07,0.0022754309600000002,0.000154683453,4.53249669e-06,82.0910225,53.57591240000001,1.70468862e-07,6.896336529999999,0.0011436820800000001,0.0562936682,8.796022410000001e-05,5.522109609999999e-06,0.0022215299199999997,0.203131738,8.796022410000001e-05,5.522109609999999e-06,0.011539225750000002,4.07442896,8.796022410000001e-05,5.522109609999999e-06,0.00021489292300000003,0.1253651057,8.796022410000001e-05,5.522109609999999e-06,0.01147295755,8.887522700000003e-07,0.00013251666100000002,-0.4326928327000001,5.020663001900001,-0.007444105309999999,-0.0106382488,-0.010855099000000002,5.46439747e-06,8.30662607e-05
113,1687729200,0.00505898336,0.00519026456,-0.0309003219,-0.9869237510000002,0.1203036754,0.059116548000000005,0.10207811660000002,0.0931903445,7.2903238e-05,0.00225732641,0.00013132142499999998,1.6371714100000002e-08,1.0491836180000002e-08,1.3080942220000001e-08,2.11916125e-08,3.96508932e-08,7.68122879e-08,8.80131068e-08,0.0023966820599999996,0.00012839900700000001,4.092806180000001e-06,80.379447,52.494038599999996,1.7670955800000004e-07,6.75170318,0.0011333123899999998,0.056841709799999994,5.9422953900000006e-05,2.1767187399999996e-06,0.0022725404899999998,0.212521841,5.9422953900000006e-05,2.1767187399999996e-06,0.0115183099,4.02590135,5.9422953900000006e-05,2.1767187399999996e-06,0.00022081033,0.1233615261,5.9422953900000006e-05,2.1767187399999996e-06,0.0114588908,1.65442207e-07,0.000131472068,-0.00023291785000000183,0.5774881141,-0.009110397099999999,-0.0107924595,-0.01094145185,2.07636381e-06,5.76758088e-05
113,1687729800,0.00571217322,0.0058437372900000005,-0.0365766327,-1.060048659,0.1224787374,0.0635077562,0.10695326620000001,0.098065493,7.90024995e-05,0.0024813668600000005,0.00013161427,2.6204359e-08,2.0037913350000002e-08,2.33978617e-08,3.3537203599999997e-08,5.4701238400000004e-08,1.058660001e-07,1.314932455e-07,0.00273605726,0.00011472380320000002,4.8446745699999986e-06,77.0087113,51.809056600000005,1.98306545e-07,6.751437779999999,0.0012031235400000004,0.0633946758,6.03173415e-05,2.25825714e-06,0.0024184363899999997,0.241168023,6.03173415e-05,2.25825714e-06,0.0115418586,4.060870110000001,6.03173415e-05,2.25825714e-06,0.000230836192,0.13698902559999998,6.03173415e-05,2.25825714e-06,0.011468998550000001,1.65216699e-07,0.00013170401999999999,0.0062086242,0.11724022640000001,-0.0097933354,-0.0107984934,-0.010947288599999999,2.1280671899999998e-06,5.8083080499999996e-05
113,1687730400,0.00528144066,0.0054132593799999995,-0.0388565196,-1.17400401,0.11572853300000001,0.06283470890000001,0.0999405495,0.09195280749999998,6.822762599999999e-05,0.00231042098,0.000131863659,2.2977899799999997e-08,1.6223472650000002e-08,2.0331010999999995e-08,3.1047776799999996e-08,5.31607341e-08,1.047434485e-07,1.315514815e-07,0.00252723238,0.00010873543799999998,4.3174834e-06,76.5320197,51.66717620000001,1.84058302e-07,6.92795673,0.00118932273,0.060447208100000004,5.99696289e-05,2.1684629300000005e-06,0.0023386984100000003,0.225035208,5.99696289e-05,2.1684629300000005e-06,0.01154224085,4.04726048,5.99696289e-05,2.1684629300000005e-06,0.00021120728399999996,0.11414724170000001,5.99696289e-05,2.1684629300000005e-06,0.0114804677,1.72068769e-07,0.000131973791,0.031602750299999996,0.6081949133,-0.009067975,-0.01080143945,-0.010955235399999999,2.0798490200000003e-06,5.812407220000001e-05
113,1687731000,0.00507688087,0.00520884222,-0.0494004433,-1.016144385,0.12049118220000002,0.05949225410000001,0.1009155809,0.09131528650000001,9.9445267e-05,0.00226490137,0.000132006771,1.8412011200000003e-08,1.2738520899999999e-08,1.576640036e-08,2.587341665e-08,4.2882157600000004e-08,8.14906644e-08,9.75965697e-08,0.0024136715300000005,0.00012043288209999999,3.96529435e-06,79.3877945,52.208652900000004,1.77314344e-07,6.833222480000001,0.0011411367799999998,0.05741370870000001,5.91784769e-05,2.26531902e-06,0.0022733796899999997,0.214384517,5.91784769e-05,2.26531902e-06,0.0115606131,4.06695298,5.91784769e-05,2.26531902e-06,0.000228080052,0.12628864950000002,5.91784769e-05,2.26531902e-06,0.01148870375,1.71468946e-07,0.000132162291,0.010635987159999999,0.0416417566,-0.00980672795,-0.0108082269,-0.0109598584,2.19230207e-06,5.7930922099999996e-05
113,1687731600,0.00391436978,0.0040455512200000005,-0.027297143700000005,-0.9279548429999999,0.10526571389999999,0.0516571083,0.0892152234,0.080777465,7.656561739999999e-05,0.00176069374,0.000131602577,1.3641690019999999e-08,8.00130226e-09,1.0440342810000001e-08,1.694319575e-08,3.33728162e-08,6.627645809999999e-08,7.308289439999999e-08,0.00183732369,0.0001138197259,5.3921016400000005e-06,81.30665989999999,52.5572824,1.3862756300000002e-07,6.86713817,0.000991174314,0.044198393100000004,8.837734140000001e-05,6.196524019999999e-06,0.00197909705,0.161680633,8.837734140000001e-05,6.196524019999999e-06,0.0115033283,4.024545430000001,8.837734140000001e-05,6.196524019999999e-06,0.000200367248,0.08970366810000001,8.837734140000001e-05,6.196524019999999e-06,0.0114528628,9.60200495e-07,0.000132129326,-0.5661204965999999,3.4989929187,-0.00842762524,-0.010588408950000001,-0.010826822149999998,6.224296070000001e-06,8.570842759999999e-05
113,1687732200,0.0027747881600000005,0.00290624638,-0.0479347317,-0.741721577,0.0926653282,0.0428025093,0.0746647789,0.06641452690000002,0.000106192001,0.0013643207199999998,0.000131505587,1.5642304750000002e-08,1.2776240260000001e-08,1.472683804e-08,2.25218075e-08,3.9269077799999994e-08,7.03587379e-08,8.026557900000001e-08,0.0012415113119999999,0.000140390439,5.18158776e-06,83.2239946,55.431877,1.0069180349999999e-07,7.03636747,0.0008392989,0.0322194829,6.007799950000001e-05,2.2625778299999996e-06,0.0016037181900000002,0.1089759258,6.007799950000001e-05,2.2625778299999996e-06,0.011501213049999999,3.98881801,6.007799950000001e-05,2.2625778299999996e-06,0.0001665612284,0.06853570513,6.007799950000001e-05,2.2625778299999996e-06,0.01146374815,1.7117251900000002e-07,0.00013159018700000002,-0.31326599513,5.0833340933,-0.009149734949999998,-0.0108216323,-0.0109658401,2.2005758300000004e-06,5.90593202e-05
113,1687732800,0.0031696457500000005,0.00330132728,-0.0508681602,-0.8679290399999999,0.097240469,0.046506496800000005,0.08021494900000001,0.07076466159999999,0.000113305938,0.00149965433,0.000131723762,1.223298806e-08,1.023346504e-08,1.242453455e-08,2.0544116350000002e-08,3.39193101e-08,6.31802117e-08,7.183956600000001e-08,0.0014434968599999999,0.000136951173,4.0925791999999995e-06,83.09883160000001,54.4008358,1.1387574700000002e-07,6.90802156,0.0009092938370000002,0.036568336900000005,5.8619794200000004e-05,2.1813253500000005e-06,0.0017490496100000003,0.12732049650000005,5.8619794200000004e-05,2.1813253500000005e-06,0.011496618650000002,3.9746375900000004,5.8619794200000004e-05,2.1813253500000005e-06,0.0001491642565,0.047287788850000005,5.8619794200000004e-05,2.1813253500000005e-06,0.0114706766,1.5588790600000003e-07,0.000131732897,0.027112431599999997,0.21492928685999999,-0.009583550350000001,-0.010823876050000002,-0.01096629,2.1529138299999997e-06,5.77722632e-05
113,1687733400,0.00226710501,0.0023985249900000003,-0.0714723528,-0.621686898,0.0863651365,0.0380620879,0.0654769992,0.0558767063,0.00014748946790000002,0.0012219605879999998,0.00013145809599999998,1.2259275149999998e-08,1.0762476510000002e-08,1.5070705890000002e-08,1.8358162300000002e-08,3.08017656e-08,5.985103879999999e-08,5.2354667100000006e-08,0.000996456466,0.0001321800255,4.671477670000001e-06,87.8629451,56.240943800000004,8.39107471e-08,7.046984849999999,0.0007648629310000001,0.0281466116,5.89414575e-05,2.14542863e-06,0.00140383701,0.089209435,5.89414575e-05,2.14542863e-06,0.01150611175,4.00090904,5.89414575e-05,2.14542863e-06,0.000171047123,0.07726153536,5.89414575e-05,2.14542863e-06,0.011459037600000001,1.6961021700000001e-07,0.00013148032300000002,-0.05743302539999999,0.3868772343,-0.00957555545,-0.010789235999999999,-0.0109369318,2.07224583e-06,5.74016491e-05
113,1687734000,0.00220710304,0.0023375926799999998,-0.0555547294,-0.8182981679999999,0.0842275695,0.0389389993,0.06528949410000001,0.0576767601,8.381063550000001e-05,0.00109293166,0.000130526908,1.4775958849999999e-08,8.87985586e-09,1.159490367e-08,1.844856515e-08,3.2617157e-08,6.719326440000001e-08,5.4376898800000005e-08,0.0009809737150000002,0.00011798931899999998,4.33516397e-06,86.16593430000002,54.56405109999999,8.1847348e-08,7.067794760000001,0.0007780283750000001,0.0271671263,5.7425703799999996e-05,2.03223793e-06,0.00145052052,0.0875849232,5.7425703799999996e-05,2.03223793e-06,0.0114500357,3.94490968,5.7425703799999996e-05,2.03223793e-06,0.00016186692299999998,0.0574738337,5.7425703799999996e-05,2.03223793e-06,0.011425886299999998,1.66071304e-07,0.00013071725,0.025042582729999995,0.41483853027000006,-0.009277996299999999,-0.01075639335,-0.010905974799999999,2.02444308e-06,5.6901953299999984e-05
113,1687734600,0.00129239201,0.0014225864260000002,-0.061310056200000004,-0.45197138499999995,0.06892710319999999,0.0292780135,0.050739048200000005,0.0418137765,6.37839315e-05,0.000729768646,0.00013023125599999997,1.0966467599999999e-08,5.5402765e-09,7.674193669999999e-09,1.91437167e-08,3.591020619999999e-08,5.752331210000001e-08,3.96570835e-08,0.00047011567200000003,0.00017184144599999998,4.01463038e-06,94.0944285,65.0946642,5.1408288400000005e-08,7.222958530000001,0.000608228921,0.0185827738,5.7146266599999995e-05,2.11170346e-06,0.000988895885,0.0424748235,5.7146266599999995e-05,2.11170346e-06,0.01143580295,3.92620008,5.7146266599999995e-05,2.11170346e-06,0.000140605726,0.04002115851,5.7146266599999995e-05,2.11170346e-06,0.011412240049999998,1.9090205200000003e-07,0.00013043128199999998,0.028640119299999996,0.35415829489999995,-0.00947941615,-0.01069490395,-0.0108560909,2.0642742999999994e-06,5.6851424900000006e-05
113,1687735200,0.00218031702,0.00231120182,-0.040239163800000005,-0.632774935,0.09116528310000002,0.037624519999999995,0.0657020063,0.057151744500000004,0.00010091091330000001,0.0011575072739999999,0.00013092425400000002,1.443247965e-08,9.11769029e-09,1.0869123309999999e-08,4.190936869999999e-08,1.39037269e-07,6.456489450000001e-08,5.6519347000000006e-08,0.0009558139099999999,0.000130365973,3.5846838699999995e-06,86.50170020000002,56.3655514,8.09634452e-08,7.04807188,0.000833639599,0.0338042358,5.8125537400000005e-05,2.13236976e-06,0.00139882583,0.08450087659999998,5.8125537400000005e-05,2.13236976e-06,0.011473342899999999,3.9634567499999998,5.8125537400000005e-05,2.13236976e-06,0.00015214180900000003,0.05490179043,5.8125537400000005e-05,2.13236976e-06,0.0114389121,4.13070725e-07,0.000131262485,-0.12688998377199998,2.8630714850000003,-0.00833392995,-0.0104078138,-0.0106119579,2.11629145e-06,5.748082980000001e-05
113,1687735800,0.0030457571799999998,0.0031769406299999997,-0.06146176069999999,-0.797387812,0.09645294350000001,0.044695498,0.07800238089999999,0.0696771272,9.48449477e-05,0.00146499483,0.000131224456,1.4188329550000001e-08,8.43220007e-09,1.1071387200000001e-08,1.104629366e-07,1.039303619e-07,6.82117193e-08,7.63714012e-08,0.0013975961500000001,0.000120863033,3.98291086e-06,83.900762,53.5486348,1.0983087789999999e-07,6.9835652999999995,0.0009736742170000001,0.0444434138,5.840313629999999e-05,2.17043449e-06,0.00172921706,0.12543643599999998,5.840313629999999e-05,2.17043449e-06,0.011496469050000001,3.98536864,5.840313629999999e-05,2.17043449e-06,0.00017243200850000003,0.0642331384,5.840313629999999e-05,2.17043449e-06,0.0114542119,4.6530711300000004e-07,0.000131664688,-0.007085276159999998,-0.504895729,-0.0089479229,-0.01035712515,-0.010561647750000002,2.15139837e-06,5.80542624e-05
113,1687736400,0.0025569316300000002,0.0026877042600000002,-0.076923925,-0.80328287,0.08981524190000001,0.0413501468,0.0693771194,0.0619518903,9.75084409e-05,0.0013140305840000002,0.000130810369,1.3124579600000002e-08,8.13989571e-09,1.02699085e-08,6.259445850000001e-08,8.061907559999999e-08,7.75573925e-08,6.89716956e-08,0.001163984332,0.0001106048909,3.51600757e-06,81.6120224,53.6565784,9.34634421e-08,7.03985981,0.0008822395009999999,0.0364671251,5.7407155199999995e-05,2.08901829e-06,0.0015711284400000002,0.10465653779999999,5.7407155199999995e-05,2.08901829e-06,0.0114542629,3.94200409,5.7407155199999995e-05,2.08901829e-06,0.00015541910999999998,0.046736089120000004,5.7407155199999995e-05,2.08901829e-06,0.011433956700000001,3.3038357800000003e-07,0.000131066395,0.0061539672999999994,-0.37381673800000004,-0.009182976249999999,-0.0104978057,-0.01068164215,2.06043636e-06,5.74452689e-05
113,1687737000,0.0028176528499999996,0.0029486812700000005,-0.0457537385,-1.0642875399999998,0.0874151685,0.0452929742,0.07083966280000001,0.064351965,9.3312444e-05,0.0013697941399999998,0.000131070939,1.8775379899999998e-08,1.50143446e-08,1.74183318e-08,3.05954292e-08,1.0095747689999998e-07,8.21572505e-08,1.045002235e-07,0.001343910704,6.16507511e-05,2.84586312e-06,75.72579049999999,49.821530599999996,1.0211172499999999e-07,7.021234010000001,0.0008859434560000001,0.03590650700000001,5.71124516e-05,2.01485003e-06,0.00169001958,0.11851543599999999,5.71124516e-05,2.01485003e-06,0.011464215150000002,3.94175588,5.71124516e-05,2.01485003e-06,0.000144333192,0.0324684695,5.71124516e-05,2.01485003e-06,0.011446074,2.62413417e-07,0.00013127554700000002,0.0207207958,-0.129792547,-0.009379357,-0.010614691999999998,-0.010787140050000001,1.9795654199999996e-06,5.674899979999999e-05
113,1687737600,0.00279706252,0.00292822436,-0.04194867966,-1.1103713,0.08782768100000002,0.0453672847,0.0697146282,0.0633769354,9.47406715e-05,0.00137276411,0.00013119970399999998,1.4404929299999998e-08,6.8210089699999996e-09,8.83686356e-09,1.3310083710000001e-08,4.0280200300000003e-08,6.78110263e-08,5.472953480000001e-08,0.00134928187,4.58747633e-05,3.1105569900000004e-06,79.79015999999999,48.8643122,1.015968031e-07,6.86163726,0.0008547008079999999,0.033148615199999995,5.7473398899999997e-05,2.08429144e-06,0.0016936485599999998,0.11917635310000001,5.7473398899999997e-05,2.08429144e-06,0.01148941,3.97733398,5.7473398899999997e-05,2.08429144e-06,0.000179767259,0.0644278509,5.7473398899999997e-05,2.08429144e-06,0.011453113599999998,1.7997473799999997e-07,0.000131354848,0.0597867095,0.12208114504999998,-0.009516477700000001,-0.0107517742,-0.01091086295,2.08312067e-06,5.7294661e-05
113,1687738200,0.00339468409,0.00352635612,-0.0209256452,-1.1605102999999999,0.09645294589999999,0.050518314200000004,0.0776648692,0.0698271331,0.000154756426,0.0017348501700000002,0.00013174601199999997,2.0670201899999996e-08,1.209815837e-08,1.4831165980000001e-08,2.60063396e-08,5.347551319999999e-08,8.59327124e-08,9.265733440000001e-08,0.00164275688,5.06314161e-05,3.5541303099999996e-06,77.8233806,49.25685790000001,1.2145434709999998e-07,7.04473611,0.000937550517,0.0412675551,6.02590179e-05,2.35696866e-06,0.00187018496,0.1464650884,6.02590179e-05,2.35696866e-06,0.0115049942,3.9775144300000003,6.02590179e-05,2.35696866e-06,0.000176814272,0.04782764002999999,6.02590179e-05,2.35696866e-06,0.0114739677,2.74395694e-07,0.000131927155,-0.10571647506999997,1.6811720386000002,-0.008947377380000001,-0.010715506000000001,-0.010891091500000002,2.34506661e-06,5.989286540000001e-05
113,1687738800,0.00467149061,0.00480331409,-0.025748317800000003,-1.13208727,0.1119784181,0.05879969110000001,0.0939403665,0.08629013499999999,0.00012134621499999998,0.00216057688,0.000131863396,1.6542884710000004e-08,1.029904995e-08,1.344501602e-08,2.33166026e-08,4.14905993e-08,8.73596592e-08,9.744644560000002e-08,0.00225281257,7.895064340000001e-05,3.63740035e-06,79.6441501,50.6702393,1.6389716299999998e-07,6.84867509,0.0010867729700000002,0.0552733257,5.9480213499999994e-05,2.1833122900000002e-06,0.00219802125,0.19995301699999998,5.9480213499999994e-05,2.1833122900000002e-06,0.011547782800000001,4.041296340000001,5.9480213499999994e-05,2.1833122900000002e-06,0.000209604132,0.09799495,5.9480213499999994e-05,2.1833122900000002e-06,0.011481211350000001,2.0645147499999998e-07,0.000132020903,0.5457398594999999,19.8777116361,-0.00811629855,-0.010756246450000001,-0.0109167612,2.1273164099999995e-06,5.823249739999999e-05
113,1687739400,0.0066931751,0.006825166170000001,-0.020020241299999998,-1.19163171,0.1322290375,0.0706347628,0.11344096399999999,0.1043656852,0.00017002128089999997,0.00310475663,0.00013204106699999998,2.14250503e-08,1.6540495700000002e-08,2.0631985649999995e-08,3.19291066e-08,5.553745809999999e-08,1.0539083529999999e-07,1.588949674e-07,0.0032582271600000005,8.41192991e-05,3.77771581e-06,75.844715,50.5898576,2.3111996699999998e-07,6.87550489,0.00130609763,0.07787067919999999,6.00032681e-05,2.3372555e-06,0.00265716999,0.292287507,6.00032681e-05,2.3372555e-06,0.0115613231,4.06733877,6.00032681e-05,2.3372555e-06,0.00024185429099999998,0.1365798573,6.00032681e-05,2.3372555e-06,0.011486874349999999,1.9248121299999994e-07,0.000132141145,-0.0057636583700000025,0.5408427381,-0.0091905875,-0.0107709194,-0.01093341855,2.2388534000000002e-06,5.83797229e-05
113,1687740000,0.00647390545,0.006606019269999999,-0.045247367499999996,-1.15703419,0.1324915455,0.06885520660000001,0.11074088149999999,0.1027531368,0.00014504738259999998,0.00295886544,0.00013224423,3.3502005399999996e-08,2.98935503e-08,3.4114789450000005e-08,4.3629434199999996e-08,7.77376987e-08,1.2721319140000003e-07,1.6914012849999998e-07,0.00314516081,8.70034792e-05,4.137447100000001e-06,73.8221149,50.6950221,2.2369333999999998e-07,6.842139319999999,0.00127542833,0.0735357697,6.653450710000001e-05,3.3914408799999995e-06,0.00259470463,0.277579244,6.653450710000001e-05,3.3914408799999995e-06,0.0115802094,4.09086501,6.653450710000001e-05,3.3914408799999995e-06,0.000252579586,0.1359998535,6.653450710000001e-05,3.3914408799999995e-06,0.01150040265,3.8906845600000004e-07,0.00013264516499999997,-0.16296151650000001,3.0000330892900005,-0.007527074260000001,-0.0106744404,-0.01086990075,3.28984071e-06,6.46064976e-05
113,1687740600,0.00517720454,0.0053085918800000005,-0.03770460738,-1.14884044,0.1143784917,0.0616350571,0.0988905179,0.0910902795,0.0001121238458,0.00235744365,0.000131436217,2.0012438450000002e-08,1.2640916670000001e-08,1.526959132e-08,2.4161640899999995e-08,4.41043849e-08,8.38338433e-08,9.09979701e-08,0.00252456193,5.9880422300000005e-05,3.8040663700000003e-06,76.7794085,49.8958171,1.8074412600000003e-07,6.678266750000001,0.00113485923,0.058185393800000006,5.8245178e-05,2.27537748e-06,0.00233322233,0.22403110699999998,5.8245178e-05,2.27537748e-06,0.0115095794,4.00335682,5.8245178e-05,2.27537748e-06,0.00019957285800000003,0.08751267409999999,5.8245178e-05,2.27537748e-06,0.01146058585,1.8731716400000002e-07,0.000131532877,0.09239854169999999,0.4685763916000001,-0.009121695930000001,-0.01074604625,-0.0109129546,2.1806243e-06,5.7280953e-05
113,1687741200,0.00475466247,0.0048859177600000005,-0.0224603949,-1.15634449,0.11104088749999999,0.0591115363,0.09330284930000002,0.0853526053,0.000142138899,0.0022319297000000004,0.00013131952899999997,1.9671886549999995e-08,1.072777259e-08,1.4259579e-08,2.05424615e-08,3.6178482900000005e-08,7.791686770000001e-08,7.86076948e-08,0.00231533627,5.8376869799999995e-05,3.2796190000000002e-06,76.46925619999999,49.7532451,1.6679528100000002e-07,6.8024317399999985,0.001089683755,0.055166784299999994,5.75732391e-05,2.21468689e-06,0.00221619994,0.20746245500000002,5.75732391e-05,2.21468689e-06,0.01149055865,3.973306089999999,5.75732391e-05,2.21468689e-06,0.000192823597,0.0652425964,5.75732391e-05,2.21468689e-06,0.011460308550000001,2.2408490700000002e-07,0.000131563062,0.021349463500000002,0.9589451497000002,-0.009065875000000001,-0.01069841295,-0.01088406965,2.19126269e-06,5.735054890000001e-05
113,1687741800,0.006125348389999999,0.0062569552700000005,-0.0300296433,-1.2814139199999999,0.12251623949999998,0.068557241,0.10429068370000001,0.09746547409999999,0.000154264609,0.0028133341199999993,0.000131671471,1.9010631499999997e-08,1.059214262e-08,1.4413723550000003e-08,2.5797103e-08,4.3461948000000006e-08,9.174945790000001e-08,1.88718776e-07,0.0030215593800000003,3.69967038e-05,3.6564346399999997e-06,72.3656094,49.2079488,2.12178446e-07,6.757308119999999,0.0012218614299999999,0.06693331599999999,5.95977643e-05,2.302661e-06,0.0025242263099999997,0.262256886,5.95977643e-05,2.302661e-06,0.0115337482,4.03887304,5.95977643e-05,2.302661e-06,0.00023772207299999998,0.1183226616,5.95977643e-05,2.302661e-06,0.0114741281,2.2932516100000003e-07,0.00013188587700000003,-0.0186475058,1.2131478102000002,-0.00888646366,-0.010706023450000001,-0.010885811299999998,2.2451734900000003e-06,5.763376620000001e-05
113,1687742400,0.00798021053,0.00811244578,-0.025442964899999997,-1.29771889,0.135154124,0.07785141370000001,0.11992866159999997,0.1126534365,0.0001630769064,0.0035345825899999995,0.000132360002,2.9481829609999996e-08,2.940995786e-08,3.7176773890000004e-08,4.7395467500000004e-08,6.452941e-08,9.63423973e-08,1.871053454e-07,0.00395489768,3.2541092e-05,2.0440606e-06,68.9613207,49.2313653,2.7399965299999995e-07,6.5577022,0.00139867082,0.08557103689999998,6.728194909999999e-05,3.2607926300000003e-06,0.0028945811199999998,0.34579712900000004,6.728194909999999e-05,3.2607926300000003e-06,0.01155225255,4.05697655,6.728194909999999e-05,3.2607926300000003e-06,0.00023172129299999997,0.12139941560000003,6.728194909999999e-05,3.2607926300000003e-06,0.01149560015,3.1773324640000003e-07,0.000132466985,-0.2775981379,3.530908539,-0.0075168738499999995,-0.0107247643,-0.010917648249999998,3.1237582399999998e-06,6.485723270000001e-05
113,1687743000,0.008543642399999999,0.008675582279999998,-0.0236179064,-1.34475176,0.13830422199999998,0.0812301175,0.12262874149999999,0.115728532,0.000151345209,0.0038219946199999993,0.00013212905,1.6909678019999997e-08,1.628814744e-08,2.042866498e-08,3.2555186399999996e-08,4.517105629999999e-08,6.85371896e-08,1.3956769199999996e-07,0.00424514858,2.41128507e-05,2.02436832e-06,68.5301361,49.1158345,2.9276349299999995e-07,6.455985030000001,0.00145909077,0.09123143380000001,7.0493345e-05,3.93991677e-06,0.0030081132100000002,0.37247280299999996,7.0493345e-05,3.93991677e-06,0.011568924,4.09523789,7.0493345e-05,3.93991677e-06,0.00024349521799999998,0.1444259145,7.0493345e-05,3.93991677e-06,0.0114882569,4.46981864e-07,0.000132427989,0.019363902550000024,5.840279923300001,-0.008250327169999998,-0.01075540035,-0.0109376198,3.9002623e-06,6.91054366e-05
113,1687743600,0.00992180285,0.010053058649999998,-0.029858962899999997,-1.40133112,0.14764200800000002,0.0883903,0.13020397499999997,0.12334126549999999,0.0001881702205,0.00440437404,0.00013130794099999998,2.6269026030000005e-08,2.67779401e-08,3.161320866e-08,4.960017599999999e-08,7.21710672e-08,1.093915016e-07,2.0362725909999996e-07,0.00494298284,1.45534984e-05,2.78558594e-06,67.108844,49.0608301,3.3856266499999996e-07,6.4406042900000005,0.0015742945000000001,0.10530306600000001,6.213992140000001e-05,2.17933394e-06,0.0032370822700000003,0.43054372999999996,6.213992140000001e-05,2.17933394e-06,0.011543305600000001,4.09207973,6.213992140000001e-05,2.17933394e-06,0.000245812347,0.17860973932000002,6.213992140000001e-05,2.17933394e-06,0.0114582677,1.5092010949999998e-07,0.000131443122,0.044939731228,0.22036018289999998,-0.0095003535,-0.01082069435,-0.0109634927,1.9512332399999995e-06,5.715049100000001e-05
113,1687744200,0.0094366045,0.009567499699999999,-0.0410095549,-1.3466892099999999,0.14497942400000002,0.085220559,0.1281789135,0.12090369009999999,0.000269894899,0.00438594447,0.000130959315,3.40106837e-08,3.474883729e-08,4.2721254500000006e-08,6.43535792e-08,1.00104179e-07,1.221459715e-07,2.36719474e-07,0.00469335965,2.08643805e-05,3.3587842799999997e-06,65.3339585,49.1211823,3.22177229e-07,6.623638,0.0015412268700000001,0.1029307515,6.01228215e-05,2.2682041600000004e-06,0.00316608145,0.41477282099999996,6.01228215e-05,2.2682041600000004e-06,0.011515846450000002,4.0516515900000005,6.01228215e-05,2.2682041600000004e-06,0.000240302739,0.1495420323,6.01228215e-05,2.2682041600000004e-06,0.0114440003,1.89400799e-07,0.00013115500699999996,0.04966817479,0.030532776600000013,-0.00965112735,-0.0107357658,-0.0108920519,2.1676520800000007e-06,5.72292022e-05
113,1687744800,0.006489604120000001,0.00662090192,-0.04804799350000001,-1.30367841,0.124016286,0.0705728284,0.10616574139999999,0.0981029946,0.00029567281599999996,0.0031663907500000003,0.000131383041,1.2863528940000002e-08,1.2690640580000001e-08,2.1569017149999997e-08,2.8985303400000002e-08,4.35403312e-08,5.73911756e-08,1.1928681149999998e-07,0.00322059373,2.06693824e-05,3.14244024e-06,69.5939874,48.721865699999995,2.24430342e-07,6.55355691,0.0012931725000000002,0.0727794895,6.48693984e-05,2.8093604300000004e-06,0.00263258414,0.28712377099999997,6.48693984e-05,2.8093604300000004e-06,0.01152198395,4.03140718,6.48693984e-05,2.8093604300000004e-06,0.00021792927,0.11445622150000001,6.48693984e-05,2.8093604300000004e-06,0.011456133500000002,2.5271237800000004e-07,0.00013149608200000001,-0.23858021927000003,2.6526162335000003,-0.009009358799999999,-0.010775200349999998,-0.01093365975,2.7255151e-06,6.325043250000001e-05
113,1687745400,0.00432010425,0.00445158774,-0.042483799899999994,-1.32626918,0.10024055699999998,0.05747525640000001,0.0834400488,0.0766148393,0.000244746485,0.00218007367,0.00013157756699999997,8.82320467e-09,9.30768893e-09,1.7766224149999996e-08,2.36444102e-08,3.41812204e-08,5.4611172600000004e-08,1.1062489650000002e-07,0.00213667615,1.9307444099999996e-05,3.6991453999999994e-06,71.4525724,47.962822599999996,1.52179888e-07,6.8437174500000015,0.0010427265400000001,0.0477880049,6.36518896e-05,3.0925859700000004e-06,0.0021053953899999997,0.186954219,6.36518896e-05,3.0925859700000004e-06,0.011519837599999999,4.01341697,6.36518896e-05,3.0925859700000004e-06,0.000198249455,0.08634904740000002,6.36518896e-05,3.0925859700000004e-06,0.01146659725,2.8224775200000003e-07,0.000131761162,0.647159343,34.6874356773,-0.007266255439999998,-0.0107472363,-0.010920879599999999,3.08668127e-06,6.343392979999999e-05
113,1687746000,0.00237762349,0.00250925591,-0.0859293495,-1.16948935,0.0774398638,0.0422190125,0.060939360199999994,0.0549016768,0.00012592181519999998,0.0012335411340000002,0.000131735697,5.55219532e-09,5.90702852e-09,7.862590919999999e-09,1.4291085260000002e-08,2.3938243849999998e-08,3.196150210000001e-08,8.10450597e-08,0.0011585020470000003,2.6431799899999998e-05,3.56995349e-06,77.840562,47.13401699999999,8.770282749999998e-08,6.955801169999999,0.000789374554,0.0284292668,6.64918366e-05,3.33409731e-06,0.00156114456,0.10187100519999999,6.64918366e-05,3.33409731e-06,0.0114952854,3.96863603,6.64918366e-05,3.33409731e-06,0.000146337125,0.040982424499999996,6.64918366e-05,3.33409731e-06,0.011475534499999999,2.79127267e-07,0.000131968188,-0.4613973211700001,3.3056467725,-0.008881060770000001,-0.01078947345,-0.010958955749999999,3.3376584899999994e-06,6.65592388e-05
113,1687746600,0.0024245233200000005,0.00255498601,-0.0663961015,-1.3906095500000002,0.07537730150000002,0.0441654156,0.0576017584,0.05340163,0.00011054897359999999,0.0012831946900000001,0.000130519026,1.1639925800000001e-08,1.237549604e-08,1.660902466e-08,2.3542733149999998e-08,3.2781147299999997e-08,4.45091209e-08,8.039407479999999e-08,0.00120207767,6.95239929e-06,2.95256558e-06,70.03577010000001,45.871592899999996,8.916244949999999e-08,6.971917690000001,0.000788371152,0.027597793199999998,5.93676866e-05,2.49218314e-06,0.0015968892400000001,0.10554262910000001,5.93676866e-05,2.49218314e-06,0.01144736055,3.9387822399999997,5.93676866e-05,2.49218314e-06,0.000152566607,0.047588778065999995,5.93676866e-05,2.49218314e-06,0.011424289550000001,1.8062556300000002e-07,0.00013069475400000002,-0.0022969140000000028,4.233981631,-0.00780265753,-0.01077984045,-0.0109294718,2.50699015e-06,5.925961959999999e-05
113,1687747200,0.0034863487799999997,0.0036167710899999996,-0.040375901199999994,-1.45217004,0.0873401662,0.052980023099999995,0.0702021434,0.0653644959,0.0001388444664,0.0017638499000000001,0.000130492537,1.822425463e-08,1.9554518120000002e-08,2.407167977e-08,3.5848718900000004e-08,4.89636903e-08,7.22694983e-08,1.409281547e-07,0.00173406854,5.7097694699999995e-06,2.91733931e-06,69.11855449999999,46.8560193,1.2436580109999998e-07,6.9450166,0.000950511893,0.03992557780000001,5.806725169999999e-05,2.27873647e-06,0.0019191290799999996,0.153146976,5.806725169999999e-05,2.27873647e-06,0.01145300175,3.95013038,5.806725169999999e-05,2.27873647e-06,0.000170272176,0.060172932209999995,5.806725169999999e-05,2.27873647e-06,0.011419931349999999,2.00360552e-07,0.000130615843,-0.016694570200000012,3.2255568930000003,-0.00848350638,-0.010753202049999999,-0.0109194599,2.27217675e-06,5.7804196599999997e-05
113,1687747800,0.00484587425,0.00497693238,-0.0015068969,-1.36780845,0.1052282126,0.06113206480000001,0.0882401937,0.0816774907,0.00019358278400000002,0.0023640583,0.000131106118,1.2046218509999999e-08,1.313118497e-08,1.4889028419999999e-08,2.44710619e-08,3.3842806449999996e-08,4.6616474299999996e-08,8.703308940000001e-08,0.00241109342,8.817399449999999e-06,2.72672807e-06,69.60165140000001,47.650807,1.6980644800000002e-07,6.56886126,0.0010933013839999998,0.053063112200000005,5.90022166e-05,2.25234013e-06,0.00223418881,0.211286598,5.90022166e-05,2.25234013e-06,0.0114870475,3.97800077,5.90022166e-05,2.25234013e-06,0.00019748410400000004,0.08454323970000001,5.90022166e-05,2.25234013e-06,0.01144778995,1.56127154e-07,0.00013120832599999998,0.0073344703999999985,1.2324566785999997,-0.00935207029,-0.0108168923,-0.0109677441,2.21008891e-06,5.81813989e-05
113,1687748400,0.00232715694,0.00245785145,0.07202351809999999,-1.3992107699999998,0.0792399191,0.0434813846,0.05925180809999999,0.05343913139999999,0.0001573281566,0.0013194028299999998,0.000130833281,1.30289567e-08,1.26680177e-08,1.6595190159999996e-08,2.2782901799999998e-08,3.33466209e-08,5.5442728900000003e-08,8.01281197e-08,0.00115459907,5.2056828800000006e-06,3.3883465099999998e-06,69.3935601,45.0696105,8.59043145e-08,6.9934254,0.000785293619,0.027527495800000003,6.31721491e-05,3.02229462e-06,0.0015501524900000002,0.10211198839999999,6.31721491e-05,3.02229462e-06,0.011461445399999999,3.95588157,6.31721491e-05,3.02229462e-06,0.00016225367899999998,0.04954716837,6.31721491e-05,3.02229462e-06,0.01143504945,3.5416249099999997e-07,0.000131115057,-0.32383566940999997,3.6961887631999994,-0.00866304633,-0.0107056788,-0.01088976265,3.03095681e-06,6.31371395e-05
113,1687749000,0.0005987068600000001,0.000728886872,0.0653699398,-0.9722287909999998,0.039976220699999995,0.0214966152,0.02332571175,0.018788073739999998,7.84163569e-05,0.000462056509,0.00013021977,4.36214156e-09,4.4287639e-09,6.175037700000001e-09,1.215244805e-08,1.7837367199999997e-08,2.2462309400000002e-08,5.6834346100000004e-08,0.0002915814316,4.62259328e-06,2.9671596699999998e-06,79.27307850000001,31.534439100000004,2.8455391400000005e-08,7.551411699999998,0.000413366976,0.0091329299,5.7289609399999985e-05,2.2123472499999996e-06,0.000699565736,0.026141212749999997,5.7289609399999985e-05,2.2123472499999996e-06,0.011416462999999998,3.8969044300000006,5.7289609399999985e-05,2.2123472499999996e-06,9.459764730000001e-05,0.011884185510000003,5.7289609399999985e-05,2.2123472499999996e-06,0.011405374,1.414635736e-07,0.000130225613,-0.0013286622999999997,0.5697228454000001,-0.00951606441,-0.010787331399999999,-0.0109262725,2.22047489e-06,5.7196376799999994e-05
113,1687749600,0.004466382924,0.00459757205,-0.0016727127799999997,-1.35625873,0.1030531465,0.057270491,0.0799899427,0.07271471999999998,0.00029679328099999996,0.002587197354,0.00013123216299999998,1.123693031e-08,1.144195189e-08,1.41376741e-08,2.5782897699999996e-08,5.81761563e-08,4.89787896e-08,7.889808080000001e-08,0.0022238497119999997,5.979433944e-06,3.0614118600000003e-06,69.9257413,46.570801800000005,1.572187704e-07,6.6664205999999995,0.001029255524,0.05021707245,5.8594963099999994e-05,2.18954066e-06,0.0020662132,0.1949057312,5.8594963099999994e-05,2.18954066e-06,0.011488200649999999,3.9830626099999997,5.8594963099999994e-05,2.18954066e-06,0.000160309023,0.0625582083,5.8594963099999994e-05,2.18954066e-06,0.011452549199999999,1.9819884699999996e-07,0.000131359379,-0.01878561553,0.24787928539999995,-0.009299090760000002,-0.010730021499999999,-0.01088386595,2.1496917300000002e-06,5.7362373899999995e-05
113,1687750200,0.00495594471,0.005086922759999999,-0.0039024359360000003,-1.45791863,0.1050782084,0.0618619619,0.0843400736,0.0784898956,0.00025894992,0.0026561879799999995,0.00013102303699999998,1.7745405769999997e-08,1.892576944e-08,2.38725332e-08,3.817253220000001e-08,6.40597183e-08,6.577936630000001e-08,1.2316253719999998e-07,0.00247167835,3.834816699999999e-06,2.03441311e-06,67.63155880000001,47.292481499999994,1.734206098e-07,6.7899529,0.001095198867,0.05540063399999999,5.943793660000001e-05,2.10699323e-06,0.00222242385,0.21591709200000003,5.943793660000001e-05,2.10699323e-06,0.0114930309,4.0011443799999995,5.943793660000001e-05,2.10699323e-06,0.00019462517300000001,0.09968378273,5.943793660000001e-05,2.10699323e-06,0.0114415847,1.9089185000000002e-07,0.00013109888400000003,0.39584937344900006,12.852439452999999,-0.007594033040000001,-0.0107420863,-0.01089895295,2.00310391e-06,5.71450085e-05
113,1687750800,0.0029773173199999997,0.0031088562800000003,-0.036881694900000005,-1.1256588399999998,0.093790362,0.046776314299999996,0.07091466450000002,0.0636769422,0.000196438561,0.0017328627500000002,0.00013166943000000002,1.065778186e-08,1.1237855110000001e-08,1.4286696000000002e-08,2.41586641e-08,3.8959907199999996e-08,4.4620889499999996e-08,1.0175758449999999e-07,0.00145608589,2.97197926e-05,2.47170991e-06,74.0786517,47.794775900000005,1.075566387e-07,6.95223103,0.0008670946949999999,0.034431485299999995,6.598180060000001e-05,3.32417683e-06,0.00174491051,0.1278040165,6.598180060000001e-05,3.32417683e-06,0.0115085008,3.990872619999999,6.598180060000001e-05,3.32417683e-06,0.000170747196,0.0567792129,6.598180060000001e-05,3.32417683e-06,0.011464954849999999,2.94945546e-07,0.000131742439,-0.39647864369999997,6.595643998999999,-0.00864338104,-0.01075083945,-0.0109202919,3.13364478e-06,6.5758797e-05
113,1687751400,0.00433714212,0.0044688622300000005,-0.035825322300000004,-1.28349303,0.1033531558,0.0573524535,0.08509009749999999,0.07908991330000001,0.00015206614599999998,0.00219699935,0.000131901186,1.109045395e-08,1.216718064e-08,1.4654050420000001e-08,2.4456159499999997e-08,3.80925231e-08,8.07670424e-08,8.37642876e-08,0.00214152079,2.4761200649999995e-05,1.84178442e-06,71.45475,48.1897832,1.5290311740000004e-07,6.704666830000001,0.00103743376,0.0480186652,7.076488829999999e-05,4.09615644e-06,0.0021179120699999997,0.185953313,7.076488829999999e-05,4.09615644e-06,0.0115132087,4.006000779999999,7.076488829999999e-05,4.09615644e-06,0.00019610042200000002,0.0763470661,7.076488829999999e-05,4.09615644e-06,0.01147347895,4.5798452800000004e-07,0.00013209979400000002,-0.3863308451,3.86202772507,-0.00871487905,-0.010672417350000001,-0.010891574099999999,4.0856379e-06,7.029197060000001e-05
113,1687752000,0.00307094651,0.00320284175,-0.044852535699999994,-1.33059699,0.08437757380000002,0.04870025170000001,0.06742705809999999,0.0614643768,0.000185094123,0.00164944294,0.00013205393600000003,1.1144473019999999e-08,1.3115531359999998e-08,1.3168676379999998e-08,2.3045827499999996e-08,4.6606813099999993e-08,6.96683871e-08,6.580714819999999e-08,0.0015233671000000001,9.83499041e-06,1.86489487e-06,71.8501634,46.4322759,1.108414897e-07,6.911891250000001,0.000895216029,0.0359658643,7.126478720000001e-05,3.67487211e-06,0.0017693797600000002,0.13322853540000001,7.126478720000001e-05,3.67487211e-06,0.011513701000000001,3.997976799999999,7.126478720000001e-05,3.67487211e-06,0.000163827517,0.0503231372,7.126478720000001e-05,3.67487211e-06,0.0114624355,3.60497157e-07,0.000131748383,-0.5695829801,7.967921780399999,-0.00829088952,-0.01069147105,-0.0108811535,3.162478699999999e-06,6.51359095e-05
113,1687752600,0.005169397609999999,0.00530125873,-0.035352140399999996,-1.35188168,0.106653255,0.0626242324,0.0904902625,0.08505259700000002,0.0001453428018,0.00242934355,0.000132001655,4.55089107e-08,1.878149602e-08,2.2867097550000003e-08,5.92434577e-08,1.2369420899999999e-07,9.7769195e-08,1.4336706370000002e-07,0.0025629693300000004,1.8697026370000002e-05,2.36943188e-06,68.8047536,48.0967649,1.8046659800000002e-07,6.77571431,0.0011755172270000002,0.0624708515,6.39362564e-05,3.0837887199999998e-06,0.00231595806,0.226648497,6.39362564e-05,3.0837887199999998e-06,0.0115384696,4.03552967,6.39362564e-05,3.0837887199999998e-06,0.000228064969,0.09395077453,6.39362564e-05,3.0837887199999998e-06,0.0114780723,5.73580886e-07,0.00013231585399999999,0.2984023686999999,13.62406535275,-0.006409885252399999,-0.0104325378,-0.0106970727,3.1286192400000003e-06,6.517821450000002e-05
113,1687753200,0.00800880045,0.00814052535,-0.022081757499999997,-1.30213155,0.13425409800000002,0.0781616039,0.120191169,0.11314095259999998,0.000186742982,0.0036302427600000005,0.000131819101,2.3724658859999995e-08,2.2735574330000002e-08,2.77636208e-08,4.6033340699999994e-08,6.72106796e-08,1.160980846e-07,1.581524794e-07,0.00396472869,3.7260724100000005e-05,1.83817683e-06,68.0941104,49.346194100000005,2.7493496700000006e-07,6.4621015,0.00142436042,0.0876632152,6.64373683e-05,2.98423739e-06,0.00291917519,0.350787973,6.64373683e-05,2.98423739e-06,0.0115532623,4.07305595,6.64373683e-05,2.98423739e-06,0.000238564782,0.1437107131,6.64373683e-05,2.98423739e-06,0.011477711499999998,2.77615379e-07,0.00013201605599999998,-0.24570061025999998,2.9715318400000004,-0.008455879820000001,-0.010726301899999999,-0.010916391400000001,2.9097484499999996e-06,6.420985169999999e-05
113,1687753800,0.0089628911,0.009094028949999998,-0.0278213814,-1.33745907,0.140329286,0.082420948,0.12367877740000002,0.1164410525,0.000226999224,0.00407246973,0.000131306739,3.689922537e-08,2.526187244e-08,3.27163837e-08,4.74165871e-08,8.09200814e-08,7.95311427e-08,1.760359577e-07,0.00445091871,2.7505421250000002e-05,2.36730928e-06,69.5359828,49.215938900000005,3.0680353500000003e-07,6.414059769999999,0.0015170461200000001,0.10093214660000001,7.2105339e-05,3.80034179e-06,0.00306666167,0.396650764,7.2105339e-05,3.80034179e-06,0.0115257024,4.06557001,7.2105339e-05,3.80034179e-06,0.000246595655,0.14974166848000003,7.2105339e-05,3.80034179e-06,0.0114525137,4.72969428e-07,0.000131633989,-0.6194032233000001,4.917775805699999,-0.00834722664,-0.010644370050000001,-0.01083711395,3.6874301100000002e-06,6.95334581e-05
113,1687754400,0.0097006751,0.00983224354,-0.0264893355,-1.42583453,0.1446419154,0.086648731,0.12420379249999998,0.1170410741,0.000339365895,0.00459949216,0.000131620826,1.035501179e-08,9.3964986e-09,1.307716878e-08,3.2028322299999996e-08,5.9376793099999995e-08,4.92240794e-08,1.175024492e-07,0.00483519154,1.25074182e-05,2.28452219e-06,68.3224817,48.7979319,3.3143209199999996e-07,6.319331340000001,0.00154398882,0.1045631095,6.563002680000001e-05,2.58576726e-06,0.00315900112,0.425572036,6.563002680000001e-05,2.58576726e-06,0.011556790249999999,4.1037697799999995,6.563002680000001e-05,2.58576726e-06,0.000257826342,0.18875697565,6.563002680000001e-05,2.58576726e-06,0.0114743351,2.2312066000000001e-07,0.00013188406599999998,-0.39332160996,3.889131705399999,-0.00905582908,-0.0107684164,-0.01091966115,2.31970194e-06,5.97733658e-05
113,1687755000,0.0021993937000000002,0.0023308641499999996,-0.0395324927,-1.33380101,0.08107747629999999,0.041541469,0.0544516632,0.049876522000000006,0.000132472916,0.001283384406,0.000131634319,1.2149467479999999e-08,2.1858616700000003e-08,1.701043655e-08,5.60009987e-08,4.14731465e-08,8.85798449e-08,1.2079011289999998e-07,0.001081801424,1.5073111900000001e-05,2.28145565e-06,73.1679126,45.5168724,8.167908140000001e-08,7.08407677,0.0007827820620000001,0.029074699050000003,7.23668042e-05,4.2319309e-06,0.00149991316,0.0963950156,7.23668042e-05,4.2319309e-06,0.011495585150000001,3.9834242000000004,7.23668042e-05,4.2319309e-06,0.00015952544100000001,0.054073394799999994,7.23668042e-05,4.2319309e-06,0.0114716682,5.100184734e-07,0.000132109782,-0.5328876695,10.1931259334,-0.007703259783999999,-0.0106112731,-0.010845159200000001,4.20263652e-06,7.21647948e-05
113,1687755600,0.00264969144,0.00278113588,-0.0503694627,-1.28813282,0.08569011480000001,0.0449874726,0.062214399499999996,0.0574517547,0.00011283409420000001,0.001359513084,0.00013153944800000001,1.6987559830000003e-08,1.365302065e-08,1.5247586940000004e-08,2.47048135e-08,3.95810143e-08,4.6943979900000005e-08,8.643348949999999e-08,0.0013034472139999997,1.86609069e-05,2.3760112400000003e-06,75.2902129,46.531594,9.66813665e-08,6.9514033600000005,0.000829018185,0.03116077445,6.242828689999999e-05,2.5923658699999996e-06,0.00164538457,0.11488979510000001,6.242828689999999e-05,2.5923658699999996e-06,0.011493215,3.97364079,6.242828689999999e-05,2.5923658699999996e-06,0.0001591018316,0.0450435551,6.242828689999999e-05,2.5923658699999996e-06,0.0114650112,3.08604112e-07,0.00013174764000000003,-0.012896324999999884,40.6444942836,-0.0054774270915,-0.010767309899999999,-0.010957708799999999,2.73322384e-06,6.38663509e-05
113,1687756200,0.0003101427496,0.00043981228,-0.000433184100000001,-0.642873749,0.0381761653,0.0167318696,0.014137931500000001,0.010237812059999999,3.0523917e-05,0.00025943984449999997,0.00012970664000000004,4.383953729999999e-09,1.08913607e-08,1.1672462379999999e-08,1.167028803e-08,1.648647415e-08,4.2350328999999994e-08,2.57032328e-08,0.0001372838312,1.5649824849999998e-05,1.90826685e-06,88.0223572,30.784136700000005,1.883976905e-08,7.672483850000001,0.000330188195,0.006255913280000002,5.6824227400000004e-05,2.1079093e-06,0.000496733514,0.012735934140000002,5.6824227400000004e-05,2.1079093e-06,0.011386789900000001,3.8748906400000003,5.6824227400000004e-05,2.1079093e-06,9.096926460000001e-05,0.007539963251999999,5.6824227400000004e-05,2.1079093e-06,0.0113882547,1.6882355960000002e-07,0.00012984119099999995,0.6887240823,51.290597971400004,-0.00671118253,-0.0108221658,-0.0109490815,2.1698824900000004e-06,5.83622347e-05
113,1687756800,0.00044828955,0.0005789135560000001,0.039320467799999995,-0.87939966,0.07181469359999999,0.019695402600000002,0.0217131624,0.0170255196,3.69741359e-05,0.000374836088,0.000130751176,7.254362750000001e-09,9.12334406e-09,1.331612358e-08,2.505654565e-08,3.6615439400000005e-08,7.262957800000001e-08,9.30790781e-08,0.00020647407860000002,1.5004900199999999e-05,2.2564841999999998e-06,84.5179984,35.394064,2.34468288e-08,7.679884519999999,0.000395661289,0.01091519777,6.17771097e-05,2.7752447400000002e-06,0.000652521506,0.01877330743,6.17771097e-05,2.7752447400000002e-06,0.011435679700000001,3.91363346,6.17771097e-05,2.7752447400000002e-06,0.000106637963,0.009666617320000001,6.17771097e-05,2.7752447400000002e-06,0.01142776095,4.1458702e-07,0.000130979916,0.10088584549999995,160.34711052699998,-0.001225178606,-0.010754481399999998,-0.0109341805,2.8881583400000002e-06,6.41134597e-05
113,1687757400,0.0005375368911111111,0.0006685529433333333,-0.004590986099333332,0.31359213222222215,0.09996138333333333,0.02156145311111111,0.02345904966666667,0.019792270555555557,5.310794322222222e-05,0.00047852839666666667,0.00013112826444444445,2.4378795133333333e-08,4.3613227933333334e-08,5.1383057511111115e-08,8.013895144444446e-08,7.517026916666668e-08,1.3862900044444442e-07,1.4170965344444446e-07,0.00024446980955555555,2.078005388888889e-05,2.8412923555555555e-06,85.15032888888888,38.937991999999994,2.6348660333333333e-08,7.752266244444446,0.00042876035,0.019180568777777778,6.532628633333334e-05,3.323247955555556e-06,0.0007214838111111111,0.025289280333333334,6.532628633333334e-05,3.323247955555556e-06,0.011454470000000001,3.929214266666667,6.532628633333334e-05,3.323247955555556e-06,0.00010548026088888889,0.01476010664,6.532628633333334e-05,3.323247955555556e-06,0.011448153833333332,4.864088778888889e-07,0.00013146751333333333,1.4357945784444444,214.347405041,0.0014304546977777772,-0.010796978,-0.010963809777777778,3.6121798666666665e-06,6.878913733333333e-05
113,1687758000,0.000472187225,0.0006034714,0.04838595416,-1.20965827,0.0402387274,0.0205931102,0.0224631855,0.0181505543,2.87320688e-05,0.000316904958,0.00013153648399999999,2.59279903e-08,1.7882097200000002e-08,2.5343041639999997e-08,1.70276046e-08,3.13635603e-08,8.51341637e-08,2.995022572e-07,0.000207585239,2.58178563e-05,1.931927e-06,87.1032706,39.4870186,2.43072442e-08,7.664247619999999,0.000439421334,0.013363254200000002,7.248400479999999e-05,4.35481097e-06,0.000678291906,0.0202742607,7.248400479999999e-05,4.35481097e-06,0.011459197200000002,3.9370142900000005,7.248400479999999e-05,4.35481097e-06,0.0001189605891,0.01042966956,7.248400479999999e-05,4.35481097e-06,0.011447365800000001,6.48466351e-07,0.00013165366,-0.4188133607,66.20631187219999,-0.0029021944300000003,-0.0106317794,-0.0108987268,4.38702919e-06,7.39011441e-05
113,1687758600,0.0006107680239999999,0.000742123076,-0.14503068235,10.097895697,0.1316665189,0.023113097200000005,0.0223506825,0.018975579700000002,6.66925593e-05,0.0007255352679999999,0.00013143424999999997,5.865130832999999e-08,9.906322138000001e-08,1.2076625159e-07,1.6412215140000002e-07,1.934831357e-07,2.6131514319999996e-07,1.8844960230000002e-07,0.000259507308,3.9872667e-05,4.819122919999999e-06,89.33260500000002,44.383294500000005,2.85973952e-08,7.725636829999999,0.000470082965,0.04254407795,6.191211410000001e-05,2.7382878400000005e-06,0.000746795702,0.042141782350000004,6.191211410000001e-05,2.7382878400000005e-06,0.011467692,3.93551099,6.191211410000001e-05,2.7382878400000005e-06,0.00011361747299999999,0.015692915930000002,6.191211410000001e-05,2.7382878400000005e-06,0.01147266765,1.324925897e-06,0.00013272461699999997,2.917531832,222.17562516999996,0.013919640522999998,-0.01080337395,-0.010958370050000001,5.92033108e-06,9.71302359e-05
113,1687759200,0.00037790241499999997,0.0005081317769999999,-0.09361081376,-0.388358888,0.08737766649999999,0.018478908999999995,0.0153754692,0.01222537302,4.34665041e-05,0.000422925186,0.000130395354,1.527416475e-08,3.279186503999999e-08,3.24042527e-08,7.339598005e-08,6.94779461e-08,9.65085489e-08,1.0514783900000002e-07,0.00014754415229999997,3.77960255e-05,3.00495557e-06,91.39775900000001,40.933986499999996,2.1009944099999998e-08,7.88865923,0.00037964150000000007,0.015259252399999998,6.8307002e-05,3.81303515e-06,0.000541545728,0.015316491619999997,6.8307002e-05,3.81303515e-06,0.0114123255,3.8988451299999993,6.8307002e-05,3.81303515e-06,9.628484229999999e-05,0.006236921760000001,6.8307002e-05,3.81303515e-06,0.011416738499999999,7.48348064e-07,0.00013094670000000002,1.4678677288999997,152.00367745,0.00331659542,-0.010713316550000001,-0.01090733395,4.78573038e-06,8.002112939999999e-05
113,1687759800,0.00017616234599999997,0.000305295686,-0.26721641799999996,3.0480686269299997,0.0915777959,0.013966794000000001,0.009337784880000002,0.005925180606,2.23725592e-05,0.00024474386499999997,0.00012917657699999997,2.38565872e-08,3.3626674579999996e-08,5.026458109999999e-08,4.56380756e-08,5.5907414199999995e-08,7.449766779999999e-08,7.62046359e-08,5.4621923499999994e-05,3.0231991e-05,2.8108243099999997e-06,95.39897199999999,34.89613909999999,1.4265508399999999e-08,8.19425622,0.00031808141599999997,0.0139976613,5.74983659e-05,2.0223986500000003e-06,0.000350979286,0.00798188103,5.74983659e-05,2.0223986500000003e-06,0.011368724899999998,3.86086423,5.74983659e-05,2.0223986500000003e-06,9.11798415e-05,0.006031911423999999,5.74983659e-05,2.0223986500000003e-06,0.01137111075,4.754222866e-07,0.00012966560499999997,1.421953538,143.7108717,0.0041890070300000005,-0.01075284185,-0.0109080877,2.40397242e-06,6.110319e-05
113,1687760400,0.000360946029,0.0004916865799999999,-0.35759329759999997,9.771143059999998,0.10575322609999997,0.017812711499999998,0.016050490100000002,0.01211286955,5.342925320000001e-05,0.0004305390480000001,0.000130782113,2.224351641e-08,2.9363161609999996e-08,3.712342047e-08,4.5726301249999996e-08,8.178359109999999e-08,1.0713335789999998e-07,1.1709404580000001e-07,0.0001505818924,2.49723169e-05,4.43115571e-06,91.3855994,37.516141899999994,2.0388363100000002e-08,8.01899456,0.00040035186400000003,0.017817816379999997,5.7310115900000004e-05,2.1214355e-06,0.000554075918,0.0156379673,5.7310115900000004e-05,2.1214355e-06,0.0114370286,3.908099600000001,5.7310115900000004e-05,2.1214355e-06,9.66027531e-05,0.007517932399999999,5.7310115900000004e-05,2.1214355e-06,0.01143609035,4.5209001e-07,0.000131170393,-0.9570714451999999,213.48063077199998,0.0037807773399999994,-0.0108059507,-0.010956741400000001,2.67933349e-06,6.51279175e-05
113,1687761000,0.00021800764800000003,0.000348274217,-0.003473287660000002,-0.37947032300000005,0.0576017577,0.015166971849999999,0.011925363999999999,0.0079502425,2.7834060100000007e-05,0.000228482343,0.00013030183399999999,6.70666211e-09,9.489622059999999e-09,1.1125151719999999e-08,1.7840008200000002e-08,3.070298040000001e-08,3.0002204300000004e-08,4.05258755e-08,6.671295349999999e-05,3.98409915e-05,2.26210888e-06,93.8600697,40.075374999999994,1.5776682899999996e-08,7.91010475,0.000318853244,0.00699721497,5.7130111600000004e-05,1.98163704e-06,0.00036083995899999997,0.00683791934,5.7130111600000004e-05,1.98163704e-06,0.0114202941,3.89872582,5.7130111600000004e-05,1.98163704e-06,9.35542749e-05,0.010886461302,5.7130111600000004e-05,1.98163704e-06,0.0114161742,2.01687628e-07,0.000130524793,-0.48889701280000003,126.7939788286,-0.0022345451620000003,-0.010830748849999999,-0.01096286805,2.0953843400000002e-06,5.86822932e-05
113,1687761600,0.00024217271099999998,0.000371843808,-0.0695119233,-0.585429668,0.04481386800000001,0.01537171175,0.01338790845,0.009262782680000001,2.1724149229999998e-05,0.00021493323699999997,0.000129705257,5.55267331e-09,9.71781771e-09,1.068324075e-08,2.0958271160000003e-08,3.2309741750000006e-08,2.7358177099999994e-08,4.25141741e-08,5.51462869e-05,6.39046451e-05,1.82902004e-06,95.8148324,49.9141892,1.654767725e-08,7.8456937600000005,0.000310499901,0.006195684,5.632695e-05,1.9680101000000003e-06,0.000309219749,0.00561052997,5.632695e-05,1.9680101000000003e-06,0.011393994550000001,3.8819117800000007,5.632695e-05,1.9680101000000003e-06,9.86352649e-05,0.012260291789999999,5.632695e-05,1.9680101000000003e-06,0.01138677105,2.055434922e-07,0.000129834826,0.6121702283000001,113.541496538,-0.00369631215,-0.01082112155,-0.01095227345,2.0133509000000003e-06,5.78338349e-05
113,1687762200,0.000382868941,0.000512762196,-0.0528292038,-0.759325532,0.050251532700000004,0.0181744413,0.0198756071,0.01552547375,3.40799197e-05,0.00033828235100000003,0.000129932492,7.4517336e-09,8.172819179999999e-09,1.322614595e-08,1.5294504349999996e-08,1.950452065e-08,2.0606908300000003e-08,3.02140108e-08,0.0001287229433,6.07574091e-05,1.76153517e-06,92.95152900000001,48.7094207,2.1229668299999997e-08,7.7106018899999995,0.00036433076799999997,0.007089450430000001,5.72825676e-05,2.10487397e-06,0.0005082370499999999,0.012244196709999999,5.72825676e-05,2.10487397e-06,0.0114005336,3.88759991,5.72825676e-05,2.10487397e-06,0.00010393308399999999,0.013118716620000002,5.72825676e-05,2.10487397e-06,0.0113972044,1.84055543e-07,0.000130081142,-1.6815934130599999,46.856708346999994,-0.007106766419999999,-0.010781209,-0.010924208150000001,2.13330587e-06,5.74302635e-05
113,1687762800,0.000406999886,0.0005363764910000001,-0.04568467197000001,-0.438703116,0.0964904449,0.018551392899999998,0.021488155999999998,0.01698801865,3.9896547e-05,0.000352403848,0.000129415271,1.5695383349999998e-08,2.169688415e-08,3.322376555e-08,4.818285849999999e-08,5.6787045799999996e-08,6.494766585e-08,1.0181759990000002e-07,0.0001566978208,4.42256263e-05,2.18455061e-06,90.1700025,44.2166458,2.19308992e-08,7.91179307,0.000385811743,0.015610322259999998,5.6706606500000005e-05,2.0647737300000003e-06,0.0005622967159999998,0.015373472269999999,5.6706606500000005e-05,2.0647737300000003e-06,0.0113829552,3.8752783299999995,5.6706606500000005e-05,2.0647737300000003e-06,0.00010873165980000001,0.01343652205,5.6706606500000005e-05,2.0647737300000003e-06,0.011371410700000001,3.8238481e-07,0.000129623527,-0.6113736999999999,275.1776334,0.0036040865300000003,-0.010765259650000001,-0.01090486515,2.2409452699999997e-06,6.071655819999998e-05
113,1687763400,0.0002843617006,0.00041432341399999994,0.21923899820000003,9.667946223,0.20209366909999998,0.01619159775,0.0165755062,0.0109503339,5.34890524e-05,0.000506202663,0.00013000307300000002,2.199297698e-08,5.6880150749999995e-08,6.94674478e-08,1.1830118500000002e-07,1.640488983e-07,2.547020278e-07,2.207294527e-07,8.881100019999998e-05,4.8703799899999994e-05,3.7027642899999998e-06,92.644554,44.401711899999995,1.77310172e-08,8.27819959,0.000362141648,0.02701294888,5.72340368e-05,2.17342327e-06,0.000420527252,0.01104062041,5.72340368e-05,2.17342327e-06,0.011403958099999998,3.8923489100000004,5.72340368e-05,2.17342327e-06,0.0001171377399,0.0174133548,5.72340368e-05,2.17342327e-06,0.011414314500000002,8.643182630000002e-07,0.00013089494899999997,-1.702623896,369.22603100000003,0.01255179892,-0.0107847426,-0.010926854599999999,3.91077127e-06,8.22705804e-05
113,1687764000,0.00020726074300000003,0.00033644208800000003,-0.02408184281,-0.5638780994999999,0.03990121750000001,0.0148621527,0.01162535474,0.007275221870000001,3.414928925e-05,0.00024626209,0.000129219764,9.61759215e-09,1.184169527e-08,1.930316487e-08,2.1776269299999997e-08,2.5990037000000002e-08,3.31785489e-08,5.251267609999999e-08,7.18639419e-05,2.98874904e-05,1.6418626e-06,87.1784997,35.5629233,1.5371865e-08,7.823950600000001,0.00031778534999999996,0.00718688599,5.6676368099999996e-05,2.09162877e-06,0.000383018712,0.007802977400000001,5.6676368099999996e-05,2.09162877e-06,0.0113677177,3.86045801,5.6676368099999996e-05,2.09162877e-06,8.926282109999999e-05,0.0057323437699999995,5.6676368099999996e-05,2.09162877e-06,0.01136817115,2.2574503899999997e-07,0.000129447604,-2.203390219,128.53393814999998,-0.00408092062,-0.01077145815,-0.010909318649999998,2.13661724e-06,5.75839562e-05
113,1687764600,0.0001991811236,0.000328430018,-0.1301479426,0.31229300899999995,0.097202967,0.0144382917,0.010237811944000001,0.006862709220000001,2.063032957e-05,0.00021228930939999995,0.000129286955,9.69069655e-09,1.9109730939999998e-08,3.0631053e-08,6.16998612e-08,6.92297348e-08,9.16866686e-08,8.424736350000001e-08,7.688975578e-05,1.9894199700000002e-05,2.38150499e-06,89.0846379,29.707110600000004,1.5047571e-08,8.26362906,0.0003388112270000001,0.01282078643,5.7239173e-05,2.13697967e-06,0.000387659092,0.00845342221,5.7239173e-05,2.13697967e-06,0.0113690996,3.8634375299999997,5.7239173e-05,2.13697967e-06,9.918389780000001e-05,0.008738274430000002,5.7239173e-05,2.13697967e-06,0.0113693316,3.6658687899999996e-07,0.000129607832,-3.72396148,194.1087073,0.00030914050000000013,-0.01075782855,-0.0109010154,2.27265777e-06,5.97954443e-05
113,1687765200,0.000424792272,0.0005556401989999999,0.027899785269999984,8.5245648165,0.1258913481,0.019133645599999995,0.0188255747,0.0146629471,4.23648447e-05,0.00037992974900000003,0.000130961477,1.5465928450000002e-08,2.959345064e-08,5.113780095e-08,8.430968460000001e-08,8.17842791e-08,1.3705696e-07,1.156392895e-07,0.00018523221700000002,2.35051245e-05,3.01349773e-06,86.70835170000001,37.3665731,2.2554581799999998e-08,7.962994759999999,0.000423823343,0.019913809900000003,6.1205726e-05,2.69921335e-06,0.0006172824440000001,0.01833101445,6.1205726e-05,2.69921335e-06,0.01144314025,3.9187833499999996,6.1205726e-05,2.69921335e-06,0.0001209566064,0.010776058425,6.1205726e-05,2.69921335e-06,0.011441948000000002,7.051670749999999e-07,0.000131542497,-2.616898096,218.15044184999996,0.0033187239300000006,-0.01070565695,-0.0109028888,3.23147317e-06,6.76158249e-05
113,1687765800,0.000712780037,0.0008435393799999999,-0.066011526,-1.154785223,0.054864174099999996,0.024124659700000002,0.0288383793,0.0243382428,3.573902549999999e-05,0.0004238918820000001,0.000130840155,9.28868305e-09,8.904639740000001e-09,1.2352602339999998e-08,1.58805117e-08,2.7767678000000004e-08,6.48465855e-08,6.28875147e-08,0.000332804815,2.1581777799999997e-05,1.7167421999999998e-06,82.24799780000001,41.0724223,3.2247665e-08,7.5223883,0.00048386995500000003,0.012212477099999999,6.319753829999999e-05,3.01414685e-06,0.000846418657,0.030524728100000002,6.319753829999999e-05,3.01414685e-06,0.011443942250000002,3.9234813799999997,6.319753829999999e-05,3.01414685e-06,0.00013200892959999998,0.01984406,6.319753829999999e-05,3.01414685e-06,0.0114337895,2.81677406e-07,0.000131011996,-0.04677966460000002,23.224983374,-0.006287236409999999,-0.010723702899999998,-0.0109106294,3.02772023e-06,6.35939343e-05
113,1687766400,0.000486801684,0.0006173150930000001,-0.0937940894,-1.086765615,0.04548888840000001,0.0203734862,0.0216756615,0.017513034099999998,3.751769829999999e-05,0.000334072557,0.00013055159900000004,8.75091336e-09,1.1411489679999998e-08,1.5195412700000002e-08,3.14503132e-08,3.09359341e-08,5.0304062e-08,5.850429000000001e-08,0.000222340877,1.91176824e-05,1.68154027e-06,83.1838528,37.8405534,2.4725880499999996e-08,7.654120180000001,0.000428918026,0.011349921099999999,5.7299140099999996e-05,2.05251829e-06,0.0006911678050000001,0.02063318495,5.7299140099999996e-05,2.05251829e-06,0.011434708600000001,3.91339441,5.7299140099999996e-05,2.05251829e-06,0.000119884787,0.01701841239,5.7299140099999996e-05,2.05251829e-06,0.0114236211,2.44227789e-07,0.000130743779,-0.459365431,33.38388028,-0.00484231075,-0.010804722300000002,-0.0109578977,2.06568098e-06,5.75420181e-05
113,1687767000,0.000664520812,0.000795011319,-0.11080764639999999,-1.08148875,0.056926737500000005,0.0227662311,0.0256132814,0.0222006776,4.70566619e-05,0.000427370178,0.00013063986399999998,7.89621674e-09,1.0714478959999999e-08,1.3843112970000002e-08,2.8073944000000006e-08,2.6447030749999998e-08,4.5114650599999995e-08,5.75055861e-08,0.0003199333125,1.032415825e-05,1.64937665e-06,79.69998999999999,36.4903124,3.0663536399999994e-08,7.57905839,0.0004659659880000001,0.01171754036,6.737970020000001e-05,3.90388064e-06,0.0008048463599999998,0.029608372699999996,6.737970020000001e-05,3.90388064e-06,0.011423481150000001,3.9079047099999995,6.737970020000001e-05,3.90388064e-06,0.0001125373489,0.01079961608,6.737970020000001e-05,3.90388064e-06,0.0114245978,4.424285440000001e-07,0.000130964517,-1.2247783179999998,24.69718968,-0.00605583749,-0.0106356998,-0.01086935785,3.95564164e-06,6.836432989999999e-05
113,1687767600,0.000522472908,0.000652308351,-0.05909499420000001,-1.0410486140000001,0.055239184399999995,0.020968456400000002,0.0234007144,0.0194630941,3.6280110000000006e-05,0.000353730607,0.000129948499,3.7140852279999996e-08,9.69471575e-09,1.101234804e-08,1.57504145e-08,2.6283684149999997e-08,3.6628519700000004e-08,4.8448939999999993e-08,0.00023994638399999998,1.9017878000000003e-05,1.96645979e-06,84.7562465,38.2883723,2.58970092e-08,7.582825690000002,0.000410291532,0.00873992761,6.511686119999999e-05,3.18692608e-06,0.000711062337,0.0221286309,6.511686119999999e-05,3.18692608e-06,0.011404897899999999,3.8963810400000005,6.511686119999999e-05,3.18692608e-06,0.000142704333,0.01814442207,6.511686119999999e-05,3.18692608e-06,0.0113966016,4.04837805e-07,0.000130285569,-0.2416132760000001,34.934621245,-0.00447845153,-0.010613291899999999,-0.01085706635,3.19848876e-06,6.435236369999999e-05
113,1687768200,0.000350427209,0.000480367748,-0.0141011154,-1.14837422,0.051976585500000005,0.0178543199,0.0162754967,0.01290039375,3.02437175e-05,0.000276308766,0.00013001970799999998,1.1235529289999998e-08,1.1308505410000002e-08,1.321231856e-08,2.0082115299999996e-08,2.213560915e-08,5.1135752799999996e-08,3.9600134799999994e-08,0.0001648127445,8.371230309999999e-06,1.7633731199999998e-06,82.455097,31.005279,2.01885285e-08,7.79439967,0.00036559764999999995,0.007759732629999999,6.08438901e-05,2.61192651e-06,0.000582601232,0.015582028200000004,6.08438901e-05,2.61192651e-06,0.0113990533,3.88532684,6.08438901e-05,2.61192651e-06,0.00010859056539999999,0.008588292220000002,6.08438901e-05,2.61192651e-06,0.01139973385,2.93890146e-07,0.000130237131,-1.235535605,96.39288633,-0.00432861178,-0.010749789749999999,-0.0109136102,2.72177678e-06,6.189802869999999e-05
113,1687768800,0.000373729452,0.0005037384960000001,0.03612515948,-0.826972793,0.0351760727,0.0180546481,0.0191255839,0.01402542813,4.0095287800000006e-05,0.00030335455250000005,0.000130047311,4.931716530000001e-09,6.200526079999999e-09,7.72046054e-09,1.1535931550000002e-08,1.67489801e-08,4.16763305e-08,3.25828263e-08,0.0001654764785,1.968344825e-05,1.535072e-06,83.8819154,32.7886803,2.0969185599999997e-08,7.648772030000001,0.000360889233,0.00704727415,5.69384061e-05,2.1501290900000002e-06,0.0005706943129999999,0.015332085210000002,5.69384061e-05,2.1501290900000002e-06,0.0114026471,3.88767304,5.69384061e-05,2.1501290900000002e-06,9.634934459999999e-05,0.011764811726,5.69384061e-05,2.1501290900000002e-06,0.011402255500000002,1.5211207759999996e-07,0.000130165275,0.17642163212,8.14980805,-0.007251306040000001,-0.010797851950000001,-0.01093891635,2.15972362e-06,5.71020314e-05
113,1687769400,0.0005452094880000001,0.0006762456300000001,-0.007236277700000002,-0.640197916,0.051039058400000004,0.020971942900000002,0.0265883114,0.0198756067,6.51048971e-05,0.000414428889,0.000131075026,5.176553130000001e-09,6.49168773e-09,9.15058604e-09,1.200544915e-08,1.769347515e-08,5.1387751600000004e-08,5.0456272e-08,0.0002068744048,6.38592966e-05,1.67597317e-06,91.59027490000001,49.4374046,2.6696832199999997e-08,7.571632740000001,0.000426217407,0.00943725603,5.80101161e-05,2.1793907999999995e-06,0.00063709904,0.01911683526,5.80101161e-05,2.1793907999999995e-06,0.0114565263,3.92619088,5.80101161e-05,2.1793907999999995e-06,0.000106530162,0.015129107969999996,5.80101161e-05,2.1793907999999995e-06,0.0114447183,1.61594185e-07,0.00013114527800000002,-0.08545357940000001,10.83385595,-0.007524297490000001,-0.010834364400000001,-0.0109759539,2.16793568e-06,5.77582975e-05
113,1687770000,0.00110396951,0.0012347038399999999,-0.03241585509,-0.814275162,0.06041434520000001,0.0286192885,0.0423762932,0.0362261057,7.055176149999999e-05,0.0006802497169999999,0.00013140418099999999,2.3697918329999998e-08,1.1181341249999998e-08,1.457078024e-08,1.93144093e-08,2.254830175e-08,4.24208451e-08,7.648877589999999e-08,0.000503781053,4.53829377e-05,1.93313282e-06,79.8659725,47.485561399999995,4.52130856e-08,7.326865410000001,0.000570111075,0.0154346221,9.01315096e-05,5.745665270000001e-06,0.001039831487,0.0459370912,9.01315096e-05,5.745665270000001e-06,0.01145088515,3.9511725000000006,9.01315096e-05,5.745665270000001e-06,0.000192426666,0.04440311412799999,9.01315096e-05,5.745665270000001e-06,0.0114431716,1.5063597779999999e-06,0.000132135548,-0.67404184722,12.570820933,-0.00453740777,-0.0105445809,-0.0108512898,6.290309990000001e-06,9.380606349999999e-05
113,1687770600,0.000944362386,0.00107518531,-0.053375069399999996,-1.259128006,0.055764201599999993,0.0277657534,0.0330010062,0.028200860700000004,8.930166499999999e-05,0.0006558466470000001,0.000130861057,6.77907883e-09,8.018994379999999e-09,1.2136138549999999e-08,1.3974242899999998e-08,2.13181864e-08,5.319098650000001e-08,4.6457307e-08,0.00044769659999999996,2.2197358600000003e-05,2.08167219e-06,78.4643851,42.6988346,3.9974812199999995e-08,7.334196890000001,0.00053183272,0.013344204600000001,5.7058057499999995e-05,2.0730099700000003e-06,0.0009705986189999999,0.040546169900000005,5.7058057499999995e-05,2.0730099700000003e-06,0.01144980635,3.92477514,5.7058057499999995e-05,2.0730099700000003e-06,0.0001105261254,0.01644701827,5.7058057499999995e-05,2.0730099700000003e-06,0.01143532465,1.50642284e-07,0.000130917642,-0.0005352395000000037,5.356241743,-0.00780111366,-0.01081872115,-0.01095840785,2.08436167e-06,5.6965906599999996e-05
113,1687771200,0.0005232198780000001,0.000654402088,-0.006497380700000002,-1.0757504079999998,0.0493140058,0.0211718041,0.0235507188,0.018413062200000004,7.73987824e-05,0.000473569623,0.00013125129900000003,6.41083408e-09,8.9436914e-09,1.17510073e-08,1.1743462039999999e-08,1.746703055e-08,5.67724429e-08,3.57707891e-08,0.00020413118140000003,5.55415908e-05,1.7096957899999999e-06,86.2761476,47.70058060000001,2.5983252800000003e-08,7.470047579999999,0.00042835890600000006,0.009328406899999999,6.012139559999999e-05,2.47959111e-06,0.0006440701510000001,0.019066235699999996,6.012139559999999e-05,2.47959111e-06,0.011461714100000001,3.9290032800000008,6.012139559999999e-05,2.47959111e-06,9.550873109999999e-05,0.010526202128000001,6.012139559999999e-05,2.47959111e-06,0.011455786150000001,2.3545343259999999e-07,0.00013147168100000002,-0.12070319109999998,2.697413924,-0.00842521178,-0.0107915014,-0.010952206700000001,2.48758256e-06,6.0409241700000004e-05
113,1687771800,0.000824939406,0.000955676739,-0.07844932169999999,-0.593245666,0.053551634300000005,0.0247290816,0.034876064799999995,0.0280133548,7.723323629999999e-05,0.000572285926,0.00013085659499999998,6.77545952e-09,7.511870249999999e-09,8.38629313e-09,1.557842435e-08,2.3342495599999997e-08,2.55937458e-08,4.1217083499999996e-08,0.00034022916900000003,7.05224549e-05,1.4628167200000003e-06,86.4827589,51.27974329999999,3.5960565000000004e-08,7.3576260399999995,0.000483191647,0.011737328739999999,6.60071086e-05,3.4427363699999997e-06,0.000822199494,0.0304974934,6.60071086e-05,3.4427363699999997e-06,0.01144375995,3.9280352499999998,6.60071086e-05,3.4427363699999997e-06,0.000126677624,0.02333173335,6.60071086e-05,3.4427363699999997e-06,0.0114397807,3.24171338e-07,0.00013119407900000001,-0.27877462717,2.6481176914000004,-0.00887570586,-0.0106693249,-0.010879604400000001,3.5037676400000006e-06,6.627415280000001e-05
113,1687772400,0.001066755407,0.0011974868899999997,-0.00765967756,-1.132369041,0.06228940039999999,0.0291910035,0.0367136201,0.029963414900000002,0.000192229881,0.0009325546740000001,0.000130778641,1.629945494e-08,1.4110079230000002e-08,1.3955685129999998e-08,2.23302928e-08,3.0724576e-08,2.7159695099999997e-08,5.95027818e-08,0.000455478073,7.59400541e-05,1.7232192400000002e-06,84.5486804,52.80570200000001,4.39808745e-08,7.282580350000001,0.0005501486199999999,0.015531234600000002,5.87501165e-05,2.38848767e-06,0.00092216881,0.0414347677,5.87501165e-05,2.38848767e-06,0.0114508881,3.9368025,5.87501165e-05,2.38848767e-06,0.0001411753895,0.041608285440000004,5.87501165e-05,2.38848767e-06,0.0114341572,2.55459407e-07,0.000130996361,-0.12324303700000001,3.3616458196000005,-0.00821874141,-0.0107293796,-0.0108996468,2.4397596700000004e-06,5.90250064e-05
113,1687773000,0.000589787286,0.00072033902,-0.029396096150000002,-0.972431433,0.04818897069999999,0.022004585799999997,0.024900760199999997,0.0192755881,0.00010692262320000003,0.0005555419029999999,0.000130652061,1.3171063010000001e-08,1.2289710220000001e-08,1.669361841e-08,1.8808474799999998e-08,2.5440282199999995e-08,9.8429567e-08,4.58219472e-08,0.00023472660150000002,5.794467699999999e-05,1.8820863200000003e-06,84.77287140000001,49.4694327,2.8117072e-08,7.526038099999999,0.000448769127,0.0120987715,6.10467859e-05,2.56278475e-06,0.0006445192829999999,0.02186764544,6.10467859e-05,2.56278475e-06,0.011439146100000002,3.92335012,6.10467859e-05,2.56278475e-06,0.00013500870089999998,0.02547251693,6.10467859e-05,2.56278475e-06,0.0114314095,2.95599007e-07,0.00013097441299999999,-0.6224072656,8.32982924,-0.007970779809999998,-0.0107461386,-0.010922168149999998,2.5973971700000004e-06,6.13712529e-05
113,1687773600,0.0006196132539999999,0.000750904745,0.0061265378999999995,-0.713566323,0.05186408220000001,0.0222164507,0.029550901600000002,0.022163176299999997,7.45179709e-05,0.0004697456900000001,0.000131526603,2.507535148e-08,2.205470338e-08,1.885694845e-08,7.04748777e-08,3.3272211800000006e-08,3.4940659e-08,4.72819968e-08,0.00022615306359999998,8.16424984e-05,1.51528875e-06,86.88121749999999,53.63007660000001,2.9158354600000003e-08,7.480130239999999,0.0004972087659999999,0.01423114415,7.05286648e-05,3.78053518e-06,0.0006776532,0.021474157599999998,7.05286648e-05,3.78053518e-06,0.0114599971,3.93658923,7.05286648e-05,3.78053518e-06,0.0001235552031,0.010329712783,7.05286648e-05,3.78053518e-06,0.011459767800000001,7.961524839999999e-07,0.00013204223700000002,0.17712864879999995,17.21532009,-0.0031792283699999995,-0.010515322050000001,-0.01077146825,3.9002293e-06,7.089608390000002e-05
113,1687774200,0.00099631762,0.001127982514,-0.01680916571,-0.3766910376,0.06690204350000001,0.026655012899999997,0.043763835900000006,0.0331510114,9.71609739e-05,0.0006496098969999999,0.000131702792,6.006025910000001e-09,7.36513632e-09,8.733437630000001e-09,1.4337042099999998e-08,2.31233186e-08,2.93083188e-08,6.46162661e-08,0.000317246555,0.000178462448,2.24794204e-06,93.47217199999999,68.68713,4.16533973e-08,7.342053449999999,0.000517748511,0.013711361350000001,5.82231932e-05,2.12845139e-06,0.0008024772639999998,0.0287445745,5.82231932e-05,2.12845139e-06,0.011509644000000003,3.983202730000001,5.82231932e-05,2.12845139e-06,0.00014227142200000001,0.05180326298,5.82231932e-05,2.12845139e-06,0.01147456295,1.47671787e-07,0.000131814381,0.02266793406,3.4290893749999993,-0.00834588476,-0.0108630722,-0.0110023068,2.1079414700000005e-06,5.770747390000001e-05
113,1687774800,0.0006317608169999999,0.0007634644159999999,-0.044871761185,-0.518692069,0.049614013799999995,0.0221236702,0.030038416699999997,0.0219006685,5.3536790999999994e-05,0.000424251046,0.000132033503,2.608967562e-08,1.714412731e-08,1.2098030059999999e-08,2.34990279e-08,2.483211555e-08,3.794641e-08,6.587097280000001e-08,0.00018168230749999998,0.00013129069550000004,2.35678162e-06,95.6276644,63.55657219999999,2.9590506700000007e-08,7.424142659999999,0.000455076264,0.01155938068,7.69269797e-05,4.9619563400000005e-06,0.000612108614,0.0176825599,7.69269797e-05,4.9619563400000005e-06,0.0114931471,3.97408614,7.69269797e-05,4.9619563400000005e-06,0.0001610484856,0.029211706629999994,7.69269797e-05,4.9619563400000005e-06,0.011476456749999999,8.67201734e-07,0.00013257634100000002,-0.5935507651,9.576255563,-0.006651454940000001,-0.010617320449999999,-0.01088644845,5.06930087e-06,7.71343682e-05
113,1687775400,0.0011548170820000001,0.001286423356,-0.008954344299999997,-0.23323331139999998,0.1030156435,0.027970324100000006,0.04792646269999999,0.037913657399999995,9.46304144e-05,0.0007477241890000001,0.000132001454,7.440481756999999e-08,7.232799546e-08,7.546243168999999e-08,7.063057734999998e-08,8.38336677e-08,6.51094408e-08,8.369880719999999e-08,0.000393530867,0.000180878959,2.07075793e-06,91.88299559999999,67.6352843,4.69400302e-08,7.270116310000001,0.0005745763489999999,0.026164052599999998,8.203636289999999e-05,5.722326459999999e-06,0.000892030765,0.0448051258,8.203636289999999e-05,5.722326459999999e-06,0.01150427295,4.00918255,8.203636289999999e-05,5.722326459999999e-06,0.00018063972999999997,0.06896363563999999,8.203636289999999e-05,5.722326459999999e-06,0.0114866986,1.5186018009999998e-06,0.00013326887899999998,2.6491918759999993,202.7680553377,0.006602051870000002,-0.010549445200000002,-0.0108657296,7.5255057799999996e-06,0.00010146027590000001
113,1687776000,0.001293362976,0.00142441831,0.009251584539,-0.186048656,0.0794274245,0.029069260899999998,0.054339157799999996,0.0431263161,7.493095370000001e-05,0.0007407538300000001,0.00013113409599999998,8.606689919999999e-09,9.411285100000002e-09,1.0528716750000001e-08,3.0705147300000005e-08,3.5140937270000004e-07,3.6471471100000006e-08,4.1440029300000004e-08,0.000416132668,0.00022833643900000003,1.5897298000000003e-06,93.05725319999999,72.1655039,5.1512422e-08,7.01440683,0.000656207794,0.0320973896,6.24262157e-05,2.8362139e-06,0.0009249881950000002,0.037219758000000006,6.24262157e-05,2.8362139e-06,0.0114576222,3.9398491200000003,6.24262157e-05,2.8362139e-06,0.000131732705,0.035459999299999996,6.24262157e-05,2.8362139e-06,0.011443022850000002,8.271467430000001e-07,0.00013174697299999998,-0.03682481174499999,9.117370138499998,-0.0062105476100000005,-0.010483897250000002,-0.010740682,3.0607289700000005e-06,6.104526429999999e-05
113,1687776600,0.0014060231750000001,0.00153683007,0.008717173566,-0.1536195522,0.0726022181,0.0297362264,0.0574892532,0.0456388924,5.92563014e-05,0.0007582752229999999,0.00013098970499999998,1.07107432e-08,9.359906310000002e-09,9.850756760000001e-09,2.05454026e-08,7.681366289999999e-08,2.45153229e-08,4.8785791200000004e-08,0.000456231922,0.00024442060999999997,1.95444882e-06,92.7501154,72.8894045,5.52567715e-08,7.015842930000001,0.0006280294700000001,0.0195635601,7.50410402e-05,4.13005137e-06,0.0009667892170000001,0.041011132299999996,7.50410402e-05,4.13005137e-06,0.011464671,3.96584084,7.50410402e-05,4.13005137e-06,0.0001757256695,0.06015153794000001,7.50410402e-05,4.13005137e-06,0.0114392357,5.41858224e-07,0.000131398363,-0.949407038,9.808338245999998,-0.00679611686,-0.01053191635,-0.010732419699999999,4.0238084499999994e-06,7.484996789999999e-05
113,1687777200,0.0014374251900000003,0.00156854212,0.02265883915,-0.2962461871,0.07946492549999999,0.030947829700000002,0.05778926360000001,0.045526390099999994,5.59617245e-05,0.000735580746,0.00013126489499999997,9.395487629999999e-09,6.9993347900000005e-09,9.36516515e-09,1.8318577e-08,2.48673777e-08,2.84621409e-08,4.00122086e-08,0.00041957758999999994,0.000296819727,2.01040094e-06,97.6821321,77.2697226,5.6345352899999994e-08,7.08123683,0.000622013286,0.018609758,7.22062664e-05,4.28823461e-06,0.0009504071240000001,0.0383735112,7.22062664e-05,4.28823461e-06,0.0114969636,3.9941425199999996,7.22062664e-05,4.28823461e-06,0.000169748025,0.0690112615,7.22062664e-05,4.28823461e-06,0.0114590923,3.940083540000001e-07,0.000131706121,-0.5516556621000002,9.747119953999999,-0.007453146965,-0.010653331200000001,-0.01087768615,4.26328994e-06,7.121020370000001e-05
113,1687777800,0.0016023791800000003,0.00173379958,0.028209816,-0.48757968150000003,0.0760148203,0.03344537909999999,0.060526848499999994,0.0463139142,5.076027770000001e-05,0.000798962533,0.000131459343,4.812623390000001e-09,5.256315260000001e-09,5.6876872100000004e-09,1.06222771e-08,1.58778532e-08,1.9574301100000002e-08,3.85172865e-08,0.00033025910699999996,0.0004689450919999999,1.82066868e-06,103.0981735,93.9006279,6.18256457e-08,7.01402959,0.000640063405,0.0188466939,6.11122913e-05,2.2157409400000005e-06,0.0008345996089999998,0.030145938699999996,6.11122913e-05,2.2157409400000005e-06,0.011516320399999998,4.02919615,6.11122913e-05,2.2157409400000005e-06,0.000178258124,0.11398050582000001,6.11122913e-05,2.2157409400000005e-06,0.0114602591,1.281648103e-07,0.00013146601899999998,-0.0003569649000000036,0.9819044809299999,-0.0094818794,-0.0108879299,-0.01101695605,2.04824114e-06,5.7995350699999995e-05
113,1687778400,0.0013399397400000001,0.0014716859399999999,0.0393735283,-0.811712233,0.0726397159,0.031701265299999996,0.05122656400000001,0.0388511858,2.74192454e-05,0.000673118297,0.000132376539,1.316551513e-08,1.124864818e-08,1.4368145559999997e-08,1.669476782e-08,2.34038537e-08,1.12919133e-07,7.088017649999999e-08,0.00019617624399999997,0.000470985078,1.8968218e-06,107.49006749999998,100.8605854,5.3057819200000006e-08,7.0400756,0.000619837736,0.0197627667,8.03910492e-05,4.8207857100000005e-06,0.000656000631,0.0187349233,8.03910492e-05,4.8207857100000005e-06,0.011540914900000001,4.06757142,8.03910492e-05,4.8207857100000005e-06,0.0002181577778,0.1214895126,8.03910492e-05,4.8207857100000005e-06,0.01149145625,1.433403563e-06,0.00013319841499999998,-0.22051060309999998,7.550193048,-0.0056333581906,-0.0106800681,-0.010980945850000002,4.95295501e-06,7.7417635e-05
113,1687779000,0.00133572802,0.0014669563000000003,0.0389111417,-1.13671555,0.062476907000000005,0.032565078000000004,0.044663863299999995,0.039151194400000006,6.75016938e-05,0.000723813538,0.000131388846,5.313930790000001e-09,5.27905121e-09,5.73535722e-09,9.947882749999999e-09,1.1490621800000002e-08,1.711078435e-08,2.41201529e-08,0.000304290349,0.00036144727800000007,1.8739199800000002e-06,102.56920199999999,88.357795,5.2951133500000003e-08,6.97450999,0.000582178285,0.015811518150000002,6.223149420000001e-05,2.67654618e-06,0.0007758722410000001,0.027360891900000007,6.223149420000001e-05,2.67654618e-06,0.0114904271,3.9820892999999997,6.223149420000001e-05,2.67654618e-06,0.00017254226249999998,0.0633043172,6.223149420000001e-05,2.67654618e-06,0.011454614700000003,3.853303286e-07,0.000131594206,-0.22858448819999996,13.2195380581,-0.0082608492,-0.0107856289,-0.010980258,2.74062824e-06,6.192183540000001e-05
113,1687779600,0.0014260659599999999,0.00155696089,0.0234042927,-0.755696535,0.07758986749999999,0.032552378300000004,0.051264064399999996,0.0402762289,8.975611600000001e-05,0.0008360929769999999,0.000131098077,3.9935705039999996e-08,3.833537645e-08,2.5389064339999998e-08,2.9178894990000004e-08,4.1005704900000004e-08,4.36431182e-08,5.3378922499999995e-08,0.000245544037,0.00046494788100000006,2.06532715e-06,98.077996,98.285566,5.592141189999999e-08,7.108135679999999,0.0006399411420000001,0.0212865492,6.905788090000001e-05,4.00113607e-06,0.0006902720379999999,0.024139788869999994,6.905788090000001e-05,4.00113607e-06,0.0114628146,3.96466116,6.905788090000001e-05,4.00113607e-06,0.00017936023299999995,0.06581377159999999,6.905788090000001e-05,4.00113607e-06,0.0114436261,6.92835855e-07,0.00013161647,-0.1865908521,4.38312083,-0.00611738474,-0.01054879715,-0.0108078103,4.01074951e-06,6.80474713e-05
113,1687780200,0.0013222550499999998,0.00145350648,0.0360188871,-1.051965035,0.06420195940000001,0.031999289800000004,0.046876430299999994,0.0388886861,3.376074875e-05,0.000665772976,0.00013156685600000003,5.2603839e-09,5.1194402299999994e-09,6.47115487e-09,9.72467196e-09,1.35435338e-08,1.7375373800000002e-08,3.62255806e-08,0.00018559758470000002,0.0004730809390000001,2.0252861e-06,109.8379884,102.7087675,5.247100739999999e-08,7.12091198,0.0005977703349999999,0.0164902609,7.897815519999999e-05,5.74916048e-06,0.0005927889489999999,0.016964045830000003,7.897815519999999e-05,5.74916048e-06,0.011510107099999998,4.03063925,7.897815519999999e-05,5.74916048e-06,0.000185704798,0.1006228652,7.897815519999999e-05,5.74916048e-06,0.0114596121,7.13101579e-07,0.00013203675299999998,-0.8655837478,5.523246348000001,-0.00846106422,-0.010594886500000001,-0.010834946750000001,5.6849597000000006e-06,7.970011719999999e-05
113,1687780800,0.00259528297,0.0027270297699999997,0.0221503361,-1.2463533500000001,0.0879026834,0.045348116300000005,0.067389557,0.0582017767,0.0001400812767,0.00139809532,0.00013183110200000003,1.4671952799999999e-08,1.7204537690000003e-08,2.5014409750000002e-08,3.388423446e-08,5.108161379999999e-08,1.2532529472e-06,6.517466099999999e-08,0.000901985623,0.00039214587499999997,1.9331578999999997e-06,90.54512550000001,73.496943,9.476107200000001e-08,6.84533656,0.000879680104,0.062070841999999994,6.62922037e-05,3.0793583099999994e-06,0.0013828225900000002,0.08194748939999999,6.62922037e-05,3.0793583099999994e-06,0.0115251559,4.02977849,6.62922037e-05,3.0793583099999994e-06,0.000189122895,0.10227331931999999,6.62922037e-05,3.0793583099999994e-06,0.011482300800000001,5.428645e-07,0.000132373851,-0.4217926699,23.3299819615,-0.006284181679999999,-0.01078412055,-0.01096807185,3.17434492e-06,6.43159695e-05
113,1687781400,0.004166646299999999,0.00429844299,0.026579461999999998,-1.29630246,0.1082658061,0.0583212935,0.08970273840000001,0.07710235400000001,0.00011141850500000002,0.00194301133,0.000131901695,8.64767058e-09,9.10574765e-09,1.1847558039999999e-08,2.01393372e-08,2.4841959799999995e-08,5.94717609e-08,8.743561e-08,0.00166210901,0.00041882515899999996,2.04038518e-06,88.80030280000001,66.3582013,1.46991685e-07,6.59293796,0.00098800473,0.047419038499999996,6.66042717e-05,3.1793199699999996e-06,0.00187545963,0.14730376750000002,6.66042717e-05,3.1793199699999996e-06,0.011540395250000002,4.06052903,6.66042717e-05,3.1793199699999996e-06,0.000200212372,0.12657199830000002,6.66042717e-05,3.1793199699999996e-06,0.01147986495,2.8829506000000003e-07,0.00013207606000000002,-0.31211302620000003,2.9656649739,-0.008753938900000001,-0.0107973614,-0.0109610867,3.1682032600000004e-06,6.53799471e-05
113,1687782000,0.00386701437,0.00399785409,0.0454455285,-0.8934751649999999,0.1147535033,0.053131684,0.09454038309999999,0.0790149099,0.000129494303,0.00187229432,0.000131073511,1.633081667e-08,1.138246565e-08,1.5556556609999997e-08,2.256847595e-08,2.55296207e-08,4.6692260100000004e-08,1.222746312e-07,0.0013841482840000001,0.000545613691,3.2398325999999996e-06,95.5436097,73.99382299999999,1.3699079100000002e-07,6.577968490000001,0.000925077593,0.0455152627,7.81451205e-05,4.83195111e-06,0.00170715548,0.1226447678,7.81451205e-05,4.83195111e-06,0.0114852768,4.0067948499999995,7.81451205e-05,4.83195111e-06,0.000192011285,0.08317950589999999,7.81451205e-05,4.83195111e-06,0.011434545899999999,5.96655143e-07,0.00013134581,-0.8873252704999999,14.73003199,-0.006592379038999998,-0.0106614875,-0.01087238165,4.9369364200000005e-06,7.811167669999999e-05
113,1687782600,0.00284372766,0.0029743216699999993,0.053075823499999994,-0.7422795520000001,0.09994055129999999,0.044968565599999996,0.08190250000000002,0.06780206889999998,0.00014920024959999998,0.00146408019,0.000130758482,1.2630321740000002e-08,6.37800602e-09,8.451352699999999e-09,1.2460030450000001e-08,1.614057871e-08,2.223976585e-08,3.85896116e-08,0.0009222816249999998,0.000495995616,3.2712559800000003e-06,98.4509224,78.05859749999999,1.0295911750000002e-07,6.728106339999999,0.000783167592,0.0319682512,6.759229610000001e-05,3.3261771e-06,0.00139896746,0.0821025343,6.759229610000001e-05,3.3261771e-06,0.011461912150000001,3.96950834,6.759229610000001e-05,3.3261771e-06,0.00018680458400000002,0.07420758368,6.759229610000001e-05,3.3261771e-06,0.0114297589,3.909613375999999e-07,0.00013103149500000001,-0.20510890130000003,2.714198181,-0.00888340864,-0.010769414199999999,-0.01093747065,3.3083965e-06,6.58947048e-05
113,1687783200,0.00225892549,0.0023900042000000003,0.06467684,-0.43425709800000006,0.121128698,0.0391696969,0.07252721409999999,0.057901768199999995,0.0001238720219,0.0013479119059999999,0.00013149013300000001,2.0040024703999996e-07,3.4398777735999994e-07,4.282311902000001e-07,5.546826852999999e-07,3.8470961709999996e-07,5.20582217e-07,5.604486608999999e-07,0.0006066843930000001,0.0005152073800000002,4.1399791300000005e-06,97.4240114,87.52781050000002,8.33481035e-08,7.0065449,0.0007692039389999999,0.10403310120000002,7.438880749999999e-05,4.3090957e-06,0.001144751328,0.0882055217,7.438880749999999e-05,4.3090957e-06,0.011525636550000001,4.074365070000001,7.438880749999999e-05,4.3090957e-06,0.0002251126966,0.14990154531,7.438880749999999e-05,4.3090957e-06,0.0114932604,4.5217677154000015e-06,0.000135594288,-0.07287316300000002,22.299998862000002,0.006744566799999997,-0.01060119715,-0.0109116504,1.0876507190000001e-05,0.0001255337019
113,1687783800,0.00240763497,0.00253870355,0.0215483171,-0.9009175249999999,0.0906402673,0.0417262613,0.07027714649999998,0.05827677830000001,0.00012624509320000003,0.00125600483,0.00013125737399999996,1.0166014090000001e-08,7.4224612e-09,9.543799729999998e-09,1.4321305000000003e-08,1.61095836e-08,2.61351301e-08,3.9738428000000006e-08,0.000642320231,0.0005582723770000001,2.89361342e-06,95.6729155,87.8769184,8.850561200000001e-08,6.703465679999999,0.000743551808,0.0273140163,6.826260309999999e-05,3.5741623699999993e-06,0.001145536307,0.056832823899999996,6.826260309999999e-05,3.5741623699999993e-06,0.011499188349999998,4.0163990300000005,6.826260309999999e-05,3.5741623699999993e-06,0.00021355264599999998,0.10338246920000001,6.826260309999999e-05,3.5741623699999993e-06,0.011452524549999999,4.432719535e-07,0.000131603806,-0.65441238243,6.623945480000001,-0.00775922308,-0.010726350700000001,-0.01093410645,3.6160577799999997e-06,6.774180999999999e-05
113,1687784400,0.00420634288,0.00433768413,0.030291673500000005,-1.111662467,0.11276594250000001,0.056326107,0.0924028218,0.07755236709999999,0.00011713643110000002,0.00215271923,0.00013145831,9.894864279999999e-09,8.70354066e-09,1.066152832e-08,1.86789766e-08,4.072200509999999e-08,3.4974733199999995e-08,6.434797600000001e-08,0.001556362036,0.000543605586,2.8315116800000004e-06,96.6817765,74.26683460000001,1.4812707460000001e-07,6.6874809299999995,0.0009575658729999998,0.047077463099999994,6.549374860000001e-05,3.12626273e-06,0.00175679062,0.1371529635,6.549374860000001e-05,3.12626273e-06,0.011522454350000001,4.04324646,6.549374860000001e-05,3.12626273e-06,0.000219137013,0.11814518259,6.549374860000001e-05,3.12626273e-06,0.011458702750000003,3.199973305e-07,0.00013162213200000004,-0.5043155282,4.720115615999999,-0.008409150479999999,-0.01074544355,-0.0109307285,3.0611288800000004e-06,6.42230139e-05
113,1687785000,0.00373176317,0.0038630077799999994,0.0449278882,-0.914637664,0.1110783926,0.052226195499999996,0.09146529210000001,0.0771773569,0.0001601950445,0.0018455869000000003,0.00013128391500000003,1.028737511e-08,9.33819139e-09,1.154657057e-08,2.51975313e-08,3.29534056e-08,3.1979962600000004e-08,5.325099200000001e-08,0.00141744985,0.0004456733660000001,2.52945175e-06,92.6195635,70.04175219999999,1.32542298e-07,6.65365285,0.000894381304,0.0414448921,6.0142326000000006e-05,2.1917766299999996e-06,0.0017142738500000002,0.1245617255,6.0142326000000006e-05,2.1917766299999996e-06,0.01150830385,4.021344549999999,6.0142326000000006e-05,2.1917766299999996e-06,0.000181948525,0.09726799972,6.0142326000000006e-05,2.1917766299999996e-06,0.01145582815,1.6237614000000003e-07,0.00013139922099999996,-0.01732116106,0.43993289519999995,-0.009507523700000001,-0.010801298700000002,-0.010946910399999999,2.07838133e-06,5.755893609999999e-05
113,1687785600,0.0043270575,0.0044584021699999995,0.0392715485,-1.1273680330000002,0.11816610590000001,0.0580751035,0.0944278854,0.0814899899,0.00024997020590000003,0.0022752275699999993,0.000131388871,1.3189028750000002e-08,1.139036512e-08,1.6270476629999997e-08,4.89941453e-08,3.18398749e-08,3.72759856e-08,6.449148429999999e-08,0.00181011957,0.00035086582,2.26887058e-06,88.452473,63.333957,1.5236542489999999e-07,6.62658235,0.000980976973,0.0481501661,6.0002385900000003e-05,2.2166330900000005e-06,0.0019244504299999999,0.1573104475,6.0002385900000003e-05,2.2166330900000005e-06,0.01151144365,4.025061459999999,6.0002385900000003e-05,2.2166330900000005e-06,0.00019260312199999999,0.10318132751,6.0002385900000003e-05,2.2166330900000005e-06,0.0114634474,2.02538036e-07,0.000131613697,0.0437759208,0.22814528700000003,-0.00932595,-0.010721929,-0.010883645899999999,2.0613074700000003e-06,5.74668453e-05
113,1687786200,0.00435181937,0.0044836773500000005,0.039248324099999995,-1.0616171399999998,0.1146785014,0.057899222800000004,0.0973904725,0.0841150646,0.0001605887134,0.00211565363,0.00013204243300000003,1.800702811e-08,1.730163106e-08,1.913650444e-08,5.1102586000000005e-08,3.26755066e-08,4.30653733e-08,7.820016830000001e-08,0.0017837512699999999,0.00038924134700000005,2.44647964e-06,86.520145,64.5840423,1.5322750799999996e-07,6.71648361,0.000974168571,0.04812522250000001,7.206149300000001e-05,3.6369605500000003e-06,0.00193174542,0.155683849,7.206149300000001e-05,3.6369605500000003e-06,0.0115300715,4.035305429999999,7.206149300000001e-05,3.6369605500000003e-06,0.00021765477100000002,0.09377037225,7.206149300000001e-05,3.6369605500000003e-06,0.0114748649,4.68617152e-07,0.000132142149,-0.5171409240599999,5.487209924399999,-0.00834021162,-0.01068275825,-0.010873271899999998,3.3553221100000007e-06,6.876694259999999e-05
113,1687786800,0.00358575357,0.00371749113,0.04193060750000001,-0.9218982280000001,0.1081158002,0.051499984799999995,0.09094027549999999,0.07623982590000002,8.77289473e-05,0.00172270331,0.000131824729,1.3773079950000002e-08,1.506854595e-08,1.783588444e-08,4.528782289999999e-08,2.70680905e-08,4.0000874659999994e-08,5.83080157e-08,0.00132448734,0.00046556699799999996,2.50763843e-06,92.333337,71.23184599999999,1.27706038e-07,6.71583899,0.0008957415959999999,0.0411373775,6.44395398e-05,2.9398253400000002e-06,0.00167277406,0.11638306650000001,6.44395398e-05,2.9398253400000002e-06,0.0115257866,4.01788698,6.44395398e-05,2.9398253400000002e-06,0.000187099422,0.07946840850000002,6.44395398e-05,2.9398253400000002e-06,0.01147976335,3.10008746e-07,0.000132095662,-0.3992902468050001,3.1417576817500006,-0.0088705354,-0.0107030789,-0.01087366705,2.9118488099999996e-06,6.38029715e-05
113,1687787400,0.00283087276,0.00296252851,0.04141073459999999,-1.108645324,0.092477821,0.0468496824,0.0754898036,0.06258941110000002,6.453737460000001e-05,0.00133535036,0.00013176768399999998,1.3919653789999999e-08,1.090616605e-08,1.4473238239999999e-08,4.40704093e-08,4.20851886e-08,3.2869344e-08,5.4021065e-08,0.0009609197649999999,0.000450366267,3.81823923e-06,94.8096661,75.3514578,1.0253189109999998e-07,6.773774970000001,0.0008378173690000001,0.0344682235,6.95179048e-05,3.2420163399999996e-06,0.0014268997500000002,0.0849360527,6.95179048e-05,3.2420163399999996e-06,0.011512035099999998,4.012754769999999,6.95179048e-05,3.2420163399999996e-06,0.0001958622064,0.08907121050000001,6.95179048e-05,3.2420163399999996e-06,0.0114676001,3.6733970300000004e-07,0.000131873332,-0.34872451289999995,2.6331073167,-0.00878771327,-0.010624019250000002,-0.010812608649999998,3.0121174600000006e-06,6.52952704e-05
113,1687788000,0.0031292190899999996,0.0032607034399999998,-0.00929240466,-0.561738368,0.1159910405,0.0461140138,0.086027627,0.0679895743,6.605399080000001e-05,0.0014391483800000001,0.00013152872,5.63397778e-08,1.111834922e-08,1.3814919e-08,2.1795419600000002e-08,4.98927116e-08,2.87259958e-08,1.244325949e-07,0.000655252529,0.0008929989040000001,1.60073104e-05,106.423912,99.94240959999999,1.123906715e-07,6.963460899999999,0.0009031338670000002,0.0386989355,6.471816909999999e-05,2.49964345e-06,0.00117224583,0.0582812703,6.471816909999999e-05,2.49964345e-06,0.0115480939,4.10490458,6.471816909999999e-05,2.49964345e-06,0.00040285298499999995,0.19316604920000002,6.471816909999999e-05,2.49964345e-06,0.011467740550000001,3.1059659099999996e-07,0.00013182094,0.007349863100000001,-0.1718151486,-0.009273171799999999,-0.010555023899999998,-0.0107462977,2.17740806e-06,5.78206818e-05
113,1687788600,0.0032984964000000007,0.0034302840799999997,-0.005314229558,-0.5121309949999999,0.11760359000000001,0.046897038999999995,0.0903027554,0.07177719099999999,6.91619992e-05,0.00150748068,0.00013183044199999999,2.6393427950000003e-08,2.4836248000000004e-08,1.446023403e-07,5.8298661e-08,2.14281749e-08,2.5560668800000007e-08,6.93850269e-08,0.00075449304,0.000882172495,1.2147717699999998e-05,102.89079169999998,96.63509930000001,1.1807999339999999e-07,6.778720179999999,0.0009739802900000001,0.044919310000000004,6.862288640000001e-05,2.74224346e-06,0.0012876877300000002,0.07126904839999999,6.862288640000001e-05,2.74224346e-06,0.0115894498,4.18496943,6.862288640000001e-05,2.74224346e-06,0.00033125877599999995,0.27309080950000003,6.862288640000001e-05,2.74224346e-06,0.0114847874,5.76186148e-07,0.00013247731299999998,0.015548294580000002,-0.22863334799999996,-0.00820044772,-0.010262309899999999,-0.01050606855,2.19374873e-06,5.795685410000001e-05
113,1687789200,0.0026390819000000005,0.0027709463200000003,-0.0002712879269999999,-0.41331812799999995,0.108603315,0.0417447626,0.08133998220000001,0.0641269577,4.14120099e-05,0.00120035886,0.000131921801,7.75382302e-09,4.452215713e-08,1.766669338e-07,9.53466103e-08,1.6191721e-08,2.65758186e-08,4.136650150000001e-08,0.0005567140860000001,0.000752279982,1.003494835e-05,109.2824446,98.2963899,9.60075885e-08,6.96600119,0.000917408399,0.0414622641,6.460294870000002e-05,2.7431841e-06,0.0011267945699999999,0.0565504718,6.460294870000002e-05,2.7431841e-06,0.0115381406,4.05735437,6.460294870000002e-05,2.7431841e-06,0.00020548050000000003,0.12897084492,6.460294870000002e-05,2.7431841e-06,0.01148707665,7.68437416e-07,0.00013272161599999998,-0.07309790613999999,-0.07209416299999996,-0.00753116373,-0.01008941105,-0.0103522876,2.54867571e-06,6.1738169e-05
113,1687789800,0.0026622006600000004,0.00279444783,0.003827043029999999,-0.27108210600000004,0.11456599699999999,0.041294014000000004,0.08407756640000001,0.0660020146,5.14774043e-05,0.0012548925700000002,0.00013230150600000002,1.134262869e-08,9.75250016e-09,1.2332900850000001e-08,2.3505282e-07,2.438220945e-08,3.9135523e-08,6.128501810000002e-08,0.000611573218,0.00071302656,6.0338177700000004e-06,104.1628411,94.95559840000001,9.692457259999998e-08,6.98958691,0.0009321770300000001,0.0433531295,6.51098588e-05,2.72306929e-06,0.00114391587,0.0552584709,6.51098588e-05,2.72306929e-06,0.0115527936,4.06630726,6.51098588e-05,2.72306929e-06,0.00021069073799999996,0.12720337539999998,6.51098588e-05,2.72306929e-06,0.0114957262,6.49103338e-07,0.00013280160400000002,-0.045713397384,0.09399273059999999,-0.007237702809999999,-0.0102230154,-0.010463369099999998,2.48644366e-06,6.059049570000001e-05
113,1687790400,0.00278445009,0.0029158589199999997,-0.01213850542,-0.340366528,0.1114159015,0.0423388423,0.0847900869,0.0671270481,5.57295967e-05,0.0012887582,0.00013147275200000002,1.0249313099999999e-08,1.1507107100000001e-08,9.9837921e-09,2.54766309e-07,2.0827752500000002e-08,2.74937467e-08,5.29062508e-08,0.000645168138,0.000740359951,6.226857650000001e-06,102.1862886,95.152536,1.009545974e-07,6.993689690000001,0.0009491623270000001,0.044250908900000004,6.74247755e-05,2.90663962e-06,0.00116904796,0.05801840039999999,6.74247755e-05,2.90663962e-06,0.01154504765,4.0922205,6.74247755e-05,2.90663962e-06,0.000247173115,0.17640541000000004,6.74247755e-05,2.90663962e-06,0.01146512085,6.94936687e-07,0.00013214480099999997,-0.09031998021999998,-0.15163697799999998,-0.00858118316,-0.010149428899999998,-0.0103926618,2.68684828e-06,6.17462701e-05
113,1687791000,0.0016330346299999999,0.0017648208900000004,-0.024374398659999998,-0.7800982619999999,0.080664962,0.034641659799999995,0.057001739399999994,0.042488797099999996,4.7410826200000005e-05,0.000798698202,0.00013182830499999999,7.752543899999999e-09,7.70510842e-09,7.449651940000001e-09,2.341931164e-07,1.6184092000000004e-08,2.1080559899999996e-08,3.47185582e-08,0.0002174207867,0.0005928741399999999,5.84882218e-06,107.9964966,106.694641,6.28087802e-08,7.021972010000001,0.0007965782250000001,0.0313301245,6.164581840000001e-05,2.4668130100000002e-06,0.0006675407380000001,0.02061683755,6.164581840000001e-05,2.4668130100000002e-06,0.0115205736,4.02588323,6.164581840000001e-05,2.4668130100000002e-06,0.000185205883,0.10113570239999999,6.164581840000001e-05,2.4668130100000002e-06,0.011474838599999999,6.02189782e-07,0.00013227518700000001,0.00970287458,-0.5438222149999998,-0.0090716546,-0.010233487349999999,-0.010462361949999999,2.30720732e-06,5.8465440999999996e-05
113,1687791600,0.0012651221700000002,0.00139668605,0.00985777005,-1.12752088,0.0613143713,0.031792324999999996,0.0457138958,0.0358510945,1.818592905e-05,0.0006012344999999999,0.000131606337,3.8126786800000004e-09,6.7548542600000005e-09,6.96980788e-09,4.2519781099999994e-08,1.07154283e-08,1.69812319e-08,6.85019784e-08,8.68216599e-05,0.0005436523869999999,1.8630642399999999e-06,111.6743637,112.93798650000001,5.06376324e-08,7.0663851499999994,0.000619816902,0.0179963629,5.9445452799999993e-05,2.39147409e-06,0.00043112749999999996,0.008436633170000003,5.9445452799999993e-05,2.39147409e-06,0.01152344555,4.01895926,5.9445452799999993e-05,2.39147409e-06,0.0001662998646,0.09315459613000002,5.9445452799999993e-05,2.39147409e-06,0.0114724579,2.1187697999999997e-07,0.000131829737,0.06083526990000001,-0.14329813800000002,-0.0096732414,-0.010710304399999999,-0.010876921950000002,2.3122152999999997e-06,5.759002529999999e-05
113,1687792200,0.00138702017,0.00151856251,0.0002544227150000004,-0.895820638,0.06671453490000001,0.0324446035,0.050851552499999994,0.0393011996,2.89960956e-05,0.000676183834,0.00013158092299999998,8.522397380000001e-09,1.0605862059999999e-08,2.250493888e-08,4.9669777899999994e-08,1.71290104e-08,3.46431792e-08,7.2257039e-08,0.00013988003600000001,0.0005509527089999999,2.3846805700000003e-06,108.693208,109.24672760000001,5.46557149e-08,7.0694441800000005,0.000656121861,0.0213740585,6.00205868e-05,2.21023812e-06,0.000549171795,0.01363339968,6.00205868e-05,2.21023812e-06,0.0115178116,4.015966069999999,6.00205868e-05,2.21023812e-06,0.0001683748814,0.0925263183,6.00205868e-05,2.21023812e-06,0.011469496650000001,2.70983916e-07,0.00013179926200000003,1.5447724238,55.74026460930001,-0.0064782096,-0.0106757994,-0.01084652635,2.1113472e-06,5.7666527900000006e-05
113,1687792800,0.00120309909,0.00133595676,0.010702884329999999,-1.2444788299999998,0.056026711699999995,0.0313169586,0.041476267100000005,0.036676118800000004,1.7403503e-05,0.000581143625,0.00013289431800000002,3.821951430000001e-09,6.58618241e-09,5.2355906e-09,1.5987333049999997e-08,1.3405836150000001e-08,1.9789842799999997e-08,8.32630655e-08,5.71763624e-05,0.000541719343,2.45663103e-06,107.7785345,115.2329459,4.8693379500000005e-08,7.275544479999999,0.0006014610969999999,0.0166644339,5.9614117399999995e-05,2.17085458e-06,0.000345194968,0.00569802351,5.9614117399999995e-05,2.17085458e-06,0.011568484,4.0475720200000005,5.9614117399999995e-05,2.17085458e-06,0.000159944074,0.08932691405,5.9614117399999995e-05,2.17085458e-06,0.011525099200000001,1.4513903000000002e-07,0.00013297368400000002,0.05437109393,0.05590901990000001,-0.0099119912,-0.0108963051,-0.011035534699999999,2.11817331e-06,5.80496622e-05
113,1687793400,0.0012244115599999998,0.00135652258,0.0065798210166000005,-1.2757323600000001,0.05707674180000001,0.031685973299999996,0.0417387735,0.0354385823,1.7897529e-05,0.0005847831129999999,0.000132148226,3.3781883e-09,6.48639131e-09,4.619112250000001e-09,8.13468245e-09,1.0819173749999999e-08,1.6283199399999998e-08,7.1275987e-08,4.9600403300000003e-05,0.0005601611160000001,2.2769265400000003e-06,115.32248859999997,116.9430848,4.93366987e-08,7.150132139999999,0.0005988391160000001,0.01640359935,5.976544450000001e-05,2.22192726e-06,0.000301494269,0.005011850829999999,5.976544450000001e-05,2.22192726e-06,0.0115487451,4.04022795,5.976544450000001e-05,2.22192726e-06,0.0001757671306,0.1004413365,5.976544450000001e-05,2.22192726e-06,0.0114957728,1.30152947e-07,0.00013228350699999995,0.0340759061,0.7984739549700001,-0.0095978801,-0.010900854599999999,-0.0110378638,2.14990746e-06,5.84842345e-05
113,1687794000,0.00133288155,0.0014649844699999998,-0.010882520413,-1.0760836,0.06472697690000001,0.0325251823,0.0475889528,0.036413611900000004,1.9246524999999998e-05,0.000632936744,0.000132138897,3.3122890900000006e-09,6.3878755100000005e-09,4.21388534e-09,8.876836430000001e-09,1.1361891200000001e-08,2.02380996e-08,7.289497760000001e-08,9.38460382e-05,0.000570063065,2.3533066399999995e-06,112.741382,113.5189846,5.2918728000000005e-08,7.0018242399999995,0.000606234532,0.0170907763,6.144787670000001e-05,2.27799428e-06,0.000437822552,0.009097471030000002,6.144787670000001e-05,2.27799428e-06,0.011571969999999999,4.092444680000001,6.144787670000001e-05,2.27799428e-06,0.000199594335,0.15021308225000002,6.144787670000001e-05,2.27799428e-06,0.011494904099999998,1.30945296e-07,0.00013226427300000004,0.022357476639999995,0.56279072995,-0.009705748,-0.0109058878,-0.0110352062,2.1442523900000003e-06,5.82382945e-05
113,1687794600,0.001020394013,0.00115282477,-0.013858390439999998,-1.3605103,0.0549766784,0.029277061800000004,0.03495106640000001,0.030375927400000002,1.7397203799999998e-05,0.000504425153,0.000132468049,3.2062498999999997e-09,6.066906740000001e-09,4.9427165699999995e-09,8.110862230000001e-09,1.07844262e-08,3.52643237e-08,5.592617280000001e-08,2.46643651e-05,0.00048296704700000003,2.3658707400000002e-06,112.75033149999999,114.9746404,4.25742018e-08,7.228600779999999,0.0005423924409999999,0.0136271231,6.08507891e-05,2.28631303e-06,0.000230956827,0.0028745094799999997,6.08507891e-05,2.28631303e-06,0.0115541463,4.045976949999999,6.08507891e-05,2.28631303e-06,0.00017006068100000002,0.10051415656,6.08507891e-05,2.28631303e-06,0.0115093517,1.3088122500000001e-07,0.00013259683599999998,0.06463395590000001,0.26808138900000006,-0.00968666215,-0.0109107035,-0.01104572125,2.16296177e-06,5.809659300000001e-05
113,1687795200,0.000921825091,0.00105359753,-0.029236913600000004,-1.28956286,0.0487889892,0.027799982499999997,0.03322601360000001,0.027788348600000002,2.0472590300000002e-05,0.00046949359699999997,0.00013181160099999997,3.0404236999999997e-09,4.400992059999999e-09,4.34211063e-09,7.792194999999999e-09,9.849767960000002e-09,2.37514002e-08,6.08138162e-08,3.621789194e-05,0.000421778151,2.7419882999999997e-06,110.34986559999997,110.55243250000001,3.9291417099999997e-08,7.15142768,0.000518402933,0.012509026949999998,5.797437219999999e-05,2.25056044e-06,0.00026957765900000003,0.0037264798360000006,5.797437219999999e-05,2.25056044e-06,0.0115161825,3.9907846399999998,5.797437219999999e-05,2.25056044e-06,0.00014157299349999998,0.05256517966,5.797437219999999e-05,2.25056044e-06,0.0114807343,1.297514916e-07,0.00013193747699999999,0.023161542900000002,0.2566484789,-0.0098638506,-0.0108835663,-0.011018030799999998,2.25451128e-06,5.7659975199999995e-05
113,1687795800,0.00113549174,0.0012672278199999999,-0.0560403183,-1.14507413,0.058426783100000004,0.0300738023,0.040238728700000004,0.0334510206,2.33912698e-05,0.000565531362,0.00013177619300000002,4.10582359e-09,4.14142023e-09,5.44577641e-09,8.67307346e-09,1.182578395e-08,2.4103338499999998e-08,6.678928369999999e-08,0.00010441348380000001,0.00046030562600000004,2.85842397e-06,110.125946,107.07122790000001,4.6350716400000005e-08,7.109881630000001,0.000562495253,0.014989678350000002,5.87551826e-05,2.2528960399999997e-06,0.00046001350700000004,0.009787115240000002,5.87551826e-05,2.2528960399999997e-06,0.011513326950000001,3.99220941,5.87551826e-05,2.2528960399999997e-06,0.0001502427104,0.0632067495,5.87551826e-05,2.2528960399999997e-06,0.011479629849999999,1.250742731e-07,0.00013190793200000003,0.03674374540000001,0.8865652371299999,-0.0096511501,-0.0108930751,-0.011026991000000002,2.2009486999999996e-06,5.770316209999999e-05
113,1687796400,0.0010595904419999998,0.0011912627860000001,-0.053031346599999994,-1.016251639,0.0574892557,0.0288397413,0.0403887336,0.031463460799999995,2.22334346e-05,0.0005325686230000001,0.00013171503700000004,3.66729895e-09,3.69403426e-09,4.68984067e-09,8.01603435e-09,1.1008042349999998e-08,1.72949904e-08,6.57110831e-08,0.00010992759430000002,0.000416870479,2.82531835e-06,108.82657999999999,103.85039199999999,4.38455914e-08,7.036838269999999,0.000540793307,0.0139979685,5.8921805499999994e-05,2.3663434500000004e-06,0.00046593022099999996,0.010099607149999999,5.8921805499999994e-05,2.3663434500000004e-06,0.01152052475,3.99862227,5.8921805499999994e-05,2.3663434500000004e-06,0.0001488024544,0.0630044597,5.8921805499999994e-05,2.3663434500000004e-06,0.01147437035,1.3297593959999997e-07,0.000131794538,0.012544343329999996,0.34365759809999996,-0.0098024941,-0.0108724913,-0.0110091241,2.33561161e-06,5.84978698e-05
113,1687797000,0.0011375323899999999,0.0012691883899999998,-0.058713311000000004,-1.02830761,0.0593643108,0.0296601628,0.041813776600000005,0.0343885492,2.76293173e-05,0.000563977781,0.000131695565,3.64615095e-09,3.824378849999999e-09,5.0334604699999995e-09,9.10486224e-09,1.1298589450000001e-08,2.24352768e-08,6.38552584e-08,0.000153274514,0.00041199144399999997,3.3199525199999997e-06,106.2469914,99.9707315,4.6408027e-08,7.09170239,0.000552477828,0.014635005900000001,5.948205570000001e-05,2.32638929e-06,0.00057321816,0.014145528299999998,5.948205570000001e-05,2.32638929e-06,0.0115228388,4.0171946,5.948205570000001e-05,2.32638929e-06,0.0001606492965,0.09042254353,5.948205570000001e-05,2.32638929e-06,0.01147185905,1.2774291700000002e-07,0.000131732441,0.021090119200000004,0.26549399220000003,-0.00977656595,-0.01088284555,-0.01101580465,2.2677496500000002e-06,5.8156434400000004e-05
113,1687797600,0.0008165037499999999,0.000947453644,-0.0360066964,-1.2297873300000002,0.049764019300000004,0.026096888000000002,0.031350956500000006,0.0262133004,1.536246246e-05,0.00041787724799999997,0.00013098602,3.17226971e-09,3.52175975e-09,4.38582234e-09,7.83132106e-09,9.39550869e-09,2.5848648350000005e-08,4.90756392e-08,4.04320753e-05,0.0003646299830000001,3.03947603e-06,114.1880731,106.11308449999999,3.57106231e-08,7.18750432,0.00048847311,0.0111103246,5.88478473e-05,2.1569347499999997e-06,0.00028061077799999997,0.00403397886,5.88478473e-05,2.1569347499999997e-06,0.01147561435,3.96366936,5.88478473e-05,2.1569347499999997e-06,0.00014606843199999997,0.059010482100000004,5.88478473e-05,2.1569347499999997e-06,0.0114440219,1.1922479840000003e-07,0.000131085435,-0.010370316649999997,0.6397967897,-0.0096298584,-0.01088629255,-0.0110110534,2.11111267e-06,5.76468087e-05
113,1687798200,0.0007998181529999999,0.000930406146,-0.0409437845,-1.29300365,0.04507637539999999,0.025854200499999997,0.030113418700000005,0.0261382982,1.45879427e-05,0.000406682844,0.00013062605200000002,3.0978979700000005e-09,3.2423967e-09,3.89048958e-09,7.6292156e-09,8.754223799999999e-09,1.50001921e-08,5.631715689999999e-08,5.5559403950000004e-05,0.000341213961,2.9526417800000003e-06,114.2629827,102.9281575,3.51491136e-08,7.14392451,0.0004822746510000001,0.01089262005,5.76343039e-05,2.1989212199999997e-06,0.00031963518800000003,0.005385684910000001,5.76343039e-05,2.1989212199999997e-06,0.0114587299,3.95071205,5.76343039e-05,2.1989212199999997e-06,0.0001487204874,0.05565955025,5.76343039e-05,2.1989212199999997e-06,0.011430911450000001,1.210662676e-07,0.00013078730299999997,-0.0025410234000000005,0.78737782532,-0.009542634599999999,-0.010860279099999998,-0.010989003649999999,2.1669796799999997e-06,5.73114091e-05
113,1687798800,0.000741348942,0.000872158971,-0.0149165512,-1.3482873199999998,0.0458638989,0.025275357899999996,0.0286883758,0.0238882288,8.953435179999999e-06,0.000378831872,0.00013084488400000001,3.2658396899999996e-09,3.6048940500000004e-09,4.04094184e-09,7.51897418e-09,8.386609560000001e-09,1.554995059e-08,5.352343790000001e-08,1.6518960640000002e-05,0.000351314446,2.68670846e-06,117.82689099999997,107.5718791,3.32447804e-08,7.149091000000001,0.000468213186,0.01015687815,5.827180520000001e-05,2.1194035e-06,0.0001879373024,0.001982629044,5.827180520000001e-05,2.1194035e-06,0.01148035105,3.9767503199999994,5.827180520000001e-05,2.1194035e-06,0.00015458775989999997,0.07407240232,5.827180520000001e-05,2.1194035e-06,0.0114342213,1.1587122140000001e-07,0.000130857824,-0.06200875467,2.0896817763,-0.009439483199999998,-0.0108773897,-0.0110005504,2.06332348e-06,5.70645599e-05
113,1687799400,0.0006995076879999999,0.000830857132,0.018351588619999998,-1.30274641,0.0454513869,0.024560967700000002,0.028463369,0.0234757166,9.588056e-06,0.000360200275,0.000131384154,3.3122116899999995e-09,3.6061270200000006e-09,4.2707183e-09,7.87312221e-09,9.26789578e-09,1.4228753249999998e-08,5.7313429700000005e-08,1.904343136e-05,0.000328106399,2.42556564e-06,116.96744800000002,104.9960315,3.18851723e-08,7.093911199999999,0.00045772263200000006,0.009833363449999999,5.84295677e-05,2.08544714e-06,0.00019985900799999998,0.00217409005,5.84295677e-05,2.08544714e-06,0.01148936785,3.9788825,5.84295677e-05,2.08544714e-06,0.00014777249200000002,0.0679752725,5.84295677e-05,2.08544714e-06,0.011461661500000001,1.161630077e-07,0.000131486525,-0.06902790653,3.987005372,-0.009104185280000001,-0.010904595,-0.0110332309,2.04875777e-06,5.781628810000001e-05
113,1687800000,0.0006583316760000001,0.000789427601,-0.0218731856,-1.3465690699999997,0.0430888145,0.0239432464,0.026025794400000003,0.0219006684,8.361710879999999e-06,0.00033654588899999997,0.00013113494299999998,3.6419778499999996e-09,3.70371337e-09,5.2658119499999994e-09,9.20234516e-09,1.2087282249999999e-08,2.04792659e-08,7.56329926e-08,1.8122975900000002e-05,0.000308092183,2.7639093100000004e-06,113.700748,103.3279931,3.04727695e-08,7.295551280000001,0.00045662186099999997,0.010040018300000002,5.8330777e-05,2.2548184999999998e-06,0.00020525499800000003,0.0021699356599999995,5.8330777e-05,2.2548184999999998e-06,0.011479350099999999,3.9682911400000003,5.8330777e-05,2.2548184999999998e-06,0.000149129791,0.062902976,5.8330777e-05,2.2548184999999998e-06,0.011450059549999999,1.347973455e-07,0.00013123903200000002,-0.1765429714,5.6532468264,-0.0090266778,-0.0108579787,-0.0109923938,2.20183575e-06,5.73795646e-05
113,1687800600,0.0009401524570000002,0.001071360587,-0.005542611499999998,-1.068172112,0.0547891731,0.027369768300000003,0.037651149099999996,0.028988384099999997,1.6680631899999997e-05,0.000471226744,0.00013124463899999997,4.0460211400000006e-09,4.416520919999999e-09,7.0349583699999994e-09,1.171732495e-08,1.80570924e-08,2.9517209200000003e-08,9.67205068e-08,7.993807035e-05,0.00038672169299999997,3.1912117399999994e-06,109.48510100000001,104.3333754,3.97648754e-08,7.304838090000001,0.000542530774,0.014192268599999999,5.880894719999999e-05,2.18279123e-06,0.000388463155,0.0077266012100000005,5.880894719999999e-05,2.18279123e-06,0.0114989914,3.9928345399999996,5.880894719999999e-05,2.18279123e-06,0.00016048900099999998,0.07654213697999998,5.880894719999999e-05,2.18279123e-06,0.011450980849999999,1.43987851e-07,0.000131269649,-0.12460495820000002,2.7562280335000002,-0.0089825503,-0.0108422135,-0.010978856700000001,2.09382258e-06,5.7166194100000004e-05
113,1687801200,0.0012490804600000002,0.00138006705,-0.028897693800000002,-1.2089609399999999,0.06180188689999999,0.031395309999999996,0.0418887789,0.0346135566,3.63566086e-05,0.000616219038,0.000131022438,4.79216423e-09,5.15360913e-09,6.941171810000001e-09,1.054100895e-08,1.419305975e-08,1.987315055e-08,6.35116504e-08,0.0001692874033,0.000452050726,3.0169408899999997e-06,112.4477896,104.40209870000001,5.00487594e-08,7.1155531199999995,0.0005850337179999999,0.01616862885,5.92029599e-05,2.1633922900000005e-06,0.000504610103,0.015430931020000002,5.92029599e-05,2.1633922900000005e-06,0.01150033705,4.01150741,5.92029599e-05,2.1633922900000005e-06,0.000176014848,0.10648339505,5.92029599e-05,2.1633922900000005e-06,0.01144379025,1.285773384e-07,0.000131089377,-0.0853020177,2.260950016,-0.009061486,-0.0108634275,-0.0109948514,2.09231699e-06,5.7402164100000004e-05
113,1687801800,0.0017707729800000003,0.0019015385099999996,-0.0443367519,-1.20277681,0.071889694,0.0369418541,0.0521640922,0.045488888699999994,3.50057453e-05,0.0008579730049999999,0.000130806556,7.060687809999999e-09,7.222416030000001e-09,9.25724651e-09,1.3120694459999996e-08,1.74485974e-08,2.37973022e-08,7.17126044e-08,0.00048094712,0.00040133995600000004,2.9022747000000003e-06,101.1989249,83.5378979,6.73817825e-08,6.898088279999999,0.0006670588240000001,0.021123221999999997,5.9270771300000004e-05,2.2524128800000004e-06,0.0010077581510000001,0.0422137677,5.9270771300000004e-05,2.2524128800000004e-06,0.0114776715,3.98381044,5.9270771300000004e-05,2.2524128800000004e-06,0.00015976992939999998,0.08341665340000001,5.9270771300000004e-05,2.2524128800000004e-06,0.0114338583,1.304992015e-07,0.000130864028,-0.04317972340000001,2.232650204,-0.008933456099999999,-0.01085096535,-0.0109813239,2.15347672e-06,5.713202809999999e-05
113,1687802400,0.0016995958199999997,0.0018300269100000003,-0.0499083849,-1.1134449439999998,0.06630202440000002,0.035976448300000005,0.052426600200000006,0.0442138498,3.4863446e-05,0.000808676925,0.000130479084,7.85629217e-09,8.0710231e-09,1.0419247989999999e-08,1.4668748200000003e-08,1.74925806e-08,3.7325955e-08,6.71878329e-08,0.000470780558,0.000375832508,2.9524933599999997e-06,103.6341486,82.53780629999999,6.493868950000001e-08,6.9288144,0.000656167348,0.020699535900000003,6.03729409e-05,2.4782473599999997e-06,0.001000746336,0.0422841045,6.03729409e-05,2.4782473599999997e-06,0.0114571654,3.96861317,6.03729409e-05,2.4782473599999997e-06,0.00015189913200000003,0.08177983464000001,6.03729409e-05,2.4782473599999997e-06,0.0114211679,1.44007901e-07,0.0001305885,-0.0961098605,2.299255957,-0.00905038,-0.0108096026,-0.0109493552,2.3715159999999997e-06,5.8140066600000006e-05
113,1687803000,0.001021913975,0.001152921418,-0.027182730099999997,-1.1363717240000002,0.0543016574,0.028229984699999995,0.03825116730000001,0.030300924200000003,2.6499146700000006e-05,0.0005140916550000001,0.00013104895299999997,4.728350819999999e-09,4.78603148e-09,7.004558360000001e-09,1.0959309600000002e-08,1.13078167e-08,2.08331064e-08,7.6198799e-08,0.0001622590154,0.0003454257800000001,3.0516064700000005e-06,108.15229400000001,95.7208196,4.2524876199999996e-08,7.10161113,0.000530587444,0.013796041149999999,5.8334019e-05,2.2850349799999996e-06,0.000526919776,0.014881173489999996,5.8334019e-05,2.2850349799999996e-06,0.0114724342,3.96248346,5.8334019e-05,2.2850349799999996e-06,0.000141064407,0.05735838134,5.8334019e-05,2.2850349799999996e-06,0.0114434384,1.3873834959999997e-07,0.000131091588,-0.04308289669999999,1.617791364,-0.009336450009999999,-0.01083709785,-0.010977722749999998,2.2447859299999997e-06,5.797664229999999e-05
113,1687803600,0.000663522274,0.000794873577,0.0714382401,-1.083027261,0.047551451499999994,0.023694364700000005,0.0313134558,0.022238179099999998,1.3675917810000002e-05,0.00034783264700000003,0.000131388521,3.7985537100000005e-09,3.94193295e-09,5.7484930599999994e-09,9.3927362e-09,1.1328293100000001e-08,1.879963135e-08,8.068886110000001e-08,3.375304901e-05,0.000294601277,3.2291223900000003e-06,113.9784621,100.16493260000001,3.06669741e-08,7.187841499999999,0.000461123935,0.01031449485,5.8078404100000005e-05,2.1630072499999997e-06,0.000256580582,0.0034617006400000003,5.8078404100000005e-05,2.1630072499999997e-06,0.01148547265,3.9632885399999997,5.8078404100000005e-05,2.1630072499999997e-06,0.00013347650159999997,0.044492083,5.8078404100000005e-05,2.1630072499999997e-06,0.01145864085,1.337014776e-07,0.00013143438700000001,0.015551819700000006,2.6770093994,-0.0087624402,-0.01086252565,-0.0110025011,2.1591712699999998e-06,5.74780825e-05
113,1687804200,0.0006359925880000001,0.000767425215,0.0887311338,-1.01376352,0.0498390223,0.023183569799999998,0.0318759728,0.0211881464,1.220023928e-05,0.00034458210300000004,0.000131465798,3.98900786e-09,4.34237781e-09,5.85393504e-09,9.940588250000001e-09,1.17717984e-08,1.67943054e-08,7.9065338e-08,3.63840415e-05,0.000278315857,3.10987523e-06,111.89683740000001,97.9166419,2.97594653e-08,7.16210227,0.0004438087009999999,0.0096619338,5.80610483e-05,2.03574713e-06,0.00028293706800000003,0.0037147487999999998,5.80610483e-05,2.03574713e-06,0.01148695465,3.9683874200000004,5.80610483e-05,2.03574713e-06,0.00013965569060000001,0.05359637227999999,5.80610483e-05,2.03574713e-06,0.01146197755,1.261013084e-07,0.00013150392,-0.14882104468000001,3.2393322239999995,-0.0089981432,-0.01089993245,-0.011030261750000001,1.98678596e-06,5.701092279999999e-05
113,1687804800,0.0006524540690000001,0.0007839521539999998,0.023479258600000004,-1.2993948100000001,0.0508140512,0.0238023768,0.027338334400000004,0.0225381879,9.58640205e-06,0.0003392086889999999,0.00013153436099999999,3.46473034e-09,4.02375456e-09,5.630151200000001e-09,9.4567515e-09,1.12713098e-08,1.7952214799999997e-08,8.261887600000001e-08,1.8552023599999997e-05,0.000304231444,3.25655565e-06,113.23096840000001,102.7562869,3.03361501e-08,7.159025680000001,0.00045657556300000005,0.010077401699999999,5.8295436099999994e-05,2.14343205e-06,0.00020065932800000002,0.0022066249,5.8295436099999994e-05,2.14343205e-06,0.0114996171,3.9820048100000003,5.8295436099999994e-05,2.14343205e-06,0.00015151960199999998,0.0620956947,5.8295436099999994e-05,2.14343205e-06,0.0114676711,1.33031786e-07,0.000131641007,-0.2409904484,5.973173435999999,-0.008872226030000001,-0.01088972675,-0.0110225345,2.1341634399999993e-06,5.812030240000001e-05
113,1687805400,0.000660378711,0.0007918750089999999,0.038359364699999995,-1.3218882500000002,0.04646391810000001,0.0239974125,0.027975854,0.0223131806,1.100256682e-05,0.00034062977400000006,0.000131532438,4.00254048e-09,3.843394570000001e-09,5.768620339999999e-09,8.670164570000001e-09,1.022729519e-08,3.4834454700000004e-08,5.95630735e-08,1.5878207429999998e-05,0.00031108382200000005,3.0528841500000003e-06,115.83771840000001,103.71505499999998,3.05823745e-08,7.13692863,0.0004559633589999999,0.00993925805,5.812234389999999e-05,2.1395167999999995e-06,0.00018554612799999998,0.0018736795520000002,5.812234389999999e-05,2.1395167999999995e-06,0.0114946849,3.9706237,5.812234389999999e-05,2.1395167999999995e-06,0.00013648148760000002,0.047641705799999996,5.812234389999999e-05,2.1395167999999995e-06,0.0114673213,1.2727740199999998e-07,0.000131627575,-0.09257892520000001,2.412589642,-0.009138453500000001,-0.01089774295,-0.01102579695,2.13976698e-06,5.77405899e-05
113,1687806000,0.0005731049180000001,0.0007040488990000001,0.04048906021,-1.2558087369999997,0.042188787400000004,0.0224394001,0.0256882836,0.0196881009,9.497951489999999e-06,0.000312016939,0.00013098259,3.6639933800000005e-09,4.020229000000001e-09,5.98913831e-09,9.499345e-09,1.083212535e-08,1.83934153e-08,6.927969279999999e-08,1.4429204249999999e-05,0.00026910731999999995,2.8390262800000003e-06,113.91493299999999,99.4648929,2.766552e-08,7.11711597,0.000431240353,0.008971855,5.8184958000000005e-05,2.23240434e-06,0.0001720695045,0.0018671894950000004,5.8184958000000005e-05,2.23240434e-06,0.011491266150000002,3.9839264200000004,5.8184958000000005e-05,2.23240434e-06,0.00015664935800000003,0.0743166459,5.8184958000000005e-05,2.23240434e-06,0.011444586,1.37952288e-07,0.00013111723099999998,0.010499620599999999,1.6871590266999998,-0.00895739388,-0.0108446151,-0.010978078750000002,2.21574594e-06,5.75202987e-05
113,1687806600,0.0006019734390000001,0.0007320947050000001,-0.026083257190000004,-1.33985704,0.03832616949999999,0.0229236375,0.024563250199999997,0.0205881284,9.5819773e-06,0.000317232742,0.00013015758099999998,3.7003907400000007e-09,3.3621256800000005e-09,5.0028535100000005e-09,8.517452549999999e-09,1.012442995e-08,1.72529254e-08,6.921229969999999e-08,1.9539086889999997e-05,0.00027818526900000003,3.0841678599999995e-06,115.7939586,100.1072741,2.85452406e-08,7.189967320000001,0.00044114398899999997,0.009393091000000001,5.744271370000001e-05,2.1312526099999997e-06,0.0001995538715,0.0021740996619999996,5.744271370000001e-05,2.1312526099999997e-06,0.0114355612,3.9318578400000006,5.744271370000001e-05,2.1312526099999997e-06,0.0001406755045,0.050289692600000005,5.744271370000001e-05,2.1312526099999997e-06,0.01140986205,1.26152945e-07,0.000130311752,0.1844959304,4.1752683097,-0.008628831620000001,-0.010837397950000003,-0.010964485349999999,2.11320901e-06,5.7339090499999985e-05
113,1687807200,0.0005949196889999999,0.000725784279,-0.017952319459999998,-1.28898455,0.04357633040000001,0.02278694,0.0249757622,0.0204756247,1.000367609e-05,0.000327490301,0.000130900814,4.2797945e-09,4.4590315000000005e-09,6.05056618e-09,1.033625995e-08,1.1885462299999999e-08,2.1324708849999998e-08,7.183998729999999e-08,1.9564123240000003e-05,0.000274526315,3.1782052199999994e-06,114.188328,99.4767547,2.8370720599999997e-08,7.32689656,0.00043527939500000005,0.009256295700000002,5.710324669999999e-05,2.09979705e-06,0.000200441072,0.0022115698630000005,5.710324669999999e-05,2.09979705e-06,0.011455534849999999,3.9346583699999997,5.710324669999999e-05,2.09979705e-06,0.0001224909065,0.031618118880000004,5.710324669999999e-05,2.09979705e-06,0.0114435819,1.337726235e-07,0.000131090477,-0.15453912099999997,16.578886355,-0.00777176508,-0.010863973899999999,-0.010999508600000001,2.09606647e-06,5.749190189999999e-05
113,1687807800,0.0005974840330000001,0.0007283857269999999,-0.0156354773,-1.1837337100000003,0.045076375200000005,0.0226929722,0.026400805800000003,0.020700631999999997,1.1361833920000001e-05,0.000331044997,0.000130936606,3.6034478499999997e-09,3.59268645e-09,5.144101290000001e-09,8.85790764e-09,1.0872965899999998e-08,1.512501775e-08,7.186725869999999e-08,2.7915770980000002e-05,0.00026753247900000005,3.13489001e-06,111.15918830000001,97.7333185,2.84740269e-08,7.230830420000001,0.00043291754099999995,0.009120093400000001,5.7300040900000004e-05,2.0591279799999998e-06,0.0002370070234,0.00290548353,5.7300040900000004e-05,2.0591279799999998e-06,0.0114582377,3.94283761,5.7300040900000004e-05,2.0591279799999998e-06,0.0001316425514,0.04360875705000001,5.7300040900000004e-05,2.0591279799999998e-06,0.011442896799999998,1.2187511049999998e-07,0.00013106231400000003,0.07902844810000001,2.9217908247,-0.008554115,-0.010873168499999999,-0.011005790300000002,2.0315616900000003e-06,5.711290200000001e-05
113,1687808400,0.000709135746,0.0008403896229999999,-0.05006830630000001,-0.920027785,0.0484514793,0.0239174272,0.031838472,0.0240007324,1.250005915e-05,0.000381209421,0.00013129060500000002,5.16120783e-09,5.2976464400000005e-09,6.60655906e-09,1.051528715e-08,1.227390595e-08,1.73617716e-08,7.740151770000001e-08,8.352761029999998e-05,0.00026771698199999996,3.1311705099999997e-06,106.82791689999999,92.3980051,3.21804317e-08,7.10759212,0.000454835785,0.01034929825,5.806612889999999e-05,2.1431581499999997e-06,0.000415145757,0.00786628646,5.806612889999999e-05,2.1431581499999997e-06,0.011476050799999998,3.9530519699999997,5.806612889999999e-05,2.1431581499999997e-06,0.00012436017080000002,0.03895777368,5.806612889999999e-05,2.1431581499999997e-06,0.011457488699999999,1.328291537e-07,0.00013140739700000004,-0.87954886435,35.102475436,-0.008637529109999998,-0.01089256765,-0.01102256415,2.07715227e-06,5.684753799999999e-05
113,1687809000,0.0008321409280000001,0.000963893581,-0.06390880099999999,-0.745995466,0.0528391127,0.025257699,0.0373511397,0.027713345900000002,1.883728975e-05,0.00043353398,0.00013178987,3.87054934e-09,4.0734117e-09,5.91664189e-09,8.42230306e-09,9.986289199999999e-09,3.99592107e-08,5.405281259999999e-08,0.00012459434780000002,0.000287848894,3.43642605e-06,108.15243999999998,91.45151489999999,3.62930408e-08,7.11937714,0.00048793608299999995,0.0116608539,5.8343184099999995e-05,2.1734134400000003e-06,0.000508551532,0.011582050770000001,5.8343184099999995e-05,2.1734134400000003e-06,0.011505049649999998,3.97805437,5.8343184099999995e-05,2.1734134400000003e-06,0.0001330846005,0.0501367562,5.8343184099999995e-05,2.1734134400000003e-06,0.011480528899999998,1.247207847e-07,0.000131928513,0.23172966764999997,2.5764588057999998,-0.008573821729999999,-0.010907030500000001,-0.011034628500000001,2.1224235399999996e-06,5.763022820000001e-05
113,1687809600,0.0007910501449999999,0.000922214029,-0.0567488835,-0.756183378,0.05055154289999999,0.0247529478,0.0361511036,0.0272258306,1.4218531000000001e-05,0.000412221553,0.000131202616,3.76935538e-09,3.61056854e-09,5.45227078e-09,8.69045833e-09,9.45282125e-09,2.036987135e-08,6.896062340000001e-08,0.0001081944861,0.000283906736,3.2363430399999997e-06,107.0979795,92.3541219,3.48996482e-08,7.09279569,0.000475213121,0.0110110562,5.7892349399999995e-05,2.18937954e-06,0.000469159626,0.009993436639999999,5.7892349399999995e-05,2.18937954e-06,0.011493689749999998,3.9851371900000006,5.7892349399999995e-05,2.18937954e-06,0.0001541842735,0.07245107120000001,5.7892349399999995e-05,2.18937954e-06,0.011456739300000001,1.255124215e-07,0.00013138343099999998,0.2003311426,2.2838715152,-0.008936580820000001,-0.0108710816,-0.011006905949999998,2.1798007e-06,5.755828759999999e-05
113,1687810200,0.000873750252,0.00100499584,-0.03466668769999999,-0.78137235,0.051039057199999995,0.026002645400000003,0.0381386636,0.029100888,1.4927544500000002e-05,0.000436199292,0.00013128249900000002,4.0330696400000005e-09,3.76460727e-09,6.0066434e-09,8.47196619e-09,1.2348080100000002e-08,2.5043395600000002e-08,6.90677704e-08,0.0001441146085,0.00028961825600000007,2.9633228999999997e-06,103.1855931,89.98641669999999,3.76392778e-08,7.108324619999999,0.0004951504870000001,0.012202790699999999,5.89052563e-05,2.18802404e-06,0.0005505447379999999,0.0130520319,5.89052563e-05,2.18802404e-06,0.011502795400000002,4.0009970500000005,5.89052563e-05,2.18802404e-06,0.000163302257,0.0880481486,5.89052563e-05,2.18802404e-06,0.01145339775,1.228916716e-07,0.000131303863,0.048482071800000005,1.5754516570000001,-0.009273191099999998,-0.0108760088,-0.0110103452,2.1285439899999997e-06,5.7199256100000004e-05
113,1687810800,0.0005951243810000001,0.000725532705,-0.027184561660000002,-0.955883458,0.0399012184,0.022282542699999998,0.0283133646,0.0212256478,1.085582172e-05,0.00031680857900000004,0.00013044294700000002,3.731608089999999e-09,3.7203859799999997e-09,4.9440002599999986e-09,8.195938900000001e-09,8.76285797e-09,1.9659466499999996e-08,5.510758069999999e-08,6.20690035e-05,0.000232467438,2.8578448000000003e-06,107.87332350000001,89.57780559999999,2.8361660300000002e-08,7.05779444,0.000425644264,0.0087844581,5.76383043e-05,2.0846933100000002e-06,0.00036612707499999997,0.0058763819600000005,5.76383043e-05,2.0846933100000002e-06,0.011450974299999998,3.9466011500000002,5.76383043e-05,2.0846933100000002e-06,0.000143061285,0.057678001,5.76383043e-05,2.0846933100000002e-06,0.01141921385,1.17790945e-07,0.00013051733399999996,0.10444384880000002,4.106742842200001,-0.00911440695,-0.0108632391,-0.010987438300000003,2.0368978999999995e-06,5.69194152e-05
113,1687811400,0.0005746954090000001,0.000705271043,-0.0609329021,-0.8581521670000001,0.042226288,0.0216431867,0.028200861100000002,0.0206256291,1.09091066e-05,0.000314964733,0.00013061384200000001,3.68510064e-09,3.3363678099999997e-09,4.60327575e-09,8.37852776e-09,1.1029057709999999e-08,1.7318949749999997e-08,5.93782632e-08,7.20578328e-05,0.00021191147499999996,3.2099371199999995e-06,106.15752649999999,85.9701895,2.7692271e-08,7.19370808,0.00041870421899999993,0.00856805815,5.7374518e-05,2.20019598e-06,0.000386600021,0.006758144000000001,5.7374518e-05,2.20019598e-06,0.011457150000000001,3.9460427000000005,5.7374518e-05,2.20019598e-06,0.0001301443265,0.048440771,5.7374518e-05,2.20019598e-06,0.011427813,1.245657531e-07,0.000130720527,0.06084160200000001,2.5612911180000006,-0.009357991349999999,-0.01084935245,-0.010980291100000001,2.1939423e-06,5.73045698e-05
113,1687812000,0.0004996142329999999,0.0006308998260000001,-0.027706572770000003,-1.18630551,0.0380261598,0.0209298217,0.0226506912,0.0180005497,1.022797549e-05,0.00028086729899999996,0.00013132172800000002,5.213681040000001e-09,4.8149604e-09,5.266987339999999e-09,7.883013349999999e-09,8.755179e-09,2.0012853560000002e-08,6.76272145e-08,2.6916293179999993e-05,0.00021985309500000002,2.87448201e-06,112.4191572,91.1641044,2.5234072199999996e-08,7.21492478,0.00040228634000000007,0.008078633370000001,5.7481675600000004e-05,2.12368485e-06,0.00023200265299999997,0.0028317934029999997,5.7481675600000004e-05,2.12368485e-06,0.011478193800000001,3.9511423700000003,5.7481675600000004e-05,2.12368485e-06,0.00011939485600000001,0.03376803823,5.7481675600000004e-05,2.12368485e-06,0.011457185749999998,1.2855411550000002e-07,0.00013139402500000002,0.09167089219999999,35.052348735100004,-0.00834821881,-0.010897002099999999,-0.011026612350000001,2.1010765599999998e-06,5.7166317299999996e-05
113,1687812600,0.0005378920100000001,0.000668878185,-0.013139365574,-1.2112189,0.0388886871,0.021655174899999997,0.024075734700000004,0.019238087299999998,9.0141793e-06,0.000292978631,0.000131023479,4.018432540000001e-09,3.63925691e-09,5.01493425e-09,8.29128829e-09,8.58289449e-09,2.17209187e-08,6.483813050000001e-08,2.8947783570000005e-05,0.000237172878,2.61589448e-06,111.616997,93.5585365,2.64962704e-08,7.18010778,0.00041169135700000004,0.00825631778,5.81368102e-05,2.16761506e-06,0.000244284964,0.00300902111,5.81368102e-05,2.16761506e-06,0.01146927525,3.95045291,5.81368102e-05,2.16761506e-06,0.00012780120739999998,0.04273249587,5.81368102e-05,2.16761506e-06,0.011441868300000001,1.2403080660000002e-07,0.000131041257,-0.09537719093,12.983583134,-0.00885264088,-0.01088294085,-0.011005261499999999,2.1471696900000003e-06,5.76385532e-05
113,1687813200,0.0004953331540000001,0.000626040124,-0.0576029263,-1.039837967,0.0448513706,0.020615427300000003,0.023925730200000002,0.017250526499999995,1.0846816859999998e-05,0.00030238404500000003,0.00013076987300000002,5.368174190999999e-08,7.258272256000001e-08,5.516094053e-08,2.764971152e-08,3.375764929e-08,4.048596923e-08,7.583221690000001e-08,4.1747328e-05,0.000202568742,2.9110451500000003e-06,104.6386105,86.82672540000002,2.50474761e-08,7.28808432,0.00041452606799999997,0.01360364318,5.7973488799999996e-05,2.0955827299999997e-06,0.00031115786799999995,0.00814662056,5.7973488799999996e-05,2.0955827299999997e-06,0.0114623141,3.9500965100000003,5.7973488799999996e-05,2.0955827299999997e-06,0.00014531325399999998,0.0531379857,5.7973488799999996e-05,2.0955827299999997e-06,0.011443758250000002,6.01707436e-07,0.00013138293400000002,0.6704044966999999,218.39241795900003,0.0042418782,-0.0108701366,-0.011000652349999999,4.0686199200000006e-06,8.24283192e-05
113,1687813800,0.000564412157,0.0006953559350000001,-0.056396249600000004,-0.8707064580000001,0.0479639634,0.0215562826,0.0273758357,0.020813135200000003,1.4272390200000002e-05,0.000321012687,0.00013100778700000001,3.472050005e-08,4.1044101109999996e-08,1.9726768540000002e-08,3.5217126119999995e-08,3.33197698e-08,3.9307091350000004e-08,8.54311169e-08,6.841081630000001e-05,0.000210638047,2.79667147e-06,106.1345509,85.87965100000001,2.7325224800000004e-08,7.343156580000001,0.000434876066,0.012923220400000001,5.7946395700000006e-05,2.28281659e-06,0.000383349969,0.010519051169999998,5.7946395700000006e-05,2.28281659e-06,0.0114697621,3.95372426,5.7946395700000006e-05,2.28281659e-06,0.00014480335099999997,0.0467247732,5.7946395700000006e-05,2.28281659e-06,0.011446909949999999,4.41385688e-07,0.000131344493,1.9688259639,214.79814153379397,0.0032741279600000004,-0.0108546598,-0.010988900399999998,3.1240270800000005e-06,7.000550810000001e-05
113,1687814400,0.0005225879390000001,0.0006537318140000001,-0.035084689300000006,-0.8909167760000001,0.05280161189999999,0.0209367591,0.026213300000000002,0.0188255744,1.3708522650000002e-05,0.000308545156,0.00013118899199999998,1.5717319860000003e-08,2.2334400160000002e-08,1.6322732320000002e-08,1.247570645e-08,1.5347358449999998e-08,2.4252535899999998e-08,7.813033300000002e-08,5.7770961400000006e-05,0.00020031387300000004,2.95234786e-06,105.85263850000001,85.0001834,2.59490788e-08,7.43312765,0.00041649311199999997,0.00945650045,5.782166610000001e-05,2.2149329899999998e-06,0.00035545433,0.00746195881,5.782166610000001e-05,2.2149329899999998e-06,0.01147125205,3.9525532000000005,5.782166610000001e-05,2.2149329899999998e-06,0.000135618704,0.04305075722,5.782166610000001e-05,2.2149329899999998e-06,0.011456422849999998,2.44430885e-07,0.00013146325399999997,-0.15471614023999997,123.465826491,-0.00274699815,-0.010871854700000001,-0.0110026449,2.30825201e-06,5.991395680000001e-05
113,1687815000,0.0007199482950000001,0.0008475708969999998,8.967273383599998,809.6014370725001,0.9747672688,0.020310650099999997,0.0247882566,0.018525565299999998,0.0007138402681,0.007591296757999999,0.000136589175,7.73775945206e-06,9.09052523429e-06,8.867480993100001e-06,8.0306458252e-06,8.1724572936e-06,6.0879475876e-06,6.223475989499999e-06,9.181348599999999e-05,0.000163147695,4.1820123900000004e-05,96.2957015,75.041134,2.6679697e-08,8.43845052,0.000566759065,1.8467074650799997,0.0005714794168,4.897939711e-05,0.000557269441,0.9061808685000001,0.0005714794168,4.897939711e-05,0.011465800200000001,4.20513179,0.0005714794168,4.897939711e-05,0.000250507855,0.2881174424,0.0005714794168,4.897939711e-05,0.01153194025,9.9723262127e-05,0.00022724904,3.5472491075000008,676.9915789999999,0.237114117,-0.010152620130000001,-0.01075496265,0.00025674344882,0.0026178325711000002
113,1687815600,0.00169179704,0.00181733735,7.6053566325999995,714.6822994199999,1.2061867983,0.019732311800000003,0.0220506732,0.016800512799999997,0.006760620431699999,0.07421678936699999,0.000195809671,6.400524832892e-05,6.535916803315e-05,5.948946072344e-05,5.552213073894999e-05,4.83081698635e-05,3.9777685391800005e-05,4.06856056896e-05,0.00014261950200000002,0.000165614181,9.424097646000001e-05,95.9077609,74.4682924,4.4010327000000003e-08,8.11657555,0.00064401492,9.25875482191,0.0027818249369,0.00026416953845,0.000549681361,3.6460881043999995,0.0027818249369,0.00026416953845,0.01157430675,6.64334635,0.0027818249369,0.00026416953845,0.0003563263265,2.40174768764,0.0027818249369,0.00026416953845,0.0116561382,0.000724823452375,0.00085011063,1.8657878642000008,615.6059088597,0.5378631825000001,-0.0101827842,-0.010781691800000002,0.003814612710350001,0.0409484664904
113,1687816200,0.0016073082940000001,0.0017378693840000002,0.05173564709999998,1.1984271389999999,0.17220525920000002,0.032603049099999996,0.0581267745,0.0485639802,0.0001201963413,0.0014749453810000003,0.00013108548600000003,1.02403781474e-06,7.430803204700001e-07,1.2608392149e-06,9.2814118057e-07,1.1637017350999999e-06,1.6103734614e-06,1.0182904794e-06,0.0006476746700000001,0.000142272757,5.425672929999999e-06,87.13935640000001,60.521175500000005,6.133325269999999e-08,7.759760579999998,0.000691743558,0.1612387231,7.904530190000001e-05,3.77382656e-06,0.001184060334,0.1753451885,7.904530190000001e-05,3.77382656e-06,0.0114419755,3.9315320700000003,7.904530190000001e-05,3.77382656e-06,0.00018778463859999998,0.0763218152,7.904530190000001e-05,3.77382656e-06,0.01150733145,1.09455128806e-05,0.000141526202,-0.08861521579999995,484.3506183310001,0.067764036,-0.010822320699999999,-0.0109624656,3.0104486739999995e-05,0.00032832458160000005
113,1687816800,0.0024069739500000003,0.0025380042,0.15549745550000002,0.653445464,0.2344946577,0.0419252304,0.0722272054,0.0627769165,0.0001531572588,0.002316562425,0.000131488673,1.1487235835e-06,1.0744535923899999e-06,8.1037483158e-07,1.0914973346000001e-06,7.491187242999999e-07,6.118198002e-07,5.586845480000001e-07,0.0010573258400000001,0.00013444232599999997,5.20622273e-06,84.06408660000001,55.379125099999996,8.80345234e-08,7.36061454,0.0007992166490000001,0.1772545286,8.37823553e-05,4.27920988e-06,0.0015553777300000003,0.24442253540000003,8.37823553e-05,4.27920988e-06,0.011501987,4.00836733,8.37823553e-05,4.27920988e-06,0.00022327734699999994,0.10797248099999998,8.37823553e-05,4.27920988e-06,0.01150698355,1.0563361069999998e-05,0.00014161732700000002,4.062692886,380.4338460202,0.06242666394,-0.010837396499999999,-0.0109774502,5.243673738000001e-05,0.0006011474436000001
113,1687817400,0.0053032294200000005,0.00542069443,4.2695323377,287.07900530800003,1.2923269441999998,0.0530112863,0.08820269239999999,0.0773273589,0.008256600805400001,0.09143619839999997,0.00025484594999999996,8.14155748536e-05,6.9726449284e-05,7.023284589270002e-05,4.13947214153e-05,6.92959801942e-05,2.8680576804999997e-05,7.023009140399998e-05,0.0017336306800000002,0.000159951269,0.00018966695715,81.426118,53.34239169999999,1.5520699e-07,7.62294234,0.001310027079,18.9748756009,0.0037584642551999996,0.00040031370955000004,0.0021454521699999997,5.1314608,0.0037584642551999996,0.00040031370955000004,0.01217610025,9.917861859999999,0.0037584642551999996,0.00040031370955000004,0.0004395546940000001,3.0205710245999997,0.0037584642551999996,0.00040031370955000004,0.0123079258,0.0009270815502750001,0.001044746206,5.8607447299999995,464.31109799999996,0.5478026714600001,-0.003752892849999999,-0.008457717449999997,0.00420179639479,0.0451041647244
113,1687818000,0.0035105822799999997,0.0036420200000000006,0.0405225682,-0.653073207,0.312122024,0.05362484520000001,0.0788649075,0.0705021494,0.0001335770437,0.0025568345900000003,0.00013201679400000002,7.345552539000001e-07,5.1376146426e-07,7.926442873e-07,4.869878126e-07,4.144186529e-07,3.9583764309999997e-07,5.255310718e-07,0.0016494069,9.283023989999999e-05,8.60225475e-06,82.2220229,51.672206900000006,1.24357915e-07,7.71515579,0.000997517556,0.12190871539999999,9.164115579999999e-05,4.88692687e-06,0.00193815814,0.21373910800000004,9.164115579999999e-05,4.88692687e-06,0.011513116200000001,4.0168184700000005,9.164115579999999e-05,4.88692687e-06,0.000260547379,0.1116095552,9.164115579999999e-05,4.88692687e-06,0.01155750795,6.942706716e-06,0.000138508631,1.5533761581850003,319.52355305799995,0.0494096069,-0.01084429395,-0.0109885207,2.3780828300000003e-05,0.0002893138444
113,1687818600,0.0036026255899999997,0.00373388702,0.038681974140000006,-1.3505110999999999,0.1935809125,0.054509018900000004,0.0778523767,0.07061465600000001,0.00010292334189999999,0.00196449288,0.00013168356199999998,6.2324118058e-07,2.4707472744000005e-07,3.0973320751e-07,3.657614338e-07,4.159989549e-07,3.999076476e-07,5.20322169e-07,0.0017065590499999999,8.816046180000001e-05,3.28273748e-06,77.6019995,51.2582393,1.28052697e-07,7.184326879999999,0.00098468368,0.1044721305,7.801845e-05,3.52160276e-06,0.00194921309,0.19845940300000003,7.801845e-05,3.52160276e-06,0.0115058842,4.00499699,7.801845e-05,3.52160276e-06,0.00021695181960000001,0.1051655901,7.801845e-05,3.52160276e-06,0.0115031531,4.514277975e-06,0.00013579537799999998,7.2566658755,376.15564445000007,0.0478590196,-0.0108588911,-0.0109946619,1.71296748e-05,0.00022177826180000003
113,1687819200,0.00511651627,0.0052478813800000005,0.012517679694,-1.2785049599999998,0.16275496760000002,0.0656926442,0.0868151496,0.07923991820000001,0.00023252263799999998,0.00304443292,0.000131499712,3.5206456393e-07,4.1871116099999995e-07,3.8014437815e-07,5.098958931000001e-07,5.103804287e-07,4.777921460000001e-07,4.347083465000001e-07,0.0024492687,0.00010084838300000001,4.913458559999999e-06,77.8837555,51.380833599999995,1.78219266e-07,6.943336929999999,0.00115344318,0.15689964770000003,6.30752663e-05,2.46346499e-06,0.0022899190299999995,0.263325331,6.30752663e-05,2.46346499e-06,0.0115121654,4.007208449999999,6.30752663e-05,2.46346499e-06,0.00020277311300000004,0.1020954017,6.30752663e-05,2.46346499e-06,0.01148472125,4.294852189999999e-06,0.00013567593,2.9343256589999998,195.47335389,0.028810250415,-0.010851619099999998,-0.0109845322,2.3412209899999998e-05,0.0002874394836
113,1687819800,0.006957905510000001,0.007089347760000001,0.0043681179375,-1.59398966,0.14801702099999997,0.0771864112,0.10301564410000001,0.09525290589999999,0.000257298793,0.00335010356,0.000131577318,1.893235271e-07,1.5291145753e-07,1.4050363899999999e-07,2.0049994829999998e-07,3.0098965929999994e-07,3.433213146e-07,3.958658139999999e-07,0.0033656073,0.00010730090060000002,4.178900419999999e-06,74.9160112,51.2542148,2.39638688e-07,6.880633719999999,0.0013444720100000002,0.10473273959999999,6.52613211e-05,2.53689014e-06,0.0026895622199999995,0.30335108,6.52613211e-05,2.53689014e-06,0.01152789585,4.060723360000001,6.52613211e-05,2.53689014e-06,0.00024252819199999998,0.1506094125,6.52613211e-05,2.53689014e-06,0.011486701899999998,1.9647098390000007e-06,0.000133382916,3.0427958475,243.80020753480002,0.019805031719999998,-0.01082649215,-0.010971075,8.28693528e-06,0.00012671603519999998
113,1687820400,0.00697485688,0.00710586941,-0.0095267458899,-1.6534141500000001,0.1158035345,0.0759425572,0.09630293829999999,0.0904527596,0.00026974206799999995,0.00342929093,0.000131056851,1.728832283e-08,1.651733954e-08,1.987113555e-08,2.910134165e-08,3.5665077800000004e-08,4.89058516e-08,1.0565228750000001e-07,0.0034004793400000005,8.28984132e-05,3.7236553899999998e-06,78.12837239999999,50.7995245,2.40573096e-07,6.592743969999999,0.0013272499630000002,0.078172417,6.16485561e-05,2.32745446e-06,0.00264919552,0.303618662,6.16485561e-05,2.32745446e-06,0.011499264799999999,4.02994958,6.16485561e-05,2.32745446e-06,0.000213362602,0.12966418440000002,6.16485561e-05,2.32745446e-06,0.011440517649999999,2.1433104400000002e-07,0.00013107591000000002,0.9364797492999999,116.61579575900001,-0.0033733619499999997,-0.0107962628,-0.010943003699999999,2.1670631800000002e-06,5.85648651e-05
113,1687821000,0.00435625397,0.00448712892,-0.006340440624,-1.7289915900000001,0.09022775510000001,0.0621801895,0.0721897065,0.0676145641,0.000195321781,0.0021434677000000003,0.000130919397,1.494189911e-08,1.554670348e-08,2.00324106e-08,3.2105123100000006e-08,4.16132182e-08,5.9429149600000004e-08,1.220773546e-07,0.00202976569,0.0001450160714,2.95743085e-06,80.71529799999999,53.621345700000006,1.5324656100000002e-07,6.892915879999999,0.00108425689,0.049543820899999994,6.177629650000001e-05,2.2572346300000002e-06,0.0020864042899999997,0.18091836199999997,6.177629650000001e-05,2.2572346300000002e-06,0.01150656255,4.05505179,6.177629650000001e-05,2.2572346300000002e-06,0.000215040533,0.15339683440000002,6.177629650000001e-05,2.2572346300000002e-06,0.0114441956,1.5573311100000001e-07,0.00013112645,-0.045587306400000006,17.3692020043,-0.00846683476,-0.010816432150000001,-0.010959145850000001,2.05253657e-06,5.732043560000001e-05
113,1687821600,0.00735996167,0.00749103411,-0.014655464440000002,-1.70777858,0.130916496,0.079912888,0.0969779585,0.09127778660000001,0.00019551597740000002,0.00338824815,0.00013111098999999998,1.1268913949999998e-08,1.083037941e-08,1.5747139790000002e-08,2.53018271e-08,3.5822734299999996e-08,5.00602997e-08,1.13521135e-07,0.0035468823400000003,0.0001298018266,2.9637471200000004e-06,80.25617100000001,51.9898153,2.5335378300000004e-07,6.359859349999999,0.0013942809800000001,0.0806824748,5.79309922e-05,2.10253104e-06,0.00273267877,0.312694923,5.79309922e-05,2.10253104e-06,0.01148362555,3.9775344400000003,5.79309922e-05,2.10253104e-06,0.00019290811,0.08663497210000001,5.79309922e-05,2.10253104e-06,0.0114456529,1.7385315999999999e-07,0.000131165277,0.1629763831,83.45085105710001,-0.005658504239999999,-0.0108320076,-0.010968511400000002,2.07676053e-06,5.726269759999999e-05
113,1687822200,0.00641826398,0.00654949185,-0.017350437840000003,-1.6781831100000002,0.1213162021,0.07393154269999999,0.0905652652,0.08434007559999998,0.000272113622,0.00306159499,0.000131279795,2.24252378e-08,2.4485993750000002e-08,3.46577378e-08,4.81350191e-08,6.265125089999999e-08,9.127978390000001e-08,2.0031144149999999e-07,0.00310527883,0.00010007365549999999,3.19700264e-06,75.6935751,51.2407036,2.2177609099999997e-07,6.856474179999999,0.00129608856,0.0711857127,5.7714454700000013e-05,2.1828321999999996e-06,0.00254528033,0.2744541850000001,5.7714454700000013e-05,2.1828321999999996e-06,0.01149522435,3.9874461099999996,5.7714454700000013e-05,2.1828321999999996e-06,0.000185463794,0.06911197820000001,5.7714454700000013e-05,2.1828321999999996e-06,0.0114555854,2.17114498e-07,0.000131426877,-0.2376234450700001,152.04393463217,-0.0033855617799999995,-0.01081416525,-0.010962750999999998,2.18231338e-06,5.7939486000000005e-05
113,1687822800,0.00928057472,0.009412426140000001,-0.017660895099999997,-1.631274,0.15270466050000003,0.088340479,0.115428526,0.10856581489999999,0.000266140234,0.00431185587,0.000131894073,1.5942166050000002e-08,1.546248167e-08,2.268238039e-08,3.69804303e-08,6.15102431e-08,6.53666703e-08,1.552500971e-07,0.00451357114,0.0001234029436,2.88039376e-06,76.63964759999999,51.401609400000005,3.1728728999999997e-07,6.52231104,0.00154698229,0.10041385809999999,6.49493304e-05,2.457907e-06,0.00306182299,0.39463038899999997,6.49493304e-05,2.457907e-06,0.011571779300000001,4.13549626,6.49493304e-05,2.457907e-06,0.00025750781100000004,0.2005647539,6.49493304e-05,2.457907e-06,0.011480716399999999,2.22941252e-07,0.000132011955,0.3079272498,73.43629658500001,-0.00520536244,-0.01079640885,-0.0109481125,2.1403559999999995e-06,5.7859069499999996e-05
113,1687823400,0.0096723454,0.00980396358,-0.01950894895,-1.6145755100000003,0.158104822,0.09099441729999999,0.12037867399999999,0.11344096259999999,0.00020071216060000004,0.0043410637500000005,0.000131665352,1.9848137740000005e-08,2.248810752e-08,3.156518659e-08,5.09312307e-08,8.20603878e-08,9.447264380000002e-08,1.9749973439999998e-07,0.00470732911,0.000125221116,3.06780058e-06,76.3373579,51.29215799999999,3.30228317e-07,6.5417747,0.0016081817300000003,0.10803126879999998,6.26977786e-05,2.36353532e-06,0.00316668493,0.41270750200000006,6.26977786e-05,2.36353532e-06,0.0115427296,4.08398446,6.26977786e-05,2.36353532e-06,0.00025417912700000003,0.1730996189,6.26977786e-05,2.36353532e-06,0.011470893099999999,2.90329803e-07,0.000131838768,0.5204394893,104.58551381210002,-0.0027619292199999998,-0.0107560998,-0.010915751849999999,2.2410317199999997e-06,5.94839979e-05
113,1687824000,0.00759305546,0.00772423599,-0.024177715199999998,-1.5095170999999998,0.13376658500000002,0.0790276772,0.110328366,0.1026406329,0.00020223739360000003,0.0035559432100000002,0.000131311743,3.3136106749999997e-08,3.4344636669999995e-08,3.67681869e-08,5.278157459999999e-08,7.72953711e-08,1.045673257e-07,1.8430793530000003e-07,0.0036863370699999993,0.00010677498939999999,2.74314299e-06,74.2321201,51.1793912,2.6102177600000003e-07,6.66610048,0.00143360364,0.0857326262,6.81491456e-05,3.5645002699999994e-06,0.00280559135,0.328678532,6.81491456e-05,3.5645002699999994e-06,0.01150002605,4.00468301,6.81491456e-05,3.5645002699999994e-06,0.00021045837600000003,0.09416627339999999,6.81491456e-05,3.5645002699999994e-06,0.01145920065,3.70589264e-07,0.000131684268,-0.3858792099,4.0715898633,-0.00818831219,-0.010704239299999998,-0.010887765599999998,3.565526160000001e-06,6.72722647e-05
113,1687824600,0.00938398555,0.0095153472,-0.020661066099999997,-1.38279294,0.15472972199999996,0.0866201762,0.129191444,0.119478647,0.00034087155760000005,0.00445006399,0.000131484131,3.1854668999999993e-08,3.3197353520000004e-08,3.83787378e-08,5.4429705e-08,6.90294511e-08,9.97062485e-08,1.9884386150000003e-07,0.0045912726400000005,9.736093e-05,2.6916823099999996e-06,71.7415927,50.730577000000004,3.2059581899999997e-07,6.5035254600000005,0.0015804316999999998,0.10341664530000001,6.84673867e-05,3.4396621499999996e-06,0.0031443628400000005,0.40919851100000004,6.84673867e-05,3.4396621499999996e-06,0.011540858900000001,4.0904191,6.84673867e-05,3.4396621499999996e-06,0.0002496526646,0.17768257334999998,6.84673867e-05,3.4396621499999996e-06,0.0114613426,2.64692634e-07,0.000131628229,-0.42551758370000003,3.8556296554,-0.009025383170000002,-0.0107605269,-0.010923640200000001,3.10630532e-06,6.513512109999999e-05
113,1687825200,0.008727736929999999,0.008859134340000002,-0.0221901636,-1.4318005900000002,0.149667069,0.08414150509999999,0.1214662095,0.11347846399999999,0.0003272174984,0.00423186744,0.00013179685799999998,2.0013432249999998e-08,1.905444793e-08,2.5121661899999995e-08,3.570358309999999e-08,4.6798426000000003e-08,7.05089108e-08,1.647651234e-07,0.00428182867,7.8341315e-05,2.8836802700000007e-06,74.0299974,50.353402200000005,2.98789665e-07,6.51905469,0.00151030392,0.09436942239999999,8.151278410000002e-05,5.031817089999999e-06,0.0030221939500000004,0.37803994100000005,8.151278410000002e-05,5.031817089999999e-06,0.011567314600000001,4.15161511,8.151278410000002e-05,5.031817089999999e-06,0.00032364410399999996,0.22982682140000002,8.151278410000002e-05,5.031817089999999e-06,0.0114628326,8.125713939999998e-07,0.00013220967499999998,-0.9090026124000001,12.864067484999998,-0.007418373657999999,-0.010631869900000002,-0.0108815631,4.92028527e-06,7.96566542e-05
113,1687825800,0.0124577933,0.012588445550000002,-0.018357047699999997,-1.3916578299999998,0.176067874,0.09917511799999999,0.14951706000000003,0.139166748,0.00043180991899999997,0.00588954708,0.000130703167,2.28230253e-08,2.1077989309999998e-08,2.8945785680000003e-08,4.49646476e-08,6.26223665e-08,9.35783257e-08,2.2659520090000002e-07,0.00614642518,7.8866257e-05,3.02069928e-06,70.90195220000001,50.288848200000004,4.2274108899999997e-07,6.43463528,0.00177541651,0.13156574759999998,6.13516308e-05,2.28540597e-06,0.00360383268,0.5388240179999999,6.13516308e-05,2.28540597e-06,0.011534583,4.1080581800000004,6.13516308e-05,2.28540597e-06,0.000291599034,0.2175735896,6.13516308e-05,2.28540597e-06,0.0114323902,1.53208589e-07,0.000130852889,-0.004795757479999994,2.0191397551,-0.0091492286,-0.0107943652,-0.01093818045,2.1296827699999997e-06,5.75245426e-05
113,1687826400,0.0134382991,0.013569192100000002,-0.017588339,-1.34324615,0.184730641,0.1021084909,0.15731730300000002,0.148279526,0.0003131492719999999,0.00610191235,0.00013095696500000002,3.48298444e-08,3.2962986409999996e-08,4.1269150840000005e-08,6.09894677e-08,8.192831876e-08,1.1057324870000001e-07,2.3828014370000002e-07,0.006637638579999999,7.81927859e-05,2.62752727e-06,69.69222070000001,50.23988039999999,4.55541042e-07,6.15043926,0.0018448508,0.14343932799999998,6.32653534e-05,2.4341770599999997e-06,0.0037647686099999992,0.583928256,6.32653534e-05,2.4341770599999997e-06,0.011518750300000002,4.06828582,6.32653534e-05,2.4341770599999997e-06,0.000273984606,0.185072403,6.32653534e-05,2.4341770599999997e-06,0.011437254249999999,1.69932334e-07,0.000130981246,0.049711292399999996,0.59839541078,-0.00905763885,-0.0107676827,-0.010915487100000001,2.1642160800000003e-06,5.736867979999999e-05
113,1687827000,0.01499293995,0.015123414000000002,-0.0173404428,-1.323582,0.19879356600000003,0.10723112850000001,0.16729261,0.157879818,0.000397785911,0.006811335640000001,0.000130533975,3.62928021e-08,3.903097396e-08,5.120321624e-08,9.33810374e-08,1.8652106859999999e-07,2.385093159e-07,4.2075483259999993e-07,0.007403130060000001,8.91271246e-05,3.0785129499999996e-06,70.4174481,50.3830701,5.06986644e-07,6.353982520000001,0.0019445883800000001,0.16897266740000003,6.75208068e-05,2.6345176700000003e-06,0.00394304556,0.6438823900000001,6.75208068e-05,2.6345176700000003e-06,0.011548905000000002,4.17940457,6.75208068e-05,2.6345176700000003e-06,0.00033260890600000004,0.3034662775,6.75208068e-05,2.6345176700000003e-06,0.011424843100000002,4.438494639999999e-07,0.000130912228,-1.3314819798,169.915022544,-0.0018493821000000008,-0.0105964222,-0.010772650300000002,2.34541827e-06,6.07120659e-05
113,1687827600,0.011079173449999999,0.01121004153,-0.01831006485,-1.38298608,0.162942477,0.0921144199,0.13864173200000002,0.131066501,0.000246396604,0.00497827672,0.000130920504,1.9898658749999998e-08,1.914618706e-08,2.5589597880000006e-08,4.3666460500000005e-08,7.88447468e-08,1.0544801060000001e-07,2.3752403899999999e-07,0.005487867419999999,4.8253699e-05,2.85961212e-06,69.194,49.710559700000005,3.76859937e-07,6.54016996,0.00165886585,0.118697122,6.130752350000001e-05,2.3941555499999998e-06,0.0033787786499999994,0.481105772,6.130752350000001e-05,2.3941555499999998e-06,0.0115315678,4.081926829999999,6.130752350000001e-05,2.3941555499999998e-06,0.00026294457799999995,0.17124040962999998,6.130752350000001e-05,2.3941555499999998e-06,0.0114426779,1.9966092599999997e-07,0.00013112917200000003,-0.35057657540000003,49.949502456000005,-0.0071899191,-0.010763935499999999,-0.010921817249999998,2.29923828e-06,5.839717390000001e-05
113,1687828200,0.007434000489999999,0.007565368260000001,-0.019215573099999998,-1.3796768400000001,0.13706668400000002,0.0759297404,0.1116034051,0.10455319190000001,0.00021720838600000001,0.00356481363,0.000131807225,1.766506245e-08,1.523947537e-08,1.943207507e-08,3.00424667e-08,4.5872609899999996e-08,5.93364157e-08,1.414096795e-07,0.00368066514,3.30407021e-05,2.4974730100000004e-06,71.5137001,49.162542300000005,2.55904115e-07,6.52203801,0.0013801123400000001,0.0817927406,6.99285308e-05,3.396498339999999e-06,0.0027891787300000003,0.326122584,6.99285308e-05,3.396498339999999e-06,0.0115385509,4.07893402,6.99285308e-05,3.396498339999999e-06,0.00027377243999999996,0.1529928516,6.99285308e-05,3.396498339999999e-06,0.011466428399999997,9.98124933e-07,0.000132358898,-1.7058026226000003,60.44741281499999,-0.00757888778,-0.0106415166,-0.010919661950000001,3.5015245900000003e-06,6.74390617e-05
113,1687828800,0.01579689675,0.01592814185,-0.00886798416,-1.43825738,0.189043271,0.11219758369999999,0.16654258300000002,0.15915485499999998,0.000193169706,0.00685444682,0.000131339626,6.90900703e-08,7.181574549999999e-08,8.55626404e-08,1.1440829139999998e-07,1.536864537e-07,2.238313173e-07,4.98388166e-07,0.007866881740000001,2.71170772e-05,3.1172855900000002e-06,63.76863110000001,49.5666415,5.3345822e-07,6.5546830400000005,0.0020029564699999996,0.167796926,6.63833399e-05,2.5820188600000002e-06,0.0041092148,0.693564263,6.63833399e-05,2.5820188600000002e-06,0.01158253135,4.20482757,6.63833399e-05,2.5820188600000002e-06,0.00032651373,0.2907084746,6.63833399e-05,2.5820188600000002e-06,0.011455056799999998,1.64747628e-07,0.00013138345099999999,-0.010884892169999999,0.4763495378000001,-0.009509759199999999,-0.0107944994,-0.0109423932,2.1300687199999998e-06,5.7346029300000004e-05
113,1687829400,0.016896970000000004,0.0170284282,-0.01158458657,-1.40974953,0.199318585,0.1152843155,0.17404281200000002,0.165380048,0.000332566375,0.00750810887,0.000131580648,4.7968687399999994e-08,4.6901976100000006e-08,5.860696140000001e-08,8.63593794e-08,1.0587590890000001e-07,1.5754338969999997e-07,3.850644375e-07,0.008411200879999999,3.29539287e-05,3.30297135e-06,66.18834280000002,49.665869099999995,5.703405970000001e-07,6.34473605,0.00205945424,0.178778316,6.9952756e-05,3.3794958699999996e-06,0.00423276373,0.7378480689999999,6.9952756e-05,3.3794958699999996e-06,0.01159809925,4.22680544,6.9952756e-05,3.3794958699999996e-06,0.00033822351800000006,0.29867955749999997,6.9952756e-05,3.3794958699999996e-06,0.01147343665,2.8061662900000003e-07,0.00013192066000000002,-0.38485288100000004,2.9324699833,-0.00878233773,-0.010723467999999998,-0.01090500985,3.11466546e-06,6.48275225e-05
113,1687830000,0.022406299900000003,0.022538186699999997,-0.00760233374,-1.39756373,0.231607071,0.132267515,0.20378122099999998,0.192868384,0.000401841191,0.00976355742,0.000131962139,5.2003964299999994e-08,5.2218219269999996e-08,6.751777659999999e-08,1.0886945320000001e-07,1.317554628e-07,2.192499837e-07,5.83897883e-07,0.011165357300000001,3.2299470099999994e-05,4.18583677e-06,65.4900665,49.72735469999999,7.533157529999999e-07,6.48288448,0.0023804775399999998,0.24085169300000006,7.06468671e-05,2.7077940300000003e-06,0.00488550363,0.9856275350000001,7.06468671e-05,2.7077940300000003e-06,0.01163611795,4.2953823700000004,7.06468671e-05,2.7077940300000003e-06,0.000380319817,0.3844377205,7.06468671e-05,2.7077940300000003e-06,0.011484710300000001,2.03990165e-07,0.00013210017200000003,0.09693166027000001,26.733933412320006,-0.0075968074600000005,-0.01076621905,-0.01092788735,2.0912470700000003e-06,5.86816477e-05
113,1687830600,0.0169986267,0.017129389,-0.013577048500000003,-1.36260917,0.212368983,0.11472628160000001,0.177680425,0.16875515,0.000232513486,0.00737240818,0.000130825476,3.1822239540000007e-08,3.3214038630000006e-08,4.389932897e-08,7.081971319999999e-08,8.53428092e-08,1.3802554099999997e-07,3.5980144920000004e-07,0.0084585109,3.6394874200000005e-05,3.5702261400000005e-06,67.6776838,49.680104899999996,5.74007298e-07,6.293823270000001,0.0020952618699999997,0.188636491,6.471067009999999e-05,2.56498354e-06,0.00429218894,0.7576662510000001,6.471067009999999e-05,2.56498354e-06,0.011564650700000002,4.17747543,6.471067009999999e-05,2.56498354e-06,0.000329777904,0.27850851299999996,6.471067009999999e-05,2.56498354e-06,0.011441642650000002,2.2701064400000003e-07,0.00013113039600000002,-0.17440733429999994,53.56690126029999,-0.00647652104,-0.010738650050000001,-0.010897338900000001,2.2490079899999995e-06,5.81568148e-05
113,1687831200,0.0184412357,0.018572561600000002,-0.0136319372,-1.3829897399999997,0.20689381700000004,0.1197404463,0.183193093,0.17426782200000002,0.000345379924,0.008106436500000001,0.00013137965,2.6664201999999998e-08,2.295370717e-08,2.9461417949999998e-08,4.90729091e-08,6.51598311e-08,9.21305964e-08,2.2151156300000003e-07,0.00918762652,2.95756281e-05,2.84706357e-06,66.3038938,49.6509196,6.22248894e-07,6.07482294,0.00214018641,0.196291425,6.51829626e-05,2.4571380500000003e-06,0.004432923190000001,0.8106615529999999,6.51829626e-05,2.4571380500000003e-06,0.011600970700000001,4.24568315,6.51829626e-05,2.4571380500000003e-06,0.000335662772,0.304270648,6.51829626e-05,2.4571380500000003e-06,0.011463149800000001,1.7846149600000002e-07,0.000131582989,0.04195218705,1.36589259216,-0.008540764369999999,-0.0107761526,-0.01093120025,2.1374074200000003e-06,5.75041267e-05
113,1687831800,0.017184624050000003,0.0173162138,-0.00905845406,-1.35945016,0.197818539,0.11527125459999998,0.17929297000000002,0.16939266800000002,0.00034410884100000003,0.007581988689999999,0.000131651988,3.4417168900000006e-08,3.45245288e-08,4.3980075900000003e-08,6.88618109e-08,1.0291005209999998e-07,1.400611465e-07,2.8879419259999996e-07,0.008539602510000001,4.94021215e-05,2.51459551e-06,66.36264150000001,49.836438699999995,5.7988375e-07,6.2357030600000005,0.0020741081699999996,0.18306964999999997,6.4443859e-05,2.46751703e-06,0.00427413902,0.751717773,6.4443859e-05,2.46751703e-06,0.011595469800000001,4.20137437,6.4443859e-05,2.46751703e-06,0.000315164982,0.2641927998,6.4443859e-05,2.46751703e-06,0.011474331549999998,2.03511983e-07,0.000131864402,-1.0884932804499998,46.53455120167,-0.00814476969,-0.010778826449999999,-0.010934191499999999,2.15988262e-06,5.8221468099999995e-05
113,1687832400,0.0222712891,0.022403024400000002,-0.008056911150000002,-1.3405904100000001,0.224781861,0.131013299,0.207231326,0.19628099300000001,0.000432760018,0.009718481300000002,0.000131873689,4.6293660799999995e-08,4.6173882760000003e-08,5.8164281140000005e-08,8.91653237e-08,1.176674657e-07,1.92602838e-07,4.1688242399999996e-07,0.0110520175,7.933976739999998e-05,3.15697253e-06,67.0892393,50.1595524,7.49128658e-07,6.4268659999999995,0.00235284255,0.234972855,7.78258304e-05,3.59973502e-06,0.00486564187,0.9720904920000001,7.78258304e-05,3.59973502e-06,0.011651601199999998,4.3675205,7.78258304e-05,3.59973502e-06,0.000402092983,0.44628904900000005,7.78258304e-05,3.59973502e-06,0.0114764304,3.05074862e-07,0.00013201368100000001,-0.05681673109999998,3.076581064,-0.00816748393,-0.01076154415,-0.0109342628,2.73079261e-06,6.102285610000001e-05
113,1687833000,0.0273473576,0.027479309299999997,-0.0099330261,-1.32472142,0.25489528300000003,0.144516157,0.23175707300000004,0.218444168,0.00065551223,0.01211138715,0.00013203409,5.5478034e-08,5.574454338000001e-08,6.755714035999999e-08,1.1994623449999998e-07,1.6082667689999999e-07,2.1136253249999998e-07,4.611828959e-07,0.0135836432,8.55580281e-05,3.2059539199999996e-06,66.43956549999999,50.17923230000001,9.181570039999999e-07,6.04026676,0.0026010838599999997,0.29016294499999995,8.2281056e-05,3.5445847599999997e-06,0.00538666424,1.19261389,8.2281056e-05,3.5445847599999997e-06,0.01168216975,4.46856658,8.2281056e-05,3.5445847599999997e-06,0.000427891225,0.543529583,8.2281056e-05,3.5445847599999997e-06,0.011483122000000002,2.6918225e-07,0.000132131734,-0.07300029179999999,0.9172109367000001,-0.0087778099,-0.010682145200000001,-0.0108601507,2.19465174e-06,5.875446960000001e-05
113,1687833600,0.030803386000000006,0.0309352073,-0.00565446012,-1.39491305,0.259732929,0.155129395,0.24109485900000002,0.22939450200000006,0.0007295069659999999,0.0134336023,0.000131891268,4.5693336000000005e-08,4.41023105e-08,5.372683824e-08,9.204930359999999e-08,2.2017603099999995e-07,1.804581747e-07,3.9908919200000004e-07,0.015358080199999999,3.93844912e-05,3.1015137300000003e-06,64.1301643,49.864003600000004,1.0335798200000002e-06,5.97988229,0.0027793027800000003,0.331046343,7.447176710000002e-05,3.11157756e-06,0.005728946949999999,1.34911914,7.447176710000002e-05,3.11157756e-06,0.011665643799999998,4.41547517,7.447176710000002e-05,3.11157756e-06,0.00041585540699999997,0.47746731770000006,7.447176710000002e-05,3.11157756e-06,0.011480478399999997,4.0348491899999996e-07,0.00013220584,-0.05508503304000001,0.22368979300000005,-0.008324601959999999,-0.01048294725,-0.010684825200000001,2.15516584e-06,5.9063063100000004e-05
113,1687834200,0.027902778899999998,0.028034065700000006,-0.004045845750000001,-1.3382446700000001,0.257220352,0.146423906,0.23456966399999998,0.21986920899999998,0.0007858864359999998,0.0125314914,0.00013137291,5.83082698e-08,5.964637729999999e-08,7.5215802e-08,1.1328880870000001e-07,1.9742081579999998e-07,2.448228745e-07,5.186720979999999e-07,0.0138752041,7.15234039e-05,3.30091387e-06,65.22875939999999,50.0828971,9.363091049999999e-07,6.37887476,0.00263653812,0.297904684,7.40618585e-05,2.99833215e-06,0.005451463740000001,1.22235946,7.40618585e-05,2.99833215e-06,0.011639237200000001,4.36316101,7.40618585e-05,2.99833215e-06,0.00042321126800000006,0.47365343499999996,7.40618585e-05,2.99833215e-06,0.011458373849999998,2.79793658e-07,0.00013157430999999998,-0.11390928600000001,0.7707264979999999,-0.00877273742,-0.010635716299999999,-0.0108131195,2.12930521e-06,5.8573231299999996e-05
113,1687834800,0.0211065565,0.021238618999999997,-0.00510782074,-1.3083473099999998,0.233407126,0.12668189549999997,0.20333120599999996,0.190580822,0.000730916787,0.009855429550000001,0.000132268715,4.894595205e-08,5.048252265e-08,6.051767726e-08,8.722198120000001e-08,1.218661577e-07,1.7403275919999997e-07,3.4973889100000006e-07,0.010476622299999998,7.3016758e-05,2.51909079e-06,66.60905070000001,50.1078261,7.106570909999999e-07,6.159599030000001,0.00227313174,0.223202531,8.19535944e-05,4.473283980000001e-06,0.004725264430000001,0.9199449239999999,8.19535944e-05,4.473283980000001e-06,0.0116619052,4.35167561,8.19535944e-05,4.473283980000001e-06,0.000390972353,0.42233804699999994,8.19535944e-05,4.473283980000001e-06,0.0115023665,4.4410152600000004e-07,0.000132745478,0.32800965552999994,18.8432120739,-0.007147216140000001,-0.0107126939,-0.0109046522,3.701051199999999e-06,6.72837786e-05
113,1687835400,0.0259411602,0.026073093799999995,-0.010006685669999998,-1.3641788,0.241994891,0.14173624,0.22264429900000002,0.21139395099999997,0.00048023291299999996,0.011426847,0.00013204831600000002,5.211751819999999e-08,5.286379367000001e-08,6.566113490000001e-08,1.070636466e-07,1.495268336e-07,2.2219391599999997e-07,4.810800328999999e-07,0.01290766475,5.815255860000001e-05,3.5010891199999997e-06,65.16548100000001,49.9678722,8.711525810000001e-07,6.36799383,0.00254051011,0.277842975,7.5254757e-05,3.4720688300000004e-06,0.00527195047,1.1426719799999998,7.5254757e-05,3.4720688300000004e-06,0.01167041505,4.40200117,7.5254757e-05,3.4720688300000004e-06,0.00041831114700000005,0.46618622300000007,7.5254757e-05,3.4720688300000004e-06,0.01148508615,2.79415926e-07,0.000132187813,-0.05441374450000001,3.7631307918000005,-0.00865217083,-0.0106974363,-0.0108779014,2.6691860700000003e-06,6.0680655900000005e-05
113,1687836000,0.028749988999999997,0.0288822386,-0.00842069711,-1.42039734,0.24960762,0.15041476299999998,0.230182029,0.21971920699999997,0.000364117516,0.012266083399999999,0.00013233623,6.18934427e-08,6.346958047000001e-08,8.131061779999999e-08,1.19601162e-07,1.698871406e-07,2.751139273e-07,5.36886943e-07,0.0143447141,2.51412736e-05,3.7342896100000006e-06,62.97017189999999,49.7423682,9.64635162e-07,6.20020536,0.00267542492,0.304181857,7.690063439999999e-05,3.2388428399999998e-06,0.00554612357,1.26435466,7.690063439999999e-05,3.2388428399999998e-06,0.0116839244,4.4291857299999995,7.690063439999999e-05,3.2388428399999998e-06,0.000421423702,0.49595050899999993,7.690063439999999e-05,3.2388428399999998e-06,0.011497006550000001,2.0002430900000003e-07,0.000132382218,0.023660095540000002,0.2069010757,-0.0095969139,-0.010754868300000001,-0.01092495775,2.2372503299999998e-06,5.7932317600000004e-05
113,1687836600,0.0247933485,0.0249258848,-0.013523163100000003,-1.3483804799999999,0.243644937,0.13765091299999999,0.217431635,0.20426873299999998,0.000618329803,0.01108150398,0.000132982443,6.809340975e-08,7.639964315e-08,8.10218909e-08,1.247724948e-07,1.699000749e-07,2.6020014220000004e-07,4.33601064e-07,0.012336358499999998,5.468682e-05,3.95940151e-06,64.1384499,49.983144,8.33335463e-07,6.152966350000001,0.00245064358,0.266229147,9.099737390000001e-05,5.686778500000001e-06,0.005079981779999999,1.071290456,9.099737390000001e-05,5.686778500000001e-06,0.0117029726,4.44598595,9.099737390000001e-05,5.686778500000001e-06,0.000441847538,0.465444338,9.099737390000001e-05,5.686778500000001e-06,0.011512123850000002,1.027159383e-06,0.000133508788,-0.4139571763,8.6270071973,-0.00518852795,-0.010563384700000001,-0.0108071713,5.247843600000001e-06,8.128430069999999e-05
113,1687837200,0.01696889,0.017100975499999997,-0.034928237099999995,2.1257959499999997,0.47720207100000006,0.11207911699999999,0.178167939,0.16643007699999998,0.0010626570369999997,0.01161869665,0.00013217538699999997,5.94964644e-08,1.1704285290000001e-07,2.1793355250000004e-07,4.031812631e-07,3.232442747e-07,9.980241594999998e-07,5.772781862999999e-06,0.00837248575,7.339930819999999e-05,3.0563903799999995e-05,70.1076319,50.3708698,5.689537900000001e-07,6.684729129999999,0.00205502963,0.411154479,7.17849398e-05,3.07375951e-06,0.0041833488,0.7443658830000001,7.17849398e-05,3.07375951e-06,0.011656539849999998,4.33725606,7.17849398e-05,3.07375951e-06,0.00037435257699999997,0.399941365,7.17849398e-05,3.07375951e-06,0.0115049199,1.6881160370000005e-06,0.000133783054,0.9384860506000002,128.6147998194,0.01016975774,-0.0107360228,-0.010903158400000001,5.868397460000001e-06,9.548812020000001e-05
113,1687837800,0.01257655,0.012708231549999999,-0.0159164179,-1.3336255700000001,0.17456782799999998,0.0982187166,0.151617129,0.141566823,0.000497821235,0.006094408589999999,0.00013176944400000002,2.7850597699999998e-08,2.9350371160000008e-08,3.58022144e-08,6.13080206e-08,7.82909871e-08,1.17292219e-07,2.38060419e-07,0.00625140862,3.2912804400000005e-05,3.2780648100000005e-06,67.283051,49.5873952,4.2683259200000005e-07,6.57754743,0.00173670814,0.13072339800000002,6.60305351e-05,3.13373411e-06,0.0036205735700000005,0.5413698140000001,6.60305351e-05,3.13373411e-06,0.01155887265,4.0866073499999995,6.60305351e-05,3.13373411e-06,0.00026786988900000003,0.16954946070000002,6.60305351e-05,3.13373411e-06,0.011474296200000001,2.65344258e-07,0.000131925787,0.08581712932999999,9.7108744007,-0.007355018769999999,-0.010733302149999999,-0.010908121849999999,3.0282808900000002e-06,6.358711509999999e-05
113,1687838400,0.020141934000000004,0.0202743488,-0.0115528403,-1.32547665,0.21911919100000002,0.12352980849999998,0.195493467,0.184580637,0.000514902873,0.0092158965,0.000132537805,2.9148030500000002e-08,2.7634106610000004e-08,3.434602257e-08,5.80189973e-08,7.984182129999999e-08,1.1256597240000001e-07,2.34682395e-07,0.010008609079999998,5.9044679600000006e-05,2.6117624999999996e-06,67.37513720000001,49.97053759999999,6.78941538e-07,6.08003897,0.0022149976,0.213788872,7.32722645e-05,3.662462860000001e-06,0.0046087786,0.882094431,7.32722645e-05,3.662462860000001e-06,0.0116458157,4.28183676,7.32722645e-05,3.662462860000001e-06,0.000347085198,0.315662401,7.32722645e-05,3.662462860000001e-06,0.01150503735,3.21962627e-07,0.00013268860699999996,-0.33507760947,3.0467003285,-0.008523540399999998,-0.010754522950000001,-0.0109335806,3.3098472200000002e-06,6.622307000000001e-05
113,1687839000,0.0226869259,0.022819749400000002,-0.01136148295,-1.32589961,0.22950700400000001,0.131447338,0.20981890599999997,0.197668533,0.00038181084500000004,0.00981303785,0.000132974827,4.439053306e-08,4.3276516500000004e-08,5.146953263999999e-08,7.89044458e-08,9.44162263e-08,1.5431903379999997e-07,3.145801886e-07,0.011268650600000001,7.11765743e-05,2.6727422699999996e-06,66.56707899999999,50.0953742,7.63399866e-07,6.240693630000001,0.00234402245,0.23688039600000002,7.600995620000001e-05,3.85630459e-06,0.00489619982,0.9865698349999998,7.600995620000001e-05,3.85630459e-06,0.0117096672,4.41758606,7.600995620000001e-05,3.85630459e-06,0.000414051887,0.441826086,7.600995620000001e-05,3.85630459e-06,0.011527787449999998,3.18992774e-07,0.000133209256,-0.6136679276000001,4.111652768240001,-0.009017379160000002,-0.010778924100000002,-0.01096015245,3.30741105e-06,6.69297931e-05
113,1687839600,0.026842544099999997,0.0269750007,-0.012595399600000001,-1.31325215,0.247882566,0.14206758560000002,0.228306963,0.21578158900000002,0.00042709849699999996,0.011569743730000002,0.00013275368000000001,2.0149590900000002e-08,1.610245716e-08,2.129463459e-08,4.2804421799999996e-08,5.0010491999999994e-08,8.422703549999999e-08,2.023985755e-07,0.0133221265,9.60433434e-05,2.35088665e-06,68.62492,50.328202899999994,9.021391130000001e-07,5.813243959999999,0.00251378623,0.272722894,8.22232355e-05,5.044775820000001e-06,0.00526497885,1.151135862,8.22232355e-05,5.044775820000001e-06,0.011694566850000001,4.4232913300000005,8.22232355e-05,5.044775820000001e-06,0.00042329539100000003,0.425690248,8.22232355e-05,5.044775820000001e-06,0.0115135988,6.659354740000001e-07,0.000133229409,-0.49348407009999995,3.6313364994999993,-0.00890736112,-0.010729918049999999,-0.01093000945,4.621430809999999e-06,7.49634969e-05
113,1687840200,0.0250023098,0.025134673200000002,-0.014353192350000002,-1.3249449299999998,0.24458246899999997,0.137985792,0.220544231,0.208356359,0.00047550741999999996,0.0110241936,0.000132443352,5.351398614e-08,5.383356613000001e-08,6.560208104e-08,9.78854148e-08,1.286009993e-07,2.0597899080000005e-07,4.3094341349999996e-07,0.012393894550000001,0.00010281232190000001,3.3259493400000005e-06,67.05748489999999,50.3771567,8.399583820000001e-07,6.307543,0.0024545054099999997,0.25655801500000003,7.676050489999999e-05,3.2043808399999993e-06,0.00510809424,1.0760815340000003,7.676050489999999e-05,3.2043808399999993e-06,0.011683713100000001,4.40595276,7.676050489999999e-05,3.2043808399999993e-06,0.000396430405,0.46552044080000005,7.676050489999999e-05,3.2043808399999993e-06,0.0115041614,1.51692828e-07,0.00013249797500000004,0.08886018579999999,1.0715953916,-0.00935036069,-0.01085730525,-0.0110065599,2.19946114e-06,5.77040497e-05
113,1687840800,0.015134599899999998,0.0152678428,-0.020171414300000003,-1.3584780900000002,0.18394311500000002,0.10843979020000001,0.167180104,0.15791731999999997,0.00024007315199999998,0.006585122739999999,0.00013338656999999999,4.463095683e-08,4.516415354e-08,5.0691567770000005e-08,7.14928748e-08,9.258822745e-08,1.2892140640000002e-07,2.4632366400000005e-07,0.00744774057,0.00011623467860000002,2.47840217e-06,70.2151884,50.7454213,5.12133112e-07,6.07479647,0.0019422792299999998,0.15776968500000002,7.786814740000001e-05,4.1367108199999996e-06,0.00396605057,0.6503021399999999,7.786814740000001e-05,4.1367108199999996e-06,0.0116890148,4.33795589,7.786814740000001e-05,4.1367108199999996e-06,0.000341458841,0.3734127169,7.786814740000001e-05,4.1367108199999996e-06,0.01154104285,3.1107936800000004e-07,0.000133507924,-0.7859254224,6.519563403499999,-0.00923320297,-0.0107987467,-0.0109842065,3.59630833e-06,6.93645648e-05
113,1687841400,0.019223210900000003,0.019356189500000003,-0.018728343900000003,-1.3283749999999999,0.210681436,0.12088832660000001,0.19151834299999998,0.179592982,0.000339689787,0.0083391174,0.00013313086800000002,4.33111057e-08,4.571536515e-08,5.522478828e-08,7.95740587e-08,1.097244607e-07,1.643113485e-07,3.399349801e-07,0.00947289963,0.000134516122,3.1512354300000004e-06,69.78232080000001,50.783373100000006,6.476605650000001e-07,6.40575716,0.00219032694,0.203502487,7.565808110000002e-05,3.99382985e-06,0.004473124069999999,0.834548987,7.565808110000002e-05,3.99382985e-06,0.0116475287,4.2340001,7.565808110000002e-05,3.99382985e-06,0.000317709909,0.27061832397,7.565808110000002e-05,3.99382985e-06,0.011536679550000001,3.03009719e-07,0.00013339949999999998,-0.7775661565599999,6.0198460783,-0.009130023829999999,-0.0108366859,-0.01100855405,3.5908694900000007e-06,6.93279849e-05
113,1687842000,0.0223863214,0.0225187936,-0.0179283335,-1.33954964,0.22838197099999996,0.13025934499999997,0.20543126799999997,0.19354340800000003,0.00043006204599999997,0.009845885209999999,0.00013255515700000002,5.3246327609999996e-08,5.0134290400000004e-08,5.9240718739999995e-08,8.39199596e-08,1.01534914e-07,1.8416832810000003e-07,3.363220724e-07,0.0110619638,0.000127124768,3.09694515e-06,69.83894369999999,50.6355631,7.534588329999999e-07,6.072011409999999,0.00232775211,0.23408185599999998,7.50451528e-05,3.2330504199999997e-06,0.00483904043,0.984380657,7.50451528e-05,3.2330504199999997e-06,0.011681730999999999,4.3890772600000005,7.50451528e-05,3.2330504199999997e-06,0.00039095217100000004,0.46223283200000004,7.50451528e-05,3.2330504199999997e-06,0.011510111,3.2081374e-07,0.000132732991,2.49019803018,116.957496379,-0.0033995324799999996,-0.0107959328,-0.0109596055,2.54682398e-06,6.20441653e-05
113,1687842600,0.0121575448,0.01228997335,-0.023655054399999997,-1.3950620599999999,0.16894266000000002,0.09840803509999999,0.14801701699999997,0.1387542345,0.00023332184739999995,0.00544125084,0.000132480372,2.347209189e-08,2.3058599880000002e-08,2.8149731460000003e-08,4.471044665e-08,5.58698677e-08,9.01464635e-08,1.8794901069999999e-07,0.00593773642,0.000137842467,2.6430265199999996e-06,72.4938537,51.2379098,4.129553179999999e-07,6.25350935,0.00177068904,0.1293217189,6.01804154e-05,2.2142355e-06,0.0035583034799999995,0.522750847,6.01804154e-05,2.2142355e-06,0.01158425035,4.09860264,6.01804154e-05,2.2142355e-06,0.00025889022799999997,0.1567087626,6.01804154e-05,2.2142355e-06,0.01150890655,1.34096771e-07,0.00013258970699999998,0.0398028976,0.8551344951700001,-0.009448756210000001,-0.0109071871,-0.0110440859,2.08897462e-06,5.7479815599999995e-05
113,1687843200,0.008290924209999998,0.00842363075,-0.0332164966,-1.23798884,0.142841862,0.07959113389999999,0.125853842,0.11625354749999998,0.0001558274565,0.00366661635,0.000132777545,2.420729689e-08,2.4523659220000002e-08,2.8837125470000003e-08,4.3001971e-08,5.019269567000001e-08,7.74597352e-08,1.4645713669999998e-07,0.003990084539999999,0.000151962964,2.9292757899999997e-06,75.29710899999999,52.0945234,2.84350849e-07,6.35200197,0.00146046103,0.0889992289,6.564013970000001e-05,2.76135762e-06,0.00292676802,0.35271920700000003,6.564013970000001e-05,2.76135762e-06,0.01159640315,4.124120119999999,6.564013970000001e-05,2.76135762e-06,0.000234255121,0.16819962800000002,6.564013970000001e-05,2.76135762e-06,0.011516752449999999,1.6892435599999998e-07,0.000132805178,-0.2941687189,1.7993336352499998,-0.00960740114,-0.010909543300000001,-0.01104497425,2.5489119200000003e-06,6.125484709999999e-05
113,1687843800,0.006449677030000001,0.006582304670000001,-0.040007198300000005,-1.1716944699999998,0.128216413,0.06940989220000002,0.11141589850000003,0.10181560780000001,0.0001693859206,0.0029654791600000003,0.00013304789000000004,1.3357106799999998e-08,1.3981196880000001e-08,1.483772797e-08,2.8240453000000002e-08,3.3438301199999995e-08,4.91963884e-08,1.0203350260000002e-07,0.00307625848,0.000145037722,2.85362478e-06,76.8407436,52.50020860000001,2.23114361e-07,6.61616671,0.0012912937800000001,0.0708666341,7.213581439999999e-05,4.000969420000001e-06,0.0025709777,0.274868394,7.213581439999999e-05,4.000969420000001e-06,0.0115795977,4.088542800000001,7.213581439999999e-05,4.000969420000001e-06,0.00026654953499999996,0.1160863094,7.213581439999999e-05,4.000969420000001e-06,0.01151025145,8.867650030000001e-07,0.00013334019800000002,-0.03886642219999994,10.4744028995,-0.006374655775,-0.010698723099999998,-0.010985051800000001,3.92964478e-06,7.076454830000001e-05
113,1687844400,0.01098321391,0.01111560386,-0.031928584600000004,-1.27497993,0.167667623,0.0902221857,0.141941834,0.1312165029,0.0002959382944,0.00506107283,0.00013261196700000002,3.5446021050000006e-08,3.956636074e-08,4.863593074000001e-08,9.60355427e-08,9.192432739999999e-08,1.3121996110000002e-07,2.524301974e-07,0.00533199787,0.00015575150899999998,2.9113274599999996e-06,72.76437659999999,51.8628103,3.7363029300000005e-07,6.39889008,0.00163392061,0.1167193054,7.973510889999999e-05,4.64546754e-06,0.0032890518,0.46395178800000003,7.973510889999999e-05,4.64546754e-06,0.0116136987,4.20011144,7.973510889999999e-05,4.64546754e-06,0.00029565558200000003,0.2541194432,7.973510889999999e-05,4.64546754e-06,0.0115111652,6.054103321e-07,0.000133077335,-0.71712697099,21.0499169342,-0.006210270369999999,-0.010794935800000002,-0.01098523195,4.609711300000001e-06,7.52536919e-05
113,1687845000,0.0259940076,0.026126422600000004,-0.01712097445,-1.31500651,0.24484497000000002,0.14117907200000002,0.22759444499999998,0.21379402499999997,0.000319420387,0.0109332378,0.000132526092,6.334239920000001e-08,6.582302777e-08,7.872707630000001e-08,1.1187165809999998e-07,1.5428212739999997e-07,2.1982891e-07,4.557267289999999e-07,0.012816295250000002,0.000175834897,3.6037672500000005e-06,68.0894108,50.883690200000004,8.727769949999998e-07,6.325479280000001,0.00255661909,0.275191982,7.73081354e-05,3.55110598e-06,0.0052398624599999995,1.1291979950000002,7.73081354e-05,3.55110598e-06,0.011700946900000002,4.44841153,7.73081354e-05,3.55110598e-06,0.000426875219,0.499125068,7.73081354e-05,3.55110598e-06,0.011505454200000001,3.1681123e-07,0.000132681865,0.03732713470000002,3.17093411967,-0.007733146750000001,-0.010764169450000001,-0.0109479402,2.65911783e-06,6.071611929999999e-05
113,1687845600,0.0232592325,0.0233916064,-0.02290814845,-1.2498345149999999,0.23749475099999998,0.1313606696,0.21364402400000002,0.19751852639999998,0.000581681383,0.01028255217,0.000132442114,4.3061339800000003e-08,4.43586707e-08,5.464523420000001e-08,8.64079068e-08,1.1865145989999999e-07,1.7810812579999999e-07,3.77914288e-07,0.011489082030000002,0.00013580792599999998,3.73627916e-06,68.93360419999999,50.6395037,7.820131319999999e-07,6.343394819999999,0.00239003035,0.24779881099999995,7.43996795e-05,3.00191447e-06,0.004906085150000001,1.013701172,7.43996795e-05,3.00191447e-06,0.011689823250000002,4.41270343,7.43996795e-05,3.00191447e-06,0.0004008373,0.468304395,7.43996795e-05,3.00191447e-06,0.011506047500000002,1.94873823e-07,0.00013258346299999997,0.1045163232,14.648354981399999,-0.00817365213,-0.010801598300000001,-0.010956740900000001,2.15313867e-06,5.8310449499999995e-05
113,1687846200,0.009530266649999999,0.00966250645,-0.0352295615,-1.4136617299999998,0.146029459,0.0873475825,0.1276913965,0.12049117989999998,0.0001862307865,0.0042759244000000005,0.000132372366,2.9495403729999996e-08,3.040093604e-08,3.80521628e-08,5.7404582699999995e-08,8.530074890000001e-08,1.1456514689999999e-07,2.466106336e-07,0.00468098063,7.98507728e-05,3.54152651e-06,69.70427149999999,50.351901299999994,3.25307e-07,6.653593949999999,0.00157875841,0.10320005039999999,7.063042639999999e-05,3.5195077000000003e-06,0.0031666514300000004,0.41234326899999996,7.063042639999999e-05,3.5195077000000003e-06,0.0115601728,4.07042487,7.063042639999999e-05,3.5195077000000003e-06,0.000231850276,0.1249213624,7.063042639999999e-05,3.5195077000000003e-06,0.011493228099999999,3.3216860799999997e-07,0.00013242688599999998,-0.4085183672,2.7327742725999995,-0.0090336416,-0.01075306875,-0.0109389344,3.4551897299999998e-06,6.74692017e-05
113,1687846800,0.0069383533,0.0070705864,-0.0422631938,-1.3202007700000002,0.1247288075,0.0734026894,0.110028357,0.1035031608,0.00013982231449999997,0.00311483774,0.000132360117,1.822518665e-08,2.1533581960000003e-08,2.38229344e-08,3.71756635e-08,5.1812789599999995e-08,6.75186859e-08,1.2852042829999996e-07,0.0033930262699999997,7.21386455e-05,3.5004174200000005e-06,73.1543906,50.281061400000006,2.39386846e-07,6.453555570000001,0.0013403513799999998,0.0752447561,6.78681741e-05,3.4475986600000005e-06,0.0026963359799999998,0.29861544900000003,6.78681741e-05,3.4475986600000005e-06,0.0115779218,4.100893640000001,6.78681741e-05,3.4475986600000005e-06,0.00023692870600000002,0.1484181863,6.78681741e-05,3.4475986600000005e-06,0.011499185,3.2835538500000005e-07,0.000132560417,-0.40982123539999993,2.9284902254,-0.009077685169999999,-0.010762048199999999,-0.010952361550000001,3.39114203e-06,6.60336204e-05
113,1687847400,0.01182642145,0.011958960099999999,-0.0335563106,-1.28159655,0.16429251500000003,0.09437086189999999,0.14891704600000003,0.14014177700000002,0.000185866622,0.00513393201,0.000132601879,3.6115874800000004e-08,3.755754206e-08,4.4452137029999995e-08,6.60357749e-08,8.592318236000001e-08,1.58646055e-07,2.604280402e-07,0.005830470339999999,7.81070334e-05,3.8482831e-06,68.57193480000001,50.2854419,4.0170561200000003e-07,6.5210475,0.00172012312,0.126314647,6.346930260000001e-05,2.32520166e-06,0.0035347727100000005,0.515216475,6.346930260000001e-05,2.32520166e-06,0.011608825,4.159044059999999,6.346930260000001e-05,2.32520166e-06,0.000272970364,0.2050565565,6.346930260000001e-05,2.32520166e-06,0.0115079304,1.37246466e-07,0.000132570071,0.07172720574,0.320745991,-0.00966718005,-0.01089492825,-0.011033298850000001,2.0838622200000002e-06,5.7642140800000004e-05
113,1687848000,0.008047428249999999,0.00817967387,-0.041707033,-1.26513126,0.1324540441,0.07696620800000001,0.119478649,0.112390933,0.000163835736,0.0035603637299999997,0.00013232737299999998,1.5345880229999997e-08,1.620918276e-08,2.271469188e-08,3.55779706e-08,4.733680159999999e-08,9.57514846e-08,1.51747511e-07,0.0039655283800000005,5.39690755e-05,3.7399087800000005e-06,70.9540145,49.7818195,2.76141876e-07,6.5967321,0.0014041189599999998,0.0861601438,6.49902437e-05,2.84069552e-06,0.00288165508,0.348483311,6.49902437e-05,2.84069552e-06,0.0115781257,4.096292839999999,6.49902437e-05,2.84069552e-06,0.000256396612,0.1625513326,6.49902437e-05,2.84069552e-06,0.0115001199,2.2562495499999995e-07,0.00013247938600000002,-0.1085128992,1.6633583299999999,-0.009181547049999999,-0.010845216800000002,-0.011007517900000003,2.72579299e-06,6.17009969e-05
113,1687848600,0.00473110221,0.00486349426,-0.0552984737,-1.24060784,0.10837830840000003,0.059639816600000006,0.0903402573,0.08392756139999999,0.0001432634414,0.0022585885,0.00013262446499999998,1.558814962e-08,1.4748851450000002e-08,1.6976370380000002e-08,2.40932416e-08,8.277697859000001e-07,8.253225269999998e-08,8.59193787e-08,0.00231367608,4.74599918e-05,3.10875185e-06,71.9216158,49.3743186,1.66017094e-07,6.50716068,0.0011803159800000001,0.0865983516,6.81526057e-05,3.80525007e-06,0.0022235850999999997,0.20356745699999998,6.81526057e-05,3.80525007e-06,0.01156155395,4.0521010099999994,6.81526057e-05,3.80525007e-06,0.000204141237,0.0940625546,6.81526057e-05,3.80525007e-06,0.01151666955,1.6591209473999999e-06,0.000134005356,-0.22535521279999998,4.327102843,-0.00704849269,-0.010473319409999998,-0.0108476434,4.752281950000001e-06,7.408582650000001e-05
113,1687849200,0.0038758923700000004,0.00400811408,-0.04445480350000001,-1.3628045199999999,0.09180280390000001,0.0552841582,0.0777023736,0.0728647261,9.71742095e-05,0.00182723398,0.000132291375,8.109517870000002e-09,8.23499851e-09,1.018236618e-08,1.70077187e-08,2.53208655e-08,3.89167768e-08,6.38863029e-08,0.00189460528,3.9977494000000005e-05,3.09885237e-06,74.52753599999998,48.836891800000004,1.37586894e-07,6.56313686,0.0010006889980000001,0.0422866749,6.274056470000002e-05,2.7449860100000003e-06,0.00200565865,0.16677658299999998,6.274056470000002e-05,2.7449860100000003e-06,0.01153570725,4.01097978,6.274056470000002e-05,2.7449860100000003e-06,0.0001664061,0.06882086064000001,6.274056470000002e-05,2.7449860100000003e-06,0.0114981666,1.940981475e-07,0.000132402593,-0.27248809846,1.6512680177999997,-0.0096377684,-0.0108628102,-0.011008003450000001,2.7101716200000003e-06,6.24112517e-05
113,1687849800,0.0028592592200000003,0.0029912155200000003,-0.0639825008,-1.2319089639999998,0.07998994239999999,0.0463653702,0.06596451369999999,0.060676851500000004,0.00011869409000000002,0.0014102325699999999,0.000132073737,1.58048878e-08,8.5045317e-09,9.81003443e-09,1.7137060200000003e-08,2.82016545e-08,5.6369893299999995e-08,5.8251735200000006e-08,0.001393384562,3.27249573e-05,3.19557821e-06,76.4908059,47.9446224,1.037050326e-07,6.794417349999999,0.00086274834,0.0329179219,6.94436417e-05,3.5321871599999994e-06,0.00170283006,0.12292747219999997,6.94436417e-05,3.5321871599999994e-06,0.011512900900000001,3.990042960000001,6.94436417e-05,3.5321871599999994e-06,0.00015700774310000001,0.04824451646,6.94436417e-05,3.5321871599999994e-06,0.011495949850000001,3.080186946e-07,0.00013246642100000003,-0.64206879921,5.755557105399999,-0.00851763264,-0.01084419365,-0.010995847,3.5083701100000004e-06,6.997980569999999e-05
113,1687850400,0.00301512603,0.0031472343,-0.0634734827,-1.129897946,0.08599012560000001,0.0469745176,0.071177172,0.0650269835,0.00011483668150000002,0.00147832196,0.00013227457199999998,6.318482550000001e-09,7.297597319999999e-09,7.947034040000002e-09,1.4637586950000002e-08,3.1650867000000004e-08,5.0777105500000004e-08,5.50718567e-08,0.001461859626,4.250525180000001e-05,2.83887166e-06,78.1882975,48.7149639,1.0892446040000001e-07,6.732673409999999,0.0008751194020000001,0.0341345748,6.42298891e-05,2.79069581e-06,0.00175465852,0.12816707700000002,6.42298891e-05,2.79069581e-06,0.0115163755,3.9914028999999998,6.42298891e-05,2.79069581e-06,0.00016773856250000001,0.0527612167,6.42298891e-05,2.79069581e-06,0.01149070285,3.9124207300000006e-07,0.00013238063599999998,0.41079933000000013,4.408168499099999,-0.007573796900000001,-0.01084181255,-0.010993714100000001,2.5803709499999998e-06,6.17593128e-05
113,1687851000,0.005544919380000001,0.00567762108,-0.0359112548,-1.27954863,0.12161621439999999,0.06465054829999999,0.09712796539999999,0.09120278600000001,0.00013177502199999998,0.00255626432,0.000132750326,1.690904755e-08,1.7738331099999998e-08,2.39992223e-08,3.273145695e-08,5.04983215e-08,9.833854780000003e-08,1.448785618e-07,0.00273463633,3.42850657e-05,3.07150513e-06,71.1371616,48.991135,1.92876279e-07,6.76782951,0.001178398485,0.060338336299999996,5.96231467e-05,2.24407932e-06,0.00240498558,0.24009458799999997,5.96231467e-05,2.24407932e-06,0.0115712521,4.04987483,5.96231467e-05,2.24407932e-06,0.000195803496,0.09163806713,5.96231467e-05,2.24407932e-06,0.011515328299999999,1.48417657e-07,0.00013275133200000002,0.2757574006,6.499317412399999,-0.0086093498,-0.010892484899999999,-0.01103213195,2.15052304e-06,5.79767529e-05
113,1687851600,0.007572528819999999,0.0077047191,-0.0294658072,-1.3474717799999998,0.12840392150000005,0.07634890629999999,0.1134784638,0.1076657862,0.00014254048760000004,0.0033669865500000006,0.000132368532,2.87253592e-08,2.946951028e-08,4.74274182e-08,7.898704285e-08,6.40306664e-08,1.2708073180000002e-07,1.51486304e-07,0.0037626223900000004,1.98501869e-05,3.0736665400000005e-06,67.6413095,48.913010699999994,2.60470597e-07,6.504021230000001,0.00139389555,0.0850600854,7.2704456e-05,4.05768659e-06,0.0028387522799999997,0.33224241,7.2704456e-05,4.05768659e-06,0.011553169100000002,4.05092719,7.2704456e-05,4.05768659e-06,0.00024100050399999997,0.11903905640000001,7.2704456e-05,4.05768659e-06,0.01150013855,5.53363881e-07,0.000132805145,-0.4525322805,8.034107627000001,-0.007289266429999999,-0.01064079185,-0.0108814865,3.97524726e-06,7.06113052e-05
113,1687852200,0.0075889147,0.00772144307,-0.0245301277,-1.37156849,0.1265663635,0.0768588268,0.1133284601,0.10766578629999998,0.00013824546709999998,0.0033479172299999997,0.000132629434,1.876930349e-08,1.9292795049999994e-08,2.347062626e-08,3.3651192799999997e-08,4.99613945e-08,8.83209835e-08,1.463546127e-07,0.00377719839,1.3898619099999998e-05,2.84078669e-06,67.81678109999999,48.7372046,2.61002878e-07,6.459409869999999,0.00137929028,0.0820989984,6.59508129e-05,3.0692586599999995e-06,0.0028469655000000005,0.33344321500000007,6.59508129e-05,3.0692586599999995e-06,0.011596671999999999,4.10862732,6.59508129e-05,3.0692586599999995e-06,0.00023419219700000004,0.1353448405,6.59508129e-05,3.0692586599999995e-06,0.011514390599999999,2.59826379e-07,0.000132841233,-0.46773475809000004,7.670898436100001,-0.00939202963,-0.01086168215,-0.0110171562,3.08998791e-06,6.578418189999999e-05
113,1687852800,0.0051639137799999995,0.0052960915999999995,-0.030569329500000002,-1.37007576,0.109578345,0.0631711639,0.09067776749999999,0.08569011499999998,0.000134314282,0.0024106294700000004,0.00013222684299999998,1.3269412019999998e-08,1.321402136e-08,1.6924969390000003e-08,2.55625715e-08,3.72810318e-08,7.411871030000001e-08,1.056763387e-07,0.0025691821,9.93929051e-06,2.48366788e-06,68.51823959999999,47.9014006,1.8035806299999997e-07,6.56296865,0.00113716591,0.056711205,5.870238019999999e-05,2.2981610000000003e-06,0.00233682759,0.227290611,5.870238019999999e-05,2.2981610000000003e-06,0.011549802,4.0332491599999996,5.870238019999999e-05,2.2981610000000003e-06,0.000194096125,0.08571111379999999,5.870238019999999e-05,2.2981610000000003e-06,0.0114947568,1.420949974e-07,0.0001322722,0.058010515650000004,0.44845984659999993,-0.0097236559,-0.01087067565,-0.011012527900000001,2.26642205e-06,5.79302426e-05
113,1687853400,0.00506368114,0.0051955928800000006,-0.0360886802,-1.34178628,0.1062407415,0.06254654949999999,0.09101527810000001,0.0852026007,0.00014114791949999998,0.00235028054,0.000131953921,1.114866771e-08,1.1327633690000001e-08,1.452390589e-08,2.5438333899999998e-08,3.9993213900000006e-08,7.1232511e-08,1.0766841010000001e-07,0.00251175154,1.6998414009999998e-05,2.73398313e-06,70.5747776,48.1438492,1.76987155e-07,6.70722737,0.00113138668,0.0563265912,5.8914678900000005e-05,2.1767833e-06,0.00231786956,0.22261206699999997,5.8914678900000005e-05,2.1767833e-06,0.011533449050000002,4.02016444,5.8914678900000005e-05,2.1767833e-06,0.00019576374499999998,0.0892171897,5.8914678900000005e-05,2.1767833e-06,0.0114857814,1.57639248e-07,0.000132081832,0.20852883454000004,5.9415505925000005,-0.00821767993,-0.01085360315,-0.0109928867,2.1378756599999997e-06,5.7630546899999993e-05
113,1687854000,0.008886690130000003,0.009018260230000002,-0.029697391,-1.3501380699999999,0.139354257,0.0829993519,0.12484131000000001,0.11779109600000001,0.00015827136779999999,0.00393130161,0.000131703376,2.213563519e-08,2.0072348249999995e-08,2.392106779e-08,3.9058921900000006e-08,5.36637012e-08,8.621043399999999e-08,1.788845931e-07,0.0044184948200000004,2.1462045e-05,2.79541556e-06,68.3271525,49.0869883,3.0418922599999997e-07,6.481964239999999,0.00149533674,0.0966603292,7.11028601e-05,3.7425531300000004e-06,0.0030852872200000003,0.3917292849999999,7.11028601e-05,3.7425531300000004e-06,0.0115628519,4.1046711899999995,7.11028601e-05,3.7425531300000004e-06,0.000258200524,0.1772009713,7.11028601e-05,3.7425531300000004e-06,0.0114642121,2.94452198e-07,0.00013172391,-0.057597139749999984,5.8261462028999995,-0.008652463260000002,-0.0107985883,-0.010961225900000001,3.2402818899999994e-06,6.602506899999999e-05
113,1687854600,0.0069294421000000005,0.00706180665,-0.0413152621,-1.2697249099999999,0.13376658700000002,0.07221503080000001,0.11047837199999999,0.103128146,0.00017214723260000001,0.0031616160900000004,0.000132504745,3.55381813e-08,3.11633302e-08,3.67894497e-08,5.1657777e-08,6.99138854e-08,1.1284102570000001e-07,3.30266428e-07,0.0034195394500000005,3.8337085299999996e-05,6.0131244e-06,71.2995899,49.2893512,2.38871067e-07,6.87119403,0.00132735397,0.07873060359999999,7.077373539999999e-05,3.6589024100000003e-06,0.00270560126,0.302967679,7.077373539999999e-05,3.6589024100000003e-06,0.0115844591,4.10562064,7.077373539999999e-05,3.6589024100000003e-06,0.000270674274,0.15161095600000002,7.077373539999999e-05,3.6589024100000003e-06,0.0115036767,3.5701450999999994e-07,0.00013269244200000003,-0.5286102227,3.85922975,-0.008580858039999998,-0.010742402299999999,-0.010927744649999998,3.5904126e-06,6.861596539999999e-05
113,1687855200,0.0081300435,0.008261546679999999,-0.03511520729999999,-1.348633,0.138566731,0.0794425144,0.1186161197,0.111490901,0.000185868695,0.0037015168,0.000131581117,1.6627650339999997e-08,1.672886118e-08,2.185007086e-08,3.67433859e-08,5.3929054699999995e-08,1.0649034599999998e-07,3.0262084e-07,0.004036328380000001,2.40067282e-05,4.011971760000001e-06,70.3259756,49.093818399999996,2.78779756e-07,6.747022230000001,0.0014292234,0.08987719009999999,6.40385659e-05,2.88959381e-06,0.00293483075,0.35482981399999997,6.40385659e-05,2.88959381e-06,0.011542543450000001,4.05979828,6.40385659e-05,2.88959381e-06,0.000248235548,0.1423115365,6.40385659e-05,2.88959381e-06,0.011465212900000002,2.1819488800000002e-07,0.00013167030600000002,-0.3907657779,5.3682898139,-0.00849785713,-0.0107997028,-0.010951263950000002,2.83260165e-06,6.28916574e-05
113,1687855800,0.0122425276,0.0123737521,-0.019933820799999998,-1.37657786,0.16691759699999997,0.0977543765,0.148167024,0.139504258,0.00024949115300000005,0.0054257023699999995,0.00013132437800000003,3.177105035e-08,2.585017744e-08,3.2804988299999996e-08,5.312710580000001e-08,7.861636690000001e-08,1.4402183049999998e-07,3.2816155100000006e-07,0.00607988508,3.6428495899999996e-05,4.09046248e-06,68.559753,49.5938736,4.15484111e-07,6.4969376400000005,0.00174202184,0.13271513640000002,7.015335789999999e-05,3.2194443999999997e-06,0.0036032470599999997,0.534009784,7.015335789999999e-05,3.2194443999999997e-06,0.01155433905,4.1285978100000005,7.015335789999999e-05,3.2194443999999997e-06,0.00028636840399999996,0.21710224385000002,7.015335789999999e-05,3.2194443999999997e-06,0.0114530241,2.76323927e-07,0.000131449078,-0.1696655958,5.471003092,-0.008032629019999998,-0.0107773293,-0.010940403,2.8910179499999996e-06,6.428454299999998e-05
113,1687856400,0.0135430278,0.01367412695,-0.0114481128,-1.35272041,0.1736303,0.10240777949999999,0.15907985600000002,0.15000457900000003,0.000176559982,0.0058163011700000005,0.000131212371,3.81775503e-08,3.893700723e-08,4.6671663800000005e-08,6.55995713e-08,8.68922532e-08,1.500535512e-07,3.2030318100000003e-07,0.00670847524,5.82302144e-05,3.93538135e-06,67.4467684,49.951674000000004,4.5886777e-07,6.36223208,0.0018229909,0.145822395,6.850276760000002e-05,3.0660841300000004e-06,0.0037944949500000004,0.59164735,6.850276760000002e-05,3.0660841300000004e-06,0.011571468,4.174719860000001,6.850276760000002e-05,3.0660841300000004e-06,0.000318217813,0.2580211949999999,6.850276760000002e-05,3.0660841300000004e-06,0.0114493087,2.48117114e-07,0.000131335765,-0.15634831970000002,2.5482014289999997,-0.00891095265,-0.010762126899999998,-0.01092809035,2.78327754e-06,6.214608010000001e-05
113,1687857000,0.00928295832,0.009414651029999999,-0.0255838925,-1.29535009,0.146329465,0.083580431,0.129791465,0.1216912142,0.000203383747,0.00418786547,0.00013178925900000002,2.5171709710000002e-08,2.570430299e-08,3.116507101e-08,4.39407041e-08,7.500781345e-08,9.05470369e-08,2.157092106e-07,0.0045945781500000005,4.2447652400000005e-05,3.7887883e-06,69.1227446,49.507556799999996,3.17389274e-07,6.3199321699999995,0.0015246177399999999,0.1022960514,6.528752990000002e-05,2.8595326100000002e-06,0.00313361154,0.40809096800000005,6.528752990000002e-05,2.8595326100000002e-06,0.011565137999999999,4.09715899,6.528752990000002e-05,2.8595326100000002e-06,0.000254909334,0.166033424,6.528752990000002e-05,2.8595326100000002e-06,0.011476876649999999,2.62188887e-07,0.000131981716,-0.2058376195,1.4532019123,-0.0092238818,-0.010760117750000001,-0.0109254627,2.7537762799999997e-06,6.25756845e-05
113,1687857600,0.007216467830000001,0.00734749751,-0.0226371839,-1.2778469600000002,0.1328665545,0.07336941999999999,0.1132534589,0.1054532185,0.00022640924999999998,0.00334299438,0.000131143774,2.29730326e-08,2.43535281e-08,3.174757006e-08,4.43852823e-08,7.30333616e-08,8.4851811e-08,2.3327597299999999e-07,0.0035662093900000005,3.77214062e-05,3.6402358e-06,68.6793631,49.29604549999999,2.4846429399999995e-07,6.627731219999999,0.0013460841999999998,0.0795378573,6.74673398e-05,3.4891349299999996e-06,0.00274000087,0.314267813,6.74673398e-05,3.4891349299999996e-06,0.01150333465,4.021066439999999,6.74673398e-05,3.4891349299999996e-06,0.00021580265859999997,0.11685946119999999,6.74673398e-05,3.4891349299999996e-06,0.01143835785,2.90545003e-07,0.00013112819000000002,-0.34491995819999993,2.1781791396,-0.009361214949999998,-0.010657009700000001,-0.0108450008,3.22255701e-06,6.470403620000001e-05
113,1687858200,0.005588638639999999,0.0057206272200000016,-0.0330732332,-1.23078866,0.11887863299999998,0.06329861660000001,0.097502975,0.08974023980000001,0.000230575652,0.0027986026599999994,0.000132158063,1.8608993809999998e-08,3.3354211630000005e-08,2.228150656e-08,5.0231047700000005e-08,7.579109529999999e-08,5.966116850000001e-08,1.3166455090000003e-07,0.00274607742,4.39118058e-05,3.73813819e-06,76.12615489999999,49.2112524,1.9451469699999998e-07,6.6904375599999995,0.0011545431759999998,0.0650804817,7.08743316e-05,3.96857814e-06,0.00235233295,0.24160508399999997,7.08743316e-05,3.96857814e-06,0.011557692550000002,4.06782849,7.08743316e-05,3.96857814e-06,0.000244203372,0.12293427059999999,7.08743316e-05,3.96857814e-06,0.0114987561,6.21172584e-07,0.00013282732099999999,-0.658312988,7.1877578917500005,-0.006246103750000001,-0.01068065695,-0.01090577025,4.14810869e-06,7.27039441e-05
113,1687858800,0.001847433477,0.0019795861800000003,-0.04765591,-0.44862815100000003,0.09596542890000001,0.0361759138,0.0543391598,0.0463139146,0.00026073943299999996,0.0016621705679999998,0.000132247742,1.1778582179999999e-08,2.9598841480000004e-08,4.162580164000001e-08,3.63818003e-08,6.56288488e-08,1.6763147379999998e-07,1.5828321830000002e-07,0.0008900812349999999,2.99311867e-05,3.07408936e-06,77.47444390000001,46.2471176,6.99139523e-08,7.128367389999999,0.0007136383409999999,0.0320819499,6.58667324e-05,3.21925254e-06,0.001328197987,0.0811308807,6.58667324e-05,3.21925254e-06,0.0115063944,3.9751647100000005,6.58667324e-05,3.21925254e-06,0.00014927115499999998,0.03507992745,6.58667324e-05,3.21925254e-06,0.01149610815,5.13124676e-07,0.000132605074,-0.017046484300000043,45.235824973999996,-0.00386529145,-0.0106705351,-0.010866466000000002,3.7315086600000003e-06,7.24889376e-05
113,1687859400,0.00213442705,0.00226627316,-0.04149912139999999,-1.169826572,0.0794274235,0.0405422376,0.05827677899999999,0.0501390303,0.000262108933,0.00144518744,0.000132004128,8.03489357e-09,6.855968779999999e-09,1.050528258e-08,1.91801716e-08,3.4751355900000004e-08,7.377878379999998e-08,5.873502850000001e-08,0.001038185971,2.5827537699999992e-05,2.80888543e-06,74.86731560000001,46.7466634,7.955366650000001e-08,6.8909945399999994,0.0007482597869999999,0.026559144,6.965703129999999e-05,3.7206621599999998e-06,0.00146104661,0.091351241,6.965703129999999e-05,3.7206621599999998e-06,0.01151992775,3.99957364,6.965703129999999e-05,3.7206621599999998e-06,0.00015948596390000003,0.0515676158,6.965703129999999e-05,3.7206621599999998e-06,0.0114844839,3.7840991800000003e-07,0.000132274778,-0.5544652018699999,5.70712571,-0.00817511592,-0.01073897335,-0.010919084749999999,3.61767105e-06,6.78929386e-05
113,1687860000,0.0025427572,0.0026744544399999997,-0.0253772997,-1.32632356,0.08148998650000001,0.0444455557,0.060526848999999994,0.0542266547,0.000221817256,0.00153381594,0.00013200706799999998,8.37458919e-09,8.27535285e-09,1.141806765e-08,3.36901947e-08,3.399337380000001e-08,5.58796555e-08,6.617381409999999e-08,0.001264648931,3.97553295e-06,2.18972938e-06,70.5001455,45.3382511,9.31745034e-08,6.92170371,0.000809087335,0.030260904899999996,7.892302850000001e-05,5.0138125399999995e-06,0.0016072963199999998,0.1114446634,7.892302850000001e-05,5.0138125399999995e-06,0.011492282000000001,3.9786293,7.892302850000001e-05,5.0138125399999995e-06,0.00015719960600000003,0.035055602799999995,7.892302850000001e-05,5.0138125399999995e-06,0.011480145700000001,7.452440626000001e-07,0.000132540829,-0.8148201381,6.186990809999999,-0.007689314281000001,-0.01065258245,-0.01090263805,5.08409288e-06,7.82114327e-05
113,1687860600,0.0013786970100000003,0.00151011988,-0.0550311938,-1.18471285,0.059176806900000004,0.0327264911,0.043838838100000006,0.039188696,0.00010210487580000001,0.0008084330509999999,0.00013183991999999998,1.406918674e-08,6.701225039999999e-09,8.8046344e-09,1.2832431699999999e-08,2.01588765e-08,7.08674091e-08,4.45431727e-08,0.0006677759910000001,1.824918895e-05,2.6959821000000004e-06,77.74138759999998,44.4101991,5.44348044e-08,7.16439564,0.000607891891,0.017605404,6.903207569999999e-05,3.93518687e-06,0.00118590515,0.059483788,6.903207569999999e-05,3.93518687e-06,0.0114773803,3.96590924,6.903207569999999e-05,3.93518687e-06,0.0001697541945,0.032528863799999995,6.903207569999999e-05,3.93518687e-06,0.011464779800000002,9.49982503e-07,0.000132341905,-0.18585821300000002,6.3233577283999995,-0.0067396901700000015,-0.010668684549999998,-0.01091789705,4.16009121e-06,6.998313460000001e-05
113,1687861200,0.0015020768099999998,0.0016341564999999998,-0.0744391749,-1.45497721,0.055689199899999986,0.035277813699999994,0.041926280200000006,0.0382511678,7.857145810000001e-05,0.0008521492729999998,0.00013222391999999998,7.05905057e-09,7.2724791800000006e-09,8.53239149e-09,1.4577267599999998e-08,1.91713969e-08,3.48113587e-08,3.86549333e-08,0.0007231943149999999,2.39446174e-05,3.61106096e-06,80.2215519,45.4962037,5.8627471899999996e-08,7.0834252200000005,0.0006190094649999999,0.0177511235,6.92571336e-05,3.6558594900000002e-06,0.00123125588,0.0637253413,6.92571336e-05,3.6558594900000002e-06,0.01151553475,3.98309686,6.92571336e-05,3.6558594900000002e-06,0.00013467656899999997,0.031461642649999996,6.92571336e-05,3.6558594900000002e-06,0.01149533055,3.5767063099999996e-07,0.000132500951,-0.6552590367999999,9.34661784245,-0.008724129280000001,-0.01080175355,-0.010972609999999999,3.7137796399999998e-06,6.93698397e-05
113,1687861800,0.001146604704,0.0012780676940000002,-0.08676755489999999,-1.1124359499999998,0.06675203839999999,0.029914129299999998,0.038551177299999996,0.03333851660000001,0.0001317951624,0.000845969547,0.00013168307299999999,1.3306260860000001e-08,2.9500646620000007e-08,3.886083787e-08,1.1905898974999997e-07,3.901114265e-08,6.371104830000001e-08,5.763617020000001e-08,0.000548306149,2.1054971599999998e-05,3.3266865900000005e-06,78.9039152,43.916384,4.66944185e-08,7.20858853,0.0005943657429999999,0.0237427699,7.02919092e-05,4.35466558e-06,0.0010739928339999999,0.049506506400000004,7.02919092e-05,4.35466558e-06,0.011472271750000002,3.94944993,7.02919092e-05,4.35466558e-06,0.00013337310599999998,0.01703700404,7.02919092e-05,4.35466558e-06,0.01147449975,8.750304303999998e-07,0.00013247308599999999,-0.21100160900000003,10.176614401310001,-0.004317613329999999,-0.010565888200000002,-0.010825972800000002,4.5844158800000005e-06,7.142251049999999e-05
113,1687862400,0.00206882848,0.00220033285,-0.06409455719999999,-1.1205698199999998,0.072789723,0.0391160285,0.0568142344,0.05021403259999999,0.000146344914,0.001151146085,0.000131739678,1.092714548e-08,1.0921417780000002e-08,1.4831136089999998e-08,2.0916142259999998e-08,3.039791165e-08,6.33033021e-08,5.460088880000001e-08,0.001001611117,2.9894160799999996e-05,2.46265154e-06,77.55308830000001,46.6292769,7.74225685e-08,6.970157009999999,0.000711656802,0.0245178327,7.53526762e-05,4.92355364e-06,0.00142809377,0.08768038349999999,7.53526762e-05,4.92355364e-06,0.011481430599999998,3.96635387,7.53526762e-05,4.92355364e-06,0.000160960076,0.0357408504,7.53526762e-05,4.92355364e-06,0.0114567358,5.09954952e-07,0.00013176809599999999,-0.7668001136999999,6.9487183785,-0.007939529220000002,-0.0105555595,-0.01084394375,4.4643606899999995e-06,7.17983603e-05
113,1687863000,0.00184920107,0.00198091675,-0.07831245830000001,-0.8936001349999998,0.0750397917,0.035902092499999996,0.054864173700000005,0.046426416799999995,0.00018964002,0.001182104136,0.000131917981,1.678534639e-08,8.18485775e-09,9.91485503e-09,1.4317911290000001e-08,2.0453678400000002e-08,5.029467910000001e-08,4.659040100000001e-08,0.0008736419949999999,4.816475810000001e-05,2.4130426000000004e-06,81.03482,48.3099751,7.0096863e-08,6.974716750000001,0.000665469135,0.0218540422,7.464258949999998e-05,4.56437354e-06,0.001313582965,0.07671082189999999,7.464258949999998e-05,4.56437354e-06,0.0114924741,3.9651603400000006,7.464258949999998e-05,4.56437354e-06,0.0001524372535,0.028119834170000003,7.464258949999998e-05,4.56437354e-06,0.0114732245,4.4399936500000003e-07,0.00013207548200000002,-0.6087380986,7.4741938587,-0.00745789003,-0.010727480499999999,-0.0109129593,4.23862197e-06,7.25473118e-05
113,1687863600,0.00171820564,0.0018494060200000002,-0.0880676299,-0.785160157,0.07248971099999998,0.0345726507,0.0540016478,0.0462389118,0.0001559070833,0.0010623888659999998,0.000131259134,7.36223653e-09,7.478024980000001e-09,9.18632507e-09,1.4414061799999999e-08,2.063605155e-08,4.5699328699999995e-08,4.6573552499999995e-08,0.0008031948189999999,5.32447374e-05,2.42261846e-06,80.26597139999998,48.853726800000004,6.570140949999999e-08,6.95487089,0.0006541699549999999,0.0200903522,6.089607550000001e-05,2.62561047e-06,0.00128380907,0.071140935,6.089607550000001e-05,2.62561047e-06,0.011478636900000002,3.9540938199999998,6.089607550000001e-05,2.62561047e-06,0.0001400563105,0.0338497322,6.089607550000001e-05,2.62561047e-06,0.0114558093,1.6303800700000003e-07,0.00013139923300000002,-0.32701116459999996,2.4461045869999998,-0.0090171414,-0.0108481964,-0.0109886024,2.60607998e-06,6.12788476e-05
113,1687864200,0.00192528384,0.00205660498,-0.06953784439999999,-1.02035279,0.07526479700000001,0.0375011579,0.056364220799999996,0.05088905380000001,8.707945200000001e-05,0.0011196067600000002,0.000131442053,9.13928915e-09,8.91831754e-09,1.054650232e-08,2.46442029e-08,2.4598755200000002e-08,3.31085164e-08,3.89625518e-08,0.0009210055830000001,3.92071405e-05,2.11651496e-06,79.4417345,47.7505021,7.26479553e-08,6.8435229699999995,0.000714307632,0.023195409,6.953335139999999e-05,3.52042975e-06,0.00140739584,0.08204748240000001,6.953335139999999e-05,3.52042975e-06,0.011482080450000001,3.9617308300000005,6.953335139999999e-05,3.52042975e-06,0.000154623084,0.039274733900000004,6.953335139999999e-05,3.52042975e-06,0.0114585327,3.4399242300000005e-07,0.00013163924699999998,-0.585812507,12.087361102,-0.00701437258,-0.010753650500000001,-0.01093813255,3.5729554999999994e-06,6.84903543e-05
113,1687864800,0.00268528732,0.0028162718500000005,-0.04634764949999999,-1.100676944,0.08362755270000001,0.044450094,0.0667145375,0.0606018497,0.00012391078110000003,0.0013737753339999998,0.000131030936,1.0114115329999999e-08,9.94095956e-09,1.1607463339999999e-08,2.04006797e-08,2.5189243799999996e-08,4.69511787e-08,5.98528326e-08,0.001282916096,5.733947079999999e-05,2.13668026e-06,78.1849456,49.657900999999995,9.782358150000001e-08,6.7131842399999995,0.0008240967320000001,0.0299385102,5.7787060599999995e-05,2.20189308e-06,0.0016294310500000002,0.1132566805,5.7787060599999995e-05,2.20189308e-06,0.011472531350000002,3.9589786800000004,5.7787060599999995e-05,2.20189308e-06,0.00015043915060000001,0.0507405398,5.7787060599999995e-05,2.20189308e-06,0.011445930500000001,1.34766763e-07,0.000131144795,0.06723423780000001,0.513488092,-0.0096064002,-0.0108386948,-0.01098272065,2.1980480799999995e-06,5.7453944300000004e-05
113,1687865400,0.0036113913299999994,0.00374262678,-0.0301181337,-1.33527984,0.0909777786,0.052904694800000006,0.07473978220000001,0.06978963029999999,0.0001182465746,0.00177247016,0.00013137780899999998,1.150587662e-08,1.17188784e-08,1.315690372e-08,2.23253912e-08,3.28619034e-08,4.05518079e-08,7.461140360000001e-08,0.00178049493,2.23695531e-05,2.46354619e-06,73.5588639,47.850849,1.2864860539999998e-07,6.71552635,0.000960831585,0.0398062431,6.88281889e-05,3.57013021e-06,0.0019357119299999999,0.1565933345,6.88281889e-05,3.57013021e-06,0.0114772916,3.9638216199999996,6.88281889e-05,3.57013021e-06,0.00016434707,0.047530846700000004,6.88281889e-05,3.57013021e-06,0.011458161750000001,3.5529848199999996e-07,0.00013164551199999996,-0.30351220650000005,3.3583670045000007,-0.008757375260000002,-0.0107775644,-0.0109454272,3.53309423e-06,6.788057239999999e-05
113,1687866000,0.0058854339399999995,0.00601733764,-0.01007087132,-1.25334761,0.1258913419,0.06537702940000001,0.1019281139,0.0904152604,0.00042885944100000005,0.0030941922999999996,0.000132127012,1.736714091e-08,1.805665074e-08,1.92678601e-08,3.938919464999999e-08,7.33340313e-08,5.684848590000001e-08,1.065681432e-07,0.00289032485,4.9316468200000004e-05,2.4987573900000003e-06,72.8068256,49.1539044,2.04267326e-07,6.596737450000001,0.0011926163869999998,0.0652901075,6.60851929e-05,3.1323051400000005e-06,0.0024061350199999997,0.255541851,6.60851929e-05,3.1323051400000005e-06,0.0115340074,4.03566547,6.60851929e-05,3.1323051400000005e-06,0.00022710291200000004,0.0917233578,6.60851929e-05,3.1323051400000005e-06,0.011488052200000001,5.782247566e-07,0.000132554447,-0.6016831079,9.04976864067,-0.007501418557999999,-0.010752154349999998,-0.010975544799999999,3.33451057e-06,6.68037384e-05
113,1687866600,0.00648711567,0.006619081660000001,0.05016722214,-1.087887336,0.13361657700000001,0.0684159508,0.11512851340000001,0.106503251,0.00015158414099999997,0.00300102527,0.000132062283,2.214825393e-08,1.9764306620000002e-08,2.31515394e-08,3.631467105e-08,5.711802089999999e-08,7.481321600000001e-08,1.530157914e-07,0.0031283399399999997,0.0001075612243,7.156901920000001e-06,77.34699579999999,51.6823308,2.24036687e-07,6.774150570000001,0.0012676904099999998,0.0707198354,6.4579763e-05,3.0171509099999997e-06,0.00256983433,0.27480599699999997,6.4579763e-05,3.0171509099999997e-06,0.01156061555,4.081697879999999,6.4579763e-05,3.0171509099999997e-06,0.000254681042,0.13901922309999998,6.4579763e-05,3.0171509099999997e-06,0.0114897401,2.78448874e-07,0.00013229328,-0.21116805040000003,1.1726590628,-0.009374616399999999,-0.010730563799999999,-0.01091138845,2.93545777e-06,6.260105050000001e-05
113,1687867200,0.0031176402400000004,0.00324987751,0.0954369306,-0.9093399139999999,0.103090646,0.047163611200000004,0.08152748899999998,0.0730522315,0.00010208647810000002,0.00153334854,0.00013241277200000002,1.940872855e-08,2.2944792619999998e-08,3.544744331e-08,1.366368211e-07,1.05829011e-07,5.93737813e-08,1.47875321e-07,0.001400438146,0.00015171506399999998,5.93345761e-06,80.72592350000001,55.624695599999995,1.121793224e-07,7.0206710900000004,0.0009754789199999999,0.0466627779,6.88265779e-05,4.0930134699999996e-06,0.00173106731,0.12633051349999996,6.88265779e-05,4.0930134699999996e-06,0.011548998799999998,4.0420131999999995,6.88265779e-05,4.0930134699999996e-06,0.000201200963,0.08835798532000001,6.88265779e-05,4.0930134699999996e-06,0.0114989608,8.306382130000001e-07,0.000133057393,-0.5970727795999999,6.484137959100001,-0.007213037935,-0.01048126115,-0.0107812201,4.30345771e-06,7.125966639999999e-05
113,1687867800,0.00209073636,0.0022223027300000003,0.09982058540000001,-0.539674014,0.0901152504,0.0374288775,0.0696021254,0.058951798500000006,9.36898479e-05,0.001086113085,0.000131815151,2.311826698e-08,2.797003615e-08,2.11671981e-08,3.1191552e-08,3.29946574e-08,4.45334878e-08,6.24329954e-08,0.0008007838919999999,0.000238197951,5.873601149999999e-06,90.3441951,65.5778239,7.796519949999999e-08,7.001694089999999,0.000746696877,0.026748947699999998,7.59303074e-05,4.95740492e-06,0.00129857614,0.0722078832,7.59303074e-05,4.95740492e-06,0.0114975943,3.99484431,7.59303074e-05,4.95740492e-06,0.00016702302,0.06134781036999999,7.59303074e-05,4.95740492e-06,0.0114741593,7.145769730000001e-07,0.000132359466,-0.9120860493999998,10.8739975226,-0.006658714840000001,-0.01061827825,-0.0108903118,5.10794028e-06,7.738726899999999e-05
113,1687868400,0.00239832672,0.0025290298599999995,0.0595669749,-0.320453346,0.10005305490000001,0.039037254199999996,0.0773273615,0.06506448360000001,0.0001222862679,0.00129539021,0.0001309222,9.2414541e-09,9.00603977e-09,1.284771663e-08,1.7769725050000002e-08,3.234899125e-08,2.9576330599999996e-08,4.59948384e-08,0.000829615517,0.00036314557300000003,6.01543293e-06,91.8281869,73.5495996,8.817824580000001e-08,6.84747256,0.0007538124350000001,0.028272457700000003,7.63631095e-05,4.72336401e-06,0.00131380187,0.0731671649,7.63631095e-05,4.72336401e-06,0.011482942900000001,4.00001195,7.63631095e-05,4.72336401e-06,0.00020193351200000002,0.08706084250000001,7.63631095e-05,4.72336401e-06,0.0114367734,5.255233089999999e-07,0.00013132625399999998,-0.8084174457,6.043854806600001,-0.007697318220000001,-0.0106461181,-0.01085597505,4.7785425e-06,7.626693059999999e-05
113,1687869000,0.0019481897799999998,0.00207953745,0.0317973956,-0.297199526,0.08850270150000002,0.035441160199999995,0.0694521199,0.056364220099999994,8.644798879999999e-05,0.001030799884,0.00013139480199999998,6.453012479999999e-09,5.8264584e-09,6.777103749999999e-09,1.155257435e-08,2.09328093e-08,2.21934506e-08,3.35240649e-08,0.0005587595969999999,0.000409269218,5.902175330000001e-06,98.91074339999999,81.7866458,7.32559384e-08,6.802361589999999,0.000681667405,0.0229847295,6.0837623300000006e-05,2.3636281700000005e-06,0.0010833542060000002,0.049358135,6.0837623300000006e-05,2.3636281700000005e-06,0.0115114175,4.0222526,6.0837623300000006e-05,2.3636281700000005e-06,0.000183042577,0.10818461824,6.0837623300000006e-05,2.3636281700000005e-06,0.01145875315,1.55879876e-07,0.000131460218,-0.0746594748,5.6644196327,-0.00889387755,-0.01084496955,-0.010985458899999998,2.2941026700000004e-06,5.93973244e-05
113,1687869600,0.0022673265099999998,0.0023992337299999994,0.047981776899999995,-0.627266468,0.0945028854,0.0389586661,0.0720772006,0.05970182460000001,7.65527022e-05,0.0011220210660000001,0.00013196515200000002,8.84211904e-09,6.98822118e-09,9.3130148e-09,1.6293194850000002e-08,3.79303168e-08,2.7966292e-08,4.5396279299999996e-08,0.000738925177,0.000389619578,4.90236851e-06,94.93423859999999,77.5428488,8.3961487e-08,6.762543580000001,0.000755948902,0.027080271099999997,6.37239612e-05,2.71973319e-06,0.0012250927779999998,0.0648953817,6.37239612e-05,2.71973319e-06,0.011545556799999999,4.05371045,6.37239612e-05,2.71973319e-06,0.0001901182615,0.12035714180000001,6.37239612e-05,2.71973319e-06,0.0114834411,2.1497113600000002e-07,0.000132083974,-0.16345513180000001,23.3092407695,-0.00751317229,-0.0107974344,-0.0109501143,2.5929266900000002e-06,6.01453367e-05
113,1687870200,0.0020368129099999997,0.00216885382,0.0708830602,-0.382381038,0.09435287779999998,0.03702669,0.07098966670000001,0.05688923589999999,9.26976094e-05,0.0010575012129999998,0.00013208287899999998,6.5158152700000006e-09,5.9741083200000005e-09,7.43863092e-09,1.6386491099999998e-08,4.23870168e-08,4.03317795e-08,6.857131620000001e-08,0.000481320637,0.000531990872,4.8568181199999995e-06,100.1246347,91.137799,7.623774630000001e-08,6.75051695,0.0007090591570000001,0.028040765900000004,6.002868470000001e-05,2.31114328e-06,0.0010006335760000002,0.0428636604,6.002868470000001e-05,2.31114328e-06,0.0115397153,4.02732421,6.002868470000001e-05,2.31114328e-06,0.00017184395200000002,0.084746315,6.002868470000001e-05,2.31114328e-06,0.011489731750000001,1.90614482e-07,0.000132200732,-0.00851979314,25.88208928649999,-0.007709465259999999,-0.0108157534,-0.0109633241,2.22218541e-06,5.798764340000001e-05
113,1687870800,0.0024750922799999997,0.00260670644,0.07323603790000001,-0.29978697800000004,0.09881551590000001,0.039490675200000006,0.08111497670000001,0.0669020416,5.82447471e-05,0.001166768525,0.00013168672900000001,7.452487490000001e-09,1.390506745e-08,1.017327179e-08,1.61576314e-08,4.79947436e-08,2.6164302400000002e-08,5.994652990000001e-08,0.0007181357369999999,0.000512295445,6.82931281e-06,96.1956696,83.3719876,9.07436449e-08,6.821890090000001,0.0007811095270000001,0.030970022899999998,6.583387349999998e-05,2.66328253e-06,0.0012388727,0.06434863369999999,6.583387349999998e-05,2.66328253e-06,0.011556533499999999,4.10975085,6.583387349999998e-05,2.66328253e-06,0.00023726988100000002,0.18927013479999996,6.583387349999998e-05,2.66328253e-06,0.0114723289,2.75908218e-07,0.000131883279,0.2258812238,11.934313421,-0.0067896209099999995,-0.01075020755,-0.0109266667,2.3875088900000003e-06,5.9574527599999994e-05
113,1687871400,0.0024933782200000005,0.0026248382500000003,0.0522973889,-0.47558585999999997,0.0972404674,0.0403356974,0.0786774005,0.0634144355,7.604688230000001e-05,0.0012155395630000002,0.000131530841,9.572838939999998e-09,8.82017426e-09,1.1950948479999998e-08,1.5970069979999996e-08,3.48789319e-08,2.98748234e-08,4.3155096900000004e-08,0.000647010203,0.000593815956,5.61934433e-06,101.02315899999999,90.6713575,9.1390994e-08,6.74981769,0.000769832043,0.029556376699999998,6.193583309999998e-05,2.69873423e-06,0.0011408695139999998,0.05762840739999999,6.193583309999998e-05,2.69873423e-06,0.01150246495,3.9974782000000006,6.193583309999998e-05,2.69873423e-06,0.0001632092734,0.0781809033,6.193583309999998e-05,2.69873423e-06,0.01146521145,2.2119436200000003e-07,0.000131672848,-0.2429329578,1.9241171827000003,-0.00923475557,-0.01078973395,-0.01094927825,2.7195989299999995e-06,6.0824688500000006e-05
113,1687872000,0.0029576523000000004,0.0030890777199999997,0.031312089499999994,-0.7255026539999999,0.10451568950000001,0.045678515200000006,0.08276502710000001,0.0679520744,0.0001357132676,0.00148455711,0.000131464967,8.120304829999998e-09,7.63437146e-09,8.53283846e-09,1.6717808e-08,2.114926785e-08,3.61439527e-08,4.95201982e-08,0.0009249104770000001,0.0005484053000000001,5.3147610499999994e-06,100.00493589999999,81.7421785,1.067403543e-07,6.92499866,0.00079922407,0.0334464114,6.080596109999999e-05,2.24719081e-06,0.00137439867,0.0817267937,6.080596109999999e-05,2.24719081e-06,0.0115285865,4.047667129999999,6.080596109999999e-05,2.24719081e-06,0.000203493518,0.13376103783999999,6.080596109999999e-05,2.24719081e-06,0.01146539845,1.40329294e-07,0.000131596281,0.011435503300000005,0.3753429353,-0.00972119105,-0.0108493804,-0.010988147899999998,2.12553767e-06,5.824714489999999e-05
113,1687872600,0.0021140458,0.0022453657000000003,0.036112216200000005,-0.573688847,0.09124028399999999,0.0382456093,0.06986463409999999,0.056476724699999994,0.00012070803020000002,0.0011239302,0.00013159820300000003,1.098544941e-08,1.150581996e-08,9.50027105e-09,1.8495642099999996e-08,2.5513459600000002e-08,4.37672133e-08,4.8053256e-08,0.00053315503,0.0005193606089999999,4.045231599999999e-06,102.148654,88.9014003,7.863561260000001e-08,6.96588503,0.00071459752,0.026108846199999997,8.552898969999998e-05,5.942848939999999e-06,0.001051802403,0.0476231212,8.552898969999998e-05,5.942848939999999e-06,0.011535130200000002,4.07278176,8.552898969999998e-05,5.942848939999999e-06,0.00021891340000000002,0.13808477670000002,8.552898969999998e-05,5.942848939999999e-06,0.011459025099999999,6.71016785e-07,0.000131976704,-0.6359806731000001,16.607939794,-0.00562787342,-0.010613585,-0.010845635350000002,5.769549919999999e-06,8.37525629e-05
113,1687873200,0.0015414880999999997,0.0016726399400000002,-0.02252697344,-0.614919094,0.07620232590000002,0.033333441,0.05782676499999999,0.0439888428,4.53544801e-05,0.0007724231260000001,0.000131246085,6.67895469e-09,7.69112876e-09,8.22414275e-09,1.3822842930000001e-08,1.895690925e-08,2.0938350499999996e-08,3.02697513e-08,0.000268905363,0.000498932377,2.62209215e-06,104.06167449999998,98.3471947,5.97608428e-08,6.812521620000001,0.0006190893030000001,0.0187828286,6.31671367e-05,3.0171502000000003e-06,0.000758246295,0.0244414639,6.31671367e-05,3.0171502000000003e-06,0.0114881866,3.9845052499999993,6.31671367e-05,3.0171502000000003e-06,0.0001625891465,0.0733138066,6.31671367e-05,3.0171502000000003e-06,0.01144920515,2.7113299299999997e-07,0.00013135407999999998,-1.1946092012999998,52.1961739538,-0.0075916082499999996,-0.01080380655,-0.010957648549999999,2.99195996e-06,6.28356545e-05
113,1687873800,0.00209228365,0.0022232195400000002,-0.01893844886,-0.5966187510000001,0.08482759100000001,0.037930255100000004,0.06851458969999999,0.05486417489999999,6.10296596e-05,0.00102079243,0.00013096945400000001,5.25281171e-09,6.070255510000001e-09,7.37817384e-09,1.15344875e-08,1.85731371e-08,2.08184767e-08,2.97522767e-08,0.000462036048,0.000581115291,2.83526024e-06,104.29856099999999,94.6912665,7.806183409999999e-08,6.766628300000001,0.0007113622370000001,0.0245028162,6.2852194e-05,2.21671756e-06,0.000988152671,0.041892634,6.2852194e-05,2.21671756e-06,0.011526665799999999,4.07876966,6.2852194e-05,2.21671756e-06,0.000207418404,0.1698837667,6.2852194e-05,2.21671756e-06,0.01144341595,1.345937864e-07,0.000131086976,-0.1539323655,14.4428705955,-0.008610294800000001,-0.010857664400000001,-0.010991880999999998,1.95031333e-06,5.69729266e-05
113,1687874400,0.00240410272,0.00253591981,-0.016710494649999998,-0.635861226,0.094615388,0.040364636200000005,0.0739897602,0.06003933460000001,5.751213309999999e-05,0.00114443351,0.00013189082,1.819352579e-08,2.459531955e-08,2.177110553e-08,2.676706505e-08,2.56507239e-08,4.9672487699999995e-08,5.77084405e-08,0.0005329163140000001,0.0006661909560000001,2.6254682000000004e-06,100.6350979,96.7790717,8.836364789999998e-08,6.88566084,0.000791742028,0.0305830092,6.66372351e-05,2.86074041e-06,0.00104536248,0.0489643058,6.66372351e-05,2.86074041e-06,0.01156943985,4.1259041199999995,6.66372351e-05,2.86074041e-06,0.00022743875899999995,0.1912115806,6.66372351e-05,2.86074041e-06,0.011481145549999999,3.3083504699999994e-07,0.000132148189,-0.1124650783,1.8446078555999996,-0.008867517842999998,-0.01079643985,-0.0109701232,2.6619368899999996e-06,6.0464984200000004e-05
113,1687875000,0.00208014942,0.0022121250700000003,-0.017814925500000002,-0.6362697629999999,0.08617763009999999,0.0383362122,0.06945211949999999,0.053064120199999995,4.94188112e-05,0.0010045940869999998,0.00013201050699999998,4.299779630000001e-09,4.694421600000001e-09,6.9904631000000004e-09,1.0881766949999999e-08,1.7370264049999998e-08,2.3158403700000003e-08,3.8544787700000005e-08,0.000354617057,0.0006827792590000002,2.52045576e-06,108.07171840000001,103.12183379999999,7.76552439e-08,6.844736810000001,0.000730513636,0.024730307,6.11092321e-05,2.19334553e-06,0.0008675005039999999,0.0318560913,6.11092321e-05,2.19334553e-06,0.011555385400000001,4.0685385499999995,6.11092321e-05,2.19334553e-06,0.000191415967,0.1339409192,6.11092321e-05,2.19334553e-06,0.011487658900000001,1.320904489e-07,0.00013209898900000001,0.03959745184,0.1629389634,-0.0098879071,-0.0108911231,-0.0110231931,2.0472639799999996e-06,5.71577196e-05
113,1687875600,0.00272892985,0.00286086756,-0.0334917044,-0.7105879390000001,0.0943153796,0.0432582279,0.07901491050000001,0.06202689320000001,6.487539559999999e-05,0.00124678583,0.00013197771400000002,7.70249852e-09,7.84836487e-09,1.184153386e-08,1.921054009e-08,2.9357652699999997e-08,4.20262193e-08,8.401524479999999e-08,0.000611121622,0.0007501446380000001,2.9486196500000004e-06,103.04786920000001,97.05523000000001,9.910259100000001e-08,6.944037250000001,0.0008523329690000002,0.0333143938,6.212207790000001e-05,2.3240518599999998e-06,0.00112180532,0.054371971799999995,6.212207790000001e-05,2.3240518599999998e-06,0.0115560233,4.07794554,6.212207790000001e-05,2.3240518599999998e-06,0.000193624993,0.13817470506,6.212207790000001e-05,2.3240518599999998e-06,0.0114860667,1.59256788e-07,0.000132089709,-0.007056330879999998,0.15917943439999999,-0.0097601718,-0.0108307537,-0.0109767256,2.1282572200000003e-06,5.77419252e-05
113,1687876200,0.0038706457,0.004002954790000001,-0.010530369520000001,-0.633475763,0.1217662185,0.0504484921,0.0969779596,0.0792774191,0.0001126199801,0.00182511914,0.000132389122,1.395118034e-08,1.60079944e-08,2.171699915e-08,3.11533985e-08,4.71624399e-08,7.614992150000001e-08,1.622420426e-07,0.0011597121950000001,0.0007722968659999999,2.84819982e-06,95.2842059,85.24008560000001,1.369287394e-07,7.00449759,0.001005239982,0.0464964999,6.90426286e-05,2.9492549e-06,0.0015535209100000001,0.1019477016,6.90426286e-05,2.9492549e-06,0.0115832812,4.1317663399999995,6.90426286e-05,2.9492549e-06,0.00023417309,0.19553537699999998,6.90426286e-05,2.9492549e-06,0.0115036044,2.5229315500000005e-07,0.00013258586799999998,-0.37415910682,9.023274243,-0.00815291219,-0.010794050000000001,-0.010961798399999998,2.63823635e-06,6.16794584e-05
113,1687876800,0.0038752683399999994,0.00400736858,-0.0028187726,-0.9306170960000001,0.1107033798,0.0532892611,0.092927835,0.0777773736,9.85734428e-05,0.00179294983,0.00013214636699999998,1.0863034539999998e-08,9.43875896e-09,1.481477287e-08,2.71147276e-08,3.58717424e-08,5.4193543000000005e-08,1.0226106790000003e-07,0.00131202938,0.000622720909,2.58067156e-06,94.5827635,77.395974,1.37104399e-07,6.88723171,0.00103072562,0.04573143290000001,5.9367202799999995e-05,2.3332261600000004e-06,0.00166571496,0.115192755,5.9367202799999995e-05,2.3332261600000004e-06,0.01152615115,4.01096354,5.9367202799999995e-05,2.3332261600000004e-06,0.000161191708,0.06456902126,5.9367202799999995e-05,2.3332261600000004e-06,0.011490366749999998,1.9786357500000002e-07,0.000132226729,0.07712695486,2.668418892,-0.00841770213,-0.010790704849999999,-0.010950810600000001,2.3045125699999998e-06,5.872352079999999e-05
113,1687877400,0.0036487271999999992,0.0037809418600000004,-0.01385090232,-1.162035125,0.1035406589,0.0534195902,0.0837775575,0.0712521769,9.223173489999999e-05,0.0017127187200000002,0.000132255153,8.760106759999999e-09,8.05904904e-09,1.176439172e-08,1.690743655e-08,2.2928398150000002e-08,2.9786504099999996e-08,5.4265042100000005e-08,0.0013071957,0.000515092099,1.87514815e-06,94.87482589999999,73.4887136,1.298549811e-07,6.634516670000001,0.000981708618,0.04025548600000001,6.290601269999998e-05,2.33711939e-06,0.0016593246,0.1145865084,6.290601269999998e-05,2.33711939e-06,0.01156076745,4.084786019999999,6.290601269999998e-05,2.33711939e-06,0.00019305513999999998,0.14314487297999998,6.290601269999998e-05,2.33711939e-06,0.011500524050000002,1.336733964e-07,0.00013239599,0.0351813771,0.5427346244000001,-0.00967300965,-0.010903887000000001,-0.0110378489,2.11742692e-06,5.79943952e-05
113,1687878000,0.0042774836,0.004410612139999999,-0.0016997016100000005,-1.23194027,0.1087158197,0.058844501800000004,0.09180280250000002,0.07976493579999999,0.0001464124679,0.00205478519,0.00013317857000000002,2.183101242e-08,1.7460932759999996e-08,2.295586855e-08,3.0975452100000005e-08,4.1031236899999996e-08,5.78556464e-08,1.075798457e-07,0.00180873259,0.00032753965400000005,2.11035367e-06,83.88198799999998,61.658550200000015,1.50723106e-07,6.691639790000001,0.0010730881999999999,0.0471444397,6.339185110000001e-05,2.38328045e-06,0.0019651834900000003,0.159361125,6.339185110000001e-05,2.38328045e-06,0.01162313085,4.14792,6.339185110000001e-05,2.38328045e-06,0.00022415645299999997,0.16784652956,6.339185110000001e-05,2.38328045e-06,0.01153834555,1.4967943700000002e-07,0.000133284052,-0.021493697660000005,8.378980482,-0.00904210032,-0.01092397415,-0.011056026200000001,2.1568313400000004e-06,5.83801866e-05
113,1687878600,0.0042382205300000005,0.00437190956,-0.0260522099,-1.111699516,0.1114159033,0.057303596400000004,0.0918027998,0.07942742309999999,0.00013123229939999997,0.0020747940200000004,0.00013373046099999998,3.05663753e-08,2.174514883e-08,3.902766012e-08,5.549456929999999e-08,6.198144309999999e-08,7.29744429e-08,1.0577296329999999e-07,0.0017843754499999999,0.000331225157,3.0554917699999994e-06,89.3876936,62.116649699999996,1.49576038e-07,6.79250439,0.00108925281,0.052745056400000004,6.30086277e-05,2.32291013e-06,0.0019468071900000002,0.158897742,6.30086277e-05,2.32291013e-06,0.0116306782,4.12018938,6.30086277e-05,2.32291013e-06,0.00025671511700000005,0.1384333592,6.30086277e-05,2.32291013e-06,0.0115586285,3.87599709e-07,0.000133990226,0.09461346055,3.2754851690000004,-0.00825847985,-0.010688896549999998,-0.010935025000000001,2.1213181099999998e-06,5.820789540000001e-05
113,1687879200,0.00429578655,0.004428854930000001,-0.0029306925899999997,-1.49174124,0.102603131,0.059941187099999994,0.08141498550000001,0.0703521472,0.0002766322589,0.00226115164,0.000133125467,3.72293797e-08,2.7695305049999996e-08,3.2080141900000004e-08,4.13732975e-08,5.2285250099999997e-08,7.63599513e-08,1.400941571e-07,0.00178603296,0.00034564191499999997,1.574218345e-05,82.37137349999999,63.51854529999999,1.511809288e-07,6.83536457,0.0010711503839999999,0.0505416228,6.23245155e-05,2.5070709e-06,0.0019230833899999997,0.159670115,6.23245155e-05,2.5070709e-06,0.011593320399999999,4.09562006,6.23245155e-05,2.5070709e-06,0.000232727019,0.12025315735,6.23245155e-05,2.5070709e-06,0.011532490999999999,2.3234325600000003e-07,0.00013321803499999997,0.003797298300000005,46.2335244666,-0.006835900390000001,-0.0108542024,-0.01100536765,2.2806699600000003e-06,5.87529685e-05
113,1687879800,0.0034179126500000004,0.0035506380699999998,0.013186458975999998,-1.5068995,0.0936778623,0.0541170196,0.072377209,0.0632644314,0.00014498143029999998,0.00167502038,0.000132769839,2.75234343e-08,1.5234227079999998e-08,1.96018452e-08,2.7583371349999998e-08,3.54724437e-08,4.9140827800000004e-08,8.70212812e-08,0.00136377669,0.000342628989,2.24152173e-06,87.0180146,65.31618279999999,1.222383544e-07,6.908871069999999,0.000931615981,0.0388102692,5.83102625e-05,2.1827284699999996e-06,0.00169402671,0.1209037341,5.83102625e-05,2.1827284699999996e-06,0.011559714000000002,4.026499960000001,5.83102625e-05,2.1827284699999996e-06,0.000214442565,0.0677560923,5.83102625e-05,2.1827284699999996e-06,0.0115226339,2.0455125899999998e-07,0.0001329608,1.1898888456,50.78632188979999,-0.0063168294,-0.010840933550000001,-0.010989508,2.1628895400000007e-06,5.81590573e-05
113,1687880400,0.0033541458099999996,0.00348692327,0.0012163877320000003,-1.6028409500000003,0.0840025651,0.0542295203,0.067877073,0.062214399899999995,9.823887000000001e-05,0.0015979656700000002,0.00013281640999999997,2.55237784e-08,1.3227434579999998e-08,1.5697995020000004e-08,2.46694755e-08,3.17369721e-08,4.404586260000001e-08,7.60066487e-08,0.00134543828,0.000328919709,2.4359556599999997e-06,87.7609151,64.70751229999999,1.2003188850000002e-07,6.866221550000001,0.000939902802,0.0383217606,6.18059891e-05,2.20829662e-06,0.0016987273799999997,0.11954115349999998,6.18059891e-05,2.20829662e-06,0.01157991005,4.08561454,6.18059891e-05,2.20829662e-06,0.000232751046,0.13409748858,6.18059891e-05,2.20829662e-06,0.01152285465,1.8306265199999998e-07,0.00013295726999999999,0.024227911699999997,41.5981214003,-0.00692798307,-0.0108569096,-0.01100574055,2.0175268e-06,5.7943481999999996e-05
113,1687881000,0.0035016154,0.00363404187,0.01280715604,-1.45745953,0.09529041,0.054597469499999995,0.0768023432,0.0648769793,0.00010495576629999999,0.0016863077,0.00013246388,2.2799533299999997e-08,9.083835810000001e-09,1.266083345e-08,2.1199563199999998e-08,3.1870213e-08,4.61428977e-08,8.65283533e-08,0.0014157948500000002,0.000332563137,2.17921333e-06,86.4405536,64.5976208,1.2495744290000002e-07,6.931085349999999,0.0009267686990000001,0.0395279531,5.9920981800000005e-05,2.10489051e-06,0.0017240530299999998,0.1239313934,5.9920981800000005e-05,2.10489051e-06,0.011550148400000002,4.033591319999999,5.9920981800000005e-05,2.10489051e-06,0.00022295021799999997,0.0841787031,5.9920981800000005e-05,2.10489051e-06,0.011504120900000001,1.72732319e-07,0.00013251790300000002,0.01840106953,0.44234805499999996,-0.009470016,-0.0108243569,-0.01097421945,2.01133392e-06,5.77833799e-05
113,1687881600,0.0055120425399999996,0.00564395298,0.0019360474205000003,-1.5514286099999999,0.11201591920000001,0.0690261415,0.0946153878,0.08317753749999998,0.00014065827900000002,0.00259722691,0.000131955884,2.75126412e-08,1.425309446e-08,2.0055068749999998e-08,3.35998793e-08,4.5368476199999996e-08,7.21328201e-08,1.3852934649999997e-07,0.0024099768800000003,0.000342341451,3.3043092e-06,84.4650121,59.8179398,1.9162317700000003e-07,6.9141914700000005,0.00116529298,0.060900014999999995,6.61979286e-05,2.5546119899999997e-06,0.0022641296699999996,0.21187114099999999,6.61979286e-05,2.5546119899999997e-06,0.01157845885,4.14807498,6.61979286e-05,2.5546119899999997e-06,0.000280831032,0.21219632699999996,6.61979286e-05,2.5546119899999997e-06,0.011486581899999997,1.9022133e-07,0.00013213262700000002,0.006331607739999997,0.11002961180000004,-0.00966731635,-0.0107693545,-0.010928689299999999,2.16373348e-06,5.7996295800000005e-05
113,1687882200,0.0052616263699999995,0.00539486317,-0.0020350499699999997,-1.5544000000000002,0.1065407521,0.0676735694,0.09341535100000001,0.08111497540000001,9.217578950000001e-05,0.0023941266299999995,0.000133288565,3.2511176799999996e-08,1.918812903e-08,2.251084585e-08,3.2441117000000007e-08,4.11576826e-08,5.6161038700000006e-08,1.004402061e-07,0.00227717726,0.000350433705,2.83963454e-06,84.00225400000001,60.5301877,1.83593597e-07,6.541476750000001,0.0011207969899999998,0.0558328515,6.013191370000001e-05,2.3084912999999994e-06,0.0021932439300000003,0.198028404,6.013191370000001e-05,2.3084912999999994e-06,0.011592427450000001,4.071234200000001,6.013191370000001e-05,2.3084912999999994e-06,0.00021767895100000003,0.09056243574,6.013191370000001e-05,2.3084912999999994e-06,0.01154213255,1.65106253e-07,0.00013338713200000002,-0.009195149860000001,-0.0007254699000000007,-0.0099935223,-0.01087562925,-0.01102094405,2.21630839e-06,5.8514084400000005e-05
113,1687882800,0.00439706719,0.00453022947,-0.00366696451,-1.54293601,0.0994530364,0.061873993800000006,0.084302574,0.07275222210000001,8.515054619999999e-05,0.0019674098799999998,0.00013320183899999998,2.15040457e-08,7.3623794e-09,9.959728500000002e-09,1.90663189e-08,2.5048879099999998e-08,3.7986586799999995e-08,7.35624058e-08,0.0018634193,0.00033161402900000003,3.25956787e-06,86.42954139999999,61.52930859999999,1.54705647e-07,6.77535757,0.0010372591800000002,0.0481587477,6.01765812e-05,2.2313897999999998e-06,0.0019953558700000003,0.164351027,6.01765812e-05,2.2313897999999998e-06,0.011582145450000001,4.05811943,6.01765812e-05,2.2313897999999998e-06,0.00022404686499999998,0.09369897483,6.01765812e-05,2.2313897999999998e-06,0.011538017299999998,1.59282548e-07,0.000133286002,0.0454649708,0.18353920495000003,-0.0096463252,-0.01087745555,-0.01102727465,2.1242602400000003e-06,5.844932630000001e-05
113,1687883400,0.004061287009999999,0.00419443016,-0.0082090804,-1.58271311,0.09214031539999999,0.0595584004,0.07758986750000002,0.0683270845,9.412316360000001e-05,0.0018708856700000002,0.00013318344499999997,2.4931091200000003e-08,1.0744767310000001e-08,1.3736598899999997e-08,2.236014835e-08,3.1314293900000004e-08,4.34320868e-08,7.194348869999999e-08,0.0016883608199999996,0.000338825502,3.18927921e-06,87.26902290000001,62.9592536,1.4366716659999998e-07,6.74091123,0.001006739065,0.044718145,6.15195729e-05,2.20864253e-06,0.00189618441,0.1489573575,6.15195729e-05,2.20864253e-06,0.0116003678,4.0974591600000005,6.15195729e-05,2.20864253e-06,0.00025055081700000003,0.1385856931,6.15195729e-05,2.20864253e-06,0.011538077099999999,1.6096170799999998e-07,0.00013328921799999997,0.057488061599999994,0.1429211147,-0.009674450800000001,-0.010873474099999999,-0.0110242228,2.03283995e-06,5.765643070000001e-05
113,1687884000,0.00395725107,0.004090710589999999,0.0012309489999999998,-1.64040137,0.0919528077,0.05911895389999999,0.072789722,0.06693954490000001,8.74721233e-05,0.0018485070399999997,0.00013350530400000002,2.77669151e-08,1.3723647269999998e-08,1.6265967230000002e-08,2.4158992000000002e-08,3.2122452050000004e-08,4.5937888750000004e-08,7.66041611e-08,0.00164272279,0.000332585304,3.03126873e-06,86.4009624,63.0500675,1.402141635e-07,6.70636004,0.0010023594930000002,0.0430542866,6.02031276e-05,2.24420412e-06,0.0018610424199999999,0.143581605,6.02031276e-05,2.24420412e-06,0.011595709800000001,4.07182344,6.02031276e-05,2.24420412e-06,0.000222871416,0.0958220002,6.02031276e-05,2.24420412e-06,0.0115571831,1.58178279e-07,0.00013372739,0.036889365,0.5889801603,-0.009599211779999998,-0.0108980383,-0.01104830545,2.1331771e-06,5.8247379e-05
113,1687884600,0.00421844557,0.0043512942,0.00513241031,-1.6568421700000002,0.08861520549999999,0.0612926804,0.0763898311,0.0691146108,8.340507410000001e-05,0.00190293754,0.00013289644499999998,2.9856513499999996e-08,1.5663948800000004e-08,1.8874037130000002e-08,2.8270119800000003e-08,3.5899985e-08,5.01049053e-08,9.086759010000001e-08,0.0017769156600000002,0.00032876994999999997,3.21569968e-06,83.2349169,61.87732609999999,1.48868529e-07,6.78387924,0.0010341935800000002,0.04566828939999999,6.23770412e-05,2.35618498e-06,0.0019431665300000001,0.15540533299999998,6.23770412e-05,2.35618498e-06,0.0115889779,4.09227529,6.23770412e-05,2.35618498e-06,0.000239182711,0.12815081185,6.23770412e-05,2.35618498e-06,0.0115246853,1.6027792199999998e-07,0.000132979813,0.0592210814,0.09433162266999999,-0.0097876123,-0.010862620149999998,-0.0110096434,2.1747126500000005e-06,5.8025454600000006e-05
113,1687885200,0.00448840461,0.00462076077,0.0057071282499999995,-1.59808085,0.10095308299999999,0.06271132859999999,0.0822775121,0.072939726,8.67163021e-05,0.00205605068,0.00013239733599999999,2.92710316e-08,1.245673125e-08,1.6240827960000002e-08,2.59648228e-08,3.62973178e-08,5.149630669999999e-08,1.0520936229999999e-07,0.00187517525,0.000364463334,4.24272149e-06,86.32418679999999,62.6715953,1.5769643399999997e-07,6.734486680000001,0.0010701361999999998,0.05008884,6.33272152e-05,2.33176773e-06,0.00201134627,0.167264455,6.33272152e-05,2.33176773e-06,0.0115667067,4.101019370000001,6.33272152e-05,2.33176773e-06,0.000257577099,0.1598998392,6.33272152e-05,2.33176773e-06,0.01150552925,1.7054196500000002e-07,0.0001325485,0.015829249099999998,2.5231797796299995,-0.00842035937,-0.010844760899999998,-0.010992689049999999,2.0527313e-06,5.7835979600000005e-05
113,1687885800,0.005953917559999999,0.00608611543,0.00386950053,-1.6475296400000001,0.11831611100000002,0.07265999240000001,0.09244032249999999,0.08486509280000001,9.474701820000001e-05,0.00266637528,0.00013225028,6.557911480000001e-08,1.4169660900000002e-08,1.900555211e-08,2.564204065e-08,3.513748689999999e-08,4.52808194e-08,1.47015155e-07,0.0025221155000000003,0.000437102465,1.73340813e-05,91.9684752,62.3850094,2.0646358e-07,6.646284400000001,0.00123985468,0.0667003175,7.20374303e-05,2.8779643e-06,0.00232759648,0.22328713700000002,7.20374303e-05,2.8779643e-06,0.0116031791,4.22402192,7.20374303e-05,2.8779643e-06,0.00044484469900000004,0.299538756,7.20374303e-05,2.8779643e-06,0.011496109950000001,2.6293015599999997e-07,0.000132424016,0.0022473735959999985,-0.133494749,-0.00955155705,-0.0106586213,-0.010833327949999999,2.07293472e-06,5.78507359e-05
113,1687886400,0.0061468036,0.00627967324,0.00044950612099999997,-1.62673092,0.12142870750000001,0.07371494710000001,0.09652794690000001,0.0864401404,0.00011939077300000001,0.0027221501,0.00013291531,4.09762161e-08,4.903195496e-08,1.2177087295e-07,4.22450234e-08,3.65322551e-08,5.73270135e-08,1.3154292319999998e-07,0.0026669257200000003,0.00039231679799999993,1.3621471800000002e-05,87.4646529,60.5201324,2.12690656e-07,6.83371612,0.00127389226,0.0727307187,6.1530404e-05,2.30397341e-06,0.00240007442,0.239580349,6.1530404e-05,2.30397341e-06,0.011583525,4.07443427,6.1530404e-05,2.30397341e-06,0.0002967210499999999,0.12001700469999999,6.1530404e-05,2.30397341e-06,0.01152531915,5.20163079e-07,0.000133353476,0.0003839859200000004,-0.44593642899999997,-0.009131700949999998,-0.01037176615,-0.010585708099999999,2.1260524999999995e-06,5.84235873e-05
113,1687887000,0.00484012024,0.004972404620000001,0.006225094969999999,-1.55543194,0.10897832459999998,0.0648782089,0.08816518939999998,0.0769148477,8.72239361e-05,0.00221145293,0.00013232547200000002,2.37072513e-08,4.02547799e-08,1.6464303515000003e-07,7.26638398e-08,2.46151862e-08,3.6515998499999995e-08,7.093540360000002e-08,0.00205335273,0.000354952907,1.1271139249999999e-05,90.249379,61.7590641,1.69374879e-07,6.799744659999999,0.0011526333200000002,0.0618182234,5.781708910000001e-05,2.1704397699999996e-06,0.00211176836,0.187797047,5.781708910000001e-05,2.1704397699999996e-06,0.011543895500000002,4.01831403,5.781708910000001e-05,2.1704397699999996e-06,0.00023368635800000002,0.07763837529999999,5.781708910000001e-05,2.1704397699999996e-06,0.01150305935,6.454006729999999e-07,0.00013296610999999998,-0.00048140555999999946,-0.649358075,-0.0090434362,-0.0102071664,-0.0104448275,2.15792047e-06,5.7862980099999995e-05
113,1687887600,0.00532409238,0.0054569204500000005,0.01045111625,-1.64215753,0.108040797,0.06832469529999999,0.08734016550000001,0.0789399096,0.0001539064224,0.00250788835,0.00013287559800000001,3.3043160700000003e-08,1.397799469e-08,1.735386783e-08,2.2032780599999997e-07,3.72769891e-08,5.73177333e-08,1.050983245e-07,0.00234884643,0.00030483730199999995,7.82377603e-06,84.65696700000001,59.0927954,1.85533886e-07,6.8044661999999985,0.00121524898,0.067592579,6.167141789999999e-05,2.38293023e-06,0.00223035556,0.20726568799999998,6.167141789999999e-05,2.38293023e-06,0.0115788035,4.07451496,6.167141789999999e-05,2.38293023e-06,0.000249458796,0.1168046757,6.167141789999999e-05,2.38293023e-06,0.011528237949999999,5.61699707e-07,0.000133462349,0.01115750096,-0.712272988,-0.009208981449999999,-0.010334355449999999,-0.0105438616,2.2181090000000004e-06,5.852792960000001e-05
113,1687888200,0.007513874219999999,0.00764718043,0.01125045915,-1.7100016500000002,0.117753595,0.08182623609999999,0.1035406611,0.0939403665,0.00010923897910000001,0.00326135251,0.00013335941,4.0959443200000005e-08,1.933889741e-08,2.358693032e-08,2.2133562000000002e-07,4.610584355e-08,6.75290549e-08,1.22987256e-07,0.0034326349500000005,0.00031648741300000004,7.2193360600000004e-06,82.63753990000001,56.63241480000001,2.5848815200000005e-07,6.56725448,0.00141528446,0.0885098804,6.58041591e-05,2.61306628e-06,0.0026972779100000004,0.29891740699999997,6.58041591e-05,2.61306628e-06,0.0116433903,4.192208509999999,6.58041591e-05,2.61306628e-06,0.000298525582,0.22139449445,6.58041591e-05,2.61306628e-06,0.011543073050000002,5.510928799999999e-07,0.00013379380699999997,0.016566578729999996,-0.6589176859999999,-0.009250805849999998,-0.010349870950000001,-0.010567466150000001,2.23658179e-06,5.87093475e-05
113,1687888800,0.005064887530000001,0.0051979520199999995,0.0054948924000000005,-1.6705964500000001,0.10282813900000001,0.0667756053,0.0847525875,0.0762773264,0.0001258702436,0.0022948397999999997,0.000133115367,3.70374778e-08,1.4566956450000001e-08,1.89294958e-08,1.775884072e-07,3.95424177e-08,6.143060369999998e-08,1.23312115e-07,0.0022525422300000006,0.000272883196,6.488058710000001e-06,83.5155447,58.0875596,1.76807763e-07,6.88488775,0.00117812647,0.0631287253,6.27661313e-05,2.48945177e-06,0.0021910947000000004,0.200591703,6.27661313e-05,2.48945177e-06,0.011600663,4.09935998,6.27661313e-05,2.48945177e-06,0.00024744209099999997,0.129950155,6.27661313e-05,2.48945177e-06,0.0115357445,4.846014739999999e-07,0.000133558418,0.008849854300000001,-0.48133958200000004,-0.0090898588,-0.010432197199999998,-0.0106386674,2.3093788500000004e-06,5.863055269999999e-05
113,1687889400,0.003955667309999999,0.0040883199899999995,0.01057860204,-1.7187176100000001,0.0829525339,0.0596358166,0.0701271419,0.0652144905,7.24959634e-05,0.00180449778,0.00013270006499999998,3.42193527e-08,1.46049642e-08,1.76334744e-08,2.654612e-08,3.58406034e-08,5.43697346e-08,1.39729033e-07,0.00175223896,0.00022162539199999999,3.59284459e-06,83.1753201,57.540105499999996,1.4004061100000002e-07,6.77610218,0.00102515352,0.0445129731,6.116632400000001e-05,2.26477615e-06,0.0019394614500000001,0.15533958200000003,6.116632400000001e-05,2.26477615e-06,0.0115606338,4.04854561,6.116632400000001e-05,2.26477615e-06,0.00021564630299999998,0.09444052770000001,6.116632400000001e-05,2.26477615e-06,0.0115176149,1.68641456e-07,0.000132824637,0.0320105136,-0.033497889999999995,-0.0099763197,-0.0108357242,-0.0109883072,2.1494443299999998e-06,5.792529729999999e-05
113,1687890000,0.00449232192,0.004625161460000001,0.011219849779999999,-1.72780376,0.08827769610000001,0.06346314010000001,0.0742147657,0.0707646585,6.496959179999999e-05,0.00197793235,0.000132885062,3.2545567100000005e-08,1.4105225350000001e-08,1.7744355170000003e-08,2.53674393e-08,3.742202469999999e-08,5.51802756e-08,1.4034858999999998e-07,0.00197795366,0.00026404994,3.7831923800000004e-06,84.81542440000001,58.600139,1.5782960900000002e-07,6.716273289999999,0.0010891769100000001,0.0498281958,6.183635360000001e-05,2.2968890200000004e-06,0.0020495659499999994,0.17363942300000001,6.183635360000001e-05,2.2968890200000004e-06,0.0115928296,4.09813738,6.183635360000001e-05,2.2968890200000004e-06,0.000246966593,0.1392513856,6.183635360000001e-05,2.2968890200000004e-06,0.01152714155,1.6976925399999998e-07,0.000133045376,0.005117653660000003,0.0937964379,-0.0098309019,-0.0108495282,-0.01100021885,2.11871469e-06,5.81233553e-05
113,1687890600,0.004553559433333333,0.004686440655555555,0.011619447172222222,-1.7013184888888888,0.09287783377777778,0.06386833333333333,0.07858573233333334,0.07091883055555555,0.000115510861,0.0021164164444444442,0.00013292285888888888,1.9798992388888888e-08,8.545491622222221e-09,1.1227729e-08,1.8875700444444448e-08,2.8868959277777774e-08,4.415066977777778e-08,1.3347920055555555e-07,0.002041477866666667,0.00023171013333333332,3.273236688888889e-06,83.72197955555556,57.04757755555555,1.599715011111111e-07,6.795445222222223,0.0010814451777777778,0.050050083333333335,5.998187933333333e-05,2.275331644444444e-06,0.0020791423999999997,0.17814587555555556,5.998187933333333e-05,2.275331644444444e-06,0.011572667444444443,4.053698944444445,5.998187933333333e-05,2.275331644444444e-06,0.00020064909666666668,0.084362676,5.998187933333333e-05,2.275331644444444e-06,0.01152461038888889,1.5763160777777778e-07,0.00013297529777777777,0.021248893777777778,0.10202916218888887,-0.009943184722222222,-0.010876250555555557,-0.011019513555555555,2.1814680444444444e-06,5.8439403111111115e-05
113,1687891200,0.00319809692,0.0033306066499999994,0.00833349867,-1.6967880999999998,0.078227388,0.05356143049999999,0.06292692089999999,0.05782676560000001,7.57777548e-05,0.0014957427399999996,0.000132552235,6.8635354900000004e-09,6.7068808300000005e-09,9.490978e-09,1.6085226650000002e-08,2.4784642300000003e-08,3.6686278699999996e-08,1.0942860499999999e-07,0.00140418714,0.000191252448,3.3392206900000005e-06,86.29603660000001,57.492398800000004,1.1483648990000002e-07,6.8785899399999995,0.0009224460150000001,0.036326731699999996,6.022190740000001e-05,2.31979002e-06,0.0017295289700000002,0.1235537651,6.022190740000001e-05,2.31979002e-06,0.0115575084,4.039555460000001,6.022190740000001e-05,2.31979002e-06,0.000170032919,0.08552331484,6.022190740000001e-05,2.31979002e-06,0.0115118806,1.37920778e-07,0.000132661741,-3.465719999999895e-05,0.4608490034999999,-0.00982597175,-0.010905570000000002,-0.0110404449,2.25243833e-06,5.829891690000001e-05
113,1687891800,0.0032815903899999998,0.00341411358,0.0183999398,-1.67375556,0.0852776035,0.054220571499999995,0.06633952540000002,0.0591393051,9.60321132e-05,0.0015867727400000003,0.000132569545,1.2695647619999998e-08,1.3090383829999998e-08,1.6321557800000003e-08,2.4177703650000002e-08,3.38190676e-08,5.640826889999999e-08,1.3219229900000002e-07,0.00143664652,0.00019984328,3.957841530000001e-06,83.15291149999999,57.78829400000001,1.175727785e-07,6.941425069999999,0.000926126957,0.0374191827,6.035198110000001e-05,2.32312752e-06,0.00174856402,0.12637889,6.035198110000001e-05,2.32312752e-06,0.01155356195,4.04648209,6.035198110000001e-05,2.32312752e-06,0.0001697344544,0.09703605293999999,6.035198110000001e-05,2.32312752e-06,0.011514656100000001,1.3399850540000002e-07,0.000132721675,0.0517400306,0.6693106178,-0.0096699616,-0.010908183999999998,-0.011047464650000002,2.20676614e-06,5.796050850000001e-05
113,1687892400,0.0036881341399999995,0.0038198113500000005,0.016499440849999998,-1.7279571400000002,0.0804774551,0.05763480270000001,0.067277053,0.0622143988,6.892214220000001e-05,0.0016980984899999999,0.000131718234,8.13083583e-09,7.79771905e-09,1.037461196e-08,1.737847885e-08,2.5989357e-08,3.93920345e-08,1.1809468619999999e-07,0.0016593863299999997,0.000180837743,3.56169475e-06,83.24343489999998,55.98148260000001,1.3112142300000003e-07,6.79756107,0.0009877991979999998,0.0413104911,6.250915010000001e-05,2.34739829e-06,0.0018839256500000003,0.146170775,6.250915010000001e-05,2.34739829e-06,0.011549141649999999,4.08476513,6.250915010000001e-05,2.34739829e-06,0.00021089605640000003,0.16051701744999997,6.250915010000001e-05,2.34739829e-06,0.011476634650000001,1.3178400900000002e-07,0.000131845366,-0.02626446093,0.1552991585,-0.0099685774,-0.01088083665,-0.0110178007,2.14446363e-06,5.82859646e-05
113,1687893000,0.00320648595,0.00333870848,0.017085564299999998,-1.6961712600000003,0.07845239400000001,0.053609266999999995,0.0641269573,0.0577517626,6.784306240000001e-05,0.00146471047,0.000132266427,1.09578855e-08,1.083968715e-08,1.348626952e-08,2.1102887850000005e-08,2.94107436e-08,4.64535115e-08,1.1919963250000001e-07,0.00142822452,0.00017086519100000002,3.83272709e-06,82.4434291,56.301099799999996,1.151244303e-07,6.8856755199999995,0.0009210277859999999,0.0366805391,6.144756209999999e-05,2.2972132800000005e-06,0.0017494029499999998,0.12650529649999998,6.144756209999999e-05,2.2972132800000005e-06,0.011555744199999999,4.06420695,6.144756209999999e-05,2.2972132800000005e-06,0.00018975035020000003,0.12809258819999997,6.144756209999999e-05,2.2972132800000005e-06,0.01150105795,1.2946216500000001e-07,0.000132404142,0.035523794000000004,0.1318201755,-0.0099603025,-0.01090474325,-0.01104102375,2.1740508e-06,5.82973836e-05
113,1687893600,0.0024489054400000003,0.00258080013,0.012239460640000002,-1.68279003,0.06716454969999999,0.046845113099999995,0.0540391496,0.049576513800000006,6.45915852e-05,0.0011797297999999999,0.00013193915,1.0910857130000001e-08,1.1064129230000002e-08,1.3136016570000002e-08,1.9973950250000002e-08,2.8033119499999997e-08,4.261374249999999e-08,1.0983423670000002e-07,0.0010539318799999999,0.000166223019,4.00386051e-06,82.9115451,57.76664179999999,8.998553210000001e-08,6.8594333700000005,0.000812863581,0.0285330891,5.879785910000001e-05,2.21737068e-06,0.00149946634,0.0933015573,5.879785910000001e-05,2.21737068e-06,0.011507512299999998,3.98432677,5.879785910000001e-05,2.21737068e-06,0.0001379020579,0.04940942834,5.879785910000001e-05,2.21737068e-06,0.0114841556,1.290581834e-07,0.00013201532499999998,0.04965687776,0.47745090332999995,-0.009597127799999999,-0.01089562715,-0.011028593,2.15883057e-06,5.77768157e-05
113,1687894200,0.0024785674000000002,0.00261057165,0.0084890343,-1.6797982999999999,0.0699396347,0.046938618700000004,0.053214123700000004,0.0498765231,7.44702805e-05,0.001212903687,0.000132041161,6.7168363199999995e-09,6.6081469200000005e-09,8.8439224e-09,1.4313506299999998e-08,2.1597473199999997e-08,3.3514907e-08,1.01459217e-07,0.0010664839380000002,0.00016872674400000002,3.83740553e-06,85.6224371,58.1078126,9.09553423e-08,6.903295099999999,0.0008215443600000001,0.029133277599999997,5.8262127e-05,2.07560878e-06,0.0014986337099999998,0.09426501359999999,5.8262127e-05,2.07560878e-06,0.011507884999999999,3.9744782699999996,5.8262127e-05,2.07560878e-06,0.00013554111539999998,0.041860037249999996,5.8262127e-05,2.07560878e-06,0.0114870819,1.23942518e-07,0.000132077353,0.005739040179999999,0.26470430094999997,-0.0097698718,-0.010910267100000001,-0.011039304299999999,2.0763728400000003e-06,5.77041325e-05
113,1687894800,0.00213979846,0.0022716437999999997,0.010684284283,-1.67810378,0.0680645781,0.0438303945,0.049464009499999996,0.0457138961,7.387521730000001e-05,0.00106721165,0.00013188696799999999,1.022964366e-08,1.043245455e-08,1.277178275e-08,1.909734425e-08,2.69989167e-08,4.22920488e-08,1.0820309159999999e-07,0.0009181156709999999,0.000147788011,3.7088292e-06,84.2061215,57.0934741,7.970812550000001e-08,7.00750793,0.00076147802,0.0251963465,5.7622196299999996e-05,2.10543411e-06,0.0013980557099999998,0.0811043645,5.7622196299999996e-05,2.10543411e-06,0.011503197849999999,3.9707750499999994,5.7622196299999996e-05,2.10543411e-06,0.0001302850745,0.037587170200000006,5.7622196299999996e-05,2.10543411e-06,0.011483210499999999,1.28376844e-07,0.000131992946,0.07547243123999998,1.0963157285,-0.0092622791,-0.01089522825,-0.011028026600000001,2.09874857e-06,5.7540666700000004e-05
113,1687895400,0.00208035709,0.00221218768,0.007002608129999999,-1.6673119800000002,0.06408945640000001,0.0432289939,0.0487139873,0.0451513782,5.7647911000000004e-05,0.0009944377939999998,0.00013187097199999996,6.788961319999999e-09,6.78278723e-09,8.85328227e-09,1.4808749300000002e-08,2.0991919260000003e-08,3.37524362e-08,1.0188936899999998e-07,0.0009130593390000001,0.000123338027,3.5312805399999997e-06,84.40702960000002,55.18544429999999,7.7734513e-08,6.987380400000001,0.000763131913,0.0247655954,5.80154742e-05,2.1655672400000002e-06,0.0013949269899999998,0.0805848366,5.80154742e-05,2.1655672400000002e-06,0.0114943923,3.95645423,5.80154742e-05,2.1655672400000002e-06,0.00012159656350000002,0.027285872455999997,5.80154742e-05,2.1655672400000002e-06,0.01148135955,1.300453e-07,0.000131952099,0.03832307685,1.1342544683000002,-0.009563190260000002,-0.010887334050000003,-0.0110257826,2.1683147300000003e-06,5.80438245e-05
113,1687896000,0.00201884019,0.0021514481100000002,0.011773919542000001,-1.6787079300000003,0.06787707150000002,0.042546185599999994,0.047063937099999995,0.0435763296,6.31034066e-05,0.0009964595890000001,0.00013264693499999997,1.1552913949999999e-08,9.33037425e-09,1.313222806e-08,1.742963185e-08,2.38195611e-08,3.70667318e-08,1.001883375e-07,0.000877490744,0.00012725970049999997,4.4157197100000005e-06,88.4931414,55.6185926,7.56821281e-08,7.095947580000001,0.000756493384,0.0248606482,5.8228891300000004e-05,2.15939515e-06,0.00136501014,0.0776953378,5.8228891300000004e-05,2.15939515e-06,0.0115381672,3.99624104,5.8228891300000004e-05,2.15939515e-06,0.0001431895866,0.03812763628,5.8228891300000004e-05,2.15939515e-06,0.011517185000000001,1.629010804e-07,0.00013280896899999997,0.033046751200000016,0.33853193800000003,-0.00969004775,-0.010859540649999999,-0.011012868200000001,2.1350501199999996e-06,5.77470557e-05
113,1687896600,0.00182855829,0.0019611704700000002,0.00918524591,-1.6785926800000002,0.0615393785,0.0406022783,0.044438856299999996,0.04110125400000001,5.582728849999999e-05,0.000920262456,0.00013264521599999998,6.21614903e-09,6.101666450000001e-09,8.175953069999999e-09,1.4481871299999999e-08,2.01089255e-08,3.10017436e-08,9.688019850000001e-08,0.000792772559,0.00011818691699999999,3.09787719e-06,84.11826900000001,55.2468663,6.942445299999999e-08,6.97498919,0.000716234828,0.021989329399999997,5.75657154e-05,1.93329543e-06,0.00129792061,0.06990075970000001,5.75657154e-05,1.93329543e-06,0.01152495905,3.9767157699999998,5.75657154e-05,1.93329543e-06,0.0001134195105,0.022822559060000004,5.75657154e-05,1.93329543e-06,0.0115172915,1.170809985e-07,0.000132765825,0.06803254279000001,2.4565659746,-0.00921527451,-0.01095828465,-0.0110870336,1.91534251e-06,5.71739025e-05
113,1687897200,0.00211884564,0.0022512007599999996,0.013578530859999998,-1.6961944599999998,0.06528949469999999,0.043762653900000004,0.0486389847,0.0450013746,5.48482406e-05,0.001006618328,0.0001323945,6.694299429999999e-09,6.61466702e-09,8.627366729999999e-09,1.52512564e-08,2.1527178400000002e-08,3.28847999e-08,1.0790263509999999e-07,0.0009370792939999999,0.00011882413040000002,3.27412706e-06,84.112202,54.6602971,7.90869732e-08,6.96905311,0.00077092747,0.025294658799999998,5.88610668e-05,2.18625799e-06,0.00141400714,0.08263869990000001,5.88610668e-05,2.18625799e-06,0.0115361377,4.0084336700000005,5.88610668e-05,2.18625799e-06,0.0001466696305,0.06038461917,5.88610668e-05,2.18625799e-06,0.0115049866,1.31962926e-07,0.000132496999,0.036094416399999996,0.16349867104,-0.009874677049999999,-0.010906668800000002,-0.01104233535,2.15578614e-06,5.797446050000001e-05
113,1687897800,0.0024386398999999997,0.0025708092,0.0195551362,-1.71345199,0.06840208819999999,0.0468844233,0.0522390946,0.048601483699999996,6.611520400000001e-05,0.001161807726,0.000132207663,8.96269782e-09,8.77444419e-09,1.1085159580000001e-08,1.82568723e-08,2.6571513499999997e-08,3.91439077e-08,1.2496773790000002e-07,0.0010908969339999998,0.00012461830699999997,3.5260796400000003e-06,83.4134994,54.6682553,8.96412566e-08,6.985205850000002,0.0008180935130000001,0.028380624700000003,5.91899952e-05,2.09416375e-06,0.0015172461500000001,0.0954153915,5.91899952e-05,2.09416375e-06,0.011521854949999999,3.99388805,5.91899952e-05,2.09416375e-06,0.0001396702396,0.05566713387999998,5.91899952e-05,2.09416375e-06,0.0114967957,1.250090086e-07,0.000132301673,0.00025911050000000104,0.46223156069999993,-0.00974967925,-0.0109183294,-0.0110456193,2.0228186500000005e-06,5.78094595e-05
113,1687898400,0.00241613344,0.0025490585100000004,0.0260853137,-1.7218203200000002,0.0644269668,0.0465897314,0.05145157060000001,0.0481514704,6.99956342e-05,0.001215302857,0.000132964004,5.88262883e-09,5.6700767e-09,7.46954017e-09,1.3772525799999998e-08,2.05803312e-08,2.9906975000000006e-08,1.006023375e-07,0.0011076964159999999,9.69656109e-05,3.18045496e-06,83.77781360000002,52.4950741,8.90254854e-08,6.98957365,0.000804932686,0.027640529999999996,5.9787321e-05,2.2267159299999998e-06,0.00151907846,0.095768857,5.9787321e-05,2.2267159299999998e-06,0.0115486658,4.0060160400000004,5.9787321e-05,2.2267159299999998e-06,0.0001350451756,0.04735681225999999,5.9787321e-05,2.2267159299999998e-06,0.01152881775,1.3110116299999999e-07,0.000133045083,0.010603651900000005,0.0611108841,-0.01002028675,-0.010931858800000001,-0.011065789349999999,2.16167769e-06,5.8470824299999996e-05
113,1687899000,0.00243633905,0.00256957003,0.025350498600000004,-1.72022157,0.0671270478,0.0469464105,0.052089089899999996,0.04860148439999999,6.14935248e-05,0.00114899119,0.000133268264,6.6324633100000005e-09,6.61162045e-09,8.00676962e-09,1.3790159099999999e-08,1.96888466e-08,3.12352392e-08,1.01188224e-07,0.001116018506,9.849408459999997e-05,3.42293132e-06,85.14215910000001,52.57137020000001,8.97224545e-08,6.82216834,0.0008231695270000001,0.028473033399999997,5.96806722e-05,2.14027584e-06,0.00154431362,0.0983615106,5.96806722e-05,2.14027584e-06,0.011577606,4.040461710000001,5.96806722e-05,2.14027584e-06,0.00015404027589999999,0.06913759474999999,5.96806722e-05,2.14027584e-06,0.01154015795,1.2214984199999997e-07,0.000133298099,0.0427582391,0.3135236643,-0.0099800058,-0.010962620749999999,-0.0110948442,2.07799248e-06,5.83038139e-05
113,1687899600,0.00261223724,0.0027451926499999996,0.03146815160000001,-1.69182043,0.07365224940000001,0.04839121280000001,0.0565517266,0.05133906680000001,7.45753264e-05,0.00124412689,0.000132996266,9.88383375e-09,9.81064127e-09,1.249888988e-08,1.8533996250000002e-08,2.7010063e-08,4.82283034e-08,1.18664523e-07,0.001203518926,9.87882226e-05,3.5136625e-06,82.93508399999999,52.450806,9.551507750000001e-08,6.91707699,0.000840865527,0.030793948199999997,5.9203057499999996e-05,2.1214875300000002e-06,0.00160703297,0.10671625049999997,5.9203057499999996e-05,2.1214875300000002e-06,0.011566497399999999,4.03520317,5.9203057499999996e-05,2.1214875300000002e-06,0.00015211301959999998,0.06722893304000001,5.9203057499999996e-05,2.1214875300000002e-06,0.011530900299999999,1.26642215e-07,0.00013308935,0.05830148365400001,1.6478090562999999,-0.00945451754,-0.0109491464,-0.01108323055,2.09071834e-06,5.829207329999999e-05
113,1687900200,0.00222000339,0.00235245742,0.026984202699999998,-1.71462483,0.06416445829999999,0.0446803693,0.049426508800000005,0.04563889310000001,6.889327609999999e-05,0.001094850848,0.000132494317,6.3684557299999995e-09,6.34011804e-09,8.222061170000001e-09,1.4262252300000002e-08,1.96751065e-08,2.78804063e-08,5.54276994e-08,0.00102072743,8.654277260000001e-05,2.5305256799999997e-06,82.4913996,51.9184797,8.24726715e-08,6.8005359,0.0007710844339999999,0.025447089699999998,5.92701015e-05,2.24985248e-06,0.00147419992,0.09036194290000002,5.92701015e-05,2.24985248e-06,0.01154026495,4.0072473,5.92701015e-05,2.24985248e-06,0.000139573896,0.05219121591000001,5.92701015e-05,2.24985248e-06,0.01150731575,1.30139326e-07,0.000132549011,-0.0602159037,0.32629697058,-0.00980644515,-0.0109232778,-0.0110561167,2.19774577e-06,5.8899941699999995e-05
113,1687900800,0.00241171047,0.00254445739,0.024921188899999995,-1.7141215600000002,0.0683645871,0.046584108299999996,0.05156407350000001,0.048001465300000004,6.33157433e-05,0.00117518638,0.000132787198,1.05261325e-08,8.15175039e-09,1.1000597529999999e-08,1.680737045e-08,2.74144448e-08,5.3715050000000004e-08,6.01904641e-08,0.001127552445,7.487948509999999e-05,3.1846371700000003e-06,83.7985269,50.859289999999994,8.88145916e-08,6.79267179,0.000813800338,0.0279652033,5.8634326000000007e-05,2.1354943300000005e-06,0.0015523550800000002,0.0994933106,5.8634326000000007e-05,2.1354943300000005e-06,0.011547946100000001,4.00509617,5.8634326000000007e-05,2.1354943300000005e-06,0.0001353510514,0.03937801833,5.8634326000000007e-05,2.1354943300000005e-06,0.0115208448,1.3649174200000002e-07,0.000132866985,0.07077527529999998,1.22312332029,-0.00941282652,-0.010915493299999999,-0.0110519827,2.1268623800000002e-06,5.79467478e-05
113,1687901400,0.00225419509,0.00238710102,0.024567737099999997,-1.6907644100000003,0.0777773729,0.044896522,0.0493140056,0.0462014105,7.83120635e-05,0.00131613525,0.00013295433,3.428035564000001e-08,5.645590387e-08,1.1038534545999998e-07,1.44386993e-07,1.7393417770000003e-07,2.4579399760000005e-07,2.6662350200000004e-07,0.0010450852219999998,7.66711212e-05,4.2379062399999995e-06,79.0897176,51.087338800000005,8.33565909e-08,7.11978545,0.0008860059749999999,0.051475288499999994,5.890027329999999e-05,2.2601512899999997e-06,0.0015149779000000001,0.0976713314,5.890027329999999e-05,2.2601512899999997e-06,0.011556672899999999,4.018717560000001,5.890027329999999e-05,2.2601512899999997e-06,0.00017348784240000002,0.05382633710000001,5.890027329999999e-05,2.2601512899999997e-06,0.0115346702,9.93155003e-07,0.00013389954299999999,0.1137595235,6.7035065923,-0.005483243550000001,-0.010665882900000001,-0.010945600750000001,2.8373305300000003e-06,6.23432835e-05
113,1687902000,0.00147023466,0.00160337334,0.014243173595,-1.66023416,0.054151653099999995,0.0362598974,0.0393387004,0.03585109439999999,6.43323929e-05,0.000766816425,0.000133178633,8.3316784e-09,6.2285080300000006e-09,1.1024997750000001e-08,1.48666901e-08,2.63925192e-08,5.55595033e-08,5.0030538400000005e-08,0.0006433709700000001,8.84324931e-05,3.0848357799999994e-06,86.992285,53.004449199999996,5.7583658e-08,7.074498600000001,0.000646224567,0.018796329300000005,5.85103311e-05,2.18203764e-06,0.00116072918,0.056730408600000004,5.85103311e-05,2.18203764e-06,0.011549348650000001,3.99724034,5.85103311e-05,2.18203764e-06,0.00012675015999999998,0.02781309477,5.85103311e-05,2.18203764e-06,0.011536114,1.5494439999999998e-07,0.000133237641,0.015691553650000002,0.7905768227,-0.009619056170000001,-0.010890317299999999,-0.0110354119,2.16898089e-06,5.8480280799999995e-05
113,1687902600,0.0016447787500000002,0.00177878068,0.01053553234,-1.64552413,0.059026801899999995,0.038334079800000004,0.042488797700000004,0.038138663899999994,8.378341700000001e-05,0.0008514564750000002,0.000134039773,7.786458399999998e-09,6.149267310000001e-09,9.33872419e-09,1.5857674599999998e-08,3.078303299999999e-08,6.06333803e-08,7.781798269999998e-08,0.000723354993,9.51838588e-05,3.5967474199999994e-06,83.17529060000001,53.19178889999999,6.33887352e-08,7.140627420000001,0.000698699668,0.021511032800000003,5.90536469e-05,2.16325091e-06,0.0012319035870000002,0.0635691055,5.90536469e-05,2.16325091e-06,0.011595823299999999,4.03512698,5.90536469e-05,2.16325091e-06,0.0001331151255,0.0354395152,5.90536469e-05,2.16325091e-06,0.011576209649999999,1.56545701e-07,0.000134165771,0.05737654726,0.14544607749,-0.00961551515,-0.010924905799999999,-0.0110695749,2.1336087100000002e-06,5.8670183400000006e-05
113,1687903200,0.001119952105,0.001254009101,0.009285808169999998,-1.5913085900000001,0.052051588700000005,0.0314952463,0.033488521800000004,0.0297384074,4.65245865e-05,0.000627910479,0.000134100652,7.130947779999999e-09,4.781067910000001e-09,6.7315355499999995e-09,1.1390443199999999e-08,2.14340538e-08,4.733166069999999e-08,3.7404579699999996e-08,0.000479670148,7.704280020000001e-05,3.0752897300000002e-06,88.41953240000001,51.795351700000005,4.60018176e-08,7.197696290000001,0.00057635337,0.0148947711,5.8827202e-05,2.37179057e-06,0.00100188534,0.042856658000000006,5.8827202e-05,2.37179057e-06,0.011590804449999999,4.027301360000001,5.8827202e-05,2.37179057e-06,0.000124418187,0.030065888339999996,5.8827202e-05,2.37179057e-06,0.01157976655,1.5605896799999997e-07,0.000134247337,0.0089841242677,0.4623771938799999,-0.009786688050000002,-0.01092855605,-0.0110727507,2.3802877299999996e-06,5.9284160799999994e-05
113,1687903800,0.00119307134,0.00132650211,0.008197708239999999,-1.42742466,0.0550141792,0.0321400377,0.038513675399999996,0.033226013799999995,4.02072094e-05,0.00062568091,0.00013346710299999998,7.409787670000001e-09,5.49792509e-09,8.03611196e-09,1.2532712999999998e-08,2.280998e-08,4.5037899799999994e-08,4.69205319e-08,0.000506547106,8.669569090000002e-05,3.10158795e-06,88.03799039999998,53.033946400000005,4.84194586e-08,7.17633462,0.0005983271550000001,0.015796702949999998,5.864569530000001e-05,2.0997229500000004e-06,0.00104808841,0.0456098598,5.864569530000001e-05,2.0997229500000004e-06,0.011575144749999999,4.02053273,5.864569530000001e-05,2.0997229500000004e-06,0.00013247822590000001,0.03811067480000001,5.864569530000001e-05,2.0997229500000004e-06,0.0115542408,1.3614075299999998e-07,0.00013363743,-0.016342704899999998,0.6586922859000001,-0.00962383095,-0.01095720725,-0.01108686735,2.07175882e-06,5.8342282499999994e-05
113,1687904400,0.0013860607199999999,0.0015185149299999999,0.00849025167,-1.135090217,0.06431446460000001,0.0333608569,0.047026435799999995,0.0412137586,4.705268090000001e-05,0.000741434213,0.000132490903,8.831747030000001e-09,6.906720639999999e-09,9.01190113e-09,1.30516414e-08,2.40806451e-08,5.0422461800000005e-08,4.43339311e-08,0.0006204984790000001,6.91730584e-05,3.15353573e-06,81.5844686,50.7725425,5.4751007699999996e-08,7.068635809999999,0.00063270541,0.0173621855,5.789747499999999e-05,2.05240232e-06,0.001153445946,0.0553274912,5.789747499999999e-05,2.05240232e-06,0.0115268093,3.9857782100000003,5.789747499999999e-05,2.05240232e-06,0.00013219021179999998,0.03543314175,5.789747499999999e-05,2.05240232e-06,0.011508109149999998,1.3208415440000002e-07,0.000132569261,0.042967275699999995,0.6342440998,-0.00951623701,-0.01091118355,-0.0110463135,2.0410552699999996e-06,5.7735294599999996e-05
113,1687905000,0.00169604147,0.00182842592,-0.007816193840000001,-0.870748251,0.0738397553,0.0347632703,0.0554266929,0.048563983,8.268286240000001e-05,0.00094483703,0.000132426913,8.84906239e-09,6.13427871e-09,9.138832749999999e-09,2.85691688e-08,3.2699356450000006e-08,4.94706272e-08,5.13203383e-08,0.00077042703,7.419836959999999e-05,3.1494680999999996e-06,85.5198605,51.231916,6.506159460000001e-08,7.00392473,0.0006953647969999999,0.0223568379,5.859881960000001e-05,2.27657572e-06,0.00128036166,0.0693446074,5.859881960000001e-05,2.27657572e-06,0.0115208836,3.983681,5.859881960000001e-05,2.27657572e-06,0.00014140199450000002,0.03900599532,5.859881960000001e-05,2.27657572e-06,0.01150586975,1.9493727499999999e-07,0.000132580343,-0.06582034040000001,11.33443963569,-0.00871028822,-0.01080653075,-0.010958871799999999,2.27507469e-06,5.8649165199999995e-05
113,1687905600,0.00232378644,0.002456376235,-0.05866652409999999,-0.981056652,0.07991493940000001,0.040497407199999995,0.06378944680000001,0.0567767322,0.0001195049778,0.001200018676,0.00013263383,8.79792869e-09,8.650240620000002e-09,1.2661851499999998e-08,1.5747755850000002e-08,2.7279772500000002e-08,5.22136561e-08,6.332189739999999e-08,0.001104345325,5.3932972000000004e-05,3.3623622599999997e-06,77.8360726,49.303437100000004,8.58965274e-08,7.001677349999999,0.0007591478479999999,0.027616604700000002,5.99202557e-05,2.31677538e-06,0.0015205641500000001,0.0985790309,5.99202557e-05,2.31677538e-06,0.011525965600000002,3.98291896,5.99202557e-05,2.31677538e-06,0.0001307143915,0.03125947584,5.99202557e-05,2.31677538e-06,0.0115139409,1.6854662300000002e-07,0.000132740565,0.027187670695999998,1.0977004686999998,-0.00918310219,-0.010852090100000001,-0.011004696049999999,2.31013717e-06,5.9490551900000006e-05
113,1687906200,0.00231605813,0.0024480860399999998,-0.06030076559999999,-0.954636739,0.0834775475,0.0401265107,0.0633394329,0.056326719799999994,0.00014819819940000003,0.001309532846,0.000132068664,6.419257180000001e-09,6.591327199999999e-09,9.07807211e-09,1.8391285500000002e-08,2.7318837699999998e-08,2.8781987700000004e-08,5.3881045500000004e-08,0.001084133899,7.03330541e-05,3.36404957e-06,80.99631359999998,50.6690276,8.563273560000001e-08,6.83782569,0.000743069919,0.027126638749999998,5.9363539799999995e-05,2.2426560900000003e-06,0.0014958267199999997,0.0962025635,5.9363539799999995e-05,2.2426560900000003e-06,0.01152413745,3.99719291,5.9363539799999995e-05,2.2426560900000003e-06,0.000150474843,0.054186945099999995,5.9363539799999995e-05,2.2426560900000003e-06,0.0114936002,1.56634463e-07,0.000132259939,-0.003196459799999998,0.4184574629,-0.0096790086,-0.0108541118,-0.010999171200000001,2.1775493399999997e-06,5.8295222800000004e-05
113,1687906800,0.0018956707,0.00202810633,-0.0656762526,-0.9106579189999999,0.07800238039999999,0.0369015233,0.0574142527,0.0489764939,0.000202956077,0.00124235684,0.000132478577,6.505451059999999e-09,6.68738018e-09,8.78991264e-09,1.65183972e-08,2.28797839e-08,2.8749034299999998e-08,5.8016470899999994e-08,0.0008683050810000001,7.62821075e-05,3.04111017e-06,82.1182276,51.2603567,7.165043249999999e-08,6.969897179999999,0.00068120139,0.0223595349,5.8567165399999995e-05,2.2602069100000003e-06,0.0013376104599999998,0.0767770418,5.8567165399999995e-05,2.2602069100000003e-06,0.0115246489,3.98104309,5.8567165399999995e-05,2.2602069100000003e-06,0.000125229134,0.02682819925,5.8567165399999995e-05,2.2602069100000003e-06,0.01150680105,1.43806236e-07,0.000132551546,0.029078266460000002,0.2812987655,-0.009712875700000002,-0.01088682405,-0.011027409200000001,2.24739086e-06,5.8375597099999994e-05
113,1687907400,0.00189342529,0.0020262006300000002,-0.0441747961,-0.8739784549999999,0.07365224940000001,0.0365469462,0.058314279700000006,0.0511140605,0.0001083569951,0.00100960119,0.000132816114,6.60718984e-09,6.6104731900000006e-09,8.709528209999998e-09,1.5052705349999997e-08,2.24833188e-08,2.74412182e-08,5.38645749e-08,0.0008690796689999999,7.45881635e-05,2.8399823600000003e-06,82.6380164,51.153572100000005,7.15993152e-08,6.907949930000001,0.0007010620519999999,0.0224066707,5.84830523e-05,2.23042726e-06,0.0013515693500000003,0.0775641593,5.84830523e-05,2.23042726e-06,0.0115415525,3.9986129,5.84830523e-05,2.23042726e-06,0.00013633760099999998,0.0389931075,5.84830523e-05,2.23042726e-06,0.011522146099999998,1.33993503e-07,0.000132895723,3.5906329999998984e-05,0.8963006317,-0.00952611352,-0.010923953,-0.011058993199999999,2.19779667e-06,5.853089260000001e-05
113,1687908000,0.00221982032,0.00235320568,-0.0280961258,-1.065548306,0.07665234140000002,0.040642304000000004,0.062176898999999994,0.05538919020000001,0.00010501170900000003,0.00112978633,0.00013348728100000002,6.3520845299999996e-09,6.3709165400000005e-09,8.42728069e-09,1.67164428e-08,2.35966106e-08,2.8947174500000005e-08,6.633960150000001e-08,0.00105707031,4.9938807200000006e-05,2.63364163e-06,79.025418,48.846598300000004,8.2515493e-08,6.912813530000001,0.00076925265,0.0263569273,6.47960496e-05,3.07136944e-06,0.00150675706,0.0944634894,6.47960496e-05,3.07136944e-06,0.0115717503,4.0228606000000005,6.47960496e-05,3.07136944e-06,0.0001582063364,0.0402685538,6.47960496e-05,3.07136944e-06,0.0115533607,2.6284840899999995e-07,0.000133744278,-0.2719078133,3.2128504809999994,-0.00895519684,-0.0109004959,-0.01104953645,3.00216729e-06,6.480465090000001e-05
113,1687908600,0.0015199516900000001,0.0016524869200000001,-0.03539413314,-1.1987531600000003,0.0642769617,0.0346805054,0.04672642610000001,0.0415512683,7.25068302e-05,0.0008616696600000001,0.00013274674799999999,6.01889911e-09,6.67440309e-09,1.1408829750000001e-08,2.4721852500000002e-08,3.8906233299999994e-08,2.941774575e-08,7.46782912e-08,0.000722623762,3.40785722e-05,2.8562608300000005e-06,79.30432640000001,46.626513800000005,5.921867789999999e-08,7.03408793,0.00066649123,0.0200378573,6.235334739999999e-05,2.69659134e-06,0.0012340303299999999,0.0638461929,6.235334739999999e-05,2.69659134e-06,0.01154735335,4.014039400000001,6.235334739999999e-05,2.69659134e-06,0.0001725896145,0.04703787022,6.235334739999999e-05,2.69659134e-06,0.01151099595,5.523096250000001e-07,0.00013305441499999999,-0.12862618709699997,2.1026195369,-0.008415067804,-0.010681418299999999,-0.0109244883,2.89155952e-06,6.349121730000001e-05
113,1687909200,0.0028005691999999998,0.0029341489900000005,0.043368085900000006,-1.6284576000000002,0.0790899138,0.0486125814,0.0583517803,0.054789172600000005,0.0001504675469,0.001447011226,0.000133624543,1.0655699910000001e-08,1.120119288e-08,1.7625808890000004e-08,2.21085895e-08,3.20841995e-08,4.46428989e-08,6.66073594e-08,0.001369463679,2.7498105800000003e-05,3.0601713600000002e-06,75.0886319,47.3455767,1.01886273e-07,6.867624140000001,0.0008517898119999999,0.031578636,5.873704689999999e-05,2.25271799e-06,0.0016727582300000003,0.1200470229,5.873704689999999e-05,2.25271799e-06,0.01158493325,4.03886708,5.873704689999999e-05,2.25271799e-06,0.00015247255360000003,0.062326323885,5.873704689999999e-05,2.25271799e-06,0.0115561152,1.51777397e-07,0.000133695856,0.0566424977,0.3099800895,-0.00979672095,-0.01091308545,-0.0110609058,2.23936712e-06,5.834983409999999e-05
113,1687909800,0.006514926379999999,0.0066486407499999995,0.022249613699999997,-1.54339301,0.11730358120000002,0.07364088690000001,0.10005305449999999,0.0943528809,0.00017654088839999998,0.0030591878699999997,0.00013375791100000002,1.3359440380000002e-08,1.3538799759999998e-08,1.6619129719999998e-08,2.6455686199999998e-08,3.83883674e-08,4.8293337e-08,1.012842886e-07,0.0032270910200000004,2.7468107499999996e-05,2.5829944199999998e-06,71.0656645,48.93644929999999,2.2552168600000003e-07,6.484635109999999,0.00130704067,0.0708495805,5.993139959999999e-05,2.19777747e-06,0.00262473346,0.284744105,5.993139959999999e-05,2.19777747e-06,0.011607119150000001,4.070655910000001,5.993139959999999e-05,2.19777747e-06,0.0001863271555,0.08734017824,5.993139959999999e-05,2.19777747e-06,0.0115668256,1.529324286e-07,0.000133940244,0.8644336064999999,29.451467415000003,-0.0083392675,-0.01094176605,-0.011081565900000001,2.14771522e-06,5.86136507e-05
113,1687910400,0.00680009661,0.00693265188,0.013101959350000001,-1.3889980599999998,0.1241662915,0.07366277789999999,0.10905332969999999,0.10129059199999998,0.00020564977000000004,0.0031654330199999995,0.00013260155,1.5981474749999998e-08,1.567989583e-08,1.9008053329999997e-08,2.93057551e-08,4.25580815e-08,6.372020919999998e-08,1.1816003789999998e-07,0.0033731682399999996,2.3711634900000003e-05,2.8070069800000003e-06,69.39029940000002,48.877054799999996,2.3484095500000003e-07,6.444553740000001,0.00131305364,0.07273550709999999,6.0928787799999996e-05,2.2494953499999997e-06,0.00267960008,0.295749815,6.0928787799999996e-05,2.2494953499999997e-06,0.011584174999999999,4.0867944000000005,6.0928787799999996e-05,2.2494953499999997e-06,0.00022022699300000003,0.1268305548,6.0928787799999996e-05,2.2494953499999997e-06,0.011511111050000002,1.335015596e-07,0.000132640284,0.06361779822,0.3117821897,-0.0096920644,-0.010907090650000001,-0.0110477844,2.11698758e-06,5.768917369999999e-05
113,1687911000,0.007131286820000001,0.00726396369,0.009773094566999999,-1.32184946,0.13196652650000001,0.0744514474,0.1141534841,0.106540754,0.000162961814,0.00325322844,0.000132754647,1.2655045549999999e-08,1.2244119530000002e-08,1.494178504e-08,2.501525144e-08,3.5044064600000003e-08,5.0184387500000004e-08,1.1248923000000002e-07,0.0035266812700000005,3.63388698e-05,2.2600737800000004e-06,71.429084,49.2515025,2.45895476e-07,6.468257889999999,0.0013402079,0.07653224959999999,6.31673843e-05,2.6764166599999998e-06,0.00273976362,0.310273596,6.31673843e-05,2.6764166599999998e-06,0.01158784885,4.086857230000001,6.31673843e-05,2.6764166599999998e-06,0.00022148397599999997,0.11882969709999999,6.31673843e-05,2.6764166599999998e-06,0.01151913935,2.03712373e-07,0.00013289459199999998,-0.20689800409999998,2.7255804192,-0.00916464602,-0.0108866837,-0.0110344658,2.59992211e-06,6.16452725e-05
113,1687911600,0.008815067250000001,0.0089479243,0.0152800883,-1.40189229,0.14614195900000002,0.0839515779,0.12566633600000002,0.11741608349999999,0.00020977936899999996,0.00403258791,0.0001329096,2.034461562e-08,1.868444171e-08,2.345878487e-08,3.827350479999999e-08,6.697295500000001e-08,8.06537826e-08,1.650557343e-07,0.00437691305,2.7515644799999998e-05,2.6213017899999997e-06,67.8241145,49.1999549,3.01821885e-07,6.46600104,0.0015040398999999999,0.095349299,6.1629592e-05,2.4198485000000003e-06,0.00306183789,0.385401185,6.1629592e-05,2.4198485000000003e-06,0.01161040025,4.121148719999999,6.1629592e-05,2.4198485000000003e-06,0.000244605238,0.1528990899,6.1629592e-05,2.4198485000000003e-06,0.011522600499999999,1.77330713e-07,0.000132947887,-0.055537622200000004,0.8498909039999999,-0.0092601189,-0.0108507814,-0.01099764415,2.2758533299999996e-06,5.90190838e-05
113,1687912200,0.00898886355,0.00912193565,0.018888862299999996,-1.49251067,0.14407939799999997,0.0859048604,0.123041256,0.11527851889999999,0.00028785220299999996,0.004199525010000001,0.00013312547,2.5787032099999997e-08,2.57239475e-08,3.141272326999999e-08,5.140684105e-08,7.064215409999999e-08,9.7604507e-08,2.027317094e-07,0.00445839478,3.2857163999999996e-05,2.60457301e-06,67.5619717,49.3353517,3.0746735900000004e-07,6.52147555,0.0015217764200000001,0.0957996029,6.194232680000001e-05,2.2984739599999997e-06,0.00308161309,0.3910662529999999,6.194232680000001e-05,2.2984739599999997e-06,0.0116105868,4.12903129,6.194232680000001e-05,2.2984739599999997e-06,0.000241396826,0.1566537001,6.194232680000001e-05,2.2984739599999997e-06,0.011535749549999998,1.5781407899999998e-07,0.000133231559,0.013411856869999999,0.9214345179999999,-0.0094086159,-0.01089504235,-0.0110366238,2.1114164300000003e-06,5.8209987e-05
113,1687912800,0.0077227810300000005,0.007855418119999999,0.029728021499999997,-1.49560699,0.136241656,0.07946294749999999,0.1126159396,0.10665325590000001,0.00017909653950000002,0.0035830568299999995,0.000132680373,1.060556554e-08,9.13596289e-09,1.222844522e-08,2.41015728e-08,5.1979642400000005e-08,4.46524057e-08,7.767139230000001e-08,0.0038501169099999996,8.35706452e-06,2.63412509e-06,68.6672344,48.613571300000004,2.65746094e-07,6.21370974,0.0014087837299999997,0.08369928709999999,5.98198675e-05,2.2784552e-06,0.0028570199100000004,0.336518746,5.98198675e-05,2.2784552e-06,0.011594156250000001,4.09615843,5.98198675e-05,2.2784552e-06,0.000225510432,0.1262323152,5.98198675e-05,2.2784552e-06,0.011514938399999999,1.9680835399999998e-07,0.000132791433,0.06338183577,0.3843073382,-0.009082960910000002,-0.010787231150000002,-0.0109498656,2.2087664e-06,5.79197939e-05
113,1687913400,0.007948364320000002,0.00808207419,0.0218587557,-1.52546903,0.131779025,0.0810171161,0.11261593749999999,0.10710326939999999,0.00017992460299999998,0.0036076555900000002,0.000133757873,2.423819657e-08,2.457766347e-08,2.0185956269999996e-08,3.2424957149999996e-08,3.79947213e-08,5.53121007e-08,1.241828847e-07,0.0039502891,2.0909132e-05,2.60061624e-06,69.6518872,48.9338968,2.7319140899999995e-07,6.371591220000001,0.0014305746899999998,0.08497964200000001,6.0161839699999985e-05,2.27844992e-06,0.00290056095,0.347424853,6.0161839699999985e-05,2.27844992e-06,0.01161780665,4.0929540300000005,6.0161839699999985e-05,2.27844992e-06,0.000217763511,0.11077340490000001,6.0161839699999985e-05,2.27844992e-06,0.011560458899999997,2.3520981200000003e-07,0.000133861743,-1.1556891053,64.34966137883,-0.007174657449999999,-0.010914061400000001,-0.0110611169,2.4187436100000002e-06,6.231267500000001e-05
113,1687914000,0.00838339015,0.00851762968,0.0225705801,-1.49403643,0.134741617,0.082638369,0.11681606600000001,0.11066587859999999,0.00021808084,0.003868293469999999,0.00013431616400000002,2.5627930100000002e-08,2.5493971699999996e-08,3.0978587799999993e-08,4.42706038e-08,6.078624409999999e-08,8.616725929999999e-08,1.64907814e-07,0.00417837025,9.92877814e-06,2.8577919599999996e-06,65.6471933,48.7514494,2.8759192800000006e-07,6.50737702,0.00146093954,0.0893415448,6.291070510000001e-05,2.48107483e-06,0.0029907258599999997,0.36783269,6.291070510000001e-05,2.48107483e-06,0.0116589762,4.14781878,6.291070510000001e-05,2.48107483e-06,0.00022522631440000004,0.13447017952,6.291070510000001e-05,2.48107483e-06,0.01158442845,1.9463309000000003e-07,0.00013439409100000002,-0.0152349344,1.5008602706,-0.00884909982,-0.01087984455,-0.0110558194,2.28536366e-06,5.9529726899999996e-05
113,1687914600,0.00794018727,0.00807452205,0.025828687,-1.4422480599999998,0.13267905100000002,0.0798673879,0.11640355489999998,0.1105158722,0.0001568530935,0.0035587187099999995,0.000134418538,2.716108815e-08,2.596907943e-08,3.27694e-08,4.6033692399999995e-08,6.112126840000001e-08,8.83401933e-08,1.8644108640000002e-07,0.0039481276,1.8170642499999998e-05,3.20090558e-06,67.2182498,48.88911699999999,2.7272501400000005e-07,6.517970119999999,0.00143134544,0.0857154794,6.148115679999999e-05,2.3271994900000004e-06,0.00290818909,0.34756812699999995,6.148115679999999e-05,2.3271994900000004e-06,0.0116708077,4.16416859,6.148115679999999e-05,2.3271994900000004e-06,0.000245518564,0.14416431309999997,6.148115679999999e-05,2.3271994900000004e-06,0.011590379849999999,2.1026672199999998e-07,0.00013454754599999998,0.09982457937,0.8545542439,-0.00957687595,-0.0108495535,-0.01104390685,2.2616078700000005e-06,5.9213458499999995e-05
113,1687915200,0.009181649100000001,0.009315535449999999,0.016934468900000003,-1.3969493299999998,0.14486692100000004,0.08513296710000001,0.128028911,0.1208661885,0.00018254299439999998,0.004128775929999999,0.00013395949200000002,1.5528555929999997e-08,1.4219258220000002e-08,1.920330446e-08,3.0628060700000006e-08,4.3290773e-08,6.293389359999999e-08,1.390151568e-07,0.0045601956,2.72265626e-05,2.94386501e-06,70.1805831,49.2287009,3.1412885199999993e-07,6.43295545,0.00153116034,0.098872048,6.29682954e-05,2.45712638e-06,0.0031254639199999996,0.402033685,6.29682954e-05,2.45712638e-06,0.011650082649999999,4.15062796,6.29682954e-05,2.45712638e-06,0.000259797215,0.17088843065,6.29682954e-05,2.45712638e-06,0.0115713851,2.1703260500000006e-07,0.00013411439999999998,0.008843681699999995,1.916870824,-0.00874838252,-0.0108280675,-0.0110152765,2.36788319e-06,6.01357471e-05
113,1687915800,0.0106882393,0.010821277600000002,0.005692005910000001,-1.47697617,0.156379775,0.0928669839,0.133466573,0.127241388,0.00023833230299999996,0.0048338186,0.000133132597,3.93418858e-08,4.162285095e-08,4.8691244029999995e-08,6.634101990000001e-08,9.21950972e-08,1.2213593030000003e-07,2.420179568e-07,0.00532995143,1.033689667e-05,3.0069999499999998e-06,64.87933410000001,49.039145000000005,3.64095594e-07,6.41970213,0.0016553805599999998,0.11463357860000001,6.660351749999999e-05,2.79127557e-06,0.0033789871899999996,0.4693454139999999,6.660351749999999e-05,2.79127557e-06,0.01162320315,4.16126301,6.660351749999999e-05,2.79127557e-06,0.000262898975,0.19024897059999998,6.660351749999999e-05,2.79127557e-06,0.01153805315,2.1231659000000003e-07,0.000133340785,-0.7686010760154,17.845895425,-0.00852455433,-0.010843303799999999,-0.0110129587,2.52024499e-06,6.22852136e-05
113,1687916400,0.010777312600000002,0.01091112885,0.003581927380000001,-1.4856118999999999,0.15000457899999997,0.09345289700000001,0.133879086,0.12784140300000002,0.000211630052,0.00480626745,0.000133863985,1.580311591e-08,1.697054984e-08,2.44428587e-08,4.4502182799999996e-08,6.536754100000001e-08,9.884979529999998e-08,2.43335938e-07,0.005372667730000001,1.200023545e-05,3.4027222900000002e-06,68.865215,49.0684196,3.6707276e-07,6.6531155900000005,0.00167824091,0.1187547025,6.195898010000001e-05,2.3702631699999996e-06,0.0033949432099999997,0.4735918429999999,6.195898010000001e-05,2.3702631699999996e-06,0.011652962749999999,4.15320447,6.195898010000001e-05,2.3702631699999996e-06,0.00025863381599999997,0.1751196237,6.195898010000001e-05,2.3702631699999996e-06,0.011568673649999996,1.92262055e-07,0.000134027154,0.023177561700000005,0.5305842872,-0.00913003566,-0.01085003885,-0.01101205505,2.23040181e-06,5.8626900400000006e-05
113,1687917000,0.010113682010000001,0.01024778593,0.003753344086,-1.541858,0.14347938100000002,0.09094733010000002,0.12484130950000001,0.11996616149999999,0.00018777519499999998,0.0045037298900000005,0.00013414679900000003,1.2956214e-08,1.380502173e-08,1.93343322e-08,3.48635483e-08,6.00098722e-08,8.65898808e-08,1.858949646e-07,0.00503492375,1.7883545000000002e-05,3.5570839000000003e-06,69.4747785,49.0712598,3.4502891999999996e-07,6.60210161,0.00161136154,0.10940807099999998,6.1004450099999997e-05,2.2653714800000002e-06,0.00325629202,0.440413233,6.1004450099999997e-05,2.2653714800000002e-06,0.0116532946,4.13705322,6.1004450099999997e-05,2.2653714800000002e-06,0.000241229018,0.1359932252,6.1004450099999997e-05,2.2653714800000002e-06,0.0115835384,1.9636575600000001e-07,0.0001343752,0.32218508069,7.046720966400001,-0.008529899899000002,-0.010865345949999999,-0.0110261514,2.17554757e-06,5.91454095e-05
113,1687917600,0.00859745276,0.00873112945,0.01149587509,-1.50010785,0.1403292845,0.08366439849999999,0.11760358850000001,0.1120159197,0.00021432521299999998,0.0039721932,0.00013372262300000002,1.7664983000000004e-08,1.789897805e-08,2.8579141799999996e-08,3.97583947e-08,5.81530984e-08,1.0501412620000001e-07,2.1456581559999998e-07,0.004283995590000001,1.0303704230000001e-05,3.88546092e-06,68.2066005,48.8007353,2.94548249e-07,6.63257271,0.0014978697299999999,0.0946403912,6.249242709999999e-05,2.27938603e-06,0.0030302248600000002,0.37831862699999996,6.249242709999999e-05,2.27938603e-06,0.0116467079,4.1602938499999995,6.249242709999999e-05,2.27938603e-06,0.00024595970940000003,0.17193423859999998,6.249242709999999e-05,2.27938603e-06,0.0115600815,1.70625183e-07,0.00013380657299999997,0.014536694899999997,0.4726062731000001,-0.009471287969999999,-0.010881366299999999,-0.011034651150000001,2.11289096e-06,5.8128896900000005e-05
113,1687918200,0.008604133699999999,0.00873803254,0.014238417199999997,-1.4838165700000003,0.137891713,0.0834605175,0.11884112389999998,0.11314095319999999,0.000184725993,0.00387525676,0.00013396658999999998,2.427747151e-08,2.44211055e-08,3.1792820499999996e-08,4.67998862e-08,6.639617170000001e-08,1.0728594640000001e-07,2.164492045e-07,0.00428851009,9.314962850000001e-06,3.62702157e-06,66.3679032,48.7802938,2.9475192e-07,6.60104538,0.0014820465700000002,0.09225386099999999,6.16920957e-05,2.44682776e-06,0.00301833206,0.374800445,6.16920957e-05,2.44682776e-06,0.0116409928,4.122892,6.16920957e-05,2.44682776e-06,0.00023171545100000003,0.12060705009999999,6.16920957e-05,2.44682776e-06,0.011573815550000002,1.8804255399999998e-07,0.000134141661,-0.10780917237000001,0.9796188747000001,-0.009442484320000003,-0.0109057124,-0.01106174235,2.3659591699999998e-06,6.0386536600000003e-05
113,1687918800,0.010231078499999999,0.010364336089999999,0.0247295928,-1.39417589,0.164142507,0.0898904428,0.13601665300000002,0.127391391,0.000334853663,0.00498393566,0.00013331623900000002,2.714753757e-08,2.7308254449999998e-08,3.71487911e-08,4.8474097100000004e-08,6.36404079e-08,1.156817571e-07,1.869950837e-07,0.0050955920099999994,1.6387563500000002e-05,2.98047689e-06,67.0164778,49.076017900000004,3.49057846e-07,6.39614967,0.00160739885,0.1102168574,6.081135110000001e-05,2.28699778e-06,0.00329548645,0.449282282,6.081135110000001e-05,2.28699778e-06,0.011614602600000001,4.118803440000001,6.081135110000001e-05,2.28699778e-06,0.000239119436,0.1411843691,6.081135110000001e-05,2.28699778e-06,0.0115438295,1.62393155e-07,0.00013342292100000002,0.020978344599999997,1.1455312709999999,-0.008860628599999998,-0.010888664400000001,-0.01103429655,2.1885638699999997e-06,5.8280989799999996e-05
113,1687919400,0.00657649092,0.00670973728,0.033437196700000005,-1.30940609,0.130616489,0.07146077380000002,0.11032836659999998,0.101815608,0.000265256242,0.00325460236,0.00013329985,1.863755713e-08,2.021323496e-08,2.9912616399999995e-08,3.5596152899999994e-08,5.4109779999999996e-08,1.2098501099999998e-07,1.4650240760000001e-07,0.00326368012,2.0956712e-05,3.08435573e-06,69.68017549999999,48.724446300000004,2.27382789e-07,6.632626020000001,0.00129982414,0.0738307027,5.9739241400000004e-05,2.31269442e-06,0.0026379893,0.288976864,5.9739241400000004e-05,2.31269442e-06,0.011600716799999999,4.07867639,5.9739241400000004e-05,2.31269442e-06,0.000214456525,0.1074613958,5.9739241400000004e-05,2.31269442e-06,0.01154327525,1.8176036399999998e-07,0.000133429478,-0.16141338967,4.0860520201999995,-0.00959362607,-0.0108666756,-0.011021274900000001,2.28513636e-06,5.9405378999999995e-05
113,1687920000,0.00267353722,0.00280634058,0.03841725859999999,-1.28671305,0.09371535850000001,0.0459636475,0.0665645308,0.059514316899999996,0.0001583564216,0.0015035850299999999,0.000132854084,1.0395937960000002e-08,1.101917567e-08,1.9822912400000003e-08,2.2887628400000004e-08,3.516524940000001e-08,7.666592860000001e-08,1.0083113779999999e-07,0.00131198212,2.1850496200000003e-05,2.6020646000000004e-06,74.18493849999999,47.05454089999999,9.753236499999998e-08,7.0385988,0.000849076966,0.0318420174,5.936984879999999e-05,2.4421499300000004e-06,0.0016630406500000004,0.11530793349999999,5.936984879999999e-05,2.4421499300000004e-06,0.011554766349999999,4.016423050000001,5.936984879999999e-05,2.4421499300000004e-06,0.000160440701,0.05803771577,5.936984879999999e-05,2.4421499300000004e-06,0.011524510749999998,1.77051747e-07,0.000132991974,0.011519576770000001,0.863693652,-0.0090719322,-0.01083771465,-0.0109939298,2.4593075e-06,5.94924256e-05
113,1687920600,0.00262853031,0.00276091964,0.016803937820000003,-1.45942174,0.0804024547,0.046600599900000005,0.061314371,0.05512668300000001,0.00014937921000000002,0.00147810059,0.000132432667,9.581587059999997e-09,9.969202330000001e-09,1.3922687049999999e-08,1.9411729449999996e-08,2.83970715e-08,5.0161344000000005e-08,8.437280320000001e-08,0.001284099354,2.7041795800000002e-05,2.8635951899999997e-06,73.30762159999999,47.3192724,9.601155449999999e-08,6.893106520000001,0.0008433475550000001,0.0304425871,5.89386167e-05,2.21524737e-06,0.0016528926799999999,0.11434765449999999,5.89386167e-05,2.21524737e-06,0.011540755400000002,4.0090714300000005,5.89386167e-05,2.21524737e-06,0.000151927133,0.05563154674,5.89386167e-05,2.21524737e-06,0.01151020675,1.3460066339999998e-07,0.00013262019799999998,-0.028916752700000003,0.37844911040000007,-0.0098176411,-0.01091281775,-0.01104803805,2.1957392300000002e-06,5.833237080000001e-05
113,1687921200,0.004657226469999999,0.004790681969999999,0.0193284653,-1.19945379,0.1152785185,0.059252275099999994,0.09364035700000001,0.0837775595,0.00031804880399999996,0.0026570686299999995,0.000133528964,1.4428921560000002e-08,1.3370123380000003e-08,2.2671322000000002e-08,2.8735817399999998e-08,3.7106171700000005e-08,8.41796761e-08,1.165978124e-07,0.00225556102,6.970719969999999e-05,2.94516995e-06,74.55298789999999,50.0775257,1.63654426e-07,6.50486286,0.001103034465,0.05282386100000001,6.31840236e-05,2.75699804e-06,0.00218583122,0.19853223999999997,6.31840236e-05,2.75699804e-06,0.011591502049999999,4.06080005,6.31840236e-05,2.75699804e-06,0.00018570078549999997,0.08356109090000001,6.31840236e-05,2.75699804e-06,0.01155060735,2.27885753e-07,0.00013364508500000004,-0.22298630676000003,1.919098436,-0.009157435930000003,-0.0108712377,-0.0110267777,2.70380101e-06,6.20175975e-05
113,1687921800,0.007731926519999999,0.00786528686,0.0144548235,-1.2218145129999998,0.145579445,0.0761012099,0.1224412385,0.1134784657,0.000278370664,0.00384508826,0.000133414952,2.2040621200000004e-08,2.2354336930000004e-08,3.2015834e-08,4.0754073799999996e-08,5.4295821100000006e-08,7.885974e-08,1.50243344e-07,0.0037987960899999998,6.36072667e-05,3.0804578600000004e-06,69.87228359999999,50.089030699999995,2.6576758199999994e-07,6.422900279999999,0.0013840338800000002,0.08333280600000001,6.21417455e-05,2.3762421600000003e-06,0.00284436948,0.33390876999999997,6.21417455e-05,2.3762421600000003e-06,0.011626317850000002,4.128578330000001,6.21417455e-05,2.3762421600000003e-06,0.00023830583600000004,0.1478773279,6.21417455e-05,2.3762421600000003e-06,0.01154795855,1.6857598400000003e-07,0.0001335245,-0.000308565299999998,0.45735580350000005,-0.0095145421,-0.01087350385,-0.0110278451,2.2384907e-06,5.8963281e-05
113,1687922400,0.00740452808,0.007537679960000002,0.0063587383014999995,-1.2786538900000002,0.14269185600000003,0.0746992035,0.116516057,0.10785329299999999,0.00029294050400000004,0.00373867002,0.000133360964,3.503849257e-08,4.52560704e-08,3.3757666100000005e-08,5.131463185e-08,6.64352183e-08,9.644480140000001e-08,1.718168489e-07,0.00365499747,4.3932766100000006e-05,2.60032433e-06,69.4953821,49.4408875,2.5481561299999997e-07,6.619527579999999,0.00136968901,0.0820233269,6.90271894e-05,3.62830407e-06,0.00278131801,0.32432205699999994,6.90271894e-05,3.62830407e-06,0.011615478899999998,4.11684157,6.90271894e-05,3.62830407e-06,0.00025562031799999994,0.1370034813,6.90271894e-05,3.62830407e-06,0.011548363499999999,5.421939580000001e-07,0.000133898995,-0.4276284971,5.7454008145,-0.00695365586,-0.010738285200000001,-0.010954346700000001,3.6815772700000004e-06,6.84087707e-05
113,1687923000,0.005919854170000001,0.00605261652,0.00771859513,-1.25985711,0.1317040215,0.0670370561,0.10429068240000001,0.09547791480000001,0.000279545578,0.00302439666,0.00013282815199999997,1.92823858e-08,2.32127469e-08,3.444823340000001e-08,5.851783320000001e-08,6.90381358e-08,8.498627520000001e-08,1.425305103e-07,0.00291405262,4.26826376e-05,2.66611278e-06,70.35067159999998,49.2891117,2.05423708e-07,6.745089770000002,0.0012401121599999998,0.06756956580000001,6.043411059999999e-05,2.3345958e-06,0.0024948859999999995,0.25929136299999994,6.043411059999999e-05,2.3345958e-06,0.011572384,4.053527140000001,6.043411059999999e-05,2.3345958e-06,0.000205333834,0.0946134896,6.043411059999999e-05,2.3345958e-06,0.011520266900000001,2.86290046e-07,0.00013300332800000002,-0.22586585399999998,2.1512348921,-0.008595285949999998,-0.010719769699999998,-0.010907579850000002,2.3156808300000003e-06,6.0515316799999996e-05
113,1687923600,0.009536458510000002,0.00966953336,0.0025566437800000003,-1.54366715,0.142804358,0.088668994,0.1217662155,0.1151285116,0.000258255487,0.0043819349099999995,0.00013313645700000002,2.8373677099999995e-08,2.8693722019999996e-08,3.58416344e-08,5.06719545e-08,7.64279943e-08,1.070819591e-07,1.873019295e-07,0.004694267049999999,7.11993162e-05,2.14561953e-06,70.37169220000001,50.1600228,3.25752567e-07,6.51906354,0.00157628015,0.1027758154,6.50818011e-05,2.5536841300000005e-06,0.0031499614299999997,0.413015134,6.50818011e-05,2.5536841300000005e-06,0.01162070635,4.16207092,6.50818011e-05,2.5536841300000005e-06,0.00025159038799999996,0.2031917408,6.50818011e-05,2.5536841300000005e-06,0.0115404832,1.9222069299999998e-07,0.000133375725,0.241086596,4.81538044578,-0.008779619489999998,-0.01082510935,-0.0109848082,2.2664079399999996e-06,5.85949078e-05
113,1687924200,0.01271364465,0.012846806399999999,4.902737400000001e-05,-1.54287407,0.165642554,0.10272067309999999,0.143779385,0.13665417100000002,0.000299707292,0.00581945614,0.00013326098,3.51847907e-08,3.668500394e-08,4.4706720160000005e-08,6.108318530000001e-08,9.18015484e-08,1.2649184960000002e-07,2.5358874450000003e-07,0.00628334133,7.0259225e-05,2.46025846e-06,69.0568403,50.132897199999995,4.31473531e-07,6.27612665,0.0018149848000000002,0.1343923326,6.98186879e-05,3.05664185e-06,0.00365573597,0.548730889,6.98186879e-05,3.05664185e-06,0.011649878550000001,4.23724635,6.98186879e-05,3.05664185e-06,0.00030155819,0.279726151,6.98186879e-05,3.05664185e-06,0.01154244255,2.62408682e-07,0.000133491139,-1.0802245719199999,30.557626668,-0.0081858738,-0.010815425149999999,-0.0109792616,2.71997322e-06,6.36124227e-05
113,1687924800,0.0143969382,0.0145303668,-0.005401952731,-1.5841047099999999,0.163317486,0.1094600962,0.148054521,0.142504353,0.00030213706599999996,0.00639539222,0.000133486006,3.102050477e-08,3.145805296e-08,3.94694423e-08,6.366344650000001e-08,8.973410260000001e-08,1.0912578530000002e-07,2.411632346e-07,0.00714898179,4.607056940000001e-05,2.7291038400000002e-06,66.88516369999999,49.732353599999996,4.87662185e-07,6.1805160699999995,0.00192189067,0.1524148154,6.694072969999997e-05,2.53764875e-06,0.0038974782900000004,0.6272271500000001,6.694072969999997e-05,2.53764875e-06,0.0116485523,4.2277956,6.694072969999997e-05,2.53764875e-06,0.000273635229,0.24447819640000001,6.694072969999997e-05,2.53764875e-06,0.0115509278,1.98440024e-07,0.000133623473,0.0188023002,0.0542973723,-0.00968179965,-0.0108210885,-0.0109831486,2.08479075e-06,5.817446090000001e-05
113,1687925400,0.009032978349999998,0.0091658642,0.0034180188099999995,-1.5641795200000002,0.137066684,0.086658094,0.11681606640000002,0.11201591879999999,0.00021076247299999998,0.0041665413799999995,0.00013304685099999996,2.8536658409999998e-08,2.8735282180000003e-08,3.669943183e-08,6.071206659999999e-08,8.288152470000001e-08,9.680459055e-08,1.958126325e-07,0.00448981438,2.35502214e-05,2.42180405e-06,67.7246124,49.1610611,3.0903608999999997e-07,6.53914661,0.00152370226,0.096442688,6.788780549999999e-05,2.94721517e-06,0.00308899147,0.39241667700000005,6.788780549999999e-05,2.94721517e-06,0.01161521325,4.15905773,6.788780549999999e-05,2.94721517e-06,0.00026646913900000007,0.1831201797,6.788780549999999e-05,2.94721517e-06,0.0115296225,4.2884059799999997e-07,0.00013335282000000002,-0.07317501690000001,1.9144647883,-0.007733995150000001,-0.0107424061,-0.010937272999999999,2.68819864e-06,6.18397383e-05
113,1687926000,0.0106789343,0.010811979150000001,0.005328338326,-1.60343199,0.142466851,0.094736327,0.12637885899999998,0.1201536685,0.000310266296,0.00493712169,0.000133300701,1.700189685e-08,1.654126053e-08,2.41770417e-08,4.9568921500000005e-08,8.775583229999999e-08,8.331733110000001e-08,1.837770957e-07,0.00528042779,5.51777759e-05,3.1029005100000003e-06,70.2437128,49.8632978,3.6365970400000005e-07,6.48353544,0.0016706451699999999,0.11672168539999998,8.049541499999999e-05,4.89086502e-06,0.00335382543,0.46646756399999995,8.049541499999999e-05,4.89086502e-06,0.011603919299999998,4.128007429999999,8.049541499999999e-05,4.89086502e-06,0.000249330033,0.15400436489999997,8.049541499999999e-05,4.89086502e-06,0.0115338864,6.764782019999999e-07,0.000133707481,-0.6748318406000001,4.8128454201999995,-0.007860522669999998,-0.010581133500000001,-0.01083027085,4.828784899999999e-06,7.812501780000001e-05
113,1687926600,0.010278171709999999,0.01041071317,-0.01505617367,-1.5202606,0.14512943400000003,0.0915961666,0.1252913264,0.12004116449999999,0.0003231098169999999,0.00472220123,0.000132709134,2.847816465e-08,2.7976800969999998e-08,4.59119826e-08,7.177962949999999e-08,8.498514430000001e-08,9.88341279e-08,2.5424492150000004e-07,0.005076222650000001,5.9453012399999994e-05,2.61477142e-06,68.95868300000001,49.9373016,3.5024833299999994e-07,6.40490529,0.0016143718500000002,0.1133602121,6.97074128e-05,3.95288837e-06,0.0032712036700000002,0.44801527199999996,6.97074128e-05,3.95288837e-06,0.0116094883,4.169002679999999,6.97074128e-05,3.95288837e-06,0.00027289827,0.2137151095,6.97074128e-05,3.95288837e-06,0.01151743995,4.86721361e-07,0.00013313887,-0.3952290283,2.4977572573999995,-0.0083082467,-0.0105852931,-0.010815241599999999,3.87321987e-06,6.84716145e-05
113,1687927200,0.006201805140000001,0.006334534339999999,-0.01237830292,-1.56907814,0.1120909226,0.071258725,0.0934903551,0.0890277166,0.00015777026579999999,0.00287579603,0.000133184072,5.16537899e-08,6.418757224000001e-08,8.25914425e-08,9.10566847e-08,1.9805984329999999e-07,1.2772551140000002e-07,1.464008271e-07,0.0030807173100000002,1.6164509849999997e-05,2.79190918e-06,68.3234889,48.3802928,2.14891819e-07,6.7792445400000005,0.0012973620999999999,0.08135355650000001,8.7833212e-05,6.57886963e-06,0.0025420666200000005,0.27448756199999996,8.7833212e-05,6.57886963e-06,0.011593266299999998,4.13490673,8.7833212e-05,6.57886963e-06,0.00028244122,0.16835167499999998,8.7833212e-05,6.57886963e-06,0.0115233774,1.5504687339999999e-06,0.000134290177,-0.8008348278999999,11.6353872855,-0.00308554527,-0.0102270845,-0.010689537150000001,6.787758370000001e-06,8.7460525e-05
113,1687927800,0.005586865989999999,0.005720094310000001,-0.01302244418,-1.5312990000000002,0.106653256,0.06819074080000001,0.091127783,0.0860276266,0.000131556998,0.00255831459,0.000133297607,1.891061742e-08,2.126384417e-08,1.0559256889999999e-07,3.49355465e-08,4.53455997e-08,6.56490699e-08,1.2661545869999998e-07,0.00278194634,7.97356537e-06,2.9874959100000004e-06,68.39218439999999,48.07627090000001,1.9445847399999998e-07,6.682628490000001,0.00121481898,0.0649136541,6.26863389e-05,2.5432001900000005e-06,0.00244473822,0.246690672,6.26863389e-05,2.5432001900000005e-06,0.011592570700000002,4.070360699999999,6.26863389e-05,2.5432001900000005e-06,0.00020166651,0.0973401611,6.26863389e-05,2.5432001900000005e-06,0.011540762199999999,3.4798159200000003e-07,0.000133538406,-0.14596096870000003,0.7108343579999999,-0.00937573165,-0.010620425199999999,-0.01081177655,2.45991221e-06,6.098647699999999e-05
113,1687928400,0.0060416086200000005,0.00617435345,-0.018820774300000002,-1.5131745699999999,0.10871581700000002,0.07018437200000001,0.09454038579999999,0.089665237,0.00016133802949999998,0.00277400222,0.00013304908800000002,1.3594380450000002e-08,1.3617795300000001e-08,8.8842204e-08,2.8566713e-08,2.93614295e-08,4.270745319999999e-08,9.26290526e-08,0.0030119714999999997,5.52014952e-06,2.6639173599999995e-06,67.0382371,48.0366879,2.09695179e-07,6.340404950000001,0.0012530086099999998,0.0695925475,8.021836600000001e-05,5.2889722999999996e-06,0.0025281098999999996,0.267143664,8.021836600000001e-05,5.2889722999999996e-06,0.01158377605,4.08305438,8.021836600000001e-05,5.2889722999999996e-06,0.00024379768199999998,0.1005155114,8.021836600000001e-05,5.2889722999999996e-06,0.01152131965,8.39105358e-07,0.00013358078,-0.6688365611999999,5.1164703275,-0.00703672967,-0.010446760849999999,-0.01071678385,5.3744126500000005e-06,8.024706870000001e-05
113,1687929000,0.0112683665,0.01140147055,-0.0204334969,-1.46675442,0.15510473500000005,0.09530000059999999,0.136954183,0.13012897099999998,0.00022392114799999998,0.00502715098,0.00013315374100000002,1.3335756700000001e-08,1.2376424320000002e-08,9.245323900000001e-08,2.9928793800000007e-08,4.2284559700000005e-08,6.87966769e-08,1.5897639380000002e-07,0.00561916221,1.1216802899999999e-05,3.32617173e-06,66.75259940000001,49.09909939999999,3.8353372600000006e-07,6.32400837,0.00168092403,0.1225866887,6.56004141e-05,2.6388405300000003e-06,0.00345928895,0.492675917,6.56004141e-05,2.6388405300000003e-06,0.0116361943,4.17479005,6.56004141e-05,2.6388405300000003e-06,0.000293534715,0.2232923134,6.56004141e-05,2.6388405300000003e-06,0.01153411155,3.1310494899999997e-07,0.000133349839,-0.009348762699999997,-0.22116007740000004,-0.009318783399999999,-0.010622471099999998,-0.0108032544,2.3747463799999996e-06,5.92509155e-05
113,1687929600,0.00977650119,0.009909591249999999,-0.013568699870000001,-1.4801156400000002,0.139991775,0.08880800959999999,0.125703838,0.11962865140000001,0.00020961020899999994,0.004368639530000001,0.000133211305,3.9091965570000005e-08,2.941902277e-08,1.0275701515e-07,5.2783541850000005e-08,6.956588e-08,9.82199115e-08,1.9722228099999998e-07,0.004878774149999999,5.765578579999999e-06,2.9880853100000005e-06,65.1786503,48.8178813,3.33821515e-07,6.451786090000001,0.0015857315699999998,0.10915908699999999,7.09630412e-05,3.5336442000000006e-06,0.00323315294,0.43212329699999996,7.09630412e-05,3.5336442000000006e-06,0.011603591399999998,4.105930099999999,7.09630412e-05,3.5336442000000006e-06,0.00024747312300000006,0.13949356529999998,7.09630412e-05,3.5336442000000006e-06,0.011537797899999999,4.522452240000001e-07,0.00013357387699999997,-0.3241133917,2.303744741,-0.008497115900000001,-0.010581732799999998,-0.01078244905,3.41193713e-06,6.71647797e-05
113,1687930200,0.005302688900000001,0.0054357118099999996,-0.01173164413,-1.48212446,0.103990673,0.06552790919999998,0.08966523820000001,0.08460258109999999,0.00012211574400000001,0.00246920305,0.00013315523600000001,2.22749836e-08,2.759484506e-08,1.078681305e-07,4.2048016150000005e-08,7.13851538e-08,8.305407740000002e-08,1.510972617e-07,0.00264455649,3.2491068200000005e-06,2.88553824e-06,66.0057774,47.7182816,1.84980337e-07,6.793784769999999,0.00118903263,0.0636395441,6.72349269e-05,3.3109986e-06,0.0023727186599999998,0.23540389099999998,6.72349269e-05,3.3109986e-06,0.0115912991,4.07242872,6.72349269e-05,3.3109986e-06,0.00020391120700000002,0.09874397967,6.72349269e-05,3.3109986e-06,0.011539316550000001,4.56976527e-07,0.00013361591,-0.3503239377,1.70011595,-0.00902347138,-0.0105694747,-0.010765289950000001,3.17950021e-06,6.62465937e-05
113,1687930800,0.0123379258,0.0124707953,-0.0180206541,-1.4259300099999999,0.1655675555,0.0974910045,0.1433668775,0.1360166519,0.000325035257,0.005545359999999999,0.00013304487900000003,4.2899278600000005e-08,4.44995894e-08,1.35088535e-07,7.25084698e-08,9.900382710000001e-08,1.39311672e-07,2.6390421699999997e-07,0.0061551898,9.4217262e-06,3.34880171e-06,63.400511699999996,49.02136310000001,4.1902394499999997e-07,6.51246455,0.00173448244,0.1342417367,7.289023439999998e-05,4.0945287100000005e-06,0.0035574393699999997,0.5375451900000001,7.289023439999998e-05,4.0945287100000005e-06,0.011623344599999998,4.17555228,7.289023439999998e-05,4.0945287100000005e-06,0.000280018921,0.1965477144,7.289023439999998e-05,4.0945287100000005e-06,0.0115282698,5.46562102e-07,0.00013344809799999997,-0.404570425746,1.930701599,-0.008339990039999998,-0.010492595499999998,-0.0107162671,3.976751150000001e-06,6.992021829999999e-05
113,1687931400,0.0171126517,0.0172459782,-0.0210391325,-1.40929276,0.19406842499999996,0.1161943996,0.174192819,0.16579256200000003,0.00030707551699999996,0.0074902200000000006,0.000133380585,3.8849810850000004e-08,2.7949516850000004e-08,1.0028657950000001e-07,4.9844463100000007e-08,6.8995675e-08,1.0039236820000002e-07,2.11911671e-07,0.008519028779999998,3.08888896e-05,5.72535886e-06,68.09953879999999,49.6357957,5.780140169999999e-07,6.21591305,0.0020677375899999994,0.18602756499999998,6.819386350000001e-05,2.59862567e-06,0.00427432001,0.7536508900000001,6.819386350000001e-05,2.59862567e-06,0.01168704135,4.28126757,6.819386350000001e-05,2.59862567e-06,0.00036092031399999997,0.30846891000000004,6.819386350000001e-05,2.59862567e-06,0.01154785705,3.4726647099999997e-07,0.000133698757,0.25320586740000006,4.9611529688,-0.00803204903,-0.010604996349999998,-0.01079736015,2.16116578e-06,5.902774949999999e-05
113,1687932000,0.014519358060000001,0.01465186712,-0.0264399169,-1.40413629,0.18045550500000002,0.1064263003,0.1587798456,0.1503795905,0.000335949591,0.0064997165300000005,0.00013287927900000002,1.5002785325e-07,3.209530079e-08,1.279255848e-07,6.13535429e-08,8.3116763e-08,1.254033782e-07,3.1096434150000005e-07,0.00722951315,2.4381822549999998e-05,4.506755739999999e-06,68.1048754,49.44742749999999,4.914904400000001e-07,6.366192740000001,0.00189952919,0.15953753099999998,8.450574850000001e-05,4.96621137e-06,0.003912059630000001,0.6373800129999999,8.450574850000001e-05,4.96621137e-06,0.01163739075,4.23850837,8.450574850000001e-05,4.96621137e-06,0.000386614296,0.294407927,8.450574850000001e-05,4.96621137e-06,0.011513751749999999,1.25259353e-06,0.00013370890399999998,-0.48814819220000005,6.119532217600001,-0.005850581146,-0.0104119691,-0.0106675849,5.15726499e-06,8.00305321e-05
113,1687932600,0.00467828187,0.00481094697,-0.0439285479,-1.45727386,0.10234062399999999,0.0614482568,0.08280252860000001,0.0778148765,0.0001513333999,0.00225612262,0.000132781468,1.900480528e-08,2.8709912829999994e-08,1.099593401e-07,3.78784207e-08,1.2529250609999999e-07,5.2901569999999995e-08,1.200363373e-07,0.0023271972099999996,7.094620609999999e-06,4.230261889999999e-06,69.53800050000001,47.70288889999999,1.6418856300000002e-07,6.745834629999999,0.00115633659,0.0631531242,6.98941501e-05,3.6106330400000006e-06,0.00223475882,0.20756268099999997,6.98941501e-05,3.6106330400000006e-06,0.011553082800000001,4.024503099999999,6.98941501e-05,3.6106330400000006e-06,0.00017632556900000002,0.0612432984,6.98941501e-05,3.6106330400000006e-06,0.011520888150000002,7.21511114e-07,0.000133449333,-0.39329128319999995,3.619003077,-0.0074658354400000005,-0.0104672051,-0.01071100465,3.7782185300000006e-06,6.91847013e-05
113,1687933200,0.0073223260100000005,0.007454685409999999,-0.0255017917,-1.46648748,0.12825391400000002,0.076446775,0.1063907466,0.10046556749999999,0.000223090848,0.0034402431000000004,0.00013241380700000004,2.9741517399999994e-08,2.427497089e-08,9.826318150000001e-08,4.18309599e-08,6.391526049999999e-08,8.809715270000001e-08,2.1449773719999998e-07,0.00364360092,1.334201375e-05,3.5891978799999994e-06,68.801179,48.613792000000004,2.52085653e-07,6.632854830000001,0.00136264098,0.0832491511,6.033127709999999e-05,2.27333387e-06,0.0027668908299999994,0.320625514,6.033127709999999e-05,2.27333387e-06,0.0115722383,4.07538154,6.033127709999999e-05,2.27333387e-06,0.00022293547800000002,0.1232803817,6.033127709999999e-05,2.27333387e-06,0.0115036271,3.12159463e-07,0.00013264616,0.0011071105260000013,-0.209718209,-0.00925901311,-0.010596505400000001,-0.010780623449999999,2.1789263999999996e-06,5.83807488e-05
113,1687933800,0.004213936999999999,0.00434657368,-0.024399512700000004,-1.49258919,0.0945028866,0.0587703094,0.0774398627,0.0723022081,0.00018910948999999996,0.00208093758,0.000132698602,1.753697913e-08,1.703154288e-08,1.078922516e-07,3.01713314e-08,4.86385561e-08,6.40000077e-08,1.6182886599999998e-07,0.0020815140099999995,2.16671634e-05,3.26975512e-06,71.77613600000001,48.05516179999999,1.48707791e-07,6.75120333,0.001063217346,0.05203558899999999,6.121213260000001e-05,2.4695949400000003e-06,0.0020927770700000002,0.1835396986,6.121213260000001e-05,2.4695949400000003e-06,0.0115464442,4.01028256,6.121213260000001e-05,2.4695949400000003e-06,0.000179265147,0.05871632,6.121213260000001e-05,2.4695949400000003e-06,0.011512628050000001,3.47860409e-07,0.000132890777,0.030834348649999992,0.062093884999999974,-0.00839282736,-0.010563502800000003,-0.01075876075,2.2673172399999997e-06,5.81883709e-05
113,1687934400,0.006179167719999999,0.00631153339,-0.0248186296,-1.3963777700000002,0.1205661796,0.0697278595,0.09975304700000001,0.0943528814,0.000148935707,0.0028827013,0.00013243410399999998,1.7899994219999996e-08,1.9646071099999997e-08,1.0828446800000001e-07,3.33626706e-08,5.07984981e-08,8.24252937e-08,1.316252726e-07,0.0030668286899999996,1.91939834e-05,3.0440902999999998e-06,69.35498820000001,48.6347631,2.14085391e-07,6.683686109999999,0.0012625821,0.0713633733,6.397420259999999e-05,2.80754029e-06,0.0025507856799999997,0.26912784399999995,6.397420259999999e-05,2.80754029e-06,0.011577671749999999,4.085438860000001,6.397420259999999e-05,2.80754029e-06,0.00023143128500000004,0.138616354,6.397420259999999e-05,2.80754029e-06,0.01150505185,3.8304004600000003e-07,0.000132746709,0.17863779045000003,7.3929342784999985,-0.00739197164,-0.01054031595,-0.010737290350000001,2.70763769e-06,6.12844081e-05
113,1687935000,0.00225523226,0.0023877666,-0.0336683037,-1.47341937,0.0690396085,0.0428776021,0.0538516441,0.0493890077,0.00010759862670000001,0.001162799482,0.000132669746,1.4084300719999997e-08,1.05448508e-08,7.71683736e-08,2.1188183750000002e-08,3.09333049e-08,4.2132138e-08,6.91372457e-08,0.0011029123170000002,2.11948705e-05,3.0793539e-06,75.72149299999998,46.3820844,8.35853967e-08,7.03232979,0.0008007294720000001,0.0301614827,6.22338703e-05,2.51755019e-06,0.0015219171300000001,0.0982896616,6.22338703e-05,2.51755019e-06,0.0115273474,3.9859540599999996,6.22338703e-05,2.51755019e-06,0.0001682057614,0.033835476999999996,6.22338703e-05,2.51755019e-06,0.0115124788,5.02626608e-07,0.00013304022899999997,-0.17817679930000002,2.667012084,-0.008078319737,-0.010573614649999999,-0.01078051825,2.6894577199999998e-06,6.36592632e-05
113,1687935600,0.00413463189,0.00426782323,-0.0351599769,-1.52981131,0.08902771700000002,0.0578135409,0.074027261,0.069939636,0.00012770390689999998,0.00197913308,0.000133233351,8.91886816e-09,9.966777000000001e-09,9.735968660000002e-08,2.15717037e-08,3.4559221400000006e-08,4.4520932000000004e-08,8.43425609e-08,0.0020463589499999995,1.723350105e-05,3.37272085e-06,72.6775623,47.5647309,1.46217532e-07,6.80773849,0.0010440823930000002,0.050363276400000004,5.9975882599999997e-05,2.2427761300000004e-06,0.0020629768,0.181252088,5.9975882599999997e-05,2.2427761300000004e-06,0.011574114199999999,4.03634726,5.9975882599999997e-05,2.2427761300000004e-06,0.000161254374,0.05598272036,5.9975882599999997e-05,2.2427761300000004e-06,0.01154084875,3.31790622e-07,0.000133523385,0.009942166799999999,-0.17550303550000002,-0.00890501324,-0.01061094805,-0.01079536975,2.19814986e-06,5.9409356999999996e-05
113,1687936200,0.00597322887,0.00610612414,-0.0234075195,-1.54352344,0.11220342749999998,0.069993432,0.092590329,0.0870401573,0.00022382687200000003,0.00288762309,0.000132950099,1.2310510389999998e-08,1.264002403e-08,1.04328529e-07,2.9611155300000004e-08,4.24296392e-08,5.59230119e-08,1.091055278e-07,0.00295677327,2.5900231499999996e-05,3.4908187400000003e-06,71.469502,48.7060379,2.0725200999999997e-07,6.628241640000001,0.00124568334,0.0698342995,6.33615791e-05,2.54079505e-06,0.0024908184499999996,0.260562191,6.33615791e-05,2.54079505e-06,0.01159031005,4.09460944,6.33615791e-05,2.54079505e-06,0.000214536636,0.13459578570000003,6.33615791e-05,2.54079505e-06,0.01152891325,3.63236299e-07,0.00013327973100000004,-0.07286001378000001,0.13973141900000002,-0.008805412350000002,-0.0105721043,-0.01076243855,2.40904553e-06,6.01895503e-05
113,1687936800,0.007407068859999999,0.0075403667199999995,-0.0201920987,-1.57079414,0.11501601250000001,0.076939464,0.101103086,0.0963029399,0.00023433753160000004,0.003447594209999999,0.00013335726799999998,1.3964936769999998e-08,8.26748292e-09,7.869791644999999e-08,2.10556905e-08,2.97678572e-08,3.8378508400000005e-08,7.98857623e-08,0.0036752821899999994,2.45676271e-05,3.3195818e-06,71.8209524,48.738409000000004,2.55243401e-07,6.438689739999999,0.0013573983939999998,0.08387028240000001,6.25990075e-05,2.7477573799999993e-06,0.0027336433299999996,0.323694397,6.25990075e-05,2.7477573799999993e-06,0.011619616,4.122296919999999,6.25990075e-05,2.7477573799999993e-06,0.000230072255,0.13287207139999999,6.25990075e-05,2.7477573799999993e-06,0.0115478395,3.51181763e-07,0.00013370418599999997,-0.05596383130000002,1.2030672108,-0.00844525334,-0.01061398,-0.0108050718,2.661961e-06,6.066691019999999e-05
113,1687937400,0.00342232383,0.00355558006,-0.0204723771,-1.6125586699999999,0.0808524691,0.052701603900000005,0.0637144449,0.05970182279999999,0.0001417138126,0.00172034937,0.000133299648,8.96233651e-09,1.017851944e-08,8.87163766e-08,2.14049345e-08,3.21733812e-08,3.97681173e-08,6.95495271e-08,0.001682608285,2.50968977e-05,3.13349774e-06,75.03161309999999,47.53300220000001,1.22578598e-07,6.85781645,0.0009494856270000001,0.042483343699999995,5.98725004e-05,2.2766026399999998e-06,0.0018316473300000005,0.14753179649999998,5.98725004e-05,2.2766026399999998e-06,0.0115778528,4.04370283,5.98725004e-05,2.2766026399999998e-06,0.00016723057100000003,0.0647077684,5.98725004e-05,2.2766026399999998e-06,0.01154003465,3.13945659e-07,0.000133486525,-0.01783139425,-0.023197981000000024,-0.008973169049999999,-0.0106302212,-0.010815190200000002,2.21835877e-06,5.8978898100000005e-05
113,1687938000,0.00338433833,0.00351728392,0.00968506107,-1.61925235,0.0824275145,0.0538462561,0.06573950640000001,0.06221439719999999,0.00017397751099999998,0.0017264272699999996,0.00013300310999999997,6.55162395e-09,7.73209567e-09,8.653028139999999e-08,1.9380436049999996e-08,3.14103608e-08,3.7651705700000006e-08,6.65197137e-08,0.0016657900199999998,2.2690099700000003e-05,3.35887635e-06,75.8049209,47.662292,1.212759874e-07,6.85190444,0.0009700073970000001,0.0425278536,6.204479079999998e-05,2.5902534800000002e-06,0.00187514347,0.1472747304,6.204479079999998e-05,2.5902534800000002e-06,0.011577905099999999,4.04697488,6.204479079999998e-05,2.5902534800000002e-06,0.00017572195800000001,0.07916631852,6.204479079999998e-05,2.5902534800000002e-06,0.0115299576,3.5584847700000003e-07,0.00013329650000000001,-0.12061483253000001,0.5065877833,-0.008750108429999999,-0.010597566400000001,-0.010791784,2.5616089e-06,6.14561739e-05
113,1687938600,0.0017026482999999999,0.0018355794499999999,0.0421557238,-1.58612094,0.06172688430000001,0.038380585999999994,0.04428885180000001,0.0402762294,8.709438530000001e-05,0.0009226633540000001,0.000132970814,8.00096764e-09,8.12461951e-09,9.240044600000001e-08,1.99438121e-08,3.46827305e-08,4.270228559999999e-08,7.632496e-08,0.0008142939090000001,3.295446420000001e-05,3.71868462e-06,78.5134711,46.843512499999996,6.52849381e-08,7.16830509,0.0007431530359999999,0.0262669783,5.8433557099999996e-05,2.1671815e-06,0.00131885226,0.07410619539999999,5.8433557099999996e-05,2.1671815e-06,0.0115460639,3.9968882999999997,5.8433557099999996e-05,2.1671815e-06,0.00012680139259999996,0.033362656739999996,5.8433557099999996e-05,2.1671815e-06,0.0115305296,3.40107288e-07,0.000133294025,-0.008408124999999999,-0.22253554539999998,-0.009039563850000001,-0.010583831450000001,-0.0107730107,2.1392811699999997e-06,5.84803368e-05
113,1687939200,0.001585294605,0.00171812106,0.0333552401,-1.46981637,0.0627019144,0.0360545729,0.0449263708,0.0399762202,7.659545560000001e-05,0.000869912667,0.00013287893599999998,1.1169908640000002e-08,7.926322460000002e-09,9.14765397e-08,1.87409355e-08,2.81195312e-08,2.7382109300000003e-08,5.5649302099999996e-08,0.0007519192619999999,3.76046322e-05,2.7888330900000003e-06,81.3396615,46.813919399999996,6.13786549e-08,7.11157375,0.0007020917979999999,0.023716065700000004,6.0808814599999994e-05,2.3927111100000007e-06,0.001238090858,0.06711533160000001,6.0808814599999994e-05,2.3927111100000007e-06,0.01154266715,3.99836984,6.0808814599999994e-05,2.3927111100000007e-06,0.0001387698898,0.036253861014,6.0808814599999994e-05,2.3927111100000007e-06,0.0115237864,3.6140405600000004e-07,0.000133159397,-0.06801487655499998,0.7859718764999999,-0.00868101955,-0.0105781512,-0.010773089849999999,2.38459671e-06,5.96551102e-05
113,1687939800,0.005950234569999999,0.00608296718,-0.0019017201700000006,-1.53816659,0.1139659766,0.06841882499999999,0.09210281249999999,0.08614013000000001,0.000207220058,0.0028862109600000002,0.000132776322,1.351240317e-08,1.5321636020000003e-08,1.1433969209999999e-07,2.8765171799999998e-08,4.2115427000000004e-08,5.2799127999999996e-08,9.943591799999998e-08,0.0029393071899999996,3.270596110000001e-05,2.6839012e-06,73.1387545,48.8111357,2.0658517299999996e-07,6.5949863,0.001223921479,0.0700105577,6.260757779999999e-05,2.29311344e-06,0.0024370220799999997,0.26033227899999994,6.260757779999999e-05,2.29311344e-06,0.01159318635,4.10393006,6.260757779999999e-05,2.29311344e-06,0.00021522402150000002,0.138229343,6.260757779999999e-05,2.29311344e-06,0.011518505699999999,3.55988237e-07,0.00013303260600000001,-0.03341703996,-0.07963815100000002,-0.008788651929999999,-0.010553084200000002,-0.010744933500000001,2.0816220099999997e-06,5.81355727e-05
113,1687940400,0.007239341890000001,0.0073722436899999995,-0.025020874699999994,-1.4304036900000001,0.1244662965,0.0762821665,0.108528315,0.10207811299999998,0.00016690799299999998,0.00327695357,0.000132976107,1.8694212530000003e-08,1.5184916189999998e-08,1.1678366659999999e-07,3.08362185e-08,4.8237950699999994e-08,6.28133364e-08,1.4259458199999998e-07,0.0035536840200000004,6.247056899999999e-05,2.9676244600000004e-06,71.949612,50.1954132,2.4932516499999995e-07,6.65451707,0.00136636833,0.08450086,6.363428700000001e-05,2.5321050399999995e-06,0.00275257608,0.31582895899999996,6.363428700000001e-05,2.5321050399999995e-06,0.0115899271,4.08455465,6.363428700000001e-05,2.5321050399999995e-06,0.00023563537,0.1255202456,6.363428700000001e-05,2.5321050399999995e-06,0.011528279700000001,4.28845067e-07,0.000133330848,-0.08280537705,1.4618114509999998,-0.008528956360000001,-0.0105418479,-0.01074842015,2.46271894e-06,6.0951268900000004e-05
113,1687941000,0.00186966657,0.00200228094,-0.055807934000000003,-0.8779196459999999,0.07560230659999999,0.0367654289,0.0565517273,0.04822647249999999,0.0001049123633,0.001003740133,0.00013265273199999998,1.250712054e-08,8.27740277e-09,8.94403149e-08,1.52521782e-08,2.63840524e-08,2.8967926900000003e-08,6.6396408e-08,0.0007730193409999999,0.000158634169,2.8733586e-06,89.2604029,59.927907100000006,7.076250990000001e-08,7.113153420000001,0.00072739873,0.0267511608,5.9539978399999995e-05,2.17556258e-06,0.00125132042,0.07010064129999999,5.9539978399999995e-05,2.17556258e-06,0.011548051049999999,4.015634110000001,5.9539978399999995e-05,2.17556258e-06,0.0001494147055,0.0558641126,5.9539978399999995e-05,2.17556258e-06,0.0115113999,3.2581023e-07,0.000132839907,-0.0246837668,-0.022512136799999992,-0.0089846252,-0.010588782000000001,-0.0107726103,2.1038240199999995e-06,5.8163439800000006e-05
113,1687941600,0.0037258805400000004,0.0038590158299999996,-0.033308995699999996,-1.44966733,0.08989024420000001,0.054783969700000004,0.07151468579999999,0.0660395164,0.0001494050305,0.0018507201739999999,0.000133181481,1.214433919e-08,1.4201147659999999e-08,1.1201302589999998e-07,2.4146730499999996e-08,4.10369535e-08,5.170659249999999e-08,1.396065901e-07,0.0017864937060000003,7.287460160000001e-05,3.12298871e-06,77.6443244,51.52585799999999,1.3252073440000002e-07,6.89992905,0.001009915589,0.0480388917,6.0138008699999996e-05,2.30360242e-06,0.0019272873199999998,0.1612915855,6.0138008699999996e-05,2.30360242e-06,0.011583774450000002,4.051949120000001,6.0138008699999996e-05,2.30360242e-06,0.0001806086214,0.07727166590000001,6.0138008699999996e-05,2.30360242e-06,0.011534867700000001,3.51557433e-07,0.000133405375,-0.0072683068400000005,-0.1454372491,-0.00886380485,-0.0105718076,-0.010769042500000001,2.2475389000000006e-06,5.8605757700000004e-05
113,1687942200,0.0037165747300000004,0.0038501468999999995,-0.03792694049999999,-1.56310229,0.0892527245,0.05606309859999999,0.0702396444,0.0659270129,0.00013066108199999999,0.0018202283099999998,0.00013362250600000003,6.4196072900000005e-09,7.85497973e-09,9.73901144e-08,1.65167474e-08,2.84762375e-08,3.2046666200000005e-08,6.980822430000002e-08,0.0018275964000000003,2.75838498e-05,2.77455347e-06,75.6958355,48.1283822,1.3238235550000002e-07,6.68874656,0.0010097422,0.0464735846,6.043517179999999e-05,2.3696504200000005e-06,0.00197526221,0.1615543146,6.043517179999999e-05,2.3696504200000005e-06,0.011591836599999999,4.048008680000001,6.043517179999999e-05,2.3696504200000005e-06,0.00016028189339999997,0.0542509327,6.043517179999999e-05,2.3696504200000005e-06,0.011559499299999998,3.5871299e-07,0.00013398123700000003,-0.08390651564999999,0.5373055655,-0.008585268299999999,-0.010613113749999998,-0.010804159,2.3471606099999998e-06,6.04576516e-05
113,1687942800,0.00446627142,0.004599260150000001,-0.0236647188,-1.61356903,0.0934903534,0.0611772152,0.0754898035,0.0701271403,0.00015952710199999996,0.0021963152499999998,0.00013308376199999998,2.0781274230000002e-08,1.5947889580000003e-08,9.037525430000001e-08,3.39150437e-08,5.486640439999999e-08,5.1391566100000004e-08,9.61634968e-08,0.00218049556,4.92749485e-05,2.89020936e-06,73.9569966,49.4194063,1.571419875e-07,6.68887912,0.001090669046,0.054287538700000006,6.30122999e-05,2.64323228e-06,0.0021338574400000003,0.19393613699999998,6.30122999e-05,2.64323228e-06,0.011576664700000001,4.050119529999999,6.30122999e-05,2.64323228e-06,0.00019438573299999996,0.07860491787,6.30122999e-05,2.64323228e-06,0.01152752765,4.5116335899999993e-07,0.000133335448,-0.25802031480000004,2.269029436,-0.008486660660000001,-0.010552199250000002,-0.0107569235,2.67289406e-06,6.23712192e-05
113,1687943400,0.0028693169999999997,0.0030025161099999998,-0.01604718196,-1.6202733200000001,0.07905241500000001,0.0499504132,0.059439313800000004,0.053664138699999996,0.0001547037294,0.00156026678,0.00013324615200000002,1.1695396319999998e-08,1.291809967e-08,1.018805541e-07,2.2936583400000002e-08,3.74879994e-08,4.4948765699999994e-08,7.99462645e-08,0.00134247524,8.92006246e-05,2.61464448e-06,79.6383881,52.0531778,1.0405102e-07,6.9765513200000004,0.0008975528989999999,0.0373958862,6.08330472e-05,2.37445845e-06,0.0016800702000000002,0.11917000849999997,6.08330472e-05,2.37445845e-06,0.011582762900000002,4.052482299999999,6.08330472e-05,2.37445845e-06,0.00016724564299999998,0.08085396974,6.08330472e-05,2.37445845e-06,0.0115410019,3.3705417e-07,0.000133531959,-0.0027425846000000012,-0.2967412521,-0.009256627700000002,-0.01059950575,-0.010786315950000002,2.2937871800000005e-06,5.92082507e-05
113,1687944000,0.0027765150299999997,0.00290930255,-0.0284410043,-1.6474662500000001,0.06870209699999999,0.0476051591,0.0541891538,0.0503640367,0.0001249611726,0.0014533509360000001,0.00013285197,1.329460962e-08,1.257211321e-08,1.0090181880000001e-07,2.7085583000000005e-08,5.41899361e-08,4.26034609e-08,1.26801151e-07,0.0013517741639999998,3.2808618100000004e-05,3.2257657900000003e-06,74.7814811,47.311510399999996,1.009730185e-07,6.965629440000001,0.000888849582,0.0378159614,6.27012101e-05,2.53000339e-06,0.00163522192,0.1191426641,6.27012101e-05,2.53000339e-06,0.011555267900000001,4.0262381099999995,6.27012101e-05,2.53000339e-06,0.00015920484900000003,0.06633891160999998,6.27012101e-05,2.53000339e-06,0.011524498199999999,4.05741041e-07,0.000133220457,-0.13847692069999998,0.8916157564999999,-0.00858880705,-0.01053749315,-0.0107396029,2.48914399e-06,6.14193896e-05
113,1687944600,0.00135656114,0.00148920175,-0.035495383,-1.2658438640000003,0.06086435779999999,0.0331830067,0.0419637808,0.036263606299999994,0.0001347846771,0.0009099934509999999,0.000132824327,1.2807362159999999e-08,8.2407134e-09,7.56349566e-08,1.9602468e-08,4.7585249e-08,6.575249110000001e-08,1.158480744e-07,0.000643137288,3.199807790000001e-05,2.61315818e-06,79.0001169,45.914151399999994,5.37739267e-08,7.256193829999999,0.000683511752,0.0235760476,7.106474e-05,3.77577985e-06,0.00115291629,0.05750244410000001,7.106474e-05,3.77577985e-06,0.011537385649999999,3.9996324900000007,7.106474e-05,3.77577985e-06,0.00015259368700000001,0.029930420269999997,7.106474e-05,3.77577985e-06,0.0115222133,6.55186262e-07,0.000133417466,-0.34055770450000006,2.855978063,-0.007779601850000001,-0.0104614827,-0.0107005937,3.79382693e-06,7.113241359999999e-05
113,1687945200,0.00053066017,0.00066189397,0.006572116695399997,-0.260814174,0.057376751799999993,0.02031255765,0.025500778800000002,0.0178505448,0.00010204034260000001,0.000537664414,0.00013139588400000002,8.016338374999999e-08,1.4963627288999998e-07,1.67871991e-07,4.183043409999999e-08,4.45573934e-08,3.3698450999999997e-08,5.83699063e-08,0.00022693257850000002,3.4538889100000004e-05,3.0935383400000003e-06,80.8452905,41.040677,2.6174867800000005e-08,7.5814197199999995,0.0005415072990000001,0.0220611691,6.98493768e-05,3.40579567e-06,0.000654023432,0.03131968965,6.98493768e-05,3.40579567e-06,0.011459591199999999,3.93144188,6.98493768e-05,3.40579567e-06,0.0001181009845,0.012721223493,6.98493768e-05,3.40579567e-06,0.011469409199999999,1.28277152e-06,0.000132623124,-0.4456608979,30.996834440999997,-0.0007331077999999991,-0.01042534755,-0.01065103055,5.07174997e-06,8.737615569999998e-05
113,1687945800,0.000930779412,0.001063320498,0.008820435899999998,-0.8220181329999999,0.059176806000000005,0.026674083199999997,0.0373136387,0.029363396000000003,0.00011702205150000002,0.000726571872,0.000132676526,2.578138579e-08,2.9673058709999996e-08,9.537338039999999e-08,2.909483265e-08,2.022346191e-07,3.3902911299999996e-08,5.4803153000000004e-08,0.000413983079,4.73973899e-05,3.38562461e-06,80.77160540000001,47.1485196,3.955978570000001e-08,7.343855060000001,0.000658610275,0.025851835700000002,6.72381996e-05,3.2627078999999996e-06,0.0009135546849999999,0.0389743881,6.72381996e-05,3.2627078999999996e-06,0.011528079850000001,3.9845595700000005,6.72381996e-05,3.2627078999999996e-06,0.000161968038,0.026265832590000003,6.72381996e-05,3.2627078999999996e-06,0.01151218245,9.158777130000001e-07,0.000133445828,-0.5414292257,5.645010461899999,-0.00541583765,-0.01027292355,-0.010639163,3.59594305e-06,6.914459809999999e-05
113,1687946400,0.000527417952,0.000659212053,-0.01865703155,-0.612508436,0.0490889989,0.020193447700000002,0.02426324,0.0179630484,9.52367539e-05,0.0006654822399999999,0.000131868756,1.1215261999999999e-08,7.969335790000001e-09,7.305448954e-08,1.471846055e-08,4.06721695e-08,4.89730931e-08,4.4709267600000006e-08,0.00022023286880000002,4.04930575e-05,2.6660516500000003e-06,83.8370181,42.86176760000001,2.6155853e-08,7.585493050000001,0.0005068552759999999,0.014293634000000003,6.09313335e-05,2.66795453e-06,0.000627576516,0.02052960422,6.09313335e-05,2.66795453e-06,0.01149243325,3.95455786,6.09313335e-05,2.66795453e-06,0.0001218529699,0.018509090730000004,6.09313335e-05,2.66795453e-06,0.011478445850000001,4.2122916300000005e-07,0.00013217686499999998,-0.13447849077000001,5.311013191400001,-0.007077601435600001,-0.010510662399999999,-0.0107149866,2.7277821299999997e-06,6.25296776e-05
113,1687947000,0.000712446249,0.0008447427150000001,0.037532629,-0.9481480369999999,0.0504765412,0.024068752199999998,0.031050947299999992,0.0252757715,7.915828440000001e-05,0.000535500264,0.000132353931,6.2730153200000006e-09,7.14627359e-09,8.873160850000001e-08,2.147815625e-08,3.06109042e-08,2.3915331000000002e-08,3.5070310699999994e-08,0.00031042628,4.2810203900000005e-05,2.70496675e-06,85.4328105,45.3606542,3.2352190499999994e-08,7.46446735,0.000550343668,0.0152357767,6.0493615500000005e-05,2.48301705e-06,0.0007968079639999999,0.028482495500000003,6.0493615500000005e-05,2.48301705e-06,0.01150553975,3.95929878,6.0493615500000005e-05,2.48301705e-06,0.00010634071,0.01197911267,6.0493615500000005e-05,2.48301705e-06,0.011500968499999998,3.89112961e-07,0.00013266147200000002,0.14919826470000003,4.7637594305,-0.007078952029999999,-0.0105295067,-0.0107327477,2.4606942900000003e-06,6.04526724e-05
113,1687947600,0.0013094301,0.0014433916000000002,0.0652412731,-1.29340446,0.06588951140000002,0.0329787701,0.043651332800000005,0.037538645800000006,9.05325778e-05,0.0008205312830000001,0.000134239873,6.64150472e-08,5.5838879180000006e-08,1.194033436e-07,5.88079915e-08,7.95263331e-08,5.843005299999999e-08,8.101598129999998e-08,0.0005915285089999999,5.89989065e-05,3.36164741e-06,81.28264289999998,49.30805490000001,5.221300090000001e-08,7.32120458,0.000710937875,0.0279959927,7.76965506e-05,4.809377090000001e-06,0.0011370040499999999,0.057309411,7.76965506e-05,4.809377090000001e-06,0.01159492695,4.04880943,7.76965506e-05,4.809377090000001e-06,0.00018719527400000002,0.0445580347,7.76965506e-05,4.809377090000001e-06,0.011577794499999999,1.207946347e-06,0.00013515552,-0.49384338739999983,8.554118633,-0.004019708580000001,-0.01039435545,-0.010684321350000001,5.138491060000001e-06,8.49677189e-05
113,1687948200,0.00206184352,0.0021958937900000003,0.029626798250000003,-1.47895763,0.0751147938,0.0419646419,0.05493917730000001,0.047626453900000004,9.737513150000001e-05,0.001085984996,0.00013414631,9.583805160000001e-09,8.4467991e-09,8.32363391e-08,2.14870811e-08,5.2552505e-08,3.59799367e-08,6.15873049e-08,0.0009307557160000001,9.700366780000001e-05,2.77161961e-06,84.2385129,53.0043003,7.7242712e-08,7.06070976,0.000786669337,0.0292644517,6.55288622e-05,3.26874352e-06,0.00141122909,0.08362898910000001,6.55288622e-05,3.26874352e-06,0.01161548245,4.06605385,6.55288622e-05,3.26874352e-06,0.00015814426460000001,0.05604394565,6.55288622e-05,3.26874352e-06,0.01158437495,4.73728123e-07,0.00013467226400000004,-0.26113268012,0.9523162230000001,-0.00872607893,-0.0105397168,-0.010769171800000001,3.2718536699999994e-06,6.526288049999999e-05
113,1687948800,0.0028004176800000002,0.0029336803299999997,0.01775632064,-1.58874875,0.079352422,0.0487641187,0.061239369,0.05561419869999999,0.0001560378554,0.00148940269,0.00013352488999999999,1.7211583920000003e-08,1.779511715e-08,8.38055043e-08,2.17697696e-08,3.60992662e-08,3.81986117e-08,6.93130566e-08,0.0013230459800000001,7.36064347e-05,2.99020104e-06,79.75048260000001,50.631073900000004,1.017455687e-07,6.952658659999999,0.0008758667329999999,0.03594716500000001,8.69813806e-05,5.63703284e-06,0.00166098213,0.11732605659999999,8.69813806e-05,5.63703284e-06,0.0115753756,4.04721253,8.69813806e-05,5.63703284e-06,0.0001917531475,0.0656825809,8.69813806e-05,5.63703284e-06,0.011549071499999999,7.982622770000001e-07,0.00013418037899999997,-1.0853494866000002,8.677793713,-0.007080924380000001,-0.010494915300000001,-0.010734777,5.76701779e-06,8.663897049999999e-05
113,1687949400,0.001402969265,0.00153563002,0.0678011855,-0.9762461659999999,0.0661895201,0.032344880300000003,0.0490514966,0.0409512502,9.25666083e-05,0.000812285519,0.00013276152600000002,2.814761493e-08,9.40181587e-09,8.8704403e-08,2.01464907e-08,4.14461071e-08,3.66067259e-08,5.999128230000001e-08,0.0006070110590000001,9.067990059999999e-05,3.4069482299999993e-06,85.1973095,53.7211811,5.52455547e-08,7.3142217899999995,0.000673721571,0.022591156699999997,6.75781302e-05,3.2915588300000003e-06,0.001104830206,0.054579241,6.75781302e-05,3.2915588300000003e-06,0.01152348835,3.97722428,6.75781302e-05,3.2915588300000003e-06,0.00012920232059999997,0.01882247729,6.75781302e-05,3.2915588300000003e-06,0.011508162800000003,4.4013464699999993e-07,0.00013287872799999998,-0.29764930121,2.4946615104000007,-0.008326037849999999,-0.010520551749999999,-0.01072932085,2.8679527799999997e-06,6.479295050000001e-05
113,1687950000,0.0020266949800000003,0.0021587938499999996,0.0655823438,-0.791453956,0.08302753289999999,0.037844233500000005,0.06438946549999999,0.0564392234,9.18573032e-05,0.001067066864,0.000132433917,1.729457817e-08,1.616954108e-08,8.97283614e-08,3.48938268e-08,1.1074937879999999e-07,1.1894327010000002e-07,8.829940849999999e-08,0.000914310993,9.5208033e-05,3.00495669e-06,82.247295,52.833309500000006,7.58971115e-08,7.31501915,0.000820708272,0.0359835984,7.96718481e-05,5.552660129999999e-06,0.00140726148,0.0835995539,7.96718481e-05,5.552660129999999e-06,0.011531243850000001,4.023560509999999,7.96718481e-05,5.552660129999999e-06,0.00021072545799999997,0.067257772,7.96718481e-05,5.552660129999999e-06,0.011486701700000001,1.100352806e-06,0.000133039432,-0.9854143968000001,8.508877403000001,-0.005236475160000001,-0.010245777450000002,-0.0105767109,5.7045656e-06,8.064234340000001e-05
113,1687950600,0.0018464238799999998,0.0019778563999999998,0.10048778399999998,-0.513981033,0.0829150303,0.0354213683,0.06438946440000001,0.0553141886,7.719786539999999e-05,0.000933433417,0.00013160619799999998,1.767392496e-08,1.2456915620000001e-08,7.52449374e-08,2.6402175700000002e-08,4.7236632599999993e-08,6.3430493e-08,1.274487986e-07,0.000764613344,0.00015250823399999997,5.49476535e-06,88.02435109999999,58.691694999999996,6.97826505e-08,7.48181376,0.000768672014,0.029481239000000003,7.313456330000001e-05,4.284158189999999e-06,0.00128129403,0.06958623109999999,7.313456330000001e-05,4.284158189999999e-06,0.0114968399,3.98442984,7.313456330000001e-05,4.284158189999999e-06,0.00019258742100000003,0.05562519047000001,7.313456330000001e-05,4.284158189999999e-06,0.011464900649999998,6.615186380000001e-07,0.000132107864,-0.8188345948,8.7166045403,-0.007078336092999999,-0.0103812792,-0.010626251,4.29480753e-06,7.32676657e-05
113,1687951200,0.00217992941,0.00231159491,0.08210207080000001,-0.627716211,0.090415261,0.0384910661,0.070352148,0.06052684740000001,9.02373466e-05,0.001127219903,0.00013198131199999998,2.4756865329999998e-08,3.758971775e-08,1.0919813720000001e-07,6.64969796e-08,6.12691557e-08,9.503599880000001e-08,1.467737974e-07,0.0009404574190000001,0.000144454237,4.17115517e-06,85.13469460000002,56.863205900000004,8.08546435e-08,7.30063854,0.0008422515200000001,0.0377687192,7.179936129999999e-05,3.9270135e-06,0.00143054108,0.0867118664,7.179936129999999e-05,3.9270135e-06,0.0115033909,3.9889893900000004,7.179936129999999e-05,3.9270135e-06,0.0001719800546,0.04657575957,7.179936129999999e-05,3.9270135e-06,0.0114802389,1.161109362e-06,0.00013289916700000003,-0.25940659168,5.0762243,-0.005572719350000001,-0.0104097812,-0.01069390335,3.94919594e-06,7.20197004e-05
113,1687951800,0.00305191717,0.0031837850199999997,0.03335387856,-0.694270103,0.103990675,0.0449478477,0.0823150128,0.0726772174,0.0001149077772,0.0015527365800000002,0.00013283456300000002,5.791556594e-08,5.194753528e-08,1.1483666649999999e-07,6.235790799999999e-08,5.359156229999999e-08,7.342484389999999e-08,1.505952944e-07,0.0013784142100000001,0.000142513401,3.4200624100000003e-06,83.91724350000001,54.90721500000001,1.0985084359999998e-07,7.1890249299999995,0.0009498977629999999,0.0465415849,7.68260764e-05,4.8372105499999996e-06,0.00173149088,0.127154418,7.68260764e-05,4.8372105499999996e-06,0.01154505485,4.0630637,7.68260764e-05,4.8372105499999996e-06,0.000249760344,0.0955674767,7.68260764e-05,4.8372105499999996e-06,0.0115056163,2.6025262290000002e-06,0.000134493916,-0.16583779522,3.4364229040000005,-0.005152708200000001,-0.0101516674,-0.0106230392,5.908940030000001e-06,7.967038139999999e-05
113,1687952400,0.00226075013,0.0023933231600000004,-0.0042813589200000005,-1.219505244,0.0775523665,0.0417698028,0.06101436180000001,0.052914115399999996,9.834685599999999e-05,0.0011447654379999998,0.000132666563,1.042460093e-08,8.074055900000001e-09,6.231899538e-08,1.6916866000000002e-08,3.621280960000001e-08,5.9260378400000004e-08,8.15989957e-08,0.000961577052,0.00016483728149999997,3.57756801e-06,86.72033049999999,58.4254452,8.368490579999998e-08,7.119220319999999,0.000806667971,0.031825644099999995,6.46630505e-05,2.9167668499999996e-06,0.0014140227600000002,0.085800606,6.46630505e-05,2.9167668499999996e-06,0.01153415625,4.003777609999999,6.46630505e-05,2.9167668499999996e-06,0.0001669214342,0.0549305061,6.46630505e-05,2.9167668499999996e-06,0.011511629749999999,4.125049639999999e-07,0.000132930465,-0.21688239189999997,1.9282980738,-0.0085223364,-0.010576803000000001,-0.010784523350000002,2.94908715e-06,6.50813401e-05
113,1687953000,0.0015663637340000002,0.00169918087,-0.051848574800000005,-0.903941223,0.0711396704,0.0343140811,0.052839112599999995,0.041663771599999996,7.55004935e-05,0.0008490629680000001,0.00013292152899999998,7.72398258e-09,9.77900154e-09,7.61724348e-08,2.88783759e-08,2.8809816299999994e-08,3.3903834000000004e-08,5.116336909999999e-08,0.0005414897759999999,0.00023830038100000001,3.0280338299999997e-06,95.9251259,70.1648278,6.063897929999999e-08,7.06629805,0.000675963858,0.023675604499999996,6.641272609999999e-05,3.30340751e-06,0.00105172611,0.04892360500000001,6.641272609999999e-05,3.30340751e-06,0.0115661941,4.042022309999999,6.641272609999999e-05,3.30340751e-06,0.00016794083649999999,0.07673658765,6.641272609999999e-05,3.30340751e-06,0.01152518355,4.609986920000001e-07,0.000133285133,-0.196690682167,8.6051492865,-0.0061769265,-0.0105911806,-0.01079536385,3.33312609e-06,6.58975916e-05
113,1687953600,0.001129054744,0.00126181127,-0.0828278562,1.4584525739999998,0.1348916175,0.0278451544,0.0474014466,0.0363761103,9.70967679e-05,0.0012359793499999998,0.000133056772,3.316389283e-08,1.0358639302999997e-07,1.7974097509999998e-07,1.5507629270000002e-07,2.727080329e-07,2.61404218e-07,3.9803173999999993e-07,0.00031841386300000005,0.00023908232299999998,5.30773397e-06,94.7040734,75.681816,4.58079607e-08,7.5699738,0.000650988483,0.054044218600000006,7.692507029999999e-05,4.8739407e-06,0.0008392997189999999,0.041227109899999996,7.692507029999999e-05,4.8739407e-06,0.01155047205,4.04014841,7.692507029999999e-05,4.8739407e-06,0.0001887200505,0.07841202635000001,7.692507029999999e-05,4.8739407e-06,0.01151879335,1.9069397769999999e-06,0.000134382215,0.063953390027,80.60600710899999,0.007584691499999999,-0.0103655337,-0.010682841799999999,8.70418961e-06,0.0001197238271
113,1687954200,0.001114884597,0.001247187553,-0.1044186619,6.1909232932,0.13714168529999998,0.0269576857,0.0487139873,0.0372011357,7.305040800000001e-05,0.0008938247330000003,0.00013236638000000003,4.2572901590000004e-08,6.201111962999999e-08,1.4503256705e-07,1.2347510310000004e-07,1.3888253700000003e-07,1.6465428579999998e-07,1.9087480430000004e-07,0.00030661734099999996,0.00024358238700000003,6.29024293e-06,95.9149469,77.2852189,4.5276320299999996e-08,7.5222337999999995,0.0005989237410000001,0.029335305649999997,6.12346582e-05,2.48300542e-06,0.0007969640809999999,0.0354462479,6.12346582e-05,2.48300542e-06,0.011527299500000001,3.9980623300000007,6.12346582e-05,2.48300542e-06,0.00015705894900000002,0.0585556702,6.12346582e-05,2.48300542e-06,0.011510662850000002,1.0700962390000002e-06,0.000133386347,2.2203488042799995,168.724427374,0.0062284520699999995,-0.010649042099999999,-0.01083184755,4.301572569999999e-06,8.023019629999999e-05
113,1687954800,0.0011331207999999999,0.00126553096,-0.09394154600000001,-0.33462761360000004,0.0687771,0.0278658921,0.0475514519,0.035476083000000005,5.09655519e-05,0.000621539099,0.000132475403,6.323762279999999e-09,6.1847909299999995e-09,6.818321169999999e-08,3.5824266699999994e-08,2.42676393e-08,3.1033752099999994e-08,6.21320431e-08,0.00025531417060000003,0.0003069173109999999,3.98951818e-06,97.60736650000001,85.1422024,4.61766407e-08,7.3432577,0.000628559001,0.019846684,6.250574179999999e-05,2.66904913e-06,0.000730773759,0.0236629753,6.250574179999999e-05,2.66904913e-06,0.011547783699999998,4.031695600000001,6.250574179999999e-05,2.66904913e-06,0.00017228143699999997,0.0837774505,6.250574179999999e-05,2.66904913e-06,0.0114972261,3.4981067799999995e-07,0.000132536859,0.07544553072999999,1.5872160416,-0.00874561367,-0.01059209315,-0.010793553499999999,2.30312447e-06,5.82862746e-05
113,1687955400,0.0014046840000000002,0.0015374639199999998,-0.07609929632,-0.6422049666999999,0.0712896751,0.0314472122,0.0514890725,0.040013721200000005,6.89368344e-05,0.000782482747,0.00013293649899999996,1.4152724490000004e-08,1.3287066330000001e-08,7.96541541e-08,2.0205262499999997e-08,3.32763374e-08,3.40988281e-08,5.16690764e-08,0.0003133938686,0.000384759132,3.74604717e-06,100.05098860000001,90.05808979999999,5.525760180000001e-08,7.1342926900000005,0.000656337095,0.0223921311,6.29196107e-05,2.74691096e-06,0.0007876669310000001,0.029563103629999997,6.29196107e-05,2.74691096e-06,0.0115665054,4.042554310000001,6.29196107e-05,2.74691096e-06,0.00017965367299999996,0.07482850996,6.29196107e-05,2.74691096e-06,0.011520995949999998,6.028063010000001e-07,0.000133328908,-0.2304180016,5.644900965,-0.00718034729,-0.01056650745,-0.0108036977,2.7412847200000004e-06,6.17859562e-05
113,1687956000,0.001524799186,0.00165750191,-0.00522940485,-1.1642065139999997,0.0657770081,0.034246420099999994,0.0479639646,0.041026252299999996,6.44741927e-05,0.000789386995,0.000132750958,1.10170684e-08,6.946111079999999e-09,5.8768651199999996e-08,1.2617098799999998e-08,2.2934666299999998e-08,2.5585431499999997e-08,4.613581019999999e-08,0.0003086182238,0.000450504143,2.99197857e-06,103.0151095,96.57668090000001,5.9262753100000005e-08,7.12393697,0.0006737132509999999,0.0215309599,6.13662191e-05,2.4625162399999998e-06,0.000729657339,0.02838687682,6.13662191e-05,2.4625162399999998e-06,0.011560958,4.04438116,6.13662191e-05,2.4625162399999998e-06,0.000172416958,0.08916257156,6.13662191e-05,2.4625162399999998e-06,0.011520634250000002,2.76612199e-07,0.000133001811,-0.08681457834999998,0.22591229760000003,-0.009375135699999999,-0.0106835619,-0.0108562034,2.39094744e-06,5.97567554e-05
113,1687956600,0.0015380822300000002,0.0016713044199999998,0.019312821580000004,-1.11615939,0.0705396519,0.0343758567,0.0495390128,0.043951341600000006,5.0259742400000004e-05,0.000782650172,0.000133323991,1.4322055699999999e-08,1.8602576209999997e-08,8.665269589999999e-08,3.32785555e-08,5.9417556799999994e-08,3.8909713099999995e-08,5.25056065e-08,0.00022983306,0.000535437549,3.34269717e-06,102.22862760000001,102.9355811,5.97383886e-08,7.21049865,0.000713530938,0.027353337699999997,6.54232576e-05,3.1282902e-06,0.0006923010229999999,0.022362230700000003,6.54232576e-05,3.1282902e-06,0.011599829600000002,4.0875980499999995,6.54232576e-05,3.1282902e-06,0.00019407774899999998,0.11284504563,6.54232576e-05,3.1282902e-06,0.0115500845,5.61252137e-07,0.00013391240599999998,1.7710651221999996,117.59275865640004,-0.0015603092999999998,-0.0105799381,-0.0107937471,3.2668711199999994e-06,6.63813899e-05
113,1687957200,0.0020825986,0.0022161982000000005,-0.033436983399999995,-1.014840529,0.0828400262,0.039097470499999995,0.0605643495,0.050851552700000004,6.78409298e-05,0.001008667961,0.00013368422599999998,8.065056400000001e-09,8.46843787e-09,7.48678547e-08,2.446662216e-08,5.5801671599999994e-08,1.457519624e-07,6.88810362e-08,0.000442697471,0.0005944199330000001,3.7045218100000004e-06,102.4220746,95.8923927,7.779732339999999e-08,7.07762575,0.0007952956229999999,0.0336367223,6.754030020000001e-05,3.0211661700000003e-06,0.0009627308329999999,0.040243662,6.754030020000001e-05,3.0211661700000003e-06,0.011634559,4.1596945199999995,6.754030020000001e-05,3.0211661700000003e-06,0.000214561912,0.18042575310000003,6.754030020000001e-05,3.0211661700000003e-06,0.011556626300000001,4.4469979599999995e-07,0.000134001032,-0.24132957510000003,1.3741968997,-0.008847859500000001,-0.0106292043,-0.010836477649999999,2.83210649e-06,6.29634021e-05
113,1687957800,0.0019970709400000002,0.00213062346,-0.04064724654,-0.484854196,0.0893277259,0.0363767133,0.0661895203,0.052051588399999994,9.559430620000001e-05,0.001058338425,0.00013361175899999998,8.838743959999999e-09,7.3014559399999994e-09,6.60285358e-08,1.6370552360000002e-08,2.74633979e-08,3.49856011e-08,6.79054435e-08,0.00048144759999999996,0.00051338675,3.3960998000000005e-06,102.30494809999999,92.4760808,7.49662695e-08,7.01049768,0.0007472849719999999,0.0280870666,6.175099700000001e-05,2.6376720799999997e-06,0.0009620595510000001,0.04376398229999999,6.175099700000001e-05,2.6376720799999997e-06,0.0115790743,4.02840086,6.175099700000001e-05,2.6376720799999997e-06,0.000154821348,0.04591529633000001,6.175099700000001e-05,2.6376720799999997e-06,0.011560673050000001,3.23335696e-07,0.000133973314,-0.09158124314,0.536063464,-0.009019699209999999,-0.010659847150000002,-0.0108504066,2.59882088e-06,6.170688510000001e-05
113,1687958400,0.0019867756199999998,0.00212024963,0.0023840018299999995,-0.923435151,0.08329004370000001,0.0383088001,0.060489347400000004,0.050514041999999995,5.5405094900000004e-05,0.000965899676,0.00013351373800000004,7.339947619999999e-09,7.3800879e-09,6.84251065e-08,2.10873224e-08,3.3827509e-08,5.02041171e-08,9.47495464e-08,0.00048216974900000005,0.0005073739560000001,3.4958909799999997e-06,96.9424534,89.70671469999999,7.44866361e-08,7.227561999999999,0.000777426485,0.0295253241,6.286174759999999e-05,2.3967992699999993e-06,0.001011720296,0.0437420765,6.286174759999999e-05,2.3967992699999993e-06,0.0116216119,4.12197133,6.286174759999999e-05,2.3967992699999993e-06,0.00019542108160000002,0.14158988620000001,6.286174759999999e-05,2.3967992699999993e-06,0.0115508481,3.02558517e-07,0.00013372492599999998,0.01138584648,-0.17820262790000002,-0.0093848055,-0.0106500416,-0.010839099299999998,2.1749085000000005e-06,5.863313690000001e-05
113,1687959000,0.0018997056700000002,0.0020334230700000005,0.0013858133900000009,-0.9791705,0.0782648903,0.037468143999999995,0.05902680219999999,0.0489014935,6.120853320000001e-05,0.000942794565,0.00013381260699999999,7.22507862e-09,7.33287272e-09,7.55240872e-08,1.51515434e-08,3.07670507e-08,9.42011247e-08,5.4496298699999995e-08,0.00033532916899999996,0.0006106502889999998,3.4821860000000003e-06,104.7329974,100.99254399999998,7.17023187e-08,7.086718729999999,0.0007690078780000001,0.029012932799999995,6.85016667e-05,3.25908726e-06,0.000841947601,0.030935752299999997,6.85016667e-05,3.25908726e-06,0.011632098050000001,4.1311572,6.85016667e-05,3.25908726e-06,0.000207762146,0.14499286239,6.85016667e-05,3.25908726e-06,0.011558376050000001,4.15993151e-07,0.00013401224500000003,-0.2674304011,5.311691777999999,-0.0071849774040000005,-0.0106409516,-0.01083857945,3.0796257200000003e-06,6.61328532e-05
113,1687959600,0.0026966780199999996,0.00283042996,0.00505820509,-0.9969024900000001,0.09394036810000002,0.044140709300000004,0.07301473039999999,0.0603018418,8.50072173e-05,0.00131549686,0.000133791809,8.256956089999998e-09,7.26517996e-09,7.35236006e-08,1.4955478099999996e-08,2.40571545e-08,3.05945018e-08,5.534036869999999e-08,0.0007055371410000001,0.000639359413,3.1748670200000005e-06,104.1830776,90.756905,9.8107817e-08,7.00724239,0.0008701988900000001,0.034671251800000004,6.417061180000002e-05,2.4692250699999997e-06,0.00118966367,0.0626038575,6.417061180000002e-05,2.4692250699999997e-06,0.011650440599999999,4.180866709999999,6.417061180000002e-05,2.4692250699999997e-06,0.000213965798,0.18943542615000003,6.417061180000002e-05,2.4692250699999997e-06,0.0115656848,2.7773518e-07,0.00013404324299999998,0.010957094880000004,-0.200753371,-0.009387674749999998,-0.0107073293,-0.0108816558,2.19299298e-06,5.904637359999999e-05
113,1687960200,0.00327096708,0.0034051022300000005,-0.0034119034999999993,-0.98667388,0.103990676,0.0489171734,0.0825025193,0.0679520757,8.584830970000002e-05,0.00158365886,0.000134300889,1.754300174e-08,1.49489497e-08,6.395012769999999e-08,2.04784702e-08,5.6430288500000004e-08,4.2919261900000004e-08,7.417632540000001e-08,0.001024353713,0.000605984783,4.68398208e-06,98.2898176,81.5667639,1.17309584e-07,7.04611477,0.000962194513,0.0417495283,7.16439207e-05,3.65649649e-06,0.0014609008,0.09051749340000001,7.16439207e-05,3.65649649e-06,0.0116462756,4.15362076,7.16439207e-05,3.65649649e-06,0.00022617965100000002,0.148984442,7.16439207e-05,3.65649649e-06,0.01158297795,5.8322164e-07,0.00013474967299999997,-0.5081116727149999,4.6090079836,-0.007887459990000002,-0.01062824995,-0.0108500385,3.5530821200000003e-06,6.966648739999999e-05
113,1687960800,0.00352028999,0.0036546020100000007,0.00483173792,-1.2102323300000002,0.10027805999999999,0.0525988159,0.0820525046,0.068402088,9.01842902e-05,0.00165053052,0.00013439455399999998,1.166323583e-08,1.3007420910000002e-08,8.13765134e-08,2.39143746e-08,3.7807783400000004e-08,5.8913303499999995e-08,8.904486959999999e-08,0.001184836955,0.000571564542,3.3418240600000004e-06,94.976136,77.0683509,1.25637195e-07,7.00166262,0.0010014665219999998,0.0444641557,6.37358159e-05,2.6045628e-06,0.00158775998,0.104541307,6.37358159e-05,2.6045628e-06,0.01164667555,4.12619911,6.37358159e-05,2.6045628e-06,0.00019387896,0.11464373113000001,6.37358159e-05,2.6045628e-06,0.011585286250000002,3.32331094e-07,0.00013455214900000002,-0.18656529508,2.1551389442,-0.009099217750000001,-0.010683698799999999,-0.010871993399999998,2.27188762e-06,6.12958981e-05
113,1687961400,0.0022537147900000003,0.0023872399700000007,-0.0368893575,-1.0666307759999998,0.0862151321,0.0410455655,0.06161438030000001,0.0522015936,8.397585309999998e-05,0.0011046516529999999,0.00013356842599999998,9.97819297e-09,1.143298106e-08,7.79994618e-08,2.07298436e-08,2.81066012e-08,3.05122039e-08,8.774155239999999e-08,0.000504149294,0.000618733274,3.6511511800000007e-06,106.399224,96.27460230000001,8.344423500000001e-08,7.03848419,0.0008129245409999999,0.031206908599999993,6.452268659999999e-05,2.4429571e-06,0.0009943003349999998,0.0453183467,6.452268659999999e-05,2.4429571e-06,0.011643821450000001,4.17049814,6.452268659999999e-05,2.4429571e-06,0.00022737302699999995,0.1916285249,6.452268659999999e-05,2.4429571e-06,0.011557060050000002,3.1423232100000003e-07,0.000133872278,0.5577205326,16.936741952,-0.0076903838000000006,-0.0106693344,-0.010853300399999998,2.20276445e-06,5.92108939e-05
113,1687962000,0.00226060035,0.0023945583399999997,-0.026186945160000002,-1.1035118860000002,0.0829900328,0.0411367031,0.06135187219999999,0.0530266185,6.4426383e-05,0.001120951631,0.00013399520800000002,1.1247762170000002e-08,6.552626670000001e-09,5.821476913e-08,1.57688895e-08,2.38130281e-08,3.75583971e-08,9.494300809999999e-08,0.00050302029,0.0006240330010000001,2.93187913e-06,100.62500969999999,96.33536759999998,8.376687479999999e-08,6.98583665,0.0008049087789999999,0.0305661524,6.23267932e-05,2.28103617e-06,0.00100915588,0.0460939431,6.23267932e-05,2.28103617e-06,0.0116379535,4.11770172,6.23267932e-05,2.28103617e-06,0.00019020332350000002,0.12050762552000001,6.23267932e-05,2.28103617e-06,0.011573752400000002,2.6431621799999997e-07,0.00013421625199999999,0.01846972907,0.08942454400000001,-0.00933588963,-0.010740134000000002,-0.01091311505,2.11564063e-06,5.9068151800000004e-05
113,1687962600,0.00305870238,0.0031928905199999995,0.0028223156800000005,-1.29553904,0.0916152945,0.048901670900000006,0.0709146664,0.06378944760000001,8.090513550000001e-05,0.00146424766,0.000134226305,5.0187021900000005e-09,5.75441397e-09,7.22700572e-08,1.504189485e-08,2.39796409e-08,2.6146969099999998e-08,8.73369724e-08,0.0008870086079999998,0.0006394636019999999,2.60386734e-06,94.35503459999998,84.92024970000001,1.10476599e-07,6.78299717,0.0009085978580000001,0.0385361828,6.01719983e-05,2.2391411099999997e-06,0.00137036403,0.0782949625,6.01719983e-05,2.2391411099999997e-06,0.011640213799999998,4.104934040000001,6.01719983e-05,2.2391411099999997e-06,0.000190787335,0.1047616753,6.01719983e-05,2.2391411099999997e-06,0.0115858179,2.7949366e-07,0.000134511292,0.00806906107,-0.07851805600000002,-0.00919690995,-0.010728421450000001,-0.01090119425,2.1921644500000004e-06,5.92198094e-05
113,1687963200,0.00283996664,0.00297433814,0.0121990076135,-1.009781226,0.09889051890000002,0.045776430699999995,0.07616482520000001,0.06097686020000002,6.733221940000001e-05,0.0013669994799999999,0.00013441476399999997,7.78893775e-09,8.903779280000001e-09,7.29712294e-08,1.8939188e-08,2.73063593e-08,3.19677294e-08,9.77344702e-08,0.0007503058340000001,0.00066647404,2.8941838599999996e-06,99.75786980000001,88.98981669999999,1.030843248e-07,6.972127670000001,0.0008652661949999999,0.0365227642,6.15808158e-05,2.36923413e-06,0.0012582529,0.065985322,6.15808158e-05,2.36923413e-06,0.011651046149999999,4.1202659299999995,6.15808158e-05,2.36923413e-06,0.00019283806900000002,0.1147679404,6.15808158e-05,2.36923413e-06,0.0115886763,2.7617453299999994e-07,0.000134574221,0.028820736995999997,0.043735099999999985,-0.0091071036,-0.0107285519,-0.0109073698,2.24594266e-06,5.86320261e-05
113,1687963800,0.0039321617699999995,0.00406597487,0.01055442667,-1.32038125,0.10132809359999999,0.0562325383,0.083740054,0.0714396805,8.79384943e-05,0.00179209034,0.000133851777,1.0644527419999998e-08,7.3531130800000005e-09,5.4126427119999996e-08,1.622891986e-08,2.5201104900000004e-08,3.36165078e-08,1.07588531e-07,0.00134683357,0.0006160305210000001,2.9177114e-06,96.06015719999999,77.028336,1.3927925000000002e-07,6.75273847,0.0009966695530000001,0.0467551822,6.44394775e-05,2.4764246199999996e-06,0.0016817065699999997,0.11834691020000002,6.44394775e-05,2.4764246199999996e-06,0.011645658100000001,4.15863925,6.44394775e-05,2.4764246199999996e-06,0.00022015504999999997,0.16821067745,6.44394775e-05,2.4764246199999996e-06,0.0115684343,2.4544256300000004e-07,0.000134074618,0.03483718970000001,0.0024530794000000022,-0.00927061618,-0.0107592303,-0.01092642055,2.1663956999999998e-06,5.8806678399999993e-05
113,1687964400,0.00175639436,0.00188902276,-0.044280451570000004,-0.43917694900000004,0.0760148205,0.034086408299999996,0.059176807,0.0484514787,7.21860551e-05,0.000909780793,0.00013266660800000002,4.48649545e-09,5.66720642e-09,6.4851644e-08,1.408398355e-08,2.3936083e-08,3.0716460200000006e-08,8.9789524e-08,0.000582486897,0.00029267103499999996,2.7538102399999997e-06,97.1488866,74.15133399999999,6.69619568e-08,7.1067469899999995,0.0007144305210000001,0.025105858199999997,6.07551798e-05,2.33741763e-06,0.001067923746,0.0519633605,6.07551798e-05,2.33741763e-06,0.0115668419,4.06689609,6.07551798e-05,2.33741763e-06,0.00018425990199999996,0.1202566199,6.07551798e-05,2.33741763e-06,0.0115166268,2.6702966600000004e-07,0.000132900323,-0.022283313899999997,1.2379217565,-0.008908955999999999,-0.01067714845,-0.01085107125,2.18892574e-06,5.813229229999999e-05
113,1687965000,0.000853673133,0.000985747424,-0.0508322084,-0.728516243,0.0559142066,0.025474807600000003,0.037838655199999995,0.0276758446,3.2690763100000006e-05,0.000459885508,0.000132112257,3.5112568e-09,4.68136794e-09,6.12471982e-08,1.0970139649999999e-08,1.97648353e-08,2.4039193299999998e-08,8.0130721e-08,0.000135162817,0.00028861709700000006,2.8026494100000004e-06,104.81088240000001,90.93231779999999,3.696211e-08,7.3683873,0.000567010139,0.015615169100000001,5.96378931e-05,2.26135835e-06,0.000522725273,0.01282711915,5.96378931e-05,2.26135835e-06,0.0115444167,4.0332763400000005,5.96378931e-05,2.26135835e-06,0.000171205315,0.0947447024,5.96378931e-05,2.26135835e-06,0.0114929913,2.5769467100000003e-07,0.000132346821,-0.00016139549900000272,-0.1205854156,-0.009325107000000003,-0.010664361649999999,-0.010835343,2.1901918100000004e-06,5.83023404e-05
113,1687965600,0.000944744076,0.0010765548300000001,-0.056587897899999996,-0.59159273,0.0582767783,0.026467111999999998,0.0418887785,0.0305634332,2.6479912400000003e-05,0.0004981045770000002,0.000131845722,8.04843241e-09,5.17049282e-09,4.9410978299999996e-08,1.0967430249999999e-08,1.9001795800000005e-08,2.2452420499999998e-08,7.71315106e-08,0.00014582987040000003,0.0003235416810000001,2.7513160500000002e-06,105.36180339999999,93.2542796,3.99504931e-08,7.3108105199999995,0.00056805861,0.015610581049999999,5.8482315699999996e-05,2.1419156699999997e-06,0.00056050942,0.013882932269999999,5.8482315699999996e-05,2.1419156699999997e-06,0.011514640400000001,3.9915656999999998,5.8482315699999996e-05,2.1419156699999997e-06,0.000156018733,0.06136793666,5.8482315699999996e-05,2.1419156699999997e-06,0.0114769992,2.3458740300000004e-07,0.000131956779,0.011703691200000001,-0.19030396776999997,-0.0096120184,-0.01068759355,-0.010851645100000001,2.07166504e-06,5.759380930000001e-05
113,1687966200,0.0008765248869999999,0.0010090206599999998,0.002170119530000001,-0.8532127540000001,0.05486417400000001,0.026229436699999997,0.038101162900000006,0.028688376100000003,2.6618399899999997e-05,0.0004738246109999999,0.000132532916,3.85438685e-09,4.64542304e-09,6.0475318e-08,1.0911299e-08,1.74570521e-08,2.2997442e-08,7.23503738e-08,9.616684889999999e-05,0.000339273355,2.57458886e-06,108.1729934,98.33986339999998,3.7767656899999996e-08,7.273145779999998,0.0005647380770000001,0.0154829873,5.87866536e-05,2.2165826199999997e-06,0.00045342746900000003,0.009456480049999999,5.87866536e-05,2.2165826199999997e-06,0.011559220750000002,4.03619015,5.87866536e-05,2.2165826199999997e-06,0.000159551846,0.08362203553,5.87866536e-05,2.2165826199999997e-06,0.011509736699999999,2.5277534900000003e-07,0.000132727287,0.0041871033200000015,-0.03356650200000002,-0.00936430883,-0.010688421149999999,-0.0108577602,2.16932989e-06,5.83021406e-05
113,1687966800,0.001010179878,0.0011423764770000001,-0.0009918858960000006,-0.7968175690000001,0.0582767799,0.0277236109,0.04121375810000001,0.031838472099999994,5.227626250000001e-05,0.000564852745,0.00013223127999999998,3.71819625e-09,4.53266492e-09,6.10496215e-08,1.18944342e-08,1.75930096e-08,3.1070476800000006e-08,6.68033221e-08,0.00020970187859999998,0.00029234892800000003,2.8028211000000004e-06,100.1833376,87.17833089999999,4.2211962e-08,7.19356043,0.0005793090940000001,0.0167121799,5.8694711499999994e-05,2.10225981e-06,0.000636820203,0.019592681730000002,5.8694711499999994e-05,2.10225981e-06,0.01152327155,3.99115489,5.8694711499999994e-05,2.10225981e-06,0.00013975920800000002,0.048581933499999994,5.8694711499999994e-05,2.10225981e-06,0.0114942003,2.49686016e-07,0.000132367524,-0.07565653532999998,2.367749238,-0.00889472448,-0.01068643855,-0.01085317515,2.08866191e-06,5.78267852e-05
113,1687967400,0.0010123959800000001,0.001144340366,-0.03459175625000001,-1.1274568600000001,0.056026710199999996,0.028297211699999998,0.0372386362,0.0318759728,3.2393607999999996e-05,0.000540615718,0.000132035822,8.302056360000001e-09,6.13449047e-09,5.442778535e-08,1.3022718949999999e-08,2.2869033700000004e-08,2.7755671200000005e-08,8.70009525e-08,0.00020997014739999997,0.000293088876,2.80801323e-06,98.039804,86.6297338,4.224284300000001e-08,7.21144783,0.0005879649340000001,0.01671480095,6.02924139e-05,2.7548775300000005e-06,0.000658298096,0.0194243291,6.02924139e-05,2.7548775300000005e-06,0.01151536825,3.9934317100000003,6.02924139e-05,2.7548775300000005e-06,0.00015661126060000002,0.0536031948,6.02924139e-05,2.7548775300000005e-06,0.0114870106,3.57621727e-07,0.00013230963200000002,-0.06548360547000001,0.27358542661999996,-0.0092449609,-0.0106102954,-0.0108038181,2.68655486e-06,6.0017296999999984e-05
113,1687968000,0.0014601998700000001,0.0015924714100000001,-0.031614601000000006,-1.16281714,0.0666395359,0.03363403450000001,0.046913932900000004,0.0405387382,5.221024159999999e-05,0.000750587389,0.000132306493,5.9659098000000005e-09,5.442958869999999e-09,3.096403708e-08,1.24619741e-08,1.9428452299999997e-08,2.8296546600000003e-08,7.72026792e-08,0.00036677743500000004,0.00036015360299999997,2.94731289e-06,101.43066109999998,84.547089,5.7088207099999986e-08,7.15843776,0.0006525266349999999,0.0200936295,5.83982521e-05,2.07481179e-06,0.0008823723830000002,0.0328975503,5.83982521e-05,2.07481179e-06,0.0115306,3.9996083400000004,5.83982521e-05,2.07481179e-06,0.00013707999100000002,0.05757041365,5.83982521e-05,2.07481179e-06,0.0115022286,1.83111759e-07,0.000132484898,-0.005373062600000004,0.10389958160000001,-0.0095333117,-0.0108138501,-0.010958910799999999,2.0311240999999997e-06,5.7642795799999996e-05
113,1687968600,0.0010861058300000001,0.00121842215,-0.0433779495,-1.0698078199999999,0.0588392962,0.028989310799999994,0.04005122209999999,0.0332260133,3.45077982e-05,0.000573924125,0.00013235391799999998,4.23821168e-09,4.638488250000001e-09,7.225661739999999e-09,1.3388848550000002e-08,2.1224533999999997e-08,2.3988092700000004e-08,8.94042071e-08,0.0002182976215,0.000320930893,3.61979472e-06,100.4871184,88.9004697,4.4751141000000003e-08,7.205670379999999,0.000568071268,0.015158110649999997,5.9285131700000005e-05,2.1997509299999998e-06,0.000668200696,0.0194503639,5.9285131700000005e-05,2.1997509299999998e-06,0.011538586049999999,4.01727009,5.9285131700000005e-05,2.1997509299999998e-06,0.0001594662496,0.07809747987,5.9285131700000005e-05,2.1997509299999998e-06,0.0114998839,1.4813263999999998e-07,0.000132396215,0.0820016445,2.0847695121000003,-0.009097331699999999,-0.010866169749999998,-0.01101295615,2.13866037e-06,5.8001347000000005e-05
113,1687969200,0.000992049426,0.00112445485,-0.012751923110000002,-0.6714070120000001,0.06007683269999999,0.026999084200000002,0.0432763211,0.0321759823,4.292592639999999e-05,0.00054695739,0.000132442544,4.6657012800000005e-09,4.9511735699999995e-09,6.004221190000001e-09,1.0853225899999999e-08,1.7580340099999997e-08,1.97291105e-08,8.275443050000001e-08,0.00022274782700000003,0.000269377193,3.7160090800000004e-06,104.07439199999999,83.6772521,4.1649040699999996e-08,7.253360310000001,0.00053742726,0.01381841,5.95656425e-05,2.15364463e-06,0.0006657175519999999,0.019732763799999997,5.95656425e-05,2.15364463e-06,0.01155274405,4.0354801799999995,5.95656425e-05,2.15364463e-06,0.000166461248,0.08856083880000001,5.95656425e-05,2.15364463e-06,0.0115089844,1.4023723560000002e-07,0.00013259720100000001,-0.5880640936,20.7390263616,-0.00866442758,-0.0109207776,-0.01105216375,2.10152501e-06,5.87040442e-05
113,1687969800,0.000869977051,0.001003021146,0.0012115157899999986,-0.679722256,0.056589228000000005,0.025657787200000004,0.040088723400000005,0.029100888600000003,3.55294533e-05,0.0004792783260000001,0.000133081926,3.80684739e-09,4.0197236e-09,5.1895812899999995e-09,1.140361814e-08,1.59318755e-08,2.2158172699999996e-08,6.82126512e-08,0.00017048923299999998,0.000260228224,4.07428011e-06,104.5954652,84.94711500000001,3.75838436e-08,7.177795520000001,0.000514483142,0.01256793585,5.8567162699999994e-05,2.1869092500000005e-06,0.000598152378,0.01545335066,5.8567162699999994e-05,2.1869092500000005e-06,0.0115566945,4.01190236,5.8567162699999994e-05,2.1869092500000005e-06,0.00012679604209999998,0.04303033854,5.8567162699999994e-05,2.1869092500000005e-06,0.011535277649999998,1.3666462850000002e-07,0.000133199574,0.0425246097,1.1088719839999999,-0.009407228399999999,-0.01092806855,-0.011066479700000001,2.15336898e-06,5.841464960000001e-05
113,1687970400,0.000992643929,0.00112561241,-0.0505506283,-0.5984429410000001,0.061689384800000004,0.026827637100000003,0.0436513324,0.0328510023,3.2573353200000004e-05,0.000536888485,0.000133010745,4.2138623500000005e-09,4.8304433799999995e-09,5.90198697e-09,1.265151695e-08,1.84066673e-08,2.36908006e-08,7.34026566e-08,0.00021271314000000002,0.00027923164700000003,4.17238913e-06,102.74001899999999,84.50410240000001,4.1645809500000005e-08,7.117504149999999,0.000540323831,0.013769962800000002,6.0412062e-05,2.36422789e-06,0.000674840639,0.019167524900000003,6.0412062e-05,2.36422789e-06,0.0115683638,4.036073849999999,6.0412062e-05,2.36422789e-06,0.00014634125300000002,0.06834391139999998,6.0412062e-05,2.36422789e-06,0.01152874095,1.480274535e-07,0.00013306118400000002,0.0201159803,0.7548082478,-0.00916568314,-0.010901035299999999,-0.0110420829,2.2914669900000003e-06,5.8800814699999994e-05
113,1687971000,0.0009107137010000001,0.001044084224,-0.05322496990000001,-0.567468081,0.05640172189999999,0.025909402200000004,0.0411762577,0.030000915899999998,3.02869758e-05,0.0004873848219999999,0.000133407637,3.6745273899999995e-09,3.89973264e-09,5.1210835800000005e-09,1.147310945e-08,1.5323228399999998e-08,2.0353011500000002e-08,6.96051135e-08,0.00015433516159999998,0.000297154079,3.68902402e-06,105.95443049999999,90.1291664,3.89611245e-08,7.093402280000001,0.000514640534,0.01267099065,5.95531745e-05,2.2082331199999997e-06,0.000559634155,0.013863255900000001,5.95531745e-05,2.2082331199999997e-06,0.011598902599999999,4.06444356,5.95531745e-05,2.2082331199999997e-06,0.0001627951585,0.08173409974999998,5.95531745e-05,2.2082331199999997e-06,0.0115468885,1.338444125e-07,0.000133465003,-0.022228567799999998,0.1598528666,-0.0099944992,-0.0109483553,-0.011081532049999999,2.1461269e-06,5.822083879999999e-05
113,1687971600,0.0008117180599999999,0.0009445062639999999,-0.04512211349999999,-0.8044846230000001,0.055201685300000004,0.025157450799999998,0.0364511122,0.026025794400000003,2.45109063e-05,0.00043363601200000005,0.000132825809,3.0617917600000004e-09,3.1879461000000003e-09,4.6867312e-09,1.05249675e-08,1.4421842100000003e-08,1.830804885e-08,6.483802889999999e-08,9.914175989999999e-05,0.00030311734200000003,3.3972173099999997e-06,109.0482744,94.7982854,3.5674980499999996e-08,7.17367765,0.0004927608140000001,0.0116686497,5.8732509800000005e-05,2.20354027e-06,0.000445846996,0.00916098635,5.8732509800000005e-05,2.20354027e-06,0.011558322250000001,4.022914269999999,5.8732509800000005e-05,2.20354027e-06,0.00014467376800000002,0.060541449979999995,5.8732509800000005e-05,2.20354027e-06,0.0115236585,1.34189778e-07,0.00013292958000000001,0.0105144746,1.0103119323,-0.00961251139,-0.0109219508,-0.0110572553,2.15372554e-06,5.8030860199999994e-05
113,1687972200,0.0007438142819999999,0.000876496654,-0.0025271013099999982,-0.8564080899999998,0.0503640371,0.0243904909,0.033601025,0.025800787799999995,1.81912743e-05,0.000396026985,0.000132716164,3.08816209e-09,3.26684284e-09,5.42291171e-09,1.2166213849999999e-08,1.61256478e-08,2.27382632e-08,7.187920299999999e-08,8.47705862e-05,0.000283253791,3.70813943e-06,107.18845860000002,93.69214979999998,3.3382459e-08,7.30331549,0.00048373039599999997,0.011454617500000002,5.865093360000001e-05,2.08945693e-06,0.00041889856000000005,0.007884181309999998,5.865093360000001e-05,2.08945693e-06,0.0115416268,4.002484729999999,5.865093360000001e-05,2.08945693e-06,0.000133796382,0.046710265200000003,5.865093360000001e-05,2.08945693e-06,0.01151657885,1.3215318299999998e-07,0.000132764471,0.007976871000000005,0.4546783639,-0.0098916798,-0.010917225000000001,-0.011052058699999999,2.03523937e-06,5.8023287500000007e-05
113,1687972800,0.0005436252970000001,0.000675952506,0.028648991900000004,-1.17438116,0.0410637546,0.0216746434,0.0248257578,0.0196881008,1.42549748e-05,0.00030645761,0.000132361063,2.96641616e-09,3.0831822000000004e-09,4.683439810000001e-09,1.080594965e-08,1.49165875e-08,1.6656716549999996e-08,7.619992860000001e-08,2.933344161e-05,0.000238761767,3.5534263700000003e-06,109.70812460000002,93.5071195,2.6760532e-08,7.497831300000001,0.00043210173500000005,0.009246079,5.80974994e-05,2.06364387e-06,0.00022165473899999998,0.0029942322549999997,5.80974994e-05,2.06364387e-06,0.01152318755,3.98347575,5.80974994e-05,2.06364387e-06,0.000122619057,0.037570344340000006,5.80974994e-05,2.06364387e-06,0.0115011308,1.3055267699999998e-07,0.000132406898,0.001300509999999999,0.27407971769999995,-0.00991206845,-0.010907207850000001,-0.0110402682,2.04107549e-06,5.76809122e-05
113,1687973400,0.000530047108,0.0006625285010000001,0.0340534351057,-1.150444388,0.0415887697,0.0215373631,0.0250882659,0.019725601900000004,1.07756971e-05,0.000298481019,0.00013251640200000002,2.8763352200000002e-09,3.05388762e-09,5.48790641e-09,1.12799801e-08,1.50671786e-08,1.88602281e-08,7.07464619e-08,2.3883334239999998e-05,0.00023748821899999997,3.4393189799999997e-06,110.66047819999999,93.7767309,2.63085837e-08,7.357674899999999,0.00042198839500000003,0.0087628786,5.8412807899999994e-05,2.11005972e-06,0.000227902564,0.0026313683799999996,5.8412807899999994e-05,2.11005972e-06,0.011547091499999999,4.013570339999999,5.8412807899999994e-05,2.11005972e-06,0.000144519838,0.0615038345,5.8412807899999994e-05,2.11005972e-06,0.011510938699999999,1.35968193e-07,0.000132638766,5.539370000000043e-05,1.2743833814999999,-0.00939583606,-0.0109132108,-0.01104971425,2.0986025000000003e-06,5.868722200000001e-05
113,1687974000,0.0008686348010000001,0.001001079317,0.020713565999999996,-1.0672808750000002,0.053139122100000005,0.026346768,0.03352602340000001,0.0279758535,3.92764087e-05,0.000514181785,0.00013247853499999998,9.783148869999999e-09,1.293913255e-08,1.117564501e-08,1.6670151e-08,2.22829457e-08,2.8043939600000003e-08,7.28899962e-08,0.0001775947742,0.000250283951,6.208014419999999e-06,105.5049215,85.55748439999999,3.7445922e-08,7.347684550000001,0.000522945639,0.013621730600000001,5.83219957e-05,2.02350418e-06,0.00055464916,0.01670301356,5.83219957e-05,2.02350418e-06,0.0115353262,3.99965252,5.83219957e-05,2.02350418e-06,0.000163399355,0.04893199825,5.83219957e-05,2.02350418e-06,0.011506525549999999,1.858129364e-07,0.000132587522,0.009369547280000003,0.27077430150000004,-0.009455732650000001,-0.010821021599999998,-0.010973686100000001,1.9897679300000003e-06,5.763124179999999e-05
113,1687974600,0.001251770116,0.001385070395,-0.0391509345,-1.4181685,0.061014362300000013,0.0324427622,0.0383261696,0.034651057,4.32103869e-05,0.0006664588680000001,0.000133341285,5.0139198e-09,5.06377047e-09,7.31594388e-09,1.38373389e-08,2.43442946e-08,2.9571337999999996e-08,1.0620775440000001e-07,0.00043022517800000006,0.000190919841,4.50751396e-06,95.2830949,67.1307664,5.03148486e-08,7.245490090000001,0.000599306138,0.0170352155,5.8997953e-05,2.27047375e-06,0.0009481830479999998,0.0377501076,5.8997953e-05,2.27047375e-06,0.0115745799,4.03411846,5.8997953e-05,2.27047375e-06,0.000142070249,0.05888821684000001,5.8997953e-05,2.27047375e-06,0.0115470268,1.5336404200000002e-07,0.000133487864,0.0747005392,3.1814402109999995,-0.00857254167,-0.010928044000000001,-0.0110672658,2.26507147e-06,5.8777266300000006e-05
113,1687975200,0.000652535151,0.0007846317160000001,-0.0602294899,-1.07283012,0.0486389849,0.023080612099999998,0.027938353399999998,0.022725693499999998,2.5253503699999997e-05,0.000414968027,0.00013213453800000002,3.5967577800000008e-09,3.6935350600000004e-09,5.73472132e-09,1.210958245e-08,1.94787557e-08,2.4371172e-08,9.60457485e-08,0.00014973627,0.0001726957,3.6176585300000002e-06,97.0434358,74.3302627,3.03396899e-08,7.358847559999999,0.000467793925,0.010844803949999999,5.83583147e-05,2.1801724900000003e-06,0.000551741952,0.013424125410000001,5.83583147e-05,2.1801724900000003e-06,0.0115041275,3.96149432,5.83583147e-05,2.1801724900000003e-06,0.0001041458626,0.01590886084,5.83583147e-05,2.1801724900000003e-06,0.011491636599999999,1.4479261959999998e-07,0.00013220269799999997,-0.03912799616,1.9631414867400003,-0.00883148513,-0.0108797381,-0.01101690895,2.19745812e-06,5.80799562e-05
113,1687975800,0.000707828741,0.000840375759,-0.05848056170000001,-0.9340162339999999,0.0479264617,0.0235466842,0.0312009527,0.0238507278,2.7682407599999997e-05,0.000405960561,0.00013258406500000003,3.4665434299999997e-09,3.5253470200000004e-09,5.744396019999999e-09,1.17222182e-08,1.9097397600000003e-08,2.35450112e-08,9.565426200000001e-08,0.0001577692353,0.00019219497200000002,3.74894151e-06,100.5996276,76.726655,3.21687535e-08,7.4638741699999995,0.000486433416,0.01147720545,5.845976519999999e-05,2.1939330499999997e-06,0.000558167358,0.014160596729999999,5.845976519999999e-05,2.1939330499999997e-06,0.01153146115,3.9877883100000004,5.845976519999999e-05,2.1939330499999997e-06,0.00012122664679999999,0.033309357910000004,5.845976519999999e-05,2.1939330499999997e-06,0.01151294605,1.42363793e-07,0.00013269066299999999,-0.0406266792,0.8809714457299999,-0.00955260464,-0.010903064799999999,-0.01103527595,2.18690597e-06,5.8472404400000004e-05
113,1687976400,0.000824506757,0.000957149505,-0.0423266965,-0.8632188709999999,0.052501601800000006,0.025241336999999996,0.036413611,0.027075826799999998,2.31924375e-05,0.000435959131,0.000132680687,3.52192609e-09,3.76419235e-09,5.877586670000001e-09,1.177532379e-08,1.84225415e-08,2.58248006e-08,9.834779450000001e-08,0.00018424464600000001,0.000223521034,4.2618310399999995e-06,102.1766045,79.6943402,3.6003815700000005e-08,7.3365544499999995,0.000515888086,0.0126493054,5.87028985e-05,2.19340719e-06,0.0006228894320000001,0.0164962127,5.87028985e-05,2.19340719e-06,0.01154721265,4.00878832,5.87028985e-05,2.19340719e-06,0.00013622820760000003,0.049212772099999996,5.87028985e-05,2.19340719e-06,0.01151760655,1.44962438e-07,0.00013280121800000001,0.015179576,0.40748007489999993,-0.009623845200000002,-0.01089170205,-0.011031095099999999,2.1749067000000003e-06,5.8130324600000003e-05
113,1687977000,0.000767514075,0.0009004869260000001,-0.08426468150000001,-1.1666179049999998,0.047363945000000005,0.0247875912,0.029775909300000004,0.0252382706,2.6371862650000002e-05,0.000433794048,0.00013301286100000004,3.27233733e-09,3.4834788499999993e-09,5.23920432e-09,1.162973475e-08,1.595670305e-08,2.2412856800000004e-08,8.877699909999999e-08,0.00016428499620000002,0.00021544751400000002,3.81430144e-06,103.6452059,80.10681689999998,3.4204991899999997e-08,7.28422035,0.0004956147170000001,0.01184660895,5.9430405199999996e-05,2.33446009e-06,0.0005682483779999999,0.014955101549999999,5.9430405199999996e-05,2.33446009e-06,0.0115629163,4.023334459999999,5.9430405199999996e-05,2.33446009e-06,0.00013713049339999998,0.056794707099999994,5.9430405199999996e-05,2.33446009e-06,0.0115289923,1.4315397400000002e-07,0.000133061211,-0.004864986099999999,0.3080140882,-0.009754152399999999,-0.0109123357,-0.011047636649999998,2.28249758e-06,5.8999819399999995e-05
113,1687977600,0.0005766411240000001,0.0007103013649999999,-0.0570617672,-1.0646105399999999,0.039563706899999995,0.021822122899999997,0.0249382605,0.0198381053,2.327617045e-05,0.000337861779,0.00013369626699999998,3.23757938e-09,3.5474818600000003e-09,5.583988170000001e-09,1.2012061000000002e-08,1.7702408e-08,2.45789597e-08,9.556922539999999e-08,0.0001082071893,0.00017566779700000002,4.23750606e-06,102.62919500000001,78.23739609999998,2.7913970599999998e-08,7.4874089,0.00044876479800000005,0.0100544335,5.8556307500000004e-05,2.1498852899999997e-06,0.00042202600699999996,0.0099504462,5.8556307500000004e-05,2.1498852899999997e-06,0.01157184545,4.01099343,5.8556307500000004e-05,2.1498852899999997e-06,0.00011386830999999997,0.02594439631,5.8556307500000004e-05,2.1498852899999997e-06,0.01156060165,1.4101269100000004e-07,0.000133788917,-0.0075552911,0.7325127906000001,-0.009656914800000001,-0.010949154249999999,-0.011085212699999998,2.14716624e-06,5.89056378e-05
113,1687978200,0.000428578464,0.0005619877229999999,-0.0686536886,-0.996928849,0.0368261246,0.019281530800000002,0.0211506457,0.0153754697,1.1879662e-05,0.00026865149600000004,0.00013344415100000003,2.8549642299999994e-09,3.46288172e-09,4.8435887199999995e-09,9.97328145e-09,1.55466488e-08,1.67732426e-08,4.25295609e-08,4.1090003799999996e-05,0.000168859099,4.2032217800000005e-06,104.9490998,80.465204,2.2987898999999998e-08,7.552110950000001,0.000386660685,0.007323610480000001,5.8011403500000005e-05,2.10698105e-06,0.00027959247399999995,0.0040571491900000005,5.8011403500000005e-05,2.10698105e-06,0.011570025000000001,4.0144681,5.8011403500000005e-05,2.10698105e-06,0.00012033888550000001,0.03502828414,5.8011403500000005e-05,2.10698105e-06,0.01155125375,1.3189493500000003e-07,0.000133563423,0.1001857987,0.3409840372,-0.0097838538,-0.010945666150000002,-0.01108896295,2.0898354900000005e-06,5.8197558199999995e-05
113,1687978800,0.00035195420699999996,0.00048472646699999997,-0.043356496999999994,-1.000017417,0.0329635068,0.0178526704,0.018075551899999997,0.013275405199999998,9.18691872e-06,0.000226274805,0.000132805712,3.03699039e-09,3.23498444e-09,5.25760455e-09,1.18863095e-08,1.6279631600000003e-08,1.9977536400000003e-08,5.714511239999999e-08,3.49074172e-05,0.000136989139,3.92328294e-06,104.0441427,73.69726419999999,2.0380956399999998e-08,7.622378230000001,0.00036848749800000004,0.006824758560000001,5.7663826999999996e-05,2.0463268300000003e-06,0.000258049648,0.0034689881999999997,5.7663826999999996e-05,2.0463268300000003e-06,0.0115360457,3.98682934,5.7663826999999996e-05,2.0463268300000003e-06,0.00011191526749999999,0.027628420120000004,5.7663826999999996e-05,2.0463268300000003e-06,0.011524389700000002,1.3232457650000001e-07,0.00013294416300000002,0.08130676145,0.2734200367,-0.0097166045,-0.010923278149999998,-0.011061210999999998,2.0175821799999997e-06,5.7632572700000006e-05
113,1687979400,0.0003173550110000001,0.0004499782239999999,-0.12106509060000001,-0.867520296,0.0332260142,0.016980794599999998,0.0162754967,0.012037867300000001,1.3323703489999999e-05,0.00022038217899999997,0.000132659539,2.9330357899999997e-09,3.0666552099999998e-09,4.94085351e-09,1.115686065e-08,1.516684715e-08,1.80573391e-08,4.9451966099999996e-08,5.0921887200000006e-05,0.0001040438451,3.53108626e-06,101.59394449999999,63.63876309999999,1.92283627e-08,7.5889665,0.00035064198400000003,0.0062712867899999995,5.812009519999999e-05,2.16643848e-06,0.000314626215,0.00483143681,5.812009519999999e-05,2.16643848e-06,0.01152694275,3.97739598,5.812009519999999e-05,2.16643848e-06,0.0001045234414,0.019212789469999998,5.812009519999999e-05,2.16643848e-06,0.01151575165,1.34709612e-07,0.000132747928,0.0429666752,0.6495247805,-0.0095267717,-0.010911554350000002,-0.011050494249999999,2.1433530400000004e-06,5.8252732999999996e-05
113,1687980000,0.000359064689,0.000491323016,-0.11948309400000001,-0.8649877340000002,0.0363761106,0.017742483300000004,0.018300558700000004,0.013500412,1.4047744949999998e-05,0.000246397032,0.000132295864,3.05258188e-09,3.2186440799999995e-09,5.050807240000001e-09,1.13361163e-08,1.6214338650000002e-08,1.9312429000000002e-08,6.127401059999999e-08,6.434979209999999e-05,0.00011158072090000001,3.40453262e-06,97.2656955,65.24172109999999,2.0608967899999997e-08,7.610548789999998,0.000361399462,0.0067589623900000005,5.79332922e-05,2.2078243399999996e-06,0.00035949357,0.00613164169,5.79332922e-05,2.2078243399999996e-06,0.011512739,3.9703971100000004,5.79332922e-05,2.2078243399999996e-06,0.0001134762609,0.0255669584,5.79332922e-05,2.2078243399999996e-06,0.011498440950000001,1.39620209e-07,0.000132354255,0.0705774965,2.62215052295,-0.00906513615,-0.010888177749999997,-0.011026899849999999,2.2200001199999995e-06,5.796314149999999e-05
113,1687980600,0.000410966081,0.00054279101,-0.11354026619999999,-0.994234754,0.0362636078,0.018887876300000002,0.019800604500000003,0.0154879727,1.2888199600000002e-05,0.000259736376,0.00013186104,3.2822927599999997e-09,3.33922747e-09,5.2780177299999995e-09,1.149233435e-08,1.530417225e-08,1.9007718100000002e-08,6.34492628e-08,6.0801690600000013e-05,0.00014078288599999998,3.69733897e-06,102.71420210000001,73.274199,2.2269910700000003e-08,7.593245100000002,0.000380678767,0.007256972259999999,5.77093036e-05,2.1164571700000003e-06,0.00035371263800000006,0.00580819129,5.77093036e-05,2.1164571700000003e-06,0.011495824600000001,3.9591282100000003,5.77093036e-05,2.1164571700000003e-06,0.0001131170995,0.02680406876,5.77093036e-05,2.1164571700000003e-06,0.01148134365,1.336833566e-07,0.00013195515800000003,0.025460487299999994,0.4091662267999999,-0.0096951295,-0.0108810493,-0.0110153238,2.10470943e-06,5.7674882499999994e-05
113,1687981200,0.000373552799,0.000505625142,0.03286579227,-1.188676253,0.034276046500000004,0.018682658900000003,0.018375560800000003,0.0145879455,9.49100269e-06,0.00023593090900000005,0.000132105813,2.91450918e-09,3.1419069000000002e-09,4.97482335e-09,1.096359785e-08,1.5374227300000004e-08,1.8225138500000002e-08,5.54659496e-08,2.134358973e-05,0.00016162675399999997,3.64446311e-06,106.50394899999999,80.80394510000002,2.1073839e-08,7.699634499999999,0.00037389191,0.00687348485,5.83116641e-05,2.06167586e-06,0.00020625548950000002,0.002297609181,5.83116641e-05,2.06167586e-06,0.011503102999999999,3.9660868099999993,5.83116641e-05,2.06167586e-06,0.000115777983,0.029029981000000003,5.83116641e-05,2.06167586e-06,0.011489529299999999,1.3185773700000001e-07,0.0001321418,0.003491354576000001,0.851593498,-0.00933363255,-0.010899117449999999,-0.0110323898,2.05079401e-06,5.85026081e-05
113,1687981800,0.00046312728899999996,0.000595062739,0.1354744344,-0.6374227569999998,0.0421137851,0.019822007,0.0271133275,0.019838105300000002,1.75192996e-05,0.000289635677,0.000131972523,3.26139405e-09,3.63293689e-09,5.35309329e-09,1.121258145e-08,1.47232463e-08,1.92460345e-08,6.04068285e-08,7.122252489e-05,0.00015723827,2.91939869e-06,101.59811930000001,76.08717180000001,2.40081528e-08,7.557995099999999,0.000394713003,0.00786761455,5.7204424799999996e-05,2.1325854199999998e-06,0.000366414165,0.006667013556,5.7204424799999996e-05,2.1325854199999998e-06,0.011509501750000001,3.9733746000000005,5.7204424799999996e-05,2.1325854199999998e-06,0.00012316956749999997,0.03473748711000001,5.7204424799999996e-05,2.1325854199999998e-06,0.01148937915,1.3571863859999998e-07,0.000132142848,0.0178556005,0.6883816411,-0.00958277815,-0.0108840609,-0.01101883495,2.1350079699999998e-06,5.7469486300000006e-05
113,1687982400,0.000419187274,0.00055073985,0.129417029,-0.625999842,0.0384761747,0.0190733755,0.0251257672,0.0180755516,1.5556053450000005e-05,0.000254647297,0.000131587948,3.5598094900000003e-09,3.954553309999999e-09,6.03315859e-09,1.29123069e-08,1.9271570100000002e-08,2.52434531e-08,6.57259134e-08,5.9538833000000004e-05,0.00014664252099999997,3.21112894e-06,101.316157,74.740918,2.25291104e-08,7.660119800000001,0.00039401119300000003,0.007813471899999999,5.76251554e-05,2.10398453e-06,0.000337177141,0.005695804819999999,5.76251554e-05,2.10398453e-06,0.0114836087,3.9485600299999994,5.76251554e-05,2.10398453e-06,0.0001063481808,0.02167354589,5.76251554e-05,2.10398453e-06,0.0114695056,1.4150741400000002e-07,0.000131691415,0.0564582312,0.2346580576,-0.0098376722,-0.010846298599999998,-0.0109903842,2.0876379800000003e-06,5.757366079999999e-05
113,1687983000,0.00035664063,0.0004886206680000001,0.030282810069999992,-1.1554431219999999,0.035701089,0.018238716999999998,0.0181505541,0.0135754142,1.1174429949999999e-05,0.00023499178799999998,0.00013201671599999998,3.0548725600000005e-09,3.13858093e-09,4.71822094e-09,1.156460875e-08,1.4634689250000001e-08,1.701147665e-08,5.80979563e-08,1.78799386e-05,0.00015710094699999998,3.15530778e-06,105.64304459999998,79.98306840000001,2.0508605700000004e-08,7.68533655,0.000369386399,0.00678669759,5.794473969999999e-05,2.1627961000000005e-06,0.00018916730960000006,0.0020311195410000005,5.794473969999999e-05,2.1627961000000005e-06,0.011503580599999999,3.96653794,5.794473969999999e-05,2.1627961000000005e-06,0.0001184129145,0.02910800669,5.794473969999999e-05,2.1627961000000005e-06,0.01148920125,1.3712021700000002e-07,0.00013213970499999998,0.017615370555,0.25037631850000003,-0.009781181150000002,-0.0108834002,-0.011019292,2.1618576399999997e-06,5.79249761e-05
113,1687983600,0.000367129002,0.000499546336,-0.014329932699999997,-1.20606407,0.0330760088,0.018489488899999997,0.0173255286,0.0135754143,8.41846548e-06,0.000219878021,0.000132452931,3.17028011e-09,3.2883600100000007e-09,4.95941024e-09,1.037418425e-08,1.5960724199999998e-08,1.7897884200000002e-08,5.03449722e-08,1.341566182e-05,0.000166768013,3.2106588700000005e-06,107.46927560000002,82.45414860000001,2.08765726e-08,7.62672683,0.000368127785,0.00673348413,5.7868123999999995e-05,2.1195260699999997e-06,0.0001741736785,0.001592792216,5.7868123999999995e-05,2.1195260699999997e-06,0.0115202933,3.9788734499999996,5.7868123999999995e-05,2.1195260699999997e-06,0.00012064092550000001,0.02991723724,5.7868123999999995e-05,2.1195260699999997e-06,0.011509392,1.32051229e-07,0.000132598999,0.030294869940000003,0.3551759777,-0.00970193945,-0.01091800955,-0.011049387150000001,2.0962389399999997e-06,5.757084779999999e-05
113,1687984200,0.000433611755,0.0005652060230000001,-0.1015961461,-1.057684154,0.038401172500000004,0.019473180700000002,0.0199506083,0.015937986699999997,1.3783745529999999e-05,0.00026657165800000003,0.00013163281499999999,3.0062393399999997e-09,3.0296437200000003e-09,4.6626331100000005e-09,1.10638585e-08,1.485883995e-08,1.6298639300000002e-08,4.5234691800000005e-08,4.60602559e-05,0.00016728953500000002,3.31332849e-06,104.22861899999998,79.9213118,2.3027681200000004e-08,7.533724799999999,0.000394150902,0.007631837410000002,5.7697240499999994e-05,2.2348443800000002e-06,0.00030643980799999995,0.0044919468099999995,5.7697240499999994e-05,2.2348443800000002e-06,0.011486833850000001,3.95484746,5.7697240499999994e-05,2.2348443800000002e-06,0.00011474239840000001,0.02741112907,5.7697240499999994e-05,2.2348443800000002e-06,0.011471600600000001,1.40060735e-07,0.000131738056,0.0335384293,0.87615605686,-0.00960516712,-0.01085766455,-0.01099447105,2.2431809400000003e-06,5.7879819400000006e-05
113,1687984800,0.000418463828,0.000550128072,0.01862415208,-0.9551752520000001,0.038551176,0.0191826569,0.021750663799999997,0.016425501000000002,1.9216854450000002e-05,0.00027022222299999995,0.00013169821300000001,3.22788469e-09,3.2729692400000005e-09,4.8551439100000005e-09,1.0128090599999999e-08,1.62212489e-08,1.900824685e-08,5.2045322299999996e-08,5.6713263000000003e-05,0.00014932634900000001,3.04381827e-06,100.4239924,75.3163622,2.2537215999999998e-08,7.614683680000001,0.000382815349,0.00740525799,5.71415685e-05,2.04705636e-06,0.00032598152099999996,0.00536922425,5.71415685e-05,2.04705636e-06,0.0114869581,3.9554039899999998,5.71415685e-05,2.04705636e-06,0.0001158422085,0.031339251580000005,5.71415685e-05,2.04705636e-06,0.01147558305,1.3006844500000002e-07,0.000131819733,0.06087908780000001,0.8428095194000003,-0.00961637095,-0.010878140500000001,-0.0110186321,2.03437258e-06,5.717446360000001e-05
113,1687985400,0.000597012612,0.0007284271959999999,0.10706811950000002,-0.895719554,0.044888870799999994,0.0223540097,0.030563432300000005,0.0225756892,2.5064854400000002e-05,0.000352313855,0.00013145019999999998,3.43890888e-09,3.48887923e-09,5.23643431e-09,9.17077015e-09,1.5356836500000002e-08,1.77410986e-08,4.63548722e-08,0.00013446157950000001,0.00016088781300000002,2.9975141000000004e-06,101.29147830000001,73.28058910000001,2.8444035599999998e-08,7.3952788400000005,0.00042435210999999996,0.009082893589999998,5.70911871e-05,2.09125384e-06,0.000513253065,0.01217595074,5.70911871e-05,2.09125384e-06,0.011474593200000001,3.9439933600000003,5.70911871e-05,2.09125384e-06,0.00011563374269999999,0.0225364198,5.70911871e-05,2.09125384e-06,0.0114619,1.2939988100000003e-07,0.00013150510300000002,0.043076706,0.9200876689999999,-0.009682569249999998,-0.0108691538,-0.01100414295,2.08942756e-06,5.6980708600000006e-05
113,1687986000,0.0009303616720000001,0.0010630055599999998,0.1001087201,-0.8972829930000001,0.055989209000000005,0.026931231000000007,0.040838747499999994,0.03138845790000001,4.40823511e-05,0.000522384789,0.00013268096000000002,3.55113101e-09,3.7710078499999995e-09,5.538063439999999e-09,9.79953747e-09,1.57255222e-08,1.8644113399999998e-08,3.62670061e-08,0.000291439833,0.000170619433,2.9727263600000003e-06,96.2369869,68.734361,3.96177199e-08,7.145067150000001,0.00049000093,0.01222746,5.820988269999999e-05,2.14775912e-06,0.0007661869399999999,0.026022827,5.820988269999999e-05,2.14775912e-06,0.01153138795,3.98512503,5.820988269999999e-05,2.14775912e-06,0.00012020407399999998,0.0279232276,5.820988269999999e-05,2.14775912e-06,0.011515927399999999,1.3127051140000002e-07,0.000132748492,0.001154480400000002,0.2661336442,-0.009700179550000002,-0.01092611735,-0.011055272299999998,2.1590122299999997e-06,5.8187122000000004e-05
113,1687986600,0.000766942685,0.0008992145850000001,0.10273280269999999,-0.837626445,0.0564392239,0.0248693029,0.036526115600000006,0.027675845000000004,3.3837088e-05,0.00047778896999999996,0.00013230939599999999,3.940647989999999e-09,4.3573991599999994e-09,6.48676549e-09,1.09153623e-08,1.82824698e-08,2.12191211e-08,4.4118417699999994e-08,0.00020916282399999997,0.00017107035900000003,3.07755251e-06,99.4855376,71.1361145,3.4121942e-08,7.28721018,0.00046397258099999995,0.010934519350000001,5.888597800000001e-05,2.18203585e-06,0.0006607715970000001,0.018819203450000002,5.888597800000001e-05,2.18203585e-06,0.011521308150000001,3.98821461,5.888597800000001e-05,2.18203585e-06,0.000133757803,0.046344267970000005,5.888597800000001e-05,2.18203585e-06,0.01150026885,1.3977070599999998e-07,0.00013239654999999998,0.0157083851,0.9850088265,-0.00938544795,-0.010889352500000001,-0.011028040899999998,2.1641307100000004e-06,5.824943950000001e-05
113,1687987200,0.0008191016860000001,0.0009516633210000002,0.14221316460000002,-0.846374773,0.051601575299999994,0.025509168999999998,0.0388136845,0.030525932100000003,3.55480709e-05,0.00045965929899999996,0.00013259985899999996,4.49935655e-09,4.52721475e-09,6.847191050000001e-09,1.19649704e-08,1.86101832e-08,2.0725713500000003e-08,3.94688847e-08,0.000290742546,0.0001150383665,3.61362256e-06,94.1764359,60.0571331,3.58760651e-08,7.24181645,0.00046582523299999994,0.01105702675,5.804090460000001e-05,2.17604943e-06,0.000774655511,0.025865154499999998,5.804090460000001e-05,2.17604943e-06,0.011529587,3.98994955,5.804090460000001e-05,2.17604943e-06,0.00012941719710000003,0.04011526723,5.804090460000001e-05,2.17604943e-06,0.011514361899999999,1.34731331e-07,0.000132715846,0.03632160632,0.5439645487999999,-0.00961151995,-0.01091143395,-0.011050235750000002,2.18125273e-06,5.81438093e-05
113,1687987800,0.00076551399,0.0008979298880000001,0.18081687399999996,-0.734562418,0.05088905330000001,0.0246539587,0.0377261525,0.029925913899999997,3.74052223e-05,0.000445438997,0.000132453133,4.15055624e-09,4.2094414700000004e-09,6.012293389999999e-09,1.01212724e-08,1.8345288e-08,1.94367068e-08,5.45100132e-08,0.00027114749099999995,0.00010774352290000001,3.7012978199999998e-06,96.1013388,59.176413100000005,3.4109732700000005e-08,7.340142449999999,0.0004605220729999999,0.0108424511,5.82462236e-05,2.16827415e-06,0.000745975677,0.024167900849999997,5.82462236e-05,2.16827415e-06,0.01152732475,3.98284527,5.82462236e-05,2.16827415e-06,0.000117232742,0.027685952880000003,5.82462236e-05,2.16827415e-06,0.011510225850000002,1.3274363999999998e-07,0.000132618812,0.06806581119999999,0.22430790028,-0.009920967,-0.010902008099999999,-0.011044627399999998,2.1486710900000002e-06,5.828140030000001e-05
113,1687988400,0.0005980173289999999,0.0007297732700000001,0.21593183200000002,-0.4960893036,0.0456388937,0.021793153099999997,0.0332260148,0.0251632677,2.61117781e-05,0.000367652836,0.000132094345,1.034109498e-08,8.69525598e-09,7.676762879999999e-09,1.16145905e-08,1.63102832e-08,1.87757073e-08,2.72779768e-08,0.0001728125505,0.00012244438,3.29168978e-06,95.4118,64.82734680000002,2.8522673300000003e-08,7.33145109,0.00041762288899999995,0.00896721418,8.221137459999999e-05,5.29659634e-06,0.000572837508,0.01618536285,8.221137459999999e-05,5.29659634e-06,0.01149828975,3.9790513700000005,8.221137459999999e-05,5.29659634e-06,0.00012592025259999999,0.02713597337,8.221137459999999e-05,5.29659634e-06,0.0114796751,7.881176130000001e-07,0.000132571759,-0.3630929558,4.5837132284,-0.00788722916,-0.010767882500000003,-0.0109499272,5.3437000800000005e-06,8.27524171e-05
113,1687989000,0.000543532116,0.000675569738,0.22186992,-0.415333321,0.04623891170000001,0.021113668999999998,0.0324009889,0.0239257304,2.8211589899999997e-05,0.000333872023,0.000132073681,3.77388257e-09,3.86472541e-09,5.6261522299999994e-09,1.0538968450000002e-08,1.668791875e-08,1.86148085e-08,2.92511282e-08,0.00012445666619999998,0.000143515341,3.6393292199999997e-06,98.1111736,69.56709649999999,2.6722494500000003e-08,7.318054930000001,0.000402812631,0.00830204151,5.8186750100000005e-05,2.1112786e-06,0.0005099910670000001,0.0113376018,5.8186750100000005e-05,2.1112786e-06,0.011506050600000001,3.9693651999999995,5.8186750100000005e-05,2.1112786e-06,0.00011869603039999998,0.032841308599999994,5.8186750100000005e-05,2.1112786e-06,0.0114884045,1.3073615099999998e-07,0.00013211444899999998,0.0218408542,1.21864147887,-0.009614567000000001,-0.0108974237,-0.01102945025,2.0884383e-06,5.7520856699999994e-05
113,1687989600,0.0008359628920000001,0.0009679149370000001,0.21119002,-0.370685957,0.0554641931,0.0250547741,0.0429763125,0.0340135376,3.44427491e-05,0.00046286283299999995,0.000131987965,4.246489809999999e-09,4.43993426e-09,6.24166347e-09,1.030122745e-08,1.71264521e-08,2.02240226e-08,3.63059767e-08,0.00025536218260000003,0.00015867444,3.80440471e-06,95.20685999999999,67.98883369999999,3.6407608800000005e-08,7.21959345,0.000477526757,0.011315393200000001,5.815900030000001e-05,2.1293154899999997e-06,0.000728804496,0.0228984769,5.815900030000001e-05,2.1293154899999997e-06,0.01150125085,3.96801245,5.815900030000001e-05,2.1293154899999997e-06,0.00012192156999999999,0.03562616245,5.815900030000001e-05,2.1293154899999997e-06,0.0114867456,1.2745680139999997e-07,0.000132073524,0.06634107933,1.039287012,-0.00961296421,-0.0108960092,-0.01103386885,2.10121995e-06,5.75452069e-05
113,1687990200,0.0007934480860000001,0.0009262516419999998,0.147731259,-0.784626147,0.0530641196,0.0248983862,0.037838655,0.030150919600000003,3.39235075e-05,0.0004561978940000001,0.00013284430800000003,5.5714187e-09,5.8082613499999996e-09,7.680271980000001e-09,1.0922910500000001e-08,1.8157548749999997e-08,1.9745741699999996e-08,2.77818519e-08,0.00023770331860000003,0.00015533020099999997,3.54406873e-06,97.42362010000001,69.1442729,3.508012159999999e-08,7.23560566,0.00045833763499999997,0.010305279640000001,5.9247020700000006e-05,2.24507021e-06,0.0006744938140000001,0.02132820204,5.9247020700000006e-05,2.24507021e-06,0.01154711885,4.00557761,5.9247020700000006e-05,2.24507021e-06,0.00013021577299999996,0.043546318900000006,5.9247020700000006e-05,2.24507021e-06,0.01152387725,1.4675022439999999e-07,0.000132947611,-1.4448038331000004,59.063734027999985,-0.00892152025,-0.01091750235,-0.0110571222,2.24782925e-06,5.9440289099999996e-05
113,1687990800,0.0006352472369999999,0.0007685995139999999,0.272076346,-0.38371166700000003,0.04972651930000001,0.022750290700000002,0.0364511119,0.028575872599999996,2.4540308600000004e-05,0.000359364078,0.00013338904,4.01424894e-09,4.198559320000001e-09,5.8325518e-09,9.42042924e-09,1.7413587699999996e-08,1.92569498e-08,3.5951997000000006e-08,0.000190599213,0.00012284141300000003,4.0450599e-06,95.769149,63.65146020000001,2.9867372700000003e-08,7.3033577900000015,0.00043640041699999994,0.0091750826,5.8178532100000005e-05,2.12389126e-06,0.000627413243,0.017048564499999995,5.8178532100000005e-05,2.12389126e-06,0.01156268925,4.006925600000001,5.8178532100000005e-05,2.12389126e-06,0.0001174006049,0.02932295411,5.8178532100000005e-05,2.12389126e-06,0.0115480692,1.3036636199999998e-07,0.000133488784,0.1321428029,2.4091931947000003,-0.009127872149999999,-0.010955533750000001,-0.0110915345,2.1434407000000004e-06,5.8546813200000005e-05
113,1687991400,0.000889370961,0.00102208436,0.19139106999999997,-0.372634427,0.057864264900000004,0.0258287747,0.0439513415,0.0361136022,4.1217355900000004e-05,0.000501005269,0.00013275562099999998,4.26892866e-09,4.60223559e-09,6.8211788e-09,1.1815992450000001e-08,2.180697195e-08,2.63949995e-08,4.151826439999999e-08,0.00032026588199999997,0.00012081108100000001,3.4011435000000006e-06,90.0200581,60.0416403,3.82422602e-08,7.2882606800000005,0.00050204983,0.012206407899999999,5.95045597e-05,2.3474793599999996e-06,0.000830548104,0.0290205006,5.95045597e-05,2.3474793599999996e-06,0.01154057685,3.9972518999999997,5.95045597e-05,2.3474793599999996e-06,0.0001262638934,0.036007298519999995,5.95045597e-05,2.3474793599999996e-06,0.0115183294,1.48339051e-07,0.000132820997,0.0308390847,0.22232884930000002,-0.0098677774,-0.0108835051,-0.0110280247,2.3239633e-06,5.898706609999999e-05
113,1687992000,0.0011762360439999998,0.00130939297,0.11129911369999998,-0.638030484,0.0646894743,0.029048512199999998,0.0465389208,0.0381011623,8.752321240000001e-05,0.0007004953859999998,0.000133390741,2.2017455159999998e-08,4.867651400000001e-09,7.999054120000001e-09,1.3730620900000002e-08,2.4239436800000006e-08,3.00062426e-08,5.42962863e-08,0.000458476784,0.000126130027,3.1063471500000004e-06,90.31781409999999,60.153166999999996,4.77886956e-08,7.363686319999999,0.0005633713670000001,0.015874144299999997,7.505929380000001e-05,4.15401415e-06,0.0009386456889999998,0.0412044166,7.505929380000001e-05,4.15401415e-06,0.011569827799999998,4.03638061,7.505929380000001e-05,4.15401415e-06,0.000157274222,0.0524339286,7.505929380000001e-05,4.15401415e-06,0.011540405,5.99481843e-07,0.00013378163900000002,-0.26400986579999997,3.386261706,-0.008235365006,-0.010847946649999999,-0.01101821185,4.21254855e-06,7.423899090000001e-05
113,1687992600,0.0027553559900000005,0.00288916651,0.0420800861,-1.203974,0.09165279890000001,0.0460774552,0.0712521744,0.06116436890000001,0.00014793537600000001,0.0014945973309999998,0.00013384783299999999,7.78707976e-09,8.38853831e-09,1.3059200619999999e-08,2.08537762e-08,3.22481529e-08,4.29707276e-08,7.62176818e-08,0.0012542243850000002,0.000119411363,3.7815080300000003e-06,82.50300899999999,53.7336739,1.0025952679999999e-07,6.98835052,0.0008694055730000001,0.032988485500000005,5.9812643100000007e-05,2.1440216600000004e-06,0.0016164950000000001,0.11140197649999999,5.9812643100000007e-05,2.1440216600000004e-06,0.0116041313,4.0642979,5.9812643100000007e-05,2.1440216600000004e-06,0.0001592363649,0.08066506673,5.9812643100000007e-05,2.1440216600000004e-06,0.01156699385,1.7011449000000001e-07,0.000133965767,-0.0161215922,2.0797165083999998,-0.00845541078,-0.0109148916,-0.011061587049999998,2.07483374e-06,5.83017574e-05
113,1687993200,0.0022668981529999997,0.00240068051,0.058149910867,-1.0334646400000003,0.08028995200000001,0.0413347952,0.0613518738,0.053401629799999996,0.00019000799920000001,0.001364308021,0.000133825739,6.04626693e-09,6.4622947699999996e-09,9.80695144e-09,1.65902384e-08,2.8831181600000004e-08,3.1307782900000003e-08,5.325011330000001e-08,0.0010354222069999999,9.507803500000001e-05,2.73155309e-06,81.95149699999999,52.8422372,8.41133341e-08,6.95781638,0.000761145462,0.0265897049,5.96511131e-05,2.371676e-06,0.0014357100730000001,0.0915034632,5.96511131e-05,2.371676e-06,0.011611661700000001,4.07073611,5.96511131e-05,2.371676e-06,0.0001658389935,0.07487658929999999,5.96511131e-05,2.371676e-06,0.0115652017,1.6917560399999997e-07,0.000133923632,0.0533022593,1.9497935382999998,-0.008884436629999999,-0.010889553800000002,-0.0110490039,2.3457269700000005e-06,5.877266820000001e-05
113,1687993800,0.00144234577,0.0015763440600000001,0.0640428588,-0.968102045,0.07038964840000002,0.0331475791,0.0496515155,0.0424137941,0.00014544504670000003,0.001031468828,0.000134041186,7.1041457599999994e-09,9.01453656e-09,1.088436744e-08,1.787905135e-08,3.56740012e-08,3.17730939e-08,5.9286222599999994e-08,0.000603331732,0.00011470096259999999,2.9184411600000005e-06,87.28344100000001,56.4345661,5.664444679999999e-08,7.178749169999999,0.0006333598639999999,0.0186244735,6.04436809e-05,2.2377342299999996e-06,0.0011026046900000001,0.0530823072,6.04436809e-05,2.2377342299999996e-06,0.0115941163,4.03189962,6.04436809e-05,2.2377342299999996e-06,0.0001210592145,0.030873812079999997,6.04436809e-05,2.2377342299999996e-06,0.01157616115,1.80404691e-07,0.00013418814000000002,-0.1059001858,2.8577318274999994,-0.008971620750000001,-0.01091166225,-0.0110630239,2.21223957e-06,6.0060059e-05
113,1687994400,0.0028334905140000007,0.0029673197790000003,0.0611199934,-1.248248282,0.0817149947,0.0453406323,0.0600768341,0.05265160729999999,0.00030869166280000004,0.0018882884259999997,0.000133869147,6.878189169999999e-09,8.2635245e-09,1.826668075e-08,2.3186701000000002e-08,3.63949865e-08,4.6902868e-08,1.329308269e-07,0.0013259576734999997,8.65410015e-05,3.92648005e-06,80.00985,52.207559200000006,1.0288717909999998e-07,7.0835592300000005,0.000829955965,0.03333294025,5.8630261299999995e-05,2.19212847e-06,0.0015005378419999998,0.11545903906000002,5.8630261299999995e-05,2.19212847e-06,0.011589973100000001,4.03340938,5.8630261299999995e-05,2.19212847e-06,0.0001491241156,0.0430289155,5.8630261299999995e-05,2.19212847e-06,0.0115673999,1.8611694000000002e-07,0.000133991467,-0.0522719614,1.224481403,-0.00907218365,-0.010864790650000001,-0.011025552099999999,2.1802511e-06,5.86027543e-05
113,1687995000,0.001134369989,0.001267314897,0.16823747759999996,-0.6805643779999999,0.07166468630000002,0.028952630099999998,0.0457888982,0.038626178,8.96219326e-05,0.0007360034130000001,0.000133171237,7.2973155e-09,8.945399020000001e-09,1.9538454600000002e-08,1.924929535e-08,3.47357362e-08,3.77711024e-08,1.068080744e-07,0.0004823482340000001,8.03990025e-05,3.9674283299999996e-06,86.57726199999999,52.327900799999995,4.6358328e-08,7.27922854,0.000583701437,0.016512826749999997,7.233194559999999e-05,4.2330055e-06,0.000978515992,0.0433102461,7.233194559999999e-05,4.2330055e-06,0.011550661399999999,4.01345237,7.233194559999999e-05,4.2330055e-06,0.000129928061,0.03548382992,7.233194559999999e-05,4.2330055e-06,0.011531713099999999,5.778866220000001e-07,0.000133558728,-0.37252601184,6.544918824999999,-0.007382656379999998,-0.0107201277,-0.0109316229,4.26528351e-06,7.19444101e-05
113,1687995600,0.000672214581,0.00080583494,0.1488231366,-0.7063487370000001,0.054414162,0.023185441600000002,0.033226013900000004,0.0273383347,4.6184593500000004e-05,0.000430133781,0.00013366107600000003,4.66437499e-09,5.573117889999999e-09,8.553976719999999e-09,1.4259469299999998e-08,2.83944498e-08,3.1954985600000006e-08,8.71849782e-08,0.0002757509056,5.65632373e-05,3.56204508e-06,86.88656110000001,48.131453500000006,3.1116712e-08,7.378045750000001,0.00047362475200000005,0.01113666828,5.88665031e-05,2.2718920500000004e-06,0.000743833533,0.024626294,5.88665031e-05,2.2718920500000004e-06,0.0115679481,4.00275629,5.88665031e-05,2.2718920500000004e-06,0.00010014633900000001,0.01402448601,5.88665031e-05,2.2718920500000004e-06,0.01155956625,1.6692824399999998e-07,0.000133791577,0.001474388190000006,3.9937341330000002,-0.00886328715,-0.01088981425,-0.011047044350000002,2.27643637e-06,5.86798466e-05
113,1687996200,0.0007196516159999999,0.0008535543760000002,0.011513574300000001,-1.29947122,0.042001282400000006,0.0243702313,0.027975854099999996,0.0237757258,4.27020495e-05,0.0004449201319999999,0.00013437932499999998,2.447336463e-08,4.537673739999999e-09,1.11367381e-08,1.69390164e-08,3.3505046600000006e-08,5.6910973700000006e-08,1.01934353e-07,0.000324865587,3.11180881e-05,3.10406721e-06,85.2353092,42.93980460000001,3.26937825e-08,7.40714548,0.0005180886310000001,0.012949785149999999,6.436599189999999e-05,2.92895666e-06,0.0008238909500000001,0.030536936599999998,6.436599189999999e-05,2.92895666e-06,0.011580333799999998,4.0198926,6.436599189999999e-05,2.92895666e-06,0.00017820525,0.04084289153,6.436599189999999e-05,2.92895666e-06,0.011579837800000001,1.143482462e-06,0.000135043533,-0.16621999110000002,3.4831540049000003,-0.00706091291,-0.01076785745,-0.010986262749999998,4.0096488099999995e-06,7.15209172e-05
113,1687996800,0.000956031441,0.001090526594,-0.04219970359999999,-1.31817707,0.0452638818,0.027772101299999997,0.0316509666,0.026738316,5.64584987e-05,0.000554518553,0.00013453602400000003,5.92669907e-09,6.48189277e-09,8.91986664e-09,1.4782338000000001e-08,2.70617978e-08,3.35207067e-08,8.65148348e-08,0.00043204344599999996,4.3023943e-05,2.7086214799999998e-06,86.76422339999999,45.535471099999995,4.05983134e-08,7.23729579,0.000530895921,0.013857265670000002,5.9202555899999996e-05,2.2648917600000003e-06,0.0009236372320000002,0.0386762946,5.9202555899999996e-05,2.2648917600000003e-06,0.011609169899999999,4.0407466,5.9202555899999996e-05,2.2648917600000003e-06,0.0001240991414,0.03352902882,5.9202555899999996e-05,2.2648917600000003e-06,0.0115945413,1.59066243e-07,0.000134593719,-0.04677485274999999,3.5992100335000012,-0.008960483319999999,-0.010951655599999999,-0.011094625700000001,2.255028e-06,5.9105446000000004e-05
113,1687997400,0.000720315289,0.0008541848579999998,-0.036631673499999996,-0.8409727199999999,0.0546016669,0.023891205800000002,0.032738500000000004,0.025125766799999998,5.17879217e-05,0.00045419985900000006,0.000133904442,4.24577895e-09,4.9102003700000005e-09,6.8696567399999996e-09,1.2309174099999999e-08,1.95708903e-08,4.165389059999999e-08,6.500538919999999e-08,0.00027960624099999996,7.8198473e-05,2.1530679299999997e-06,89.80148750000001,52.6180164,3.27284408e-08,7.279569530000001,0.0004667811910000001,0.0109202153,5.84375255e-05,2.08956755e-06,0.000772021421,0.0252839084,5.84375255e-05,2.08956755e-06,0.0115835474,4.016879810000001,5.84375255e-05,2.08956755e-06,0.00010766795840000001,0.01857997006,5.84375255e-05,2.08956755e-06,0.011569820499999998,1.4456560300000001e-07,0.00013400619400000003,-0.002071106100000003,2.821090166,-0.00872433769,-0.01096183115,-0.0111016494,2.10498774e-06,5.846000680000001e-05
113,1687998000,0.000557505223,0.00068947919,-0.03708581439999999,-0.2622314588,0.056176715700000004,0.0209342355,0.029963414800000004,0.0232132083,3.8764147500000004e-05,0.00038363664800000004,0.000132017014,1.0847696159999999e-08,1.428092749e-08,1.1126164619999999e-08,1.81875273e-08,2.6710056199999997e-08,3.9248615500000004e-08,7.82235221e-08,0.00018444516800000002,9.166802610000001e-05,2.37715432e-06,92.446536,56.5724296,2.71768569e-08,7.5500941699999995,0.00044839096700000005,0.010772711450000002,5.86081466e-05,2.2279130000000004e-06,0.000633096398,0.017893016199999997,5.86081466e-05,2.2279130000000004e-06,0.011500276450000001,3.96235955,5.86081466e-05,2.2279130000000004e-06,0.000122057603,0.025395072160000004,5.86081466e-05,2.2279130000000004e-06,0.0114857568,2.2396895699999996e-07,0.000132140263,-0.63686389,35.04904646600001,-0.00598249115,-0.010818937299999998,-0.010982403800000002,2.2533626e-06,5.88517022e-05
113,1687998600,0.000590921582,0.000723651754,-0.0210762636,-0.8937413377000001,0.0614268759,0.022139554199999998,0.023625721000000002,0.0188255748,5.74668099e-05,0.000439577011,0.000133061873,7.019954520000001e-09,7.848101029999999e-09,1.063687403e-08,1.6830198989999998e-08,2.7967655399999995e-08,4.70787997e-08,9.06387144e-08,0.00021806592709999994,7.36610844e-05,3.14157807e-06,87.810996,52.512456099999994,2.8329844899999998e-08,7.595674810000001,0.000456058891,0.01102444621,6.671392619999999e-05,3.3499422899999998e-06,0.000620517647,0.02023613024,6.671392619999999e-05,3.3499422899999998e-06,0.01152242735,3.9843021399999996,6.671392619999999e-05,3.3499422899999998e-06,0.0001393982324,0.018074905619999998,6.671392619999999e-05,3.3499422899999998e-06,0.011525807400000001,7.791486330000002e-07,0.00013361325199999998,-1.21426210634,49.927809790000005,-0.005694572904599999,-0.010780936549999998,-0.010983685750000001,3.5264854700000005e-06,6.796674300000002e-05
113,1687999200,0.0007411399660000001,0.0008746451979999998,-0.030612825490000002,-0.9231627099999999,0.0582392795,0.0245797134,0.030300924999999996,0.023700723300000004,7.162422570000001e-05,0.000565788175,0.000133549169,6.082148029999999e-09,8.400723779999999e-09,8.47388449e-09,1.638494935e-08,2.4123017100000004e-08,2.8351684999999994e-08,9.352564790000001e-08,0.000284327918,8.3335459e-05,2.67436988e-06,91.3316375,53.8175087,3.33733047e-08,7.470456689999999,0.00048612296100000003,0.011962274149999999,5.978696e-05,2.30789388e-06,0.000758937951,0.0252712288,5.978696e-05,2.30789388e-06,0.0115640077,4.005077480000001,5.978696e-05,2.30789388e-06,0.00011634773549999999,0.02199918016,5.978696e-05,2.30789388e-06,0.01155551925,1.7709619800000002e-07,0.00013370849799999998,-0.23987700624000002,4.631539273,-0.00848163145,-0.010893834799999998,-0.0110458597,2.30068297e-06,5.98584033e-05
113,1687999800,0.00042041102400000005,0.0005534127569999999,-0.035522132649999996,-0.6786006849999999,0.051076560199999996,0.019073117800000004,0.0207756339,0.0148504534,4.5641623799999996e-05,0.00034760754700000003,0.00013315010000000002,6.6529449e-09,7.38840426e-09,9.85514946e-09,2.0885056150000002e-08,2.8062624e-08,5.661074809999999e-08,8.82073796e-08,0.000155989355,5.0983676199999995e-05,2.8445159900000002e-06,88.93741710000002,45.7153472,2.2665693799999998e-08,7.7099036100000005,0.00042643719599999997,0.00956452386,6.392011969999999e-05,2.9154600200000005e-06,0.00055360294,0.014756994700000001,6.392011969999999e-05,2.9154600200000005e-06,0.01154025655,3.9871719800000003,6.392011969999999e-05,2.9154600200000005e-06,0.000128734078,0.019539099989999996,6.392011969999999e-05,2.9154600200000005e-06,0.0115326416,4.27533376e-07,0.000133420071,1.2317134490000001,53.57072745000001,-0.004275904959999999,-0.01081156585,-0.0109815565,3.0217033799999998e-06,6.4291837e-05
113,1688000400,0.00046739405,0.000599409321,-0.0680201347,-0.779881489,0.0430513135,0.019705452800000002,0.020438123400000004,0.01571297984,3.75987671e-05,0.000350465906,0.00013232075499999997,7.090694139999999e-09,7.0261026299999995e-09,9.440929120000002e-09,1.853329315e-08,2.78756564e-08,4.38411861e-08,1.0074415859999999e-07,0.0001668106327,6.384554030000001e-05,2.49229415e-06,89.86507850000001,50.7409387,2.416411685e-08,7.671752459999999,0.000437882138,0.01010913365,8.1176418e-05,4.93368569e-06,0.000523484825,0.015405936879999999,8.1176418e-05,4.93368569e-06,0.0115071797,3.9831010899999995,8.1176418e-05,4.93368569e-06,0.00012618404840000001,0.025055272905,8.1176418e-05,4.93368569e-06,0.011489513400000002,7.4205358e-07,0.000132752457,-0.3940209671,5.587951370000001,-0.007328923063999998,-0.0106958251,-0.010903167549999999,5.02350443e-06,7.917253060000002e-05
113,1688001000,0.0005244290759999999,0.00065659617,-0.0414872082,-0.8683826669999999,0.0455263903,0.0210488941,0.0228756983,0.017550535800000003,4.2657532799999996e-05,0.00037990672999999996,0.000132233184,4.108647750000001e-09,4.83785703e-09,6.5844722300000016e-09,1.494825735e-08,2.8612696499999997e-08,3.3065531099999994e-08,9.90362077e-08,0.00019501369000000002,6.46444138e-05,2.29502765e-06,90.948928,50.63179720000001,2.60714628e-08,7.564704969999999,0.00044196928899999994,0.010119632949999999,6.17915933e-05,2.7101795599999994e-06,0.000605957763,0.0177033145,6.17915933e-05,2.7101795599999994e-06,0.011506473950000002,3.96684736,6.17915933e-05,2.7101795599999994e-06,0.00011276502959999999,0.02224316174,6.17915933e-05,2.7101795599999994e-06,0.01149224815,2.2597786999999994e-07,0.00013229933600000001,-0.0998775351,2.3621096134000004,-0.00862731034,-0.010790888450000001,-0.010952802099999999,2.69743288e-06,6.06049834e-05
113,1688001600,0.000381678806,0.000513576868,-0.07162953700000001,-0.35000979600000004,0.0438763392,0.0177710612,0.0202131171,0.014175432620000001,4.51399183e-05,0.0003210348569999999,0.00013193022900000003,4.06744645e-09,4.691013889999999e-09,7.9338744e-09,1.3023359799999999e-08,3.489592230000001e-08,2.4891855299999997e-08,1.017765596e-07,0.0001241241985,6.397717260000001e-05,2.48735849e-06,92.784929,49.9639287,2.1313153e-08,7.628660720000001,0.000409234845,0.00873133697,5.74834774e-05,1.97409513e-06,0.00045673796899999995,0.011418549319999999,5.74834774e-05,1.97409513e-06,0.0114911729,3.952562290000001,5.74834774e-05,1.97409513e-06,0.0001068273878,0.020466709660000002,5.74834774e-05,1.97409513e-06,0.011488029,1.7095886499999998e-07,0.000132146416,0.11644936306000002,6.136450600400001,-0.00859037872,-0.0108231978,-0.010973749750000001,1.9865439600000006e-06,5.7081596500000006e-05
113,1688002200,0.000344557484,0.0004769506089999999,-0.02297083203,-0.603172358,0.046388916200000005,0.0176872486,0.0185255653,0.0127128881,5.4188943700000004e-05,0.000336907221,0.000132430425,4.27021623e-09,4.38546847e-09,6.09137511e-09,1.2108522949999999e-08,2.7124997300000007e-08,2.2804733e-08,1.192386599e-07,0.00010082740019999997,6.865148089999999e-05,2.56584173e-06,92.8381775,51.7052089,2.01223387e-08,7.63370602,0.000396957592,0.00828753663,5.8830055699999996e-05,2.18747294e-06,0.000432061951,0.009126313120000002,5.8830055699999996e-05,2.18747294e-06,0.01151082865,3.96620592,5.8830055699999996e-05,2.18747294e-06,0.00010840839750000001,0.019741254424,5.8830055699999996e-05,2.18747294e-06,0.0115060411,1.6181549e-07,0.00013255111499999999,0.010635801700000001,3.006246262,-0.008668709130000002,-0.01085909155,-0.0110047354,2.1927038499999996e-06,5.8660509799999996e-05
113,1688002800,0.0004618478090000001,0.000593885678,-0.0193044591,-0.17401494283000002,0.053889144099999994,0.0194517237,0.0261007969,0.0190880825,5.263593080000001e-05,0.000381438531,0.00013207384,6.354741149999999e-09,5.2805467599999996e-09,8.70605764e-09,1.3194963749999998e-08,3.58843221e-08,2.7515560499999997e-08,7.550884379999999e-08,0.0001479245362,8.05500253e-05,2.23081586e-06,93.23515289999999,54.960620199999994,2.39971872e-08,7.58719438,0.000426983549,0.00942800438,5.775887419999999e-05,2.13324696e-06,0.000541600034,0.01353534689,5.775887419999999e-05,2.13324696e-06,0.011492990550000002,3.9530386900000005,5.775887419999999e-05,2.13324696e-06,0.000115963386,0.018739746196000003,5.775887419999999e-05,2.13324696e-06,0.011492327899999998,1.8321807599999998e-07,0.000132257263,-0.0095632719,0.9505023495,-0.0087825342,-0.01079589955,-0.0109553603,2.1215726e-06,5.774795899999999e-05
113,1688003400,0.0005044681559999999,0.00063653826,0.014603879549999999,-0.46711030880000004,0.0501015298,0.020152625200000003,0.0268883203,0.020550627199999998,4.1592751800000005e-05,0.00038863035800000003,0.000132108138,5.5149246299999996e-09,5.509676730000001e-09,7.76255809e-09,1.336138335e-08,3.4235127700000004e-08,2.3624963499999998e-08,1.043937268e-07,0.0001553212056,9.426780240000001e-05,2.39308284e-06,94.9603262,58.6215308,2.5404996899999996e-08,7.554738380000001,0.000430745914,0.00953287492,5.786115600000001e-05,2.19185155e-06,0.000540497666,0.014217489960000001,5.786115600000001e-05,2.19185155e-06,0.0114986406,3.9556450400000003,5.786115600000001e-05,2.19185155e-06,0.00011236322460000001,0.015555922160000003,5.786115600000001e-05,2.19185155e-06,0.011492429549999999,1.81170518e-07,0.000132257492,-0.045309756099999994,2.6935601100000004,-0.00861353557,-0.010806961600000001,-0.0109602821,2.19328025e-06,5.785876070000001e-05
113,1688004000,0.000669687324,0.0008018238800000001,0.0011930987540000007,-0.523016166,0.05523918600000001,0.0226660157,0.032625995799999995,0.0251632677,4.81003277e-05,0.000449565895,0.00013223974300000002,6.427418600000001e-09,5.5357629099999994e-09,7.900392210000002e-09,2.0940100899999998e-08,1.5094876699999999e-07,2.10012601e-08,6.75412834e-08,0.000196258417,0.00013600025749999997,2.1839252399999996e-06,94.63942039999999,65.43927199999999,3.08838459e-08,7.391655900000001,0.0005616399060000001,0.015876111000000002,6.843383520000001e-05,3.38439855e-06,0.0006274376409999999,0.0177699623,6.843383520000001e-05,3.38439855e-06,0.0115098964,3.9749677299999995,6.843383520000001e-05,3.38439855e-06,0.0001395861285,0.030968516550000002,6.843383520000001e-05,3.38439855e-06,0.011492998300000001,5.27211748e-07,0.000132617006,-0.41787048196999993,1.98505167,-0.00835308109,-0.010434703449999999,-0.0106434845,3.3572073899999993e-06,6.80672771e-05
113,1688004600,0.000418231577,0.000550600616,0.019127751130000002,-0.852468282,0.0420012821,0.0191991761,0.0217506644,0.0158629842,2.51329842e-05,0.00029932272399999996,0.000132422745,1.016560125e-08,6.7987547500000014e-09,9.77774322e-09,2.3305473100000003e-08,1.5621228529999998e-07,2.51097983e-08,7.72030812e-08,5.3713054500000005e-05,0.000152642894,2.3798595e-06,99.0474571,75.9726596,2.25612007e-08,7.694096709999999,0.000531650455,0.014429646700000002,6.124566470000001e-05,2.4520873e-06,0.00032577621000000003,0.00570421254,6.124566470000001e-05,2.4520873e-06,0.0115254368,3.9834830999999995,6.124566470000001e-05,2.4520873e-06,0.000140962777,0.03392684109000001,6.124566470000001e-05,2.4520873e-06,0.011505287550000002,4.694721120000001e-07,0.000132840176,-0.051243676,7.283696103,-0.00624309306,-0.0104699212,-0.0106689695,2.4472736799999997e-06,6.043947119999999e-05
113,1688005200,0.000567631987,0.0007002465960000001,0.0581350721,-0.6110273100000001,0.054189153899999995,0.0215305199,0.029288393000000003,0.021750663999999996,5.16054622e-05,0.00042343531899999997,0.000132650184,6.46794248e-09,5.58054668e-09,9.36725747e-09,1.5224022400000002e-08,4.5521891800000004e-08,3.666312120000001e-08,7.937907409999998e-08,0.0001716797386,0.0001092257849,2.66869538e-06,95.11113399999999,60.9754949,2.7521168599999996e-08,7.48381065,0.000460608956,0.011001496099999999,5.848132840000001e-05,2.0942935e-06,0.000580284594,0.01564665048,5.848132840000001e-05,2.0942935e-06,0.01152620995,3.9752946299999996,5.848132840000001e-05,2.0942935e-06,0.00012244048830000002,0.01667428811,5.848132840000001e-05,2.0942935e-06,0.01151363405,2.09595187e-07,0.00013277385900000002,-0.10430604939999996,8.150672371499997,-0.00806514236,-0.0107949151,-0.0109558832,2.1196719900000005e-06,5.82900819e-05
113,1688005800,0.0055359821399999995,0.00566956035,0.076789720536,0.6032311470000004,0.22103173690000003,0.0451897306,0.070952168,0.0490514969,0.003563544574,0.017037977534,0.000134492204,1.25205199316e-06,4.87551319786e-06,1.0180648949490002e-05,1.0894478208e-05,1.18577749318e-05,0.00019069413975679998,0.0013106444757556,0.000546937954,0.0002526667828,0.00042704444207,88.2577579,56.9775681,1.683390063e-07,7.49349251,0.007232813686999999,25.124047159049997,7.80312236e-05,5.79601104e-06,0.0011631082539999998,0.4498565674,7.80312236e-05,5.79601104e-06,0.0116283783,4.12542537,7.80312236e-05,5.79601104e-06,0.0003191074354,0.12086746696000002,7.80312236e-05,5.79601104e-06,0.011938115199999998,8.5993587717e-05,0.00021961067,-0.09669545300000004,16.587316107,0.04154754872000001,-0.008903376670000001,-0.009949944070000001,0.00023970446189999997,0.0025124341353
113,1688006400,0.391507765035,0.39164174073,-0.046012974000000005,1.0705118100000002,1.4683198075,0.31882416379999995,0.6965462778,0.5081030263,0.121460682624,0.512896477498,0.00021506642,1.9237921954e-06,2.62732823839e-05,0.00013363138847333,0.00010033552028779998,0.00019672075495769998,0.0621169268400613,0.020033896292597997,0.057671735058700005,0.0047400950645,0.050651253453239994,94.4034418,61.127078399999995,1.1195818874000001e-05,8.04701195,0.07401175326699999,1662.5937022521998,0.0014067609129,0.00017602759106999998,0.004821320797999999,9.824561286999998,0.0014067609129,0.00017602759106999998,0.0138592574,12.87213767,0.0014067609129,0.00017602759106999998,0.001821488894,4.362560153350001,0.0014067609129,0.00017602759106999998,0.0275883011,0.003849496939790001,0.003982432559,-0.088115022,15.15475899,0.18127146769,0.034939231434,0.018627627770000002,0.0024438102246,0.016482957535499998
113,1688007000,0.019697220736999997,0.019830176924999998,-0.23860395595,1.083204425,0.3096094507,0.0731195276,0.1395417613,0.1047781976,0.007441184075,0.027354686516000003,0.000133628222,6.700585375999999e-08,6.729153098999999e-08,8.923423617e-08,3.922293671e-07,0.000312423898197,0.0001901629327924,0.0003028078939698,0.007069211525499999,0.00032173511510000003,0.00165096602449,95.7171492,58.9608433,5.530550362e-07,7.98506816,0.01148310886,31.607383477400003,8.742444590000001e-05,6.73434571e-06,0.0041593111290000005,2.4209252325,8.742444590000001e-05,6.73434571e-06,0.011638487800000001,4.37847881,8.742444590000001e-05,6.73434571e-06,0.0004961818585000001,0.40398674119999994,8.742444590000001e-05,6.73434571e-06,0.012556793,0.000328707684904,0.00046169532699999997,-0.0687697046,7.6138991753,0.04223055614,-0.009297788880000001,-0.010099134200000002,0.0006630497350999999,0.0042210335379
113,1688007600,0.053691213955,0.05382486381599999,-0.0760079002,-0.017573271000000012,0.3588109415,0.0858953949,0.1722052631,0.12495381530000002,0.018502512647599997,0.071068134196,0.000143329845,7.018730900400001e-07,6.678166747e-07,8.5380891044e-07,2.1916272694999998e-06,0.0005168319749387,0.00026851508411469995,0.0001433618216694,0.020879012498,0.000262749164,0.004761023426759999,91.60688350000001,63.3806471,1.6591055066999999e-06,7.8614932,0.015468264464,38.0078636441,0.00017906887540000002,2.4309584460000003e-05,0.0039055595310000003,6.86787342818,0.00017906887540000002,2.4309584460000003e-05,0.01190275385,4.78980165,0.00017906887540000002,2.4309584460000003e-05,0.0003919892614,0.2813892808800001,0.00017906887540000002,2.4309584460000003e-05,0.017914121650000003,0.0005169474901700001,0.000650754074,-0.13089525669399998,13.482872828500001,0.05424888453,0.0068149003,0.003610582,0.00038829842999999994,0.0027166302867
113,1688008200,0.000659258961,0.00079218644,0.05653991757000001,-0.3970238898,0.0567767329,0.0222070203,0.0328135018,0.023850727400000004,6.88919878e-05,0.000507024392,0.000133072754,6.146392129999999e-09,8.96802715e-09,1.40582795e-08,3.73553833e-08,5.2384639500000005e-08,8.56730923e-08,1.5881750400000001e-07,0.0002025815056,0.0001238167535,2.70972379e-06,92.5905195,64.1841572,3.0573490399999996e-08,7.48744213,0.000517099004,0.0162631987,7.205464079999999e-05,4.25022048e-06,0.000597764173,0.01872218541,7.205464079999999e-05,4.25022048e-06,0.0115468847,4.00517125,7.205464079999999e-05,4.25022048e-06,0.0001294398221,0.034456349139999995,7.205464079999999e-05,4.25022048e-06,0.0115302782,4.943508579999999e-07,0.000133438896,-0.6717724016000001,6.1184832796,-0.007083313730000001,-0.0106340346,-0.0108523183,4.29908353e-06,7.292156070000001e-05
113,1688008800,0.0010460471449999999,0.00117956394,0.03027773406,-1.1593002700000001,0.062364404000000005,0.029270870799999998,0.0378386544,0.0307509384,8.680792600000001e-05,0.0006857917339999999,0.00013355499200000002,5.33881685e-09,6.3582538e-09,1.099309945e-08,2.17846307e-08,8.337186690000001e-08,4.0884619099999995e-08,5.5411669e-08,0.00041186463499999997,0.0001081946566,2.69006267e-06,89.4247364,56.9424073,4.34717682e-08,7.268439750000001,0.000605513105,0.017978628000000003,5.90500726e-05,2.16680658e-06,0.0009150106369999998,0.0362501528,5.90500726e-05,2.16680658e-06,0.0115784239,4.03047238,5.90500726e-05,2.16680658e-06,0.00014429721639999996,0.04887160385,5.90500726e-05,2.16680658e-06,0.0115551429,2.78200978e-07,0.00013380081600000002,0.00018047259999999857,0.7163688871,-0.0087138219,-0.0107037478,-0.010887473399999998,2.1529980199999996e-06,5.86951069e-05
113,1688009400,0.0019349800439999998,0.002067995475,0.02686960692,-1.0821232109999999,0.07503979050000001,0.0386850193,0.052239094500000006,0.044438856900000004,0.00018757464540000002,0.0012595226169999998,0.000133126531,1.660093119e-08,1.015917628e-08,1.528190575e-08,2.7699609799999998e-08,9.95484551e-08,3.65237794e-08,6.102982269999999e-08,0.0008382187229999999,0.000126518565,2.3577369700000004e-06,83.88591640000001,57.5227615,7.29875134e-08,6.9532568800000005,0.000755677041,0.027700836600000008,6.603864689999999e-05,3.08949318e-06,0.0012584445429999998,0.0740821473,6.603864689999999e-05,3.08949318e-06,0.011553544999999998,4.01353945,6.603864689999999e-05,3.08949318e-06,0.00015683815239999997,0.04531345227,6.603864689999999e-05,3.08949318e-06,0.01153172405,4.5790010699999996e-07,0.00013343940400000002,-0.26683632580000005,1.4627289535999999,-0.00855672055,-0.0105819329,-0.010789493749999999,3.0566827200000003e-06,6.453493570000001e-05
113,1688010000,0.001251959863,0.0013853546359999997,-0.010866448449999998,-1.199766006,0.0543391594,0.030774684399999995,0.036338609200000004,0.030713437599999997,0.0001229877411,0.000812818441,0.00013343919800000003,6.01743503e-09,7.56878922e-09,1.054799567e-08,2.4055693000000002e-08,1.266022889e-07,2.7344476199999996e-08,6.17308421e-08,0.0005069424696,0.00011614134940000002,2.57697758e-06,87.20531770000001,59.065377,5.033380780000001e-08,7.213275479999998,0.0006620067959999999,0.021815441749999998,6.02853349e-05,2.21485901e-06,0.0009058790510000001,0.0451820646,6.02853349e-05,2.21485901e-06,0.011584355250000001,4.04011449,6.02853349e-05,2.21485901e-06,0.000151029633,0.05515812405,6.02853349e-05,2.21485901e-06,0.0115434895,3.5776891200000003e-07,0.000133610132,0.0035914083999999983,-0.16990719499999998,-0.009330296149999999,-0.010575706350000002,-0.010774312099999999,2.1177793299999996e-06,5.85935437e-05
113,1688010600,0.000910736835,0.001044154419,-0.009026029400000002,-0.8728884162000001,0.0590268019,0.0262930259,0.0356260871,0.028500870299999998,9.11323261e-05,0.0006336990740000001,0.00013350129700000001,5.891619780000001e-09,6.53434748e-09,1.086232646e-08,1.51329258e-08,3.58374501e-08,3.98236958e-08,7.064068000000001e-08,0.0003443748646,0.00010769154549999998,3.0284703699999998e-06,88.13790900000001,58.489437099999996,3.89944249e-08,7.345240129999999,0.0005324664890000001,0.0140005407,6.38772086e-05,2.92800318e-06,0.000804279164,0.0304908439,6.38772086e-05,2.92800318e-06,0.011561926049999999,4.0080602999999995,6.38772086e-05,2.92800318e-06,0.000124168679,0.02692468293,6.38772086e-05,2.92800318e-06,0.01153684,2.49419922e-07,0.00013334995500000003,0.36774044702,3.6106827428034003,-0.00787192001,-0.010803957299999998,-0.010986974699999999,2.55562792e-06,5.97593003e-05
113,1688011200,0.001685808553,0.001818709587,-0.0598081104,-0.737561051,0.0753398012,0.03355928,0.0517515791,0.04395134100000001,0.00011905690400000001,0.001005173351,0.00013294007,6.51807716e-09,6.88418688e-09,9.3782683e-09,1.8646753800000002e-08,4.46286951e-08,3.30490788e-08,7.14648069e-08,0.0007651349030000001,7.48764303e-05,2.6546520500000005e-06,83.7468744,50.0329592,6.47147679e-08,7.25716099,0.0006489482749999999,0.0216145841,5.8473449300000004e-05,2.16178633e-06,0.0011940201500000001,0.067918574,5.8473449300000004e-05,2.16178633e-06,0.011542776000000001,3.99881472,5.8473449300000004e-05,2.16178633e-06,0.000139711746,0.038068165298,5.8473449300000004e-05,2.16178633e-06,0.01152711565,1.8752547899999997e-07,0.000133064129,0.022754765699999995,0.500997909,-0.00922320725,-0.010815683949999998,-0.0109770584,2.13995046e-06,5.79582525e-05
113,1688011800,0.00992460529,0.010058756299999999,-0.021206611500000003,-1.3065030199999998,0.15742981,0.08691132830000001,0.132754053,0.12251623950000001,0.000472441383,0.00496254499,0.00013464329100000002,2.15987645e-08,1.913622035e-08,2.5024381800000002e-08,5.12826094e-08,6.868296889999999e-08,9.43897185e-08,2.54740957e-07,0.004877926489999999,8.00545277e-05,3.27968084e-06,71.4608958,50.353774099999995,3.3850828399999995e-07,6.65227702,0.00152744472,0.1069795007,9.38099652e-05,6.501597870000001e-06,0.00317878539,0.42706332599999997,9.38099652e-05,6.501597870000001e-06,0.011686025999999999,4.23762469,9.38099652e-05,6.501597870000001e-06,0.000291014932,0.208217361,9.38099652e-05,6.501597870000001e-06,0.011579082899999999,1.1432867710000003e-06,0.00013521327,0.35415404419999996,29.217169358999996,-0.006137353269999999,-0.01061700475,-0.0108836524,6.333862929999999e-06,8.79943535e-05
113,1688012400,0.00783278698,0.007966304929999998,-0.0304956858,-1.36915707,0.13549163699999997,0.0756121242,0.1087533208,0.09982805,0.00037590846200000004,0.0041202088,0.000133779189,1.986551845e-08,2.1072576840000003e-08,2.7101517970000004e-08,4.2730092750000005e-08,5.540058699999999e-08,7.41912784e-08,1.652189896e-07,0.00384721025,6.560722659999999e-05,2.89919662e-06,73.3874251,49.9976701,2.691414414e-07,6.63533219,0.00130596145,0.08369305140000001,8.249504850000001e-05,5.47163932e-06,0.0027023510100000004,0.3337538455,8.249504850000001e-05,5.47163932e-06,0.0116380541,4.18706626,8.249504850000001e-05,5.47163932e-06,0.00026498119700000004,0.1997285166,8.249504850000001e-05,5.47163932e-06,0.011560159749999998,6.339239270000001e-07,0.00013426699899999998,-0.9037454339999998,9.1990054865,-0.00593251692,-0.010683878550000001,-0.01092247325,5.39226396e-06,8.03993222e-05
113,1688013000,0.00454776814,0.00468096324,-0.033140053600000004,-1.1984161199999999,0.1116409035,0.0577532143,0.08887771289999999,0.0809649715,0.000264602784,0.0024098880900000003,0.00013328730499999997,1.4014375289999996e-08,1.4541377929999999e-08,1.8498611599999994e-08,2.7401736300000003e-08,4.5163693000000005e-08,5.97776629e-08,1.101181701e-07,0.00221073609,6.040083900000001e-05,2.3278808e-06,73.360761,49.7033166,1.59863634e-07,6.77115234,0.0010319970299999999,0.0505207976,6.585814899999999e-05,2.9803524600000002e-06,0.00213310555,0.194863691,6.585814899999999e-05,2.9803524600000002e-06,0.01157611375,4.04680473,6.585814899999999e-05,2.9803524600000002e-06,0.00017970718149999996,0.0780559691,6.585814899999999e-05,2.9803524600000002e-06,0.01153917905,2.40361811e-07,0.000133393311,-0.11846634059999997,2.5309829257,-0.00891188892,-0.010869934199999999,-0.0110329709,2.83497064e-06,6.34499505e-05
113,1688013600,0.00986596345,0.00999905261,-0.020015265999999997,-1.24685778,0.1553297416,0.0854498028,0.13515412759999998,0.124428798,0.000423867411,0.0046705776,0.000133175136,2.8035760899999995e-08,2.8126451070000002e-08,3.46524983e-08,5.41102622e-08,7.20692922e-08,1.0077665500000001e-07,1.8311332860000003e-07,0.00483908977,9.069790499999999e-05,2.5532353699999997e-06,71.12053,50.5960443,3.3676709699999997e-07,6.49207386,0.0015185527099999998,0.10654954950000002,6.486666980000001e-05,2.7976180299999997e-06,0.0031720505600000004,0.426772043,6.486666980000001e-05,2.7976180299999997e-06,0.011610923499999998,4.134492400000001,6.486666980000001e-05,2.7976180299999997e-06,0.000247164453,0.16815326560000002,6.486666980000001e-05,2.7976180299999997e-06,0.01153938975,2.39365587e-07,0.00013339744100000002,-0.2250966345,2.765594699,-0.00882346633,-0.010833226050000002,-0.010994163599999999,2.6247520599999996e-06,6.0965188999999993e-05
113,1688014200,0.00693010738,0.007063393899999999,-0.030350987300000003,-1.23557568,0.13324156550000002,0.07180323489999998,0.111978416,0.102528131,0.00030935715700000004,0.00343510001,0.00013340987500000002,2.4923107999999996e-08,2.5542479399999995e-08,3.498405747e-08,5.2794513e-08,7.261907280000001e-08,8.93538667e-08,1.7593505260000002e-07,0.0033504256000000004,0.00011140066500000001,2.61050445e-06,74.0382305,51.4471943,2.3897358e-07,6.6259139099999995,0.001264270755,0.0769889845,6.83364253e-05,3.46998116e-06,0.00262036317,0.29409429,6.83364253e-05,3.46998116e-06,0.0116041734,4.0909948300000005,6.83364253e-05,3.46998116e-06,0.00022163710599999996,0.10981607768000001,6.83364253e-05,3.46998116e-06,0.011542584,3.7181478699999994e-07,0.000133603738,-0.004781238700000001,8.9749792536,-0.00716512456,-0.010741597949999999,-0.01095549375,3.48393078e-06,6.64056219e-05
113,1688014800,0.00989679817,0.01003057694,-0.033015087600000007,-1.2416194,0.15892985399999998,0.0858108521,0.135979153,0.1255538311,0.00035919216000000005,0.00473298809,0.000133823829,1.402355178e-08,1.3715681619999998e-08,1.7359633300000002e-08,2.7933321699999998e-08,3.970332340000001e-08,4.88525658e-08,1.114397214e-07,0.00485916554,8.61944772e-05,2.70107775e-06,73.9614865,50.46124520000001,3.38037044e-07,6.16263216,0.0015278486099999998,0.10590708499999998,6.13219102e-05,2.2983138599999995e-06,0.00320100812,0.42822004699999994,6.13219102e-05,2.2983138599999995e-06,0.01165636855,4.15920687,6.13219102e-05,2.2983138599999995e-06,0.000257693047,0.1673118419,6.13219102e-05,2.2983138599999995e-06,0.011564594000000001,1.566094265e-07,0.00013389668600000002,0.0234318764,0.5014807536000001,-0.009443637010000002,-0.01091772605,-0.011064879,2.1663068400000006e-06,5.84038126e-05
113,1688015400,0.01285202,0.012985498099999998,-0.025857586,-1.2738995899999999,0.173705304,0.09800338519999999,0.155854755,0.146291967,0.000244341967,0.005594978580000002,0.00013375834500000002,3.358613745e-08,3.392188298000001e-08,4.29561025e-08,6.19455499e-08,8.82450317e-08,1.18861043e-07,2.357266677e-07,0.006343691370000001,7.82241442e-05,3.19621978e-06,69.4940518,50.274128499999996,4.36156746e-07,6.51425424,0.0017472549399999999,0.1361475515,7.41709111e-05,4.44297624e-06,0.00365484687,0.5545302860000001,7.41709111e-05,4.44297624e-06,0.0116472965,4.18305083,7.41709111e-05,4.44297624e-06,0.0002720458,0.19359504030000002,7.41709111e-05,4.44297624e-06,0.0115534956,6.26388186e-07,0.00013411037299999998,-0.17995561807000002,1.346167518,-0.009027770799999998,-0.0106853788,-0.01096220275,4.361695180000001e-06,7.08580145e-05
113,1688016000,0.0125771721,0.012711091999999998,-0.0265249336,-1.31492361,0.169917685,0.09773999450000001,0.15225464900000002,0.1422043375,0.00033090691200000005,0.0056788128,0.000133962852,1.3866898360000002e-08,1.354815616e-08,2.108789553e-08,3.7592179999999995e-08,5.366274880000001e-08,7.88787509e-08,1.943439401e-07,0.006211573569999999,7.31372859e-05,3.3854383200000003e-06,72.4764005,50.1276557,4.270629020000001e-07,6.39558555,0.00173242469,0.13459392080000002,6.479832159999999e-05,2.43493416e-06,0.0036229771699999996,0.546422907,6.479832159999999e-05,2.43493416e-06,0.011663261099999999,4.189273470000001,6.479832159999999e-05,2.43493416e-06,0.00028349359100000003,0.216115017,6.479832159999999e-05,2.43493416e-06,0.01157041725,1.72909647e-07,0.00013404777000000003,0.07548845634000001,0.3249286091,-0.009472937249999999,-0.010883317850000001,-0.011041676900000002,2.1448352100000002e-06,5.851444450000001e-05
113,1688016600,0.00908932538,0.009223052760000001,-0.031018820599999997,-1.25882341,0.1458044505,0.0819549839,0.12915394249999998,0.12056618000000001,0.000208730922,0.004094797510000001,0.00013381034100000001,1.7463802429999998e-08,1.856281335e-08,2.4512535800000003e-08,4.266129050000001e-08,5.7932035699999985e-08,9.31736404e-08,1.8109686929999998e-07,0.00447909726,6.192715610000001e-05,3.09899697e-06,70.6597619,49.89505140000001,3.1091585e-07,6.62813004,0.0014832284799999999,0.09985398140000001,6.35517835e-05,2.70788707e-06,0.00307278224,0.39665286699999996,6.35517835e-05,2.70788707e-06,0.011651781049999999,4.15734099,6.35517835e-05,2.70788707e-06,0.000262882272,0.1722635876,6.35517835e-05,2.70788707e-06,0.011566529599999998,2.4297233399999995e-07,0.000134027898,-0.1547953839,0.9906609526000001,-0.009375930359999998,-0.0108692573,-0.0110309771,2.6164334e-06,6.16317233e-05
113,1688017200,0.006934465230000001,0.00706786808,-0.0388972406,-1.12869316,0.16673008900000003,0.07063348350000001,0.1150910127,0.1062782449,0.000219044705,0.0032505548200000003,0.00013354498999999998,1.1917459141000002e-07,1.235805968e-07,9.00547308e-08,1.0676006070000001e-07,1.347785312e-07,1.251968019e-07,1.898346241e-07,0.00336323756,9.94080585e-05,3.5259734399999996e-06,73.3375039,51.0381157,2.3918493e-07,6.7843230199999995,0.0013143691799999998,0.0834368551,6.608954169999998e-05,2.8578227599999995e-06,0.0026818285300000003,0.31427392899999995,6.608954169999998e-05,2.8578227599999995e-06,0.0116183761,4.10776441,6.608954169999998e-05,2.8578227599999995e-06,0.000239221554,0.1367856702,6.608954169999998e-05,2.8578227599999995e-06,0.011562466099999998,1.2234058100000001e-06,0.00013467236899999998,3.253834344399999,173.8923062322,0.009879252845999999,-0.0107219857,-0.010914307500000001,4.459790739999999e-06,8.11071216e-05
113,1688017800,0.00515186271,0.00528527531,-0.0527422269,-1.0157058440000002,0.12435379359999998,0.05959653239999999,0.09896551949999999,0.088765211,0.0002447385154,0.0024785300400000003,0.000133546471,1.2495167140000002e-08,1.431452673e-08,2.4444264759999996e-08,3.12741746e-08,4.42562687e-08,6.14617442e-08,1.22609413e-07,0.0024800624599999994,9.20663045e-05,3.3421405499999997e-06,78.39100529999999,51.122169799999995,1.79941762e-07,6.87490959,0.0011101227770000002,0.059378636000000005,6.985792779999999e-05,3.4941990899999994e-06,0.00226811768,0.22165284700000001,6.985792779999999e-05,3.4941990899999994e-06,0.01162625715,4.13844014,6.985792779999999e-05,3.4941990899999994e-06,0.000229049317,0.1594296406,6.985792779999999e-05,3.4941990899999994e-06,0.011551537800000001,3.8331965600000004e-07,0.000133806798,-0.1271864499,3.821764648,-0.0069118817999999985,-0.010776775200000002,-0.010972757599999999,3.3502966299999998e-06,6.490983399999999e-05
113,1688018400,0.006492703059999999,0.00662581449,-0.0474582406,-1.1180184,0.13286655340000003,0.06801045400000001,0.11167840899999999,0.10226562139999999,0.0002416115294,0.00306676803,0.00013322762,1.822114641e-08,1.754784789e-08,2.664078923e-08,4.2724690799999995e-08,6.60041085e-08,7.211999649999999e-08,1.60265635e-07,0.0031586214199999995,8.401244109999999e-05,3.19285536e-06,74.001946,50.592859499999996,2.2439924e-07,6.71917352,0.00126323361,0.07306839000000001,6.951525010000001e-05,3.5736818999999998e-06,0.0025930904399999997,0.280337924,6.951525010000001e-05,3.5736818999999998e-06,0.011621241,4.123995450000001,6.951525010000001e-05,3.5736818999999998e-06,0.000250355699,0.157254162,6.951525010000001e-05,3.5736818999999998e-06,0.011542533099999999,3.183335179999999e-07,0.000133549397,-0.42052365320000007,5.2386314,-0.008644581200000001,-0.01081447635,-0.010988465800000001,3.4249079e-06,6.851599280000001e-05
113,1688019000,0.00684530511,0.006979295420000001,-0.059222725899999995,-1.15573779,0.1319665295,0.0700766893,0.11295344809999999,0.1043656857,0.00022367125059999997,0.0032323777399999995,0.00013408508199999999,1.67789512e-08,1.743643505e-08,2.330493801e-08,3.6577909199999996e-08,5.0300337300000004e-08,7.06695724e-08,1.395246318e-07,0.0033431951600000004,7.478884449999999e-05,4.188009190000001e-06,73.2725565,50.326164299999995,2.3626966299999998e-07,6.5819937400000015,0.0012780684900000003,0.07446001719999999,6.4757468e-05,2.8010111800000003e-06,0.00265584352,0.29335738,6.4757468e-05,2.8010111800000003e-06,0.011625809499999999,4.088024290000001,6.4757468e-05,2.8010111800000003e-06,0.000204865032,0.0930300667,6.4757468e-05,2.8010111800000003e-06,0.0115776719,2.53700695e-07,0.00013429676499999998,-0.1572134174,2.63298111109,-0.008924840220000002,-0.010914339799999999,-0.0110711496,2.76755577e-06,6.368913899999999e-05
113,1688019600,0.00685081932,0.00698394621,-0.057453119500000004,-1.07180712,0.13387908800000003,0.069322736,0.11651605379999999,0.1065407504,0.00020591412,0.003175879300000001,0.000133167563,1.089612663e-08,1.118474253e-08,1.497489213e-08,2.5717464800000004e-08,3.78609155e-08,4.877511e-08,9.537852289999999e-08,0.0033155994700000005,0.00010573079949999998,3.7541088999999994e-06,76.93946539999999,51.253821200000004,2.3657282199999995e-07,6.4681937199999995,0.00128792621,0.0751019037,6.19154917e-05,2.23037473e-06,0.00265733866,0.2917750499999999,6.19154917e-05,2.23037473e-06,0.0116166361,4.114817090000001,6.19154917e-05,2.23037473e-06,0.00023661289999999999,0.147204394,6.19154917e-05,2.23037473e-06,0.0115352262,1.64915709e-07,0.000133227161,-0.5202160849499999,16.5522679193,-0.00912621138,-0.0108838052,-0.01103057755,2.09909254e-06,5.835453480000001e-05
113,1688020200,0.00560036218,0.00573353861,-0.05507680159999999,-1.0928981700000002,0.12210372750000001,0.0632348936,0.1036906653,0.09435288039999999,0.00016996169399999999,0.00266008573,0.00013322583499999997,1.670034222e-08,1.727185483e-08,2.8034350570000003e-08,3.47423406e-08,5.03596926e-08,7.095915210000001e-08,1.3149719599999997e-07,0.0027135410399999997,8.23888334e-05,3.7951984500000006e-06,74.55319879999999,50.6549645,1.94819131e-07,6.6969744,0.0011821191299999998,0.0625579797,6.0125131799999996e-05,2.30402805e-06,0.00240763642,0.239652792,6.0125131799999996e-05,2.30402805e-06,0.0116142131,4.0989397400000005,6.0125131799999996e-05,2.30402805e-06,0.000218177153,0.1189968197,6.0125131799999996e-05,2.30402805e-06,0.0115385698,1.7242636e-07,0.00013331185000000002,-0.0007348278000000041,0.14585460575000003,-0.009849037350000003,-0.0108607315,-0.01101237705,2.22854536e-06,5.8476548100000005e-05
113,1688020800,0.00852113926,0.00865435039,-0.03239106834999999,-1.15632512,0.15592975959999997,0.07784204600000001,0.1273913855,0.11700357099999999,0.00031518986300000003,0.00413432392,0.000133294445,2.8045142000000003e-08,3.12662074e-08,4.1883834859999996e-08,6.05303316e-08,8.866860909999999e-08,1.1763798850000001e-07,2.342048712e-07,0.004152386310000001,9.12903605e-05,1.618279816e-05,75.8082191,50.5744922,2.91877068e-07,6.85212564,0.0014425821600000002,0.09648459340000001,6.456240259999999e-05,2.82032302e-06,0.00294530088,0.36804441100000007,6.456240259999999e-05,2.82032302e-06,0.0116129051,4.10585361,6.456240259999999e-05,2.82032302e-06,0.00024236672099999995,0.1331270798,6.456240259999999e-05,2.82032302e-06,0.01154068855,3.05256905e-07,0.000133493095,-0.045671755289999984,3.5887425227500005,-0.00837197338,-0.01071493585,-0.010929083400000001,2.7012378e-06,6.17335174e-05
113,1688021400,0.0037033177599999994,0.00383638652,-0.0162878328106,-1.31183991,0.1059032344,0.0542885591,0.0789774105,0.07117717250000001,0.00016551543500000003,0.0018809538799999998,0.00013310965,1.020169433e-08,1.02384871e-08,1.470060158e-08,2.64808643e-08,4.96189533e-08,7.38601338e-08,1.407800213e-07,0.00176983447,7.87362542e-05,2.69407539e-06,78.092641,50.86140640000001,1.31702607e-07,6.91841769,0.000998326518,0.04244480099999999,5.844595950000001e-05,2.15380685e-06,0.00193891994,0.156833052,5.844595950000001e-05,2.15380685e-06,0.011566251199999999,4.0240467099999995,5.844595950000001e-05,2.15380685e-06,0.000163779166,0.05403868423,5.844595950000001e-05,2.15380685e-06,0.0115346478,1.74923459e-07,0.000133216181,0.1447271591,37.950070104000005,-0.007977262,-0.010896512599999998,-0.011038553750000001,2.1524951200000002e-06,5.827929960000001e-05
113,1688022000,0.0018789022000000003,0.00201264706,0.0010597362899999996,-1.5231694,0.0696396248,0.0402614744,0.0500640274,0.0438013371,7.519097479999999e-05,0.000998884224,0.00013378963999999998,6.070668e-09,6.154888820000001e-09,9.520260909999999e-09,1.6279637349999997e-08,2.7516162e-08,3.137098319999999e-08,5.9450594999999994e-08,0.0008442795190000002,9.2631179e-05,2.30702934e-06,84.117964,52.46125539999999,7.12063167e-08,7.08912493,0.0007322907559999999,0.0229952125,6.06492495e-05,2.34531646e-06,0.00133014458,0.07418917149999998,6.06492495e-05,2.34531646e-06,0.0115947039,4.04953787,6.06492495e-05,2.34531646e-06,0.00015609835059999998,0.06577786772,6.06492495e-05,2.34531646e-06,0.01156412125,1.7464089000000003e-07,0.00013390474500000002,0.1020267874,2.6086730200000003,-0.008755612539999999,-0.010903417100000002,-0.01105741365,2.2862439499999998e-06,5.94242115e-05
113,1688022600,0.0012470642800000002,0.00138092159,0.011661941229999999,-1.5968611300000002,0.049539012300000004,0.0333588436,0.03731363829999999,0.0332635149,5.01236133e-05,0.000668518114,0.000133895452,4.9047101399999995e-09,4.77037673e-09,8.05361066e-09,1.48033557e-08,4.59871439e-08,2.4996161899999998e-08,4.06485713e-08,0.0005390023659999999,8.258264049999999e-05,1.7288635699999999e-06,86.5762194,52.3950101,5.02386591e-08,7.167541819999999,0.000619726277,0.017153042199999996,5.9043440500000005e-05,2.18083796e-06,0.00107022899,0.0477791855,5.9043440500000005e-05,2.18083796e-06,0.011580486600000002,4.0160250699999995,5.9043440500000005e-05,2.18083796e-06,0.00011880900739999999,0.027506375559999997,5.9043440500000005e-05,2.18083796e-06,0.01157230605,1.9781428400000002e-07,0.00013411642800000004,0.01306800783,0.16696019576,-0.0095047731,-0.010850280399999999,-0.011004928050000001,2.18963062e-06,5.9178600099999994e-05
113,1688023200,0.00096890478,0.0011021884590000002,0.0063559115,-1.139379483,0.054226656000000005,0.0279690126,0.0368636253,0.031163451400000004,5.66887802e-05,0.000568591979,0.00013332382300000002,4.99441093e-09,5.33248613e-09,7.60884949e-09,1.4225210049999998e-08,2.1900639299999998e-08,2.33739198e-08,4.70380484e-08,0.000398562764,8.362141369999999e-05,2.07535995e-06,88.81392029999999,52.7759714,4.0907199800000004e-08,7.204913329999999,0.0005318314560000001,0.012894404050000002,5.8917357699999996e-05,2.27447085e-06,0.000909558595,0.035367492900000005,5.8917357699999996e-05,2.27447085e-06,0.011573952799999999,4.028243130000001,5.8917357699999996e-05,2.27447085e-06,0.0001281206193,0.05072656511000001,5.8917357699999996e-05,2.27447085e-06,0.011546177000000001,1.5222648199999998e-07,0.000133467506,-0.0014998228850000045,0.181780672,-0.0099257301,-0.010907692250000002,-0.0110520788,2.27035448e-06,5.851883510000001e-05
113,1688023800,0.000846625023,0.000979966607,0.018601303399999998,-1.3917573500000002,0.0496515154,0.027121370999999995,0.031238453299999996,0.026363304799999997,7.17368031e-05,0.000573044823,0.000133383871,5.5565244499999995e-09,5.770685790000001e-09,9.35469033e-09,1.4738084449999997e-08,2.42383889e-08,2.3157173099999997e-08,5.11687536e-08,0.00032900153,9.226467989999998e-05,1.8615224699999999e-06,88.7934711,55.0319621,3.6848483199999995e-08,7.271762380000001,0.000509086506,0.011877556049999998,5.86196125e-05,2.30321751e-06,0.000829329313,0.029324510199999997,5.86196125e-05,2.30321751e-06,0.011561374349999999,4.00646856,5.86196125e-05,2.30321751e-06,0.000126060255,0.0272681245,5.86196125e-05,2.30321751e-06,0.0115491628,1.69678078e-07,0.000133553414,0.12007623289000002,1.4337417723,-0.00896994547,-0.0108752363,-0.011031060249999999,2.29247806e-06,5.87265004e-05
113,1688024400,0.0012441704000000003,0.0013777766666666666,0.023069459666666667,-1.4929552222222222,0.05512668288888889,0.03285536077777777,0.038626179333333344,0.03337601866666666,7.223073599999999e-05,0.0007413405555555556,0.00013366939222222223,4.8711974999999995e-09,5.9577627e-09,8.114229333333333e-09,2.2175853222222223e-08,2.5013598222222223e-08,3.356800111111111e-08,5.7932689222222214e-08,0.0005199711888888889,9.948529500000001e-05,2.4012709555555558e-06,86.64301944444446,55.407181333333334,5.0054945e-08,7.241801,0.000603409191111111,0.01663646688888889,6.101595222222222e-05,2.5655108777777776e-06,0.0010375641888888888,0.045883691444444444,6.101595222222222e-05,2.5655108777777776e-06,0.011582714388888889,4.027413344444445,6.101595222222222e-05,2.5655108777777776e-06,0.000137841854,0.03998566905555556,6.101595222222222e-05,2.5655108777777776e-06,0.011558257,2.2425779111111111e-07,0.00013381798333333332,-0.07745865055555554,2.0571016454444444,-0.00939402981111111,-0.010836959555555555,-0.011010412444444444,2.5885756444444444e-06,6.116220333333333e-05
113,1688025000,0.001145604929,0.0012794857699999999,0.0013921607420000006,-0.9887518569999999,0.05898930210000001,0.0294763561,0.040951249399999994,0.0345760559,6.111297650000001e-05,0.0006523261300000001,0.000133922398,7.354968520000001e-09,7.82970563e-09,1.135672871e-08,1.9929827199999998e-08,3.31586937e-08,4.48370578e-08,1.1602576699999998e-07,0.00049637762,7.33725093e-05,2.75605198e-06,87.4657751,51.314159399999994,4.678557929999999e-08,7.42940565,0.00059385938,0.016908636799999998,5.875547259999999e-05,2.23517186e-06,0.00099267441,0.044492881299999995,5.875547259999999e-05,2.23517186e-06,0.011585738,4.02607519,5.875547259999999e-05,2.23517186e-06,0.000133792905,0.037104581750000004,5.875547259999999e-05,2.23517186e-06,0.0115710279,1.7472677800000002e-07,0.00013406458800000002,0.0173560898,0.36375406983,-0.00967096164,-0.01088306905,-0.01103889965,2.2469027600000003e-06,5.89425599e-05
113,1688025600,0.00046990967100000005,0.000603161148,-0.01779373096,-1.0392361439999998,0.03866368,0.0202650874,0.022088174000000002,0.0172880277,3.3129695099999993e-05,0.000320625423,0.000133287666,3.5881680499999994e-09,4.11230686e-09,7.09436453e-09,1.089566535e-08,2.3405726e-08,2.20049216e-08,4.9126120800000005e-08,0.0001244169021,0.0001078671484,2.47872668e-06,96.354419,62.18056690000001,2.4353543500000003e-08,7.657291520000001,0.00040979903600000004,0.008377673669999999,5.8036409e-05,2.11654557e-06,0.000495214926,0.011416889480000001,5.8036409e-05,2.11654557e-06,0.0115540151,3.9950210200000003,5.8036409e-05,2.11654557e-06,0.00010695742659999998,0.017584784710000002,5.8036409e-05,2.11654557e-06,0.0115454759,1.525294315e-07,0.00013345118000000002,0.044121839729999994,0.3969163718,-0.009567683850000001,-0.0109045414,-0.011051939700000001,2.1090435e-06,5.815063859999999e-05
113,1688026200,0.000502705888,0.000635577941,-0.02023753827,-1.1776807,0.039038691199999996,0.021021189599999997,0.022350681900000002,0.018038050499999996,3.51569061e-05,0.00034494038900000003,0.000132909465,4.3195372e-09,4.76994444e-09,6.9221794e-09,1.442351745e-08,2.71612853e-08,2.63845342e-08,9.12046944e-08,0.00017505791399999998,7.33377943e-05,2.71380741e-06,90.92389349999999,52.6658485,2.5401922499999998e-08,7.589597759999999,0.00043870064900000005,0.00952379805,5.8295068499999994e-05,2.16542204e-06,0.0006025385349999999,0.01592216656,5.8295068499999994e-05,2.16542204e-06,0.011547843300000001,3.9974525799999996,5.8295068499999994e-05,2.16542204e-06,0.000122486812,0.032005526529999995,5.8295068499999994e-05,2.16542204e-06,0.011527708549999998,1.63996662e-07,0.00013305251,-0.0158175555,0.7441680928000001,-0.00936588585,-0.0108702769,-0.0110174067,2.1643269599999993e-06,5.822300089999999e-05
113,1688026800,0.000590479751,0.0007232048079999999,-0.00571381577,-0.9650659029999998,0.0422637895,0.021908287300000003,0.026363304599999998,0.0210381418,4.24091471e-05,0.000394252994,0.00013276425099999998,5.2382914000000006e-09,5.232828090000001e-09,7.67791202e-09,1.411650765e-08,2.6281451199999997e-08,3.03123796e-08,1.0940085580000002e-07,0.0002263307316,6.56094654e-05,3.0477345599999996e-06,91.0411268,51.104260800000006,2.82915892e-08,7.616798300000001,0.000457981307,0.01065381715,5.8333425799999994e-05,2.13436854e-06,0.00065654159,0.0203764171,5.8333425799999994e-05,2.13436854e-06,0.0115320635,3.9805329899999995,5.8333425799999994e-05,2.13436854e-06,0.000118599435,0.018454883,5.8333425799999994e-05,2.13436854e-06,0.01152557685,1.6344804699999998e-07,0.00013300289300000002,-0.01037744104,0.2560772086,-0.0097065234,-0.010867798199999999,-0.011019695649999998,2.1317012e-06,5.8190411200000004e-05
113,1688027400,0.001408390927,0.00154172014,0.031096348899999994,-1.5392544899999998,0.0567767329,0.0351521268,0.04035123150000001,0.0357010892,6.68799792e-05,0.000761531486,0.000133417801,7.455861e-09,8.00894492e-09,1.1424076300000001e-08,1.85891873e-08,3.2117555000000004e-08,4.2567969200000004e-08,1.328312833e-07,0.0006341652840000001,6.565374539999999e-05,4.02107471e-06,83.96321400000002,50.355362400000004,5.54827068e-08,7.399825639999999,0.000655543617,0.0199017788,6.50010485e-05,3.04414872e-06,0.0011591499029999998,0.057077313100000006,6.50010485e-05,3.04414872e-06,0.011570654199999999,4.02569699,6.50010485e-05,3.04414872e-06,0.000144378766,0.04324082298,6.50010485e-05,3.04414872e-06,0.0115483679,2.6805876600000006e-07,0.00013363387800000001,-0.4095714226,3.173472381,-0.00906778449,-0.0108273934,-0.0109957438,3.0319800299999997e-06,6.43265701e-05
113,1688028000,0.00146743006,0.00160036983,0.024285942730000003,-1.59147123,0.059701822599999996,0.0358516085,0.0405012361,0.0361511038,8.46681341e-05,0.0008853478179999999,0.00013299122299999998,8.556716560000001e-09,8.48966375e-09,1.3446238889999999e-08,1.8541401989999998e-08,3.57802372e-08,5.17049097e-08,9.75300097e-08,0.000664871498,6.489201050000001e-05,3.6173434599999998e-06,83.73162599999999,50.4799268,5.738148089999999e-08,7.37785327,0.0006628592200000001,0.020622548299999998,5.931028660000001e-05,2.38710781e-06,0.00117591317,0.05930012760000001,5.931028660000001e-05,2.38710781e-06,0.011554473000000001,4.006686289999999,5.931028660000001e-05,2.38710781e-06,0.00014396833850000002,0.03963368035,5.931028660000001e-05,2.38710781e-06,0.011535898300000002,2.0208408300000003e-07,0.00013327943499999998,-0.17774695710000005,0.8137352759999998,-0.00953647,-0.010837478550000001,-0.0109947342,2.36856838e-06,5.9305666899999995e-05
113,1688028600,0.004440533670000001,0.00457459712,0.016131601400000004,-1.6208409400000001,0.0952904094,0.0619684521,0.07770237220000001,0.0723022086,0.00017621759749999997,0.00222128935,0.00013414030899999997,1.205034425e-08,1.3318543899999999e-08,1.5935088589999997e-08,2.81376018e-08,8.42178577e-08,5.70161949e-08,1.1271880640000001e-07,0.00213404627,8.24693505e-05,3.33557439e-06,77.9579722,50.7432237,1.56350346e-07,6.89250706,0.00110833967,0.054109363,6.293173149999999e-05,2.9116589299999995e-06,0.00214041406,0.18939614600000002,6.293173149999999e-05,2.9116589299999995e-06,0.011605887,4.0538649399999995,6.293173149999999e-05,2.9116589299999995e-06,0.00017149232,0.0584353997,6.293173149999999e-05,2.9116589299999995e-06,0.011581448599999999,3.2715243999999997e-07,0.00013445789699999998,-0.1980389437,1.1590112748099999,-0.008967681250000002,-0.010685086900000001,-0.0108938284,2.9342054799999998e-06,6.33918758e-05
113,1688029200,0.007693137399999999,0.007826940370000002,0.005054727129999999,-1.5599301700000001,0.12735389009999998,0.079696115,0.1074407772,0.0999405501,0.000346352481,0.0038059729300000005,0.000133862752,2.2368071200000002e-08,2.5840419849999997e-08,3.09590004e-08,6.48528329e-08,1.1703200919999998e-07,1.074549161e-07,2.1652998300000004e-07,0.0037641221100000004,7.727164649999999e-05,4.49645009e-06,73.05121700000001,50.3785508,2.6433777799999993e-07,6.926364250000001,0.00141537975,0.0899226206,6.56417571e-05,2.6949252e-06,0.0028116889400000003,0.333444065,6.56417571e-05,2.6949252e-06,0.0116498623,4.17420721,6.56417571e-05,2.6949252e-06,0.000248572331,0.19112825835,6.56417571e-05,2.6949252e-06,0.01157040475,3.20876778e-07,0.000134195412,-0.04621481939999999,0.04625255940000001,-0.009312703549999999,-0.010651650799999999,-0.0108509083,2.42294715e-06,6.0003713700000006e-05
113,1688029800,0.00252120528,0.00265457208,-0.0008507965400000001,-1.41055462,0.07511479389999999,0.0444580941,0.057376752600000004,0.0507765499,0.000178418401,0.0013702502849999999,0.00013341001800000002,7.069118489999999e-09,9.487426249999999e-09,1.49556908e-08,2.6278456e-08,6.33385361e-08,4.67943546e-08,8.669826570000001e-08,0.001196456244,5.8502189200000004e-05,5.32557864e-06,80.7237799,49.635236899999995,9.244961829999999e-08,7.2582926400000005,0.0008110705629999999,0.0328885169,5.895280040000001e-05,2.2867144900000003e-06,0.0015288597700000002,0.10620316460000001,5.895280040000001e-05,2.2867144900000003e-06,0.0115728308,4.02584495,5.895280040000001e-05,2.2867144900000003e-06,0.000157402497,0.050863516986,5.895280040000001e-05,2.2867144900000003e-06,0.011544461300000001,2.52232814e-07,0.00013352766300000005,-0.010343182699999995,0.23734150010000005,-0.00920905797,-0.0107334543,-0.010909757599999998,2.2244298300000003e-06,5.8549586100000006e-05
113,1688030400,0.0022393151799999997,0.0023729048199999997,0.00529962041,-1.4738352399999999,0.07241470910000002,0.043717425899999995,0.055951707100000005,0.0496140142,0.0001072930466,0.00117898707,0.000133634766,7.51062524e-09,1.069065285e-08,1.4157207400000002e-08,2.66464182e-08,3.96292738e-08,4.5856982999999996e-08,1.046323875e-07,0.0010402016199999998,7.512734430000001e-05,4.0091890400000006e-06,82.40466860000001,50.860957899999995,8.30693574e-08,7.235063940000001,0.0007823439559999999,0.0286195069,5.9803391100000004e-05,2.31206053e-06,0.001485774,0.0920000826,5.9803391100000004e-05,2.31206053e-06,0.01157939815,4.020601439999999,5.9803391100000004e-05,2.31206053e-06,0.0001389557159,0.03025907316,5.9803391100000004e-05,2.31206053e-06,0.0115577092,2.16586623e-07,0.000133797878,-0.1548123965,1.0546390801,-0.0092882693,-0.010826761350000002,-0.010987326349999998,2.34371208e-06,5.9808092999999995e-05
113,1688031000,0.001054767339,0.0011881143399999998,0.026134229449999997,-1.43939892,0.06296442299999999,0.030015074900000004,0.0343510482,0.028913383200000004,8.222517200000001e-05,0.000674806022,0.00013346379600000002,8.068649631999999e-08,6.727919494e-08,4.36335328e-08,6.275248675e-08,1.0955372090000003e-07,3.062283498e-07,7.247631400000001e-08,0.00046498696700000006,5.73787344e-05,4.12223238e-06,85.7721324,48.2059488,4.3731875200000004e-08,7.55936411,0.000632876526,0.033208479,6.50639451e-05,2.9254236999999996e-06,0.0009790254110000002,0.043175483099999995,6.50639451e-05,2.9254236999999996e-06,0.0115613943,4.009405859999999,6.50639451e-05,2.9254236999999996e-06,0.00014373191519999998,0.035599582036,6.50639451e-05,2.9254236999999996e-06,0.01156054795,9.30905526e-07,0.000134415918,1.3026430444999997,82.17323843289998,0.0020278506599999994,-0.0106460974,-0.0108856865,4.2984171700000005e-06,8.07834422e-05
113,1688031600,0.000735037297,0.0008664211899999999,-0.0188732008,-0.4086990665,0.0581267745,0.0232217807,0.032625995500000005,0.0234757163,0.00011690951250000001,0.0006174705940000001,0.000131519657,8.372868680000001e-09,1.337528921e-08,1.56239721e-08,2.88017938e-08,5.3079444999999995e-08,4.50642801e-08,7.027665250000001e-08,0.0002762812176,8.69233311e-05,3.92373695e-06,89.73495799999999,54.6387843,3.2944420600000005e-08,7.6137209100000005,0.0005286602369999999,0.0146722875,6.35021803e-05,3.2563855799999996e-06,0.0007124804260000001,0.02568902387,6.35021803e-05,3.2563855799999996e-06,0.0114705094,3.9412580799999994,6.35021803e-05,3.2563855799999996e-06,0.00012835813449999997,0.014854425979999999,6.35021803e-05,3.2563855799999996e-06,0.01146323265,4.6670806e-07,0.00013187263400000002,-0.33623625405,4.6797031287,-0.007031676740000001,-0.010595230950000001,-0.010803887850000003,3.31443796e-06,6.37110793e-05
113,1688032200,0.001064619986,0.001197191644,0.01739824615,-1.29414693,0.05580170320000001,0.029919785600000005,0.037913657,0.0308634421,9.53390418e-05,0.000669006781,0.00013260951999999999,7.44086863e-09,9.064775939999998e-09,1.5123672229999996e-08,2.218267375e-08,3.82448438e-08,3.49205902e-08,7.46816938e-08,0.00046149165599999994,6.78345982e-05,2.7297072e-06,86.8307375,50.3652556,4.3982347000000004e-08,7.40847955,0.00057788008,0.015671714000000003,5.865470449999999e-05,2.10555974e-06,0.000982226847,0.041423479,5.865470449999999e-05,2.10555974e-06,0.011525373949999999,3.977639730000001,5.865470449999999e-05,2.10555974e-06,0.000120826303,0.024279184763,5.865470449999999e-05,2.10555974e-06,0.011514376599999999,1.92554107e-07,0.000132773933,-0.0783159943,0.5021638984000001,-0.00949445215,-0.0108122708,-0.0109700296,2.0919764399999997e-06,5.91333565e-05
113,1688032800,0.001758161755,0.0018902873000000001,0.012993155666000001,-1.4134042499999997,0.06982713250000001,0.0383070021,0.048301475299999994,0.041663772200000004,0.0001460844416,0.0010845418510000001,0.000132239617,8.871668699999999e-09,1.0359543469999999e-08,1.1264405149999998e-08,2.5035095499999998e-08,2.9131005300000008e-08,3.4687882799999995e-08,7.45525012e-08,0.000808224018,6.80599836e-05,2.48199429e-06,83.54139169999999,50.5073546,6.702061980000001e-08,7.208109179999999,0.0006851550610000001,0.0222637619,6.302111080000001e-05,3.2156948200000007e-06,0.0012827028999999998,0.0715982903,6.302111080000001e-05,3.2156948200000007e-06,0.0115165067,3.9874847100000004,6.302111080000001e-05,3.2156948200000007e-06,0.000152635944,0.043299162,6.302111080000001e-05,3.2156948200000007e-06,0.01149827015,3.47001507e-07,0.000132558001,-0.012771918500000002,5.0472503036,-0.007719763867,-0.0107392479,-0.0109320777,3.2254364700000004e-06,6.307314919999998e-05
113,1688033400,0.001913704563,0.00204580704,-0.02333135845,-1.208621982,0.0692646142,0.038302653900000004,0.051264064899999996,0.0446263616,0.00012820208709999999,0.001086567956,0.000132208228,1.4218782569999999e-08,1.9309129070000003e-08,1.171001932e-08,1.8081491399999996e-08,4.6011962600000007e-08,8.038436220000002e-08,9.142489279999999e-08,0.0008914089590000001,6.18999781e-05,3.1361247300000005e-06,83.68427650000001,50.011281100000005,7.214044089999999e-08,7.333722879999999,0.0007118998300000001,0.0255714398,6.31471475e-05,2.91622378e-06,0.001330906034,0.0804691766,6.31471475e-05,2.91622378e-06,0.011523924049999999,4.00309366,6.31471475e-05,2.91622378e-06,0.0001640000959,0.06160049933999999,6.31471475e-05,2.91622378e-06,0.01150085745,3.44688392e-07,0.000132615908,0.22532232147999998,13.424406679,-0.00716164094,-0.010751894500000001,-0.01094661955,2.8789341100000004e-06,6.2295275e-05
113,1688034000,0.0016892552000000003,0.00182147891,-0.051087492899999996,-0.6902041700000001,0.07897741,0.0342903737,0.0567392323,0.0474014475,0.0001406315155,0.001034760844,0.000132567244,1.315350584e-08,1.6298106070000003e-08,1.2163049650000001e-08,1.87023697e-08,2.96449542e-08,3.6868397799999994e-08,6.714355539999999e-08,0.000725264994,0.00011588864210000001,2.8881389899999997e-06,88.0736522,55.779087700000005,6.469484659999999e-08,7.22801001,0.000675642094,0.0219400136,8.092819909999999e-05,5.181082969999999e-06,0.001238919727,0.06563556870000001,8.092819909999999e-05,5.181082969999999e-06,0.011543643199999998,4.037671260000001,8.092819909999999e-05,5.181082969999999e-06,0.00020851112,0.083677622,8.092819909999999e-05,5.181082969999999e-06,0.0115010001,8.383967030000001e-07,0.000133105172,-0.6166512157399999,9.4223157315,-0.006373058740000001,-0.0107073607,-0.010925293150000001,5.312375239999999e-06,8.226829849999999e-05
113,1688034600,0.0005960323170000001,0.000727567316,0.007307406560000002,-0.7496771409999999,0.04560139219999999,0.0212598256,0.026213300699999997,0.0209256383,4.6905778350000005e-05,0.000438290598,0.00013161283199999998,4.526636850000001e-09,5.26616999e-09,6.3531542800000006e-09,1.0966949950000001e-08,2.0552599799999997e-08,2.30592829e-08,3.8407869400000004e-08,0.00023211888969999994,6.348512459999999e-05,2.19475626e-06,91.9444939,49.8096078,2.8418483e-08,7.566305899999999,0.00041387321200000006,0.009249953129999999,6.205300160000001e-05,2.61903762e-06,0.000625631658,0.020946539889999997,6.205300160000001e-05,2.61903762e-06,0.011476732600000001,3.9418610000000003,6.205300160000001e-05,2.61903762e-06,0.0001070019674,0.015171950950000002,6.205300160000001e-05,2.61903762e-06,0.011463815950000001,2.0214999399999997e-07,0.000131623172,-0.26976554750000004,3.771337700080001,-0.00892795477,-0.0108214232,-0.0109690276,2.48253975e-06,6.04409099e-05
113,1688035200,0.000557909444,0.0006895801179999999,-0.05296081778999999,-0.9575387409999999,0.0436513326,0.0214599626,0.02310070485,0.01852556557,4.321778705e-05,0.00038106958999999997,0.000131737711,1.566692604e-08,1.6565215270000003e-08,1.60817313e-08,9.285457974999998e-08,5.32398693e-08,9.428979570000001e-08,1.24853442e-07,0.0002226996615,5.2494041299999996e-05,3.2704858500000004e-06,88.6750616,45.7848457,2.7080643000000005e-08,7.76846493,0.000530304263,0.018878132659999998,6.05357611e-05,2.6786323599999997e-06,0.0006486099010000001,0.02084222536,6.05357611e-05,2.6786323599999997e-06,0.0114738207,3.9374219300000006,6.05357611e-05,2.6786323599999997e-06,0.00011149018660000002,0.01151555117,6.05357611e-05,2.6786323599999997e-06,0.011473279800000001,4.81532236e-07,0.000132105492,-0.28277600158,28.728938828999997,-0.005603416889999999,-0.010592532,-0.01084709515,2.71272198e-06,6.15494736e-05
113,1688035800,0.0005663200210000001,0.0006978713219999999,-0.04153838873,-0.8241987009999999,0.04353882850000001,0.0208741621,0.025275771949999998,0.020063112,4.6408329699999995e-05,0.00039140267599999996,0.00013224686699999999,1.742073476e-08,1.044057327e-08,9.899655670000001e-09,6.190505765e-08,3.720396880000001e-08,4.7195353e-08,7.43915097e-08,0.0002141014147,6.567794209999998e-05,2.4122353199999998e-06,89.499866,51.6685427,2.736632335e-08,7.749137760000001,0.0004588900609999999,0.012979112080000002,9.26822911e-05,7.309739370000002e-06,0.000604175913,0.019630167100000002,9.26822911e-05,7.309739370000002e-06,0.011490253450000001,3.9934365200000004,9.26822911e-05,7.309739370000002e-06,0.00015530499099999999,0.029504970457000002,9.26822911e-05,7.309739370000002e-06,0.011465763350000002,1.6293622890000001e-06,0.000133054177,-0.6897103017999999,8.229093989999999,-0.005709024629999999,-0.010373421349999998,-0.0107495986,7.111128420000001e-06,9.27790257e-05
113,1688036400,0.00068285801,0.000815059254,0.01181755831,-1.0593623129999998,0.0441013462,0.0237085345,0.029100888000000002,0.0237007235,4.05238827e-05,0.000421366901,0.00013231289400000002,5.14432058e-09,5.57986046e-09,8.597848369999999e-09,2.003449195e-08,3.70753136e-08,3.13704797e-08,6.973225520000001e-08,0.0002035799716,0.00013493547599999998,2.6170047900000003e-06,94.57935599999999,65.2653426,3.12964499e-08,7.542737069999999,0.00048384678100000004,0.0116222801,6.372635380000002e-05,3.02246262e-06,0.000633653476,0.01838412223,6.372635380000002e-05,3.02246262e-06,0.011510681799999999,3.9789041199999993,6.372635380000002e-05,3.02246262e-06,0.000133822873,0.03507275925,6.372635380000002e-05,3.02246262e-06,0.01149876765,3.4956492400000004e-07,0.00013257194300000003,-0.3991834744,3.6379833577,-0.008223444109999999,-0.010734866749999999,-0.0109124811,3.10446754e-06,6.525187610000002e-05
113,1688037000,0.0006846735689999999,0.000815701446,0.021065590426,-0.40203549459999993,0.057189244699999996,0.0226225218,0.0354385811,0.0264008056,3.8676899599999996e-05,0.00044189306700000006,0.00013125659000000003,6.98207123e-09,9.940915309999999e-09,1.3022227099999999e-08,3.61882757e-08,3.4733713500000005e-08,4.05529378e-08,7.74443742e-08,0.0001962919791,0.00014291788700000003,2.65543422e-06,94.834889,67.1137773,3.12795607e-08,7.59370996,0.00048149270799999997,0.013140097449999999,7.925388709999999e-05,4.91521418e-06,0.0006393215490000001,0.01829811285,7.925388709999999e-05,4.91521418e-06,0.0114621693,3.9520903600000006,7.925388709999999e-05,4.91521418e-06,0.00014083447650000002,0.0337752256,7.925388709999999e-05,4.91521418e-06,0.011445961900000001,6.42287893e-07,0.000131652879,-0.8634310342399999,9.6644885395,-0.0066315711,-0.01058500905,-0.01082852665,4.960254359999999e-06,7.726719e-05
113,1688037600,0.000856860913,0.000987587388,0.030773480040000006,-0.35661568369999996,0.0645769713,0.024605510799999997,0.0410262534,0.0322509843,4.147015560000001e-05,0.00048453351699999993,0.00013108062199999998,9.584993970000001e-09,9.312883599999998e-09,1.722192895e-08,3.5246406349999996e-08,3.06685231e-08,3.4790587899999996e-08,7.5967389e-08,0.00032114482099999996,0.0001036086285,3.0621224000000002e-06,90.834046,57.220004700000004,3.69631269e-08,7.480849139999999,0.000514994968,0.014395779440000001,6.983750929999999e-05,3.79881797e-06,0.0008231283000000001,0.0296454045,6.983750929999999e-05,3.79881797e-06,0.011459478399999999,3.9561755499999998,6.983750929999999e-05,3.79881797e-06,0.000171222283,0.0462696217,6.983750929999999e-05,3.79881797e-06,0.0114228249,4.7502163799999993e-07,0.000130940227,0.0019150688000001304,14.688933716399998,-0.0054706643300000005,-0.01071019095,-0.010890861900000002,3.0322545799999997e-06,6.513108469999998e-05
113,1688038200,0.0014480859199999998,0.0015799788,-0.02032962314,-0.500382023,0.0760898238,0.0313576512,0.053289126799999996,0.0432013184,0.00010933777269999999,0.0008886878019999999,0.00013259637499999998,5.813491835e-08,1.6693498360000003e-08,2.663021078e-08,4.341925675e-08,4.9335645699999994e-08,4.721191070000001e-08,7.565019530000001e-08,0.000574490737,0.000145888885,2.62410321e-06,86.73362240000002,60.287998200000004,5.666210579999999e-08,7.24233076,0.0006513555580000001,0.0222109102,9.05530339e-05,6.797669210000001e-06,0.0010868423390000001,0.052698464,9.05530339e-05,6.797669210000001e-06,0.011515208100000002,4.013507049999999,9.05530339e-05,6.797669210000001e-06,0.00023137638910000004,0.06441754657000001,9.05530339e-05,6.797669210000001e-06,0.011482465850000002,1.4232536799999999e-06,0.000133266135,-1.2337004379999998,29.046719010000004,-0.003295006816,-0.0103172059,-0.01071393815,6.835040339999999e-06,8.91861654e-05
113,1688038800,0.0022586389399999996,0.0023909439900000004,-0.01929006185,-0.6098071986,0.0860651245,0.0393526467,0.0637894477,0.0532516259,0.00014778369349999998,0.0013146110860000001,0.000132356092,5.68925694e-09,6.392641130000001e-09,9.02387824e-09,1.48942559e-08,2.7433558599999998e-08,3.3676538799999996e-08,7.57523191e-08,0.0009399737,0.00018571832600000003,3.3789881699999994e-06,89.083818,61.700434300000005,8.36495758e-08,7.05099012,0.000746607412,0.026934192700000005,6.0478527200000004e-05,2.4942535500000003e-06,0.00134496407,0.0830189241,6.0478527200000004e-05,2.4942535500000003e-06,0.011534299799999998,4.00615907,6.0478527200000004e-05,2.4942535500000003e-06,0.00015963645800000001,0.0584665063,6.0478527200000004e-05,2.4942535500000003e-06,0.011502514949999999,1.82799676e-07,0.00013249126599999998,-0.13298606706,1.5622762933999998,-0.009289576349999999,-0.0108275397,-0.01098299945,2.4740022700000003e-06,6.0637094699999994e-05
113,1688039400,0.00223144586,0.00236523759,0.00756255118,-1.57684707,0.07128967480000001,0.044292272,0.0526891091,0.0463889165,0.00011204950419999999,0.001159567068,0.000134064021,1.250276789e-08,1.1990254159999999e-08,1.3586275950000001e-08,2.13319543e-08,3.90867195e-08,5.31722304e-08,9.33967985e-08,0.0009674331909999999,0.000143979459,3.76011306e-06,86.9655024,56.5811422,8.28293294e-08,7.043851120000001,0.000786685826,0.028100635800000003,7.757534769999999e-05,5.32023199e-06,0.00142726412,0.0859220836,7.757534769999999e-05,5.32023199e-06,0.01157931755,4.03698426,7.757534769999999e-05,5.32023199e-06,0.0001700197204,0.04026205014,7.757534769999999e-05,5.32023199e-06,0.01156701015,6.9197135e-07,0.000134488425,-0.8265748680000001,5.571362055300002,-0.0074374299199999995,-0.010616851899999998,-0.01089450125,5.392774079999999e-06,7.86861265e-05
113,1688040000,0.001155886455,0.0012886044150000001,-0.014523490020000002,-1.0531877460000003,0.0585767881,0.0298979883,0.04166377140000001,0.0342010435,7.197373540000001e-05,0.000676928038,0.000132863144,8.167847569999999e-09,9.60624393e-09,1.3353818759999997e-08,1.5867317799999998e-08,2.44925372e-08,4.75686463e-08,8.03983639e-08,0.0003812099926,0.000193645201,2.73320765e-06,95.507783,69.8243005,4.70430194e-08,7.18721132,0.0005675767280000001,0.0169925514,6.435375529999999e-05,3.2693363499999997e-06,0.0008719443760000001,0.03424441599999999,6.435375529999999e-05,3.2693363499999997e-06,0.01153498435,3.9972027900000002,6.435375529999999e-05,3.2693363499999997e-06,0.000145630131,0.03685852482700001,6.435375529999999e-05,3.2693363499999997e-06,0.0115193411,4.04858294e-07,0.00013310087800000003,-0.3854138668,3.9789703355,-0.008393499770000002,-0.010730330799999998,-0.01096072205,3.27731441e-06,6.45663186e-05
113,1688040600,0.0011768233599999999,0.0013090071900000002,-0.035224446799999996,-0.918212245,0.0630769276,0.0298661748,0.0445513599,0.0351760729,5.762982719999999e-05,0.000641531066,0.000132322451,1.2001786619999998e-08,1.3089744010000001e-08,2.10081584e-08,3.005758230000001e-08,2.81671247e-08,9.042426020000001e-08,5.734039640000001e-08,0.000309012817,0.00027528394999999997,3.6816549199999998e-06,97.24957560000001,79.3285001,4.7659678e-08,7.20904597,0.000583261355,0.01898797995,6.83641499e-05,3.41440502e-06,0.00081940269,0.0289360658,6.83641499e-05,3.41440502e-06,0.0115402345,4.02580971,6.83641499e-05,3.41440502e-06,0.000185521987,0.07633043380000001,6.83641499e-05,3.41440502e-06,0.011492630700000003,4.57683035e-07,0.000132537816,-0.7591942878,8.551169392999999,-0.00788181673,-0.010732741100000002,-0.010931324599999999,3.45098765e-06,6.63596801e-05
113,1688041200,0.00111281764,0.00124506809,-0.03884649204,-0.892754023,0.0702021422,0.028982228400000004,0.042263790200000005,0.0343885494,5.59794619e-05,0.00064041589,0.00013265959599999998,6.578381992e-08,6.521786897000001e-08,5.286032634000001e-08,8.987274045e-08,1.4271074649999997e-07,2.5550156709999997e-07,9.873207469999998e-08,0.000256243491,0.000295785135,3.1800504200000004e-06,94.4882634,84.2444426,4.55367266e-08,7.325315629999999,0.0006614902689999999,0.0317675926,8.31360418e-05,6.275719840000001e-06,0.0007382444819999999,0.030178065530000003,8.31360418e-05,6.275719840000001e-06,0.0115211791,4.00361208,8.31360418e-05,6.275719840000001e-06,0.000181562022,0.04227659408,8.31360418e-05,6.275719840000001e-06,0.011509763400000001,1.571770792e-06,0.00013389374199999996,1.485162011,97.54181838939999,0.00416855187,-0.010302993000000002,-0.010718949700000003,7.57001145e-06,9.77930612e-05
113,1688041800,0.00117507417,0.00130791271,-0.016628248949999997,-0.718745226,0.06303942579999999,0.029446506499999997,0.04777645789999999,0.035101071100000006,3.12558564e-05,0.000600932745,0.00013293200800000002,1.9570213790000003e-08,2.2990771799999994e-08,1.6021855789999998e-08,4.87166314e-08,5.7059684e-07,1.1089464685000003e-06,6.168153029999998e-08,0.00018271748200000002,0.00039995559999999995,2.88333686e-06,101.3903216,96.83531599999999,4.76223675e-08,7.1737421,0.000848532574,0.07249566519999999,6.42883966e-05,3.1705520400000003e-06,0.000633018558,0.018039695,6.42883966e-05,3.1705520400000003e-06,0.011565550899999999,4.037384309999999,6.42883966e-05,3.1705520400000003e-06,0.000194804022,0.07142526869999999,6.42883966e-05,3.1705520400000003e-06,0.011527913749999999,1.0924760049999998e-06,0.00013398588399999998,-0.9619678517000001,38.378303032999995,-0.005786145895000001,-0.010346187199999999,-0.0106390017,3.2439362399999997e-06,6.459491650000001e-05
113,1688042400,0.0017359895400000003,0.0018689189599999999,-0.0528044659,-0.288340369,0.08051495630000001,0.0334782524,0.0634519394,0.050289034899999994,7.14329685e-05,0.0008940290570000001,0.00013300227500000002,1.2381145909999999e-08,9.050469719999999e-09,1.3512272249999999e-08,1.77200678e-08,2.8130451400000003e-08,3.7150279699999997e-08,8.449523410000001e-08,0.000497762417,0.00036577985099999996,4.10268546e-06,96.9972064,80.9397541,6.63032333e-08,7.13346127,0.000695487771,0.023209912800000003,6.08223061e-05,2.65633172e-06,0.00102514208,0.04493492550000001,6.08223061e-05,2.65633172e-06,0.01155540255,4.01921178,6.08223061e-05,2.65633172e-06,0.00016301667999999998,0.05551883814999999,6.08223061e-05,2.65633172e-06,0.0115272251,2.755061205e-07,0.00013313847,0.05485658727,8.7409420394,-0.006791450010000001,-0.010795248099999998,-0.010983340099999999,2.6094933000000004e-06,6.04911206e-05
113,1688043000,0.00217304612,0.00230630088,-0.0868934987,-0.2942092959,0.0926653294,0.0370805953,0.0720771996,0.0564767247,8.799965199999999e-05,0.001135037593,0.000133524633,2.103514104e-08,9.26762694e-09,9.53373405e-09,1.5406230649999997e-08,2.96994224e-08,5.39555435e-08,4.36076469e-08,0.0005585837020000001,0.000522257581,5.20940522e-06,102.72600589999999,88.0951765,8.07745646e-08,7.014392980000001,0.0007445341689999999,0.0272622731,7.452220999999999e-05,4.2064626e-06,0.001088585727,0.05042518549999999,7.452220999999999e-05,4.2064626e-06,0.011608386049999999,4.12160185,7.452220999999999e-05,4.2064626e-06,0.000248112112,0.1410680216,7.452220999999999e-05,4.2064626e-06,0.01154037495,6.88378747e-07,0.000133869339,-0.2495940596,4.648653144000001,-0.007540941169999998,-0.010646349400000001,-0.010876434699999998,4.13580781e-06,7.00355996e-05
113,1688043600,0.00159952605,0.0017331826500000002,-0.025691146970000002,-0.8342092640000001,0.07905241240000001,0.0343694541,0.05561419720000001,0.04256380010000001,4.1512089699999996e-05,0.000784869486,0.00013397205399999997,1.2902377950000003e-08,1.126926843e-08,1.3932647070000002e-08,3.96864855e-08,3.62519035e-08,3.2950874300000006e-08,6.07635282e-08,0.00019017264760000003,0.000605924298,3.10010509e-06,108.5663724,109.32039049999999,6.179063960000001e-08,7.230041529999999,0.00067322119,0.022855447,7.944830989999999e-05,5.22643544e-06,0.0005927605329999999,0.01833763594,7.944830989999999e-05,5.22643544e-06,0.011653558599999999,4.192022939999999,7.944830989999999e-05,5.22643544e-06,0.000238017804,0.18561492837000002,7.944830989999999e-05,5.22643544e-06,0.0115641674,8.211568080000001e-07,0.000134529549,0.24312260330000016,22.056711389800004,-0.0028405445800000007,-0.0106011848,-0.0109079903,5.164187150000001e-06,7.41257617e-05
113,1688044200,0.0014752611,0.0016082644,-0.03915698930000001,-0.8947096400000001,0.0713646781,0.0330122941,0.0510390585,0.0424887969,4.86285812e-05,0.0007800442560000001,0.00013314585799999997,7.4048204e-09,4.8978778899999995e-09,7.963046590000002e-09,1.211940195e-08,2.7639892400000003e-08,2.66417277e-08,5.19225157e-08,0.00024650963669999997,0.00048771652899999996,3.0851166200000005e-06,105.91063530000001,100.1932489,5.763350770000001e-08,7.131051500000001,0.0006383417140000001,0.019416293600000002,6.81825356e-05,3.34052149e-06,0.000684086411,0.022715130700000002,6.81825356e-05,3.34052149e-06,0.0115786541,4.065807189999999,6.81825356e-05,3.34052149e-06,0.00019227939899999998,0.09721625219999999,6.81825356e-05,3.34052149e-06,0.011538369199999999,3.6758787600000005e-07,0.000133502083,-0.4699093464,5.039169145939999,-0.008239877139999999,-0.0108149569,-0.010994158450000001,3.25985727e-06,6.63938043e-05
113,1688044800,0.0013283795300000002,0.00146131352,-0.02164303931,-1.0007153299999998,0.0736897495,0.0320664844,0.046876431499999996,0.037651149300000006,3.52339256e-05,0.0006798322,0.000133059123,2.9372155500000005e-08,1.6127830440000002e-08,1.117874503e-08,1.836364345e-08,2.38623424e-08,2.6353220100000003e-08,5.20494151e-08,0.00013444714330000004,0.0005263948020000001,3.0236667799999997e-06,106.709284,109.03717200000001,5.2766883199999994e-08,7.169669709999999,0.000614664502,0.018035387,6.76970017e-05,3.0451412900000004e-06,0.0004939892850000001,0.01424082542,6.76970017e-05,3.0451412900000004e-06,0.0116188882,4.13959368,6.76970017e-05,3.0451412900000004e-06,0.000304442086,0.1727538495,6.76970017e-05,3.0451412900000004e-06,0.01153034245,4.30677466e-07,0.000133331202,1.8906507283,103.4501559176,-0.00415440572,-0.0107820078,-0.0109552451,3.0074430099999997e-06,6.6171003e-05
113,1688045400,0.00166622977,0.0017991736199999997,-0.0295143914,-1.06973801,0.07432726860000001,0.0356251043,0.05133906740000001,0.04387633950000001,6.09068384e-05,0.0008414396739999999,0.00013300718399999998,2.44937107e-08,7.45446738e-09,1.10137716e-08,1.60361598e-08,2.5695832999999997e-08,2.97249163e-08,4.8383574099999997e-08,0.00022569971700000003,0.000604111388,3.0293827999999996e-06,106.85020349999999,106.73146990000001,6.39290911e-08,7.182066089999999,0.0006732467250000001,0.0215044937,6.05955071e-05,2.35836808e-06,0.000663322493,0.020901063900000003,6.05955071e-05,2.35836808e-06,0.0115664991,4.035066629999999,6.05955071e-05,2.35836808e-06,0.000241650124,0.07238087150000001,6.05955071e-05,2.35836808e-06,0.011528274199999999,2.64007176e-07,0.000133165931,-0.05855475058,2.6088306963999996,-0.00837163653,-0.010772205299999999,-0.0109491099,2.3215925e-06,5.9787519899999986e-05
113,1688046000,0.0021263260200000004,0.00225955075,-0.01769897335,-1.127619214,0.08512759810000001,0.0400181857,0.059589318999999995,0.05261410670000001,5.223808599999999e-05,0.001018007846,0.00013334051099999998,2.3177366900000002e-08,9.498194349999998e-09,1.105756895e-08,1.711068985e-08,2.7333457999999998e-08,3.22249267e-08,4.83130978e-08,0.00037825457399999994,0.0006819001899999999,2.65705748e-06,101.4389579,102.53349060000001,7.9309319e-08,6.97109511,0.00074535227,0.025792962599999997,6.99231437e-05,3.46051614e-06,0.000887434722,0.0346819429,6.99231437e-05,3.46051614e-06,0.0115844163,4.07759789,6.99231437e-05,3.46051614e-06,0.00024955147,0.11031343084999998,6.99231437e-05,3.46051614e-06,0.011540550100000001,3.5608638199999996e-07,0.00013353908000000002,-0.1857764016,20.5561154167,-0.00711819658,-0.010774078900000001,-0.01095684625,3.2860634700000004e-06,6.59132965e-05
113,1688046600,0.00190148945,0.0020349165700000002,-0.00603077451,-1.0842350299999999,0.0778898766,0.0379626403,0.05666423079999999,0.0493140053,6.56623397e-05,0.000932796352,0.000133510145,1.93747535e-08,5.088624519999999e-09,6.8347654499999985e-09,1.2032367250000002e-08,2.1800776e-08,2.50208926e-08,4.01808308e-08,0.000251221957,0.0006965618680000001,2.73791375e-06,107.88773979999999,108.47275299999998,7.182604749999998e-08,7.073695150000001,0.000714983871,0.023514579299999998,6.58211197e-05,2.83130062e-06,0.000717310983,0.022929034999999997,6.58211197e-05,2.83130062e-06,0.011637434299999999,4.16696814,6.58211197e-05,2.83130062e-06,0.00029108730399999996,0.18849211435,6.58211197e-05,2.83130062e-06,0.0115471389,2.7264613699999996e-07,0.00013360924700000002,-0.27600653789999996,2.0810099521999996,-0.009281309150000002,-0.010795531550000001,-0.010972134,2.57921422e-06,6.0468196e-05
113,1688047200,0.00260264498,0.00273609025,-0.0037957124700000004,-1.10038072,0.09026525560000001,0.043928668600000005,0.0678395715,0.06056434909999999,6.35443484e-05,0.0012550968199999998,0.000133486798,2.2298041099999997e-08,6.43159106e-09,8.33348469e-09,1.5543763300000002e-08,2.34882172e-08,3.81632545e-08,5.10704539e-08,0.00038141712400000004,0.0009169042839999999,2.7796195499999996e-06,109.78205499999999,110.08582899999999,9.50419226e-08,7.01578505,0.0008272694680000001,0.0315555619,6.49703628e-05,2.5061982800000004e-06,0.0008837328059999998,0.034293814699999994,6.49703628e-05,2.5061982800000004e-06,0.011639591799999998,4.174391850000001,6.49703628e-05,2.5061982800000004e-06,0.000293339244,0.2027919229,6.49703628e-05,2.5061982800000004e-06,0.01155258125,1.93216392e-07,0.000133656757,0.07071091146,0.4397897024,-0.00934268043,-0.0108271753,-0.01099291315,2.23276523e-06,5.894805029999999e-05
113,1688047800,0.00296088401,0.0030946948899999997,-0.0036311708039999994,-1.0800625069999998,0.0932653474,0.0466718188,0.0735022473,0.06330193120000001,9.940129419999999e-05,0.00144364069,0.00013385283900000001,2.25434934e-08,8.09414234e-09,9.48188126e-09,1.41774091e-08,2.33391557e-08,3.0253593799999994e-08,3.91389574e-08,0.000519357174,0.000958209347,2.59880908e-06,107.44741490000001,106.2867085,1.0696759909999999e-07,6.889784920000001,0.0008671183,0.0346255652,6.497092719999999e-05,2.5498869500000002e-06,0.0010329600900000002,0.047329106,6.497092719999999e-05,2.5498869500000002e-06,0.011647883199999999,4.15857636,6.497092719999999e-05,2.5498869500000002e-06,0.000285682638,0.17498643785,6.497092719999999e-05,2.5498869500000002e-06,0.011564522550000001,2.02162328e-07,0.000133939037,0.55222137774,15.160959307970003,-0.00801837125,-0.01083740145,-0.011003334149999999,2.2855645300000005e-06,5.884039140000001e-05
113,1688048400,0.0028779757100000003,0.0030113772699999998,-0.0190750243,-1.1429180200000002,0.0894777315,0.0460319181,0.07065215709999999,0.0637144433,7.78644817e-05,0.0013602860800000002,0.00013344048400000001,2.2539181299999997e-08,6.512560690000001e-09,8.968998540000001e-09,1.4260451699999997e-08,2.4550715400000005e-08,2.9115265200000005e-08,5.37911624e-08,0.000591089371,0.000844500647,3.1904666600000004e-06,103.81607199999999,100.22345539999999,1.0432571899999999e-07,6.72889378,0.000853717442,0.03329641530000001,5.9016580299999993e-05,2.17045489e-06,0.001110672003,0.0522779675,5.9016580299999993e-05,2.17045489e-06,0.011571645549999999,4.02473783,5.9016580299999993e-05,2.17045489e-06,0.00021791531799999998,0.05899474662,5.9016580299999993e-05,2.17045489e-06,0.01155012055,1.8041570800000002e-07,0.00013358603,0.0076856245,0.055422288,-0.009849337599999999,-0.01085417905,-0.01100689255,2.1370224100000002e-06,5.812288140000001e-05
113,1688049000,0.00340625396,0.00353947094,-0.01904699058,-1.2380186899999999,0.092252818,0.0507631165,0.0751897955,0.06930211630000002,0.00011830461360000002,0.0016705310699999996,0.000133254472,2.0640433300000002e-08,5.480657120000001e-09,7.2378408e-09,1.3756633850000002e-08,2.16042801e-08,2.5209942300000002e-08,3.76005295e-08,0.0008898043120000001,0.000810182806,2.9608141600000002e-06,101.39164399999999,91.54169590000001,1.218837764e-07,6.64026498,0.0009242298459999999,0.038306915500000004,6.94405201e-05,2.72905368e-06,0.00135150977,0.0780024096,6.94405201e-05,2.72905368e-06,0.01162839025,4.20640723,6.94405201e-05,2.72905368e-06,0.00030320106899999995,0.2496943578,6.94405201e-05,2.72905368e-06,0.011542270549999999,1.76022024e-07,0.000133400849,0.008506130399999999,0.14613488070000002,-0.0097464535,-0.0108513285,-0.011008739649999998,2.1217485000000005e-06,5.84143479e-05
113,1688049600,0.0045714699300000005,0.004705303169999999,0.0026017659049999997,-1.31312029,0.11175341140000002,0.060360767999999995,0.091915306,0.0771773552,9.6510324e-05,0.00208334038,0.00013387649900000002,2.6127985200000003e-08,1.0865171449999998e-08,1.38131608e-08,2.29683846e-08,3.55528795e-08,4.7038209900000006e-08,9.48449524e-08,0.00147322072,0.0008095107989999999,2.70518356e-06,97.1059331,80.9662922,1.6032168500000002e-07,6.88960362,0.0010538543299999999,0.050949074399999995,6.909547779999999e-05,2.7527067500000005e-06,0.00176981004,0.1295049982,6.909547779999999e-05,2.7527067500000005e-06,0.0116676878,4.23326304,6.909547779999999e-05,2.7527067500000005e-06,0.000301852634,0.24577879879999998,6.909547779999999e-05,2.7527067500000005e-06,0.011566405049999999,1.7906846700000003e-07,0.00013396133599999997,0.03681901631,0.23218178080000001,-0.0096493507,-0.0108695282,-0.0110243116,2.1855112600000003e-06,5.87721745e-05
113,1688050200,0.004684250250000001,0.00481820412,-0.00286085549,-1.3552544499999999,0.10957834339999999,0.061369358799999996,0.0896652369,0.08040245440000002,0.00011979974569999998,0.0021725215499999997,0.000133990718,2.3170056699999998e-08,6.8448282700000014e-09,9.58103525e-09,1.5669013599999997e-08,2.46342986e-08,3.09796867e-08,5.72905367e-08,0.0015173875200000001,0.000821740628,2.7753645400000003e-06,97.2306236,80.851073,1.6431230099999998e-07,6.6724388,0.00107228409,0.0512632352,6.765610830000001e-05,2.56361746e-06,0.0017939994300000001,0.13348004,6.765610830000001e-05,2.56361746e-06,0.011657610449999998,4.19943562,6.765610830000001e-05,2.56361746e-06,0.00030073120700000003,0.2198812217,6.765610830000001e-05,2.56361746e-06,0.01156867885,1.6713956300000003e-07,0.00013400231600000002,0.029151902370000003,0.12567718287000001,-0.009884360749999998,-0.010897727999999999,-0.0110465868,2.0405620000000002e-06,5.8542877900000006e-05
113,1688050800,0.00196857822,0.0021019706099999996,-0.031255680339999994,-0.8515729249999999,0.0798399375,0.0371131557,0.05767676049999999,0.0438763397,0.0001422697426,0.001091186148,0.000133434039,2.29967102e-08,7.70764262e-09,1.006084209e-08,1.725412476e-08,2.6660657500000005e-08,2.9250675199999997e-08,4.700394930000001e-08,0.00045311223999999994,0.000527757415,3.21205007e-06,102.7823486,99.01675200000001,7.408556899999999e-08,7.07111017,0.000682942529,0.023889143,6.0302657499999995e-05,2.31536712e-06,0.0008069532039999998,0.04025468445,6.0302657499999995e-05,2.31536712e-06,0.0116021926,4.07573543,6.0302657499999995e-05,2.31536712e-06,0.000258262506,0.10095314740000001,6.0302657499999995e-05,2.31536712e-06,0.01154878095,1.96285211e-07,0.000133571495,0.0891946236,9.4877166236,-0.00764933352,-0.01085288155,-0.0110067663,2.25202381e-06,5.89592755e-05
113,1688051400,0.0012683755099999999,0.00140213015,-0.038842441809999996,-1.025193394,0.060976862,0.0312570963,0.044813868400000005,0.0373136397,3.665046e-05,0.0006492623719999999,0.000133792107,2.0637459800000002e-08,4.3754608200000005e-09,5.72028219e-09,9.92056499e-09,1.7657317499999998e-08,1.90899187e-08,3.74770156e-08,0.00015614579000000002,0.00047462745199999996,3.17953818e-06,109.39533409999999,103.92468819999999,5.08483021e-08,7.14061381,0.0005771537359999999,0.015662930649999997,6.0695685600000004e-05,2.2208697100000002e-06,0.000561900229,0.014763522899999998,6.0695685600000004e-05,2.2208697100000002e-06,0.01162463225,4.10254125,6.0695685600000004e-05,2.2208697100000002e-06,0.000249886299,0.10873188761000001,6.0695685600000004e-05,2.2208697100000002e-06,0.011564303400000002,1.69222906e-07,0.00013390279999999998,0.0248332492,0.28126178142,-0.00952268305,-0.010888671400000001,-0.011039648400000001,2.12135678e-06,5.87301919e-05
113,1688052000,0.000982388893,0.00111535758,-0.011756451600000002,-1.23295593,0.055014179899999995,0.028463853500000004,0.0363011073,0.0299259136,2.387684035e-05,0.00051785496,0.000133011305,2.0220949099999998e-08,4.35142177e-09,5.861790139999999e-09,1.0262821750000001e-08,1.5868653e-08,1.550828894e-08,2.29650457e-08,4.996466830000001e-05,0.000437979021,3.04877175e-06,112.4438146,109.9856143,4.1343668900000005e-08,7.207710260000001,0.000520444619,0.0124746146,5.95565946e-05,2.38193565e-06,0.000322230082,0.0051747533,5.95565946e-05,2.38193565e-06,0.0115580322,4.0235723100000005,5.95565946e-05,2.38193565e-06,0.000232123117,0.0669253584,5.95565946e-05,2.38193565e-06,0.011525140150000002,1.8418389e-07,0.00013301346600000003,0.05144369560000002,5.0252149379999995,-0.00856631541,-0.0108353014,-0.0109868922,2.32457105e-06,5.86540219e-05
113,1688052600,0.00119596714,0.00132882956,-0.02036099283,-1.28012379,0.0630019242,0.0313523431,0.039826215699999994,0.0343885492,2.9613107400000002e-05,0.0006192941870000001,0.000132900089,2.06344237e-08,4.415535180000001e-09,6.21560773e-09,1.1091412099999999e-08,1.71986259e-08,1.88745921e-08,2.71909863e-08,6.50349877e-05,0.000529602195,3.18724196e-06,113.7916925,113.97307560000002,4.83950829e-08,7.264122079999998,0.000575514293,0.015171435450000001,6.12712224e-05,2.2846277400000004e-06,0.000356423523,0.00655517071,6.12712224e-05,2.2846277400000004e-06,0.011573728299999999,4.05647762,6.12712224e-05,2.2846277400000004e-06,0.00024456560500000005,0.09835603233,6.12712224e-05,2.2846277400000004e-06,0.011523891800000002,1.73496992e-07,0.00013297391399999997,0.017007986599999997,0.3011725318,-0.00942882311,-0.010838583649999999,-0.0109914314,2.1778639000000003e-06,5.8738008699999995e-05
113,1688053200,0.00134749085,0.0014801594699999998,-0.01344657974,-1.3263405499999998,0.061201868199999995,0.0333670103,0.0427513044,0.036451111599999995,2.5513058700000004e-05,0.000655801059,0.00013270735899999998,2.00199715e-08,4.07716978e-09,5.425862820000001e-09,1.0096175050000002e-08,1.6628110700000002e-08,1.7366685e-08,3.0416867e-08,5.15378188e-05,0.000618775591,3.2324867800000003e-06,115.0928183,119.05551950000002,5.34286482e-08,7.082577479999999,0.000611582935,0.016782233,6.176197779999999e-05,2.34809459e-06,0.000323894817,0.005429888480000001,6.176197779999999e-05,2.34809459e-06,0.0115727726,4.070237430000001,6.176197779999999e-05,2.34809459e-06,0.000255320875,0.12055750399999998,6.176197779999999e-05,2.34809459e-06,0.01152028725,1.7346896700000002e-07,0.000132890991,0.0491276737,0.31890153535000004,-0.009531656910000002,-0.0108301718,-0.01098737775,2.2045924500000004e-06,5.803469150000001e-05
113,1688053800,0.0012123477899999998,0.00134514456,-0.0463347112,-1.182186295,0.0593643134,0.0311728314,0.04155126890000001,0.03446355189999999,2.56655948e-05,0.000596033738,0.00013283798300000005,2.7121097999999997e-08,1.272055831e-08,1.5800390659999997e-08,2.1241440899999998e-08,2.5242986650000003e-08,2.2703787799999998e-08,2.7466938899999996e-08,8.315658040000001e-05,0.000519568358,3.23530113e-06,114.5804128,111.4062617,4.89246781e-08,7.27414206,0.0005791300050000001,0.0168553788,6.00944152e-05,2.2794724700000002e-06,0.00042082010700000003,0.00942084575,6.00944152e-05,2.2794724700000002e-06,0.011562094450000001,4.04442899,6.00944152e-05,2.2794724700000002e-06,0.00023856831699999996,0.09103596985,6.00944152e-05,2.2794724700000002e-06,0.011522778049999998,2.62714876e-07,0.00013302327100000002,-2.5951557591,142.7958653276,-0.0068372808000000005,-0.01084736105,-0.010997679900000001,2.28636977e-06,6.032773420000001e-05
113,1688054400,0.00146863741,0.00160155162,-0.015514974139999999,-1.300108984,0.0655895028,0.03458507880000001,0.044663863500000005,0.0380261597,4.90817209e-05,0.00072389994,0.000132953789,2.01186509e-08,4.24535021e-09,6.1900637299999995e-09,1.0155396600000001e-08,1.8666518599999996e-08,1.69638309e-08,3.581865755e-08,6.015069869999999e-05,0.0006694362389999999,4.56902779e-06,115.14074620000001,121.13881959999999,5.75038299e-08,7.26616049,0.000633152249,0.0182978785,6.24185747e-05,2.3959047700000004e-06,0.00026676126000000006,0.006377510910000002,6.24185747e-05,2.3959047700000004e-06,0.011591619850000002,4.0905727999999995,6.24185747e-05,2.3959047700000004e-06,0.00025837648800000005,0.1324270877,6.24185747e-05,2.3959047700000004e-06,0.0115266167,1.77100635e-07,0.00013304038,0.03207617659999999,0.48890200019999996,-0.0093777158,-0.01083660405,-0.0109902731,2.2162271900000002e-06,5.82643102e-05
113,1688055000,0.00133189776,0.00146573569,0.0030542511,-1.40747949,0.0565142253,0.0333906774,0.0414012627,0.037238636000000006,1.4282319030000002e-05,0.000616734679,0.000133872514,2.11791351e-08,5.404217739999999e-09,8.01023837e-09,1.1508972609999998e-08,2.07413496e-08,1.5559054999999998e-08,4.371196905e-08,1.4969099469999998e-05,0.0006470983239999999,3.701855930000001e-06,120.21074290000001,123.14584500000001,5.30078099e-08,7.2358492,0.000616296554,0.0171330438,6.09396841e-05,2.1401076999999996e-06,0.000197855457,0.0023901344300000004,6.09396841e-05,2.1401076999999996e-06,0.01163185215,4.109366150000001,6.09396841e-05,2.1401076999999996e-06,0.00025592085799999996,0.1141774823,6.09396841e-05,2.1401076999999996e-06,0.011569054499999998,1.7735850200000001e-07,0.000134014167,0.936225751,33.113189671099995,-0.007948436,-0.010898682949999999,-0.011050784300000002,2.03367492e-06,5.8368354799999995e-05
113,1688055600,0.001221655745,0.00135545226,0.0045828785,-1.35426527,0.0580142716,0.0318783005,0.0398262161,0.03465105809999999,1.99619449e-05,0.0005896977649999999,0.00013383354500000002,1.96554784e-08,4.17902065e-09,6.9451997400000005e-09,1.05141947e-08,1.9431210799999998e-08,1.5304459499999995e-08,3.9641105e-08,2.71038156e-05,0.000579719641,3.82502919e-06,116.3697688,119.22632899999999,4.935603339999999e-08,7.169026530000001,0.000590825658,0.01572272555,5.9073240700000006e-05,2.16932004e-06,0.00024390792499999996,0.00321036615,5.9073240700000006e-05,2.16932004e-06,0.0116028908,4.05977486,5.9073240700000006e-05,2.16932004e-06,0.00023696970500000002,0.0745789946,5.9073240700000006e-05,2.16932004e-06,0.01157141425,1.72567714e-07,0.000134070786,0.044035735422999996,0.15903351418,-0.0094638004,-0.010887903,-0.011039426049999999,2.13837792e-06,5.895820549999999e-05
113,1688056200,0.001176561937,0.00131030282,0.00709945908,-1.27143222,0.056626728400000007,0.0309244482,0.040276229000000004,0.0353260784,2.1846784249999997e-05,0.0005716354810000001,0.000133781697,2.00093315e-08,4.1894967e-09,6.31798427e-09,1.0411833439999998e-08,1.88788458e-08,1.6033576399999997e-08,4.49564097e-08,6.40361676e-05,0.000519931792,4.13316882e-06,114.73213950000002,113.1694431,4.78396046e-08,7.1719141,0.0005694428339999999,0.014951572599999999,6.0224603900000005e-05,2.34046317e-06,0.00036761294200000005,0.006439028869999999,6.0224603900000005e-05,2.34046317e-06,0.01161333895,4.07634751,6.0224603900000005e-05,2.34046317e-06,0.000238910816,0.08027471915000002,6.0224603900000005e-05,2.34046317e-06,0.011565363,1.81382191e-07,0.000133939533,-0.0525039174,0.25498529010000004,-0.0096857793,-0.01087286355,-0.011027881,2.2901454e-06,5.9269953000000005e-05
113,1688056800,0.00126937883,0.0014036213899999998,0.0008484746000000008,-1.27919067,0.060414344499999995,0.0322128194,0.0423762939,0.0361136022,1.9477442249999998e-05,0.000606741934,0.000134280738,2.06855432e-08,4.13492863e-09,6.70633907e-09,1.0131752799999998e-08,1.9992033999999996e-08,1.5717164599999997e-08,4.50877799e-08,6.086465929999999e-05,0.00056950568,4.09347707e-06,115.8236042,116.11882600000001,5.0933019199999996e-08,7.13188373,0.000593024265,0.016071735200000003,6.01160455e-05,2.25367887e-06,0.00034745530499999996,0.006115512890000001,6.01160455e-05,2.25367887e-06,0.0116116552,4.057037429999999,6.01160455e-05,2.25367887e-06,0.00021921604700000003,0.05818563576,6.01160455e-05,2.25367887e-06,0.011585122950000002,1.78480774e-07,0.00013439405,-0.0032265120699999984,0.25164088980000004,-0.0094599699,-0.01089300135,-0.0110451644,2.2018534e-06,5.88517544e-05
113,1688057400,0.00154636599,0.0016802655100000001,-0.003042732700000001,-1.1028887299999999,0.06978962999999999,0.0345535929,0.049876522,0.0430513145,4.33048675e-05,0.000766097277,0.00013393794200000002,2.0347065100000003e-08,5.16446687e-09,1.023989905e-08,1.77006356e-08,3.21241565e-08,3.84038056e-08,9.93014135e-08,0.0002064986535,0.000559993418,6.389053310000001e-06,105.442871,105.11744879999999,5.99853879e-08,7.2709642500000005,0.000671169852,0.021333237499999998,5.94110821e-05,2.25149663e-06,0.000660279883,0.0190222492,5.94110821e-05,2.25149663e-06,0.01162191545,4.07851593,5.94110821e-05,2.25149663e-06,0.000242063645,0.0806697035,5.94110821e-05,2.25149663e-06,0.0115727033,2.14359515e-07,0.000134142185,-0.018632338059999996,0.12414767755,-0.0095702587,-0.010814803250000001,-0.0109831019,2.20368319e-06,5.90590727e-05
113,1688058000,0.00150322671,0.00163672278,-0.011544133169999998,-1.0848806699999998,0.0699396338,0.03386094939999999,0.0484889794,0.042001282200000004,4.59750282e-05,0.0007571551039999999,0.00013353555399999998,2.03450842e-08,6.061197789999999e-09,1.061013695e-08,1.8267503300000004e-08,3.4332402500000004e-08,4.0398544000000004e-08,1.042640836e-07,0.00020845866799999998,0.000536490397,6.34835446e-06,107.1765652,103.802326,5.851761110000001e-08,7.416185750000001,0.000665706024,0.0211775149,5.9682830199999996e-05,2.26166592e-06,0.000658737195,0.01925086815,5.9682830199999996e-05,2.26166592e-06,0.011599522550000001,4.066249600000001,5.9682830199999996e-05,2.26166592e-06,0.000248830139,0.09119692649999998,5.9682830199999996e-05,2.26166592e-06,0.011558648949999998,2.1701806399999996e-07,0.00013381983,0.018385191500000002,0.43003563000000006,-0.00908210074,-0.0107940052,-0.0109668143,2.21749002e-06,5.89656082e-05
113,1688058600,0.00131797183,0.00145145523,0.020996938,-1.0609507859999998,0.06551449919999999,0.031868608699999995,0.0472139418,0.0387386814,2.8800672850000002e-05,0.000641561824,0.000133520521,2.03744419e-08,6.781880889999999e-09,9.61569733e-09,1.62916634e-08,2.9140091599999998e-08,3.40715658e-08,7.97163088e-08,0.00018534088430000002,0.000469466673,3.921304590000001e-06,104.70069140000001,102.21443059999999,5.243522100000001e-08,7.4171597999999985,0.0006135725130000001,0.0181480593,6.134780080000001e-05,2.24530873e-06,0.000610988056,0.01735091225,6.134780080000001e-05,2.24530873e-06,0.011617156949999999,4.10580178,6.134780080000001e-05,2.24530873e-06,0.000262007953,0.125631044,6.134780080000001e-05,2.24530873e-06,0.0115533258,1.9916969900000002e-07,0.000133678805,0.031743824409999996,0.088925567185,-0.009641856350000002,-0.010816878050000001,-0.01098672745,2.13032044e-06,5.859143730000001e-05
113,1688059200,0.0013668802800000002,0.0015001373200000002,0.036066890110000006,-1.0098659339999998,0.0668645413,0.032335838500000005,0.049501511000000005,0.039526205200000004,3.1879477300000004e-05,0.000669532003,0.00013329529,2.04660535e-08,6.48784642e-09,9.875703799999998e-09,1.72660284e-08,3.15079772e-08,3.63820899e-08,8.36963992e-08,0.000210807848,0.000468550033,3.80813729e-06,104.27125040000001,100.1384961,5.40693945e-08,7.294191670000001,0.000626479281,0.019028632099999998,5.86256728e-05,2.2441285099999997e-06,0.000667506925,0.01962830145,5.86256728e-05,2.2441285099999997e-06,0.0115929517,4.05728186,5.86256728e-05,2.2441285099999997e-06,0.000243750698,0.0759477162,5.86256728e-05,2.2441285099999997e-06,0.01154312945,2.15072597e-07,0.000133459272,-0.0078320426,0.16595657724,-0.0094880248,-0.0107876547,-0.010952867750000001,2.17863537e-06,5.8075138e-05
113,1688059800,0.0010803704460000002,0.0012145155300000003,0.03023101955,-1.107130281,0.0652519912,0.029475141,0.04083874690000001,0.0328510024,3.16238811e-05,0.0005894304399999999,0.000134183957,2.0586784600000002e-08,6.809031489999999e-09,9.77113259e-09,1.63454847e-08,3.34780502e-08,3.661258690000001e-08,9.34237663e-08,9.0760888e-05,0.00044482566100000005,4.33012318e-06,107.82723949999999,106.65501309999999,4.4562382900000004e-08,7.56999779,0.000580928941,0.016461237650000002,5.98522751e-05,2.2537120000000005e-06,0.00043729309299999996,0.009104762499999999,5.98522751e-05,2.2537120000000005e-06,0.0116273606,4.085856430000001,5.98522751e-05,2.2537120000000005e-06,0.00023429459299999998,0.08746718984999999,5.98522751e-05,2.2537120000000005e-06,0.011585931500000002,2.12985056e-07,0.000134447726,-0.023003535564000005,0.636259953656,-0.00920223456,-0.0108364827,-0.011003031600000001,2.1958116800000002e-06,5.9014373e-05
113,1688060400,0.001235738,0.00136939621,0.018101852100000003,-0.832081827,0.0703521469,0.030514132600000004,0.04830147509999999,0.0369761284,2.8151339899999997e-05,0.000659612976,0.00013369833399999999,2.4407680299999998e-08,6.68015771e-09,9.948007600000002e-09,1.53061108e-08,3.15639579e-08,4.08168438e-08,8.02757761e-08,0.00020901814799999997,0.000403703686,4.88819492e-06,103.54592749999999,95.584209,4.97362939e-08,7.4704777899999995,0.000600183329,0.0176747231,6.10134481e-05,2.34147787e-06,0.0006685464260000001,0.019300864600000002,6.10134481e-05,2.34147787e-06,0.0116213407,4.10432692,6.10134481e-05,2.34147787e-06,0.00026619015700000005,0.12167054969999999,6.10134481e-05,2.34147787e-06,0.011562407299999999,2.1660467899999997e-07,0.000133906185,0.02352940685,0.2547244556,-0.009406291,-0.010794010699999999,-0.0109665439,2.2428641599999997e-06,5.84119465e-05
113,1688061000,0.0011244156899999998,0.0012577838999999996,-0.07456486984,-0.8480919800000001,0.06255190940000001,0.029201985100000005,0.042338792,0.034988567400000004,3.05494291e-05,0.000580640162,0.000133405413,2.66409559e-08,6.06332687e-09,9.139484799999999e-09,1.301390355e-08,2.7018884199999998e-08,4.1767063100000005e-08,6.85186963e-08,0.000204394928,0.00035161108799999997,5.97223993e-06,103.75844629999999,91.821124,4.6052305e-08,7.4421551400000014,0.000576542541,0.01600676765,5.9966600799999996e-05,2.24085414e-06,0.000663110838,0.018927368,5.9966600799999996e-05,2.24085414e-06,0.011603356450000001,4.08118382,5.9966600799999996e-05,2.24085414e-06,0.000260348804,0.1040196144,5.9966600799999996e-05,2.24085414e-06,0.0115482298,2.1042186500000002e-07,0.000133573168,0.018863249470000003,0.21985633277000005,-0.009194910609999999,-0.010796857500000001,-0.010963297600000001,2.15704713e-06,5.81360421e-05
113,1688061600,0.00121347729,0.00134630153,-0.0451075631,-0.897938055,0.0649894851,0.030304541100000006,0.0442513509,0.03693862739999999,2.56469989e-05,0.00059717439,0.00013286077600000001,2.5428236299999995e-08,6.00993967e-09,9.575193639999998e-09,1.2802397e-08,2.8164603699999996e-08,4.03472215e-08,6.77730555e-08,0.00023768911200000003,0.00036395721400000005,4.8655609099999995e-06,101.6013853,90.85487,4.89526059e-08,7.329177660000001,0.0006006600619999999,0.0169066606,5.9474823000000005e-05,2.1802644200000002e-06,0.000713829173,0.0216355077,5.9474823000000005e-05,2.1802644200000002e-06,0.01155827455,4.030285309999999,5.9474823000000005e-05,2.1802644200000002e-06,0.00023104707599999998,0.07130119608999999,5.9474823000000005e-05,2.1802644200000002e-06,0.0115209998,2.0247552899999998e-07,0.000132936272,-0.04847706103999999,0.5626249816099999,-0.009275047100000001,-0.0107891571,-0.010950195049999998,2.1095447999999998e-06,5.84173132e-05
113,1688062200,0.001216000826,0.00134849819,-0.0717254869,-0.7718059220000001,0.06918961180000001,0.030048563099999998,0.04582639869999999,0.03592609610000001,3.57620781e-05,0.000621877457,0.000132532057,2.47283688e-08,6.3166362e-09,1.054574686e-08,1.3426735710000002e-08,2.5117208999999996e-08,4.52503099e-08,5.7633255500000004e-08,0.0002209849504,0.00038161516399999997,5.18132587e-06,108.637846,93.8581473,4.89949275e-08,7.400126350000001,0.000596314929,0.016938088100000002,5.83716769e-05,2.10197142e-06,0.0006732612410000001,0.020356988049999997,5.83716769e-05,2.10197142e-06,0.0115474657,4.02162629,5.83716769e-05,2.10197142e-06,0.000232031732,0.0667551207,5.83716769e-05,2.10197142e-06,0.0115079409,2.06356659e-07,0.00013263933499999998,0.028801644100000003,0.5704187009999999,-0.009209376100000001,-0.0107573623,-0.0109294161,2.04071461e-06,5.7677617000000005e-05
113,1688062800,0.0018715868,0.00200554815,-0.0428662365,-1.073299283,0.0770648514,0.037637783099999995,0.05621421689999999,0.0486764866,4.08450117e-05,0.0008989805299999999,0.000134002595,2.5039671600000002e-08,6.19032116e-09,8.74278366e-09,1.3475218199999998e-08,2.6586375199999998e-08,5.28138968e-08,4.27562043e-08,0.0006494076410000001,0.00027025840000000003,1.589312314e-05,97.4607805,70.7862343,7.09042193e-08,7.173989260000001,0.0007297162660000001,0.023685988900000003,5.94454438e-05,2.30121918e-06,0.00117172406,0.05787667640000001,5.94454438e-05,2.30121918e-06,0.011631137900000001,4.099656199999999,5.94454438e-05,2.30121918e-06,0.000256437894,0.10253454355999998,5.94454438e-05,2.30121918e-06,0.011577833499999999,1.9770980199999996e-07,0.000134244765,0.027234045199999994,0.7181037430000001,-0.009265889959999999,-0.010854286199999999,-0.011014565399999999,2.2733147400000004e-06,5.88490464e-05
113,1688063400,0.00169955298,0.0018337470800000003,0.08742445559999999,-1.29017218,0.07151468249999998,0.0370385944,0.0532891266,0.045301382700000004,4.81549576e-05,0.000827777673,0.000134228986,2.25288439e-08,5.9371118e-09,8.40772157e-09,1.395819515e-08,2.4629808699999996e-08,4.7034670699999997e-08,5.380615250000001e-08,0.000601263135,0.00022130963100000005,2.69801051e-05,99.4394559,67.65805270000001,6.51304295e-08,7.241892759999999,0.0007091363379999999,0.023063503000000003,5.878164309999999e-05,2.04883829e-06,0.001140752804,0.054403250599999994,5.878164309999999e-05,2.04883829e-06,0.011616517150000002,4.05718836,5.878164309999999e-05,2.04883829e-06,0.000218192563,0.05574106798,5.878164309999999e-05,2.04883829e-06,0.0115854363,1.8363874700000003e-07,0.000134406511,-0.013435419199999998,0.14058799249999998,-0.0097435749,-0.0108845425,-0.011040684249999998,2.05640578e-06,5.8686601400000004e-05
113,1688064000,0.00251474305,0.0026497503200000002,0.09282266599999998,-1.31218212,0.0876776758,0.0452964389,0.069902134,0.0575267568,7.23151611e-05,0.00120738322,0.000135049623,2.76694474e-08,1.227349503e-08,1.851235565e-08,2.8060111100000002e-08,4.4940833699999994e-08,7.49814682e-08,9.426550559999999e-08,0.0010117713179999999,0.000217879347,2.73563665e-05,92.5973414,62.05110620000001,9.211320239999998e-08,7.255759020000001,0.000843390334,0.0336804514,6.04817261e-05,2.1750813699999997e-06,0.00147105874,0.08961502299999999,6.04817261e-05,2.1750813699999997e-06,0.011652777900000001,4.093279109999999,6.04817261e-05,2.1750813699999997e-06,0.00021686747900000002,0.06397879172,6.04817261e-05,2.1750813699999997e-06,0.0116214711,2.2743558000000004e-07,0.00013528657200000002,-0.043005764300000006,0.769097845,-0.00901463094,-0.010852446650000002,-0.011023847449999999,2.1132401499999997e-06,5.93809119e-05
113,1688064600,0.00203099153,0.0021661191399999996,0.10883332279999999,-1.2204684700000001,0.08028995280000002,0.0404099443,0.0638269476,0.052089091100000005,6.14331948e-05,0.0010039383689999996,0.000135171173,2.54957068e-08,9.883910699999999e-09,1.4799175199999999e-08,2.51188685e-08,4.1984810899999996e-08,7.2112041e-08,7.357971789999999e-08,0.0008117546769999999,0.000177868855,2.5542740999999994e-05,93.5291564,61.07798529999999,7.608245380000001e-08,7.33693976,0.0007581379649999999,0.0278234896,5.94461e-05,2.2660598e-06,0.0013174474199999999,0.0722417413,5.94461e-05,2.2660598e-06,0.0116458538,4.07010037,5.94461e-05,2.2660598e-06,0.00020969214699999997,0.037481092040000004,5.94461e-05,2.2660598e-06,0.011623463,2.4073594799999994e-07,0.000135346715,0.002204065999999999,1.0047243170000002,-0.00875402808,-0.010824966949999999,-0.01100583585,2.2578067700000004e-06,5.9251872400000004e-05
113,1688065200,0.00176631322,0.00190027826,0.09701951369999999,-1.3836978500000001,0.0721897044,0.0382479157,0.0544516614,0.0450013735,5.1755379100000003e-05,0.0008746523610000001,0.000134005369,2.2990705800000003e-08,6.8677013100000004e-09,1.1128771500000002e-08,1.81168268e-08,3.2047396900000005e-08,5.235287880000001e-08,6.8152843e-08,0.000665019626,0.00019774744499999997,2.0115875e-05,95.9551041,64.42153379999999,6.728009e-08,7.318731009999999,0.0007202133120000001,0.0245968337,5.84484611e-05,2.19746583e-06,0.00119298635,0.059644683500000004,5.84484611e-05,2.19746583e-06,0.0115998345,4.04287959,5.84484611e-05,2.19746583e-06,0.000227682819,0.0507970575,5.84484611e-05,2.19746583e-06,0.0115780341,2.14602908e-07,0.000134265869,-0.04501705512699998,1.409545907,-0.008956407239999999,-0.010822482999999999,-0.010991182700000001,2.18708278e-06,5.84902491e-05
113,1688065800,0.0023220757799999998,0.0024567104100000005,0.0843078748,-1.33628723,0.08216500680000001,0.0435770981,0.06682704069999999,0.055464192700000005,6.386391749999999e-05,0.00114668668,0.00013467397299999996,2.44281758e-08,7.358344009999999e-09,1.079877761e-08,1.70319248e-08,2.88687574e-08,5.2922383699999994e-08,4.7904458199999994e-08,0.0009592424320000001,0.00017603305199999998,2.55037331e-05,95.39206879999999,59.8001437,8.585522520000001e-08,7.12402462,0.00079322296,0.030008863999999996,6.02425211e-05,2.1896151000000003e-06,0.0014298144300000002,0.08506489040000001,6.02425211e-05,2.1896151000000003e-06,0.01165206565,4.10016532,6.02425211e-05,2.1896151000000003e-06,0.000238435019,0.07800922169999999,6.02425211e-05,2.1896151000000003e-06,0.011604273699999999,1.99295421e-07,0.000134859007,-0.021383354600000005,0.26083805439999996,-0.0094602824,-0.010872903350000001,-0.011038164150000002,2.14642546e-06,5.89939682e-05
113,1688066400,0.00253187781,0.00266663194,0.06438553761400001,-1.2463301599999999,0.08707765810000001,0.0451337561,0.07083966150000001,0.059476816099999996,6.64692186e-05,0.00124653142,0.000134794958,2.8949930699999997e-08,1.201678888e-08,1.8225574049999998e-08,2.75963712e-08,4.2990328500000004e-08,6.97880451e-08,8.542620439999999e-08,0.00108915822,0.000152040987,2.4325310400000003e-05,89.59045210000002,57.209481,9.27660362e-08,7.260752049999999,0.0008233305989999998,0.0323515444,6.0092201999999986e-05,2.1091597699999996e-06,0.00153421866,0.09758223,6.0092201999999986e-05,2.1091597699999996e-06,0.011644879599999998,4.091514579999999,6.0092201999999986e-05,2.1091597699999996e-06,0.00023766820200000002,0.07403552245999999,6.0092201999999986e-05,2.1091597699999996e-06,0.01160742345,2.1321200800000002e-07,0.00013494614800000002,-0.026025163960000004,0.241260658,-0.009444381,-0.01085638505,-0.011021584599999999,2.0513141199999997e-06,5.882122739999999e-05
113,1688067000,0.00280187915,0.00293650111,-0.012186977600000001,-1.4937315199999999,0.0816399924,0.0486283764,0.06690204050000001,0.05722674710000001,8.470805279999998e-05,0.00135318998,0.00013466187,2.42566576e-08,7.54146727e-09,1.3643259200000002e-08,2.39420291e-08,3.69976342e-08,6.30573669e-08,7.129765369999998e-08,0.0012464075760000002,0.00013082753100000002,2.3414614400000003e-05,89.897203,55.2710493,1.0180165030000001e-07,7.2757295,0.0008851359449999999,0.0361135942,6.27873326e-05,2.34391763e-06,0.00162858708,0.1105548658,6.27873326e-05,2.34391763e-06,0.011657800400000001,4.132457950000001,6.27873326e-05,2.34391763e-06,0.000260729651,0.12293642884,6.27873326e-05,2.34391763e-06,0.011602738900000001,2.38518088e-07,0.000134862747,0.0020821402,0.34482038800000003,-0.0092464715,-0.0108061337,-0.010983845649999999,2.1623543899999998e-06,5.9302245900000004e-05
113,1688067600,0.0021973275799999996,0.0023315862800000003,-0.04387827069,-1.53340754,0.0757898124,0.0430086692,0.054076651600000004,0.046613923700000004,0.00011773207229999999,0.0011830475949999998,0.00013430087,2.47330631e-08,1.0104159970000001e-08,1.7609271600000003e-08,3.11697851e-08,5.2477258800000004e-08,9.35391556e-08,1.262713751e-07,0.000966251727,0.000108962024,2.30252264e-05,90.23107,54.8970504,8.144382489999999e-08,7.49954697,0.000830654606,0.032758369999999995,5.9997108000000004e-05,2.26603433e-06,0.00142889874,0.086426686,5.9997108000000004e-05,2.26603433e-06,0.011607866849999999,4.05052713,5.9997108000000004e-05,2.26603433e-06,0.00021588278699999998,0.05168608053,5.9997108000000004e-05,2.26603433e-06,0.0115885495,2.91176269e-07,0.000134585948,-0.30952340284999996,7.3033752540000005,-0.00856932259,-0.010717170399999998,-0.0109144999,2.23576915e-06,5.89089597e-05
113,1688068200,0.0022053440600000003,0.00233907266,-0.010152105600000001,-1.50327904,0.07803988080000002,0.04292356730000001,0.05748925619999999,0.0481139684,8.92066163e-05,0.001149658155,0.00013376559700000002,2.48841485e-08,9.278839889999999e-09,1.67337671e-08,3.0674438300000006e-08,5.3313293300000005e-08,9.25899543e-08,1.481743231e-07,0.0009592059749999998,0.0001163933384,2.66498297e-05,90.555093,55.774873,8.172877310000001e-08,7.48318367,0.0008274794170000001,0.0330748664,6.04035708e-05,2.1481458200000004e-06,0.0014231953700000002,0.08557924630000001,6.04035708e-05,2.1481458200000004e-06,0.0115983114,4.06393999,6.04035708e-05,2.1481458200000004e-06,0.00023722336300000002,0.08623794736,6.04035708e-05,2.1481458200000004e-06,0.011561652099999998,2.76277322e-07,0.00013394891100000002,-0.013337113800000005,0.5371980807999999,-0.008959932220000001,-0.0107049933,-0.010900247749999998,2.0410944099999997e-06,5.809595640000001e-05
113,1688068800,0.0016178430799999998,0.0017517265099999998,0.03663734484,-1.5251644199999999,0.065064485,0.03696328069999999,0.04747644960000001,0.0403137302,6.757682540000001e-05,0.0008554478819999999,0.000133921127,2.5011360500000002e-08,8.66922304e-09,1.283508114e-08,2.215848474e-08,3.7594038400000005e-08,6.90201994e-08,8.429534429999998e-08,0.000648209151,0.000138486365,2.19131298e-05,92.626522,59.3416325,6.23202071e-08,7.5223524899999985,0.0007057676200000001,0.0234978968,5.9654826500000006e-05,2.12974133e-06,0.0011703526999999997,0.05773360650000001,5.9654826500000006e-05,2.12974133e-06,0.011597804750000001,4.0436967699999995,5.9654826500000006e-05,2.12974133e-06,0.00022137944100000004,0.053540748660000005,5.9654826500000006e-05,2.12974133e-06,0.011570801750000002,2.26927087e-07,0.000134111565,-0.010800282241999996,0.7178147426,-0.00879096445,-0.0107995357,-0.01096700265,2.06896e-06,5.9009541899999995e-05
113,1688069400,0.0018004510600000002,0.0019348384499999999,-0.0061247210799999985,-1.6251878599999998,0.06521448970000002,0.0393847431,0.04781395979999999,0.0411387546,6.058155049999999e-05,0.0009130589999999999,0.00013442928700000003,2.5333748999999996e-08,8.99777402e-09,1.3489828850000001e-08,2.1004341199999997e-08,3.3275923199999995e-08,6.27075398e-08,6.024713239999999e-08,0.0007636776149999999,0.00011530260400000001,2.09247023e-05,93.25961600000001,56.0126091,6.84943486e-08,7.40479907,0.000727085842,0.024161914700000002,5.9018686599999996e-05,2.2377103299999998e-06,0.0012796232799999999,0.0684906822,5.9018686599999996e-05,2.2377103299999998e-06,0.011608549699999998,4.04097239,5.9018686599999996e-05,2.2377103299999998e-06,0.00019860390200000002,0.030342279,5.9018686599999996e-05,2.2377103299999998e-06,0.01159589595,2.3281087800000004e-07,0.000134698295,-0.06695581784000001,1.6042287546499998,-0.008972994330000001,-0.010808434799999999,-0.010984313150000001,2.2237389e-06,5.91599833e-05
113,1688070000,0.0021856359499999997,0.0023200868099999996,-0.00773315127,-1.6169788100000002,0.0709146645,0.043409284400000005,0.0531766228,0.0476264543,6.186021939999999e-05,0.00107896407,0.000134494442,2.78119578e-08,1.237749154e-08,1.76040764e-08,2.96871963e-08,4.28758236e-08,6.88118693e-08,8.426292690000001e-08,0.0009042247650000001,0.00016386697800000003,2.4384821799999998e-05,92.7019253,59.24505750000001,8.11852711e-08,7.2853474899999995,0.000807607172,0.0292156396,5.96685467e-05,2.18010055e-06,0.00139268748,0.08058488059999999,5.96685467e-05,2.18010055e-06,0.0116141924,4.052683959999999,5.96685467e-05,2.18010055e-06,0.000221582117,0.05035968839999999,5.96685467e-05,2.18010055e-06,0.01159103195,2.2948880299999997e-07,0.00013458207300000004,-0.009322573399999999,0.8644091953,-0.008987038559999999,-0.01081104545,-0.01098865305,2.1483537e-06,5.8636686399999995e-05
113,1688070600,0.00199509357,0.0021293964999999997,-0.03364570759999999,-1.60082035,0.0685895939,0.04139412260000001,0.0499890266,0.044288852499999996,5.45639802e-05,0.0009729805099999999,0.00013434681,2.4515161199999997e-08,8.85015807e-09,1.3123008660000001e-08,2.25591832e-08,3.66266235e-08,5.985726729999999e-08,6.22390301e-08,0.0008361067459999999,0.00013568081600000002,2.54751272e-05,91.5800802,57.57696710000001,7.48994655e-08,7.3037441,0.000772011989,0.026520716700000002,6.197952449999999e-05,2.37097195e-06,0.00134045949,0.07458123450000001,6.197952449999999e-05,2.37097195e-06,0.011635349199999999,4.09776038,6.197952449999999e-05,2.37097195e-06,0.00024832530099999997,0.09596121979999998,6.197952449999999e-05,2.37097195e-06,0.011586161450000002,2.2826833700000002e-07,0.000134467926,-0.0076853767000000005,0.5706650384999999,-0.0092452436,-0.0108007607,-0.0109805354,2.26811247e-06,5.93648755e-05
113,1688071200,0.0019506541500000003,0.00208454034,-0.0170412837,-1.6029711899999999,0.0701646413,0.0410564347,0.0502515347,0.0443638542,6.56646468e-05,0.001001614241,0.000133929033,2.4343146399999995e-08,8.874245349999999e-09,1.3803134300000003e-08,2.33960463e-08,3.69584215e-08,6.37524094e-08,5.866128069999999e-08,0.000835411021,0.00011713564089999998,2.24917379e-05,92.00966,55.869661199999996,7.339645240000001e-08,7.353568559999999,0.0007594428320000001,0.026122512199999996,5.86662203e-05,2.24084492e-06,0.00133892737,0.074272633,5.86662203e-05,2.24084492e-06,0.011586759499999998,4.031212880000001,5.86662203e-05,2.24084492e-06,0.000209556853,0.04037348285000001,5.86662203e-05,2.24084492e-06,0.011568058999999999,2.3561073299999994e-07,0.000134056557,0.025224578464000003,0.47951552100000006,-0.009227634629999999,-0.0107668216,-0.010951814850000002,2.2360710000000003e-06,5.8785516199999995e-05
113,1688071800,0.0017400372500000001,0.0018741698800000001,0.018739484270000002,-1.5786207600000002,0.0713271781,0.0385629473,0.047963964600000006,0.0415512676,4.78275465e-05,0.0008818175869999998,0.00013417152000000002,2.22861174e-08,7.74092147e-09,1.25970144e-08,2.20925467e-08,3.54135088e-08,6.13425512e-08,6.68013642e-08,0.000707110881,0.000137147873,2.54870086e-05,94.3007874,58.76657709999999,6.63989019e-08,7.409022730000001,0.00073154063,0.0244924806,5.84279765e-05,2.1376457700000003e-06,0.00122770929,0.0628006436,5.84279765e-05,2.1376457700000003e-06,0.0115933532,4.0249071999999995,5.84279765e-05,2.1376457700000003e-06,0.000193403725,0.026053853420000002,5.84279765e-05,2.1376457700000003e-06,0.0115823057,2.2867897200000004e-07,0.000134378962,-0.008596467299999999,0.7363911970000001,-0.0088650515,-0.0108056421,-0.010978592700000001,2.1136371500000003e-06,5.8352506700000005e-05
113,1688072400,0.0015868408600000002,0.00172021568,-0.011081913499999995,-1.405941845,0.0633394343,0.036266597399999996,0.0475889529,0.0399012183,5.16612862e-05,0.0008080867860000001,0.00013341388699999998,2.33356783e-08,9.989069079999999e-09,1.490291533e-08,2.36771036e-08,3.73430569e-08,6.19765028e-08,6.374631370000001e-08,0.000621142665,0.000149081829,2.2905197800000004e-05,95.133555,61.085238200000006,6.13118943e-08,7.356777769999999,0.0006937932529999999,0.0228383052,5.8439597600000003e-05,2.13551434e-06,0.001142706295,0.055212041299999993,5.8439597600000003e-05,2.13551434e-06,0.011577960949999999,4.028780729999999,5.8439597600000003e-05,2.13551434e-06,0.00021933768200000002,0.047673756160000004,5.8439597600000003e-05,2.13551434e-06,0.01155248595,2.4202992e-07,0.00013370359500000003,0.01796272996,0.623560584,-0.00921026661,-0.010760487650000001,-0.010948591050000001,2.11217308e-06,5.8248492299999996e-05
113,1688073000,0.0009380861439999999,0.00107064668,0.07689842999999999,-0.298066306,0.0589893016,0.025942663999999997,0.045601392100000006,0.03502606810000001,2.90508689e-05,0.000490989172,0.000132599942,2.10122411e-08,4.942979550000001e-09,7.318234829999999e-09,1.29124694e-08,2.23823654e-08,4.08759542e-08,3.69301798e-08,0.00024271341100000002,0.00022027713200000002,5.844996459999999e-06,99.2559568,76.2725292,3.97898563e-08,7.26584276,0.000505611347,0.0130582481,5.8251860900000006e-05,2.2031396099999996e-06,0.000725218729,0.022155820200000002,5.8251860900000006e-05,2.2031396099999996e-06,0.01153662385,3.9946052100000005,5.8251860900000006e-05,2.2031396099999996e-06,0.000196623201,0.03707835379,5.8251860900000006e-05,2.2031396099999996e-06,0.0115160825,1.82629609e-07,0.00013280354900000002,0.016044908899999998,0.35150223189999996,-0.00934074065,-0.010820728399999998,-0.01097261255,2.18656828e-06,5.83106303e-05
113,1688073600,0.0011143186249999999,0.00124701461,0.132375008,-0.5879872850000001,0.064764476,0.0287571195,0.0495015113,0.03873868230000001,3.595523190000001e-05,0.0005925273140000001,0.000132734021,2.33790761e-08,5.639482800000001e-09,9.8097993e-09,1.3731659299999999e-08,2.5623539899999996e-08,3.9344339e-08,6.80012766e-08,0.00032732100499999997,0.00022517233099999997,4.41752494e-06,98.6589006,73.7992125,4.5599862099999995e-08,7.34133725,0.0005450836829999999,0.0153125221,5.90225944e-05,2.1961477999999998e-06,0.0008351967139999999,0.0295582015,5.90225944e-05,2.1961477999999998e-06,0.011542661249999999,4.00808593,5.90225944e-05,2.1961477999999998e-06,0.000214139519,0.05451789564,5.90225944e-05,2.1961477999999998e-06,0.0115217422,1.9114621199999996e-07,0.000132942011,0.10920663010000002,2.6723244073,-0.008300795159999999,-0.010817781850000003,-0.01097397375,2.16260788e-06,5.85909791e-05
113,1688074200,0.0016287906699999997,0.0017628427,0.0800531242,-1.08399314,0.0702021405,0.0358732909,0.0555016939,0.045113877000000004,4.632204020000001e-05,0.000820876803,0.000134090588,2.4513781000000003e-08,6.00682503e-09,1.087314225e-08,1.67549723e-08,2.84605086e-08,4.5993783e-08,7.29502636e-08,0.0006007834970000001,0.00020832924099999998,5.00963067e-06,95.70512189999998,65.39469629999999,6.2811406e-08,7.24814095,0.0006583821140000001,0.0213880143,5.9281580300000005e-05,2.22440796e-06,0.0011369597799999998,0.053937584399999995,5.9281580300000005e-05,2.22440796e-06,0.01161339745,4.06067434,5.9281580300000005e-05,2.22440796e-06,0.00022009070299999997,0.05513037287,5.9281580300000005e-05,2.22440796e-06,0.011576177100000001,2.0580076900000001e-07,0.000134214985,0.06128740168,0.6354714846000001,-0.008966270529999999,-0.010837038899999998,-0.011005069850000002,2.1784163e-06,5.8684642500000004e-05
113,1688074800,0.0017306999399999998,0.00186492542,0.06649956729999999,-1.2103583100000002,0.07012714100000002,0.0375826909,0.0567017313,0.046351415800000004,4.46593616e-05,0.0008434521409999999,0.00013426396100000003,2.54686872e-08,6.97637796e-09,1.1882269879999999e-08,1.81562381e-08,3.2047847000000004e-08,4.6988203e-08,8.27421174e-08,0.000670456769,0.000189879854,4.7256209300000004e-06,95.1148801,63.01819569999999,6.622334570000001e-08,7.22735808,0.000673950136,0.022253300900000002,5.9090872499999995e-05,2.15420441e-06,0.001193487496,0.0597774937,5.9090872499999995e-05,2.15420441e-06,0.0116053669,4.045639169999999,5.9090872499999995e-05,2.15420441e-06,0.000223878499,0.0479397316,5.9090872499999995e-05,2.15420441e-06,0.0115836109,2.0408676100000003e-07,0.000134384985,0.0723584632,1.0407330122,-0.008737654000000001,-0.010847874700000001,-0.011013349600000003,2.13152444e-06,5.810436329999999e-05
113,1688075400,0.00187922737,0.00201366532,0.0638339489,-0.9561062020000002,0.07826488699999998,0.0378545329,0.06232690279999999,0.05167657620000001,5.37487406e-05,0.000947243425,0.00013447934699999998,2.4541587299999998e-08,5.45646873e-09,1.0070349950000002e-08,1.5368895600000003e-08,2.90163661e-08,4.36123667e-08,7.75694496e-08,0.000737461071,0.00019803509099999999,3.85857563e-06,92.388112,62.767726100000004,7.11399425e-08,7.140712840000001,0.000677639264,0.023130725799999998,6.010410119999999e-05,2.36105796e-06,0.0012522643899999999,0.06574854020000001,6.010410119999999e-05,2.36105796e-06,0.01163460245,4.090639690000001,6.010410119999999e-05,2.36105796e-06,0.00025196747000000004,0.08707408330000001,6.010410119999999e-05,2.36105796e-06,0.011593235950000001,2.0445339199999998e-07,0.00013460781799999998,0.018681169400000003,0.1534195809,-0.00953171065,-0.01084679325,-0.011009776199999998,2.30730669e-06,5.873398470000001e-05
113,1688076000,0.00236128015,0.0024956478,0.06852608969999999,-1.023614196,0.0843025735,0.0428443961,0.07023964350000002,0.060189338,6.54714464e-05,0.00113551352,0.00013440744,2.4903695999999998e-08,5.68511139e-09,1.0921926549999999e-08,1.60698613e-08,3.12325626e-08,4.69370332e-08,7.900576859999999e-08,0.00099757779,0.00017881023900000002,3.9782433300000006e-06,92.34272899999999,58.753045,8.722130250000001e-08,7.139728700000001,0.000761623331,0.0288133637,6.13501392e-05,2.30385639e-06,0.0014605029000000001,0.08818266350000001,6.13501392e-05,2.30385639e-06,0.01163700795,4.099192990000001,6.13501392e-05,2.30385639e-06,0.000250703586,0.0967531782,6.13501392e-05,2.30385639e-06,0.01158915365,2.06341858e-07,0.00013451549,-0.01053113327,0.19531333909999998,-0.0095605698,-0.01084643745,-0.011013578100000001,2.2008651e-06,5.9366967500000004e-05
113,1688076600,0.0018860987,0.0020191232200000003,0.06939789,-0.9164867110000001,0.0770648526,0.0377563999,0.0627394153,0.0524266008,5.68387858e-05,0.0009894976600000002,0.00013306136099999999,2.46037173e-08,5.37567554e-09,1.062868861e-08,1.76671164e-08,3.22829607e-08,5.190615869999999e-08,8.32975417e-08,0.000765603382,0.000173132957,4.028466369999999e-06,93.9851686,60.492962399999996,7.12446553e-08,7.28409107,0.000704438827,0.024844130300000003,5.9492485800000005e-05,2.15997197e-06,0.00127786896,0.0683773907,5.9492485800000005e-05,2.15997197e-06,0.011555277450000002,4.01937145,5.9492485800000005e-05,2.15997197e-06,0.000228045254,0.061743981260000004,5.9492485800000005e-05,2.15997197e-06,0.0115314801,2.1443009700000003e-07,0.000133190387,0.052693151800000004,0.2632680301,-0.00904948075,-0.010766215150000001,-0.010939691149999998,2.11272318e-06,5.80845349e-05
113,1688077200,0.00304843399,0.0031818972200000004,0.0605480801,-0.7907182890000001,0.10087807950000001,0.0459603025,0.0834025449,0.0720772005,6.93213446e-05,0.00144120935,0.000133504791,2.8628673300000008e-08,9.934038699999999e-09,1.557029455e-08,2.2152056700000002e-08,4.19703969e-08,5.93669193e-08,1.0826451480000001e-07,0.0013164939300000001,0.000203506255,3.881842670000001e-06,89.722949,58.652667199999996,1.099058096e-07,7.0944356299999995,0.000857363396,0.0366484863,5.923432170000001e-05,2.1904605300000002e-06,0.0016712425900000001,0.11620857200000001,5.923432170000001e-05,2.1904605300000002e-06,0.0115931178,4.05455924,5.923432170000001e-05,2.1904605300000002e-06,0.00023672975399999994,0.07514340008,5.923432170000001e-05,2.1904605300000002e-06,0.01155287495,2.1215848599999998e-07,0.000133681582,0.027977767099999995,0.3430546193,-0.009135686180000002,-0.010796513300000001,-0.010964311750000002,2.16981644e-06,5.85432057e-05
113,1688077800,0.0030259536700000004,0.0031588744099999995,0.0572808136,-0.6834533340000001,0.1023031247,0.044832486299999995,0.0840025625,0.0726397193,9.537964480000001e-05,0.0014606439399999997,0.000132961554,2.5033302700000002e-08,6.059064829999999e-09,1.039860965e-08,1.8431153449999998e-08,3.14547083e-08,4.62026329e-08,7.10368134e-08,0.001343170005,0.000165011235,4.5218534399999995e-06,89.4947215,56.366382,1.09175652e-07,6.940600399999999,0.0008686245970000001,0.0362620896,5.919295729999999e-05,2.2999561e-06,0.0016965387199999998,0.1200921925,5.919295729999999e-05,2.2999561e-06,0.011562611500000002,4.0296915900000005,5.919295729999999e-05,2.2999561e-06,0.000237922273,0.06894233444,5.919295729999999e-05,2.2999561e-06,0.0115257509,2.22323503e-07,0.000133066316,0.09638961439999998,2.5097541619999997,-0.008406287200000001,-0.010758811299999999,-0.0109320451,2.24841902e-06,5.8225455799999996e-05
113,1688078400,0.00300336381,0.0031364636599999995,0.0757481968,-0.641061384,0.1002030564,0.044520066000000004,0.084077566,0.0733147369,9.60725319e-05,0.0014848455,0.000133142523,2.9402417599999998e-08,1.132847456e-08,1.5660416060000002e-08,2.2260235500000003e-08,3.44738928e-08,5.70945529e-08,8.94241025e-08,0.0013430960959999998,0.000154056551,4.21280127e-06,87.4414574,55.8387733,1.0838245060000001e-07,6.98504735,0.0008667057000000001,0.03509001219999999,5.94915075e-05,2.1614031e-06,0.00169245261,0.11973168549999999,5.94915075e-05,2.1614031e-06,0.011570390600000001,4.03392369,5.94915075e-05,2.1614031e-06,0.00023584384700000004,0.06283364630000002,5.94915075e-05,2.1614031e-06,0.0115334358,1.9408961500000002e-07,0.000133214676,-0.023921113399999996,0.65385347284,-0.00920521252,-0.010814474300000002,-0.010973459500000001,2.1042048200000002e-06,5.84949458e-05
113,1688079000,0.00399429705,0.00412763427,0.051398378200000004,-0.787438942,0.11479100249999999,0.0517527492,0.0955154148,0.0839275616,0.00012816350839999998,0.0019219976600000001,0.000133391055,3.4400025900000004e-08,2.034731498e-08,2.5195514900000002e-08,3.594875235e-08,5.29071858e-08,6.93187408e-08,1.3839361550000002e-07,0.0018235658299999998,0.000168684537,4.45163607e-06,81.3743504,55.0625277,1.413093394e-07,6.99682282,0.0009978016900000003,0.0460240206,5.940248490000001e-05,2.2711368099999996e-06,0.0019753692100000003,0.162453299,5.940248490000001e-05,2.2711368099999996e-06,0.01160622555,4.08403024,5.940248490000001e-05,2.2711368099999996e-06,0.000250864719,0.0999373051,5.940248490000001e-05,2.2711368099999996e-06,0.01155034145,2.11256461e-07,0.000133621975,0.014128804900000003,1.4531444690000002,-0.00852995203,-0.01081554425,-0.01098190915,2.2399826900000003e-06,5.85942726e-05
113,1688079600,0.00215404929,0.0022880949300000003,0.07199145240000002,-0.5892409205,0.08490259359999999,0.0377628253,0.06851459110000002,0.057901767699999995,9.866767100000001e-05,0.001093947928,0.000134087353,3.01243078e-08,1.6723239460000003e-08,1.737966757e-08,2.7856960939999998e-08,4.1275308900000005e-08,5.60914608e-08,1.0484187659999999e-07,0.0009015256780000001,0.000172131626,3.01117254e-06,85.2672039,59.98709979999999,8.02790507e-08,7.1328049899999995,0.000731144304,0.0278706505,5.912833250000001e-05,2.1384719e-06,0.00136632093,0.0823467456,5.912833250000001e-05,2.1384719e-06,0.0116061741,4.0446361600000005,5.912833250000001e-05,2.1384719e-06,0.00019431203899999999,0.04199072537,5.912833250000001e-05,2.1384719e-06,0.011576991799999999,2.3808473199999998e-07,0.00013426624500000002,0.021740246600000002,0.8833625387999999,-0.00905362495,-0.01080164365,-0.010986058699999999,2.15183926e-06,5.87007831e-05
113,1688080200,0.0014308053799999998,0.0015641428299999999,0.10156505,-0.31802206060000004,0.0749272868,0.0309819311,0.0580142709,0.047626453299999996,5.89688848e-05,0.000766551891,0.00013337964499999998,2.51118358e-08,8.00929194e-09,1.1351842650000002e-08,2.221122605e-08,3.3827150800000004e-08,2.8841583999999998e-08,7.17888653e-08,0.000542335081,0.00016954579700000002,3.2585827300000003e-06,89.2141239,62.87455630000001,5.619846400000001e-08,7.115746919999999,0.000602737706,0.0185056517,5.90478348e-05,2.2537545400000006e-06,0.0010719876470000002,0.048713312700000004,5.90478348e-05,2.2537545400000006e-06,0.011565885299999999,4.01743656,5.90478348e-05,2.2537545400000006e-06,0.00020920774799999998,0.0458903566,5.90478348e-05,2.2537545400000006e-06,0.011546137900000001,2.1184640299999998e-07,0.00013352009399999999,0.9505694123999999,30.12291894759999,-0.0079669544,-0.0108115896,-0.0109771356,2.23160462e-06,5.87507728e-05
113,1688080800,0.00216475681,0.0022979429,0.0698336874,-0.4698000350000001,0.091577795,0.0374624798,0.07136467980000001,0.0612768714,7.3617233e-05,0.00113681001,0.000133394012,2.6049024599999995e-08,7.47975201e-09,1.159001161e-08,2.0372031200000002e-08,3.8473864399999994e-08,3.46237199e-08,8.662786139999999e-08,0.0009132162149999999,0.00016558922999999998,3.13261989e-06,88.483483,58.6529914,8.06359551e-08,7.086775130000001,0.000744929984,0.0263585633,7.577080280000001e-05,4.41871083e-06,0.0013836474299999998,0.0802402442,7.577080280000001e-05,4.41871083e-06,0.011571155800000002,4.03922802,7.577080280000001e-05,4.41871083e-06,0.000248126508,0.06323053549999999,7.577080280000001e-05,4.41871083e-06,0.011541429599999998,5.74448642e-07,0.000133779882,-0.5865995875000001,5.7713173410000005,-0.00815212405,-0.0106882473,-0.01089900635,4.555961229999999e-06,7.608617730000002e-05
113,1688081400,0.0023707704000000005,0.0025042949700000003,0.0505585246,-0.6102613210000001,0.0895152326,0.0395266477,0.0732397354,0.0636394405,8.52623499e-05,0.0011710839699999999,0.000133565376,2.63993016e-08,1.0461114669999999e-08,1.4814700100000001e-08,2.1855381000000002e-08,3.94931167e-08,3.88356233e-08,9.71939267e-08,0.001030958584,0.000151193451,2.9304923200000002e-06,85.9515736,56.6717222,8.74680449e-08,7.06268695,0.000779758853,0.027771482499999993,5.980118330000001e-05,2.1712337099999997e-06,0.0014805275699999998,0.0914111843,5.980118330000001e-05,2.1712337099999997e-06,0.011614787849999999,4.086757709999999,5.980118330000001e-05,2.1712337099999997e-06,0.000255316322,0.09880643389999999,5.980118330000001e-05,2.1712337099999997e-06,0.011555779,1.84633374e-07,0.000133721227,-0.010080833,0.1524302766,-0.009684985699999999,-0.0108539768,-0.0110101954,2.1181916399999996e-06,5.86872651e-05
113,1688082000,0.00216221534,0.00229640939,0.0388705953,-0.951686212,0.0829525329,0.040068536,0.0656270023,0.05670172929999999,8.549520509999999e-05,0.001120295785,0.00013423340099999998,2.28853345e-08,8.71111803e-09,1.5904967600000002e-08,2.0661789259999998e-08,3.53690102e-08,3.47552862e-08,6.846026979999999e-08,0.0009683327170000001,0.0001094514805,3.06881777e-06,85.47273290000001,53.804153,8.063799630000001e-08,7.119091620000001,0.00078118771,0.026733479499999997,5.9421919199999996e-05,2.1631684499999996e-06,0.0014471453300000001,0.0874608313,5.9421919199999996e-05,2.1631684499999996e-06,0.011617736300000002,4.067266249999999,5.9421919199999996e-05,2.1631684499999996e-06,0.00024006101599999998,0.0645408326,5.9421919199999996e-05,2.1631684499999996e-06,0.011581629999999999,2.1408969600000002e-07,0.000134350251,0.06190777605000001,0.08846377429,-0.009476946,-0.01081493685,-0.01098949695,2.12520198e-06,5.82755288e-05
113,1688082600,0.0016055994900000003,0.0017400611,0.0492273605,-0.967722266,0.0723397084,0.03476237349999999,0.0544516623,0.04717644049999999,8.86289812e-05,0.000904179119,0.000134505825,2.69730035e-08,1.0740894739999999e-08,2.41639409e-08,2.2168748900000003e-08,3.28384744e-08,3.88225724e-08,7.44092321e-08,0.0007233405020000001,7.638535459999999e-05,2.78912593e-06,81.1994716,51.1730816,6.211361770000001e-08,7.268024809999998,0.0006828033170000001,0.020825756100000002,5.8871860899999996e-05,2.2618761899999997e-06,0.0012482750900000002,0.0653880913,5.8871860899999996e-05,2.2618761899999997e-06,0.0116227316,4.0587892,5.8871860899999996e-05,2.2618761899999997e-06,0.00020942152899999997,0.046838936910000004,5.8871860899999996e-05,2.2618761899999997e-06,0.011596269199999999,2.14348811e-07,0.00013468867799999997,0.032937080800000004,0.15093581275,-0.009444079900000001,-0.010834160399999999,-0.01100218255,2.2438162700000004e-06,5.8940538299999995e-05
113,1688083200,0.0006695025849999999,0.000803561463,0.0821551017,-0.9259753270000001,0.04987652270000001,0.0234665969,0.031875972200000005,0.025688284300000003,4.238235229999999e-05,0.000405793482,0.000134163305,2.0005754500000003e-08,5.56504969e-09,1.172006827e-08,1.3174183750000001e-08,2.15431829e-08,2.99712121e-08,4.546586360000001e-08,0.000269292288,6.23956754e-05,2.80337443e-06,90.57972,49.408962300000006,3.1032973999999996e-08,7.498130130000002,0.00047417296300000003,0.01052425945,6.175897539999999e-05,2.4687076399999995e-06,0.0007671119570000001,0.0249100049,6.175897539999999e-05,2.4687076399999995e-06,0.0115848949,4.0183161499999995,6.175897539999999e-05,2.4687076399999995e-06,0.00018868292700000003,0.01579243417,6.175897539999999e-05,2.4687076399999995e-06,0.01157812335,3.2684462399999997e-07,0.000134380625,-0.19833095569999998,1.3964132972,-0.009368701049999999,-0.0107924161,-0.0109984435,2.50678255e-06,6.18489429e-05
113,1688083800,0.000607424905,0.000741035697,0.002775117359999999,-1.0165192140000001,0.040913749400000005,0.02231757635,0.025988293200000002,0.0209256388,3.5083471400000004e-05,0.000378213315,0.000133653746,1.96149696e-08,4.76700074e-09,7.179232750000001e-09,1.43369841e-08,1.80417264e-08,3.4333001299999996e-08,3.288247e-08,0.0002199101428,8.07057688e-05,2.9166156299999995e-06,92.315603,53.606097999999996,2.8969413800000002e-08,7.49953881,0.0004385835710000001,0.009756922130000002,5.8970906199999994e-05,2.21806042e-06,0.000656161973,0.0204872204,5.8970906199999994e-05,2.21806042e-06,0.01156565555,4.0006115,5.8970906199999994e-05,2.21806042e-06,0.000182470772,0.014646185690000002,5.8970906199999994e-05,2.21806042e-06,0.0115645323,1.91816209e-07,0.000133931685,0.041565938,0.2505426485,-0.00958569985,-0.01084794445,-0.011008849000000001,2.21305328e-06,5.877986410000001e-05
113,1688084400,0.0012286052960000001,0.001362426703,0.0808885127,-0.5846973010000001,0.06911460980000002,0.0293344285,0.04638891619999999,0.0381386639,0.00011855567970000002,0.000795427822,0.000133881013,2.7674386999999998e-08,1.027160714e-08,1.005526962e-08,1.497263485e-08,2.46412642e-08,3.01905506e-08,6.7226611e-08,0.0005140661815000001,9.68432054e-05,3.1318551699999994e-06,89.17006049999999,54.83268579999999,4.95146693e-08,7.24823176,0.000568610865,0.0159666109,6.34422852e-05,2.60981291e-06,0.000990814168,0.04685452163000001,6.34422852e-05,2.60981291e-06,0.0115777432,4.01549727,6.34422852e-05,2.60981291e-06,0.000194840026,0.025977124730000006,6.34422852e-05,2.60981291e-06,0.01156964615,2.53808927e-07,0.00013411136900000003,-0.1729653613,2.3547138414,-0.009277056249999999,-0.010844000199999999,-0.011010520900000001,2.6348085400000002e-06,6.229967859999999e-05
113,1688085000,0.0005683463939999999,0.0007020372529999999,0.0677460945,-0.748435077,0.048938994300000004,0.0211808593,0.0268133181,0.02032562036,7.225752570000001e-05,0.000439648139,0.000133763824,2.2020526700000002e-08,5.4185483400000005e-09,7.520856360000001e-09,1.2519132390000002e-08,2.2376559700000003e-08,1.9979632999999996e-08,6.46307927e-08,0.00021517914349999996,6.56198148e-05,3.1279410900000003e-06,92.11663180000001,49.1411961,2.7633552799999998e-08,7.547149920000001,0.000421754885,0.00928876488,6.134942420000001e-05,2.55459231e-06,0.0006257500090000001,0.019984575460000004,6.134942420000001e-05,2.55459231e-06,0.011574495750000002,4.008891630000001,6.134942420000001e-05,2.55459231e-06,0.00018486855200000002,0.01364330339,6.134942420000001e-05,2.55459231e-06,0.011565185,2.3337522399999995e-07,0.000133989463,-0.4843886071200001,5.7058128909,-0.00883615186,-0.010850166800000002,-0.0110068847,2.5376552100000002e-06,6.199348969999999e-05
113,1688085600,0.000527327315,0.000660977303,-0.015029266575699998,-1.0333202064999998,0.046238910700000004,0.0213474815,0.0236632221,0.018488064300000003,5.3122876599999996e-05,0.000388441992,0.000133685391,2.7206884299999995e-08,4.9573710399999995e-09,8.12770953e-09,1.3612554700000001e-08,2.2942276400000003e-08,1.98594932e-08,1.0596561959999999e-07,0.000195552579,6.50072374e-05,2.86076534e-06,89.8610309,49.808469,2.62839012e-08,7.4613877,0.0004335004200000001,0.00927673406,5.8390794599999997e-05,2.06022137e-06,0.000636891107,0.01836985556,5.8390794599999997e-05,2.06022137e-06,0.01157842585,4.012416110000001,5.8390794599999997e-05,2.06022137e-06,0.00017234889499999999,0.020708342199999997,5.8390794599999997e-05,2.06022137e-06,0.01156001635,1.9238571400000003e-07,0.000133827398,-0.011584969869999998,0.5363008716000001,-0.00926563315,-0.01084653675,-0.01100413595,2.0768981099999997e-06,5.831468390000001e-05
113,1688086200,0.0008129609879999999,0.0009465593320000002,0.06278441130000001,-0.950876115,0.05898929939999999,0.025450129,0.034163543100000006,0.0271508285,5.251152169999999e-05,0.0005162091359999999,0.000133732218,2.67445263e-08,1.3713555859999998e-08,1.56565548e-08,1.68770044e-08,3.7341417e-08,3.662926210000001e-08,7.188780979999998e-08,0.00033956042,6.40564309e-05,2.4816130499999998e-06,89.28345639999999,49.8532262,3.57567033e-08,7.45356182,0.000497425011,0.01341547515,6.57746989e-05,3.4479180099999995e-06,0.00082207187,0.031587106,6.57746989e-05,3.4479180099999995e-06,0.0115778431,4.02790125,6.57746989e-05,3.4479180099999995e-06,0.00021202063299999998,0.037959871730000004,6.57746989e-05,3.4479180099999995e-06,0.0115584117,4.5515755599999993e-07,0.000134053236,-0.07752571025999998,19.1136158178,-0.0062711376599999995,-0.010684609100000002,-0.0109160668,3.5495283400000004e-06,6.59210044e-05
113,1688086800,0.0007145700580000001,0.0008474232,0.05209001879999999,-0.738516457,0.05467666959999999,0.0236345691,0.033938535299999996,0.0269258218,4.8261731e-05,0.00046639437899999997,0.000133093698,2.22987031e-08,5.33971839e-09,8.373135860000001e-09,1.45218102e-08,2.8769179199999995e-08,3.4351943e-08,1.0445970010000002e-07,0.00028822472239999996,6.589012919999999e-05,2.70080273e-06,89.46579349999999,50.528787400000006,3.24064495e-08,7.581092669999999,0.00047008364299999997,0.01168487145,7.417546539999999e-05,4.4304959800000004e-06,0.000767308539,0.026026916500000004,7.417546539999999e-05,4.4304959800000004e-06,0.0115393869,4.003982089999999,7.417546539999999e-05,4.4304959800000004e-06,0.00020952260300000002,0.031027510720000002,7.417546539999999e-05,4.4304959800000004e-06,0.011530271449999999,6.18325118e-07,0.000133567459,-0.4483621889,3.4891918869999996,-0.00815948195,-0.01068907035,-0.010910844250000001,4.48158714e-06,7.395562280000001e-05
113,1688087400,0.0012890135869999997,0.0014225991250000002,0.0403436048,-1.193103157,0.0640894559,0.0324134068,0.043801337700000005,0.0373886416,6.876922e-05,0.0007078045600000001,0.00013374326500000002,2.9116182399999996e-08,5.9522762099999995e-09,9.99995705e-09,1.50651739e-08,2.9408108699999998e-08,2.45104507e-08,7.68638486e-08,0.0005904961449999999,5.0893440400000006e-05,2.75576313e-06,85.2146436,48.2611166,5.15769281e-08,7.236259909999999,0.000586467488,0.0166277128,7.34461856e-05,3.992488199999999e-06,0.0011075671669999998,0.0525997578,7.34461856e-05,3.992488199999999e-06,0.0115637752,4.009615609999999,7.34461856e-05,3.992488199999999e-06,0.000207545086,0.020560265,7.34461856e-05,3.992488199999999e-06,0.0115563695,4.5855768200000006e-07,0.000134008608,-0.6690720237799999,5.8715153206,-0.008217805210000002,-0.0107682688,-0.01095453235,4.0546635500000005e-06,7.45973304e-05
113,1688088000,0.00172361999,0.0018575008600000002,0.025434607749999998,-1.47395408,0.06960212460000001,0.0383617256,0.0488639909,0.043388824,7.867046829999999e-05,0.000921024732,0.00013393829299999997,2.5534382699999997e-08,7.677986369999999e-09,1.12231068e-08,1.61259246e-08,3.49284738e-08,3.12602952e-08,9.32034072e-08,0.000794760009,6.428001430000001e-05,2.4850582e-06,82.89275280000001,50.0853005,6.602837059999999e-08,7.14118041,0.000678580905,0.0214386566,6.256102e-05,2.64285818e-06,0.0012975392399999998,0.0705200354,6.256102e-05,2.64285818e-06,0.01159811875,4.04129286,6.256102e-05,2.64285818e-06,0.00021274012699999998,0.0409476945,6.256102e-05,2.64285818e-06,0.0115714266,2.26246795e-07,0.000134125053,-0.24452914460000003,1.3586188484,-0.00934241826,-0.010841971749999998,-0.011001916899999999,2.6244128199999997e-06,6.22011503e-05
113,1688088600,0.001279616354,0.00141349931,0.0267654297,-1.6250036600000002,0.05606421069999999,0.0336482023,0.036151103000000004,0.032851003000000004,8.1789505e-05,0.000727762558,0.000133924446,2.5264572e-08,7.593443500000001e-09,1.1678496319999998e-08,1.584086405e-08,3.27745968e-08,3.23200456e-08,9.645784699999999e-08,0.0005930818519999999,4.35608987e-05,2.8904037999999997e-06,81.960375,47.3481223,5.1258528199999994e-08,7.333828,0.0006019010049999999,0.01646805125,5.903487940000001e-05,2.22137968e-06,0.001111133134,0.0525227388,5.903487940000001e-05,2.22137968e-06,0.0115851125,4.01982726,5.903487940000001e-05,2.22137968e-06,0.00019904985199999998,0.02329476494,5.903487940000001e-05,2.22137968e-06,0.011573253050000001,1.88846652e-07,0.00013412949000000002,-0.0223631465,1.1751880283999998,-0.008946378789999999,-0.010866470100000001,-0.011026881799999999,2.2320687900000003e-06,5.89471347e-05
113,1688089200,0.0014266475600000002,0.00156008225,0.023732404967,-1.6277845800000001,0.0596268184,0.035457517499999994,0.0391886955,0.0348760647,5.956251269999999e-05,0.0007638781230000001,0.00013346833999999997,2.114572e-08,6.60148964e-09,1.06672824e-08,1.544080415e-08,2.6031298600000003e-08,2.8410524399999993e-08,7.6728525e-08,0.000647260833,6.27107077e-05,3.1290106500000003e-06,86.9289888,50.135760499999996,5.61198712e-08,7.37666147,0.0006376503970000001,0.0186503126,5.81878372e-05,2.0483777e-06,0.001161695386,0.057520670600000004,5.81878372e-05,2.0483777e-06,0.011552657599999999,3.99251912,5.81878372e-05,2.0483777e-06,0.00018927559,0.01971346314,5.81878372e-05,2.0483777e-06,0.01155121475,1.98599363e-07,0.000133629611,0.020525231140000003,0.6134605007,-0.0093051434,-0.010828918100000001,-0.010994917699999999,2.04316359e-06,5.78576801e-05
113,1688089800,0.0024489468799999995,0.0025824308100000004,0.025714883,-1.66760157,0.07417726509999999,0.0465179275,0.05340163,0.049764019,9.16512816e-05,0.00123510069,0.00013352464799999998,2.8023010700000004e-08,1.4406003900000001e-08,1.864439835e-08,2.0904852700000002e-08,2.9680504000000004e-08,4.27422358e-08,6.251603939999999e-08,0.00118407431,3.80240624e-05,2.1048112199999998e-06,76.62416199999998,48.045823600000006,9.01680206e-08,6.9274504100000005,0.000809943747,0.028367358599999993,5.889530090000001e-05,2.08916525e-06,0.00159278816,0.104895616,5.889530090000001e-05,2.08916525e-06,0.011586218750000002,4.04146478,5.889530090000001e-05,2.08916525e-06,0.000224581521,0.060236366519999994,5.889530090000001e-05,2.08916525e-06,0.0115546223,1.9548255699999996e-07,0.00013370492900000003,-0.19691310339999998,4.9829586023,-0.009154224930000001,-0.01083395985,-0.010996182099999998,2.07163107e-06,5.812295e-05
113,1688090400,0.0019804752699999996,0.0021136760500000003,0.0349734325,-1.52459176,0.0724147116,0.0411714275,0.051339068200000004,0.04683892969999999,7.33393171e-05,0.0010063113509999999,0.00013335900499999997,2.7738770799999998e-08,1.2285977739999999e-08,1.352610467e-08,2.3974576600000002e-08,3.25965261e-08,3.71861809e-08,6.011146870000001e-08,0.000962365133,2.5070557e-05,2.4139888500000005e-06,75.4191084,46.3820041,7.455827670000001e-08,6.97782851,0.000726648037,0.023880764999999998,6.52977807e-05,3.84382035e-06,0.00143427731,0.0853442156,6.52977807e-05,3.84382035e-06,0.011560528499999998,4.01324504,6.52977807e-05,3.84382035e-06,0.000205927593,0.030652038250000003,6.52977807e-05,3.84382035e-06,0.0115438164,4.35295535e-07,0.00013369627800000002,0.5917940884000001,3.8118039145999996,-0.00772931486,-0.010630566599999999,-0.0108692786,3.7768616700000003e-06,6.45951981e-05
113,1688091000,0.0025958141899999998,0.00272904567,0.0265387473,-1.6510812300000002,0.07781487309999999,0.047762391499999994,0.056064211200000005,0.0516765774,8.897937839999999e-05,0.0012854643600000001,0.00013364923899999997,2.7414615099999996e-08,9.05220303e-09,8.944077150000001e-09,1.8851944199999998e-08,3.07355232e-08,3.42522443e-08,5.454697190000001e-08,0.0012536422100000002,4.1380055700000005e-05,2.26705198e-06,78.2980215,48.3606867,9.50834051e-08,6.9066939000000005,0.000831305435,0.030284580900000004,7.084972799999999e-05,6.80008699e-06,0.00163433843,0.11056558540000001,7.084972799999999e-05,6.80008699e-06,0.0115775331,4.056188390000001,7.084972799999999e-05,6.80008699e-06,0.00023835479500000002,0.0611690081,7.084972799999999e-05,6.80008699e-06,0.0115532689,9.528995600000001e-07,0.000134431687,1.53453245,6.72253351,-0.00543335178,-0.009999677200000001,-0.0106482244,6.81468879e-06,7.12269356e-05
113,1688091600,0.0014175752500000002,0.001550292654,0.017806145720000003,-1.49024859,0.06360194090000001,0.0330047802,0.0380261602,0.03318851299999999,9.38979325e-05,0.0008852341050000001,0.000132948896,2.4768335199999998e-08,6.2385619e-09,7.407504399999999e-09,1.4583101699999998e-08,2.8333986700000005e-08,2.5689735599999996e-08,5.1916009800000006e-08,0.000661520949,4.48848752e-05,1.99107523e-06,81.5941151,47.5834708,5.584549410000001e-08,7.326019210000001,0.000596002698,0.0178552529,6.638131190000001e-05,4.60910203e-06,0.0010904496890000001,0.058441810399999995,6.638131190000001e-05,4.60910203e-06,0.01154755665,4.01051122,6.638131190000001e-05,4.60910203e-06,0.000217489556,0.0368931366,6.638131190000001e-05,4.60910203e-06,0.011529992999999999,5.71341966e-07,0.000133512807,0.7823807642999999,6.172359890999999,-0.00663756136,-0.01051558725,-0.01080957685,4.51512212e-06,6.59676922e-05
113,1688092200,0.000696806106,0.000830147616,0.01203395006,-1.2500596539999997,0.0470639368,0.0244450058,0.027488338600000002,0.0228381971,8.20941845e-05,0.0005434581680000001,0.000133527873,2.19720542e-08,5.3701151600000004e-09,7.794045839999998e-09,1.2507692199999998e-08,6.29566112e-08,2.2720533000000002e-08,3.8269101300000004e-08,0.00028050663799999997,6.55415897e-05,1.9845177999999996e-06,86.94165249999999,50.052091499999996,3.1879052499999996e-08,7.3956953699999985,0.000476367138,0.0121357858,7.16514947e-05,3.99557271e-06,0.000755735994,0.025404559700000003,7.16514947e-05,3.99557271e-06,0.01155370855,4.00521114,7.16514947e-05,3.99557271e-06,0.00019120686,0.019868695149999997,7.16514947e-05,3.99557271e-06,0.01154744895,5.66339182e-07,0.00013391031999999997,-0.40099584764999996,4.7969769094,-0.007695756315999999,-0.0107516487,-0.010959798150000002,4.1083612899999995e-06,7.23325148e-05
113,1688092800,0.0013453032500000003,0.001478451884,0.00900193635,-1.42617195,0.063114427,0.03387414920000001,0.040501237,0.0350635697,9.53025765e-05,0.0007935287250000001,0.000133206535,2.32561477e-08,6.2697501e-09,8.497084650000001e-09,1.852478525e-08,2.90846006e-08,2.9164354299999998e-08,6.202304270000001e-08,0.0005988911340000001,7.14475372e-05,2.0575451300000002e-06,83.7778302,50.731428300000005,5.3394742199999997e-08,7.20039743,0.0006185371830000001,0.0171880921,6.14336291e-05,2.59355052e-06,0.0011142255699999998,0.0528293961,6.14336291e-05,2.59355052e-06,0.01155579115,4.00675928,6.14336291e-05,2.59355052e-06,0.000202837052,0.035547019789999995,6.14336291e-05,2.59355052e-06,0.0115380736,2.2473342900000003e-07,0.00013335285999999997,-0.19965430248,1.8298068069900002,-0.00881696174,-0.010827491899999998,-0.010987021750000001,2.5951884899999997e-06,6.19214721e-05
113,1688093400,0.000523073565,0.000654868631,-0.055335061899999996,-0.4838139765,0.0501765303,0.0201419113,0.0252757723,0.0183755609,9.08927724e-05,0.000455247236,0.000131831832,2.04537619e-08,4.3811217599999994e-09,5.48090244e-09,1.1299106289999998e-08,2.7707494600000003e-08,2.8022110099999998e-08,4.01739777e-08,0.00020393214180000003,5.53313879e-05,2.08233067e-06,88.2065605,47.2272774,2.59985218e-08,7.51250795,0.00040524768300000005,0.008674189760000001,5.7915430599999996e-05,2.12789966e-06,0.0006082932839999999,0.018503751800000003,5.7915430599999996e-05,2.12789966e-06,0.0114922697,3.9556688799999997,5.7915430599999996e-05,2.12789966e-06,0.000188644433,0.02483019574,5.7915430599999996e-05,2.12789966e-06,0.011479721,1.8167295499999998e-07,0.000131966013,0.024480996600000002,0.5707080877,-0.009031394340000002,-0.010780740450000001,-0.010940631400000001,2.11766638e-06,5.81994388e-05
113,1688094000,0.0008609520610000001,0.000994168179,0.0198929836,-1.1575608802,0.053439132099999995,0.0263692867,0.0315759644,0.025463277,9.535104180000001e-05,0.000606964957,0.00013325409499999997,2.2234393e-08,5.97970446e-09,7.91235841e-09,1.284726825e-08,2.6993669700000002e-08,3.26812092e-08,5.43453159e-08,0.0003771338814,5.104854119999999e-05,2.0748641e-06,86.256096,47.589726299999995,3.7324907300000004e-08,7.370968180000001,0.000493663465,0.01190640247,5.8519302199999996e-05,2.1264283000000003e-06,0.0008425042399999999,0.0336633697,5.8519302199999996e-05,2.1264283000000003e-06,0.011539211150000001,3.9825136999999997,5.8519302199999996e-05,2.1264283000000003e-06,0.00018281380099999998,0.013342816339999999,5.8519302199999996e-05,2.1264283000000003e-06,0.0115363976,1.7561980600000002e-07,0.000133265198,-0.000594928450000004,0.23291357559999998,-0.00961327939,-0.01085337615,-0.01100389345,2.09239332e-06,5.84298499e-05
113,1688094600,0.0020906509299999996,0.00222478147,0.015580925959999997,-1.5373741300000001,0.0718146921,0.0424185054,0.051901584199999996,0.0467264266,0.0001099510399,0.00112557546,0.000134186757,2.4879296899999998e-08,9.18779385e-09,1.3779678049999999e-08,2.0322267350000003e-08,3.49500552e-08,4.17105948e-08,8.11850234e-08,0.000990138926,5.2742351199999994e-05,2.15078508e-06,79.8235306,49.082693000000006,7.82015185e-08,7.08749354,0.000766023871,0.0255841547,6.03289587e-05,2.3155432900000002e-06,0.0014473280199999998,0.0877120979,6.03289587e-05,2.3155432900000002e-06,0.0116104127,4.0531193100000005,6.03289587e-05,2.3155432900000002e-06,0.00021606898100000002,0.04824594914,6.03289587e-05,2.3155432900000002e-06,0.0115765757,2.2823173900000003e-07,0.000134245663,0.1794922489,1.7254148695000002,-0.008857552309999999,-0.01084642885,-0.01101691635,2.2327365000000005e-06,5.9587902199999994e-05
113,1688095200,0.0023312603,0.0024653416500000002,0.016995748499999998,-1.6532992100000001,0.07203970000000001,0.0451486916,0.052014088300000004,0.047551452200000004,0.000147329753,0.0012696323150000002,0.000134124868,2.4057781900000004e-08,8.464455099999998e-09,1.42465576e-08,2.37935529e-08,3.5132685500000005e-08,3.89594372e-08,8.569863200000002e-08,0.001106014305,5.739358879999999e-05,1.93088488e-06,80.03648860000001,49.4946459,8.622740420000001e-08,7.06926026,0.000805617308,0.028596680100000004,5.99406761e-05,2.27129342e-06,0.0015214002600000003,0.0979837854,5.99406761e-05,2.27129342e-06,0.011610917350000001,4.05643755,5.99406761e-05,2.27129342e-06,0.000217155735,0.05240862080000001,5.99406761e-05,2.27129342e-06,0.01158117765,2.3024208700000003e-07,0.000134354475,-0.15134671179999998,1.7625707195,-0.00864339008,-0.010833551100000002,-0.0110030581,2.24499e-06,5.97571027e-05
113,1688095800,0.00107338029,0.001207307993,0.00792487894,-1.160666359,0.06071435360000001,0.029371697700000005,0.0385511762,0.032363487700000006,0.0001011087909,0.0007501957079999999,0.000135276714,3.7817183399999996e-08,1.1854426929999998e-08,1.91728376e-08,3.28383661e-08,5.42577644e-08,5.3017834899999994e-08,7.259046280000001e-08,0.00047143759199999997,6.0893957100000004e-05,2.71701575e-06,83.1604199,49.3303657,4.4349855200000004e-08,7.3618526200000005,0.0005823004360000001,0.017692037,0.00010436742569999999,7.23250914e-06,0.00098962153,0.0427880317,0.00010436742569999999,7.23250914e-06,0.011625395500000002,4.108247680000001,0.00010436742569999999,7.23250914e-06,0.00025789797900000003,0.05677783587,0.00010436742569999999,7.23250914e-06,0.011600976899999999,3.042230983e-06,0.00013691954199999997,-0.2730467796299999,4.1709116843,-0.006170940600000001,-0.010462291260000001,-0.0108870188,6.887007220000001e-06,8.998822479999999e-05
113,1688096400,0.0017756811540000001,0.0019101927940000003,0.017989566244999998,-1.349406584,0.07241471190000001,0.0380647494,0.0493890072,0.0429388108,0.00010306620449999999,0.000987806634,0.00013478611900000003,4.2898424300000006e-08,8.96551053e-09,1.36544714e-08,2.1100925900000003e-08,6.014016669999999e-08,5.4772031299999994e-08,8.96950846e-08,0.0008137228349999999,7.01020217e-05,3.4417404399999998e-06,81.127666,50.2962106,6.772517270000001e-08,7.282126170000001,0.000713465301,0.0239381075,7.036178729999999e-05,3.8366500600000006e-06,0.0012915697300000001,0.0713846454,7.036178729999999e-05,3.8366500600000006e-06,0.011625521750000001,4.07248083,7.036178729999999e-05,3.8366500600000006e-06,0.000253601248,0.04975307644,7.036178729999999e-05,3.8366500600000006e-06,0.01159526765,7.65359328e-07,0.000135213844,-0.5037272724,5.9819100274000006,-0.00743735036,-0.010647293950000001,-0.01091196105,3.91069765e-06,7.14253351e-05
113,1688097000,0.0033406338199999997,0.00347483199,0.0063687852,-1.4481272600000001,0.0913902898,0.051615515599999995,0.06952712130000001,0.0627019125,0.0001852054684,0.001851381298,0.000134403138,3.49612196e-08,1.748277226e-08,2.3962259899999998e-08,3.0791130500000004e-08,5.80781936e-08,8.191825899999999e-08,1.276127886e-07,0.001611037726,5.63529027e-05,2.34665388e-06,75.66337899999999,49.7894696,1.197782206e-07,7.11837305,0.00091897071,0.0383528294,7.258475549999998e-05,3.69168942e-06,0.0017893044599999997,0.1398146278,7.258475549999998e-05,3.69168942e-06,0.011624556049999998,4.09330398,7.258475549999998e-05,3.69168942e-06,0.000264920518,0.09199226440000001,7.258475549999998e-05,3.69168942e-06,0.01157222645,4.92370719e-07,0.000134409969,-0.3158117681,6.4461069361,-0.008157219509999999,-0.010759978350000001,-0.010960221600000002,3.4033644999999994e-06,6.807234429999999e-05
113,1688097600,0.00330985645,0.0034447783500000002,0.0117228048,-1.47544601,0.0945403835,0.052798795200000005,0.0710646694,0.06322693180000001,0.00022107436700000003,0.00198615347,0.000135006438,3.08732706e-08,1.4924069920000002e-08,2.36065973e-08,2.9854114099999996e-08,4.488690479999999e-08,9.386826990000001e-08,1.2342654199999996e-07,0.00158871612,6.336169929999999e-05,2.39137479e-06,76.174771,49.9212747,1.1872687460000002e-07,7.014206779999999,0.0009541974679999999,0.038876056299999996,6.17135082e-05,2.45793919e-06,0.0018290039099999999,0.139451292,6.17135082e-05,2.45793919e-06,0.0116691034,4.1219674699999995,6.17135082e-05,2.45793919e-06,0.000259482304,0.0882943816,6.17135082e-05,2.45793919e-06,0.01161522015,2.84143313e-07,0.000135198017,0.2922135451200001,2.82276781724,-0.00864884167,-0.010863655449999999,-0.011036195450000001,2.4100599200000003e-06,6.00598992e-05
113,1688098200,0.00304428597,0.0031793767600000002,0.00946254614,-1.4367319200000002,0.0919903071,0.050174513399999995,0.06873959700000001,0.06086435830000001,0.0001734723235,0.00165177169,0.00013519945599999998,1.26748732e-08,1.1124145380000001e-08,2.13560302e-08,2.83364679e-08,4.5816845899999995e-08,9.39203874e-08,1.0116087609999998e-07,0.0014625001950000001,5.684593370000001e-05,2.3625732700000003e-06,77.126444,49.445787800000005,1.0999005920000001e-07,7.02991916,0.0009328034950000001,0.0377854321,6.37214834e-05,2.89825049e-06,0.0017565721900000002,0.1296026586,6.37214834e-05,2.89825049e-06,0.01164883895,4.082714879999999,6.37214834e-05,2.89825049e-06,0.00018210095099999998,0.05305238194999999,6.37214834e-05,2.89825049e-06,0.011622714,3.56788689e-07,0.000135444564,-0.17389151017999996,1.5546253613,-0.008954031559999999,-0.0107992611,-0.0110004401,2.93341568e-06,6.35799811e-05
113,1688098800,0.00221737745,0.0023517952000000003,0.00917488325,-1.66448489,0.0703146462,0.044348965899999995,0.05096405550000001,0.0464264171,0.00012042203729999998,0.0012436008,0.000134461632,8.32909854e-09,9.27310019e-09,1.49627108e-08,3.00628144e-08,5.31297109e-08,3.529359699999999e-08,6.30903917e-08,0.001020353544,8.594101419999999e-05,2.08854399e-06,81.270637,51.66202010000001,8.24534444e-08,7.00862075,0.0008046159769999998,0.0284752988,5.93682045e-05,2.34263915e-06,0.00147354754,0.0905583006,5.93682045e-05,2.34263915e-06,0.01160780745,4.037181230000001,5.93682045e-05,2.34263915e-06,0.000127855765,0.026418553499999997,5.93682045e-05,2.34263915e-06,0.0115913451,2.47263289e-07,0.000134606763,-0.5998125554,22.702185841000006,-0.00871137534,-0.0107904449,-0.0109748526,2.3533544099999998e-06,5.93109632e-05
113,1688099400,0.004049176029999999,0.00418286021,0.005349641139999999,-1.5665044,0.0959654284,0.0590044996,0.07796487960000001,0.070577156,0.00013760492439999998,0.0020110170300000002,0.00013372648699999998,1.1637992580000001e-08,1.2016551699999999e-08,1.8693963799999997e-08,3.62908165e-08,5.80385329e-08,5.43169604e-08,9.51781649e-08,0.0019251287900000004,9.67508399e-05,2.37282511e-06,79.4743295,51.51135430000001,1.43304506e-07,6.776386990000001,0.0010707788500000002,0.047838808999999996,6.0177920100000005e-05,2.19750783e-06,0.00202171138,0.16871436,6.0177920100000005e-05,2.19750783e-06,0.0116119923,4.08256212,6.0177920100000005e-05,2.19750783e-06,0.000178551764,0.092594237083,6.0177920100000005e-05,2.19750783e-06,0.011565588,2.2237966899999997e-07,0.000133985533,0.06638033615999998,0.169310585,-0.009293644,-0.0107868815,-0.010963808549999999,2.1079727899999997e-06,5.8783110099999995e-05
113,1688100000,0.009256468759999999,0.009390592579999999,-0.004662698632000001,-1.1690487399999998,0.16016738850000004,0.0815421685,0.134216595,0.12326626250000002,0.00035641885240000003,0.00446110219,0.00013419970700000001,1.8044692519999996e-08,1.8967752e-08,2.76718871e-08,5.6877221700000007e-08,5.4822532199999994e-08,7.9157153e-08,1.3501158309999998e-07,0.004482535669999999,0.00014301578599999998,2.1995219699999997e-06,77.00059300000001,51.8100146,3.16520095e-07,6.537561550000001,0.0015124893500000002,0.1017393351,6.53271629e-05,2.69200227e-06,0.00303934831,0.394368079,6.53271629e-05,2.69200227e-06,0.011672257500000002,4.19181537,6.53271629e-05,2.69200227e-06,0.00026433089100000003,0.17975701859999998,6.53271629e-05,2.69200227e-06,0.01158075675,2.878667390000001e-07,0.00013440232899999998,-0.053651344420000004,2.908218986,-0.008339075817,-0.01084916015,-0.01102517655,2.5596257100000003e-06,6.16770502e-05
113,1688100600,0.00578186321,0.00591603199,-0.00252187065,-1.17125074,0.1246538054,0.064870913,0.1041781789,0.093452854,0.000300397997,0.00296632489,0.000134244429,1.6959100230000003e-08,1.776976647e-08,2.26500279e-08,3.385626165e-08,6.06698487e-08,7.51186948e-08,1.4741243449999996e-07,0.00276355249,0.0001243512764,2.5561050399999996e-06,76.7409389,52.5076394,2.0084391800000004e-07,6.79414213,0.001205931834,0.0645531406,6.311537030000001e-05,2.6418121300000004e-06,0.00237021034,0.24330530700000003,6.311537030000001e-05,2.6418121300000004e-06,0.0116280294,4.08654875,6.311537030000001e-05,2.6418121300000004e-06,0.00019035925599999998,0.08843615231,6.311537030000001e-05,2.6418121300000004e-06,0.011583698600000001,2.49609983e-07,0.00013443236200000002,-0.319274887,2.8370278950000003,-0.00916001937,-0.01088836175,-0.011054481699999999,2.60958895e-06,6.24684435e-05
113,1688101200,0.0023560489099999997,0.00249014529,-0.008158536709999999,-1.45715242,0.0808899706,0.044789116899999995,0.0590643034,0.0512265638,0.00011499877039999999,0.001261479364,0.000134860757,1.4789293290000002e-08,1.251859232e-08,1.4556424149999997e-08,1.992078305e-08,2.7772452799999998e-08,3.55341656e-08,6.00562054e-08,0.00104550448,0.000128039945,3.5052049399999996e-06,84.307714,54.9315422,8.701091550000001e-08,7.037333940000001,0.0008224741380000001,0.028739235699999997,7.98077117e-05,5.13906898e-06,0.0014950767,0.09371753790000001,7.98077117e-05,5.13906898e-06,0.011625331550000001,4.105290219999999,7.98077117e-05,5.13906898e-06,0.00020468481760000003,0.07648920421,7.98077117e-05,5.13906898e-06,0.011591843799999998,1.7069505369999997e-06,0.00013574063599999998,-0.07098523949999999,9.575784918,-0.005671882589999999,-0.0106280462,-0.010987471249999999,5.52706236e-06,8.18770877e-05
113,1688101800,0.0039843434599999995,0.0041188677600000004,-0.015231872300000001,-1.3450534259999998,0.0980279929,0.0568211327,0.0803274508,0.0727522204,0.00015989496649999998,0.00194198687,0.000134569415,2.191488089e-08,1.3978817580000002e-08,1.747277415e-08,2.6070250899999993e-08,3.7958334299999994e-08,5.24745236e-08,1.0996223850000001e-07,0.0018558179000000001,0.000133684522,2.30054284e-06,78.886915,53.40257529999999,1.4117444450000002e-07,6.873899199999999,0.0010373798640000002,0.044879713300000006,5.9365105199999995e-05,2.1167746599999998e-06,0.0019967827600000003,0.165617957,5.9365105199999995e-05,2.1167746599999998e-06,0.01163070685,4.075565750000001,5.9365105199999995e-05,2.1167746599999998e-06,0.000193288913,0.06689067963,5.9365105199999995e-05,2.1167746599999998e-06,0.011597608050000001,1.5267743299999997e-07,0.000134657709,-0.01566192995,0.33211919,-0.009761584200000001,-0.0109615727,-0.0111026917,2.06819966e-06,5.8634171799999995e-05
113,1688102400,0.00478536464,0.004920614070000001,-0.013491639420000002,-1.3471892799999998,0.11524101900000001,0.0625814505,0.09270283100000001,0.08355254940000001,0.000146599161,0.00228440122,0.000135307843,2.8276709200000002e-08,1.24759071e-08,1.7274230739999998e-08,2.70721602e-08,4.34312962e-08,5.6459091600000006e-08,1.237012423e-07,0.00221519175,0.00017448632,2.62325775e-06,80.6429737,54.3327632,1.6788221200000002e-07,6.808141399999999,0.00114353146,0.0539619001,6.47467575e-05,2.5895957700000003e-06,0.00218260392,0.19638893100000002,6.47467575e-05,2.5895957700000003e-06,0.0117020557,4.17954867,6.47467575e-05,2.5895957700000003e-06,0.000276264844,0.146297519,6.47467575e-05,2.5895957700000003e-06,0.0116279011,2.24972238e-07,0.000135433209,-0.011569827999999999,1.4255062396000002,-0.00888682355,-0.0108855664,-0.011057039850000002,2.3802667200000003e-06,6.0258644599999996e-05
113,1688103000,0.0036781937800000005,0.0038134079099999994,-0.01976508,-1.2383094399999999,0.0991155254,0.054075570700000006,0.08160249210000001,0.07312723260000001,0.0001028647148,0.00177707639,0.000135272295,2.67533556e-08,1.1594690959999999e-08,1.668819727e-08,3.51646435e-08,4.2385741499999995e-08,4.0462074199999996e-08,8.67167054e-08,0.0016861652100000003,0.000149961522,2.6309222299999996e-06,83.5684524,54.272373300000005,1.3111976350000001e-07,6.81554423,0.00101536842,0.0442226696,6.26753607e-05,2.46534322e-06,0.0019094968899999998,0.15044266899999997,6.26753607e-05,2.46534322e-06,0.01165714565,4.100711950000001,6.26753607e-05,2.46534322e-06,0.000227382527,0.07300565845,6.26753607e-05,2.46534322e-06,0.0116304119,2.80261485e-07,0.000135544438,-0.20446155859999998,4.7079156026,-0.007976173690000001,-0.0109170118,-0.011079338900000001,2.4372352200000004e-06,6.12440668e-05
113,1688103600,0.0029098585499999995,0.00304444331,-0.0268978606,-0.9361058090000001,0.0924403218,0.045681715299999995,0.07597731989999999,0.067952076,8.48224762e-05,0.00140146666,0.00013463288,2.45353995e-08,8.4695773e-09,1.3439029669999999e-08,2.55063529e-08,3.06876767e-08,3.6042587e-08,6.91924064e-08,0.0013111963399999999,0.0001407663184,2.68335206e-06,84.847866,54.87334430000001,1.0544263059999999e-07,6.94513831,0.0008821710409999999,0.0339865524,6.18463044e-05,2.4199786300000003e-06,0.0016767437699999998,0.11627146990000001,6.18463044e-05,2.4199786300000003e-06,0.01165668385,4.113706710000001,6.18463044e-05,2.4199786300000003e-06,0.00025390549800000003,0.09774340315,6.18463044e-05,2.4199786300000003e-06,0.0115983794,2.1097743e-07,0.000134734234,-0.32706795168999997,4.199541912800001,-0.00941701485,-0.0108849271,-0.0110431499,2.34246821e-06,6.0160638000000005e-05
113,1688104200,0.00280965953,0.00294395579,-0.0173923008,-1.226528413,0.0893277254,0.047231855999999996,0.0699021329,0.0630394246,8.60756397e-05,0.0013586422800000001,0.00013434219200000001,3.03200974e-08,1.454944367e-08,1.9563039399999997e-08,2.6539465099999995e-08,3.68843135e-08,4.6637746600000006e-08,8.03066807e-08,0.00128960494,0.0001122260789,2.6825604299999998e-06,81.12028000000001,53.05566809999999,1.021180927e-07,7.0056389800000005,0.0008874681940000001,0.033092521599999994,5.9831163e-05,2.20347207e-06,0.0016749593,0.11603708510000002,5.9831163e-05,2.20347207e-06,0.01162818,4.0779455,5.9831163e-05,2.20347207e-06,0.000229487012,0.06976891369999999,5.9831163e-05,2.20347207e-06,0.01158866225,1.82917781e-07,0.000134480486,0.04188718159999999,0.24407829619999996,-0.00948138785,-0.0108850718,-0.01104403345,2.1781784e-06,5.914942399999999e-05
113,1688104800,0.00277197304,0.00290548718,0.15874047121000004,4.428723615,0.26427056900000007,0.0456246463,0.07177719160000001,0.06326443109999999,0.00025536178000000004,0.00312093351,0.000133568187,6.544296700000001e-08,4.860950843200001e-07,2.7725407946000003e-07,3.090189726999999e-07,8.634643057e-07,2.8541706869999997e-07,6.829838910999998e-07,0.0012038877910000001,0.0001668196455,1.2233603e-05,85.3764949,57.198760300000004,9.98351987e-08,7.2810626,0.000911402756,0.1106015395,6.07666109e-05,2.2120703e-06,0.0016144499700000002,0.12712565069999998,6.07666109e-05,2.2120703e-06,0.011615774499999999,4.09481189,6.07666109e-05,2.2120703e-06,0.00027282711099999994,0.11749914129999998,6.07666109e-05,2.2120703e-06,0.011578890100000001,3.5411339850000006e-06,0.00013711875999999998,-0.10891608459999998,130.92844456324,0.014307567720000003,-0.01079303715,-0.0109604834,1.880910725e-05,0.0002394122568
113,1688105400,0.00238489451,0.00251879186,0.004909479616000001,-1.4985389100000002,0.0821650065,0.0450766153,0.0575642561,0.0511890621,9.76559516e-05,0.0012541261799999999,0.000133979605,2.29434853e-08,1.2656568989999999e-08,1.998589035e-08,4.50092788e-08,5.2766164199999994e-08,6.460731200000001e-08,1.2558952059999998e-07,0.000997404339,0.000191693876,2.89114686e-06,84.25791260000001,59.770856800000004,8.78264814e-08,7.27574073,0.000832704303,0.0329284677,6.59526172e-05,3.0366869800000003e-06,0.0014534221,0.08967863740000001,6.59526172e-05,3.0366869800000003e-06,0.0116044079,4.06325104,6.59526172e-05,3.0366869800000003e-06,0.00022758496699999998,0.0685524855,6.59526172e-05,3.0366869800000003e-06,0.0115687016,3.9542198e-07,0.000134206283,-0.4539398556,42.846593743,-0.00459318155,-0.010751872450000002,-0.0109459832,3.0560453500000004e-06,6.53938958e-05
113,1688106000,0.0012862691600000003,0.0014206412799999998,0.0044511933239999996,-1.34756991,0.08839019690000001,0.0327858569,0.04046373439999999,0.0346510576,8.090367329999999e-05,0.000775688273,0.00013446240500000002,2.5392207500000005e-08,2.1418189330000004e-08,2.749143818e-08,3.63471741e-08,4.77148443e-08,6.58948458e-08,9.55977827e-08,0.000479201463,0.000160372921,3.14295683e-06,91.8423076,62.527565,5.144014589999999e-08,7.492284120000001,0.000612260271,0.0214345946,6.28519009e-05,2.8027085200000003e-06,0.0009888979899999998,0.0438897288,6.28519009e-05,2.8027085200000003e-06,0.011610253899999999,4.0502743,6.28519009e-05,2.8027085200000003e-06,0.000202470228,0.04341164089,6.28519009e-05,2.8027085200000003e-06,0.0115899569,4.40027678e-07,0.00013473054200000004,-2.01069143363,141.608522342,-0.0048539946399999995,-0.010817153049999998,-0.0110016953,3.25379153e-06,6.88752665e-05
113,1688106600,0.0010077431260000001,0.0011422353590000002,0.010087130599999999,-1.077564147,0.06082685680000001,0.0284079129,0.03892618770000001,0.0313134554,6.728355259999999e-05,0.000607084289,0.00013459373900000002,1.81349525e-08,5.60535643e-09,8.81324753e-09,1.365691135e-08,2.3803962e-08,2.89477825e-08,4.49243033e-08,0.00034872041400000003,0.0001524716296,2.4182423400000003e-06,90.7064079,63.91608359999999,4.223776670000001e-08,7.262923290000001,0.000539188458,0.013799654549999998,6.0421594900000006e-05,2.3707286600000002e-06,0.0008521357119999999,0.031354310499999996,6.0421594900000006e-05,2.3707286600000002e-06,0.0116156158,4.047227070000001,6.0421594900000006e-05,2.3707286600000002e-06,0.000195605586,0.027404707009999994,6.0421594900000006e-05,2.3707286600000002e-06,0.011600765450000002,3.21326805e-07,0.00013489952399999998,-0.029239755500000002,2.7090052715,-0.008167952550000001,-0.0108515121,-0.011042018399999999,2.3689714400000003e-06,6.0779918400000006e-05
113,1688107200,0.00138415463,0.0015185856599999998,-0.0040873663999999995,-1.4926266499999998,0.056626729099999995,0.034604754599999996,0.04050123680000001,0.0357010902,9.345206399999999e-05,0.0007787231089999999,0.000134470073,2.0559834900000002e-08,8.100091700000001e-09,9.72963853e-09,1.7131960399999998e-08,3.4944006e-08,3.5666764799999996e-08,5.61674635e-08,0.0005515526180000001,0.000137880565,2.3190616e-06,87.3754635,59.053053999999996,5.47788507e-08,7.27425066,0.000638593386,0.0184054482,5.91952343e-05,2.1318265100000003e-06,0.0010829759260000001,0.049881133,5.91952343e-05,2.1318265100000003e-06,0.0116148657,4.04579454,5.91952343e-05,2.1318265100000003e-06,0.00020241468199999998,0.03210624092,5.91952343e-05,2.1318265100000003e-06,0.011599383250000001,2.0666573199999999e-07,0.000134753749,-0.4344505155299999,8.84997790966,-0.00839892075,-0.01088184875,-0.011043617549999999,2.1263730100000002e-06,5.94463529e-05
113,1688107800,0.00111144067,0.0012457645639999998,-0.020041747379999995,-1.28742892,0.056401721800000006,0.030353241499999996,0.0371636339,0.032138480100000005,7.74419154e-05,0.000680016201,0.000134362769,1.8637710799999998e-08,5.71282404e-09,9.280136100000001e-09,2.5355206500000002e-08,2.60170452e-08,3.12940834e-08,6.174920790000001e-08,0.00040173434100000005,0.000151037397,2.70570016e-06,91.27644080000002,63.0456918,4.56662846e-08,7.3813044,0.000580786986,0.0156749667,5.91083005e-05,2.1775424100000002e-06,0.0009128972509999999,0.0361891606,5.91083005e-05,2.1775424100000002e-06,0.0116143829,4.0522457,5.91083005e-05,2.1775424100000002e-06,0.000194062052,0.04602144834,5.91083005e-05,2.1775424100000002e-06,0.0115926702,2.0818514699999999e-07,0.00013459902,-0.13237744755999997,3.6416009220000007,-0.00887201654,-0.010853182749999999,-0.011023681400000002,2.15098453e-06,5.8351711799999995e-05
113,1688108400,0.001219398133,0.00135412318,-0.026038352679999998,-1.40473473,0.0567767331,0.032211741,0.038438672800000004,0.0331135101,7.6962857e-05,0.000695902086,0.00013476216499999999,1.95305836e-08,5.44723368e-09,7.92183005e-09,3.40616826e-08,2.5291339199999997e-08,2.6351689500000002e-08,4.75608343e-08,0.0004861706469999999,0.00012096485,2.3485809000000004e-06,89.6103209,57.67388350000001,4.93502909e-08,7.252274850000001,0.000604496123,0.016580736699999998,5.92801006e-05,2.14884604e-06,0.001008450924,0.043010548100000004,5.92801006e-05,2.14884604e-06,0.0116290958,4.0576690200000005,5.92801006e-05,2.14884604e-06,0.00019536303,0.03848112495,5.92801006e-05,2.14884604e-06,0.01161000195,2.1912570599999997e-07,0.000135012115,0.0032847360000000055,1.0955743856,-0.008703527539999999,-0.010848059100000002,-0.011017577349999998,2.13348501e-06,5.9079923299999994e-05
113,1688109000,0.00171563702,0.0018509344899999998,-0.028522442180000003,-1.15776811,0.0735397435,0.0366689241,0.051451571200000004,0.0447388662,8.076508449999999e-05,0.000937345152,0.000135363881,2.28159582e-08,8.22113297e-09,1.04381475e-08,6.4457459e-08,3.24845556e-08,3.5420132e-08,6.467603900000001e-08,0.0006979457349999999,0.000157075228,2.46138808e-06,88.55451520000001,59.961423,6.582674430000001e-08,7.156590279999999,0.00072644453,0.0239317605,6.45011919e-05,2.7554827600000003e-06,0.0012026876800000001,0.062363504,6.45011919e-05,2.7554827600000003e-06,0.011664581999999998,4.0930236,6.45011919e-05,2.7554827600000003e-06,0.000215545341,0.0482918603,6.45011919e-05,2.7554827600000003e-06,0.0116358206,3.36139394e-07,0.000135729787,-0.4392293659,3.1917811272999996,-0.008550124150000001,-0.010772727049999998,-0.01096778685,2.6704966499999996e-06,6.45557732e-05
113,1688109600,0.00127794286,0.0014127423199999998,-0.0589691083,-0.9967809759999999,0.062964422,0.031395288199999996,0.04500137359999999,0.037613648,6.452474669999999e-05,0.0007042827120000001,0.00013483615500000003,2.07139963e-08,6.542642540000001e-09,8.248296189999999e-09,2.51908322e-08,2.8429003700000005e-08,2.7754421900000005e-08,5.72776988e-08,0.000482489683,0.00015344427,2.80249369e-06,91.285035,61.52613670000001,5.1252048999999994e-08,7.14561215,0.000614534426,0.0170788391,5.89608922e-05,2.10559118e-06,0.00101394036,0.0433692868,5.89608922e-05,2.10559118e-06,0.011637783799999999,4.06922421,5.89608922e-05,2.10559118e-06,0.000210373875,0.047328055310000006,5.89608922e-05,2.10559118e-06,0.011609739400000001,2.02183679e-07,0.000134988953,0.0029538156000000018,1.07935245383,-0.0088333599,-0.010880131300000002,-0.0110407938,2.0739575e-06,5.903720130000001e-05
113,1688110200,0.001472521853,0.0016066383600000002,-0.060604951500000004,-0.94969921,0.06855209309999999,0.0330950448,0.049051497,0.0426763028,5.19174986e-05,0.0007928140240000001,0.000134157308,2.21590105e-08,7.99459477e-09,1.051294445e-08,1.8194966599999998e-08,3.0272504900000005e-08,3.45377424e-08,6.29704878e-08,0.0006129378769999999,0.000120036702,3.02657576e-06,87.69046399999999,57.606390499999996,5.7657773500000005e-08,7.287780699999999,0.000647167105,0.0189799103,5.975286160000001e-05,2.2232749800000003e-06,0.001130740294,0.0548833958,5.975286160000001e-05,2.2232749800000003e-06,0.0116228362,4.06976816,5.975286160000001e-05,2.2232749800000003e-06,0.000237416521,0.06769053,5.975286160000001e-05,2.2232749800000003e-06,0.011581056999999999,1.93458313e-07,0.000134315999,-0.059108156970000006,0.6185482386,-0.009385625770000001,-0.01086815465,-0.011024106899999999,2.18689769e-06,5.938771720000001e-05
113,1688110800,0.00285121209,0.0029856738600000004,-0.025010548799999997,-1.2136298699999999,0.0894777306,0.0475101438,0.0702771455,0.0629269207,9.515667169999999e-05,0.0014058211199999998,0.00013450346199999998,1.320288081e-08,1.5293872760000004e-08,2.056351244e-08,2.94013656e-08,4.69209007e-08,6.36098931e-08,1.271726964e-07,0.001299997393,0.0001226105144,2.60927409e-06,80.71112589999998,53.7888923,1.034278518e-07,7.06105894,0.0008996732550000001,0.0349536404,5.9231534799999996e-05,2.01200072e-06,0.0016683264700000002,0.1152568912,5.9231534799999996e-05,2.01200072e-06,0.011619584,4.050147239999999,5.9231534799999996e-05,2.01200072e-06,0.0001421437734,0.03703176024,5.9231534799999996e-05,2.01200072e-06,0.011602484899999998,1.77636778e-07,0.00013479583700000002,-0.46114031559999996,12.853884106200002,-0.008762670359999999,-0.0109371409,-0.011088714199999999,2.00218364e-06,5.9238068700000005e-05
113,1688111400,0.00202336869,0.0021571409400000002,-0.0462234278,-0.904105571,0.07785237549999999,0.037803785699999995,0.0596643213,0.052651606899999995,8.32081041e-05,0.001054241146,0.00013380735099999998,6.409473500000001e-09,8.0348818e-09,1.208431135e-08,1.88107553e-08,3.3524896100000006e-08,4.2033216300000004e-08,9.362763610000001e-08,0.0008996033760000001,0.00010943608779999999,2.38482171e-06,85.0782347,54.3040882,7.59062093e-08,7.189555429999999,0.0007437262780000001,0.025503326,5.8774191900000004e-05,2.03541285e-06,0.0013582830900000001,0.0799778373,5.8774191900000004e-05,2.03541285e-06,0.0115996646,4.04808326,5.8774191900000004e-05,2.03541285e-06,0.0001459461844,0.05392140575,5.8774191900000004e-05,2.03541285e-06,0.011567893999999999,1.6441325499999998e-07,0.00013398202000000002,0.0019377478999999995,0.7393076456000001,-0.0093675237,-0.01090297305,-0.011055091300000002,2.00227658e-06,5.82292428e-05
113,1688112000,0.0015369244459999998,0.0016714924700000002,-0.05084788690000001,-1.020109149,0.06588951039999999,0.0339323871,0.0500640287,0.043801337399999994,6.0925143699999996e-05,0.0008043317040000001,0.00013469994,5.67703977e-09,6.85019853e-09,1.0045714049999998e-08,1.6138925899999998e-08,2.8677555699999996e-08,3.25023476e-08,5.5185268399999994e-08,0.0006819989750000001,8.377503189999999e-05,2.39817673e-06,84.7321004,51.5541813,5.98919972e-08,7.30458971,0.000661888139,0.0197349416,6.28668367e-05,2.74268815e-06,0.00119800838,0.060724300800000006,6.28668367e-05,2.74268815e-06,0.011623405299999999,4.06246285,6.28668367e-05,2.74268815e-06,0.000149460159,0.04411992309,6.28668367e-05,2.74268815e-06,0.011598390599999998,3.59566609e-07,0.000134882677,-0.02532517234999998,3.561737937,-0.00822694481,-0.0108647028,-0.011050887450000001,2.7500997800000006e-06,6.27409477e-05
113,1688112600,0.000674580252,0.000808785519,-0.0345718376,-1.4169147599999998,0.0466514246,0.0244019824,0.024638251700000002,0.021113143999999997,5.0404050800000004e-05,0.000414296309,0.00013424130500000003,3.9059585499999996e-09,4.50531254e-09,1.354357583e-08,1.3276557049999999e-08,2.32912245e-08,2.4856380699999998e-08,4.0855480100000007e-08,0.000295331321,3.8135061100000005e-05,3.6557621600000006e-06,87.4640329,44.3672378,3.1208971e-08,7.545564350000001,0.000469375091,0.010492677249999999,5.8535364300000005e-05,2.1476418299999995e-06,0.000785790189,0.026530882,5.8535364300000005e-05,2.1476418299999995e-06,0.0115896336,4.01816369,5.8535364300000005e-05,2.1476418299999995e-06,0.00010272979940000001,0.01598990578,5.8535364300000005e-05,2.1476418299999995e-06,0.011587407099999999,1.6559926200000002e-07,0.00013443445299999999,1.2554600000000415e-05,1.209395909,-0.00922684834,-0.010922437949999999,-0.011077806700000001,2.14247948e-06,5.862105909999999e-05
113,1688113200,0.0006437237849999999,0.0007777718749999999,-0.1133736108,-0.980574824,0.0451138765,0.022737848,0.0264383072,0.0214881558,6.327354960000001e-05,0.00048598624300000005,0.00013421655100000004,4.05140755e-09,5.14412496e-09,7.61350278e-09,1.3049435e-08,2.5126982800000002e-08,3.12816291e-08,6.975344549999998e-08,0.0002461246236,7.20305766e-05,3.3736047e-06,89.98148590000001,51.7909819,3.01469166e-08,7.579721790000001,0.000461843561,0.01041780229,6.28668222e-05,2.65211612e-06,0.0006961428999999999,0.02195057044,6.28668222e-05,2.65211612e-06,0.01158601705,4.024785960000001,6.28668222e-05,2.65211612e-06,0.00014235262439999996,0.031180849333000006,6.28668222e-05,2.65211612e-06,0.0115774401,4.3118897399999997e-07,0.00013446883599999997,-0.226460589,4.148697049,-0.008254749799999999,-0.010875707500000002,-0.01106277275,2.83204394e-06,6.43306446e-05
113,1688113800,0.000559154837,0.000692768483,-0.04690692145000001,-1.0688874040000003,0.042638801700000006,0.021793446799999998,0.0245632497,0.0191255839,5.2021812799999996e-05,0.000410310028,0.00013365398700000003,5.268210950000001e-09,6.58620469e-09,9.35636907e-09,1.6335595749999998e-08,2.8164004300000003e-08,2.58928047e-08,4.403139509999999e-08,0.00019304569699999999,8.300076389999999e-05,3.3393997e-06,91.7859417,54.6004344,2.7326334e-08,7.54656579,0.00043572720899999993,0.00976951364,5.86304231e-05,2.2183469499999994e-06,0.000617053803,0.017636610599999998,5.86304231e-05,2.2183469499999994e-06,0.0115702005,4.00813635,5.86304231e-05,2.2183469499999994e-06,0.00011110852209999999,0.02018567386,5.86304231e-05,2.2183469499999994e-06,0.0115605434,1.8841757199999997e-07,0.000133829347,0.5461252072399999,18.929396806999996,-0.0070777002,-0.010896276549999999,-0.0110484494,2.2162909700000003e-06,5.8686734799999994e-05
113,1688114400,0.0007000077670000001,0.00083360211,0.01117619544,-1.3252426549999998,0.0468764312,0.024784934,0.026738315800000002,0.0228381974,6.68187418e-05,0.0004951365110000001,0.00013363371599999998,4.90494963e-09,5.75957618e-09,8.34148809e-09,1.43437732e-08,2.6202776e-08,2.27962927e-08,5.49128658e-08,0.000292911701,5.3305115500000005e-05,3.5830769900000002e-06,86.23362449999999,48.2026434,3.20068572e-08,7.481455689999999,0.0004728573410000001,0.0107081297,5.89024282e-05,2.2070967000000003e-06,0.0007722331259999999,0.0263121486,5.89024282e-05,2.2070967000000003e-06,0.0115623628,4.00211378,5.89024282e-05,2.2070967000000003e-06,0.00011073824760000001,0.02079166206,5.89024282e-05,2.2070967000000003e-06,0.01156142825,1.60830944e-07,0.000133828476,0.0012087400600000007,1.672804172,-0.008616528889999999,-0.010912424700000001,-0.011059620949999998,2.2389812e-06,5.8895950700000004e-05
113,1688115000,0.002154968765,0.00228861768,0.019197144099999997,-1.4658453699999998,0.07335224040000002,0.0419867425,0.05516418320000001,0.04751395039999999,0.0001050795857,0.001114482753,0.000133687764,3.13489922e-08,8.3021675e-09,9.651699619999998e-09,1.76359905e-08,3.78475798e-08,3.4313170700000004e-08,5.71506382e-08,0.0009173408629999999,0.00015668321649999997,3.2150674099999997e-06,84.9027335,57.1641752,8.03251904e-08,7.107002879999999,0.000736396506,0.025919839300000004,5.86933735e-05,2.15487492e-06,0.00136779788,0.0829250073,5.86933735e-05,2.15487492e-06,0.01159280875,4.03850374,5.86933735e-05,2.15487492e-06,0.00019952911,0.05243405122,5.86933735e-05,2.15487492e-06,0.0115594633,2.1719764e-07,0.000133838835,0.022584393580000004,1.4351042276499997,-0.00897969535,-0.010798533400000001,-0.01097227575,2.15076605e-06,5.80131871e-05
113,1688115600,0.0021868485,0.00232046588,0.011767214286,-1.3202714800000002,0.0864776404,0.0426651047,0.059889328200000015,0.0508515529,9.7458548e-05,0.001143604697,0.000133660252,3.37349649e-08,1.208030626e-08,1.60587196e-08,2.3245614799999998e-08,4.07153134e-08,4.09538045e-08,7.27213898e-08,0.0009167532240000002,0.00017190052500000002,4.45842599e-06,85.42999710000001,59.0751111,8.12940066e-08,7.059119150000001,0.0007445078320000001,0.0266621726,5.96508076e-05,2.2079482800000003e-06,0.00139610084,0.08192739939999999,5.96508076e-05,2.2079482800000003e-06,0.011592585450000002,4.04575237,5.96508076e-05,2.2079482800000003e-06,0.00019897725199999994,0.0555969999,5.96508076e-05,2.2079482800000003e-06,0.01155809775,2.2822747200000004e-07,0.00013381866900000002,-0.11087789031999999,4.394371475,-0.007981341329999999,-0.010793323050000001,-0.01096402125,2.1624737e-06,5.8709057999999995e-05
113,1688116200,0.0011285116230000001,0.0012621259559999999,0.01186213163,-1.185514701,0.06675203810000001,0.030064198099999995,0.0390761925,0.0335635247,9.482768750000001e-05,0.0007656668099999999,0.00013368825,3.26085702e-08,1.2107714619999998e-08,1.44309348e-08,2.025305715e-08,4.26004516e-08,1.113670765e-07,8.086343140000001e-08,0.000509525982,5.03772344e-05,3.95653208e-06,82.9595252,47.84960160000001,4.62264588e-08,7.339775380000001,0.0005757389110000001,0.01722633145,5.949305969999999e-05,2.27485707e-06,0.00103480636,0.04639052340000001,5.949305969999999e-05,2.27485707e-06,0.011564709400000001,4.00608055,5.949305969999999e-05,2.27485707e-06,0.00017695304,0.022170842990000002,5.949305969999999e-05,2.27485707e-06,0.0115576893,3.45914344e-07,0.00013392698,-0.30752172979,4.774073509999999,-0.007566253720000002,-0.01077256505,-0.0109518965,2.38126078e-06,6.0140053200000005e-05
113,1688116800,0.00176622164,0.00189977972,0.022015862049999998,-1.3333598639999997,0.07563980680000001,0.037922560800000005,0.0510015565,0.043126316100000006,0.000173465984,0.001106495623,0.000133600764,3.22276374e-08,9.49597806e-09,1.106707033e-08,3.066163459999999e-08,4.857972509999999e-08,2.92630263e-08,5.18447785e-08,0.0007989807450000001,8.05742976e-05,3.2843036100000002e-06,82.18828799999999,51.7398407,6.740722e-08,7.092886590000001,0.00070267295,0.023922648799999998,5.949547689999999e-05,2.2641074499999998e-06,0.0012848454499999999,0.0717705987,5.949547689999999e-05,2.2641074499999998e-06,0.0115809239,4.03087041,5.949547689999999e-05,2.2641074499999998e-06,0.00018338512499999998,0.04349278450999999,5.949547689999999e-05,2.2641074499999998e-06,0.011556716400000002,3.09069164e-07,0.00013384941200000002,0.4507035950000001,16.822845732599998,-0.006530302949999999,-0.0107126047,-0.01090378475,2.23877598e-06,5.911939199999999e-05
113,1688117400,0.000646786062,0.0007791388970000001,-0.025788877670000005,-0.6938325780000001,0.05291411530000001,0.0225230519,0.0281258585,0.021075643300000002,9.94188187e-05,0.000524962088,0.000132540371,2.1270250430000003e-08,7.213966510000001e-09,1.889006067e-08,2.59400651e-08,8.206374949999999e-08,2.7387883499999998e-08,4.72552949e-08,0.000238795678,8.111762600000001e-05,3.05039721e-06,87.60928759999999,53.7046603,3.009406890000001e-08,7.44267698,0.000522475883,0.01407544095,7.21357627e-05,4.10572446e-06,0.000661484757,0.02244709258,7.21357627e-05,4.10572446e-06,0.011509662300000001,3.9685539999999997,7.21357627e-05,4.10572446e-06,0.0001499334335,0.01243907155,7.21357627e-05,4.10572446e-06,0.011506319099999999,6.479194040000001e-07,0.000133044779,-0.21028225310000007,3.8648526073,-0.007501426979999999,-0.010481046300000001,-0.010723840850000001,4.184768450000001e-06,7.16360215e-05
113,1688118000,0.00175438917,0.0018870236100000004,-0.0020659387200000013,-1.237683364,0.0768398449,0.0378403887,0.0512640654,0.042826307300000005,0.0001427151622,0.001084231995,0.000132697578,9.441620409999999e-09,1.228541828e-08,3.0951526899999995e-08,3.9416610399999996e-08,1.0506812910000001e-07,9.874903249999998e-08,1.788306451e-07,0.0007685033849999999,0.0001046405447,3.46744634e-06,82.427252,54.3741611,6.680896979999999e-08,7.44519408,0.0008013927170000001,0.031007204,6.22206512e-05,2.59908995e-06,0.00125882137,0.0686310305,6.22206512e-05,2.59908995e-06,0.0115269181,3.9826229900000003,6.22206512e-05,2.59908995e-06,0.00013466031660000003,0.027452711399999996,6.22206512e-05,2.59908995e-06,0.0115070293,4.11472562e-07,0.000132823749,-0.06673868124,2.4799733234000003,-0.00809842824,-0.01050095985,-0.010728731000000002,2.39625171e-06,5.99255933e-05
113,1688118600,0.000574641266,0.000705950486,-0.01362533106,-0.23992837960000002,0.051789081,0.020512259100000003,0.0291008883,0.020025611250000002,6.665411099999999e-05,0.00043075117700000005,0.00013141306200000003,6.20356967e-09,9.562611949999999e-09,2.17984391e-08,3.3417176800000004e-08,7.11037807e-08,4.5421229999999994e-08,6.580680700000002e-08,0.00020173132039999999,8.21209187e-05,2.9965019799999996e-06,94.360784,53.04193349999999,2.76664993e-08,7.6679113999999995,0.000499829926,0.01429326941,6.335174529999999e-05,2.92279898e-06,0.0006009190360000001,0.01886379496,6.335174529999999e-05,2.92279898e-06,0.011467965950000002,3.9415312,6.335174529999999e-05,2.92279898e-06,0.0001247550715,0.02288842285,6.335174529999999e-05,2.92279898e-06,0.011459461700000001,4.60845525e-07,0.00013177954899999997,-0.1838182565,2.733486651,-0.008049591600000001,-0.010570703999999998,-0.010777788299999999,2.95671154e-06,6.33526079e-05
113,1688119200,0.000577795854,0.0007095841650000001,-0.0519758097,-0.537185348,0.050889052899999995,0.0212844366,0.028763378099999997,0.0225381878,5.1428317600000006e-05,0.000425703504,0.00013199095400000003,5.49919767e-09,8.65648293e-09,1.1898515660000001e-08,1.8548948499999998e-08,3.2960136e-08,4.47495686e-08,3.0688417399999994e-08,0.000234932452,5.05005154e-05,3.0842609799999998e-06,90.47169779999999,47.0196989,2.7838713700000005e-08,7.53541194,0.0004396186620000001,0.01009710812,6.57883597e-05,3.2122601199999995e-06,0.000695005024,0.021441149799999996,6.57883597e-05,3.2122601199999995e-06,0.011488382,3.95782346,6.57883597e-05,3.2122601199999995e-06,0.0001399352054,0.022357258720000002,6.57883597e-05,3.2122601199999995e-06,0.011479377399999999,5.45741431e-07,0.000132320818,-0.41290536330000005,5.402077251000001,-0.00744587947,-0.010720809500000001,-0.010923612499999999,3.3549913799999997e-06,6.686620410000001e-05
113,1688119800,0.000498528584,0.0006307679630000001,-0.04372813985,-0.5851448140000001,0.049651515599999994,0.0202270499,0.0257257852,0.0188630762,3.97846906e-05,0.00035327886799999995,0.00013264772600000003,6.809523509999999e-09,7.574496499999998e-09,9.8005209e-09,1.861296275e-08,3.12154848e-08,5.675304329999998e-08,3.52883939e-08,0.00012865963139999998,0.00011707912940000001,2.94425339e-06,95.901987,63.78210299999999,2.51827549e-08,7.6280327,0.000428107597,0.00978700739,8.667284010000001e-05,6.3723983e-06,0.0005117427,0.01220950524,8.667284010000001e-05,6.3723983e-06,0.0115109792,3.9945594300000002,8.667284010000001e-05,6.3723983e-06,0.0001453943672,0.03296097309,8.667284010000001e-05,6.3723983e-06,0.01149340315,9.58001772e-07,0.000133057198,-0.8809705662999999,6.781272566,-0.00701028271,-0.010461460799999999,-0.0107899819,6.31724108e-06,8.374399720000001e-05
113,1688120400,0.001100329464,0.0012325978170000002,-0.03195481964000001,-0.391850678,0.06705204699999999,0.027661168299999993,0.0461639092,0.037313639100000004,9.51647554e-05,0.0006812568220000001,0.000132823673,7.99356827e-09,7.589470689999999e-09,9.261489049999999e-09,3.36265261e-08,2.8338646000000003e-08,3.0077176e-08,3.9065395500000005e-08,0.000418233257,0.0001286182676,2.58709115e-06,89.857494,59.737134100000006,4.51980827e-08,7.231039839999999,0.0005583748369999998,0.01559649,9.22206506e-05,7.139733630000001e-06,0.0009293393089999999,0.03727584860000001,9.22206506e-05,7.139733630000001e-06,0.011499858449999999,3.98665295,9.22206506e-05,7.139733630000001e-06,0.0001401355824,0.01948053056,9.22206506e-05,7.139733630000001e-06,0.0114777585,1.212387189e-06,0.000132944846,-0.6715676835,9.33035583,-0.00667835208,-0.010472877450000001,-0.010780988500000002,6.95123921e-06,9.03373362e-05
113,1688121000,0.0010990790509999998,0.001231656849,0.031986438228,-0.533070039,0.07215220309999999,0.028063958300000004,0.0449638729,0.035401080099999996,8.764799970000001e-05,0.000697613821,0.00013270654200000002,6.4432086199999985e-09,8.0356979e-09,1.526984171e-08,2.00178069e-08,4.913467209999999e-08,8.98148586e-08,9.804542690000002e-08,0.00041443734499999995,0.0001318933014,2.781918e-06,88.30779700000001,60.232518199999994,4.50712787e-08,7.41049924,0.000609585138,0.01906768665,6.855817219999999e-05,3.42056388e-06,0.000908989005,0.037013742,6.855817219999999e-05,3.42056388e-06,0.011527737849999999,3.98650769,6.855817219999999e-05,3.42056388e-06,0.0001377303169,0.02676502784,6.855817219999999e-05,3.42056388e-06,0.011505686499999999,3.74846873e-07,0.000132756255,-0.4630986022,5.412963281,-0.008140927420000001,-0.01071233155,-0.010915403550000001,3.1323758099999996e-06,6.64516835e-05
113,1688121600,0.001133126515,0.001265789867,0.04395141400000001,-0.35326847370000003,0.07451477610000001,0.0283071371,0.044363854599999995,0.0340510391,0.00013381804500000002,0.0007824618660000001,0.000133230875,1.619303429e-08,1.68489219e-08,1.9270781300000002e-08,5.52523259e-08,4.2538905600000004e-08,6.407511989999999e-08,1.384891613e-07,0.00043432789400000004,0.00012796107180000003,3.3436954199999998e-06,84.0405595,58.6255085,4.6154507999999994e-08,7.5586312499999995,0.0006209876670000001,0.020321104399999994,8.803235039999999e-05,7.123104e-06,0.000902082212,0.039330723199999994,8.803235039999999e-05,7.123104e-06,0.011537809800000002,4.02599029,8.803235039999999e-05,7.123104e-06,0.000165516037,0.03991854857,8.803235039999999e-05,7.123104e-06,0.0115117832,1.323131236e-06,0.000133825871,-0.8664232495,18.71106624,-0.00500777811,-0.010301029250000001,-0.0107543067,7.09809009e-06,8.98631598e-05
113,1688122200,0.000514282219,0.000646926611,0.00583197622,-0.6552483283,0.0506265454,0.020408170399999998,0.0265508101,0.019425592799999995,4.5453321e-05,0.000372981806,0.000133253019,1.4453317839999999e-08,9.334909869999999e-09,1.380181162e-08,2.17261496e-08,3.00944937e-08,3.46625801e-08,7.332695970000001e-08,0.0001147804228,0.00013874739,2.78878651e-06,95.8592812,70.0480559,2.57226222e-08,7.574845740000001,0.0004352483359999999,0.01017387635,8.75670963e-05,6.648026509999999e-06,0.000461268634,0.011331024589999999,8.75670963e-05,6.648026509999999e-06,0.01152300955,4.00819353,8.75670963e-05,6.648026509999999e-06,0.00015760738699999998,0.02386917696,8.75670963e-05,6.648026509999999e-06,0.011507323100000001,1.3292869309999998e-06,0.000133710642,-0.1802651240000001,12.98096218,-0.00375394024,-0.0104155733,-0.0108013122,6.54493153e-06,8.73142339e-05
113,1688122800,0.000780507997,0.000913583042,0.03653174260000001,-0.673213065,0.056851735300000004,0.0246289763,0.036001098800000006,0.0282383619,6.74086397e-05,0.000526128828,0.000133217857,7.72396846e-09,7.4237814600000005e-09,1.0232978769999998e-08,1.801102775e-08,2.8812763299999997e-08,3.53157388e-08,6.86630617e-08,0.00023958473399999998,0.00014717371199999998,3.1611387399999996e-06,92.78543650000002,66.0019352,3.45716783e-08,7.525463150000002,0.000497215974,0.0123207706,6.562650770000001e-05,3.29534014e-06,0.000702646571,0.0217084314,6.562650770000001e-05,3.29534014e-06,0.011555090399999999,4.010148689999999,6.562650770000001e-05,3.29534014e-06,0.0001382266985,0.03380354462000001,6.562650770000001e-05,3.29534014e-06,0.01153350975,3.877359960000001e-07,0.000133410163,-0.18766427300000002,1.5970429536000001,-0.00901445517,-0.0107741446,-0.01097794425,3.30999733e-06,6.63418073e-05
113,1688123400,0.0008946182190000002,0.00102771612,-0.0666729856,-0.727584,0.060676852,0.026015866399999997,0.0381386643,0.0310884492,4.755919700000001e-05,0.0005447792840000001,0.000133170782,6.00328967e-09,1.4453780969999998e-08,9.09831877e-09,1.8005100199999997e-08,4.08971446e-08,3.16196946e-08,6.89835212e-08,0.00030520895099999995,0.000137982189,3.83593146e-06,92.95763969999999,62.998424899999996,3.83551472e-08,7.478565489999999,0.000533219028,0.0145778768,6.20717518e-05,2.7608011899999998e-06,0.0008068147269999999,0.027776359500000004,6.20717518e-05,2.7608011899999998e-06,0.0115552136,4.012087340000001,6.20717518e-05,2.7608011899999998e-06,0.00014154529099999998,0.0439022912,6.20717518e-05,2.7608011899999998e-06,0.01153646785,2.82396189e-07,0.000133372865,-0.32892407609999996,4.422903997700001,-0.008284951799999999,-0.01077218875,-0.010955619599999999,2.7722720299999997e-06,6.179661330000001e-05
113,1688124000,0.0007761225869999999,0.0009089312299999999,-0.0831532435,-0.909473859,0.051076559199999996,0.02453188,0.0324759905,0.0263633047,4.9195658100000004e-05,0.00048205279400000004,0.000132903901,5.600451070000001e-09,6.15543673e-09,9.06322826e-09,1.54454619e-08,2.6882365599999996e-08,3.3834512e-08,6.86688783e-08,0.00024163157799999996,0.0001417557444,4.40082514e-06,95.82379449999999,65.51505590000001,3.44038491e-08,7.3805577499999995,0.00048465483599999996,0.01239368276,6.39086102e-05,2.89298527e-06,0.000699192191,0.021834252999999998,6.39086102e-05,2.89298527e-06,0.011530690149999998,3.9803770400000005,6.39086102e-05,2.89298527e-06,0.000114728615,0.015546822359999999,6.39086102e-05,2.89298527e-06,0.0115232172,2.8669844800000003e-07,0.00013307200400000001,-0.41702096079999995,3.6751075429999993,-0.0088325575,-0.010829763400000001,-0.011000399999999999,2.95105885e-06,6.431632150000002e-05
113,1688124600,0.0007712314480000001,0.0009042441849999999,-0.04090152695,-0.9226628379999999,0.0559517086,0.0244398205,0.0324384893,0.025838289300000004,3.8860737900000005e-05,0.000491644586,0.000133666032,6.56715653e-09,8.71537549e-09,8.558668670000001e-09,3.747155125e-08,2.41185811e-08,3.2425959700000004e-08,3.641537399999999e-08,0.00018926009500000001,0.000192187285,3.33494102e-06,98.44020689999999,76.3493205,3.43115348e-08,7.506336300000001,0.000498507335,0.012881268059999998,8.169206829999999e-05,5.7226348e-06,0.0005868447719999999,0.017234171,8.169206829999999e-05,5.7226348e-06,0.01156457025,4.05385203,8.169206829999999e-05,5.7226348e-06,0.00017808952100000001,0.053911042740000005,8.169206829999999e-05,5.7226348e-06,0.0115421335,1.489391844e-06,0.00013462058899999999,-0.07842857954020001,2.8504808991,-0.0070639996699999996,-0.0104719014,-0.010843230200000002,5.80607382e-06,7.947890350000001e-05
113,1688125200,0.009491021656,0.009624661389999997,0.031101404500000002,-0.799641943,0.1412293104,0.06674322640000001,0.1169660712,0.1025656327,0.0006526897210999999,0.004736396521,0.000133946617,2.6521061479999998e-08,2.8813810560000002e-08,3.77358606e-08,6.02535616e-08,7.438893260000001e-08,8.78002398e-08,1.575783077e-07,0.004491311063999999,0.00024761305300000005,5.7683312700000005e-06,86.8453559,65.3678455,3.243227735e-07,6.95194338,0.001258852232,0.1067041656,8.29940702e-05,5.52222133e-06,0.002357623576,0.40058497969999995,8.29940702e-05,5.52222133e-06,0.0116366636,4.160146259999999,8.29940702e-05,5.52222133e-06,0.00025380899,0.1615862675,8.29940702e-05,5.52222133e-06,0.0115629867,8.386138390000001e-07,0.000134517914,-0.9489643526,65.877942692,-0.0020858608800000005,-0.010661697099999999,-0.010902700849999999,5.6658867e-06,8.265999339999999e-05
113,1688125800,0.016619969050000002,0.016754449850000002,0.0406075384,-0.997895945,0.219044184,0.10614502140000001,0.191818352,0.176592886,0.00052775006,0.00786100029,0.00013476217699999997,4.3231883540000006e-08,4.267444681e-08,5.4948768169999986e-08,7.516323290000001e-08,1.1524379400000002e-07,1.4232778130000001e-07,2.674973181e-07,0.00794751778,0.00035538391400000006,6.0437960400000005e-06,74.9677115,54.389725899999995,5.615231769999999e-07,6.343656140000001,0.00195313716,0.18132689370000002,8.27109044e-05,4.76589059e-06,0.00405599241,0.7072227599999998,8.27109044e-05,4.76589059e-06,0.0117399311,4.39438664,8.27109044e-05,4.76589059e-06,0.00035349616099999997,0.38977595559999995,8.27109044e-05,4.76589059e-06,0.01159618685,6.367663790000001e-07,0.000135109637,-0.22283889400000004,3.3767102558199995,-0.00804384512,-0.010769835600000001,-0.0110093201,4.14856184e-06,7.03876897e-05
113,1688126400,0.007536126239999999,0.00766984496,0.0410416319,-0.678463837,0.161854942,0.06840174349999999,0.138529232,0.12277875099999999,0.00017307319739999998,0.0034221320900000005,0.000133861361,2.1690083279999996e-08,2.2961714519999997e-08,2.98128928e-08,4.5961655999999994e-08,6.698422690000001e-08,9.215743889999998e-08,1.8442646300000003e-07,0.00334529909,0.00041787894,4.25619654e-06,80.64337289999999,59.187561300000006,2.58994363e-07,6.711625980000001,0.0013329986800000003,0.0833639159,7.255103330000001e-05,3.46779638e-06,0.0026837481499999995,0.29698948,7.255103330000001e-05,3.46779638e-06,0.01165801535,4.183337140000001,7.255103330000001e-05,3.46779638e-06,0.000260406983,0.19385114089999997,7.255103330000001e-05,3.46779638e-06,0.01156669775,3.5926506599999996e-07,0.00013414821300000002,-0.8352031929000001,45.4814495579,-0.0078999672,-0.010872019100000001,-0.01105018365,3.276532e-06,6.70199217e-05
113,1688127000,0.004112456259999999,0.00424587524,0.06426667054999999,-0.41720204499999997,0.12547882999999999,0.04985296239999999,0.10335315299999999,0.0886152056,0.0001542994201,0.00200285334,0.000133767813,1.415367086e-08,1.147867731e-08,1.6184330799999994e-08,2.4441589099999998e-08,4.891647540000001e-08,5.33996789e-08,1.0336610580000001e-07,0.00159332954,0.00045747270500000006,4.7926121699999995e-06,88.02949090000001,68.8740427,1.452494016e-07,6.8730671,0.0009673061379999999,0.0469365551,8.848948019999999e-05,6.02246774e-06,0.0018281708100000003,0.1408090406,8.848948019999999e-05,6.02246774e-06,0.01161965715,4.13767812,8.848948019999999e-05,6.02246774e-06,0.000233987542,0.1476487405,8.848948019999999e-05,6.02246774e-06,0.011553548099999998,8.22027083e-07,0.00013430764600000003,-1.1918668564000001,9.91913397107,-0.00725979539,-0.010587047,-0.010895789349999999,5.9732141400000016e-06,8.70069173e-05
113,1688127600,0.00283820647,0.0029718394800000002,0.05729215139999999,-0.5218983340000001,0.1036156601,0.0432591775,0.08291503310000001,0.069864632,0.0001324450448,0.001397043154,0.000133691672,2.4704714700000002e-08,7.74472247e-09,1.0417950679999999e-08,1.7659374299999998e-08,2.8035820099999998e-08,3.17848263e-08,7.074796570000002e-08,0.00101305471,0.000400578725,5.159757009999999e-06,92.8774608,71.9991004,1.029759526e-07,6.93954686,0.0007943686969999999,0.0330055053,6.53104331e-05,2.7284120500000003e-06,0.00147044271,0.0911216324,6.53104331e-05,2.7284120500000003e-06,0.01162996785,4.128013950000001,6.53104331e-05,2.7284120500000003e-06,0.0002585258889999999,0.1460719883,6.53104331e-05,2.7284120500000003e-06,0.0115594824,2.1980223900000002e-07,0.000133842816,-0.2247786434,2.1189541539,-0.00943396549,-0.01083308675,-0.011000508199999998,2.55319837e-06,6.14534059e-05
113,1688128200,0.00275066858,0.0028828911100000003,0.0610514267,-0.375031181,0.1024531277,0.04105941169999999,0.0825775212,0.0700521383,9.36954724e-05,0.00134138868,0.000132264171,3.5510255599999994e-08,1.016489439e-08,1.269749438e-08,1.97154455e-08,3.23528497e-08,3.2785440899999995e-08,6.69215055e-08,0.001012106839,0.000358180686,4.74800475e-06,91.81886180000001,71.2994659,9.998759580000002e-08,6.79207272,0.000794109084,0.0319281778,5.9477351800000006e-05,2.17881658e-06,0.001443638426,0.0909656937,5.9477351800000006e-05,2.17881658e-06,0.0115406321,4.02570033,5.9477351800000006e-05,2.17881658e-06,0.00022474591100000004,0.07606505424999999,5.9477351800000006e-05,2.17881658e-06,0.01149949425,1.9584552900000003e-07,0.00013243504400000002,0.013698081750000002,0.5563078312,-0.00959045845,-0.01078356105,-0.0109458165,2.1228815299999997e-06,5.8224916899999994e-05
113,1688128800,0.00292737569,0.00305960767,0.0555461321,-0.42586260299999995,0.10702826800000001,0.0426475111,0.0857276163,0.0736147479,7.82964557e-05,0.00139627571,0.00013227196999999997,2.6229990199999997e-08,8.29680533e-09,9.048467039999999e-09,1.4940018150000002e-08,3.15114656e-08,2.9181605600000003e-08,6.1920106e-08,0.00111022518,0.00034784750699999996,5.337217580000001e-06,92.8262844,68.29528349999998,1.0580491599999999e-07,6.82415025,0.000819901725,0.0338005794,6.01123306e-05,2.22740099e-06,0.0015382952699999999,0.09882993999999999,6.01123306e-05,2.22740099e-06,0.01155370775,4.0512834,6.01123306e-05,2.22740099e-06,0.00025140528,0.1104020341,6.01123306e-05,2.22740099e-06,0.0114997747,1.9562777399999998e-07,0.000132441289,0.022576794160000004,5.802212969839999,-0.008587699979999999,-0.0107936802,-0.01095250385,2.10756246e-06,5.79852778e-05
113,1688129400,0.0029888115799999995,0.0031216492500000005,0.07504369390000001,-0.411376935,0.10980334709999999,0.0434689835,0.08666514589999999,0.0735772455,0.0001532825973,0.00153449069,0.00013310924,2.8623955100000003e-08,8.987372529999999e-09,1.3847572700000002e-08,2.526097115e-08,5.60506758e-08,7.179144180000001e-08,9.684594700000001e-08,0.0010797247539999998,0.00040863552200000005,5.4608681900000005e-06,93.36247,71.86938289999999,1.077675914e-07,6.95293696,0.0008579169480000001,0.038022456200000006,6.886224050000001e-05,4.0609739499999995e-06,0.0015034948300000001,0.0958304026,6.886224050000001e-05,4.0609739499999995e-06,0.01157528575,4.06314031,6.886224050000001e-05,4.0609739499999995e-06,0.000251319345,0.08692206516999999,6.886224050000001e-05,4.0609739499999995e-06,0.011532435400000002,7.324518449999999e-07,0.000133730046,-0.12159556569999999,1.8391976584999998,-0.008100854309999999,-0.0104776373,-0.01080325645,3.9743879399999995e-06,6.74730744e-05
113,1688130000,0.00293715311,0.00306977093,0.06294767180000001,-0.424708019,0.1079282939,0.0429011281,0.0852401016,0.0741397629,0.00012848928700000001,0.00147600667,0.000132763911,2.9469047499999998e-08,1.0299651739999999e-08,1.3537458189999998e-08,2.38479545e-08,3.85537954e-08,5.32151407e-08,1.0975504909999999e-07,0.001088294657,0.000374539071,5.27347146e-06,90.7800398,69.7129742,1.0601609000000001e-07,7.050374720000001,0.0008615736279999999,0.0352682019,6.625491269999999e-05,3.05044127e-06,0.00152182016,0.0966009165,6.625491269999999e-05,3.05044127e-06,0.011585898399999999,4.09334486,6.625491269999999e-05,3.05044127e-06,0.00027707958299999996,0.13550651626,6.625491269999999e-05,3.05044127e-06,0.011515223500000001,4.21931027e-07,0.00013302361000000002,-0.157442573026,2.3734174792000005,-0.00872787258,-0.0106984839,-0.01090224025,2.94738375e-06,6.36936552e-05
113,1688130600,0.0026959098899999997,0.0028281250899999996,0.01546242861,-0.385427724,0.0995280391,0.0408699929,0.08175249600000001,0.06952712270000001,6.274040659999999e-05,0.001275786726,0.000132299922,2.9539439799999995e-08,1.113667357e-08,1.2007278550000002e-08,1.9640088500000003e-08,3.28014582e-08,4.33608145e-08,8.227596150000001e-08,0.000944490037,0.00039781715099999996,5.29722021e-06,90.02134710000001,73.474908,9.808226999999999e-08,6.85422357,0.000801004531,0.0312513962,6.33560254e-05,2.77991698e-06,0.0014122915800000003,0.0842522585,6.33560254e-05,2.77991698e-06,0.011552194600000001,4.052151280000001,6.33560254e-05,2.77991698e-06,0.000242510423,0.10749196394,6.33560254e-05,2.77991698e-06,0.011501860899999999,2.7361678700000003e-07,0.00013256682,-0.18509486950000004,1.3163542895,-0.009395279959999999,-0.0107584456,-0.0109298068,2.77233741e-06,6.211981000000001e-05
113,1688131200,0.0024524127600000006,0.00258481144,0.0459160329,-0.457288567,0.09656544859999999,0.0396830234,0.07785237689999999,0.0647269738,6.0612511800000006e-05,0.001181528025,0.00013248957699999998,2.55629848e-08,7.099894669999999e-09,1.04611767e-08,1.4305849249999997e-08,2.95111374e-08,3.7475105200000003e-08,4.63158726e-08,0.000774266625,0.00044638757500000005,5.27624797e-06,100.23486310000001,80.01954140000001,9.00915425e-08,6.97794253,0.000766671786,0.0291314813,6.749999890000001e-05,3.1701337600000004e-06,0.0012629301039999998,0.0689536071,6.749999890000001e-05,3.1701337600000004e-06,0.0115575912,4.06061755,6.749999890000001e-05,3.1701337600000004e-06,0.00024990137400000004,0.11190981059999998,6.749999890000001e-05,3.1701337600000004e-06,0.011506585750000001,3.115248730000001e-07,0.000132713608,-0.3156155606,2.2851866741,-0.00903236778,-0.010717106350000002,-0.010904083150000002,3.0809770200000007e-06,6.48847472e-05
113,1688131800,0.00188630522,0.00201913068,0.013401649300000002,-0.401358278,0.09337785189999999,0.035537663,0.0620643966,0.0483389759,0.0002700880691,0.001476796677,0.00013290376999999998,2.5431690600000003e-08,5.7430897300000005e-09,1.39049185e-08,1.572726715e-08,3.10495693e-08,5.33714434e-08,4.33971827e-08,0.00043835361899999996,0.000498997102,5.49940159e-06,104.0155563,93.70035099999998,7.12796074e-08,7.026298859999999,0.000687831482,0.0247210843,6.38571361e-05,2.78496261e-06,0.0008734911090000002,0.04001595170000001,6.38571361e-05,2.78496261e-06,0.011573344349999999,4.05948033,6.38571361e-05,2.78496261e-06,0.00024332329999999998,0.10756037442000002,6.38571361e-05,2.78496261e-06,0.011526324000000001,3.08956589e-07,0.000133160729,-0.25816943482,24.6890921556,-0.0071984580599999985,-0.01076735565,-0.0109415426,2.8041805e-06,6.32638019e-05
113,1688132400,0.00394590821,0.00407883792,0.00860032363,-0.7475281830000001,0.11741608860000001,0.05106625620000001,0.0882401944,0.07177719190000001,0.0002853438851,0.0021775111899999997,0.00013300981,2.6166531600000005e-08,8.69907003e-09,1.132659217e-08,1.8742005400000002e-08,2.87741226e-08,4.0521602849999994e-08,5.950101570000001e-08,0.001356020193,0.0006112683340000001,5.370163149999999e-06,101.1868735,86.89453499999999,1.3972155949999998e-07,6.803081799999999,0.000947633431,0.04439719339999999,7.056709480000001e-05,3.24868046e-06,0.001457607285,0.11963311940000003,7.056709480000001e-05,3.24868046e-06,0.011640071850000001,4.21853068,7.056709480000001e-05,3.24868046e-06,0.00030709215,0.25582402959999995,7.056709480000001e-05,3.24868046e-06,0.011531209800000001,2.7724531000000006e-07,0.000133246787,-0.4117313233999999,3.4102162954299993,-0.008916412600000001,-0.0107741947,-0.0109451102,2.83641611e-06,6.31817159e-05
113,1688133000,0.0025026690299999998,0.00263617186,-0.008253799239999996,-0.8909832050000002,0.0906777677,0.0418653607,0.0709521644,0.0579767696,7.934505339999999e-05,0.0011863553020000001,0.00013354360500000001,2.32111598e-08,6.01722725e-09,9.30769731e-09,1.21208985e-08,2.43170748e-08,2.07021179e-08,3.20171919e-08,0.00044794152899999993,0.0007983900069999999,4.79519948e-06,108.55304980000001,106.1911799,9.17844581e-08,6.8587681400000005,0.0007911826330000002,0.028908599399999995,6.0994400199999996e-05,2.32030445e-06,0.000900809096,0.0406302285,6.0994400199999996e-05,2.32030445e-06,0.011612257249999999,4.09841014,6.0994400199999996e-05,2.32030445e-06,0.000241734489,0.1150281383,6.0994400199999996e-05,2.32030445e-06,0.011554329799999999,1.83527834e-07,0.000133686517,0.012429084920000001,0.3735492133,-0.009654170950000002,-0.010846147350000002,-0.01100385665,2.2089567100000002e-06,5.8224861899999997e-05
113,1688133600,0.0033820385300000005,0.00351596292,0.00594197364,-0.7487053690000001,0.10920333339999999,0.0476456306,0.0882776941,0.0724522118,7.85870107e-05,0.00157907127,0.000133965682,2.5615919399999997e-08,7.6761276e-09,1.050111549e-08,1.5772159509999998e-08,2.7107651300000003e-08,2.793837299999999e-08,4.90439562e-08,0.0008389627455,0.000847076368,4.7567708100000006e-06,103.63236280000001,97.1167021,1.210268452e-07,6.809729359999999,0.000919593026,0.0383295298,7.150623790000001e-05,2.8006491099999996e-06,0.0012588766649999999,0.0753994819,7.150623790000001e-05,2.8006491099999996e-06,0.01170221875,4.291224269999999,7.150623790000001e-05,2.8006491099999996e-06,0.00032300108900000003,0.30536604500000003,7.150623790000001e-05,2.8006491099999996e-06,0.011574557600000002,1.7893330799999998e-07,0.00013415006899999998,0.039246691,1.5191755996,-0.008956813599999999,-0.01088263475,-0.0110362764,2.1852847100000003e-06,5.8809413300000004e-05
113,1688134200,0.0048451998900000005,0.00497844534,0.00961737303,-0.7357442319999999,0.12960395400000002,0.05783733879999999,0.10999085580000001,0.09292783749999999,9.370460100000001e-05,0.0022800674399999993,0.000133290503,3.19834423e-08,1.2087009580000001e-08,1.548206466e-08,2.2874421100000004e-08,3.4234076700000004e-08,4.20283575e-08,7.865460230000001e-08,0.00165970613,0.0007577828939999999,4.779803550000001e-06,97.2192422,77.35948950000001,1.6946711000000002e-07,6.78962573,0.0011209997,0.053628171999999995,6.849662370000002e-05,2.6081644e-06,0.0018847154900000003,0.1467791415,6.849662370000002e-05,2.6081644e-06,0.011653161700000001,4.24067829,6.849662370000002e-05,2.6081644e-06,0.000312800681,0.26596297010000003,6.849662370000002e-05,2.6081644e-06,0.01154135515,2.0728133800000002e-07,0.00013341112700000004,-1.2131015050000002,38.46884128160001,-0.00915571828,-0.010835376349999998,-0.0109947432,2.10291997e-06,5.875756869999999e-05
113,1688134800,0.00433047285,0.00446380232,0.0019621185529999996,-0.6542709980000001,0.1253288245,0.053842245899999995,0.1040656753,0.087752681,8.39116361e-05,0.0019518964,0.00013336966599999998,2.5837522000000003e-08,8.925897209999998e-09,1.3450273459999998e-08,2.089240945e-08,3.38519993e-08,4.21830584e-08,7.79116705e-08,0.00146266865,0.000698338524,3.96588006e-06,94.143833,77.7637633,1.52475667e-07,6.847429960000001,0.00104673961,0.04765395050000001,6.337807339999997e-05,2.3613193e-06,0.00176248458,0.12786847959999997,6.337807339999997e-05,2.3613193e-06,0.011635229899999999,4.15926991,6.337807339999997e-05,2.3613193e-06,0.000286905855,0.178127895,6.337807339999997e-05,2.3613193e-06,0.0115454105,1.8758931599999998e-07,0.00013348476299999997,-0.1513049109,9.6779233655,-0.008861462970000001,-0.0108541375,-0.011006989050000002,2.1420394999999997e-06,5.80690456e-05
113,1688135400,0.00509892979,0.005232831300000001,-0.0015940240599999999,-0.653721666,0.134066595,0.058518216199999994,0.1142284871,0.09607793300000002,7.78672159e-05,0.00226143496,0.000133944936,3.0692029600000004e-08,1.089344777e-08,1.54349888e-08,2.0891844800000003e-08,3.5866655300000004e-08,6.4533845e-08,7.80345485e-08,0.0017651816799999997,0.000779850599,4.0993327e-06,95.01433599999999,76.7972005,1.78004128e-07,6.77424738,0.0011396559699999999,0.05587008920000001,6.30754737e-05,2.34070774e-06,0.0019398173899999997,0.15478378799999998,6.30754737e-05,2.34070774e-06,0.011650108099999999,4.15090619,6.30754737e-05,2.34070774e-06,0.000270564627,0.1569935501,6.30754737e-05,2.34070774e-06,0.011573102900000002,1.8199028499999998e-07,0.000134119134,0.016779021,0.1230784302,-0.009730803199999999,-0.010872325900000002,-0.0110289263,2.1552452500000006e-06,5.89762457e-05
113,1688136000,0.00474546212,0.00487948221,-0.001695692516,-0.9177799630000001,0.132566544,0.0587327952,0.1043656851,0.0881276899,0.0001081772546,0.0021987468400000002,0.00013406357,3.2511802400000003e-08,1.116729893e-08,1.661959795e-08,2.325460465e-08,3.785266e-08,6.770977790000001e-08,7.77293212e-08,0.0016501607799999998,0.0007182224599999999,4.01751603e-06,94.5512065,76.39911049999999,1.6636563800000003e-07,6.71038489,0.00111695617,0.053210296600000005,6.246501429999999e-05,2.31800676e-06,0.0018704758999999998,0.1447750936,6.246501429999999e-05,2.31800676e-06,0.0116614736,4.16459732,6.246501429999999e-05,2.31800676e-06,0.00028967652,0.16993648500000003,6.246501429999999e-05,2.31800676e-06,0.011576144699999999,2.0297068600000002e-07,0.000134211521,-0.09117054604,11.302308329999999,-0.00832903404,-0.01085646845,-0.01101736905,2.1288421199999997e-06,5.84086253e-05
113,1688136600,0.011537176230000001,0.01167164142,-0.00942803086,-1.2764227099999998,0.18311809299999998,0.0955854052,0.1529296694,0.1315540175,0.000680127304,0.00588549445,0.000134744266,4.3577443e-08,2.7176224690000007e-08,3.394328885e-08,4.971523729999999e-08,7.102576619999999e-08,1.035078772e-07,2.0667962719999998e-07,0.00499337748,0.000770669538,3.7087942700000006e-06,86.1051724,63.4230084,3.9186209400000004e-07,6.62014505,0.00171125586,0.1228087105,9.03383973e-05,5.570401929999999e-06,0.00316411619,0.43826029499999997,9.03383973e-05,5.570401929999999e-06,0.0117108954,4.3131381300000005,9.03383973e-05,5.570401929999999e-06,0.00033782416899999994,0.305361217,9.03383973e-05,5.570401929999999e-06,0.0115966416,6.828748430000001e-07,0.00013516565699999995,-0.5579592685,6.453047945899999,-0.00763363651,-0.01070974645,-0.01095637335,5.0034278300000015e-06,8.11097859e-05
113,1688137200,0.00252163684,0.00265557114,-0.015245289120000002,-1.072832736,0.086890151,0.0417863166,0.0631519284,0.0540766501,0.0002112766384,0.001353244577,0.000134040011,2.5294314699999997e-08,8.6450551e-09,1.206369566e-08,1.9529753199999998e-08,3.31680034e-08,5.02930571e-08,7.06915877e-08,0.0006687959339999999,0.0005888894309999999,2.77953223e-06,100.6243531,94.0827546,9.240022510000001e-08,7.08152928,0.0007850041339999999,0.0316903617,6.630934420000001e-05,3.18542082e-06,0.001047317507,0.0603244411,6.630934420000001e-05,3.18542082e-06,0.01162975025,4.11079299,6.630934420000001e-05,3.18542082e-06,0.000255697487,0.1194394786,6.630934420000001e-05,3.18542082e-06,0.0115729201,3.5456741600000003e-07,0.00013428804899999998,-0.2726516868,9.0559905787,-0.007955759310000001,-0.010791682,-0.01097287565,3.1013617700000005e-06,6.566562569999999e-05
113,1688137800,0.00152721376,0.00166089268,-0.01511088231,-1.0186422309999998,0.0708771615,0.0339828031,0.0514515705,0.040913748099999994,2.6465961600000003e-05,0.0007295621,0.000133723089,2.2308628e-08,7.403532940000001e-09,6.4326317099999995e-09,1.4637330499999998e-08,2.3900072200000002e-08,2.7845519600000002e-08,6.14566116e-08,0.0002252889029,0.000535708574,2.3914035400000002e-06,103.02305900000002,103.2167907,5.9417959600000003e-08,7.17313357,0.000660198975,0.020104594799999997,6.16466403e-05,2.45482418e-06,0.000679303495,0.020800844899999997,6.16466403e-05,2.45482418e-06,0.011624923950000001,4.110701949999999,6.16466403e-05,2.45482418e-06,0.000250272108,0.13247285821000002,6.16466403e-05,2.45482418e-06,0.01156005175,1.9637279499999998e-07,0.000133831572,-0.07574771,0.37869319023000003,-0.009793248600000002,-0.01084163875,-0.01099848245,2.2525408000000002e-06,5.9594778999999997e-05
113,1688138400,0.0013221028799999999,0.00145499041,0.015623006790000001,-0.7842531,0.07841489590000002,0.0320543275,0.047626455199999994,0.0364136109,0.0001059613017,0.001501527647,0.000132931165,2.18621669e-08,5.09250779e-09,9.84287637e-09,1.751855755e-08,3.1438414550000006e-08,4.56165047e-08,1.1057861670000002e-07,0.00015291581,0.000505025689,2.8123031300000003e-06,105.12959250000002,106.00378780000001,5.24652636e-08,7.25553929,0.0006177646729999999,0.0200316724,6.244717470000001e-05,2.5262577600000004e-06,0.000544267798,0.014907636849999998,6.244717470000001e-05,2.5262577600000004e-06,0.011597759650000001,4.10014252,6.244717470000001e-05,2.5262577600000004e-06,0.000255817927,0.1383330019,6.244717470000001e-05,2.5262577600000004e-06,0.01152828725,2.3289306599999997e-07,0.00013312756699999999,0.07982161650000003,16.684170603900004,-0.00762422952,-0.010790615649999998,-0.010952255,2.42261952e-06,5.99791726e-05
113,1688139000,0.00117010258,0.0013035373900000002,0.020497237800000002,-1.0211363299999998,0.06161438140000001,0.030321602999999996,0.044776366799999995,0.035063569,2.4707360900000002e-05,0.000580647999,0.000133473422,2.34267507e-08,4.24453189e-09,7.348116329999999e-09,9.30214768e-09,1.68901326e-08,1.4162956500000002e-08,2.4236877999999998e-08,0.0001368557687,0.000445345846,2.6920169999999996e-06,107.50803489999998,103.33874549999999,4.75976153e-08,7.1199756899999995,0.0005596226879999999,0.014649751349999999,5.8619645e-05,2.20267598e-06,0.000537410778,0.012984094729999998,5.8619645e-05,2.20267598e-06,0.011576139899999999,4.032459950000001,5.8619645e-05,2.20267598e-06,0.00021083048800000001,0.05918453481999999,5.8619645e-05,2.20267598e-06,0.011549804450000001,1.76469429e-07,0.00013357526499999998,0.018345850499999993,0.19929561725,-0.00967735683,-0.010859578,-0.011010376200000001,2.20398537e-06,5.80484167e-05
113,1688139600,0.00130786612,0.00144126068,-0.008777456820000001,-1.16640105,0.06146437549999999,0.0320222428,0.0438763387,0.0375761473,3.74398802e-05,0.000662269701,0.000133433678,2.30345667e-08,4.18534019e-09,6.70406218e-09,1.0106838980000001e-08,1.7165194000000004e-08,1.50410508e-08,2.39553606e-08,0.00018859409299999997,0.000463005545,2.17465566e-06,107.5454705,102.14876589999999,5.21777286e-08,7.05991599,0.000585534448,0.0160866257,6.04194313e-05,2.3073966700000005e-06,0.0005943553339999999,0.01759661168,6.04194313e-05,2.3073966700000005e-06,0.0115977978,4.0662615,6.04194313e-05,2.3073966700000005e-06,0.000219367155,0.08135552367000001,6.04194313e-05,2.3073966700000005e-06,0.011545446999999999,1.81766942e-07,0.000133479692,0.016383449379999998,0.5250506161999999,-0.009569419500000002,-0.010845085,-0.011000604399999999,2.18850128e-06,5.8645275300000006e-05
113,1688140200,0.001143421457,0.00127686242,-0.018044197090000002,-0.9222014279999999,0.0666395363,0.029736865699999997,0.043838837799999995,0.0341260417,4.05020644e-05,0.0006065061450000001,0.000133475478,2.7024663600000004e-08,4.531697339999999e-09,9.7563199e-09,1.144320785e-08,2.38684755e-08,3.1594367899999995e-08,5.07446178e-08,0.0001491884575,0.000418756067,3.5514473100000003e-06,110.1757392,100.7251616,4.66410964e-08,7.307736230000001,0.0005673549740000001,0.0154616489,5.92886089e-05,2.13083522e-06,0.000555711058,0.0144408544,5.92886089e-05,2.13083522e-06,0.011585156599999999,4.043846,5.92886089e-05,2.13083522e-06,0.00022253046900000002,0.06582247932,5.92886089e-05,2.13083522e-06,0.0115491566,2.0310241299999998e-07,0.000133586487,0.012571989510000001,0.11512395879999997,-0.00943849755,-0.01080544325,-0.010973252700000002,2.08213377e-06,5.87303215e-05
113,1688140800,0.0009353956949999999,0.00106872152,-0.034451928798,-1.057591764,0.0571892452,0.0274580171,0.036226105,0.028725877599999998,2.7915672200000008e-05,0.00048446804,0.00013336821499999998,2.3145427700000002e-08,5.44830011e-09,8.319823119999999e-09,1.046752565e-08,1.9212433600000003e-08,1.83510062e-08,3.9353234800000004e-08,8.2449322e-05,0.00038159438299999995,3.4676689900000002e-06,111.0197831,102.8678485,3.9762381e-08,7.385888240000002,0.000517016372,0.012668510650000001,5.99527567e-05,2.3866494299999997e-06,0.000422971651,0.008457208660000002,5.99527567e-05,2.3866494299999997e-06,0.011584894000000002,4.05527872,5.99527567e-05,2.3866494299999997e-06,0.000228514082,0.08297017320000001,5.99527567e-05,2.3866494299999997e-06,0.011547137749999999,1.96369849e-07,0.00013353296,-0.012568207000000001,0.1018591516,-0.009886381999999999,-0.01082071015,-0.0109850626,2.3293872699999994e-06,5.90705975e-05
113,1688141400,0.000943656797,0.0010770823899999998,-0.014208640136000001,-0.9311631519999999,0.06412695830000001,0.0272714067,0.0389636893,0.030375926900000006,2.3492372700000004e-05,0.0005160932300000001,0.000133467437,2.95872212e-08,1.273170933e-08,1.811295106e-08,1.827921195e-08,3.1550976600000005e-08,2.6004770900000002e-08,7.59409118e-08,0.00010880356169999997,0.00035943283200000006,3.33320346e-06,105.27815600000001,99.2519275,4.00517714e-08,7.47964322,0.0005312221210000001,0.015286572200000001,5.913812099999999e-05,2.2363817200000005e-06,0.000483975306,0.011277178119999998,5.913812099999999e-05,2.2363817200000005e-06,0.01158135325,4.039897099999999,5.913812099999999e-05,2.2363817200000005e-06,0.00021841644600000004,0.06553884921,5.913812099999999e-05,2.2363817200000005e-06,0.0115510806,2.7591153300000004e-07,0.00013369549,-2.8217785420000006,143.6947398654,-0.006564941860000001,-0.0108238601,-0.01098331495,2.3901298200000004e-06,6.1363793e-05
113,1688142000,0.0008901818370000002,0.001022899953,-0.053896854699999996,-0.725593261,0.0592893102,0.0260039898,0.0386261795,0.0303759275,2.1719615600000002e-05,0.00046133210699999996,0.000132753173,2.2918686599999998e-08,4.7907479499999996e-09,1.0163453099999999e-08,9.29940225e-09,2.1311117400000002e-08,1.7596031e-08,6.446000249999999e-08,0.000155103756,0.000285561354,4.24005264e-06,105.2888546,89.1490901,3.82509954e-08,7.39580645,0.0005068475969999999,0.012375497249999997,5.85761962e-05,2.1239715599999997e-06,0.0005663949469999999,0.014478174299999999,5.85761962e-05,2.1239715599999997e-06,0.011556241049999999,4.02140907,5.85761962e-05,2.1239715599999997e-06,0.000220597895,0.0602543842,5.85761962e-05,2.1239715599999997e-06,0.0115150798,1.8432605e-07,0.00013278181999999998,0.0006707021999999948,0.6281558533999999,-0.00948069575,-0.010812718200000002,-0.01096801395,2.0676485499999996e-06,5.805964910000001e-05
113,1688142600,0.000645663192,0.0007788228799999999,-0.0817342428,-1.057891381,0.046388915700000005,0.0230303012,0.027675845200000004,0.0222381784,1.64304845e-05,0.00035888021499999996,0.00013319827,2.10439682e-08,4.82391505e-09,6.955679200000001e-09,9.5278638e-09,1.7487891150000002e-08,1.755973635e-08,4.1789023e-08,6.903767555999999e-05,0.00024905695400000003,4.57311398e-06,106.36078909999999,91.06930589999999,3.02000604e-08,7.46504118,0.00044434051200000006,0.009635737,5.87092597e-05,2.24265714e-06,0.00038202448400000003,0.00711944411,5.87092597e-05,2.24265714e-06,0.0115641499,4.01874743,5.87092597e-05,2.24265714e-06,0.00019892461900000003,0.049000135570000006,5.87092597e-05,2.24265714e-06,0.01153896065,1.8441244799999998e-07,0.000133332534,0.029985819962399997,0.058780450500000005,-0.0097284077,-0.01083098435,-0.010988381350000001,2.2239616200000003e-06,5.8275420799999995e-05
113,1688143200,0.00061784869,0.000749738577,0.03485058173,-0.9528796049999999,0.05178908089999999,0.022768645900000002,0.0282008606,0.0223881829,3.06751677e-05,0.00039112567,0.00013192503599999999,2.1538440200000002e-08,5.58666671e-09,9.964757299999999e-09,1.54568557e-08,2.8900229300000006e-08,3.3592808499999995e-08,8.75369645e-08,6.735060800000001e-05,0.00023622538999999997,5.094741960000001e-06,103.94932210000002,89.52274589999999,2.9094360099999996e-08,7.687587409999999,0.000470956169,0.01122898705,5.78728713e-05,2.0833662599999994e-06,0.0003830679,0.0070356577399999995,5.78728713e-05,2.0833662599999994e-06,0.01151183955,3.97978334,5.78728713e-05,2.0833662599999994e-06,0.000194236639,0.04219198811,5.78728713e-05,2.0833662599999994e-06,0.0114859897,2.04635012e-07,0.00013213286800000003,0.04861085747,0.3885221379,-0.009190332920000002,-0.010742970600000002,-0.010909823499999999,2.02759354e-06,5.77270691e-05
113,1688143800,0.00051798727,0.000650488224,-0.0849803485,-1.094186165,0.0414387654,0.021033968899999998,0.0228381969,0.0184130618,1.2329687799999999e-05,0.000303921086,0.000132543299,2.32317689e-08,5.38146547e-09,7.3205808300000006e-09,1.0186440399999999e-08,1.8367192300000002e-08,1.5347727400000002e-08,4.17480957e-08,4.4986289e-05,0.00020850323900000004,5.27609952e-06,107.2480108,87.57362300000001,2.58885654e-08,7.45296611,0.00041211302200000005,0.00841180332,5.8557156399999995e-05,2.34447426e-06,0.000315961147,0.00500449516,5.8557156399999995e-05,2.34447426e-06,0.01152670445,3.9920920099999995,5.8557156399999995e-05,2.34447426e-06,0.00020447974400000001,0.04663244533,5.8557156399999995e-05,2.34447426e-06,0.0115122673,1.9678485300000002e-07,0.00013272949899999998,0.041833926199999996,0.49094779050000004,-0.00934064968,-0.010781746800000002,-0.010946145899999999,2.32170454e-06,5.8127179000000004e-05
113,1688144400,0.00063206859,0.000765037041,-0.1170445581,-1.0922009149999998,0.0453763861,0.0226782323,0.0259132914,0.022088174199999998,2.13491142e-05,0.00036344541,0.00013300290000000002,2.6312968800000002e-08,5.4585762299999995e-09,8.22449079e-09,1.08005045e-08,1.9611067e-08,1.661303e-08,5.19584656e-08,9.360637059999999e-05,0.00021775941100000002,4.4775864600000006e-06,103.7713449,84.85541439999999,2.9694997199999998e-08,7.4121819900000006,0.00044723782800000007,0.009599365899999998,5.835938740000001e-05,2.0637353500000004e-06,0.00044716207499999994,0.00940437412,5.835938740000001e-05,2.0637353500000004e-06,0.011555767599999999,4.01175097,5.835938740000001e-05,2.0637353500000004e-06,0.00021377193399999998,0.0470227053,5.835938740000001e-05,2.0637353500000004e-06,0.01153265025,1.81838218e-07,0.000133184569,0.0442928043,-0.0028903610000000053,-0.0096404654,-0.0108313009,-0.01098407735,2.02599244e-06,5.7626654600000006e-05
113,1688145000,0.000647468613,0.0007803451239999999,-0.1121476794,-0.7758759240000002,0.04863898500000001,0.0225457901,0.0292508928,0.023025702700000004,3.3001370899999994e-05,0.000383018327,0.000132911664,2.5381125500000003e-08,5.73050485e-09,7.62717544e-09,1.3475402149999998e-08,2.4206960500000005e-08,3.05413174e-08,8.379095340000001e-08,0.0001215792885,0.00019695308799999996,4.96060383e-06,99.45018349999998,79.46389149999999,3.01472887e-08,7.616522409999999,0.00047250688499999997,0.011197056,5.82920109e-05,2.0832650999999996e-06,0.000506383911,0.011883369349999999,5.82920109e-05,2.0832650999999996e-06,0.0115454257,4.00122966,5.82920109e-05,2.0832650999999996e-06,0.00020786095699999998,0.04066646358,5.82920109e-05,2.0832650999999996e-06,0.0115288191,2.0199446300000001e-07,0.00013311646299999998,0.009336701870000002,0.029197455599999998,-0.009726998499999999,-0.0107891275,-0.010952092100000001,2.09466743e-06,5.80275801e-05
113,1688145600,0.0006256201539999999,0.000757821007,-0.06351878120000001,-0.734177683,0.0487514887,0.0219709905,0.0290258859,0.0235507197,2.6465006300000003e-05,0.0003855527,0.000132236055,2.56659981e-08,6.305774169999998e-09,9.580225749999999e-09,1.6793199899999996e-08,3.31541547e-08,4.21510897e-08,1.213807215e-07,0.0001429305468,0.000163997945,5.54004078e-06,97.72436599999999,73.8793526,2.9306598399999997e-08,7.77308467,0.000481250758,0.011968606400000002,5.7865172400000006e-05,2.03477015e-06,0.0005257021969999999,0.01370927613,5.7865172400000006e-05,2.03477015e-06,0.0115051606,3.9660909399999995,5.7865172400000006e-05,2.03477015e-06,0.000189687965,0.026593381829999995,5.7865172400000006e-05,2.03477015e-06,0.011496344799999999,2.1660140599999999e-07,0.000132383113,0.005235643459999999,0.29336745198999997,-0.009218649550000001,-0.010735313,-0.0109010452,2.01833919e-06,5.76625764e-05
113,1688146200,0.0005613437719999999,0.000693567446,0.029620629,-0.922342403,0.0477389578,0.0218739453,0.0265883111,0.021038141700000002,3.0878729999999995e-05,0.000361534846,0.00013226133199999997,2.50356782e-08,6.208720159999999e-09,9.184976489999998e-09,1.7441189450000002e-08,3.27397583e-08,4.33090519e-08,1.10350143e-07,0.0001140424016,0.00016097615099999998,5.3598924e-06,96.96631899999998,74.2351391,2.72204393e-08,7.739931510000001,0.0004674149129999999,0.0110685862,5.8238869000000004e-05,2.1715864299999998e-06,0.000491565262,0.0111801246,5.8238869000000004e-05,2.1715864299999998e-06,0.01151222915,3.9744072499999996,5.8238869000000004e-05,2.1715864299999998e-06,0.00019825024100000003,0.0331528111,5.8238869000000004e-05,2.1715864299999998e-06,0.0114972433,2.21213861e-07,0.000132408252,-0.032687906350000004,0.0983503064,-0.009626695250000001,-0.0107296929,-0.010899913300000001,2.1320149199999996e-06,5.82937871e-05
113,1688146800,0.00351320948,0.003645928868,-0.14858253780000003,2.107558017,0.1525921561,0.025710623199999998,0.0318384721,0.025275771699999998,0.0047192828079,0.023848539398000003,0.000132842634,1.181878078e-07,1.2123747777e-07,1.5351138477999997e-07,2.150687389e-07,3.300497696e-07,5.134357769e-07,9.897211089999998e-07,0.0015954723019999998,0.00015117955,7.3861898299999994e-06,96.9118054,68.71428399999999,1.239740537e-07,7.4370666299999995,0.0005026375089999999,0.041695312150000004,5.8722298900000004e-05,2.1977455200000005e-06,0.000714167869,0.13892063859999998,5.8722298900000004e-05,2.1977455200000005e-06,0.0115853565,4.3288319,5.8722298900000004e-05,2.1977455200000005e-06,0.000246124758,0.32841282402,5.8722298900000004e-05,2.1977455200000005e-06,0.011527802850000001,6.02327551e-07,0.00013338532800000002,0.05022802209999999,141.79065105240002,0.00021410949999999817,-0.010819696200000001,-0.01097624745,3.58587213e-06,7.53201922e-05
113,1688147400,0.587850278,0.587984333,-0.0061926538499999986,-1.4774936799999998,1.09274583,0.687830129,1.06660756,1.02411879,0.001047695916,0.23530021699999998,0.000135717479,1.8829470359999997e-06,1.9190227866e-06,2.2689518060000005e-06,3.086822886e-06,3.915981826e-06,6.053167374e-06,1.2330265959999999e-05,0.29377252,8.31741678e-05,3.6324203799999995e-05,57.77359680000001,50.0426242,1.95564088e-05,6.17056728,0.012022859100000002,6.06340799,0.000592307295,4.94359121e-05,0.0250251893,25.6719162,0.000592307295,4.94359121e-05,0.012732459799999998,14.6707984,0.000592307295,4.94359121e-05,0.0019206947699999997,10.85393256,0.000592307295,4.94359121e-05,0.011573682450000001,9.82038656e-07,0.00013493309299999998,0.05093590215499999,0.378471434,-0.007564160399999999,-0.009851030100000002,-0.01032365835,2.3464050500000004e-06,5.99873793e-05
113,1688148000,0.0235348892,0.023668260759999997,-0.05513265825,-0.64938462,0.1803430113,0.059795190600000006,0.1488045432,0.11501601369999999,0.0111671477455,0.024082208739,0.00013341921000000002,4.61325973e-08,3.683025358e-08,6.561953041e-08,1.2431768085e-07,2.120927186e-07,3.695035279e-07,8.599121138000002e-07,0.011617364075,0.000140315166,8.000190470000001e-06,86.2761161,57.280077600000006,7.902917745999999e-07,7.1073122799999995,0.0010758268580000003,0.28268793170000006,0.0001123734996,6.9782429e-06,0.0021145024900000005,0.9996042605000003,0.0001123734996,6.9782429e-06,0.0116647564,4.831736099999999,0.0001123734996,6.9782429e-06,0.000330454185,0.8789702830499999,0.0001123734996,6.9782429e-06,0.0115505869,6.536783859999999e-07,0.00013396117,-0.042899695239999994,127.6780285821,0.0008805238500000003,-0.0107853302,-0.0109616972,4.13478527e-06,8.08023413e-05
113,1688148600,0.00166676753,0.0017997066900000002,-0.0574327637,-0.756658512,0.0763523322,0.034413496700000004,0.0559892092,0.0486764854,5.452332599999999e-05,0.0008819261689999999,0.000132980993,2.9112483599999998e-08,7.84006565e-09,1.2374774100000002e-08,1.7164040100000002e-08,2.95995697e-08,3.25378469e-08,9.5164002e-08,0.00068536905,0.000142417739,5.32514387e-06,90.7115693,58.43350289999999,6.40213723e-08,7.197187680000001,0.0006398543400000001,0.020868842500000002,5.87034475e-05,2.25126958e-06,0.0012091359399999998,0.0611372075,5.87034475e-05,2.25126958e-06,0.011553372400000001,4.0083337299999995,5.87034475e-05,2.25126958e-06,0.00020662597900000004,0.0445425204,5.87034475e-05,2.25126958e-06,0.011528877149999998,2.0460036599999997e-07,0.00013311983000000003,0.02114290437,0.7357357249999998,-0.008950618189999999,-0.01079415405,-0.010959651050000001,2.25086956e-06,5.8832080699999995e-05
113,1688149200,0.0016184982299999998,0.0017507837199999998,-0.10256605960000001,-0.48020935099999995,0.0765398361,0.0324267328,0.057451754599999995,0.049126499799999994,4.22672858e-05,0.0008195583790000001,0.00013232170599999997,2.75087197e-08,9.23742993e-09,9.97870845e-09,1.7703026500000003e-08,2.3536892e-08,3.0815135699999994e-08,6.934952360000001e-08,0.000625854663,0.000178565743,4.594353890000001e-06,93.0948956,62.3918678,6.234576229999999e-08,7.117661,0.000633075045,0.020010731499999997,5.76912282e-05,2.02019364e-06,0.00116070504,0.05597972379999999,5.76912282e-05,2.02019364e-06,0.011528869050000001,3.9956367,5.76912282e-05,2.02019364e-06,0.00020650026299999998,0.0475518461,5.76912282e-05,2.02019364e-06,0.0115018467,1.85428913e-07,0.000132478955,0.028881364399999998,0.003641181799999998,-0.0097162261,-0.01079265945,-0.010949695399999999,2.00386563e-06,5.7533409700000006e-05
113,1688149800,0.00136132705,0.00149365335,-0.1142688325,-0.40167313299999996,0.0727147172,0.029704221399999998,0.0517515795,0.0440263439,5.0204669e-05,0.0007264933420000001,0.000132364232,2.2376683e-08,1.28456679e-08,7.827735409999999e-09,2.3619591999999998e-08,1.9281972300000003e-08,2.2358695e-08,4.64552385e-08,0.000488709072,0.000187558255,4.19726129e-06,92.0250135,65.9283049,5.388770869999999e-08,7.139383050000001,0.000590333489,0.0171979934,5.818327900000001e-05,2.1248177900000003e-06,0.0010121956329999999,0.0437176088,5.818327900000001e-05,2.1248177900000003e-06,0.01151985525,3.98485332,5.818327900000001e-05,2.1248177900000003e-06,0.000192442702,0.04316480159999999,5.818327900000001e-05,2.1248177900000003e-06,0.0115060815,1.97647643e-07,0.000132588328,0.031465462289999996,0.031777055900000004,-0.0096092078,-0.01077446335,-0.01093410055,2.1047146099999998e-06,5.756314809999999e-05
113,1688150400,0.000930908926,0.0010630326130000001,-0.09896875930000001,-0.5239304870000001,0.058126775500000005,0.0256038199,0.0400137221,0.0331510118,3.559274919999999e-05,0.0005226607690000001,0.000132161716,4.20314536e-09,1.2646993e-08,6.63932464e-09,2.2268066700000004e-08,1.74299732e-08,1.9367710800000002e-08,3.9674292699999994e-08,0.00029887626,0.000162488379,3.9174876299999996e-06,97.17885760000001,67.2390068,3.95229652e-08,7.235382279999999,0.000506066039,0.012810221799999999,5.82810444e-05,2.16105001e-06,0.0007866248460000001,0.027054667200000004,5.82810444e-05,2.16105001e-06,0.011513830800000001,3.9735840099999997,5.82810444e-05,2.16105001e-06,0.00012309629240000002,0.0272794488,5.82810444e-05,2.16105001e-06,0.011495822450000002,1.70109349e-07,0.000132324646,-0.00843245685,0.8287192159,-0.00924570554,-0.0108278156,-0.010973969049999999,2.1488223400000002e-06,5.8398167700000004e-05
113,1688151000,0.000694254275,0.0008267096660000001,-0.019371305140000003,-1.031657546,0.0471764396,0.0241278515,0.029588403800000003,0.0247132548,2.1663047599999997e-05,0.000389819168,0.00013249090699999998,3.73439263e-09,1.0618371999999999e-08,5.736496780000001e-09,1.94225954e-08,1.58200857e-08,1.4936182100000002e-08,3.42801119e-08,0.0001807809146,0.00016241292299999996,3.7644029600000005e-06,99.8642424,70.93075789999999,3.17442521e-08,7.33571145,0.000466277733,0.010247445499999999,5.7953044500000004e-05,2.0892954299999998e-06,0.000621740309,0.016590392199999998,5.7953044500000004e-05,2.0892954299999998e-06,0.011533830049999997,3.99059753,5.7953044500000004e-05,2.0892954299999998e-06,0.0001298203796,0.0349222114,5.7953044500000004e-05,2.0892954299999998e-06,0.0115083762,1.5978619600000002e-07,0.00013260306600000003,0.04183192770000001,0.4506432711,-0.0095435319,-0.010851549700000001,-0.01099905795,2.05201e-06,5.7684974799999996e-05
113,1688151600,0.000777139634,0.0009101443950000001,-0.0195338502,-1.1807277900000002,0.04852648180000001,0.0255692725,0.030450930000000005,0.026588311999999996,2.62723196e-05,0.00044051851399999994,0.00013304499100000002,3.5088698100000003e-09,9.516871599999999e-09,5.68901042e-09,1.8368439999999997e-08,1.6412825099999998e-08,1.6249018e-08,3.54233408e-08,0.00021593649100000003,0.000168860695,3.6252633299999996e-06,98.13427569999999,70.2382605,3.4525467700000005e-08,7.312680810000001,0.0004842598,0.010947800599999998,5.8635327e-05,2.2677367199999997e-06,0.000681652426,0.0195885065,5.8635327e-05,2.2677367199999997e-06,0.011550476300000001,3.9992022500000006,5.8635327e-05,2.2677367199999997e-06,0.00012098892000000001,0.026745106940000003,5.8635327e-05,2.2677367199999997e-06,0.0115323658,1.7022292999999999e-07,0.000133167251,0.020131264640000004,0.2246685914,-0.009666185150000001,-0.010856830550000002,-0.011010678900000001,2.27816078e-06,5.8755179500000003e-05
113,1688152200,0.0010270568499999998,0.00115998585,-0.03430208716,-1.2078947300000002,0.0517140787,0.0289188355,0.036451111800000005,0.0316134654,3.312804540000001e-05,0.000548845994,0.00013296618300000001,3.917340550000001e-09,8.661678150000001e-09,6.72589083e-09,1.80977866e-08,1.55916378e-08,1.58278166e-08,3.12443926e-08,0.000307773957,0.00020219542399999997,3.4129159499999996e-06,99.75137559999999,71.5385931,4.28168289e-08,7.1652208,0.00054285682,0.013409849800000002,5.886492310000001e-05,2.1711962900000004e-06,0.000810877133,0.027508581100000002,5.886492310000001e-05,2.1711962900000004e-06,0.011550412099999999,4.00789714,5.886492310000001e-05,2.1711962900000004e-06,0.0001318196445,0.041919386713999994,5.886492310000001e-05,2.1711962900000004e-06,0.0115292752,1.58057804e-07,0.000133083008,0.050145999899999995,0.7916029734000001,-0.00943857771,-0.0108803286,-0.01102590595,2.1673201100000003e-06,5.877390080000001e-05
113,1688152800,0.00116549345,0.0012986917400000001,-0.05282918949,-1.21061559,0.0567392315,0.0306582916,0.039526206800000005,0.0340135385,2.8774891799999996e-05,0.0005924029060000001,0.000133235538,4.16374506e-09,3.9827966e-09,4.84796277e-09,1.6270745899999997e-08,1.505749145e-08,1.52005769e-08,3.13136715e-08,0.000375828211,0.00020333590999999999,3.4399767100000005e-06,97.821156,69.5706074,4.74252284e-08,7.0722352100000005,0.0005746448870000001,0.01462546625,5.930256460000001e-05,2.1868054e-06,0.000897361297,0.0335816929,5.930256460000001e-05,2.1868054e-06,0.0115724091,4.036128580000001,5.930256460000001e-05,2.1868054e-06,0.00015122558600000002,0.0648792856,5.930256460000001e-05,2.1868054e-06,0.01154056295,1.42279567e-07,0.00013332759,-0.023955723599999996,0.5129541366000001,-0.00955485474,-0.0109283509,-0.01106359835,2.17217221e-06,5.877778759999999e-05
113,1688153400,0.00152971217,0.0016626711699999999,-0.0012563336569999996,-1.52779611,0.058426784899999994,0.036299057499999995,0.0430138134,0.03896368930000001,3.96031027e-05,0.000759655445,0.00013299715200000003,5.24924444e-09,5.00003768e-09,5.805216210000001e-09,1.908427025e-08,1.7670271699999998e-08,2.08485608e-08,4.04606585e-08,0.00057589418,0.00018558337800000002,3.20874097e-06,92.38078159999999,63.859773399999995,5.9489522400000005e-08,7.020270889999999,0.000646842896,0.018412950700000003,6.0217249899999995e-05,2.22867652e-06,0.0011019240140000002,0.0509364245,6.0217249899999995e-05,2.22867652e-06,0.0115645095,4.0357571100000005,6.0217249899999995e-05,2.22867652e-06,0.00015712524499999998,0.0748630165,6.0217249899999995e-05,2.22867652e-06,0.01153062505,1.4464412349999998e-07,0.000133100904,0.2431706696,4.77928480577,-0.008902864180000001,-0.010911332800000001,-0.011051532800000001,2.12711235e-06,5.84264747e-05
113,1688154000,0.001372599366,0.0015060895300000002,0.042796894,-1.3443071899999999,0.0623269038,0.0338633493,0.0448138673,0.0370511307,5.6877440799999994e-05,0.0007539977800000001,0.000133527333,5.9786181299999995e-09,5.8349916000000004e-09,7.13539201e-09,1.89306343e-08,1.8835784700000003e-08,2.2529786699999997e-08,4.4372567700000006e-08,0.000502383238,0.000180473048,3.28173773e-06,89.5372036,64.89318500000002,5.43516597e-08,7.07984577,0.000598741927,0.016661699000000002,5.99124876e-05,2.16110661e-06,0.001016413111,0.0441743534,5.99124876e-05,2.16110661e-06,0.0115846928,4.04224508,5.99124876e-05,2.16110661e-06,0.0001422579351,0.064803233384,5.99124876e-05,2.16110661e-06,0.01155418245,1.37546244e-07,0.00013363705900000002,0.0045227072900000005,0.69649029652,-0.009716945250000001,-0.010948269400000002,-0.0110831505,2.0903616800000003e-06,5.84850854e-05
113,1688154600,0.00145460041,0.0015886348799999997,-0.043971568259999996,-1.4135872199999997,0.056889236799999986,0.0348510481,0.042526296799999995,0.0374261422,3.6072091800000005e-05,0.000728499493,0.00013407376700000001,6.86210905e-09,6.88271598e-09,8.27114864e-09,2.0118440900000002e-08,2.0947132399999998e-08,2.49046854e-08,5.04639695e-08,0.0005553837760000002,0.00016801310400000002,3.6690515100000002e-06,89.3940746,62.0563489,5.709026470000001e-08,7.074732829999999,0.000635013821,0.017666278900000002,5.87831379e-05,2.17492745e-06,0.00108382946,0.0493111763,5.87831379e-05,2.17492745e-06,0.011607351299999999,4.04861352,5.87831379e-05,2.17492745e-06,0.00014533293750000002,0.0506858914,5.87831379e-05,2.17492745e-06,0.011577244349999998,1.40693745e-07,0.000134174061,0.06483327380000001,0.39419670379999994,-0.009458229200000001,-0.010957784,-0.011095641600000001,2.13351257e-06,5.82214254e-05
113,1688155200,0.00121510547,0.00134849532,-0.03878327273,-1.33596918,0.054376661300000004,0.031732486,0.0392636989,0.0343135472,3.88287099e-05,0.000631831558,0.00013342555899999997,5.35021276e-09,5.16310451e-09,6.1161642e-09,1.8044696499999998e-08,1.7635817699999996e-08,1.96102803e-08,3.926402029999999e-08,0.0004368339640000001,0.000167559386,2.9648435799999997e-06,92.7468926,64.01863890000001,4.9082577500000006e-08,7.03851255,0.000584166961,0.0150433042,5.8132679600000006e-05,2.06835721e-06,0.00096666988,0.0389131975,5.8132679600000006e-05,2.06835721e-06,0.011563832999999999,4.00201528,5.8132679600000006e-05,2.06835721e-06,0.00010613449669999999,0.01680434544,5.8132679600000006e-05,2.06835721e-06,0.011552249300000001,1.37720512e-07,0.00013359269800000003,0.037065747685999996,0.20202174619999996,-0.0097439503,-0.01094308565,-0.0110800829,2.07366663e-06,5.81598195e-05
113,1688155800,0.0012910504799999998,0.0014247617500000001,0.00668640747,-1.46223592,0.057414252799999996,0.0331760262,0.040276229100000005,0.0354385816,3.89625178e-05,0.0006828548809999999,0.000133749597,5.67978868e-09,5.328307160000001e-09,6.662441e-09,1.9346343e-08,1.755347705e-08,2.00657991e-08,3.86523455e-08,0.000469300524,0.000173308287,2.7538321e-06,93.9317998,64.0872605,5.1640701199999996e-08,7.10913444,0.000596049405,0.0160054907,5.9687719699999994e-05,2.19903138e-06,0.0010019822880000002,0.0417550277,5.9687719699999994e-05,2.19903138e-06,0.0115895145,4.043378809999999,5.9687719699999994e-05,2.19903138e-06,0.000139921005,0.0571905217,5.9687719699999994e-05,2.19903138e-06,0.0115635256,1.45790898e-07,0.00013386154499999998,0.01215035610000001,0.8121899804000001,-0.00930262259,-0.0109401331,-0.01107950545,2.15165169e-06,5.866686610000001e-05
113,1688156400,0.00144878143,0.0015827121900000001,0.002190309919999999,-1.5411455799999998,0.06097686179999999,0.0354854279,0.0420387836,0.0374636435,3.86369167e-05,0.0007572868800000001,0.000133967136,5.74950326e-09,5.82798099e-09,6.982519279999999e-09,2.0004294400000003e-08,1.9584338999999997e-08,2.4779322499999998e-08,4.5405294900000005e-08,0.000553856845,0.00016726781199999998,3.07234879e-06,92.1991056,62.034025,5.68600096e-08,7.07218085,0.000635234099,0.01780271605,5.94560836e-05,2.1408550899999996e-06,0.001089654595,0.0492116757,5.94560836e-05,2.1408550899999996e-06,0.01159794835,4.04850594,5.94560836e-05,2.1408550899999996e-06,0.000146465271,0.0564954092,5.94560836e-05,2.1408550899999996e-06,0.0115706719,1.43500163e-07,0.00013402481,0.027092504400000005,0.7987579987,-0.009445472199999999,-0.010949625250000001,-0.0110894449,2.08070759e-06,5.82754894e-05
113,1688157000,0.00174590001,0.0018793861400000001,-0.005371590109999999,-1.55514839,0.06187688829999999,0.0389087006,0.046126408800000004,0.0413637634,4.79921192e-05,0.000863481319,0.000133525882,5.95286461e-09,5.9623957999999995e-09,7.570404379999998e-09,2.0425429900000002e-08,2.2193716800000002e-08,2.8121535e-08,5.84366526e-08,0.000690814926,0.000178848965,3.08650922e-06,89.344562,61.833838700000015,6.6693742e-08,7.10488001,0.000691579561,0.0211744294,6.0236716300000004e-05,2.23687226e-06,0.0012074823400000001,0.0611316474,6.0236716300000004e-05,2.23687226e-06,0.0115899795,4.0501623,6.0236716300000004e-05,2.23687226e-06,0.0001425180835,0.063353187479,6.0236716300000004e-05,2.23687226e-06,0.011552361199999998,1.5342148e-07,0.000133610891,-0.006416550600000003,1.5971348190999999,-0.00910118432,-0.0109215766,-0.0110631193,2.1614939599999997e-06,5.941384170000001e-05
113,1688157600,0.00148874089,0.00162180285,0.004645241450000001,-1.5589029699999999,0.059326809,0.036037428100000005,0.04282630690000001,0.0376136485,4.5085028e-05,0.000777203031,0.000133104779,7.3649560800000005e-09,7.304779599999999e-09,8.49975221e-09,2.03475212e-08,2.1763568900000002e-08,2.6309012400000005e-08,5.1588290700000003e-08,0.000583476934,0.00015700045999999997,3.70101478e-06,89.9872466,60.76913850000001,5.8186797399999995e-08,7.15092033,0.0006347329610000001,0.0179156987,5.90552995e-05,2.29600102e-06,0.00110990613,0.051203331500000004,5.90552995e-05,2.29600102e-06,0.011558080600000001,4.01591547,5.90552995e-05,2.29600102e-06,0.0001312842435,0.047732201689999997,5.90552995e-05,2.29600102e-06,0.0115332995,1.52006832e-07,0.00013316963299999998,0.054685115000000006,0.5052841186,-0.0096666929,-0.0108902439,-0.01103668585,2.2624554800000002e-06,5.830535760000001e-05
113,1688158200,0.0016290994222222222,0.001763027311111111,-0.016808433966666664,-1.5810390666666667,0.05966848833333333,0.03775706855555555,0.043417992555555555,0.039251198,4.797641811111111e-05,0.00084614392,0.0001339697244444445,6.369817344444445e-09,6.214408555555556e-09,7.69643601111111e-09,1.9420924444444445e-08,2.0320065666666668e-08,2.3542243111111113e-08,4.8337260666666666e-08,0.0006557257033333333,0.00015408003333333337,4.569539111111111e-06,87.86627911111111,59.83509077777777,6.293166088888889e-08,7.09599168888889,0.0006696073577777777,0.019611190444444444,6.0415496999999996e-05,2.300880622222222e-06,0.001179134382222222,0.05805430344444445,6.0415496999999996e-05,2.300880622222222e-06,0.011594006222222224,4.0406201444444445,6.0415496999999996e-05,2.300880622222222e-06,0.00013665804266666667,0.050429016977777776,6.0415496999999996e-05,2.300880622222222e-06,0.011570491666666667,1.4745411222222222e-07,0.00013402427222222225,0.03267230044444444,0.35537372533333333,-0.009780329444444442,-0.010933645944444443,-0.011079708888888888,2.253493666666667e-06,5.9239770222222224e-05
113,1688158800,0.00153972513,0.00167386969,0.005946230639000001,-1.54281803,0.0594018132,0.0365929061,0.043651333,0.0382136656,7.3094526e-05,0.0008262733600000001,0.000134179776,6.031333849999999e-09,5.83551873e-09,7.380624239999999e-09,1.9510284600000002e-08,2.02164772e-08,2.2671634499999997e-08,4.8432034500000006e-08,0.000609746099,0.00015544808299999997,4.49187645e-06,89.38244139999999,60.349610299999995,5.991753249999999e-08,7.076269170000001,0.000645785024,0.0187836582,5.964068140000001e-05,2.09370855e-06,0.001132463237,0.053866148,5.964068140000001e-05,2.09370855e-06,0.011618080700000002,4.07474191,5.964068140000001e-05,2.09370855e-06,0.000159165153,0.07797674604999999,5.964068140000001e-05,2.09370855e-06,0.011583355600000001,1.38686249e-07,0.00013431300999999996,0.05918657694,0.9397559071,-0.00961272506,-0.0109679545,-0.011108527500000001,2.04615774e-06,5.809495510000001e-05
113,1688159400,0.0014294304000000001,0.0015629948600000003,0.02891844038,-1.4579661199999998,0.05857678850000001,0.0349362284,0.044551360299999995,0.0370886313,4.3755615400000006e-05,0.0007312898870000001,0.00013360519100000002,7.0745964100000015e-09,7.02494462e-09,8.49431748e-09,2.0308973239999998e-08,2.126375475e-08,2.3402892299999998e-08,5.01030218e-08,0.000541269627,0.00017006287400000002,3.18306699e-06,90.07726440000002,62.83129059999999,5.62183045e-08,7.116467420000001,0.000618174829,0.017545282000000002,5.9501762e-05,2.2566065399999997e-06,0.0010697764400000001,0.0480873486,5.9501762e-05,2.2566065399999997e-06,0.01158140195,4.037603389999999,5.9501762e-05,2.2566065399999997e-06,0.0001392317174,0.05573075909999999,5.9501762e-05,2.2566065399999997e-06,0.011556770999999999,1.4665482100000002e-07,0.00013370614400000003,0.010715831,0.21701597779999995,-0.0097145884,-0.0109299295,-0.011069765300000001,2.20438645e-06,5.894089390000001e-05
113,1688160000,0.0017739371,0.0019081903899999999,-0.005840312166999999,-1.6024097099999999,0.0662270236,0.0395502946,0.046313913500000005,0.040838746100000003,6.169594019999999e-05,0.0009802308349999998,0.00013429001100000003,5.983704969999999e-09,6.0028198500000005e-09,7.769039910000001e-09,2.08936797e-08,2.3315097400000002e-08,2.6516380300000004e-08,5.61534331e-08,0.000728840339,0.00015399970899999997,3.93646477e-06,88.95880990000002,58.9253201,6.768082e-08,7.096704699999999,0.000700525937,0.0216275331,5.98971887e-05,2.1502305500000003e-06,0.00124304637,0.0641876283,5.98971887e-05,2.1502305500000003e-06,0.0116207077,4.068924579999999,5.98971887e-05,2.1502305500000003e-06,0.00014889391249999997,0.060143054200000004,5.98971887e-05,2.1502305500000003e-06,0.01158737635,1.50910635e-07,0.000134418879,0.031491760114999996,0.22218477219999996,-0.009659208150000001,-0.010945812950000001,-0.0110912897,2.0958457999999996e-06,5.8643449099999994e-05
113,1688160600,0.0014865054900000002,0.00162064957,-0.0004444070000000001,-1.5334597,0.058389283400000005,0.035768693299999994,0.0425637987,0.0374261423,4.24517678e-05,0.000753627402,0.000134181762,6.01904041e-09,6.285344430000001e-09,7.91124682e-09,2.0669222900000005e-08,2.25178324e-08,2.7471217499999996e-08,5.5257329700000004e-08,0.000565617417,0.000173304243,4.13818637e-06,89.4875761,62.7990535,5.8104831199999996e-08,7.12935784,0.0006393136919999999,0.018405270300000002,5.95503826e-05,2.15525139e-06,0.0010920998089999998,0.050047559,5.95503826e-05,2.15525139e-06,0.011621770950000002,4.0684375,5.95503826e-05,2.15525139e-06,0.000153638706,0.0596761462,5.95503826e-05,2.15525139e-06,0.0115842656,1.46962826e-07,0.00013434234000000002,0.08586404177,0.9967800420599998,-0.00954733277,-0.010953625849999999,-0.0110991743,2.1027634000000002e-06,5.8382128900000006e-05
113,1688161200,0.0013306204,0.00146459104,0.029111567300000002,-1.39088105,0.05940181269999999,0.0333255752,0.0427513043,0.036151103500000004,4.24932344e-05,0.0006908226149999999,0.00013400594,5.129011830000001e-09,4.81205722e-09,6.26145922e-09,1.84141699e-08,1.96049661e-08,2.176356285e-08,4.12518901e-08,0.00046829475100000005,0.000192690537,4.15925605e-06,93.50185429999999,66.468933,5.294973450000001e-08,7.07463901,0.0006011741579999999,0.016600712700000003,5.8926220199999996e-05,2.11023706e-06,0.0009927840860000001,0.041578188800000006,5.8926220199999996e-05,2.11023706e-06,0.0115890547,4.0288919199999995,5.8926220199999996e-05,2.11023706e-06,0.00013551755199999997,0.04092512314,5.8926220199999996e-05,2.11023706e-06,0.011573264,1.46260889e-07,0.000134087375,0.049522957299999996,1.00147252252,-0.0095759938,-0.010945094050000001,-0.0110865154,2.0923198699999997e-06,5.85863335e-05
113,1688161800,0.0010320570330000002,0.00116566782,0.045009407200000004,-1.25566938,0.0534391322,0.029149491500000003,0.038738682600000005,0.031725969,3.54873685e-05,0.0005520137659999999,0.000133648813,5.36888488e-09,5.25200415e-09,6.5922088700000005e-09,1.840073115e-08,1.98931922e-08,2.2859282999999997e-08,3.97984746e-08,0.00032338929499999995,0.00018878857699999998,3.6853554500000003e-06,94.8901528,69.441249,4.301418449999999e-08,7.162932559999999,0.000533221314,0.013499119149999999,5.959149240000001e-05,2.18335409e-06,0.00082745309,0.028871625100000003,5.959149240000001e-05,2.18335409e-06,0.01157784735,4.02761671,5.959149240000001e-05,2.18335409e-06,0.00014180373549999999,0.048395623449999994,5.959149240000001e-05,2.18335409e-06,0.0115599869,1.4883559699999996e-07,0.000133782536,-0.05850773403,1.9334376389999999,-0.009262230469999999,-0.0109380959,-0.01107943925,2.1639773799999996e-06,5.93698362e-05
113,1688162400,0.00140824849,0.0015418068100000002,0.034033694999999996,-1.42090073,0.0657395064,0.034447511599999994,0.0446638629,0.0373511404,4.644384490000001e-05,0.000756740567,0.000133600038,6.1061666400000006e-09,6.321310590000001e-09,8.423177009999999e-09,1.97352937e-08,2.3698891e-08,2.9691310599999997e-08,6.51171313e-08,0.000515442672,0.00018424070599999998,4.2184066999999995e-06,91.16784840000001,64.6478706,5.5459488500000006e-08,7.204572289999999,0.0006221564529999999,0.017986968800000003,5.992958040000001e-05,2.31840914e-06,0.0010452486139999999,0.045911100600000004,5.992958040000001e-05,2.31840914e-06,0.01159294265,4.052274489999999,5.992958040000001e-05,2.31840914e-06,0.000153830612,0.06569246840000001,5.992958040000001e-05,2.31840914e-06,0.01155620125,1.5848687e-07,0.00013370467300000003,0.007742044499999994,1.7448884250000003,-0.0091880855,-0.0109069519,-0.0110537355,2.2793179899999998e-06,5.873273759999999e-05
113,1688163000,0.0017523726,0.0018864422399999998,0.05960986468,-1.3536129899999998,0.0700521375,0.038357419299999994,0.0535516349,0.0445138592,4.816557019999999e-05,0.000859276531,0.00013411368299999998,6.75132772e-09,7.091196629999999e-09,8.878157119999999e-09,2.05183888e-08,2.43172938e-08,2.9030155200000002e-08,5.82017542e-08,0.000666151879,0.000205778815,4.035851469999999e-06,90.18130579999999,64.04170889999999,6.695941780000001e-08,7.0795493700000005,0.0006728283280000001,0.021299583900000002,6.06767298e-05,2.40535739e-06,0.0012001703400000001,0.059629229900000004,6.06767298e-05,2.40535739e-06,0.011631774,4.0961033,6.06767298e-05,2.40535739e-06,0.00017409495000000002,0.09261836024,6.06767298e-05,2.40535739e-06,0.011578783899999999,1.5973194800000001e-07,0.00013422847400000002,0.04690778450000001,1.2774205139999997,-0.00900573393,-0.01091907695,-0.0110720551,2.31806762e-06,5.8803874799999996e-05
113,1688163600,0.00157419605,0.00170881822,0.0800234437,-1.21465272,0.067577062,0.036023872900000004,0.0540391494,0.04376383539999999,4.7437945899999996e-05,0.000783858305,0.000134660717,5.3715786500000006e-09,5.33899025e-09,7.25083482e-09,1.84195604e-08,2.19199233e-08,2.6061424900000002e-08,4.8655140400000006e-08,0.000614419048,0.000169138364,3.32795026e-06,90.0865495,61.4231006,6.11115969e-08,7.095472599999999,0.0006299287239999999,0.019174137299999998,6.0146051899999994e-05,2.2400488100000004e-06,0.0011487333100000002,0.054643191,6.0146051899999994e-05,2.2400488100000004e-06,0.0116314397,4.06981281,6.0146051899999994e-05,2.2400488100000004e-06,0.000139722644,0.05583799644,6.0146051899999994e-05,2.2400488100000004e-06,0.0116018144,1.50081041e-07,0.00013475247199999998,0.05222675114499999,0.2348127521,-0.00984519075,-0.0109627326,-0.011105902850000002,2.19168905e-06,5.89488411e-05
113,1688164200,0.00173649949,0.00187071501,0.06459037039000001,-1.333745125,0.0682895861,0.038177586400000005,0.054414160499999996,0.045638893900000005,5.98424561e-05,0.0009025644569999999,0.00013425339199999998,7.72732639e-09,8.18071814e-09,1.0547085129999999e-08,2.3054512799999997e-08,5.14775532e-08,3.03669689e-08,5.5229237400000004e-08,0.0007350982460000001,0.0001295290855,3.38167663e-06,87.2795404,56.5311366,6.64556364e-08,7.0191835099999995,0.0006893402620000001,0.0224429733,5.813713189999999e-05,2.0807952300000003e-06,0.00125870787,0.0656565105,5.813713189999999e-05,2.0807952300000003e-06,0.011604988949999999,4.039508140000001,5.813713189999999e-05,2.0807952300000003e-06,0.000127537071,0.030973843799999994,5.813713189999999e-05,2.0807952300000003e-06,0.0115850337,1.96034261e-07,0.00013440969499999998,0.06081922341,0.370841333,-0.00946377755,-0.0108591317,-0.01102239605,2.0758325700000003e-06,5.8431738399999995e-05
113,1688164800,0.0017212371800000002,0.0018554658799999999,0.1124542049,-0.6762198779999999,0.078189887,0.0349717698,0.061689384300000004,0.052276595700000004,7.685564819999999e-05,0.00090315936,0.000134268202,5.93469433e-09,6.403967049999999e-09,8.82380361e-09,2.75581244e-08,4.2154893e-08,3.74114111e-08,8.114911020000001e-08,0.0007382353849999999,0.000118889296,3.22853593e-06,84.1088069,55.5673331,6.59122183e-08,7.21507831,0.0006872344960000001,0.0232550766,5.8755140999999995e-05,2.22244763e-06,0.00126072249,0.0664573321,5.8755140999999995e-05,2.22244763e-06,0.0116094664,4.04863754,5.8755140999999995e-05,2.22244763e-06,0.0001456306325,0.04796068946,5.8755140999999995e-05,2.22244763e-06,0.0115880553,1.9834488099999999e-07,0.000134482228,0.03990930990000001,0.640842524,-0.009403352979999998,-0.010867298000000001,-0.011028780999999998,2.2144145100000003e-06,5.84806886e-05
113,1688165400,0.001141957545,0.001275619326,0.158349146,-0.9384700029999999,0.0625519089,0.029398486499999998,0.0456763945,0.037688650500000004,5.4065632500000005e-05,0.0006527226470000001,0.00013370320599999998,4.631061139999999e-09,5.50221026e-09,7.383666469999999e-09,1.82355794e-08,2.1823514599999998e-08,2.51079998e-08,4.50948199e-08,0.000468152924,9.79933656e-05,4.65055201e-06,90.01464100000001,54.3586139,4.66989239e-08,7.273989030000001,0.00054774796,0.01537974315,5.88872182e-05,2.28400066e-06,0.0009772365040000002,0.0421255842,5.88872182e-05,2.28400066e-06,0.0115786122,4.02435141,5.88872182e-05,2.28400066e-06,0.0001317151436,0.03905766323,5.88872182e-05,2.28400066e-06,0.01156084805,1.66953053e-07,0.000133820914,0.08095952749999999,2.7307809109,-0.00868851542,-0.010895429100000001,-0.01104433835,2.2894667300000005e-06,5.88524945e-05
113,1688166000,0.0012258930720000002,0.001360128289,0.0675624625,-1.34404596,0.0571517442,0.0317378179,0.040126225,0.034538554799999996,7.54091709e-05,0.0006862109509999999,0.00013427395899999998,5.44165506e-09,5.75206905e-09,7.79995238e-09,1.7667961249999998e-08,2.6260677599999996e-08,2.8753064799999994e-08,5.1923928800000006e-08,0.0005174862239999999,9.00854911e-05,5.19046736e-06,87.719622,54.1367658,4.95444114e-08,7.29557559,0.0005759798029999999,0.01602645245,5.9534564999999995e-05,2.1722562299999998e-06,0.001014128333,0.0456342197,5.9534564999999995e-05,2.1722562299999998e-06,0.011600588499999998,4.03464074,5.9534564999999995e-05,2.1722562299999998e-06,0.00012261523700000002,0.03048553785,5.9534564999999995e-05,2.1722562299999998e-06,0.01158345955,1.55494092e-07,0.000134333009,0.00600859133,6.2400252695,-0.00910327012,-0.0109475753,-0.011089276999999998,2.1373550899999996e-06,5.9302498600000015e-05
113,1688166600,0.000931880583,0.00106633766,0.14273084160000002,-1.0508071350000001,0.0575642573,0.0276088549,0.0393011999,0.032138480999999997,6.2561851e-05,0.0005744199200000001,0.00013449717800000002,5.51212914e-09,7.11973096e-09,6.68982532e-09,1.5177913150000003e-08,2.47165328e-08,2.48504145e-08,4.48319722e-08,0.00035282768,0.0001050034606,7.93175784e-06,91.1295584,57.0785771,3.97714911e-08,7.328934240000001,0.0005211826270000001,0.013218149199999998,5.931895940000001e-05,2.12414203e-06,0.000867085615,0.0318587782,5.931895940000001e-05,2.12414203e-06,0.0116002419,4.02645594,5.931895940000001e-05,2.12414203e-06,0.00010695196000000001,0.018860141032,5.931895940000001e-05,2.12414203e-06,0.0115959764,1.6301567999999999e-07,0.00013463050600000001,0.0654891263,2.5652677616000004,-0.00871113275,-0.0109677312,-0.0111073505,2.14398655e-06,5.90647241e-05
113,1688167200,0.0010787859939999998,0.0012126957899999998,0.155484881,-0.7916329809999999,0.06183938730000001,0.0287859578,0.0469139323,0.037801153600000005,6.410053590000001e-05,0.0006153777939999999,0.000133948879,4.44446698e-09,4.6997817600000005e-09,6.7275533500000015e-09,1.416854005e-08,2.1500346200000002e-08,2.2649011600000004e-08,3.9791594700000005e-08,0.000401686816,0.00013277540160000002,4.774027940000001e-06,88.5547505,60.288214999999994,4.4590453e-08,7.177965769999998,0.000535748945,0.014167294100000002,5.9086987e-05,2.2092770499999997e-06,0.0009233819849999998,0.035722469300000004,5.9086987e-05,2.2092770499999997e-06,0.01159776115,4.042373360000001,5.9086987e-05,2.2092770499999997e-06,0.00014437738750000003,0.0499520522,5.9086987e-05,2.2092770499999997e-06,0.011573968450000001,1.4612327700000002e-07,0.000134103328,-0.00031192458000000033,0.9002304752000002,-0.009554035459999999,-0.0109476688,-0.01108734435,2.21373054e-06,5.9256355e-05
113,1688167800,0.00151857859,0.00165327213,-0.10419235573600001,-1.40797459,0.0616893836,0.0352760785,0.0422637895,0.03570108940000001,0.00012136073610000001,0.0009288010180000001,0.000134733563,6.27654556e-09,7.4208014400000005e-09,9.95260786e-09,2.2439558599999996e-08,3.313683539999999e-08,3.28752416e-08,5.4582151900000006e-08,0.0006727402359999999,6.55533465e-05,2.0779286100000003e-05,89.1622759,51.8559369,5.92080754e-08,7.319372340000001,0.0006791860730000001,0.0212016033,6.07149666e-05,2.2243877400000002e-06,0.001183589135,0.06002717009999999,6.07149666e-05,2.2243877400000002e-06,0.0116435946,4.08967361,6.07149666e-05,2.2243877400000002e-06,0.000164956366,0.07636432775999999,6.07149666e-05,2.2243877400000002e-06,0.0116076422,1.91089591e-07,0.00013492984200000002,-0.03270803804,0.8924207860000001,-0.009341675050000001,-0.01090165885,-0.0110622063,2.1862465e-06,5.9500277200000004e-05
113,1688168400,0.001248257546,0.00138236051,-0.08607130988,-1.4040612,0.05917680759999999,0.032063709600000004,0.0384386729,0.032363487600000004,0.0001065154112,0.000758195995,0.000134141948,8.146792250000001e-09,8.88159469e-09,1.307426375e-08,2.95959212e-08,4.07244662e-08,5.8857329199999995e-08,5.7682391299999994e-08,0.0005457291239999999,5.9733042200000004e-05,1.8363662100000003e-05,90.3957471,50.4384266,5.01547619e-08,7.4966208,0.000646237685,0.0194648085,5.8656926600000005e-05,2.0636318399999995e-06,0.001074389004,0.049031626700000004,5.8656926600000005e-05,2.0636318399999995e-06,0.011598700100000001,4.03257905,5.8656926600000005e-05,2.0636318399999995e-06,0.00013422298899999998,0.025747524650000003,5.8656926600000005e-05,2.0636318399999995e-06,0.011579676850000001,2.2221030199999999e-07,0.00013431154400000002,0.0323073159,1.3743615249999999,-0.008756121449999998,-0.01082449375,-0.01100157065,2.0846677200000004e-06,5.8748423599999994e-05
113,1688169000,0.00170626096,0.00183984195,0.057676266500000004,-1.0212253910000002,0.0709146645,0.036185105300000006,0.0540766509,0.04552639000000001,0.00010933088790000001,0.000930782179,0.000133619019,9.84002756e-09,8.13781563e-09,1.166009283e-08,2.0478602599999998e-07,2.9054508200000003e-08,3.1226628400000006e-08,4.98394968e-08,0.0006985489669999999,0.0001420018616,1.218080871e-05,92.4119159,58.982561,6.532458519999999e-08,7.2201407799999995,0.000800086021,0.030921209300000002,5.8481506799999995e-05,2.1081557399999995e-06,0.00121154502,0.0635630576,5.8481506799999995e-05,2.1081557399999995e-06,0.011585120299999998,4.030909510000001,5.8481506799999995e-05,2.1081557399999995e-06,0.00015948025560000003,0.044872301719999994,5.8481506799999995e-05,2.1081557399999995e-06,0.011553456100000001,5.31418463e-07,0.00013401492399999998,-0.0026130461900000005,-0.579444764,-0.008672387600000001,-0.0103998796,-0.010604834749999998,2.09030927e-06,5.8684e-05
113,1688169600,0.00190749016,0.0020410024000000002,0.0642144603,-1.243971323,0.0725272138,0.0394211882,0.0566267287,0.047776458,8.712532559999998e-05,0.00099441301,0.00013355055999999998,5.81160591e-09,6.15614762e-09,7.68720618e-09,1.89127182e-07,2.29178062e-08,2.4630212799999998e-08,4.10152768e-08,0.00076069984,0.000184671343,8.02845903e-06,92.65698929999999,61.6300586,7.21079296e-08,7.0067733500000005,0.0008115619999999998,0.031458526,6.08885802e-05,2.2455625799999995e-06,0.00126869846,0.0680027966,6.08885802e-05,2.2455625799999995e-06,0.01159450675,4.05952989,6.08885802e-05,2.2455625799999995e-06,0.00016083211459999998,0.07592233023999999,6.08885802e-05,2.2455625799999995e-06,0.011557526200000001,4.7392603e-07,0.000134050641,0.009237318957000001,-0.6256581766999999,-0.0090133785,-0.01046821175,-0.0106563901,2.11287587e-06,5.84865536e-05
113,1688170200,0.00161337732,0.0017472857199999996,-0.0065189244600000005,-1.49980468,0.06228940100000001,0.037316467400000004,0.0456013924,0.039826215,6.315660449999999e-05,0.000836217303,0.00013394890599999998,5.6617745600000004e-09,5.778245269999999e-09,9.48854504e-09,1.431775019e-07,4.1691044399999994e-08,6.06408765e-08,5.66628804e-08,0.0006338802599999999,0.000165801824,6.616838810000001e-06,88.734748,61.1750629,6.229680419999999e-08,7.123702850000001,0.000770379437,0.0281222895,5.9714606499999993e-05,2.2751025100000005e-06,0.0011654066,0.056670869400000004,5.9714606499999993e-05,2.2751025100000005e-06,0.011604837,4.05945803,5.9714606499999993e-05,2.2751025100000005e-06,0.000151525581,0.06526692089,5.9714606499999993e-05,2.2751025100000005e-06,0.011571658,4.30546774e-07,0.000134334699,-0.006592554456999999,-0.44847238744999995,-0.009007829200000001,-0.0105348193,-0.010727129499999998,2.2160211e-06,5.898279650000001e-05
113,1688170800,0.001225749662,0.0013595596249999999,-0.05145114572,-1.28087576,0.06303942430000001,0.0313992171,0.0376511489,0.033263515300000004,6.73167221e-05,0.0007484441849999999,0.000133844076,5.96397105e-09,6.607852730000001e-09,1.1161805550000001e-08,1.6293513649999998e-08,1.73371902e-07,3.78867115e-08,3.71691263e-08,0.000429361417,0.000177641603,5.53252755e-06,94.9321075,66.4710058,4.943671539999999e-08,7.182596449999998,0.0006928211470000001,0.023265184,5.821145030000001e-05,2.01587587e-06,0.000925911255,0.0386810697,5.821145030000001e-05,2.01587587e-06,0.011587058099999999,4.029120539999999,5.821145030000001e-05,2.01587587e-06,0.00012953736559999997,0.03703030515,5.821145030000001e-05,2.01587587e-06,0.0115670047,3.9510369499999994e-07,0.00013419145100000002,0.01836409812,0.11243337600000003,-0.00837202453,-0.0105652496,-0.0107503616,2.01058155e-06,5.87165578e-05
113,1688171400,0.000674261093,0.000807979008,-0.041683327400000005,-0.649696125,0.0622143991,0.02293028,0.030263422699999997,0.0238507279,4.4731078850000005e-05,0.000454371987,0.000133777053,7.4396832799999986e-09,5.08471156e-09,9.27596045e-09,1.0625340990000002e-07,1.0155709609999999e-07,3.85312684e-08,3.40713162e-08,0.00017408813989999998,0.000155357947,7.31335022e-06,98.8815067,70.7347979,3.1106879400000006e-08,7.4485139700000005,0.000616768238,0.019256601400000004,6.12435118e-05,2.43986615e-06,0.000577507543,0.01638136638,6.12435118e-05,2.43986615e-06,0.0115748358,4.01806425,6.12435118e-05,2.43986615e-06,0.0001353877374,0.032611053210000004,6.12435118e-05,2.43986615e-06,0.0115632986,5.245037350000001e-07,0.000134235174,-0.11686723000999999,1.2744057500000001,-0.0081083062,-0.0104547079,-0.010654470599999999,2.4105387799999997e-06,6.09966511e-05
113,1688172000,0.0004971650190000001,0.0006303843840000001,0.0742689526,-0.7631538069999999,0.0406512406,0.0206326032,0.026700814500000003,0.0197631032,2.3647688500000003e-05,0.000306729542,0.000133257753,1.004734089e-08,8.64900328e-09,8.056079049999999e-09,1.9416334899999999e-07,2.10561656e-08,3.1907198e-08,2.8273259799999998e-08,0.00010172949749999999,0.0001395172586,6.981720789999999e-06,101.90485509999999,70.8096386,2.5218812599999996e-08,7.56921558,0.000598339264,0.017462256350000004,5.86606069e-05,2.14097241e-06,0.00046052524300000005,0.009999570369999999,5.86606069e-05,2.14097241e-06,0.011556255550000002,4.004240960000001,5.86606069e-05,2.14097241e-06,0.00013109455140000002,0.03310683425,5.86606069e-05,2.14097241e-06,0.01154474225,5.246059980000001e-07,0.000133803538,-0.09848464669999998,6.158742416999999,-0.007723611150000001,-0.0104301903,-0.010624517,2.13114971e-06,5.8600690799999995e-05
113,1688172600,0.000764878132,0.0008986616920000001,0.007172087229999999,-1.0257936339999998,0.049689016600000004,0.024865178199999997,0.03161346450000001,0.025725785599999995,4.07452902e-05,0.000459067082,0.00013382074099999998,8.50773482e-09,7.423156379999999e-09,1.2139078140000001e-08,2.11282564e-07,2.8205992699999997e-08,5.662902029999999e-08,4.29330832e-08,0.0002030949548,0.000171302525,7.619371089999999e-06,97.25165460000001,72.2503404,3.41159676e-08,7.493285760000001,0.0006689149589999999,0.021763702099999997,5.92227459e-05,2.10736533e-06,0.000633359876,0.01873942804,5.92227459e-05,2.10736533e-06,0.0115915839,4.029510030000001,5.92227459e-05,2.10736533e-06,0.00013821154199999998,0.0323989332,5.92227459e-05,2.10736533e-06,0.011567771700000002,5.469960019999999e-07,0.00013436115500000003,-0.2264535507,4.307918666999999,-0.008183002500000001,-0.01040935345,-0.010610644550000003,2.1205285399999996e-06,5.913738779999999e-05
113,1688173200,0.0008969345350000001,0.001031101386,-0.005425098470000003,-1.1705730019999998,0.0496140146,0.027314477599999998,0.0337510288,0.028388367000000005,4.4431552100000004e-05,0.000516180165,0.000134270967,7.025151389999999e-09,5.226412380000001e-09,9.658802599999999e-09,2.14710864e-07,2.37082733e-08,4.751365450000001e-08,4.30266191e-08,0.000317418028,0.0001230414161,7.531284050000001e-06,97.066993,60.9761295,3.85332792e-08,7.37968122,0.000691622112,0.0229019311,6.620435779999999e-05,3.2832219899999997e-06,0.0008213366629999999,0.028707549,6.620435779999999e-05,3.2832219899999997e-06,0.01160484255,4.0469570699999995,6.620435779999999e-05,3.2832219899999997e-06,0.0001458675965,0.04261466018,6.620435779999999e-05,3.2832219899999997e-06,0.01158405515,6.78803965e-07,0.00013486968599999997,-0.23634635979999996,0.7356643239999999,-0.008198487559999999,-0.0103726448,-0.01058484755,3.3089869899999996e-06,6.64212562e-05
113,1688173800,0.0005162379719999999,0.000649368256,-0.06183986784000001,-0.981567235,0.044813868199999995,0.020861695300000004,0.0231007052,0.019050581599999998,3.560234962e-05,0.000385158775,0.000133164323,6.1688934099999995e-09,4.31812442e-09,8.145858029999998e-09,2.08627416e-07,2.34290625e-08,4.9384118700000004e-08,3.80120802e-08,9.061240609e-05,0.000160323648,6.77114442e-06,103.93759639999999,75.90863900000001,2.58253699e-08,7.60715684,0.000625642072,0.0189498253,5.836910350000001e-05,2.06659428e-06,0.00040969990199999994,0.008622492300000001,5.836910350000001e-05,2.06659428e-06,0.011563973500000001,4.0176213800000005,5.836910350000001e-05,2.06659428e-06,0.00014499053999999996,0.047604005569999996,5.836910350000001e-05,2.06659428e-06,0.0115354998,5.25283397e-07,0.000133593849,-9.001616999999989e-05,-0.718321115,-0.00906244413,-0.0103887583,-0.010582138199999999,2.03344034e-06,5.79112172e-05
113,1688174400,0.00045653057,0.0005899495190000001,-0.01782928917,-1.0398369859999999,0.048788989,0.020055535899999997,0.021375652000000002,0.0163504992,2.00664203e-05,0.00032455729399999997,0.000133453906,5.97935043e-09,5.12167228e-09,8.54288358e-09,2.05231102e-07,2.6841204899999996e-08,4.85931533e-08,3.15785882e-08,2.931721304e-05,0.000191780382,6.781968170000001e-06,107.984411,85.8691443,2.38404796e-08,7.772842940000001,0.0006114600810000001,0.018382419500000004,5.86623215e-05,2.11129282e-06,0.00024943642900000004,0.0032374531400000003,5.86623215e-05,2.11129282e-06,0.011576164899999998,4.024071009999999,5.86623215e-05,2.11129282e-06,0.0001447404595,0.0452238814,5.86623215e-05,2.11129282e-06,0.0115507762,5.37374069e-07,0.00013395834099999999,2.1901929999999793e-05,-0.658618302,-0.0090880166,-0.010386150700000001,-0.0105891444,2.1044286399999994e-06,5.88421791e-05
113,1688175000,0.000883780435,0.001017451969,0.045080888400000005,-1.00197622,0.052126591300000004,0.026643261399999996,0.0352885769,0.028763377899999998,5.938822370000001e-05,0.0005390856139999998,0.00013370794,6.12841473e-09,4.8214361e-09,7.97161833e-09,1.9833377700000002e-07,2.3381223e-08,4.8539730800000003e-08,3.08442468e-08,0.00022713573745,0.00020762674400000002,6.73398465e-06,101.23788559999998,76.8204645,3.80455495e-08,7.46077874,0.0006726736380000001,0.0221992317,5.88587489e-05,2.1414604899999998e-06,0.000650895317,0.0208166428,5.88587489e-05,2.1414604899999998e-06,0.011592533399999999,4.04530322,5.88587489e-05,2.1414604899999998e-06,0.000160257569,0.05999317254000001,5.88587489e-05,2.1414604899999998e-06,0.0115586336,5.130025940000001e-07,0.000134115525,0.008283041489999999,-0.685774702,-0.00915779995,-0.0104192835,-0.0106193295,2.11404582e-06,5.83658132e-05
113,1688175600,0.0008331446919999999,0.0009660345740000001,-0.08522153519999999,-0.5911513530000001,0.0596643216,0.024788356999999997,0.0360761007,0.028425867799999997,4.9269890400000007e-05,0.000517673565,0.000132955003,5.9382434e-09,5.14743761e-09,8.190744520000001e-09,1.9057114500000002e-07,2.7095506399999998e-08,5.8302253999999996e-08,4.7467195800000004e-08,0.00022392072839999997,0.000186244214,5.97844336e-06,102.78861120000002,73.8613964,3.6269252700000005e-08,7.49645767,0.0006676915200000001,0.021958868000000003,6.25340605e-05,2.69309434e-06,0.000663885861,0.020437625600000002,6.25340605e-05,2.69309434e-06,0.011549364650000001,4.00675199,6.25340605e-05,2.69309434e-06,0.0001460740486,0.043711313200000004,6.25340605e-05,2.69309434e-06,0.011526861199999999,5.67756933e-07,0.00013343671599999997,-0.128865643276,0.020499389000000014,-0.00916053683,-0.010367201949999998,-0.0105783502,2.6953409099999994e-06,6.265180529999999e-05
113,1688176200,0.000627310336,0.000760705004,-0.1064515126,-0.48872717660000004,0.05223909410000001,0.02170919,0.029100887799999996,0.0223881835,4.542592949999999e-05,0.00041796209799999995,0.00013343134600000002,9.99397306e-09,5.622905579999999e-09,8.06719274e-09,4.499396515000001e-08,4.15360328e-08,9.319078630000001e-08,5.40402483e-08,0.00018166343379999998,0.00012751943150000002,4.150221469999999e-06,98.07118349999999,64.4802983,2.9505927e-08,7.67930438,0.0005234280950000001,0.0144098407,5.88694004e-05,2.1612996400000003e-06,0.0005926762949999999,0.016874080490000002,5.88694004e-05,2.1612996400000003e-06,0.011561131549999997,4.006597279999999,5.88694004e-05,2.1612996400000003e-06,0.000137437671,0.031219448473,5.88694004e-05,2.1612996400000003e-06,0.01155105755,2.6428015299999995e-07,0.00013369215400000001,-0.015321062699999999,0.49086959043,-0.00927610448,-0.0107339318,-0.01090587845,2.1295704999999996e-06,5.86167856e-05
113,1688176800,0.0005527331249999998,0.0006860450720000001,-0.046969244300000004,2.9148010960000006,0.0787899054,0.0211378251,0.025725785,0.0197631032,0.0001233037185,0.0011878346870000003,0.000133349652,1.015934363e-08,9.9084461e-09,2.1026661690000002e-08,2.231227065e-08,7.62266901e-08,9.092388510000002e-08,1.955404825e-07,0.00013508255519999998,0.00013747067800000003,3.32966883e-06,95.95662990000001,68.37281540000001,2.6948141e-08,7.5566051000000005,0.00045446801100000004,0.01473810325,5.888776730000001e-05,2.2060767499999997e-06,0.000501316754,0.01382951113,5.888776730000001e-05,2.2060767499999997e-06,0.011551439500000002,3.992966020000001,5.888776730000001e-05,2.2060767499999997e-06,0.00011306608700000001,0.018430638820000005,5.888776730000001e-05,2.2060767499999997e-06,0.011549812000000001,3.02472585e-07,0.000133657524,-0.1418016155,72.9574106668,-0.0054285722,-0.0108424277,-0.010997447050000001,2.62611204e-06,6.470738540000002e-05
113,1688177400,0.0009476617159999999,0.0010821789149999999,0.00160214895,-1.248387273,0.04800146500000001,0.0280296661,0.0342010437,0.028575872699999994,6.221709249999999e-05,0.0005466205040000001,0.000134579151,6.78986719e-09,5.293790779999999e-09,9.22267759e-09,1.244721535e-08,2.6093122199999997e-08,4.8334284099999994e-08,3.87330664e-08,0.000338638762,0.00013241367840000003,2.5531378799999995e-06,96.403064,62.89159459999998,4.0290844699999995e-08,7.22434884,0.0005359972809999999,0.0138972169,6.221961649999998e-05,2.6798952500000003e-06,0.0008173356920000001,0.030426447100000004,6.221961649999998e-05,2.6798952500000003e-06,0.01161085925,4.04640262,6.221961649999998e-05,2.6798952500000003e-06,0.00014297718599999999,0.03787935117,6.221961649999998e-05,2.6798952500000003e-06,0.01159609815,2.2388779400000002e-07,0.00013469460000000002,-0.19330019945000002,1.3564942759,-0.00945306698,-0.0108838871,-0.011044795549999998,2.6840910099999996e-06,6.19743902e-05
113,1688178000,0.001046045109,0.0011800184959999999,-0.017650515504,-1.123312447,0.051001557600000004,0.0287259519,0.034238544200000005,0.028800878900000004,5.32706129e-05,0.000595491899,0.00013401335200000002,7.74511883e-09,5.5347039400000005e-09,9.401963040000001e-09,1.147151695e-08,2.8536254800000003e-08,5.6229297800000006e-08,3.918261959999999e-08,0.00040209940199999997,0.00011808348479999998,2.57843202e-06,92.40305500000002,59.967711300000005,4.35080875e-08,7.286568980000001,0.0005527707870000001,0.014860804699999999,5.88806409e-05,2.22883799e-06,0.000849841642,0.0359749894,5.88806409e-05,2.22883799e-06,0.0115892665,4.02559243,5.88806409e-05,2.22883799e-06,0.0001290989704,0.02980098678,5.88806409e-05,2.22883799e-06,0.011574525499999998,1.7029204199999997e-07,0.000134141983,0.040766487000000004,0.3094431741,-0.0097090934,-0.0108913793,-0.011050036,2.20159827e-06,5.8832503099999996e-05
113,1688178600,0.0008913634369999999,0.001025423456,-0.0174389305,-0.32286958999999993,0.0764648375,0.0263285931,0.031275954,0.0259132907,0.00010768078634999999,0.000759501914,0.00013409654400000002,1.016717042e-08,2.377724283e-08,4.2379325249999994e-08,2.67409473e-08,9.14718603e-08,1.687329961e-07,1.378230612e-07,0.0003191634251,0.00012324167060000002,2.70375384e-06,92.08210829999999,61.6612228,3.8292008099999994e-08,7.464968049999999,0.000527445776,0.02106425045,5.94639701e-05,2.05685626e-06,0.000730089692,0.030405102639999997,5.94639701e-05,2.05685626e-06,0.011600417899999998,4.04241594,5.94639701e-05,2.05685626e-06,0.0001496392174,0.04706336278999999,5.94639701e-05,2.05685626e-06,0.01157812545,3.900996680000001e-07,0.00013435957800000004,0.9195141720300001,111.95947472129998,-0.00202657174,-0.0109062287,-0.0110585289,2.9198820799999996e-06,6.94960814e-05
113,1688179200,0.0014208649940000001,0.00155504471,0.0049211032299999995,-1.41766206,0.06078935539999999,0.0343677062,0.0418137769,0.0368636252,0.000187898934,0.000995462015,0.00013422027,9.553299939999999e-09,6.319558879999999e-09,1.2177740200000001e-08,1.4853414150000001e-08,3.64294839e-08,7.05938305e-08,6.127760210000001e-08,0.0005820201769999999,0.000125308393,2.83061892e-06,88.3340737,57.985899700000004,5.5875020600000006e-08,7.23018253,0.0006529546129999999,0.0203265266,5.96650049e-05,2.25270467e-06,0.0010647038929999999,0.05173811069999999,5.96650049e-05,2.25270467e-06,0.0115967016,4.03189638,5.96650049e-05,2.25270467e-06,0.000131770203,0.02791343752,5.96650049e-05,2.25270467e-06,0.0115849827,1.95189437e-07,0.000134407525,0.007120955695999997,0.238268423,-0.00956637125,-0.0108676464,-0.011028692350000003,2.22844034e-06,5.89964726e-05
113,1688179800,0.001406720712,0.0015406128310000002,-0.016894694640000003,-1.102864694,0.0688521027,0.0330948914,0.042601300599999996,0.035401080900000007,0.0001542244315,0.000904676604,0.00013397879,5.173336561e-08,3.1636477729999996e-08,3.297301205e-08,9.11105487e-08,1.2049444999999998e-07,9.11901814e-08,6.94876941e-08,0.0005909047139999999,0.00010827492709999999,3.5955214000000003e-06,87.3462925,56.0623422,5.533497490000001e-08,7.44691998,0.0007311909129999999,0.0288836255,6.506203170000001e-05,3.1051992300000007e-06,0.001068594106,0.05541772739999999,6.506203170000001e-05,3.1051992300000007e-06,0.01158868595,4.03496867,6.506203170000001e-05,3.1051992300000007e-06,0.00016687474859999998,0.042725006860000005,6.506203170000001e-05,3.1051992300000007e-06,0.011566911849999998,6.967815249999999e-07,0.000134490551,-0.13118749140000002,3.2503359044,-0.006802134160000001,-0.0104852808,-0.010794281499999999,3.07492356e-06,6.459923460000001e-05
113,1688180400,0.0008611543069999998,0.000994281044,-0.050846401299999996,-0.9332393949999999,0.05917680630000001,0.026041159,0.0340135382,0.027000824299999997,9.14720741e-05,0.000595028415,0.000133185411,1.3252224599999997e-08,8.76550751e-09,2.010033655e-08,1.851953125e-08,4.13677027e-08,5.58138112e-08,4.30382586e-08,0.00025829212900000005,0.000167933123,4.08608181e-06,93.0792948,69.6518729,3.7249640400000004e-08,7.48095213,0.00052831703,0.014616705400000003,6.068566370000001e-05,2.54837438e-06,0.0006984295289999999,0.0235224574,6.068566370000001e-05,2.54837438e-06,0.0115675398,4.02139605,6.068566370000001e-05,2.54837438e-06,0.0001435336141,0.044133171129999996,6.068566370000001e-05,2.54837438e-06,0.011543598249999999,2.89838895e-07,0.000133545094,-0.01127701912,2.3632890802400004,-0.008383401341399999,-0.010790629300000002,-0.0109671313,2.55823935e-06,6.0507615699999985e-05
113,1688181000,0.0015701400899999999,0.00170413346,-0.0140902781,-1.2131034460000003,0.06832708559999999,0.0356547627,0.0483389755,0.0391511951,0.00012593839650000001,0.0009480140969999999,0.000134040826,1.3112421559999998e-08,1.054900065e-08,1.57338052e-08,2.84562897e-08,4.20145292e-08,6.35015096e-08,6.05868119e-08,0.0005983366970000001,0.00018284007299999998,3.6101264600000002e-06,87.87091159999999,63.602598,6.0866104e-08,7.21650099,0.0006548919620000001,0.0210232061,6.06244302e-05,2.28443619e-06,0.0011007397829999998,0.052603577400000004,6.06244302e-05,2.28443619e-06,0.01159555905,4.03999225,6.06244302e-05,2.28443619e-06,0.0001477096811,0.048646708170000004,6.06244302e-05,2.28443619e-06,0.0115740025,2.16324955e-07,0.00013417500299999998,-0.17939310130000002,1.551081953,-0.0091509877,-0.01086062435,-0.011018728799999999,2.26533256e-06,5.9547677100000015e-05
113,1688181600,0.00144617815,0.00158001849,-0.0662023205,-0.8159669690000001,0.0712146751,0.03268008879999999,0.0495390131,0.04091374839999999,9.86941936e-05,0.0009062755639999999,0.000133934652,8.744300489999999e-09,6.56846851e-09,1.1854499129999998e-08,1.7963564799999998e-08,3.405599900000001e-08,5.49620461e-08,5.44198957e-08,0.00050557549,0.000213439475,3.76906247e-06,93.1713237,68.4722491,5.667343309999999e-08,7.286473070000001,0.0006287811039999999,0.0192817984,6.582165969999998e-05,2.9892062100000004e-06,0.00101778614,0.045225652299999995,6.582165969999998e-05,2.9892062100000004e-06,0.0115962619,4.046631359999999,6.582165969999998e-05,2.9892062100000004e-06,0.0001663184806,0.05207040980000001,6.582165969999998e-05,2.9892062100000004e-06,0.01156794045,3.00862193e-07,0.00013411890300000002,-0.27628707,1.90216150388,-0.0093143644,-0.01081551405,-0.01099644995,2.9873058999999996e-06,6.44493427e-05
113,1688182200,0.001200602795,0.001334311476,-0.06686507492,-1.0303312880000002,0.05966432180000001,0.0302282597,0.0408762472,0.0343885498,9.88822069e-05,0.000783738068,0.000133799846,5.82549111e-09,5.55625978e-09,7.499692920000002e-09,1.706612795e-08,3.11520016e-08,2.52261825e-08,4.40726099e-08,0.000302591996,0.000293065108,4.40722939e-06,99.35304740000001,82.80933300000001,4.85185492e-08,7.239901749999999,0.000572716865,0.016054918499999998,6.25404674e-05,2.8738579e-06,0.0007509609829999999,0.027238263599999996,6.25404674e-05,2.8738579e-06,0.011593575200000001,4.04956982,6.25404674e-05,2.8738579e-06,0.00017206828049999998,0.0648822139,6.25404674e-05,2.8738579e-06,0.011560622949999998,2.82524665e-07,0.00013393144200000003,-0.28298841559999993,3.2675544708500004,-0.00904855875,-0.010819056399999999,-0.011001113849999999,2.83742493e-06,6.30562403e-05
113,1688182800,0.0012950827839999998,0.0014292217900000001,0.011241280112000002,-0.8319198489999999,0.0682145834,0.031077362999999997,0.0484514802,0.03810116300000001,8.349078949999999e-05,0.000780222056,0.000134219852,5.37217436e-09,7.0518224599999995e-09,9.59945655e-09,1.67609898e-08,3.373958639999999e-08,6.12592305e-08,4.447099079999999e-08,0.000354061819,0.000290227323,2.9894581499999995e-06,97.6792533,79.8919665,5.17604779e-08,7.1953502799999995,0.000625519534,0.018281726899999996,6.375760470000001e-05,2.64360885e-06,0.000841844602,0.031552603500000005,6.375760470000001e-05,2.64360885e-06,0.0116166195,4.069070259999999,6.375760470000001e-05,2.64360885e-06,0.0001575557426,0.06733994119,6.375760470000001e-05,2.64360885e-06,0.0115840379,2.89322262e-07,0.000134480368,-0.0022496853999999997,1.9351706098,-0.00888969919,-0.010835680150000002,-0.011008061599999999,2.5895330899999995e-06,6.334522340000001e-05
113,1688183400,0.001681537474,0.0018158141499999998,0.015482130010000001,-0.5525515514999999,0.0879026815,0.034182125199999996,0.05850178549999999,0.0471014386,0.00013781876950000002,0.00115172123,0.000134326746,5.61922529e-09,7.4240033900000004e-09,1.92302481e-08,2.3962024000000004e-08,5.8158787899999995e-08,8.207511950000001e-08,6.53723648e-08,0.000595889362,0.00024150842700000003,3.05487484e-06,93.3894855,69.5151304,6.45817954e-08,7.35126453,0.0007059013259999999,0.0245442259,6.2424443e-05,2.44271926e-06,0.0010802014279999998,0.052301147299999996,6.2424443e-05,2.44271926e-06,0.0116370883,4.10219885,6.2424443e-05,2.44271926e-06,0.00017756785899999999,0.1025216288,6.2424443e-05,2.44271926e-06,0.011589982,2.7896067e-07,0.00013460721399999998,-0.07761776420000002,5.9545906339,-0.008495075080000001,-0.01077059995,-0.01096930065,2.37245038e-06,6.12828807e-05
113,1688184000,0.00223781953,0.0023719443700000002,-0.030706882624999998,-0.724027461,0.0935278535,0.0395696022,0.06663953349999999,0.0558392047,0.00016641959509999997,0.0013615394489999999,0.00013425315599999998,6.5525684699999994e-09,6.98438615e-09,1.5276673249999998e-08,2.16562414e-08,3.2910082499999996e-08,7.38034416e-08,7.37173355e-08,0.000872869415,0.00024200838,3.62507853e-06,89.703306,65.18312660000001,8.30721848e-08,7.071816780000001,0.000790192744,0.0284227126,6.668980699999999e-05,3.0768367600000003e-06,0.00133449183,0.077347387,6.668980699999999e-05,3.0768367600000003e-06,0.01161862675,4.0764551099999995,6.668980699999999e-05,3.0768367600000003e-06,0.00019045197399999997,0.0828938844,6.668980699999999e-05,3.0768367600000003e-06,0.011578418600000001,3.72060657e-07,0.00013443256000000002,-0.21966981600000005,3.5346031952000003,-0.0085988651,-0.01081729125,-0.0110077375,3.0946333400000002e-06,6.553212319999999e-05
113,1688184600,0.00212185928,0.00225550453,-0.0907139368,-0.6504398552999999,0.08235251480000001,0.0371971612,0.060826857299999995,0.0513015655,0.0001813268855,0.001294465854,0.00013368793,8.66999403e-09,8.860560600000001e-09,1.5234770570000002e-08,2.6887268750000007e-08,3.41587292e-08,8.082104489999999e-08,9.30032702e-08,0.0009135761669999999,0.00014399393399999998,3.01469626e-06,86.2980876,57.942902100000005,7.92026348e-08,7.1125078,0.0007491309309999999,0.02733466400000001,5.984868329999999e-05,2.2623861199999998e-06,0.0013193577460000002,0.08128322480000001,5.984868329999999e-05,2.2623861199999998e-06,0.0115951165,4.054112989999999,5.984868329999999e-05,2.2623861199999998e-06,0.0001638384416,0.06797280209999998,5.984868329999999e-05,2.2623861199999998e-06,0.011560427799999998,1.79706272e-07,0.00013382507400000004,0.010425312759999998,0.12147129018,-0.0095972108,-0.0108672487,-0.0110196797,2.17399405e-06,5.8624507100000005e-05
113,1688185200,0.000505411346,0.000638324368,0.0053867386999999975,-0.7554551330000001,0.0453013839,0.020440930099999997,0.025650783,0.019088082699999998,4.89585152e-05,0.000379055122,0.000133285203,1.6122681220000002e-08,6.753948909999999e-09,1.398691845e-08,2.5701081499999998e-08,2.59806076e-08,6.977296580000002e-08,4.04473116e-08,0.00013210164359999998,0.0001172131956,2.81621469e-06,93.71157450000001,64.421394,2.54574886e-08,7.587463390000001,0.00044841589499999997,0.010559418400000003,8.2193687e-05,5.5137588799999995e-06,0.0004993003130000001,0.01243082714,8.2193687e-05,5.5137588799999995e-06,0.0115361854,4.00039679,8.2193687e-05,5.5137588799999995e-06,0.00012810571659999998,0.01603494565,8.2193687e-05,5.5137588799999995e-06,0.01153206635,9.200020889999999e-07,0.000133908873,-0.7517593548600001,5.5468660731999995,-0.007537290176000001,-0.010580777199999999,-0.010871540099999999,5.52402512e-06,8.177340530000001e-05
113,1688185800,0.00134599651,0.0014795171900000002,0.031218387488000005,-1.35123331,0.06457697030000001,0.0336826887,0.0430888155,0.037163634699999996,7.38171461e-05,0.0008070884489999999,0.000133846997,6.527215479999999e-09,6.81796802e-09,1.091338355e-08,1.559595425e-08,2.56435555e-08,7.56527822e-08,5.1414561900000005e-08,0.000528032252,0.00014182870199999997,2.60038361e-06,90.01907939999998,59.738413800000004,5.34082835e-08,7.2391887,0.0006242471920000001,0.0183175572,9.142467059999999e-05,6.530348850000001e-06,0.00105757494,0.0468757359,9.142467059999999e-05,6.530348850000001e-06,0.01156344615,4.020064100000001,9.142467059999999e-05,6.530348850000001e-06,0.00013251874649999998,0.02127778299,9.142467059999999e-05,6.530348850000001e-06,0.01155664305,7.74976969e-07,0.000134332155,-1.2524683276,8.655522135,-0.007412771420000001,-0.01066746395,-0.01089965465,6.600147720000001e-06,8.88268175e-05
113,1688186400,0.00278592758,0.0029194776400000002,-0.022205561680000003,-1.301826923,0.08456508350000001,0.0475198884,0.0680645782,0.059551818199999995,8.6159171e-05,0.00134228729,0.000133589809,5.67281195e-09,7.24248594e-09,1.273458785e-08,2.0970017299999996e-08,3.72953698e-08,7.89981549e-08,6.26880218e-08,0.0011745583599999999,0.00021562657600000001,2.49429285e-06,90.399029,60.2078497,1.013132275e-07,6.89827233,0.000897570395,0.0348189834,5.8371917399999995e-05,2.2344055400000003e-06,0.00157263876,0.10377022309999999,5.8371917399999995e-05,2.2344055400000003e-06,0.0115873511,4.04069793,5.8371917399999995e-05,2.2344055400000003e-06,0.00015410835350000002,0.05505666467999999,5.8371917399999995e-05,2.2344055400000003e-06,0.0115572057,2.03986403e-07,0.000133773206,0.029744087150000004,0.0392503141,-0.00973987565,-0.01081540755,-0.01098194145,2.22801706e-06,5.8511330400000005e-05
113,1688187000,0.0039869297800000005,0.0041208133200000005,-0.0476144788,-1.021728529,0.1125409365,0.053521964199999994,0.0882026922,0.07897741050000001,0.00011813079740000002,0.0019391732200000002,0.000134305566,2.3930813379999995e-08,1.47119392e-08,2.1257571099999998e-08,3.50293167e-08,3.63468537e-08,8.47441787e-08,9.56856662e-08,0.0018204001700000004,0.0001694472776,2.85943752e-06,84.2577866,54.939240100000006,1.41154412e-07,6.902873529999999,0.0010334479050000001,0.047307744199999995,6.98002647e-05,3.681523839999999e-06,0.00196807329,0.16175285760000002,6.98002647e-05,3.681523839999999e-06,0.011617508700000001,4.09063358,6.98002647e-05,3.681523839999999e-06,0.00021518514199999998,0.0776049456,6.98002647e-05,3.681523839999999e-06,0.01157832585,1.048129095e-06,0.000134944832,-0.06239729779999999,3.1912442817,-0.00699561467,-0.0106069807,-0.010942747749999999,3.88822006e-06,7.014673499999999e-05
113,1688187600,0.0032209356500000003,0.00335442026,-0.028279902700000005,-1.4509183499999998,0.087977685,0.051946355799999996,0.07076465890000001,0.06322692999999999,9.53175062e-05,0.00155933628,0.00013355736199999999,9.704521209999998e-09,1.027663144e-08,1.3845774169999998e-08,2.5565875099999997e-08,4.01840649e-08,4.9886612299999996e-08,1.0998860090000002e-07,0.00147225269,0.00013531231700000002,2.5515153400000002e-06,83.14336080000001,54.046599,1.1571393849999999e-07,6.989532880000001,0.000955338237,0.03828652910000001,6.349864920000001e-05,2.6670027e-06,0.0017745977199999999,0.13124793759999998,6.349864920000001e-05,2.6670027e-06,0.011586451250000001,4.03820814,6.349864920000001e-05,2.6670027e-06,0.0001472073241,0.04687991678,6.349864920000001e-05,2.6670027e-06,0.011562896050000002,2.31933195e-07,0.000133932712,-0.2169538706999999,1.9457372327000002,-0.009508664449999999,-0.010867708149999999,-0.0110245783,2.59137303e-06,6.27021903e-05
113,1688188200,0.00617036091,0.006304000860000001,-0.024125220299999996,-1.3370918600000001,0.12517882349999998,0.0704747461,0.10624074409999999,0.09705296060000002,0.0001224884592,0.0027929214599999998,0.000133957635,1.77465355e-08,1.600034832e-08,1.907725382e-08,3.2708100799999997e-08,4.7154070299999994e-08,6.99355078e-08,1.2724922289999997e-07,0.00294387846,0.000138269023,2.36135963e-06,79.5701095,52.3071417,2.13783138e-07,6.643476440000001,0.00128422324,0.0683186712,7.11158578e-05,4.05271153e-06,0.0025090853800000005,0.259069581,7.11158578e-05,4.05271153e-06,0.0116227451,4.12677566,7.11158578e-05,4.05271153e-06,0.000237237845,0.12834800535,7.11158578e-05,4.05271153e-06,0.01156111665,7.58922481e-07,0.00013440842100000003,-0.2182019302,2.7707858751,-0.00815094153,-0.0106482652,-0.0109333992,3.99747536e-06,6.834309400000001e-05
113,1688188800,0.00399063573,0.004124660380000001,-0.0227237958,-1.3115172899999998,0.10061557110000001,0.056376666500000006,0.083402546,0.07556480750000001,0.00010168655940000001,0.0018825350599999998,0.000134106589,1.0557499050000001e-08,9.500433530000001e-09,1.364911858e-08,2.198451655e-08,3.2823304e-08,4.1941085500000004e-08,7.60239574e-08,0.0018669879700000003,0.00012574549739999998,2.26772463e-06,80.35818079999999,52.963783,1.4135237e-07,6.86724779,0.0010299288750000002,0.0443558777,6.39826393e-05,2.7410525599999998e-06,0.0019901675000000003,0.164542554,6.39826393e-05,2.7410525599999998e-06,0.01161720735,4.0800705100000005,6.39826393e-05,2.7410525599999998e-06,0.000190594726,0.0943570674,6.39826393e-05,2.7410525599999998e-06,0.01156972455,2.0199556800000003e-07,0.000134062111,-0.3061066109,3.9927635515,-0.00907696109,-0.010896471999999999,-0.011054373650000001,2.48293218e-06,6.16620447e-05
113,1688189400,0.00459277779,0.00472703033,-0.01693749957,-1.32498124,0.110740879,0.0601871654,0.0894777315,0.08141498450000001,0.000134490054,0.0021826936199999996,0.000134316964,1.147360437e-08,1.2885937440000001e-08,1.5635033580000002e-08,2.6305027499999997e-08,3.68693652e-08,5.226132449999999e-08,9.050811979999999e-08,0.0021520436599999997,0.000141690092,2.31317099e-06,83.0425315,53.459254699999995,1.614295886e-07,6.88470827,0.0011044628849999998,0.0514088262,6.068431830000001e-05,2.40825747e-06,0.00212742577,0.1904984266,6.068431830000001e-05,2.40825747e-06,0.01162889395,4.08839621,6.068431830000001e-05,2.40825747e-06,0.00018513832399999998,0.081739087,6.068431830000001e-05,2.40825747e-06,0.011585523750000002,2.01055131e-07,0.00013442585999999998,0.24720435120000003,2.0570094535,-0.009262141900000001,-0.010926234449999999,-0.01107953535,2.3883264600000003e-06,5.979054629999999e-05
113,1688190000,0.00513802866,0.00527194812,-0.032714771,-1.1580196699999998,0.12045367950000001,0.061917044,0.09795299059999998,0.0889902181,0.00011623091599999999,0.0023711418799999997,0.000134218003,2.388567701e-08,2.3716602479999998e-08,2.64533995e-08,3.7760565200000003e-08,8.512369449999999e-08,6.060560899999999e-08,9.860955629999998e-08,0.00241477512,0.00015091696,2.61054082e-06,80.477579,53.36549080000001,1.7950136140000003e-07,6.70921529,0.0011775645149999998,0.0614574537,8.02692185e-05,5.3905071e-06,0.0022646551300000003,0.2167669794,8.02692185e-05,5.3905071e-06,0.011643023099999998,4.146185449999999,8.02692185e-05,5.3905071e-06,0.00023503239499999998,0.1423865098,8.02692185e-05,5.3905071e-06,0.0115820759,8.489459249999999e-07,0.000134921265,0.14441151849999995,22.7604822668,-0.0013561580499999995,-0.010596700700000001,-0.01088007025,5.49352418e-06,8.21783032e-05
113,1688190600,0.0045095608199999995,0.0046444621799999995,-0.0364039108,-0.8940718780000001,0.11640355050000002,0.054826272499999995,0.09517790650000002,0.0861401265,0.0001243661809,0.00213958714,0.000135010748,6.7683347e-09,8.634757859999999e-09,1.3356939959999998e-08,3.53780909e-08,3.25050966e-08,4.4734990499999995e-08,8.182828279999999e-08,0.00208932239,0.000162567118,2.5412649699999995e-06,82.866348,54.4824702,1.58688072e-07,6.98774509,0.001067504879,0.0521397148,6.79007237e-05,3.3159687500000005e-06,0.0020890021,0.18657493649999998,6.79007237e-05,3.3159687500000005e-06,0.01165435065,4.10850714,6.79007237e-05,3.3159687500000005e-06,0.000199773804,0.08951270132999999,6.79007237e-05,3.3159687500000005e-06,0.0116131963,3.4471795600000003e-07,0.000135212802,-0.1828861193,2.0041299619000004,-0.009180484919999999,-0.010876276700000001,-0.0110563051,3.26738764e-06,6.66636816e-05
113,1688191200,0.009410652549999999,0.00954387075,-0.0340031692,-1.0829494100000001,0.161479927,0.0813421854,0.13916675,0.12832891650000003,0.000226261205,0.00425368234,0.00013355997399999998,2.7002793029999995e-08,2.5552475070000002e-08,4.04739852e-08,5.705176969999999e-08,2.3685825159999997e-07,9.382124529999999e-08,1.6671055099999998e-07,0.004549985179999999,0.000151068475,3.2229451e-06,75.0441822,51.820190100000005,3.21475514e-07,6.599495190000001,0.00155138173,0.11091547860000002,6.927768199999999e-05,3.49764746e-06,0.0031254931899999997,0.40304128400000006,6.927768199999999e-05,3.49764746e-06,0.011648605,4.2072368,6.927768199999999e-05,3.49764746e-06,0.000327937992,0.23157656840000002,6.927768199999999e-05,3.49764746e-06,0.0115478297,1.109093384e-06,0.00013440199200000002,-0.10270819861999998,3.768637756300001,-0.00662633418,-0.0105755157,-0.010904736200000001,3.7141210699999997e-06,6.66570178e-05
113,1688191800,0.00880140655,0.00893514705,-0.0408371082,-1.1140186,0.14779201199999997,0.0785223847,0.1312165096,0.12135370600000002,0.0002293912404,0.004065245279999999,0.00013379214899999998,1.3169561849999998e-08,1.322957372e-08,1.6777735830000003e-08,2.8250213300000002e-08,4.0667974200000006e-08,5.6213635799999996e-08,1.1361165210000001e-07,0.00427160092,0.00012550924249999997,3.22999185e-06,76.90274480000001,51.4794279,3.0144605099999996e-07,6.463912840000001,0.0014527404399999999,0.09427957520000001,6.15634626e-05,2.3530545899999998e-06,0.00298155393,0.37479562099999997,6.15634626e-05,2.3530545899999998e-06,0.01163040305,4.1206558399999995,6.15634626e-05,2.3530545899999998e-06,0.00025089602499999997,0.1327322869,6.15634626e-05,2.3530545899999998e-06,0.011565330950000001,1.6748944099999998e-07,0.000133925065,0.025859668800000003,1.2473778289,-0.008829511,-0.0108966735,-0.011047170799999999,2.20333663e-06,5.855298180000001e-05
113,1688192400,0.00909008748,0.00922370747,-0.037590339099999995,-1.1329373100000004,0.15585475499999998,0.08084511060000002,0.1341040916,0.12401628540000002,0.0002588586746,0.00425927553,0.000133689249,1.798133475e-08,1.9672393870000003e-08,2.3487331960000004e-08,3.88815474e-08,5.83227378e-08,8.24617582e-08,1.595506826e-07,0.00440883318,0.0001324652874,3.2514384300000006e-06,74.7930656,51.59188630000001,3.10917081e-07,6.64037641,0.0014959227300000001,0.09823239,6.273211360000001e-05,2.46048617e-06,0.00304898381,0.38799960400000005,6.273211360000001e-05,2.46048617e-06,0.011637009050000001,4.1413372,6.273211360000001e-05,2.46048617e-06,0.00027235560300000003,0.1638368464,6.273211360000001e-05,2.46048617e-06,0.011558742149999999,2.08018125e-07,0.00013381284100000003,0.16231277420999998,3.068179347,-0.007992505149999999,-0.0108592236,-0.0110230521,2.3018840700000004e-06,5.9083891600000004e-05
113,1688193000,0.007917862199999999,0.00805069106,-0.031573338299999996,-1.15087763,0.14321687300000002,0.0761930404,0.125253822,0.11554102749999999,0.00022587913659999998,0.00371969605,0.00013290357999999998,1.089130514e-08,1.101986031e-08,1.451464352e-08,2.54148016e-08,4.0847230500000004e-08,5.29662098e-08,1.0434770420000002e-07,0.0038353816299999998,0.00012007953440000001,3.11397742e-06,78.73990289999999,51.409501399999996,2.7198488599999997e-07,6.43048699,0.00140729454,0.08549864539999999,6.26781226e-05,2.6717872599999995e-06,0.0028573181700000004,0.33654014499999996,6.26781226e-05,2.6717872599999995e-06,0.0116025813,4.1088261500000005,6.26781226e-05,2.6717872599999995e-06,0.000274400955,0.1608041576,6.26781226e-05,2.6717872599999995e-06,0.01152240345,2.3469673400000001e-07,0.000133000836,-0.027560616699999995,1.0677361603,-0.00868930007,-0.010778541249999999,-0.010954467549999998,2.5549119299999997e-06,5.98537894e-05
113,1688193600,0.0051627382,0.00529617587,-0.0318070232,-1.0802021910000001,0.11329096139999999,0.0601432254,0.09802799340000001,0.0901152493,0.00016669756840000002,0.00241659627,0.000133650544,1.732633169e-08,1.8966527569999998e-08,2.428300182e-08,3.6708242699999997e-08,5.27570134e-08,7.40740244e-08,1.407041783e-07,0.0024858078100000003,9.209678939999999e-05,2.8646907399999997e-06,76.5472894,51.256715199999995,1.8015478699999998e-07,6.9703355799999995,0.001127939328,0.057225956300000005,7.72119843e-05,4.263235329999999e-06,0.00227022006,0.219778662,7.72119843e-05,4.263235329999999e-06,0.01161666555,4.104289399999999,7.72119843e-05,4.263235329999999e-06,0.00025051834799999994,0.11134670799999999,7.72119843e-05,4.263235329999999e-06,0.0115518096,5.288082760000001e-07,0.00013397337399999998,-0.72239843938,6.975939244399998,-0.00818200004,-0.010757329599999999,-0.010946664200000001,4.2588325400000005e-06,7.536085230000001e-05
113,1688194200,0.00239141495,0.0025250358100000004,-0.020364514049999997,-1.106423591,0.0841150664,0.04218584760000001,0.06461447210000001,0.05666422990000001,0.00014816619099999997,0.0012672254559999998,0.000133753114,6.681809930000001e-09,8.54334815e-09,1.131898549e-08,3.42744123e-08,4.24337468e-08,7.74828676e-08,6.518983679999999e-08,0.001085291745,0.00010759201019999999,2.4257082399999997e-06,85.124772,53.2498561,8.814382189999999e-08,7.1093043200000015,0.0008163748,0.0305803339,6.642919219999999e-05,3.3158561500000003e-06,0.0015093047700000001,0.09609317999999999,6.642919219999999e-05,3.3158561500000003e-06,0.011593796600000001,4.051909739999999,6.642919219999999e-05,3.3158561500000003e-06,0.000190987518,0.05844696076,6.642919219999999e-05,3.3158561500000003e-06,0.011561315200000002,4.09092339e-07,0.000134073501,-0.20520008422,1.6841101307,-0.00895124322,-0.010764046650000001,-0.0109664889,3.3447528399999998e-06,6.68408464e-05
113,1688194800,0.001044225545,0.001177509584,0.002353098163500002,-1.3914037499999998,0.0513765681,0.029769770799999994,0.0351385721,0.0297759088,9.93184293e-05,0.000654667435,0.000133345358,7.3302169100000004e-09,8.970066710000001e-09,1.3577400650000001e-08,3.01253624e-08,4.2538309500000004e-08,3.53084047e-08,5.46007225e-08,0.00041352551100000005,0.00010507719040000002,3.21297046e-06,90.63866099999998,56.3895139,4.335058860000001e-08,7.49427082,0.000577451354,0.016279381550000003,6.0586733999999987e-05,2.5823881800000004e-06,0.0009183772850000001,0.0370128012,6.0586733999999987e-05,2.5823881800000004e-06,0.011561313799999999,4.011042300000001,6.0586733999999987e-05,2.5823881800000004e-06,0.00016610966200000002,0.035105851320000006,6.0586733999999987e-05,2.5823881800000004e-06,0.011552621800000001,2.72681253e-07,0.00013373429200000002,-0.09995071321,4.863080217200001,-0.007503901680000001,-0.010781953099999998,-0.010959196300000001,2.59459404e-06,6.16009461e-05
113,1688195400,0.001011015893,0.00114455233,0.00723593832,-1.4187733599999999,0.0539641477,0.0294426449,0.03442605060000001,0.029400898200000004,8.33166498e-05,0.0006153821959999999,0.000133675997,4.709475279999999e-09,6.686231719999999e-09,9.405170650000001e-09,2.3272575699999998e-08,4.13950106e-08,3.52750089e-08,5.672654369999999e-08,0.00039265292200000006,0.00010918312119999999,3.3048913000000005e-06,90.7220786,56.8751033,4.22786675e-08,7.5608153399999996,0.000575115894,0.015924890200000003,6.27981334e-05,2.7411445300000003e-06,0.0009027207810000002,0.03527958540000001,6.27981334e-05,2.7411445300000003e-06,0.01156478165,4.00764774,6.27981334e-05,2.7411445300000003e-06,0.0001729172115,0.02310618629,6.27981334e-05,2.7411445300000003e-06,0.011555406399999999,4.2025973800000003e-07,0.00013394830899999998,-0.31825694810000005,4.160005944,-0.00797231434,-0.0107221065,-0.0109333621,2.8175044100000002e-06,6.351083920000001e-05
113,1688196000,0.0013501960599999999,0.0014839539700000001,0.03371095859999999,-0.9640063040000001,0.07008963870000001,0.03231418979999999,0.0492390029,0.0390386916,9.11622222e-05,0.000835249691,0.00013380082400000001,4.91005801e-09,6.607295280000001e-09,8.98505146e-09,1.96245122e-08,3.83862166e-08,3.59462993e-08,5.984595260000001e-08,0.000502505951,0.00016894238399999998,3.4033931499999994e-06,90.8120984,63.2050246,5.35194314e-08,7.344262099999999,0.0006023613229999998,0.01808181345,5.9117931000000003e-05,2.12870298e-06,0.001029881189,0.044960855099999995,5.9117931000000003e-05,2.12870298e-06,0.0115974102,4.04548745,5.9117931000000003e-05,2.12870298e-06,0.000178067204,0.04937169002,5.9117931000000003e-05,2.12870298e-06,0.011568840799999999,1.97337891e-07,0.000134036193,-0.01356148976,0.42179752299999995,-0.00916511575,-0.01084545515,-0.0110041569,2.1188407e-06,5.87091003e-05
113,1688196600,0.0009969964940000002,0.00113039981,0.0512442843,-0.672484656,0.0631144258,0.027339776599999997,0.043613831000000006,0.03446355189999999,6.21495233e-05,0.000601328801,0.000133569875,5.7812359500000006e-09,8.31471248e-09,1.118782811e-08,2.29213787e-08,3.7944995100000003e-08,3.76680434e-08,6.237756000000001e-08,0.000352698761,0.00014214760200000003,3.2684729500000005e-06,92.29097780000001,62.569359500000004,4.1766507699999996e-08,7.47718184,0.0005407261899999999,0.0150367527,7.1419789e-05,3.8896668799999995e-06,0.0008608865630000001,0.031767786500000006,7.1419789e-05,3.8896668799999995e-06,0.011567683750000002,4.02547155,7.1419789e-05,3.8896668799999995e-06,0.000170665039,0.042986442879999996,7.1419789e-05,3.8896668799999995e-06,0.01155022155,4.67330004e-07,0.000133876032,-0.48384788303,3.7421340449999994,-0.00794378376,-0.0107073366,-0.0109161468,3.94995722e-06,7.23365687e-05
113,1688197200,0.001239479857,0.0013735215099999999,0.030335140550000007,-0.958765549,0.06678953859999999,0.0310813324,0.045601391399999996,0.0363761098,9.050005509999999e-05,0.000767399327,0.000134128492,6.55956385e-09,8.864252799999999e-09,1.1929989100000001e-08,2.3736936000000002e-08,4.6173808400000006e-08,4.69531024e-08,8.420782500000001e-08,0.00044753957400000004,0.000168155967,3.6963909299999994e-06,91.18277,63.783892800000004,4.980967019999999e-08,7.550471789999999,0.0006045534390000001,0.018512170099999996,6.340444539999998e-05,2.9196573700000003e-06,0.0009652669209999999,0.0404559081,6.340444539999998e-05,2.9196573700000003e-06,0.01160013065,4.04036145,6.340444539999998e-05,2.9196573700000003e-06,0.00017462444899999998,0.03846444004,6.340444539999998e-05,2.9196573700000003e-06,0.0115794817,3.09024225e-07,0.000134393821,-0.32756887645500005,2.8908430159999994,-0.0079814015,-0.010770842399999998,-0.01095080915,2.9388344600000006e-06,6.36065075e-05
113,1688197800,0.0018480080199999999,0.0019818725,0.010105118960000001,-0.6869986920000001,0.0866651453,0.0361180074,0.059776823800000004,0.04923900259999999,0.0001731709599,0.001124017547,0.00013391175299999999,7.923177579999998e-09,1.0326453030000001e-08,1.4110660559999998e-08,2.7925130800000006e-08,5.80506841e-08,7.31523074e-08,1.2199124609999998e-07,0.0006757665560000001,0.00024395319299999997,3.91179054e-06,89.5128784,67.6644459,6.995761810000001e-08,7.499226180000001,0.0007308569479999999,0.027008408899999996,5.9992162e-05,2.26422946e-06,0.001161399309,0.0600249461,5.9992162e-05,2.26422946e-06,0.01160702005,4.067733770000001,5.9992162e-05,2.26422946e-06,0.00020283832699999997,0.08054501759999999,5.9992162e-05,2.26422946e-06,0.011566114399999999,2.60036431e-07,0.00013403718200000002,-0.8211189981,24.009835135799996,-0.008582428520000001,-0.0107590298,-0.010942415950000001,2.25249791e-06,5.94956833e-05
113,1688198400,0.00260590715,0.002739678,0.06041080680000001,-0.707539068,0.0967904562,0.0429496843,0.07503979200000002,0.06292692050000001,0.00017548212050000003,0.00140946668,0.000133812154,6.19350091e-09,7.169052750000001e-09,9.202868409999999e-09,1.84100747e-08,4.0106157500000004e-08,3.74740465e-08,7.461837699999999e-08,0.0010574148420000001,0.00024173818799999998,3.5535456899999995e-06,89.602825,63.181971700000005,9.522252700000001e-08,7.031951529999999,0.0007836351110000001,0.0314868516,6.00482006e-05,2.07101724e-06,0.00147493413,0.09373327919999999,6.00482006e-05,2.07101724e-06,0.011609239900000002,4.06948728,6.00482006e-05,2.07101724e-06,0.00019498485300000002,0.07556183625999999,6.00482006e-05,2.07101724e-06,0.0115649786,1.85873617e-07,0.000133934835,0.025917582890000006,0.774537972,-0.00889529961,-0.010858359650000001,-0.01101942725,1.9714442900000002e-06,5.814638229999999e-05
113,1688199000,0.001036777211,0.00117007999,0.0970545625,-0.82820564,0.0605268484,0.0279118533,0.042001282200000004,0.033113511299999995,8.217161e-05,0.0006221259480000001,0.00013334707999999997,4.1130070200000004e-09,5.25507688e-09,6.77937373e-09,2.113155965e-08,3.64258505e-08,2.5387148800000002e-08,6.953970519999999e-08,0.00033034558550000005,0.00018356677450000002,4.241135340000001e-06,96.43231990000001,67.3311879,4.3101979899999996e-08,7.40492027,0.000557867043,0.0160447612,5.857878739999999e-05,2.2037567899999997e-06,0.0007997081019999999,0.02979381946,5.857878739999999e-05,2.2037567899999997e-06,0.0115628706,4.00686276,5.857878739999999e-05,2.2037567899999997e-06,0.00015663490600000002,0.02382023531,5.857878739999999e-05,2.2037567899999997e-06,0.0115448033,2.0775170100000002e-07,0.00013349095900000001,0.045154911799999996,0.5343389842,-0.008927622520000001,-0.010795598749999998,-0.010964519699999998,2.1985303699999996e-06,5.8643123500000016e-05
113,1688199600,0.000675835584,0.0008087362560000001,0.052222122829999995,-0.77747897,0.05313912119999999,0.0235410706,0.0318384721,0.025350773800000004,4.15804149e-05,0.0004508773400000001,0.00013294713699999998,4.280192869999999e-09,6.572300949999999e-09,8.662250899999999e-09,2.94210006e-08,3.39321192e-08,3.20846478e-08,9.59917484e-08,0.000161706522,0.000171997626,3.90910646e-06,100.84503629999999,73.06302960000001,3.10764186e-08,7.718409519999999,0.000508809426,0.01288235535,5.8329587700000004e-05,2.27762054e-06,0.0005884511810000001,0.015219199050000002,5.8329587700000004e-05,2.27762054e-06,0.011557526050000001,4.011089800000001,5.8329587700000004e-05,2.27762054e-06,0.000179016551,0.044143357679999995,5.8329587700000004e-05,2.27762054e-06,0.01152625835,2.3591837800000003e-07,0.00013309202800000002,-0.008975107166000001,0.4731054983000001,-0.009297604230000001,-0.0107307805,-0.010910451949999999,2.24566404e-06,5.8092024999999994e-05
113,1688200200,0.0006345847459999999,0.000767655257,0.06207082559999999,-0.602568785,0.0504015392,0.0223587581,0.031800969400000004,0.0244132454,4.78816185e-05,0.000425463157,0.00013311289599999998,5.666937990000001e-09,7.048268309999999e-09,9.949609279999998e-09,3.73384335e-08,4.75277403e-08,4.29504132e-08,1.186849749e-07,0.00020890499030000003,0.00010406885089999998,3.98485935e-06,92.7929479,60.0782106,2.9716211500000006e-08,7.72757141,0.000514789025,0.01396228675,5.861931860000001e-05,2.07408076e-06,0.000642259551,0.0193554677,5.861931860000001e-05,2.07408076e-06,0.0115451518,3.992572270000001,5.861931860000001e-05,2.07408076e-06,0.000158729541,0.02506425726,5.861931860000001e-05,2.07408076e-06,0.011536229800000002,2.53779245e-07,0.00013333956299999998,-0.018606975049999995,1.0220430494700001,-0.008334435159999999,-0.01072508645,-0.010906621699999999,2.05734554e-06,5.8399129e-05
113,1688200800,0.00163546485,0.0017690881400000001,0.0460586065,-0.773363669,0.07695234799999999,0.034470361,0.05670173090000001,0.047101437499999996,0.0001006372684,0.0009682053369999999,0.000133673312,1.171551785e-08,1.0675756690000001e-08,1.5089176199999997e-08,3.12945272e-08,5.88772333e-08,8.780935499999999e-08,1.132031156e-07,0.0006871093610000001,0.00012610399150000002,4.114972410000001e-06,88.0225935,57.721393,6.2878542e-08,7.5197961300000005,0.000696082759,0.024520326500000002,5.90370647e-05,2.28865936e-06,0.001189038154,0.0613118728,5.90370647e-05,2.28865936e-06,0.0115874046,4.03588178,5.90370647e-05,2.28865936e-06,0.00019800872199999997,0.050455470950000005,5.90370647e-05,2.28865936e-06,0.011561603600000001,2.6290763200000006e-07,0.000133934676,0.0171890837,1.1134314806,-0.00823983081,-0.010726905499999998,-0.0109126344,2.26469669e-06,5.85696415e-05
113,1688201400,0.0015403016779999999,0.0016740408799999999,0.004682790359999999,-1.2199093339999998,0.06873959799999999,0.035096116999999996,0.045563891300000006,0.0381761654,0.00013670410000000003,0.000936922357,0.000133918828,6.52957989e-09,1.079065804e-08,1.063008495e-08,2.6161863699999998e-08,3.50883605e-08,4.92552733e-08,8.17341745e-08,0.0005550982450000001,0.000211439539,3.1787174400000003e-06,92.40936300000001,68.52719379999999,5.97965696e-08,7.41330252,0.000666932019,0.021518706,6.480418890000001e-05,3.24368654e-06,0.001030240262,0.0500674198,6.480418890000001e-05,3.24368654e-06,0.01157958925,4.0333060199999995,6.480418890000001e-05,3.24368654e-06,0.000189802182,0.0342785277,6.480418890000001e-05,3.24368654e-06,0.011563397899999998,4.96620993e-07,0.0001342097,-0.096004721298,1.3438631629999997,-0.008436498570000001,-0.010690963099999999,-0.01092133985,3.2557996599999994e-06,6.458762869999999e-05
113,1688202000,0.001288116336,0.001422332933,-0.0328357683,-1.29013423,0.0639394518,0.032364054600000004,0.040201226699999995,0.035101071500000004,0.00013543345209999998,0.0009206613490000002,0.000134309141,6.0335275400000006e-09,1.2536732749999998e-08,1.065650827e-08,3.21227065e-08,3.87064546e-08,3.97977537e-08,8.456936260000001e-08,0.000443941946,0.000195895522,3.875457339999999e-06,94.07888349999999,67.72260270000001,5.145638119999999e-08,7.560269659999999,0.000636794273,0.019143636999999998,6.48750499e-05,2.9472572799999998e-06,0.0009521365969999999,0.04087858030000001,6.48750499e-05,2.9472572799999998e-06,0.01160834955,4.05552459,6.48750499e-05,2.9472572799999998e-06,0.000192680054,0.05686991524,6.48750499e-05,2.9472572799999998e-06,0.01158509095,3.45416596e-07,0.000134560322,-0.31525275859999996,2.3201386336,-0.008794357519999999,-0.010719580400000001,-0.0109197581,2.9304416999999996e-06,6.409266919999999e-05
113,1688202600,0.0034220956100000006,0.0035557133199999994,0.0037636538999999995,-1.46929971,0.09724046990000002,0.0529680292,0.06847708890000001,0.05970182189999999,0.00029286581800000005,0.0020183089,0.00013373703999999999,1.383029348e-08,1.496608609e-08,2.8682569299999996e-08,5.0670919600000005e-08,6.70758697e-08,7.35648128e-08,1.9556428599999997e-07,0.0014173172830000001,0.00028923919,3.8992148300000005e-06,88.08928159999999,63.14542279999999,1.2224022799999997e-07,7.32797976,0.0009707041870000001,0.0451763099,6.748141730000002e-05,2.98795434e-06,0.00167936259,0.1271151385,6.748141730000002e-05,2.98795434e-06,0.01162956405,4.14479374,6.748141730000002e-05,2.98795434e-06,0.000255488872,0.16361342291,6.748141730000002e-05,2.98795434e-06,0.011558557649999999,4.4336585599999993e-07,0.00013404440800000002,-0.11260629602999998,3.4678741926,-0.00783502736,-0.010638305600000002,-0.010852075800000001,2.82392049e-06,6.32904151e-05
113,1688203200,0.00118500319,0.00131865266,-0.006433116179999999,-1.2660173899999998,0.0606393494,0.03130007059999999,0.0403137306,0.0339010348,0.00011539011810000001,0.000756600515,0.00013369384999999996,6.765579479999999e-09,9.23935268e-09,1.9038775e-08,2.8756167099999998e-08,4.6020464e-08,4.78526535e-08,8.78303234e-08,0.000436856901,0.0001521754011,3.1695294100000005e-06,90.69569800000001,62.099753299999996,4.80032905e-08,7.5235252,0.000611668449,0.0182078611,5.9333993e-05,2.1476619299999995e-06,0.000953625826,0.0392377634,5.9333993e-05,2.1476619299999995e-06,0.011586840550000001,4.03692344,5.9333993e-05,2.1476619299999995e-06,0.000173416358,0.050126612444,5.9333993e-05,2.1476619299999995e-06,0.0115598361,2.43239358e-07,0.000133873571,-0.012059703100000003,3.313937154,-0.00830873665,-0.01076375885,-0.0109410382,2.11263936e-06,5.8257204e-05
113,1688203800,0.0015417861539999997,0.0016754207,-0.0025062290380000003,-1.263554724,0.0659270127,0.035238518,0.0464639179,0.0396012085,0.0001678680244,0.0010616778410000001,0.000133802483,8.813081210000002e-09,9.68904718e-09,1.9806704199999998e-08,3.00731268e-08,4.54886541e-08,5.0026412099999995e-08,9.61900026e-08,0.000656376482,0.00011092267750000002,3.14400968e-06,88.01560200000002,55.8072948,5.98508072e-08,7.5112986699999995,0.000670211474,0.02202088845,6.99815511e-05,3.64880216e-06,0.0011432529650000002,0.057999577200000006,6.99815511e-05,3.64880216e-06,0.011586932650000001,4.0478371,6.99815511e-05,3.64880216e-06,0.00019349334899999997,0.055853807740000004,6.99815511e-05,3.64880216e-06,0.01155956685,4.974835880000001e-07,0.000134122409,-0.23452579936,2.1879804766999995,-0.00804175991,-0.01066588505,-0.010884360000000001,3.63587085e-06,6.89207219e-05
113,1688204400,0.0010941181370000001,0.001227350337,-0.01296518026,-0.745520907,0.0658895106,0.028751344699999997,0.043013812900000004,0.034463551,8.892215589999998e-05,0.0006810734230000001,0.00013351138700000003,1.049532336e-08,1.3291139149999999e-08,2.1896404000000003e-08,3.2289724100000006e-08,4.3290614699999995e-08,4.56269129e-08,8.30294116e-08,0.000415576821,0.0001274460696,3.46064116e-06,91.62503770000001,59.9662785,4.49290901e-08,7.5296438000000006,0.0005775890469999999,0.017543356099999997,8.22750281e-05,5.30033195e-06,0.0009253860279999999,0.0378106035,8.22750281e-05,5.30033195e-06,0.0115591695,4.0165549,8.22750281e-05,5.30033195e-06,0.000189006936,0.028274769560000003,8.22750281e-05,5.30033195e-06,0.0115454179,7.63749527e-07,0.00013406202100000003,-1.1226013067,11.783655742,-0.0067007098,-0.010572877500000001,-0.010840420049999997,5.52500755e-06,8.47811807e-05
113,1688205000,0.0012709315900000001,0.0014042394,0.01906846812,-0.9830556429999999,0.06761456390000001,0.0315294542,0.046463918300000004,0.0371261331,0.00011309798159999998,0.0008280340210000001,0.00013348035600000002,7.08527344e-09,9.1888217e-09,1.6961574599999997e-08,2.9133347900000004e-08,4.42530175e-08,5.8766884399999996e-08,8.12931852e-08,0.000493559651,0.0001386956535,2.76671852e-06,91.135095,59.9133094,5.0858696600000005e-08,7.5575511,0.000619049154,0.0193172509,7.18626188e-05,4.02036185e-06,0.001009980802,0.044076010000000006,7.18626188e-05,4.02036185e-06,0.011580336200000001,4.04192446,7.18626188e-05,4.02036185e-06,0.000186029883,0.055643367619999995,7.18626188e-05,4.02036185e-06,0.011544790199999998,4.92890416e-07,0.00013377531299999998,-0.5754185365000001,3.9407050283000005,-0.00845940347,-0.0106433837,-0.0108654159,4.03955775e-06,7.09694697e-05
113,1688205600,0.000675789071,0.0008089870830000002,0.0245405947,-0.844039819,0.05058904439999999,0.023325404200000004,0.0309384449,0.0241882378,6.05614479e-05,0.0004750116129999999,0.00013361388199999998,7.195011849999999e-09,8.382723320000002e-09,1.2484610800000002e-08,4.9360887e-08,4.8179194599999997e-08,4.7821833800000006e-08,6.85768954e-08,0.00020029524599999996,0.0001337210234,3.1906689300000004e-06,97.06194500000001,65.4831558,3.10530335e-08,7.8055945499999995,0.00052031396,0.014209091799999999,8.04510574e-05,5.81153487e-06,0.00063042398,0.01833768915,8.04510574e-05,5.81153487e-06,0.01155013505,4.0150835,8.04510574e-05,5.81153487e-06,0.000150732148,0.022557224246000002,8.04510574e-05,5.81153487e-06,0.011543368200000001,1.07124387e-06,0.00013432145400000002,-0.6945856661999998,3.7615191529999996,-0.007305134,-0.010309033450000001,-0.0106634349,6.019258739999999e-06,8.145882290000002e-05
113,1688206200,0.000776476293,0.0009094433940000001,-0.05095812240000001,-0.38269466659999996,0.0549766788,0.0238651732,0.0373511401,0.028050856300000003,4.55900779e-05,0.000479164733,0.000133044153,5.1652029000000004e-09,6.891219289999999e-09,1.32954866e-08,2.6198109900000004e-08,3.2836261800000004e-08,4.6041388199999996e-08,6.06342444e-08,0.000225716037,0.00015915029900000002,3.0696552199999998e-06,97.6685985,68.49859909999999,3.44378351e-08,7.539024,0.0005097825289999999,0.0132534093,6.487470080000001e-05,2.9419323899999997e-06,0.000687310147,0.02066164275,6.487470080000001e-05,2.9419323899999997e-06,0.0115510799,4.00992133,6.487470080000001e-05,2.9419323899999997e-06,0.00014658994799999998,0.0450065163,6.487470080000001e-05,2.9419323899999997e-06,0.0115270101,2.95488913e-07,0.00013316808399999999,-0.276081095,2.1480800130000004,-0.009112293099999998,-0.010740114700000001,-0.01092303465,2.9506763599999993e-06,6.442667830000001e-05
113,1688206800,0.000643842095,0.000777017602,-0.01834995335,-0.5565252023999999,0.053064120699999995,0.0225404243,0.031388458800000005,0.023213208899999997,5.933046659999999e-05,0.00046246034800000006,0.00013324902399999998,6.30697777e-09,7.16276494e-09,1.308718075e-08,2.1659971960000002e-08,3.1756860099999995e-08,4.33781626e-08,4.72541017e-08,0.0001794941816,0.000138818197,3.28006352e-06,97.9142766,66.9799889,3.0040862899999995e-08,7.621498470000001,0.00047495616199999996,0.01146129255,6.49212142e-05,2.8790908e-06,0.0006097062599999999,0.0166004013,6.49212142e-05,2.8790908e-06,0.01155793235,4.010667740000001,6.49212142e-05,2.8790908e-06,0.00013327405200000002,0.039069078730000005,6.49212142e-05,2.8790908e-06,0.0115417966,2.81025945e-07,0.00013349487699999997,-0.36857614690000007,4.4239837699999995,-0.00808057147,-0.010772737099999999,-0.0109505876,2.8993385999999998e-06,6.43658391e-05
113,1688207400,0.000493446514,0.00062660482,-0.02412599528,-0.924625235,0.051151561400000004,0.020537507900000005,0.023625721100000004,0.0182630576,2.7528529099999997e-05,0.000332444523,0.00013345532100000003,1.129374062e-08,1.2700425890000001e-08,2.0306414099999998e-08,2.4366241499999997e-08,4.82217124e-08,4.22203578e-08,1.755255689e-07,6.231008905e-05,0.000180638392,3.1019444699999996e-06,103.7791837,80.7788256,2.5022846700000004e-08,7.823839769999999,0.000463599432,0.012468595749999999,7.44286869e-05,4.648438429999999e-06,0.000370126572,0.007037587690000001,7.44286869e-05,4.648438429999999e-06,0.0115505561,4.010474810000001,7.44286869e-05,4.648438429999999e-06,0.00016316115760000002,0.027742436000000002,7.44286869e-05,4.648438429999999e-06,0.0115443548,8.08943481e-07,0.000134081414,-0.6228138357499999,7.69721512514,-0.005467737710000001,-0.010578401500000001,-0.010836725100000002,4.7035034400000006e-06,7.388763209999999e-05
113,1688208000,0.000751252598,0.00088454199,-0.005812383699999999,-1.0460450060000002,0.0490514968,0.0246676531,0.031725968199999996,0.026025794300000005,2.96668547e-05,0.000433576434,0.000133552018,9.407630920000002e-09,8.506865089999998e-09,1.06594376e-08,2.1181459599999997e-08,3.3147146400000006e-08,3.3197419200000004e-08,5.5977137599999996e-08,9.833722209999999e-05,0.00027371408,3.1257484999999997e-06,106.2051595,90.490655,3.36089715e-08,7.58847715,0.000505966639,0.01276491025,7.33780287e-05,4.669383610000001e-06,0.000461111664,0.009530703469999999,7.33780287e-05,4.669383610000001e-06,0.011558850649999999,4.01642694,7.33780287e-05,4.669383610000001e-06,0.0001533590921,0.028977421559999994,7.33780287e-05,4.669383610000001e-06,0.0115466965,6.831452609999999e-07,0.000134010778,-0.41473840910000004,3.97258273495,-0.007391157665,-0.01067088515,-0.010909206000000001,4.76301004e-06,7.3732201e-05
113,1688208600,0.00096024345,0.0010937726,-0.05640692599999999,-0.923140504,0.061351872099999996,0.0273393928,0.036901126299999996,0.0300759178,3.8873944200000004e-05,0.00052945238,0.000133992256,2.2110659300000004e-08,9.371014819999998e-09,3.47771559e-08,3.12722873e-08,4.51188166e-08,1.3584000699999998e-07,1.266890835e-07,0.0001316461782,0.00034381754500000005,3.76689132e-06,102.36555460000001,95.816058,4.05161018e-08,7.5564551699999996,0.0006038210019999999,0.0199212279,8.22092429e-05,6.4511458200000006e-06,0.000551918515,0.014434693299999999,8.22092429e-05,6.4511458200000006e-06,0.011587286050000001,4.069213459999999,8.22092429e-05,6.4511458200000006e-06,0.0001922806455,0.06717157227000001,8.22092429e-05,6.4511458200000006e-06,0.01155985545,1.2163022189999998e-06,0.000134847205,-0.69419020337,4.1859864379,-0.007014824480000001,-0.01037922195,-0.010730362700000001,6.447836900000001e-06,8.13235518e-05
113,1688209200,0.000924463997,0.001058047237,-0.0699538217,-0.600867864,0.057451752599999996,0.0259600021,0.039338701000000004,0.0303759273,6.11641042e-05,0.0005602849800000001,0.00013362189800000004,4.8203427499999996e-09,9.27005675e-09,9.81095133e-09,2.78669278e-08,3.11614755e-08,3.4015591199999994e-08,8.31026626e-08,0.0002390675866,0.00021924316399999998,3.6643410500000003e-06,100.16568299999999,78.25566169999999,3.93781573e-08,7.62683196,0.0005480858830000001,0.01500103585,5.88258276e-05,2.20208917e-06,0.000670207677,0.0219677872,5.88258276e-05,2.20208917e-06,0.0115761852,4.0225231400000006,5.88258276e-05,2.20208917e-06,0.000137767792,0.040767917,5.88258276e-05,2.20208917e-06,0.0115546441,2.1129151499999997e-07,0.000133722429,-0.01107164003,0.2838436911000001,-0.0094603599,-0.0108065444,-0.010971399699999999,2.17852394e-06,5.8479217299999995e-05
113,1688209800,0.000779779152,0.000913603553,-0.030303914299999995,-0.90158019,0.05512668229999999,0.0247809807,0.032025978,0.0258757899,6.69261435e-05,0.0005445210320000002,0.000134079532,7.065114959999998e-09,1.0880759719999999e-08,1.4744053599999998e-08,3.02932273e-08,3.993058149999999e-08,4.057776330000001e-08,9.08111695e-08,0.0001811435506,0.000203807055,4.39395223e-06,97.7224034,78.3991066,3.45330098e-08,7.66408612,0.000537180909,0.0145517029,7.98589339e-05,5.25834276e-06,0.000573471401,0.01697415638,7.98589339e-05,5.25834276e-06,0.01158611955,4.05277686,7.98589339e-05,5.25834276e-06,0.00016392365849999998,0.05825576603,7.98589339e-05,5.25834276e-06,0.01156434625,6.776959450000001e-07,0.00013441542500000002,-0.70866244,4.291782826,-0.00794264338,-0.01055343965,-0.01084281595,5.24455622e-06,7.72700158e-05
113,1688210400,0.0016073614100000002,0.00174204284,0.010890964762999996,-1.195023614,0.07166468940000001,0.035926249099999995,0.050964055900000006,0.0430888153,5.568060119999999e-05,0.000822090816,0.000135084269,1.4890481759999998e-08,1.3866798820000003e-08,1.777483585e-08,3.5390393299999996e-08,4.56011796e-08,5.0621745500000005e-08,1.23069798e-07,0.0006000061119999999,0.00019910752200000002,3.83583973e-06,92.7000254,64.56050450000001,6.2024203e-08,7.5182123,0.000700844696,0.0236129739,8.539111919999999e-05,6.36194307e-06,0.001136719125,0.054172223900000004,8.539111919999999e-05,6.36194307e-06,0.01163744405,4.096252229999999,8.539111919999999e-05,6.36194307e-06,0.0001796795184,0.06305846517000001,8.539111919999999e-05,6.36194307e-06,0.011608700700000002,1.023781562e-06,0.000135786229,-0.71949138034,4.7256857005,-0.00751422068,-0.010489638450000002,-0.010834834999999998,6.50594653e-06,8.585296480000001e-05
113,1688211000,0.0017264686,0.00186062364,0.005305096019999999,-0.516574473,0.0825025193,0.0343113182,0.0619143904,0.0498390217,7.11556864e-05,0.000915426873,0.000134463827,6.426026600000001e-09,7.255235759999999e-09,1.5161137599999997e-08,4.42406527e-08,3.10097242e-08,4.43008251e-08,1.209040234e-07,0.000620195874,0.000239750858,2.58307993e-06,95.7012297,68.1265903,6.60379412e-08,7.24990583,0.000666692835,0.024269251,7.676062889999999e-05,4.86372265e-06,0.0011414356019999999,0.0553181997,7.676062889999999e-05,4.86372265e-06,0.011616103200000002,4.08558478,7.676062889999999e-05,4.86372265e-06,0.000181993001,0.0724222956,7.676062889999999e-05,4.86372265e-06,0.011583328550000003,7.96442085e-07,0.000134971344,-0.7717021292000001,5.025122326,-0.00801288538,-0.010619705949999999,-0.0109138137,4.93372186e-06,7.63691287e-05
113,1688211600,0.006007776019999999,0.00614129316,0.01586071336,-0.4336016508,0.134479106,0.0558539153,0.10421567940000001,0.0913527879,0.00018941424,0.003178068515,0.000134048143,4.23360945e-08,3.2492556e-08,3.63825878e-08,5.98857513e-08,8.217047650000001e-08,8.39990921e-08,1.649668899e-07,0.002705761234,0.000290725846,6.26911339e-06,87.140299,64.2964729,2.082059785e-07,7.1142065599999995,0.001080788709,0.0697247909,7.65640772e-05,4.12931359e-06,0.0020462114700000003,0.2408834433,7.65640772e-05,4.12931359e-06,0.011637342949999999,4.17543474,7.65640772e-05,4.12931359e-06,0.000310676977,0.1940492915,7.65640772e-05,4.12931359e-06,0.01154220135,1.010395273e-06,0.00013409923300000004,-0.27206030223,16.1613014339,-0.0033258117200000007,-0.01064997005,-0.0108805396,3.3180507500000003e-06,6.724546010000001e-05
113,1688212200,0.01053392602,0.01066827657,0.07524179350000001,-0.983916854,0.18139303699999998,0.08513932459999998,0.1545797196,0.14089180299999998,0.000303231501,0.0049393319300000006,0.000134672642,4.4870159920000003e-08,5.0285409800000005e-08,7.56460627e-08,1.011672164e-07,1.458120936e-07,2.423898149e-07,2.7401148100000003e-07,0.00496547895,0.00029201500399999995,8.179133859999998e-06,77.420239,54.71337630000001,3.5867922300000007e-07,6.837829500000001,0.0015713852799999998,0.12262843739999998,8.28031832e-05,5.2171262e-06,0.00321501774,0.43835999500000006,8.28031832e-05,5.2171262e-06,0.011689046100000001,4.21741638,8.28031832e-05,5.2171262e-06,0.000292644552,0.19391539810000002,8.28031832e-05,5.2171262e-06,0.01159546735,9.64000592e-07,0.000135386781,-0.6851762271,30.593138301499998,-0.002884498512,-0.010592649899999999,-0.0108708259,5.09179981e-06,7.910778879999998e-05
113,1688212800,0.00383556789,0.0039694121999999995,0.158115661,-0.6138951029999999,0.12157871149999999,0.050085636600000004,0.09907802650000001,0.08779018000000001,0.00010514940169999997,0.0018137522699999999,0.000134022374,1.2166683829999999e-08,1.223964494e-08,1.6568123699999998e-08,2.80883762e-08,4.5951317100000006e-08,5.9067792399999997e-08,1.0237833890000001e-07,0.0016382451499999998,0.00026991410799999995,9.084188750000001e-06,85.7088171,60.269901000000004,1.3609696600000001e-07,6.839540659999999,0.000983150655,0.045361521599999996,6.913520869999998e-05,3.49242934e-06,0.00187726852,0.145178568,6.913520869999998e-05,3.49242934e-06,0.0116341326,4.13503223,6.913520869999998e-05,3.49242934e-06,0.00022013179999999999,0.136992174,6.913520869999998e-05,3.49242934e-06,0.01156578875,4.7165899199999997e-07,0.000134239447,-0.32001052524,3.1195492,-0.00853901606,-0.01078212005,-0.01097981885,3.3524746599999996e-06,6.56033078e-05
113,1688213400,0.0026217977500000004,0.00275531594,0.1493702806,-0.398261478,0.1036156646,0.040639610500000006,0.0812274808,0.06832708619999998,0.00014954017720000002,0.0013864192500000001,0.00013376064,1.1562500509999998e-08,1.027890402e-08,1.573759445e-08,2.41082453e-08,1.008614529e-07,6.2097197e-08,7.25617319e-08,0.0009514785219999998,0.000351502595,7.339066400000001e-06,92.8747984,72.8574725,9.570597090000002e-08,7.10481637,0.0008140811,0.034536583700000005,7.521991890000001e-05,4.785559659999999e-06,0.0013768633239999999,0.08499407029999999,7.521991890000001e-05,4.785559659999999e-06,0.011603045949999998,4.08483658,7.521991890000001e-05,4.785559659999999e-06,0.00019122986199999998,0.09199952410000001,7.521991890000001e-05,4.785559659999999e-06,0.011551395099999999,7.07179974e-07,0.000134142964,-0.6640704875,5.588886874399999,-0.007167596379999999,-0.0106184006,-0.010881219900000001,4.796506779999999e-06,7.47122042e-05
113,1688214000,0.00443945929,0.004572475309999999,0.1277926122,-0.49073279200000003,0.12934144949999998,0.05247321169999999,0.1090158274,0.0949528968,0.0001003454804,0.0020577168499999994,0.000133232215,1.70899877e-08,1.79604301e-08,2.17849489e-08,3.9940310800000005e-08,2.2053738099999996e-07,7.06628671e-08,1.122717252e-07,0.0018055208599999997,0.000403902126,9.55378055e-06,87.70617949999999,64.87955589999999,1.5593119e-07,6.9176496599999995,0.0010772721,0.0585924251,6.50287756e-05,3.06647971e-06,0.00196529699,0.16006609900000002,6.50287756e-05,3.06647971e-06,0.011561707,4.028649549999999,6.50287756e-05,3.06647971e-06,0.00018046879200000001,0.05667271560000001,6.50287756e-05,3.06647971e-06,0.0115298029,8.1405626e-07,0.00013375017499999998,-0.12284750845999999,4.258221807699999,-0.007361069076000001,-0.0106117422,-0.0109188013,3.16598617e-06,6.528283810000001e-05
113,1688214600,0.00437232733,0.0045055263300000006,0.0778507732,-0.449307591,0.126791369,0.051524870099999995,0.10740327999999999,0.0936028569,0.00013109481370000001,0.00207090497,0.000133542771,2.9751964600000003e-08,1.6361006430000003e-08,4.88309386e-08,3.9419652899999995e-08,6.40761568e-08,8.231523059999999e-08,1.20811416e-07,0.0017429133400000002,0.0004346124409999999,7.83844739e-06,86.9179133,66.27277300000002,1.5375506600000002e-07,6.883755740000001,0.0010278633640000002,0.0516375791,7.69587938e-05,4.772041519999999e-06,0.0019332820699999999,0.154758065,7.69587938e-05,4.772041519999999e-06,0.011593110200000001,4.09135687,7.69587938e-05,4.772041519999999e-06,0.00020193999200000004,0.10054062504999998,7.69587938e-05,4.772041519999999e-06,0.0115430724,9.146621589999999e-07,0.00013413150099999998,-0.5112160245,5.7330677904,-0.007725982499999999,-0.010689344850000001,-0.010926188,4.8110219900000005e-06,7.573989369999999e-05
113,1688215200,0.00298190318,0.0031154277599999996,0.0814686845,-0.554780217,0.11160340630000001,0.0436320713,0.08370255350000001,0.07050215169999999,0.0001281124182,0.001572337075,0.000133593871,1.360665325e-08,1.447078766e-08,1.9213026769999996e-08,2.8889319399999997e-08,4.54736201e-08,5.6382011500000004e-08,9.39434091e-08,0.000998190647,0.00048498570400000007,7.43391858e-06,91.94182500000001,80.3880403,1.076166643e-07,7.068979929999999,0.0008539479970000001,0.0345681016,6.98088003e-05,3.0496032799999996e-06,0.0013659207340000002,0.0865211153,6.98088003e-05,3.0496032799999996e-06,0.011649485499999999,4.19741023,6.98088003e-05,3.0496032799999996e-06,0.00023765882,0.2213232046,6.98088003e-05,3.0496032799999996e-06,0.0115526603,2.2075289100000002e-07,0.000133685345,-0.1135189641,0.9058576775999999,-0.0095333424,-0.010835794400000001,-0.0110048852,2.6424067699999997e-06,6.10925358e-05
113,1688215800,0.00289079853,0.00302445033,0.07532562480000002,-0.433169089,0.11002835770000001,0.0430422486,0.08580262140000001,0.0729772268,0.0001022312895,0.0014245520600000001,0.00013376727,9.000777809999999e-09,8.58487506e-09,1.3259529400000001e-08,2.2906514899999997e-08,3.64074698e-08,4.11982546e-08,7.11448803e-08,0.0009821030270000001,0.00045749253300000003,5.4334494299999995e-06,95.70043460000001,75.55234389999998,1.04650886e-07,6.97800722,0.000852134808,0.0341685552,6.68990975e-05,3.3294690299999997e-06,0.0014321145300000002,0.0855788394,6.68990975e-05,3.3294690299999997e-06,0.0116079402,4.081019289999999,6.68990975e-05,3.3294690299999997e-06,0.000185060962,0.08946543240000002,6.68990975e-05,3.3294690299999997e-06,0.0115557827,3.2486763200000006e-07,0.00013386207700000002,-0.30091663280000003,4.376245505999999,-0.008541628850000002,-0.010795965799999998,-0.0109734521,3.1332368600000002e-06,6.32657762e-05
113,1688216400,0.0030154302200000004,0.0031489720400000006,0.07562824870000001,-0.42621462499999996,0.10894082549999999,0.0439320005,0.0882401925,0.0738772543,9.573444399999998e-05,0.0014667373799999999,0.000133663568,1.004254649e-08,1.091650553e-08,1.41633185e-08,2.2136091000000003e-08,3.89560819e-08,4.2665156e-08,7.13133888e-08,0.0009808877370000003,0.0005212273379999999,5.24053172e-06,95.5941971,78.7125102,1.0874430680000001e-07,7.016020069999999,0.0008597081379999999,0.035062838299999996,6.61805873e-05,2.89334092e-06,0.0014358004800000001,0.08673447410000001,6.61805873e-05,2.89334092e-06,0.0116209,4.119146550000001,6.61805873e-05,2.89334092e-06,0.00022175944400000002,0.1339466354,6.61805873e-05,2.89334092e-06,0.01154752,2.79330603e-07,0.00013362555500000001,-0.282598075,6.6265233499,-0.008282111259999999,-0.01081722745,-0.0109967248,2.5646556499999996e-06,6.18694574e-05
113,1688217000,0.00222497228,0.00235790221,0.07928576500000001,-0.43493413500000006,0.095440412,0.03814171400000001,0.0745897778,0.061351871200000005,7.082744829999999e-05,0.001081939347,0.000132967968,7.330732669999999e-09,7.819041850000001e-09,1.080937067e-08,1.76636942e-08,2.8792589299999998e-08,3.34263361e-08,5.44897758e-08,0.0006013765719999999,0.000505499357,5.39488976e-06,98.59194650000002,86.94892899999999,8.252617689999999e-08,7.028228970000001,0.00074356354,0.026489790000000003,6.082587760000001e-05,2.17647223e-06,0.0011106991789999999,0.053341321799999994,6.082587760000001e-05,2.17647223e-06,0.011589460300000002,4.08369995,6.082587760000001e-05,2.17647223e-06,0.00017955468,0.11499005907,6.082587760000001e-05,2.17647223e-06,0.0115321031,1.53112343e-07,0.00013314330499999998,-0.006945679199999999,0.6739918255000001,-0.009468558480000002,-0.010891638749999998,-0.0110375798,2.0190532099999998e-06,5.82166074e-05
113,1688217600,0.0023728986299999997,0.00250640252,0.06970124200000001,-0.739864826,0.095140403,0.040835306800000006,0.0743272703,0.06086435749999999,5.44273475e-05,0.00113407518,0.000133590631,1.000080676e-08,1.5720243459999998e-08,1.4214462800000001e-08,2.11160586e-08,3.67582382e-08,4.237343909999999e-08,5.063363659999999e-08,0.0006534706810000001,0.000526844405,5.67068929e-06,101.6748781,85.54235400000002,8.74351924e-08,7.0587171699999995,0.000797572962,0.0291048097,6.522366249999999e-05,2.7073914000000003e-06,0.0011859845400000002,0.0587844987,6.522366249999999e-05,2.7073914000000003e-06,0.0116256424,4.12611311,6.522366249999999e-05,2.7073914000000003e-06,0.00021080038599999998,0.13913436740000001,6.522366249999999e-05,2.7073914000000003e-06,0.0115542735,3.1102342800000004e-07,0.000133813153,-0.20131921871,2.7301783709999996,-0.008589096119999999,-0.0108285833,-0.0110143416,2.60447702e-06,6.133714070000002e-05
113,1688218200,0.0023321189,0.00246576551,0.039628245699999995,-0.741109014,0.0938278642,0.04033261479999999,0.07245221219999999,0.0582017764,8.44485707e-05,0.0011577773599999999,0.00013373701399999998,6.50939809e-09,9.78195541e-09,1.0902992459999998e-08,3.4765464500000005e-08,3.2816129599999996e-08,3.18742262e-08,5.85611536e-08,0.000599888007,0.000559827399,6.0180376699999995e-06,103.4068209,89.1692756,8.60637218e-08,7.101154079999999,0.000797805477,0.029205860000000007,6.6293121e-05,3.03102607e-06,0.001119484277,0.0535277737,6.6293121e-05,3.03102607e-06,0.0116244439,4.11535395,6.6293121e-05,3.03102607e-06,0.00019447733600000001,0.1203538006,6.6293121e-05,3.03102607e-06,0.0115557157,3.13783114e-07,0.000133849242,-0.32582992410000006,3.6157642843000004,-0.008709346359999998,-0.0107538378,-0.010953742749999999,2.90738234e-06,6.35955227e-05
113,1688218800,0.00247913974,0.0026129912200000003,0.0383780197,-0.48729440099999993,0.09840300319999999,0.0406412353,0.0782273876,0.0638644493,7.16926846e-05,0.0011934856459999998,0.000133929873,8.46932498e-09,9.4380131e-09,1.261629384e-08,2.1825464499999996e-08,4.17000836e-08,6.21143525e-08,8.31999222e-08,0.00061626703,0.000616823542,6.111519149999999e-06,101.8631845,91.053773,9.0898758e-08,7.17976082,0.000807435215,0.031671540799999995,6.45661346e-05,2.97539709e-06,0.0011378704159999999,0.0549333233,6.45661346e-05,2.97539709e-06,0.011606694400000001,4.072957489999999,6.45661346e-05,2.97539709e-06,0.000178838122,0.0830189361,6.45661346e-05,2.97539709e-06,0.011569024,2.85675283e-07,0.000134128866,-0.8179990228999999,20.667700473500002,-0.0083630666,-0.01079322625,-0.010984353999999998,2.9317484500000004e-06,6.32050498e-05
113,1688219400,0.00235081157,0.00248556597,0.05236201289999999,-0.5736447060000001,0.0957779255,0.0398269237,0.0752647974,0.0610143631,7.682456600000001e-05,0.001168855634,0.00013485469999999997,1.156294203e-08,9.69371202e-09,1.1441114149999999e-08,2.27061877e-08,4.33804358e-08,6.074431809999999e-08,8.756420559999999e-08,0.000624047817,0.0005438116689999999,7.120438489999999e-06,101.11432549999999,87.9966045,8.669721589999999e-08,7.249131290000001,0.000803617255,0.030961456299999995,6.616795179999999e-05,3.02674084e-06,0.00113744274,0.055802333399999994,6.616795179999999e-05,3.02674084e-06,0.011662744249999999,4.12145547,6.616795179999999e-05,3.02674084e-06,0.00021117142,0.1021150756,6.616795179999999e-05,3.02674084e-06,0.011608703049999999,3.44575657e-07,0.00013510711200000002,-0.3182323675,5.572114899999999,-0.007091394379999999,-0.010823100450000001,-0.0110159962,2.96329768e-06,6.5676492e-05
113,1688220000,0.0034670916699999998,0.0036014026900000004,0.039092257899999996,-0.48706523200000007,0.1182411106,0.04708304320000001,0.0940153705,0.07980243520000001,0.0001032995949,0.00168124525,0.00013455396999999998,1.176446858e-08,1.3094482629999998e-08,1.6355490100000002e-08,3.3016048100000006e-08,4.9016797199999996e-08,6.887883380000001e-08,1.0703247549999998e-07,0.001150135716,0.00057764166,5.21727491e-06,95.47719989999999,78.06926619999999,1.2379174800000004e-07,7.10824533,0.0009633789490000001,0.043023979000000004,7.10667179e-05,3.90399715e-06,0.0015642568700000002,0.1022885982,7.10667179e-05,3.90399715e-06,0.011652691750000001,4.1482402,7.10667179e-05,3.90399715e-06,0.00023279838500000002,0.1392660248,7.10667179e-05,3.90399715e-06,0.0115917454,6.75274916e-07,0.000135042106,-0.001162537600000045,12.288122225999999,-0.006792051149999999,-0.0106270893,-0.010907615150000001,3.8103049800000005e-06,6.79640568e-05
113,1688220600,0.0032404757,0.00337456909,0.07340285289999998,-0.5812401239999999,0.111265897,0.0464123221,0.090640266,0.07590231609999999,8.381096499999999e-05,0.00156893705,0.000134143892,9.28420837e-09,1.0676623639999999e-08,2.9786665799999997e-08,2.97308787e-08,4.97698623e-08,4.68862095e-08,8.029419180000001e-08,0.0010631601679999998,0.000550862071,5.86991082e-06,97.17823899999999,78.34319990000002,1.1620217900000001e-07,7.06552157,0.000926306465,0.0390529581,6.376397209999999e-05,2.53254058e-06,0.00149626275,0.0935083998,6.376397209999999e-05,2.53254058e-06,0.0116258394,4.090557500000001,6.376397209999999e-05,2.53254058e-06,0.00017651216540000002,0.0909724678,6.376397209999999e-05,2.53254058e-06,0.0115775107,2.39401266e-07,0.00013427885599999999,0.016502401500000003,0.3503636586,-0.009035950300000001,-0.0107753515,-0.0109512833,2.30080821e-06,5.9298195200000004e-05
113,1688221200,0.041179799780000005,0.04131365097,0.06280081187,1.01446146,0.3015092049,0.09320144080000001,0.185368162,0.1606924005,0.014389191525299999,0.042702192560000005,0.00013399825,1.0872277452999999e-07,1.3020047968e-07,1.8714872819999996e-07,2.719155864e-07,4.25778061e-07,6.703536547e-07,1.4044443955999999e-06,0.020099363749999998,0.000476016867,1.1159514590000002e-05,87.4674342,68.970939,1.376513133e-06,7.02329577,0.0017808607690000002,0.4930940732,6.78364965e-05,3.1220600799999998e-06,0.0032753848699999997,1.7944992431,6.78364965e-05,3.1220600799999998e-06,0.011675677900000002,4.52393943,6.78364965e-05,3.1220600799999998e-06,0.000289578725,0.49305187915,6.78364965e-05,3.1220600799999998e-06,0.0115798123,9.813991790000001e-07,0.000134921719,0.006551361200000061,221.008043914,0.006705965380000001,-0.01061828115,-0.0108502559,4.47262087e-06,8.210830450000001e-05
113,1688221800,0.0054643530600000005,0.005598459750000001,0.0338390014,-0.96696414,0.135716644,0.06400349640000001,0.1125034345,0.0978779866,0.00010322545560000002,0.00248586812,0.00013415132699999996,1.3973637899999997e-08,1.4697457950000002e-08,3.35797418e-08,3.04324997e-08,4.5714859399999994e-08,6.834737070000001e-08,1.1072110379999999e-07,0.00215410842,0.000572504892,5.150900659999999e-06,93.0900392,67.95088999999999,1.90104287e-07,6.847076290000001,0.00121626404,0.06258466049999999,6.40988811e-05,2.42641249e-06,0.00214293398,0.18982921,6.40988811e-05,2.42641249e-06,0.0116709408,4.196076199999999,6.40988811e-05,2.42641249e-06,0.00024182626699999996,0.1894462235,6.40988811e-05,2.42641249e-06,0.0115845188,2.1654525100000002e-07,0.00013441823200000002,-0.030782324370000003,1.257050803965,-0.00882856625,-0.0108248861,-0.010992634900000003,2.1393970700000004e-06,5.9041331499999996e-05
113,1688222400,0.00458428318,0.0047183984499999995,0.007727496319999999,-1.18536745,0.1192161405,0.0600565252,0.09604043030000001,0.08284003040000001,0.00011984973879999999,0.00213433992,0.000134160468,1.1909140659999998e-08,1.69822023e-08,1.711466042e-08,3.39595619e-08,4.37722508e-08,5.6056629e-08,1.017190716e-07,0.0017851156039999996,0.0005016954540000001,4.99431334e-06,94.27868600000001,68.9475019,1.6094748200000002e-07,7.02905992,0.0011144469570000001,0.0524798879,6.29282858e-05,2.42956211e-06,0.0019317061,0.156964072,6.29282858e-05,2.42956211e-06,0.0116444666,4.145683010000001,6.29282858e-05,2.42956211e-06,0.000193768834,0.14304610423,6.29282858e-05,2.42956211e-06,0.011582285400000001,1.9630529199999998e-07,0.000134346833,-0.011184521700000009,0.6815546637000001,-0.00915064088,-0.010858658349999998,-0.01102154495,2.20247499e-06,5.912543520000001e-05
113,1688223000,0.005321724589999999,0.00545607265,0.014885680050000002,-1.2987666900000001,0.12457880350000002,0.0660387099,0.10245312850000002,0.0896652349,0.000135358692,0.0024567415299999997,0.00013439157500000001,1.1141473399999999e-08,1.53532359e-08,1.83842398e-08,3.05255658e-08,4.40247102e-08,5.79657694e-08,9.95790346e-08,0.0021340517199999994,0.0005221368489999999,4.28655472e-06,93.27948420000001,66.61906160000001,1.85491416e-07,6.977716119999999,0.0012093610600000001,0.060442352399999996,6.21633878e-05,2.3484441000000006e-06,0.0021318522,0.18794459,6.21633878e-05,2.3484441000000006e-06,0.01165605775,4.1485234,6.21633878e-05,2.3484441000000006e-06,0.000209763058,0.14050943349999998,6.21633878e-05,2.3484441000000006e-06,0.0115919533,1.99460859e-07,0.000134574107,0.030937771350000004,1.3276078982,-0.00900408796,-0.010858518250000001,-0.01102445355,2.20449316e-06,5.8898546e-05
113,1688223600,0.0018643669100000004,0.0019977556600000003,0.0637534456,-0.882231421,0.0788649066,0.0364851234,0.0568892379,0.0460514058,9.65176195e-05,0.001014511858,0.00013343238899999997,6.348699649999999e-09,8.78816179e-09,1.4676315150000002e-08,2.07449954e-08,3.40086842e-08,4.2656208e-08,6.65355299e-08,0.000579444082,0.000348228574,4.224586879999999e-06,100.39439999999999,81.17363040000001,7.04889301e-08,7.360268860000001,0.000705606031,0.02434088,6.0105410700000004e-05,2.37832068e-06,0.0010119409609999999,0.051663395599999995,6.0105410700000004e-05,2.37832068e-06,0.0115720048,4.02885023,6.0105410700000004e-05,2.37832068e-06,0.0001359682805,0.05162720089,6.0105410700000004e-05,2.37832068e-06,0.011547443099999999,2.0053147000000005e-07,0.000133544849,-0.01623147083,7.5616690363000005,-0.007832919990000001,-0.01083667025,-0.01099355065,2.2956336899999997e-06,5.9331354100000005e-05
113,1688224200,0.000855229346,0.0009889003010000001,-0.00018705209999999895,-1.068084556,0.0545641659,0.026239625999999995,0.034463551800000006,0.027825849200000002,3.05315947e-05,0.00047625960700000005,0.00013370970600000003,5.3653461199999996e-09,6.7166541e-09,9.0779534e-09,1.65642812e-08,3.1058932800000005e-08,3.8420337e-08,7.107919e-08,0.00010920429320000001,0.00031457654199999995,3.59605183e-06,106.96110199999998,95.49333709999999,3.70173981e-08,7.607793030000001,0.0005276621919999999,0.0136147969,5.922443139999999e-05,2.2495929999999996e-06,0.000450827999,0.01019950986,5.922443139999999e-05,2.2495929999999996e-06,0.0115945953,4.04605805,5.922443139999999e-05,2.2495929999999996e-06,0.0001539849064,0.05926456915,5.922443139999999e-05,2.2495929999999996e-06,0.01156241965,1.8384860400000001e-07,0.000133873801,0.0013063420000000048,0.7342622444,-0.008925882000000001,-0.0108665608,-0.0110233289,2.2266272300000003e-06,5.903454310000001e-05
113,1688224800,0.0009963641780000002,0.0011298430969999998,-0.01045910542,-0.9804809779999999,0.0622518995,0.0278886809,0.0392636991,0.0311634517,2.5624508899999998e-05,0.0005172066959999999,0.00013351789500000002,5.76751768e-09,1.069484064e-08,1.1605067199999999e-08,2.5635185199999997e-08,4.1421306799999996e-08,5.4773069299999994e-08,6.83914033e-08,0.00013053089620000002,0.000363694573,3.66571478e-06,106.4858115,97.7785581,4.16507451e-08,7.66429237,0.0005752611680000001,0.0165824625,6.06008106e-05,2.29688292e-06,0.000513468391,0.012503686049999999,6.06008106e-05,2.29688292e-06,0.0116073047,4.08058088,6.06008106e-05,2.29688292e-06,0.000177682783,0.10060608184,6.06008106e-05,2.29688292e-06,0.011552761800000002,2.2888954899999999e-07,0.00013369548800000003,-0.03157268312000001,0.8605705279999999,-0.009027437650000001,-0.010772422,-0.01094851965,2.21476937e-06,5.92966844e-05
113,1688225400,0.00098646611,0.0011204126960000001,-0.009227267979999999,-1.066082843,0.0582392773,0.028067976900000003,0.037613647900000005,0.03131345520000001,3.01603875e-05,0.0005329472389999999,0.000133983824,3.99342069e-09,9.173220199999998e-09,1.4200735499999998e-08,3.28273874e-08,4.695538090000001e-08,5.379064750000001e-08,7.254569790000001e-08,0.0001224399717,0.00036707323800000007,3.4274359199999994e-06,104.038411,98.837045,4.1426836300000003e-08,7.76666137,0.000591654235,0.017379919900000002,5.93240381e-05,2.2028589400000003e-06,0.000498087237,0.01158236061,5.93240381e-05,2.2028589400000003e-06,0.0116032216,4.050315400000001,5.93240381e-05,2.2028589400000003e-06,0.000149203025,0.0565558594,5.93240381e-05,2.2028589400000003e-06,0.0115740328,2.52620646e-07,0.000134211955,0.00879743307,0.42717390780000003,-0.009178406699999999,-0.0107474764,-0.01093330435,2.17893009e-06,5.8861823799999995e-05
113,1688226000,0.000977515746,0.00111145029,-0.013893239480000003,-1.144781576,0.05572670209999999,0.0281259914,0.0367136208,0.030375926399999996,2.64533845e-05,0.000500011517,0.00013397611,4.45040469e-09,7.49213618e-09,1.457764475e-08,2.30196996e-08,3.96551387e-08,5.5423476599999996e-08,8.20591275e-08,0.00011508936220000002,0.00036974506199999996,3.6010373e-06,104.568922,99.82370670000002,4.10697808e-08,7.684493119999999,0.000572859507,0.0160901071,5.918534430000001e-05,2.3514536199999997e-06,0.000473676329,0.01098802109,5.918534430000001e-05,2.3514536199999997e-06,0.011607249400000002,4.05467057,5.918534430000001e-05,2.3514536199999997e-06,0.00014814651799999998,0.05736618290000001,5.918534430000001e-05,2.3514536199999997e-06,0.011570043300000001,2.24697923e-07,0.00013409124199999998,0.01740507294,0.07027591470000001,-0.00958664745,-0.01079204495,-0.010963194150000001,2.3230390899999997e-06,5.9096592700000005e-05
113,1688226600,0.0013789990699999998,0.0015126768,-0.0046302723900000006,-0.913505378,0.0653269944,0.03217751940000001,0.048938993599999994,0.040576239,3.9706235e-05,0.0006998060920000001,0.000133715551,4.67874574e-09,8.64417283e-09,1.659102356e-08,3.4471198e-08,5.365437180000001e-08,7.00883034e-08,1.020305544e-07,0.00028136996,0.00040376448,4.01847648e-06,102.21574419999999,91.62525409999999,5.4340672e-08,7.607597799999999,0.000681324729,0.0223965908,5.8580509700000005e-05,2.2156451e-06,0.0007767532709999998,0.0257570429,5.8580509700000005e-05,2.2156451e-06,0.01158900135,4.03393709,5.8580509700000005e-05,2.2156451e-06,0.000137612498,0.04067984307,5.8580509700000005e-05,2.2156451e-06,0.0115612449,2.6840453099999997e-07,0.000133931384,0.032131808500000004,0.934563252,-0.00867762853,-0.0107181736,-0.010911690499999998,2.1856424800000007e-06,5.84920883e-05
