StationID,TimeStamp,sound@var,sound@power,sound@skew,sound@kurt,sound@abs_max,sound@abs_mean,sound@abs_max_top5p,sound@abs_max_top10p,sound@energy_sstd,sound@energy_smax,sound@s_zero_rate,sound@s_zero_rate_max,sound@power_0_5,sound@power_5_10,sound@power_10_15,sound@power_15_20,sound@power_20_25,sound@power_25_30,sound@power_30_35,sound@power_35_40,sound@power_40_60,sound@power_140_160,sound@power_other,sound@frequency_center,sound@mean_square_frequency,sound@variance_frequency,sound@frequency_entropy,sound@level4d_abs_mean,sound@level4d_energy,sound@level4d_energy_smax,sound@level4d_energy_sstd,sound@level5d_abs_mean,sound@level5d_energy,sound@level5d_energy_smax,sound@level5d_energy_sstd,sound@level6a_abs_mean,sound@level6a_energy,sound@level6a_energy_smax,sound@level6a_energy_sstd,sound@level6d_abs_mean,sound@level6d_energy,sound@level6d_energy_smax,sound@level6d_energy_sstd,sound@mean
113,1701532800,0.0,0.0,0.0,0.0,1.7401296999999994e-24,1.3116606000000002e-24,1.7367672e-24,1.736764e-24,0.0,0.0,0.0,0.0,0.0,0.0,0.0,0.0,0.0,0.0,0.0,0.0,0.0,0.0,0.0,45.72416,0.060559668,0.0,6.5969880000000005,6.166109300000001e-28,0.0,0.0,0.0,1.5747464999999998e-27,0.0,0.0,0.0,1.3208218e-24,6.4e-44,0.0,0.0,1.0820921999999999e-27,0.0,0.0,0.0,0.18814662098884585
113,1701533400,1.9672775e-11,1.9672775e-11,15.748761000000002,2604.3617000000004,0.00023170642000000004,3.0872224e-08,7.330057000001563e-12,4.89087500001563e-13,5.7814014999999996e-11,6.0325056e-10,0.0,0.0,8.2040565e-14,2.0715179e-13,2.083727e-13,2.0840385e-13,2.0840703e-13,2.0840762e-13,2.0840776999999995e-13,2.0840781000000002e-13,6.052807e-13,6.0527664e-13,7.085866600000001e-12,53.89995699999999,12.835985701199998,3.1519040000000005e-17,6.889681300000001,6.677007999999999e-09,6.5701119999999996e-09,5.7997544e-12,5.573094e-13,1.4859167000000001e-08,2.0946088e-08,5.7997544e-12,5.573094e-13,1.1920556599999999e-08,4.4926560000000005e-09,5.7997544e-12,5.573094e-13,1.6599385000000002e-08,1.3573210000000001e-08,5.7997544e-12,5.573094e-13,0.18814662098884585
113,1701534000,0.0,0.0,0.0,0.0,1.7401296999999994e-24,1.3116606000000002e-24,1.7367672e-24,1.736764e-24,0.0,0.0,0.0,0.0,0.0,0.0,0.0,0.0,0.0,0.0,0.0,0.0,0.0,0.0,0.0,45.72416,0.060559668,0.0,6.5969880000000005,6.166109300000001e-28,0.0,0.0,0.0,1.5747464999999998e-27,0.0,0.0,0.0,1.3208218e-24,6.4e-44,0.0,0.0,1.0820921999999999e-27,0.0,0.0,0.0,0.18814662098884585
113,1701534600,0.0,0.0,0.0,0.0,1.7401296999999994e-24,1.3116606000000002e-24,1.7367672e-24,1.736764e-24,0.0,0.0,0.0,0.0,0.0,0.0,0.0,0.0,0.0,0.0,0.0,0.0,0.0,0.0,0.0,45.72416,0.060559668,0.0,6.5969880000000005,6.166109300000001e-28,0.0,0.0,0.0,1.5747464999999998e-27,0.0,0.0,0.0,1.3208218e-24,6.4e-44,0.0,0.0,1.0820921999999999e-27,0.0,0.0,0.0,0.18814662098884585
113,1701535200,1.9672773e-11,1.9672773e-11,15.748766,2604.3627,0.00023170642000000004,3.0871814e-08,7.327820000001563e-12,4.890958700015631e-13,9.758271e-11,1.0419620000000002e-09,0.0,0.0,8.2040565e-14,2.0715179e-13,2.083727e-13,2.0840385e-13,2.0840703e-13,2.0840762e-13,2.0840776999999995e-13,2.0840781000000002e-13,6.0527946e-13,6.052766999999999e-13,7.085866600000001e-12,53.899955999999996,12.8359867012,3.1518737e-17,6.889681300000001,1.6062465e-08,6.356328000000001e-08,3.9611446e-12,4.800268700000001e-13,6.303841e-09,2.9059715999999997e-09,3.9611446e-12,4.800268700000001e-13,1.2422464000000001e-08,4.919797e-09,3.9611446e-12,4.800268700000001e-13,1.543926e-08,1.1119203999999999e-08,3.9611446e-12,4.800268700000001e-13,0.18814662098884585
113,1701535800,0.0,0.0,0.0,0.0,1.7401296999999994e-24,1.3116606000000002e-24,1.7367672e-24,1.736764e-24,0.0,0.0,0.0,0.0,0.0,0.0,0.0,0.0,0.0,0.0,0.0,0.0,0.0,0.0,0.0,45.72416,0.060559668,0.0,6.5969880000000005,6.166109300000001e-28,0.0,0.0,0.0,1.5747464999999998e-27,0.0,0.0,0.0,1.3208218e-24,6.4e-44,0.0,0.0,1.0820921999999999e-27,0.0,0.0,0.0,0.18814662098884585
113,1701536400,0.0,0.0,0.0,0.0,1.7401296999999994e-24,1.3116606000000002e-24,1.7367672e-24,1.736764e-24,0.0,0.0,0.0,0.0,0.0,0.0,0.0,0.0,0.0,0.0,0.0,0.0,0.0,0.0,0.0,45.72416,0.060559668,0.0,6.5969880000000005,6.166109300000001e-28,0.0,0.0,0.0,1.5747464999999998e-27,0.0,0.0,0.0,1.3208218e-24,6.4e-44,0.0,0.0,1.0820921999999999e-27,0.0,0.0,0.0,0.18814662098884585
113,1701537000,0.0,0.0,0.0,0.0,1.7401296999999994e-24,1.3116606000000002e-24,1.7367672e-24,1.736764e-24,0.0,0.0,0.0,0.0,0.0,0.0,0.0,0.0,0.0,0.0,0.0,0.0,0.0,0.0,0.0,45.72416,0.060559668,0.0,6.5969880000000005,6.166109300000001e-28,0.0,0.0,0.0,1.5747464999999998e-27,0.0,0.0,0.0,1.3208218e-24,6.4e-44,0.0,0.0,1.0820921999999999e-27,0.0,0.0,0.0,0.18814662098884585
113,1701537600,0.0,0.0,0.0,0.0,1.7401296999999994e-24,1.3116606000000002e-24,1.7367672e-24,1.736764e-24,0.0,0.0,0.0,0.0,0.0,0.0,0.0,0.0,0.0,0.0,0.0,0.0,0.0,0.0,0.0,45.72416,0.060559668,0.0,6.5969880000000005,6.166109300000001e-28,0.0,0.0,0.0,1.5747464999999998e-27,0.0,0.0,0.0,1.3208218e-24,6.4e-44,0.0,0.0,1.0820921999999999e-27,0.0,0.0,0.0,0.18814662098884585
113,1701538200,0.0,0.0,0.0,0.0,1.7401296999999994e-24,1.3116606000000002e-24,1.7367672e-24,1.736764e-24,0.0,0.0,0.0,0.0,0.0,0.0,0.0,0.0,0.0,0.0,0.0,0.0,0.0,0.0,0.0,45.72416,0.060559668,0.0,6.5969880000000005,6.166109300000001e-28,0.0,0.0,0.0,1.5747464999999998e-27,0.0,0.0,0.0,1.3208218e-24,6.4e-44,0.0,0.0,1.0820921999999999e-27,0.0,0.0,0.0,0.18814662098884585
113,1701538800,3.9345555e-11,3.9345555e-11,11.136059,1302.0313,0.00023170650000000002,6.174374000000001e-08,2.1635328000000016e-09,7.328071500001563e-12,1.231231e-10,1.0683364e-09,0.0,0.0,1.6293168e-13,4.1392497e-13,4.1655243e-13,4.1678379999999994e-13,4.1696099999999994e-13,4.171186e-13,4.1724567e-13,4.1733036e-13,1.2124419500000001e-12,1.2124318e-12,1.4169055e-11,53.900428,12.836437301200002,3.1166191999999997e-16,6.8752122500000015,3.2169614999999996e-08,1.0443674999999999e-07,6.881790000000001e-12,8.218217999999999e-13,3.0533602e-08,5.9920865e-08,6.881790000000001e-12,8.218217999999999e-13,2.3910084e-08,9.1779114e-09,6.881790000000001e-12,8.218217999999999e-13,1.9952896e-08,7.957687e-09,6.881790000000001e-12,8.218217999999999e-13,0.18814662098884585
113,1701539400,0.0,0.0,0.0,0.0,1.7401296999999994e-24,1.3116606000000002e-24,1.7367672e-24,1.736764e-24,0.0,0.0,0.0,0.0,0.0,0.0,0.0,0.0,0.0,0.0,0.0,0.0,0.0,0.0,0.0,45.72416,0.060559668,0.0,6.5969880000000005,6.166109300000001e-28,0.0,0.0,0.0,1.5747464999999998e-27,0.0,0.0,0.0,1.3208218e-24,6.4e-44,0.0,0.0,1.0820921999999999e-27,0.0,0.0,0.0,0.18814662098884585
113,1701540000,0.0,0.0,0.0,0.0,1.7401296999999994e-24,1.3116606000000002e-24,1.7367672e-24,1.736764e-24,0.0,0.0,0.0,0.0,0.0,0.0,0.0,0.0,0.0,0.0,0.0,0.0,0.0,0.0,0.0,45.72416,0.060559668,0.0,6.5969880000000005,6.166109300000001e-28,0.0,0.0,0.0,1.5747464999999998e-27,0.0,0.0,0.0,1.3208218e-24,6.4e-44,0.0,0.0,1.0820921999999999e-27,0.0,0.0,0.0,0.18814662098884585
113,1701540600,0.0,0.0,0.0,0.0,1.7401296999999994e-24,1.3116606000000002e-24,1.7367672e-24,1.736764e-24,0.0,0.0,0.0,0.0,0.0,0.0,0.0,0.0,0.0,0.0,0.0,0.0,0.0,0.0,0.0,45.72416,0.060559668,0.0,6.5969880000000005,6.166109300000001e-28,0.0,0.0,0.0,1.5747464999999998e-27,0.0,0.0,0.0,1.3208218e-24,6.4e-44,0.0,0.0,1.0820921999999999e-27,0.0,0.0,0.0,0.18814662098884585
113,1701541200,0.0,0.0,0.0,0.0,1.7401296999999994e-24,1.3116606000000002e-24,1.7367672e-24,1.736764e-24,0.0,0.0,0.0,0.0,0.0,0.0,0.0,0.0,0.0,0.0,0.0,0.0,0.0,0.0,0.0,45.72416,0.060559668,0.0,6.5969880000000005,6.166109300000001e-28,0.0,0.0,0.0,1.5747464999999998e-27,0.0,0.0,0.0,1.3208218e-24,6.4e-44,0.0,0.0,1.0820921999999999e-27,0.0,0.0,0.0,0.18814662098884585
113,1701541800,0.0,0.0,0.0,0.0,1.7401296999999994e-24,1.3116606000000002e-24,1.7367672e-24,1.736764e-24,0.0,0.0,0.0,0.0,0.0,0.0,0.0,0.0,0.0,0.0,0.0,0.0,0.0,0.0,0.0,45.72416,0.060559668,0.0,6.5969880000000005,6.166109300000001e-28,0.0,0.0,0.0,1.5747464999999998e-27,0.0,0.0,0.0,1.3208218e-24,6.4e-44,0.0,0.0,1.0820921999999999e-27,0.0,0.0,0.0,0.18814662098884585
113,1701542400,0.0,0.0,0.0,0.0,1.7401296999999994e-24,1.3116606000000002e-24,1.7367672e-24,1.736764e-24,0.0,0.0,0.0,0.0,0.0,0.0,0.0,0.0,0.0,0.0,0.0,0.0,0.0,0.0,0.0,45.72416,0.060559668,0.0,6.5969880000000005,6.166109300000001e-28,0.0,0.0,0.0,1.5747464999999998e-27,0.0,0.0,0.0,1.3208218e-24,6.4e-44,0.0,0.0,1.0820921999999999e-27,0.0,0.0,0.0,0.18814662098884585
113,1701543000,0.0,0.0,0.0,0.0,1.7401296999999994e-24,1.3116606000000002e-24,1.7367672e-24,1.736764e-24,0.0,0.0,0.0,0.0,0.0,0.0,0.0,0.0,0.0,0.0,0.0,0.0,0.0,0.0,0.0,45.72416,0.060559668,0.0,6.5969880000000005,6.166109300000001e-28,0.0,0.0,0.0,1.5747464999999998e-27,0.0,0.0,0.0,1.3208218e-24,6.4e-44,0.0,0.0,1.0820921999999999e-27,0.0,0.0,0.0,0.18814662098884585
113,1701543600,0.0,0.0,0.0,0.0,1.7401296999999994e-24,1.3116606000000002e-24,1.7367672e-24,1.736764e-24,0.0,0.0,0.0,0.0,0.0,0.0,0.0,0.0,0.0,0.0,0.0,0.0,0.0,0.0,0.0,45.72416,0.060559668,0.0,6.5969880000000005,6.166109300000001e-28,0.0,0.0,0.0,1.5747464999999998e-27,0.0,0.0,0.0,1.3208218e-24,6.4e-44,0.0,0.0,1.0820921999999999e-27,0.0,0.0,0.0,0.18814662098884585
113,1701544200,1.9672775e-11,1.9672775e-11,15.748769999999999,2604.3637000000003,0.00023170643999999998,3.087172e-08,7.327151000001563e-12,4.890996500015631e-13,1.0076849000000001e-10,1.0759994e-09,0.0,0.0,8.2040565e-14,2.0715179e-13,2.083727e-13,2.0840385e-13,2.0840703e-13,2.0840762e-13,2.0840776999999995e-13,2.0840781000000002e-13,6.0528015e-13,6.0527664e-13,7.085866600000001e-12,53.899954,12.835985701199998,3.1518453e-17,6.889681400000001,1.3247978e-08,4.0807902e-08,4.139993e-12,4.2074190000000007e-13,1.4535635000000001e-08,2.2662557e-08,4.139993e-12,4.2074190000000007e-13,1.1006592600000001e-08,3.906168e-09,4.139993e-12,4.2074190000000007e-13,7.151028599999999e-09,1.8809784e-09,4.139993e-12,4.2074190000000007e-13,0.18814662098884585
113,1701544800,0.0,0.0,0.0,0.0,1.7401296999999994e-24,1.3116606000000002e-24,1.7367672e-24,1.736764e-24,0.0,0.0,0.0,0.0,0.0,0.0,0.0,0.0,0.0,0.0,0.0,0.0,0.0,0.0,0.0,45.72416,0.060559668,0.0,6.5969880000000005,6.166109300000001e-28,0.0,0.0,0.0,1.5747464999999998e-27,0.0,0.0,0.0,1.3208218e-24,6.4e-44,0.0,0.0,1.0820921999999999e-27,0.0,0.0,0.0,0.18814662098884585
113,1701545400,0.0,0.0,0.0,0.0,1.7401296999999994e-24,1.3116606000000002e-24,1.7367672e-24,1.736764e-24,0.0,0.0,0.0,0.0,0.0,0.0,0.0,0.0,0.0,0.0,0.0,0.0,0.0,0.0,0.0,45.72416,0.060559668,0.0,6.5969880000000005,6.166109300000001e-28,0.0,0.0,0.0,1.5747464999999998e-27,0.0,0.0,0.0,1.3208218e-24,6.4e-44,0.0,0.0,1.0820921999999999e-27,0.0,0.0,0.0,0.18814662098884585
113,1701546000,0.0,0.0,0.0,0.0,1.7401296999999994e-24,1.3116606000000002e-24,1.7367672e-24,1.736764e-24,0.0,0.0,0.0,0.0,0.0,0.0,0.0,0.0,0.0,0.0,0.0,0.0,0.0,0.0,0.0,45.72416,0.060559668,0.0,6.5969880000000005,6.166109300000001e-28,0.0,0.0,0.0,1.5747464999999998e-27,0.0,0.0,0.0,1.3208218e-24,6.4e-44,0.0,0.0,1.0820921999999999e-27,0.0,0.0,0.0,0.18814662098884585
113,1701546600,0.0,0.0,0.0,0.0,1.7401296999999994e-24,1.3116606000000002e-24,1.7367672e-24,1.736764e-24,0.0,0.0,0.0,0.0,0.0,0.0,0.0,0.0,0.0,0.0,0.0,0.0,0.0,0.0,0.0,45.72416,0.060559668,0.0,6.5969880000000005,6.166109300000001e-28,0.0,0.0,0.0,1.5747464999999998e-27,0.0,0.0,0.0,1.3208218e-24,6.4e-44,0.0,0.0,1.0820921999999999e-27,0.0,0.0,0.0,0.18814662098884585
113,1701547200,0.0,0.0,0.0,0.0,1.7401296999999994e-24,1.3116606000000002e-24,1.7367672e-24,1.736764e-24,0.0,0.0,0.0,0.0,0.0,0.0,0.0,0.0,0.0,0.0,0.0,0.0,0.0,0.0,0.0,45.72416,0.060559668,0.0,6.5969880000000005,6.166109300000001e-28,0.0,0.0,0.0,1.5747464999999998e-27,0.0,0.0,0.0,1.3208218e-24,6.4e-44,0.0,0.0,1.0820921999999999e-27,0.0,0.0,0.0,0.18814662098884585
113,1701547800,0.0,0.0,0.0,0.0,1.7401296999999994e-24,1.3116606000000002e-24,1.7367672e-24,1.736764e-24,0.0,0.0,0.0,0.0,0.0,0.0,0.0,0.0,0.0,0.0,0.0,0.0,0.0,0.0,0.0,45.72416,0.060559668,0.0,6.5969880000000005,6.166109300000001e-28,0.0,0.0,0.0,1.5747464999999998e-27,0.0,0.0,0.0,1.3208218e-24,6.4e-44,0.0,0.0,1.0820921999999999e-27,0.0,0.0,0.0,0.18814662098884585
113,1701548400,0.0,0.0,0.0,0.0,1.7401296999999994e-24,1.3116606000000002e-24,1.7367672e-24,1.736764e-24,0.0,0.0,0.0,0.0,0.0,0.0,0.0,0.0,0.0,0.0,0.0,0.0,0.0,0.0,0.0,45.72416,0.060559668,0.0,6.5969880000000005,6.166109300000001e-28,0.0,0.0,0.0,1.5747464999999998e-27,0.0,0.0,0.0,1.3208218e-24,6.4e-44,0.0,0.0,1.0820921999999999e-27,0.0,0.0,0.0,0.18814662098884585
113,1701549000,0.0,0.0,0.0,0.0,1.7401296999999994e-24,1.3116606000000002e-24,1.7367672e-24,1.736764e-24,0.0,0.0,0.0,0.0,0.0,0.0,0.0,0.0,0.0,0.0,0.0,0.0,0.0,0.0,0.0,45.72416,0.060559668,0.0,6.5969880000000005,6.166109300000001e-28,0.0,0.0,0.0,1.5747464999999998e-27,0.0,0.0,0.0,1.3208218e-24,6.4e-44,0.0,0.0,1.0820921999999999e-27,0.0,0.0,0.0,0.18814662098884585
113,1701549600,0.0,0.0,0.0,0.0,1.7401296999999994e-24,1.3116606000000002e-24,1.7367672e-24,1.736764e-24,0.0,0.0,0.0,0.0,0.0,0.0,0.0,0.0,0.0,0.0,0.0,0.0,0.0,0.0,0.0,45.72416,0.060559668,0.0,6.5969880000000005,6.166109300000001e-28,0.0,0.0,0.0,1.5747464999999998e-27,0.0,0.0,0.0,1.3208218e-24,6.4e-44,0.0,0.0,1.0820921999999999e-27,0.0,0.0,0.0,0.18814662098884585
113,1701550200,0.0,0.0,0.0,0.0,1.7401296999999994e-24,1.3116606000000002e-24,1.7367672e-24,1.736764e-24,0.0,0.0,0.0,0.0,0.0,0.0,0.0,0.0,0.0,0.0,0.0,0.0,0.0,0.0,0.0,45.72416,0.060559668,0.0,6.5969880000000005,6.166109300000001e-28,0.0,0.0,0.0,1.5747464999999998e-27,0.0,0.0,0.0,1.3208218e-24,6.4e-44,0.0,0.0,1.0820921999999999e-27,0.0,0.0,0.0,0.18814662098884585
113,1701550800,0.0,0.0,0.0,0.0,1.7401296999999994e-24,1.3116606000000002e-24,1.7367672e-24,1.736764e-24,0.0,0.0,0.0,0.0,0.0,0.0,0.0,0.0,0.0,0.0,0.0,0.0,0.0,0.0,0.0,45.72416,0.060559668,0.0,6.5969880000000005,6.166109300000001e-28,0.0,0.0,0.0,1.5747464999999998e-27,0.0,0.0,0.0,1.3208218e-24,6.4e-44,0.0,0.0,1.0820921999999999e-27,0.0,0.0,0.0,0.18814662098884585
113,1701551400,0.0,0.0,0.0,0.0,1.7401296999999994e-24,1.3116606000000002e-24,1.7367672e-24,1.736764e-24,0.0,0.0,0.0,0.0,0.0,0.0,0.0,0.0,0.0,0.0,0.0,0.0,0.0,0.0,0.0,45.72416,0.060559668,0.0,6.5969880000000005,6.166109300000001e-28,0.0,0.0,0.0,1.5747464999999998e-27,0.0,0.0,0.0,1.3208218e-24,6.4e-44,0.0,0.0,1.0820921999999999e-27,0.0,0.0,0.0,0.18814662098884585
113,1701552000,0.0,0.0,0.0,0.0,1.7401296999999994e-24,1.3116606000000002e-24,1.7367672e-24,1.736764e-24,0.0,0.0,0.0,0.0,0.0,0.0,0.0,0.0,0.0,0.0,0.0,0.0,0.0,0.0,0.0,45.72416,0.060559668,0.0,6.5969880000000005,6.166109300000001e-28,0.0,0.0,0.0,1.5747464999999998e-27,0.0,0.0,0.0,1.3208218e-24,6.4e-44,0.0,0.0,1.0820921999999999e-27,0.0,0.0,0.0,0.18814662098884585
113,1701552600,0.0,0.0,0.0,0.0,1.7401296999999994e-24,1.3116606000000002e-24,1.7367672e-24,1.736764e-24,0.0,0.0,0.0,0.0,0.0,0.0,0.0,0.0,0.0,0.0,0.0,0.0,0.0,0.0,0.0,45.72416,0.060559668,0.0,6.5969880000000005,6.166109300000001e-28,0.0,0.0,0.0,1.5747464999999998e-27,0.0,0.0,0.0,1.3208218e-24,6.4e-44,0.0,0.0,1.0820921999999999e-27,0.0,0.0,0.0,0.18814662098884585
113,1701553200,0.0,0.0,0.0,0.0,1.7401296999999994e-24,1.3116606000000002e-24,1.7367672e-24,1.736764e-24,0.0,0.0,0.0,0.0,0.0,0.0,0.0,0.0,0.0,0.0,0.0,0.0,0.0,0.0,0.0,45.72416,0.060559668,0.0,6.5969880000000005,6.166109300000001e-28,0.0,0.0,0.0,1.5747464999999998e-27,0.0,0.0,0.0,1.3208218e-24,6.4e-44,0.0,0.0,1.0820921999999999e-27,0.0,0.0,0.0,0.18814662098884585
113,1701553800,0.0,0.0,0.0,0.0,1.7401296999999994e-24,1.3116606000000002e-24,1.7367672e-24,1.736764e-24,0.0,0.0,0.0,0.0,0.0,0.0,0.0,0.0,0.0,0.0,0.0,0.0,0.0,0.0,0.0,45.72416,0.060559668,0.0,6.5969880000000005,6.166109300000001e-28,0.0,0.0,0.0,1.5747464999999998e-27,0.0,0.0,0.0,1.3208218e-24,6.4e-44,0.0,0.0,1.0820921999999999e-27,0.0,0.0,0.0,0.18814662098884585
113,1701554400,0.0,0.0,0.0,0.0,1.7401296999999994e-24,1.3116606000000002e-24,1.7367672e-24,1.736764e-24,0.0,0.0,0.0,0.0,0.0,0.0,0.0,0.0,0.0,0.0,0.0,0.0,0.0,0.0,0.0,45.72416,0.060559668,0.0,6.5969880000000005,6.166109300000001e-28,0.0,0.0,0.0,1.5747464999999998e-27,0.0,0.0,0.0,1.3208218e-24,6.4e-44,0.0,0.0,1.0820921999999999e-27,0.0,0.0,0.0,0.18814662098884585
113,1701555000,0.0,0.0,0.0,0.0,1.7401296999999994e-24,1.3116606000000002e-24,1.7367672e-24,1.736764e-24,0.0,0.0,0.0,0.0,0.0,0.0,0.0,0.0,0.0,0.0,0.0,0.0,0.0,0.0,0.0,45.72416,0.060559668,0.0,6.5969880000000005,6.166109300000001e-28,0.0,0.0,0.0,1.5747464999999998e-27,0.0,0.0,0.0,1.3208218e-24,6.4e-44,0.0,0.0,1.0820921999999999e-27,0.0,0.0,0.0,0.18814662098884585
113,1701555600,0.0,0.0,0.0,0.0,1.7401296999999994e-24,1.3116606000000002e-24,1.7367672e-24,1.736764e-24,0.0,0.0,0.0,0.0,0.0,0.0,0.0,0.0,0.0,0.0,0.0,0.0,0.0,0.0,0.0,45.72416,0.060559668,0.0,6.5969880000000005,6.166109300000001e-28,0.0,0.0,0.0,1.5747464999999998e-27,0.0,0.0,0.0,1.3208218e-24,6.4e-44,0.0,0.0,1.0820921999999999e-27,0.0,0.0,0.0,0.18814662098884585
113,1701556200,0.0,0.0,0.0,0.0,1.7401296999999994e-24,1.3116606000000002e-24,1.7367672e-24,1.736764e-24,0.0,0.0,0.0,0.0,0.0,0.0,0.0,0.0,0.0,0.0,0.0,0.0,0.0,0.0,0.0,45.72416,0.060559668,0.0,6.5969880000000005,6.166109300000001e-28,0.0,0.0,0.0,1.5747464999999998e-27,0.0,0.0,0.0,1.3208218e-24,6.4e-44,0.0,0.0,1.0820921999999999e-27,0.0,0.0,0.0,0.18814662098884585
113,1701556800,0.0,0.0,0.0,0.0,1.7401296999999994e-24,1.3116606000000002e-24,1.7367672e-24,1.736764e-24,0.0,0.0,0.0,0.0,0.0,0.0,0.0,0.0,0.0,0.0,0.0,0.0,0.0,0.0,0.0,45.72416,0.060559668,0.0,6.5969880000000005,6.166109300000001e-28,0.0,0.0,0.0,1.5747464999999998e-27,0.0,0.0,0.0,1.3208218e-24,6.4e-44,0.0,0.0,1.0820921999999999e-27,0.0,0.0,0.0,0.18814662098884585
113,1701557400,0.0,0.0,0.0,0.0,1.7401296999999994e-24,1.3116606000000002e-24,1.7367672e-24,1.736764e-24,0.0,0.0,0.0,0.0,0.0,0.0,0.0,0.0,0.0,0.0,0.0,0.0,0.0,0.0,0.0,45.72416,0.060559668,0.0,6.5969880000000005,6.166109300000001e-28,0.0,0.0,0.0,1.5747464999999998e-27,0.0,0.0,0.0,1.3208218e-24,6.4e-44,0.0,0.0,1.0820921999999999e-27,0.0,0.0,0.0,0.18814662098884585
113,1701558000,0.0,0.0,0.0,0.0,1.7401296999999994e-24,1.3116606000000002e-24,1.7367672e-24,1.736764e-24,0.0,0.0,0.0,0.0,0.0,0.0,0.0,0.0,0.0,0.0,0.0,0.0,0.0,0.0,0.0,45.72416,0.060559668,0.0,6.5969880000000005,6.166109300000001e-28,0.0,0.0,0.0,1.5747464999999998e-27,0.0,0.0,0.0,1.3208218e-24,6.4e-44,0.0,0.0,1.0820921999999999e-27,0.0,0.0,0.0,0.18814662098884585
113,1701558600,0.0,0.0,0.0,0.0,1.7401296999999994e-24,1.3116606000000002e-24,1.7367672e-24,1.736764e-24,0.0,0.0,0.0,0.0,0.0,0.0,0.0,0.0,0.0,0.0,0.0,0.0,0.0,0.0,0.0,45.72416,0.060559668,0.0,6.5969880000000005,6.166109300000001e-28,0.0,0.0,0.0,1.5747464999999998e-27,0.0,0.0,0.0,1.3208218e-24,6.4e-44,0.0,0.0,1.0820921999999999e-27,0.0,0.0,0.0,0.18814662098884585
113,1701559200,0.0,0.0,0.0,0.0,1.7401296999999994e-24,1.3116606000000002e-24,1.7367672e-24,1.736764e-24,0.0,0.0,0.0,0.0,0.0,0.0,0.0,0.0,0.0,0.0,0.0,0.0,0.0,0.0,0.0,45.72416,0.060559668,0.0,6.5969880000000005,6.166109300000001e-28,0.0,0.0,0.0,1.5747464999999998e-27,0.0,0.0,0.0,1.3208218e-24,6.4e-44,0.0,0.0,1.0820921999999999e-27,0.0,0.0,0.0,0.18814662098884585
113,1701559800,0.0,0.0,0.0,0.0,1.7401296999999994e-24,1.3116606000000002e-24,1.7367672e-24,1.736764e-24,0.0,0.0,0.0,0.0,0.0,0.0,0.0,0.0,0.0,0.0,0.0,0.0,0.0,0.0,0.0,45.72416,0.060559668,0.0,6.5969880000000005,6.166109300000001e-28,0.0,0.0,0.0,1.5747464999999998e-27,0.0,0.0,0.0,1.3208218e-24,6.4e-44,0.0,0.0,1.0820921999999999e-27,0.0,0.0,0.0,0.18814662098884585
113,1701560400,0.0,0.0,0.0,0.0,1.7401296999999994e-24,1.3116606000000002e-24,1.7367672e-24,1.736764e-24,0.0,0.0,0.0,0.0,0.0,0.0,0.0,0.0,0.0,0.0,0.0,0.0,0.0,0.0,0.0,45.72416,0.060559668,0.0,6.5969880000000005,6.166109300000001e-28,0.0,0.0,0.0,1.5747464999999998e-27,0.0,0.0,0.0,1.3208218e-24,6.4e-44,0.0,0.0,1.0820921999999999e-27,0.0,0.0,0.0,0.18814662098884585
113,1701561000,0.0,0.0,0.0,0.0,1.7401296999999994e-24,1.3116606000000002e-24,1.7367672e-24,1.736764e-24,0.0,0.0,0.0,0.0,0.0,0.0,0.0,0.0,0.0,0.0,0.0,0.0,0.0,0.0,0.0,45.72416,0.060559668,0.0,6.5969880000000005,6.166109300000001e-28,0.0,0.0,0.0,1.5747464999999998e-27,0.0,0.0,0.0,1.3208218e-24,6.4e-44,0.0,0.0,1.0820921999999999e-27,0.0,0.0,0.0,0.18814662098884585
113,1701561600,0.0,0.0,0.0,0.0,1.7401296999999994e-24,1.3116606000000002e-24,1.7367672e-24,1.736764e-24,0.0,0.0,0.0,0.0,0.0,0.0,0.0,0.0,0.0,0.0,0.0,0.0,0.0,0.0,0.0,45.72416,0.060559668,0.0,6.5969880000000005,6.166109300000001e-28,0.0,0.0,0.0,1.5747464999999998e-27,0.0,0.0,0.0,1.3208218e-24,6.4e-44,0.0,0.0,1.0820921999999999e-27,0.0,0.0,0.0,0.18814662098884585
113,1701562200,0.0,0.0,0.0,0.0,1.7401296999999994e-24,1.3116606000000002e-24,1.7367672e-24,1.736764e-24,0.0,0.0,0.0,0.0,0.0,0.0,0.0,0.0,0.0,0.0,0.0,0.0,0.0,0.0,0.0,45.72416,0.060559668,0.0,6.5969880000000005,6.166109300000001e-28,0.0,0.0,0.0,1.5747464999999998e-27,0.0,0.0,0.0,1.3208218e-24,6.4e-44,0.0,0.0,1.0820921999999999e-27,0.0,0.0,0.0,0.18814662098884585
113,1701562800,0.0,0.0,0.0,0.0,1.7401296999999994e-24,1.3116606000000002e-24,1.7367672e-24,1.736764e-24,0.0,0.0,0.0,0.0,0.0,0.0,0.0,0.0,0.0,0.0,0.0,0.0,0.0,0.0,0.0,45.72416,0.060559668,0.0,6.5969880000000005,6.166109300000001e-28,0.0,0.0,0.0,1.5747464999999998e-27,0.0,0.0,0.0,1.3208218e-24,6.4e-44,0.0,0.0,1.0820921999999999e-27,0.0,0.0,0.0,0.18814662098884585
113,1701563400,0.0,0.0,0.0,0.0,1.7401296999999994e-24,1.3116606000000002e-24,1.7367672e-24,1.736764e-24,0.0,0.0,0.0,0.0,0.0,0.0,0.0,0.0,0.0,0.0,0.0,0.0,0.0,0.0,0.0,45.72416,0.060559668,0.0,6.5969880000000005,6.166109300000001e-28,0.0,0.0,0.0,1.5747464999999998e-27,0.0,0.0,0.0,1.3208218e-24,6.4e-44,0.0,0.0,1.0820921999999999e-27,0.0,0.0,0.0,0.18814662098884585
113,1701564000,0.0,0.0,0.0,0.0,1.7401296999999994e-24,1.3116606000000002e-24,1.7367672e-24,1.736764e-24,0.0,0.0,0.0,0.0,0.0,0.0,0.0,0.0,0.0,0.0,0.0,0.0,0.0,0.0,0.0,45.72416,0.060559668,0.0,6.5969880000000005,6.166109300000001e-28,0.0,0.0,0.0,1.5747464999999998e-27,0.0,0.0,0.0,1.3208218e-24,6.4e-44,0.0,0.0,1.0820921999999999e-27,0.0,0.0,0.0,0.18814662098884585
113,1701564600,0.0,0.0,0.0,0.0,1.7401296999999994e-24,1.3116606000000002e-24,1.7367672e-24,1.736764e-24,0.0,0.0,0.0,0.0,0.0,0.0,0.0,0.0,0.0,0.0,0.0,0.0,0.0,0.0,0.0,45.72416,0.060559668,0.0,6.5969880000000005,6.166109300000001e-28,0.0,0.0,0.0,1.5747464999999998e-27,0.0,0.0,0.0,1.3208218e-24,6.4e-44,0.0,0.0,1.0820921999999999e-27,0.0,0.0,0.0,0.18814662098884585
113,1701565200,0.0,0.0,0.0,0.0,1.7401296999999994e-24,1.3116606000000002e-24,1.7367672e-24,1.736764e-24,0.0,0.0,0.0,0.0,0.0,0.0,0.0,0.0,0.0,0.0,0.0,0.0,0.0,0.0,0.0,45.72416,0.060559668,0.0,6.5969880000000005,6.166109300000001e-28,0.0,0.0,0.0,1.5747464999999998e-27,0.0,0.0,0.0,1.3208218e-24,6.4e-44,0.0,0.0,1.0820921999999999e-27,0.0,0.0,0.0,0.18814662098884585
113,1701565800,0.0,0.0,0.0,0.0,1.7401296999999994e-24,1.3116606000000002e-24,1.7367672e-24,1.736764e-24,0.0,0.0,0.0,0.0,0.0,0.0,0.0,0.0,0.0,0.0,0.0,0.0,0.0,0.0,0.0,45.72416,0.060559668,0.0,6.5969880000000005,6.166109300000001e-28,0.0,0.0,0.0,1.5747464999999998e-27,0.0,0.0,0.0,1.3208218e-24,6.4e-44,0.0,0.0,1.0820921999999999e-27,0.0,0.0,0.0,0.18814662098884585
113,1701566400,0.0,0.0,0.0,0.0,1.7401296999999994e-24,1.3116606000000002e-24,1.7367672e-24,1.736764e-24,0.0,0.0,0.0,0.0,0.0,0.0,0.0,0.0,0.0,0.0,0.0,0.0,0.0,0.0,0.0,45.72416,0.060559668,0.0,6.5969880000000005,6.166109300000001e-28,0.0,0.0,0.0,1.5747464999999998e-27,0.0,0.0,0.0,1.3208218e-24,6.4e-44,0.0,0.0,1.0820921999999999e-27,0.0,0.0,0.0,0.18814662098884585
113,1701567000,0.0,0.0,0.0,0.0,1.7401296999999994e-24,1.3116606000000002e-24,1.7367672e-24,1.736764e-24,0.0,0.0,0.0,0.0,0.0,0.0,0.0,0.0,0.0,0.0,0.0,0.0,0.0,0.0,0.0,45.72416,0.060559668,0.0,6.5969880000000005,6.166109300000001e-28,0.0,0.0,0.0,1.5747464999999998e-27,0.0,0.0,0.0,1.3208218e-24,6.4e-44,0.0,0.0,1.0820921999999999e-27,0.0,0.0,0.0,0.18814662098884585
113,1701567600,0.0,0.0,0.0,0.0,1.7401296999999994e-24,1.3116606000000002e-24,1.7367672e-24,1.736764e-24,0.0,0.0,0.0,0.0,0.0,0.0,0.0,0.0,0.0,0.0,0.0,0.0,0.0,0.0,0.0,45.72416,0.060559668,0.0,6.5969880000000005,6.166109300000001e-28,0.0,0.0,0.0,1.5747464999999998e-27,0.0,0.0,0.0,1.3208218e-24,6.4e-44,0.0,0.0,1.0820921999999999e-27,0.0,0.0,0.0,0.18814662098884585
113,1701568200,0.0,0.0,0.0,0.0,1.7401296999999994e-24,1.3116606000000002e-24,1.7367672e-24,1.736764e-24,0.0,0.0,0.0,0.0,0.0,0.0,0.0,0.0,0.0,0.0,0.0,0.0,0.0,0.0,0.0,45.72416,0.060559668,0.0,6.5969880000000005,6.166109300000001e-28,0.0,0.0,0.0,1.5747464999999998e-27,0.0,0.0,0.0,1.3208218e-24,6.4e-44,0.0,0.0,1.0820921999999999e-27,0.0,0.0,0.0,0.18814662098884585
113,1701568800,0.0,0.0,0.0,0.0,1.7401296999999994e-24,1.3116606000000002e-24,1.7367672e-24,1.736764e-24,0.0,0.0,0.0,0.0,0.0,0.0,0.0,0.0,0.0,0.0,0.0,0.0,0.0,0.0,0.0,45.72416,0.060559668,0.0,6.5969880000000005,6.166109300000001e-28,0.0,0.0,0.0,1.5747464999999998e-27,0.0,0.0,0.0,1.3208218e-24,6.4e-44,0.0,0.0,1.0820921999999999e-27,0.0,0.0,0.0,0.18814662098884585
113,1701569400,0.0,0.0,0.0,0.0,1.7401296999999994e-24,1.3116606000000002e-24,1.7367672e-24,1.736764e-24,0.0,0.0,0.0,0.0,0.0,0.0,0.0,0.0,0.0,0.0,0.0,0.0,0.0,0.0,0.0,45.72416,0.060559668,0.0,6.5969880000000005,6.166109300000001e-28,0.0,0.0,0.0,1.5747464999999998e-27,0.0,0.0,0.0,1.3208218e-24,6.4e-44,0.0,0.0,1.0820921999999999e-27,0.0,0.0,0.0,0.18814662098884585
113,1701570000,0.0,0.0,0.0,0.0,1.7401296999999994e-24,1.3116606000000002e-24,1.7367672e-24,1.736764e-24,0.0,0.0,0.0,0.0,0.0,0.0,0.0,0.0,0.0,0.0,0.0,0.0,0.0,0.0,0.0,45.72416,0.060559668,0.0,6.5969880000000005,6.166109300000001e-28,0.0,0.0,0.0,1.5747464999999998e-27,0.0,0.0,0.0,1.3208218e-24,6.4e-44,0.0,0.0,1.0820921999999999e-27,0.0,0.0,0.0,0.18814662098884585
113,1701570600,0.0,0.0,0.0,0.0,1.7401296999999994e-24,1.3116606000000002e-24,1.7367672e-24,1.736764e-24,0.0,0.0,0.0,0.0,0.0,0.0,0.0,0.0,0.0,0.0,0.0,0.0,0.0,0.0,0.0,45.72416,0.060559668,0.0,6.5969880000000005,6.166109300000001e-28,0.0,0.0,0.0,1.5747464999999998e-27,0.0,0.0,0.0,1.3208218e-24,6.4e-44,0.0,0.0,1.0820921999999999e-27,0.0,0.0,0.0,0.18814662098884585
113,1701571200,0.0,0.0,0.0,0.0,1.7401296999999994e-24,1.3116606000000002e-24,1.7367672e-24,1.736764e-24,0.0,0.0,0.0,0.0,0.0,0.0,0.0,0.0,0.0,0.0,0.0,0.0,0.0,0.0,0.0,45.72416,0.060559668,0.0,6.5969880000000005,6.166109300000001e-28,0.0,0.0,0.0,1.5747464999999998e-27,0.0,0.0,0.0,1.3208218e-24,6.4e-44,0.0,0.0,1.0820921999999999e-27,0.0,0.0,0.0,0.18814662098884585
113,1701571800,0.0,0.0,0.0,0.0,1.7401296999999994e-24,1.3116606000000002e-24,1.7367672e-24,1.736764e-24,0.0,0.0,0.0,0.0,0.0,0.0,0.0,0.0,0.0,0.0,0.0,0.0,0.0,0.0,0.0,45.72416,0.060559668,0.0,6.5969880000000005,6.166109300000001e-28,0.0,0.0,0.0,1.5747464999999998e-27,0.0,0.0,0.0,1.3208218e-24,6.4e-44,0.0,0.0,1.0820921999999999e-27,0.0,0.0,0.0,0.18814662098884585
113,1701572400,0.0,0.0,0.0,0.0,1.7401296999999994e-24,1.3116606000000002e-24,1.7367672e-24,1.736764e-24,0.0,0.0,0.0,0.0,0.0,0.0,0.0,0.0,0.0,0.0,0.0,0.0,0.0,0.0,0.0,45.72416,0.060559668,0.0,6.5969880000000005,6.166109300000001e-28,0.0,0.0,0.0,1.5747464999999998e-27,0.0,0.0,0.0,1.3208218e-24,6.4e-44,0.0,0.0,1.0820921999999999e-27,0.0,0.0,0.0,0.18814662098884585
113,1701573000,0.0,0.0,0.0,0.0,1.7401296999999994e-24,1.3116606000000002e-24,1.7367672e-24,1.736764e-24,0.0,0.0,0.0,0.0,0.0,0.0,0.0,0.0,0.0,0.0,0.0,0.0,0.0,0.0,0.0,45.72416,0.060559668,0.0,6.5969880000000005,6.166109300000001e-28,0.0,0.0,0.0,1.5747464999999998e-27,0.0,0.0,0.0,1.3208218e-24,6.4e-44,0.0,0.0,1.0820921999999999e-27,0.0,0.0,0.0,0.18814662098884585
113,1701573600,0.0,0.0,0.0,0.0,1.7401296999999994e-24,1.3116606000000002e-24,1.7367672e-24,1.736764e-24,0.0,0.0,0.0,0.0,0.0,0.0,0.0,0.0,0.0,0.0,0.0,0.0,0.0,0.0,0.0,45.72416,0.060559668,0.0,6.5969880000000005,6.166109300000001e-28,0.0,0.0,0.0,1.5747464999999998e-27,0.0,0.0,0.0,1.3208218e-24,6.4e-44,0.0,0.0,1.0820921999999999e-27,0.0,0.0,0.0,0.18814662098884585
113,1701574200,0.0,0.0,0.0,0.0,1.7401296999999994e-24,1.3116606000000002e-24,1.7367672e-24,1.736764e-24,0.0,0.0,0.0,0.0,0.0,0.0,0.0,0.0,0.0,0.0,0.0,0.0,0.0,0.0,0.0,45.72416,0.060559668,0.0,6.5969880000000005,6.166109300000001e-28,0.0,0.0,0.0,1.5747464999999998e-27,0.0,0.0,0.0,1.3208218e-24,6.4e-44,0.0,0.0,1.0820921999999999e-27,0.0,0.0,0.0,0.18814662098884585
113,1701574800,0.0,0.0,0.0,0.0,1.7401296999999994e-24,1.3116606000000002e-24,1.7367672e-24,1.736764e-24,0.0,0.0,0.0,0.0,0.0,0.0,0.0,0.0,0.0,0.0,0.0,0.0,0.0,0.0,0.0,45.72416,0.060559668,0.0,6.5969880000000005,6.166109300000001e-28,0.0,0.0,0.0,1.5747464999999998e-27,0.0,0.0,0.0,1.3208218e-24,6.4e-44,0.0,0.0,1.0820921999999999e-27,0.0,0.0,0.0,0.18814662098884585
113,1701575400,0.0,0.0,0.0,0.0,1.7401296999999994e-24,1.3116606000000002e-24,1.7367672e-24,1.736764e-24,0.0,0.0,0.0,0.0,0.0,0.0,0.0,0.0,0.0,0.0,0.0,0.0,0.0,0.0,0.0,45.72416,0.060559668,0.0,6.5969880000000005,6.166109300000001e-28,0.0,0.0,0.0,1.5747464999999998e-27,0.0,0.0,0.0,1.3208218e-24,6.4e-44,0.0,0.0,1.0820921999999999e-27,0.0,0.0,0.0,0.18814662098884585
113,1701576000,0.0,0.0,0.0,0.0,1.7401296999999994e-24,1.3116606000000002e-24,1.7367672e-24,1.736764e-24,0.0,0.0,0.0,0.0,0.0,0.0,0.0,0.0,0.0,0.0,0.0,0.0,0.0,0.0,0.0,45.72416,0.060559668,0.0,6.5969880000000005,6.166109300000001e-28,0.0,0.0,0.0,1.5747464999999998e-27,0.0,0.0,0.0,1.3208218e-24,6.4e-44,0.0,0.0,1.0820921999999999e-27,0.0,0.0,0.0,0.18814662098884585
113,1701576600,0.0,0.0,0.0,0.0,1.7401296999999994e-24,1.3116606000000002e-24,1.7367672e-24,1.736764e-24,0.0,0.0,0.0,0.0,0.0,0.0,0.0,0.0,0.0,0.0,0.0,0.0,0.0,0.0,0.0,45.72416,0.060559668,0.0,6.5969880000000005,6.166109300000001e-28,0.0,0.0,0.0,1.5747464999999998e-27,0.0,0.0,0.0,1.3208218e-24,6.4e-44,0.0,0.0,1.0820921999999999e-27,0.0,0.0,0.0,0.18814662098884585
113,1701577200,0.0,0.0,0.0,0.0,1.7401296999999994e-24,1.3116606000000002e-24,1.7367672e-24,1.736764e-24,0.0,0.0,0.0,0.0,0.0,0.0,0.0,0.0,0.0,0.0,0.0,0.0,0.0,0.0,0.0,45.72416,0.060559668,0.0,6.5969880000000005,6.166109300000001e-28,0.0,0.0,0.0,1.5747464999999998e-27,0.0,0.0,0.0,1.3208218e-24,6.4e-44,0.0,0.0,1.0820921999999999e-27,0.0,0.0,0.0,0.18814662098884585
113,1701577800,0.0,0.0,0.0,0.0,1.7401296999999994e-24,1.3116606000000002e-24,1.7367672e-24,1.736764e-24,0.0,0.0,0.0,0.0,0.0,0.0,0.0,0.0,0.0,0.0,0.0,0.0,0.0,0.0,0.0,45.72416,0.060559668,0.0,6.5969880000000005,6.166109300000001e-28,0.0,0.0,0.0,1.5747464999999998e-27,0.0,0.0,0.0,1.3208218e-24,6.4e-44,0.0,0.0,1.0820921999999999e-27,0.0,0.0,0.0,0.18814662098884585
113,1701578400,0.0,0.0,0.0,0.0,1.7401296999999994e-24,1.3116606000000002e-24,1.7367672e-24,1.736764e-24,0.0,0.0,0.0,0.0,0.0,0.0,0.0,0.0,0.0,0.0,0.0,0.0,0.0,0.0,0.0,45.72416,0.060559668,0.0,6.5969880000000005,6.166109300000001e-28,0.0,0.0,0.0,1.5747464999999998e-27,0.0,0.0,0.0,1.3208218e-24,6.4e-44,0.0,0.0,1.0820921999999999e-27,0.0,0.0,0.0,0.18814662098884585
113,1701579000,0.0,0.0,0.0,0.0,1.7401296999999994e-24,1.3116606000000002e-24,1.7367672e-24,1.736764e-24,0.0,0.0,0.0,0.0,0.0,0.0,0.0,0.0,0.0,0.0,0.0,0.0,0.0,0.0,0.0,45.72416,0.060559668,0.0,6.5969880000000005,6.166109300000001e-28,0.0,0.0,0.0,1.5747464999999998e-27,0.0,0.0,0.0,1.3208218e-24,6.4e-44,0.0,0.0,1.0820921999999999e-27,0.0,0.0,0.0,0.18814662098884585
113,1701579600,0.0,0.0,0.0,0.0,1.7401296999999994e-24,1.3116606000000002e-24,1.7367672e-24,1.736764e-24,0.0,0.0,0.0,0.0,0.0,0.0,0.0,0.0,0.0,0.0,0.0,0.0,0.0,0.0,0.0,45.72416,0.060559668,0.0,6.5969880000000005,6.166109300000001e-28,0.0,0.0,0.0,1.5747464999999998e-27,0.0,0.0,0.0,1.3208218e-24,6.4e-44,0.0,0.0,1.0820921999999999e-27,0.0,0.0,0.0,0.18814662098884585
113,1701580200,0.0,0.0,0.0,0.0,1.7401296999999994e-24,1.3116606000000002e-24,1.7367672e-24,1.736764e-24,0.0,0.0,0.0,0.0,0.0,0.0,0.0,0.0,0.0,0.0,0.0,0.0,0.0,0.0,0.0,45.72416,0.060559668,0.0,6.5969880000000005,6.166109300000001e-28,0.0,0.0,0.0,1.5747464999999998e-27,0.0,0.0,0.0,1.3208218e-24,6.4e-44,0.0,0.0,1.0820921999999999e-27,0.0,0.0,0.0,0.18814662098884585
113,1701580800,0.0,0.0,0.0,0.0,1.7401296999999994e-24,1.3116606000000002e-24,1.7367672e-24,1.736764e-24,0.0,0.0,0.0,0.0,0.0,0.0,0.0,0.0,0.0,0.0,0.0,0.0,0.0,0.0,0.0,45.72416,0.060559668,0.0,6.5969880000000005,6.166109300000001e-28,0.0,0.0,0.0,1.5747464999999998e-27,0.0,0.0,0.0,1.3208218e-24,6.4e-44,0.0,0.0,1.0820921999999999e-27,0.0,0.0,0.0,0.18814662098884585
113,1701581400,0.0,0.0,0.0,0.0,1.7401296999999994e-24,1.3116606000000002e-24,1.7367672e-24,1.736764e-24,0.0,0.0,0.0,0.0,0.0,0.0,0.0,0.0,0.0,0.0,0.0,0.0,0.0,0.0,0.0,45.72416,0.060559668,0.0,6.5969880000000005,6.166109300000001e-28,0.0,0.0,0.0,1.5747464999999998e-27,0.0,0.0,0.0,1.3208218e-24,6.4e-44,0.0,0.0,1.0820921999999999e-27,0.0,0.0,0.0,0.18814662098884585
113,1701582000,0.0,0.0,0.0,0.0,1.7401296999999994e-24,1.3116606000000002e-24,1.7367672e-24,1.736764e-24,0.0,0.0,0.0,0.0,0.0,0.0,0.0,0.0,0.0,0.0,0.0,0.0,0.0,0.0,0.0,45.72416,0.060559668,0.0,6.5969880000000005,6.166109300000001e-28,0.0,0.0,0.0,1.5747464999999998e-27,0.0,0.0,0.0,1.3208218e-24,6.4e-44,0.0,0.0,1.0820921999999999e-27,0.0,0.0,0.0,0.18814662098884585
113,1701582600,0.0,0.0,0.0,0.0,1.7401296999999994e-24,1.3116606000000002e-24,1.7367672e-24,1.736764e-24,0.0,0.0,0.0,0.0,0.0,0.0,0.0,0.0,0.0,0.0,0.0,0.0,0.0,0.0,0.0,45.72416,0.060559668,0.0,6.5969880000000005,6.166109300000001e-28,0.0,0.0,0.0,1.5747464999999998e-27,0.0,0.0,0.0,1.3208218e-24,6.4e-44,0.0,0.0,1.0820921999999999e-27,0.0,0.0,0.0,0.18814662098884585
113,1701583200,0.0,0.0,0.0,0.0,1.7401296999999994e-24,1.3116606000000002e-24,1.7367672e-24,1.736764e-24,0.0,0.0,0.0,0.0,0.0,0.0,0.0,0.0,0.0,0.0,0.0,0.0,0.0,0.0,0.0,45.72416,0.060559668,0.0,6.5969880000000005,6.166109300000001e-28,0.0,0.0,0.0,1.5747464999999998e-27,0.0,0.0,0.0,1.3208218e-24,6.4e-44,0.0,0.0,1.0820921999999999e-27,0.0,0.0,0.0,0.18814662098884585
113,1701583800,0.0,0.0,0.0,0.0,1.7401296999999994e-24,1.3116606000000002e-24,1.7367672e-24,1.736764e-24,0.0,0.0,0.0,0.0,0.0,0.0,0.0,0.0,0.0,0.0,0.0,0.0,0.0,0.0,0.0,45.72416,0.060559668,0.0,6.5969880000000005,6.166109300000001e-28,0.0,0.0,0.0,1.5747464999999998e-27,0.0,0.0,0.0,1.3208218e-24,6.4e-44,0.0,0.0,1.0820921999999999e-27,0.0,0.0,0.0,0.18814662098884585
113,1701584400,0.0,0.0,0.0,0.0,1.7401296999999994e-24,1.3116606000000002e-24,1.7367672e-24,1.736764e-24,0.0,0.0,0.0,0.0,0.0,0.0,0.0,0.0,0.0,0.0,0.0,0.0,0.0,0.0,0.0,45.72416,0.060559668,0.0,6.5969880000000005,6.166109300000001e-28,0.0,0.0,0.0,1.5747464999999998e-27,0.0,0.0,0.0,1.3208218e-24,6.4e-44,0.0,0.0,1.0820921999999999e-27,0.0,0.0,0.0,0.18814662098884585
113,1701585000,0.0,0.0,0.0,0.0,1.7401296999999994e-24,1.3116606000000002e-24,1.7367672e-24,1.736764e-24,0.0,0.0,0.0,0.0,0.0,0.0,0.0,0.0,0.0,0.0,0.0,0.0,0.0,0.0,0.0,45.72416,0.060559668,0.0,6.5969880000000005,6.166109300000001e-28,0.0,0.0,0.0,1.5747464999999998e-27,0.0,0.0,0.0,1.3208218e-24,6.4e-44,0.0,0.0,1.0820921999999999e-27,0.0,0.0,0.0,0.18814662098884585
113,1701585600,0.0,0.0,0.0,0.0,1.7401296999999994e-24,1.3116606000000002e-24,1.7367672e-24,1.736764e-24,0.0,0.0,0.0,0.0,0.0,0.0,0.0,0.0,0.0,0.0,0.0,0.0,0.0,0.0,0.0,45.72416,0.060559668,0.0,6.5969880000000005,6.166109300000001e-28,0.0,0.0,0.0,1.5747464999999998e-27,0.0,0.0,0.0,1.3208218e-24,6.4e-44,0.0,0.0,1.0820921999999999e-27,0.0,0.0,0.0,0.18814662098884585
113,1701586200,0.0,0.0,0.0,0.0,1.7401296999999994e-24,1.3116606000000002e-24,1.7367672e-24,1.736764e-24,0.0,0.0,0.0,0.0,0.0,0.0,0.0,0.0,0.0,0.0,0.0,0.0,0.0,0.0,0.0,45.72416,0.060559668,0.0,6.5969880000000005,6.166109300000001e-28,0.0,0.0,0.0,1.5747464999999998e-27,0.0,0.0,0.0,1.3208218e-24,6.4e-44,0.0,0.0,1.0820921999999999e-27,0.0,0.0,0.0,0.18814662098884585
113,1701586800,0.0,0.0,0.0,0.0,1.7401296999999994e-24,1.3116606000000002e-24,1.7367672e-24,1.736764e-24,0.0,0.0,0.0,0.0,0.0,0.0,0.0,0.0,0.0,0.0,0.0,0.0,0.0,0.0,0.0,45.72416,0.060559668,0.0,6.5969880000000005,6.166109300000001e-28,0.0,0.0,0.0,1.5747464999999998e-27,0.0,0.0,0.0,1.3208218e-24,6.4e-44,0.0,0.0,1.0820921999999999e-27,0.0,0.0,0.0,0.18814662098884585
113,1701587400,0.0,0.0,0.0,0.0,1.7401296999999994e-24,1.3116606000000002e-24,1.7367672e-24,1.736764e-24,0.0,0.0,0.0,0.0,0.0,0.0,0.0,0.0,0.0,0.0,0.0,0.0,0.0,0.0,0.0,45.72416,0.060559668,0.0,6.5969880000000005,6.166109300000001e-28,0.0,0.0,0.0,1.5747464999999998e-27,0.0,0.0,0.0,1.3208218e-24,6.4e-44,0.0,0.0,1.0820921999999999e-27,0.0,0.0,0.0,0.18814662098884585
113,1701588000,0.0,0.0,0.0,0.0,1.7401296999999994e-24,1.3116606000000002e-24,1.7367672e-24,1.736764e-24,0.0,0.0,0.0,0.0,0.0,0.0,0.0,0.0,0.0,0.0,0.0,0.0,0.0,0.0,0.0,45.72416,0.060559668,0.0,6.5969880000000005,6.166109300000001e-28,0.0,0.0,0.0,1.5747464999999998e-27,0.0,0.0,0.0,1.3208218e-24,6.4e-44,0.0,0.0,1.0820921999999999e-27,0.0,0.0,0.0,0.18814662098884585
113,1701588600,0.0,0.0,0.0,0.0,1.7401296999999994e-24,1.3116606000000002e-24,1.7367672e-24,1.736764e-24,0.0,0.0,0.0,0.0,0.0,0.0,0.0,0.0,0.0,0.0,0.0,0.0,0.0,0.0,0.0,45.72416,0.060559668,0.0,6.5969880000000005,6.166109300000001e-28,0.0,0.0,0.0,1.5747464999999998e-27,0.0,0.0,0.0,1.3208218e-24,6.4e-44,0.0,0.0,1.0820921999999999e-27,0.0,0.0,0.0,0.18814662098884585
113,1701589200,0.0,0.0,0.0,0.0,1.7401296999999994e-24,1.3116606000000002e-24,1.7367672e-24,1.736764e-24,0.0,0.0,0.0,0.0,0.0,0.0,0.0,0.0,0.0,0.0,0.0,0.0,0.0,0.0,0.0,45.72416,0.060559668,0.0,6.5969880000000005,6.166109300000001e-28,0.0,0.0,0.0,1.5747464999999998e-27,0.0,0.0,0.0,1.3208218e-24,6.4e-44,0.0,0.0,1.0820921999999999e-27,0.0,0.0,0.0,0.18814662098884585
113,1701589800,0.0,0.0,0.0,0.0,1.7401296999999994e-24,1.3116606000000002e-24,1.7367672e-24,1.736764e-24,0.0,0.0,0.0,0.0,0.0,0.0,0.0,0.0,0.0,0.0,0.0,0.0,0.0,0.0,0.0,45.72416,0.060559668,0.0,6.5969880000000005,6.166109300000001e-28,0.0,0.0,0.0,1.5747464999999998e-27,0.0,0.0,0.0,1.3208218e-24,6.4e-44,0.0,0.0,1.0820921999999999e-27,0.0,0.0,0.0,0.18814662098884585
113,1701590400,0.0,0.0,0.0,0.0,1.7401296999999994e-24,1.3116606000000002e-24,1.7367672e-24,1.736764e-24,0.0,0.0,0.0,0.0,0.0,0.0,0.0,0.0,0.0,0.0,0.0,0.0,0.0,0.0,0.0,45.72416,0.060559668,0.0,6.5969880000000005,6.166109300000001e-28,0.0,0.0,0.0,1.5747464999999998e-27,0.0,0.0,0.0,1.3208218e-24,6.4e-44,0.0,0.0,1.0820921999999999e-27,0.0,0.0,0.0,0.18814662098884585
113,1701591000,0.0,0.0,0.0,0.0,1.7401296999999994e-24,1.3116606000000002e-24,1.7367672e-24,1.736764e-24,0.0,0.0,0.0,0.0,0.0,0.0,0.0,0.0,0.0,0.0,0.0,0.0,0.0,0.0,0.0,45.72416,0.060559668,0.0,6.5969880000000005,6.166109300000001e-28,0.0,0.0,0.0,1.5747464999999998e-27,0.0,0.0,0.0,1.3208218e-24,6.4e-44,0.0,0.0,1.0820921999999999e-27,0.0,0.0,0.0,0.18814662098884585
113,1701591600,0.0,0.0,0.0,0.0,1.7401296999999994e-24,1.3116606000000002e-24,1.7367672e-24,1.736764e-24,0.0,0.0,0.0,0.0,0.0,0.0,0.0,0.0,0.0,0.0,0.0,0.0,0.0,0.0,0.0,45.72416,0.060559668,0.0,6.5969880000000005,6.166109300000001e-28,0.0,0.0,0.0,1.5747464999999998e-27,0.0,0.0,0.0,1.3208218e-24,6.4e-44,0.0,0.0,1.0820921999999999e-27,0.0,0.0,0.0,0.18814662098884585
113,1701592200,0.0,0.0,0.0,0.0,1.7401296999999994e-24,1.3116606000000002e-24,1.7367672e-24,1.736764e-24,0.0,0.0,0.0,0.0,0.0,0.0,0.0,0.0,0.0,0.0,0.0,0.0,0.0,0.0,0.0,45.72416,0.060559668,0.0,6.5969880000000005,6.166109300000001e-28,0.0,0.0,0.0,1.5747464999999998e-27,0.0,0.0,0.0,1.3208218e-24,6.4e-44,0.0,0.0,1.0820921999999999e-27,0.0,0.0,0.0,0.18814662098884585
113,1701592800,0.0,0.0,0.0,0.0,1.7401296999999994e-24,1.3116606000000002e-24,1.7367672e-24,1.736764e-24,0.0,0.0,0.0,0.0,0.0,0.0,0.0,0.0,0.0,0.0,0.0,0.0,0.0,0.0,0.0,45.72416,0.060559668,0.0,6.5969880000000005,6.166109300000001e-28,0.0,0.0,0.0,1.5747464999999998e-27,0.0,0.0,0.0,1.3208218e-24,6.4e-44,0.0,0.0,1.0820921999999999e-27,0.0,0.0,0.0,0.18814662098884585
113,1701593400,0.0,0.0,0.0,0.0,1.7401296999999994e-24,1.3116606000000002e-24,1.7367672e-24,1.736764e-24,0.0,0.0,0.0,0.0,0.0,0.0,0.0,0.0,0.0,0.0,0.0,0.0,0.0,0.0,0.0,45.72416,0.060559668,0.0,6.5969880000000005,6.166109300000001e-28,0.0,0.0,0.0,1.5747464999999998e-27,0.0,0.0,0.0,1.3208218e-24,6.4e-44,0.0,0.0,1.0820921999999999e-27,0.0,0.0,0.0,0.18814662098884585
113,1701594000,0.0,0.0,0.0,0.0,1.7401296999999994e-24,1.3116606000000002e-24,1.7367672e-24,1.736764e-24,0.0,0.0,0.0,0.0,0.0,0.0,0.0,0.0,0.0,0.0,0.0,0.0,0.0,0.0,0.0,45.72416,0.060559668,0.0,6.5969880000000005,6.166109300000001e-28,0.0,0.0,0.0,1.5747464999999998e-27,0.0,0.0,0.0,1.3208218e-24,6.4e-44,0.0,0.0,1.0820921999999999e-27,0.0,0.0,0.0,0.18814662098884585
113,1701594600,0.0,0.0,0.0,0.0,1.7401296999999994e-24,1.3116606000000002e-24,1.7367672e-24,1.736764e-24,0.0,0.0,0.0,0.0,0.0,0.0,0.0,0.0,0.0,0.0,0.0,0.0,0.0,0.0,0.0,45.72416,0.060559668,0.0,6.5969880000000005,6.166109300000001e-28,0.0,0.0,0.0,1.5747464999999998e-27,0.0,0.0,0.0,1.3208218e-24,6.4e-44,0.0,0.0,1.0820921999999999e-27,0.0,0.0,0.0,0.18814662098884585
113,1701595200,0.0,0.0,0.0,0.0,1.7401296999999994e-24,1.3116606000000002e-24,1.7367672e-24,1.736764e-24,0.0,0.0,0.0,0.0,0.0,0.0,0.0,0.0,0.0,0.0,0.0,0.0,0.0,0.0,0.0,45.72416,0.060559668,0.0,6.5969880000000005,6.166109300000001e-28,0.0,0.0,0.0,1.5747464999999998e-27,0.0,0.0,0.0,1.3208218e-24,6.4e-44,0.0,0.0,1.0820921999999999e-27,0.0,0.0,0.0,0.18814662098884585
113,1701595800,0.0,0.0,0.0,0.0,1.7401296999999994e-24,1.3116606000000002e-24,1.7367672e-24,1.736764e-24,0.0,0.0,0.0,0.0,0.0,0.0,0.0,0.0,0.0,0.0,0.0,0.0,0.0,0.0,0.0,45.72416,0.060559668,0.0,6.5969880000000005,6.166109300000001e-28,0.0,0.0,0.0,1.5747464999999998e-27,0.0,0.0,0.0,1.3208218e-24,6.4e-44,0.0,0.0,1.0820921999999999e-27,0.0,0.0,0.0,0.18814662098884585
113,1701596400,0.0,0.0,0.0,0.0,1.7401296999999994e-24,1.3116606000000002e-24,1.7367672e-24,1.736764e-24,0.0,0.0,0.0,0.0,0.0,0.0,0.0,0.0,0.0,0.0,0.0,0.0,0.0,0.0,0.0,45.72416,0.060559668,0.0,6.5969880000000005,6.166109300000001e-28,0.0,0.0,0.0,1.5747464999999998e-27,0.0,0.0,0.0,1.3208218e-24,6.4e-44,0.0,0.0,1.0820921999999999e-27,0.0,0.0,0.0,0.18814662098884585
113,1701597000,0.0,0.0,0.0,0.0,1.7401296999999994e-24,1.3116606000000002e-24,1.7367672e-24,1.736764e-24,0.0,0.0,0.0,0.0,0.0,0.0,0.0,0.0,0.0,0.0,0.0,0.0,0.0,0.0,0.0,45.72416,0.060559668,0.0,6.5969880000000005,6.166109300000001e-28,0.0,0.0,0.0,1.5747464999999998e-27,0.0,0.0,0.0,1.3208218e-24,6.4e-44,0.0,0.0,1.0820921999999999e-27,0.0,0.0,0.0,0.18814662098884585
113,1701597600,0.0,0.0,0.0,0.0,1.7401296999999994e-24,1.3116606000000002e-24,1.7367672e-24,1.736764e-24,0.0,0.0,0.0,0.0,0.0,0.0,0.0,0.0,0.0,0.0,0.0,0.0,0.0,0.0,0.0,45.72416,0.060559668,0.0,6.5969880000000005,6.166109300000001e-28,0.0,0.0,0.0,1.5747464999999998e-27,0.0,0.0,0.0,1.3208218e-24,6.4e-44,0.0,0.0,1.0820921999999999e-27,0.0,0.0,0.0,0.18814662098884585
113,1701598200,0.0,0.0,0.0,0.0,1.7401296999999994e-24,1.3116606000000002e-24,1.7367672e-24,1.736764e-24,0.0,0.0,0.0,0.0,0.0,0.0,0.0,0.0,0.0,0.0,0.0,0.0,0.0,0.0,0.0,45.72416,0.060559668,0.0,6.5969880000000005,6.166109300000001e-28,0.0,0.0,0.0,1.5747464999999998e-27,0.0,0.0,0.0,1.3208218e-24,6.4e-44,0.0,0.0,1.0820921999999999e-27,0.0,0.0,0.0,0.18814662098884585
113,1701598800,0.0,0.0,0.0,0.0,1.7401296999999994e-24,1.3116606000000002e-24,1.7367672e-24,1.736764e-24,0.0,0.0,0.0,0.0,0.0,0.0,0.0,0.0,0.0,0.0,0.0,0.0,0.0,0.0,0.0,45.72416,0.060559668,0.0,6.5969880000000005,6.166109300000001e-28,0.0,0.0,0.0,1.5747464999999998e-27,0.0,0.0,0.0,1.3208218e-24,6.4e-44,0.0,0.0,1.0820921999999999e-27,0.0,0.0,0.0,0.18814662098884585
113,1701599400,0.0,0.0,0.0,0.0,1.7401296999999994e-24,1.3116606000000002e-24,1.7367672e-24,1.736764e-24,0.0,0.0,0.0,0.0,0.0,0.0,0.0,0.0,0.0,0.0,0.0,0.0,0.0,0.0,0.0,45.72416,0.060559668,0.0,6.5969880000000005,6.166109300000001e-28,0.0,0.0,0.0,1.5747464999999998e-27,0.0,0.0,0.0,1.3208218e-24,6.4e-44,0.0,0.0,1.0820921999999999e-27,0.0,0.0,0.0,0.18814662098884585
113,1701600000,0.0,0.0,0.0,0.0,1.7401296999999994e-24,1.3116606000000002e-24,1.7367672e-24,1.736764e-24,0.0,0.0,0.0,0.0,0.0,0.0,0.0,0.0,0.0,0.0,0.0,0.0,0.0,0.0,0.0,45.72416,0.060559668,0.0,6.5969880000000005,6.166109300000001e-28,0.0,0.0,0.0,1.5747464999999998e-27,0.0,0.0,0.0,1.3208218e-24,6.4e-44,0.0,0.0,1.0820921999999999e-27,0.0,0.0,0.0,0.18814662098884585
113,1701600600,0.0,0.0,0.0,0.0,1.7401296999999994e-24,1.3116606000000002e-24,1.7367672e-24,1.736764e-24,0.0,0.0,0.0,0.0,0.0,0.0,0.0,0.0,0.0,0.0,0.0,0.0,0.0,0.0,0.0,45.72416,0.060559668,0.0,6.5969880000000005,6.166109300000001e-28,0.0,0.0,0.0,1.5747464999999998e-27,0.0,0.0,0.0,1.3208218e-24,6.4e-44,0.0,0.0,1.0820921999999999e-27,0.0,0.0,0.0,0.18814662098884585
113,1701601200,0.0,0.0,0.0,0.0,1.7401296999999998e-24,1.3116606e-24,1.7367672e-24,1.736764e-24,0.0,0.0,0.0,0.0,0.0,0.0,0.0,0.0,0.0,0.0,0.0,0.0,0.0,0.0,0.0,45.72416,0.060559668,0.0,6.5969880000000005,6.1661093e-28,0.0,0.0,0.0,1.5747464999999998e-27,0.0,0.0,0.0,1.3208218e-24,6.4e-44,0.0,0.0,1.0820921999999999e-27,0.0,0.0,0.0,0.18814662098884585
113,1701601800,0.0,0.0,0.0,0.0,1.7401296999999994e-24,1.3116606000000002e-24,1.7367672e-24,1.736764e-24,0.0,0.0,0.0,0.0,0.0,0.0,0.0,0.0,0.0,0.0,0.0,0.0,0.0,0.0,0.0,45.72416,0.060559668,0.0,6.5969880000000005,6.166109300000001e-28,0.0,0.0,0.0,1.5747464999999998e-27,0.0,0.0,0.0,1.3208218e-24,6.4e-44,0.0,0.0,1.0820921999999999e-27,0.0,0.0,0.0,0.18814662098884585
113,1701602400,0.0,0.0,0.0,0.0,1.7401296999999994e-24,1.3116606000000002e-24,1.7367672e-24,1.736764e-24,0.0,0.0,0.0,0.0,0.0,0.0,0.0,0.0,0.0,0.0,0.0,0.0,0.0,0.0,0.0,45.72416,0.060559668,0.0,6.5969880000000005,6.166109300000001e-28,0.0,0.0,0.0,1.5747464999999998e-27,0.0,0.0,0.0,1.3208218e-24,6.4e-44,0.0,0.0,1.0820921999999999e-27,0.0,0.0,0.0,0.18814662098884585
113,1701603000,0.0,0.0,0.0,0.0,1.7401296999999994e-24,1.3116606000000002e-24,1.7367672e-24,1.736764e-24,0.0,0.0,0.0,0.0,0.0,0.0,0.0,0.0,0.0,0.0,0.0,0.0,0.0,0.0,0.0,45.72416,0.060559668,0.0,6.5969880000000005,6.166109300000001e-28,0.0,0.0,0.0,1.5747464999999998e-27,0.0,0.0,0.0,1.3208218e-24,6.4e-44,0.0,0.0,1.0820921999999999e-27,0.0,0.0,0.0,0.18814662098884585
113,1701603600,0.0,0.0,0.0,0.0,1.7401296999999994e-24,1.3116606000000002e-24,1.7367672e-24,1.736764e-24,0.0,0.0,0.0,0.0,0.0,0.0,0.0,0.0,0.0,0.0,0.0,0.0,0.0,0.0,0.0,45.72416,0.060559668,0.0,6.5969880000000005,6.166109300000001e-28,0.0,0.0,0.0,1.5747464999999998e-27,0.0,0.0,0.0,1.3208218e-24,6.4e-44,0.0,0.0,1.0820921999999999e-27,0.0,0.0,0.0,0.18814662098884585
113,1701604200,0.0,0.0,0.0,0.0,1.7401296999999994e-24,1.3116606000000002e-24,1.7367672e-24,1.736764e-24,0.0,0.0,0.0,0.0,0.0,0.0,0.0,0.0,0.0,0.0,0.0,0.0,0.0,0.0,0.0,45.72416,0.060559668,0.0,6.5969880000000005,6.166109300000001e-28,0.0,0.0,0.0,1.5747464999999998e-27,0.0,0.0,0.0,1.3208218e-24,6.4e-44,0.0,0.0,1.0820921999999999e-27,0.0,0.0,0.0,0.18814662098884585
113,1701604800,0.0,0.0,0.0,0.0,1.7401296999999994e-24,1.3116606000000002e-24,1.7367672e-24,1.736764e-24,0.0,0.0,0.0,0.0,0.0,0.0,0.0,0.0,0.0,0.0,0.0,0.0,0.0,0.0,0.0,45.72416,0.060559668,0.0,6.5969880000000005,6.166109300000001e-28,0.0,0.0,0.0,1.5747464999999998e-27,0.0,0.0,0.0,1.3208218e-24,6.4e-44,0.0,0.0,1.0820921999999999e-27,0.0,0.0,0.0,0.18814662098884585
113,1701605400,0.0,0.0,0.0,0.0,1.7401296999999994e-24,1.3116606000000002e-24,1.7367672e-24,1.736764e-24,0.0,0.0,0.0,0.0,0.0,0.0,0.0,0.0,0.0,0.0,0.0,0.0,0.0,0.0,0.0,45.72416,0.060559668,0.0,6.5969880000000005,6.166109300000001e-28,0.0,0.0,0.0,1.5747464999999998e-27,0.0,0.0,0.0,1.3208218e-24,6.4e-44,0.0,0.0,1.0820921999999999e-27,0.0,0.0,0.0,0.18814662098884585
113,1701606000,0.0,0.0,0.0,0.0,1.7401296999999994e-24,1.3116606000000002e-24,1.7367672e-24,1.736764e-24,0.0,0.0,0.0,0.0,0.0,0.0,0.0,0.0,0.0,0.0,0.0,0.0,0.0,0.0,0.0,45.72416,0.060559668,0.0,6.5969880000000005,6.166109300000001e-28,0.0,0.0,0.0,1.5747464999999998e-27,0.0,0.0,0.0,1.3208218e-24,6.4e-44,0.0,0.0,1.0820921999999999e-27,0.0,0.0,0.0,0.18814662098884585
113,1701606600,0.0,0.0,0.0,0.0,1.7401296999999994e-24,1.3116606000000002e-24,1.7367672e-24,1.736764e-24,0.0,0.0,0.0,0.0,0.0,0.0,0.0,0.0,0.0,0.0,0.0,0.0,0.0,0.0,0.0,45.72416,0.060559668,0.0,6.5969880000000005,6.166109300000001e-28,0.0,0.0,0.0,1.5747464999999998e-27,0.0,0.0,0.0,1.3208218e-24,6.4e-44,0.0,0.0,1.0820921999999999e-27,0.0,0.0,0.0,0.18814662098884585
113,1701607200,0.0,0.0,0.0,0.0,1.7401296999999994e-24,1.3116606000000002e-24,1.7367672e-24,1.736764e-24,0.0,0.0,0.0,0.0,0.0,0.0,0.0,0.0,0.0,0.0,0.0,0.0,0.0,0.0,0.0,45.72416,0.060559668,0.0,6.5969880000000005,6.166109300000001e-28,0.0,0.0,0.0,1.5747464999999998e-27,0.0,0.0,0.0,1.3208218e-24,6.4e-44,0.0,0.0,1.0820921999999999e-27,0.0,0.0,0.0,0.18814662098884585
113,1701607800,0.0,0.0,0.0,0.0,1.7401296999999994e-24,1.3116606000000002e-24,1.7367672e-24,1.736764e-24,0.0,0.0,0.0,0.0,0.0,0.0,0.0,0.0,0.0,0.0,0.0,0.0,0.0,0.0,0.0,45.72416,0.060559668,0.0,6.5969880000000005,6.166109300000001e-28,0.0,0.0,0.0,1.5747464999999998e-27,0.0,0.0,0.0,1.3208218e-24,6.4e-44,0.0,0.0,1.0820921999999999e-27,0.0,0.0,0.0,0.18814662098884585
113,1701608400,0.0,0.0,0.0,0.0,1.7401296999999994e-24,1.3116606000000002e-24,1.7367672e-24,1.736764e-24,0.0,0.0,0.0,0.0,0.0,0.0,0.0,0.0,0.0,0.0,0.0,0.0,0.0,0.0,0.0,45.72416,0.060559668,0.0,6.5969880000000005,6.166109300000001e-28,0.0,0.0,0.0,1.5747464999999998e-27,0.0,0.0,0.0,1.3208218e-24,6.4e-44,0.0,0.0,1.0820921999999999e-27,0.0,0.0,0.0,0.18814662098884585
113,1701609000,0.0,0.0,0.0,0.0,1.7401296999999994e-24,1.3116606000000002e-24,1.7367672e-24,1.736764e-24,0.0,0.0,0.0,0.0,0.0,0.0,0.0,0.0,0.0,0.0,0.0,0.0,0.0,0.0,0.0,45.72416,0.060559668,0.0,6.5969880000000005,6.166109300000001e-28,0.0,0.0,0.0,1.5747464999999998e-27,0.0,0.0,0.0,1.3208218e-24,6.4e-44,0.0,0.0,1.0820921999999999e-27,0.0,0.0,0.0,0.18814662098884585
113,1701609600,0.0,0.0,0.0,0.0,1.7401296999999994e-24,1.3116606000000002e-24,1.7367672e-24,1.736764e-24,0.0,0.0,0.0,0.0,0.0,0.0,0.0,0.0,0.0,0.0,0.0,0.0,0.0,0.0,0.0,45.72416,0.060559668,0.0,6.5969880000000005,6.166109300000001e-28,0.0,0.0,0.0,1.5747464999999998e-27,0.0,0.0,0.0,1.3208218e-24,6.4e-44,0.0,0.0,1.0820921999999999e-27,0.0,0.0,0.0,0.18814662098884585
113,1701610200,0.0,0.0,0.0,0.0,1.7401296999999994e-24,1.3116606000000002e-24,1.7367672e-24,1.736764e-24,0.0,0.0,0.0,0.0,0.0,0.0,0.0,0.0,0.0,0.0,0.0,0.0,0.0,0.0,0.0,45.72416,0.060559668,0.0,6.5969880000000005,6.166109300000001e-28,0.0,0.0,0.0,1.5747464999999998e-27,0.0,0.0,0.0,1.3208218e-24,6.4e-44,0.0,0.0,1.0820921999999999e-27,0.0,0.0,0.0,0.18814662098884585
113,1701610800,0.0,0.0,0.0,0.0,1.7401296999999994e-24,1.3116606000000002e-24,1.7367672e-24,1.736764e-24,0.0,0.0,0.0,0.0,0.0,0.0,0.0,0.0,0.0,0.0,0.0,0.0,0.0,0.0,0.0,45.72416,0.060559668,0.0,6.5969880000000005,6.166109300000001e-28,0.0,0.0,0.0,1.5747464999999998e-27,0.0,0.0,0.0,1.3208218e-24,6.4e-44,0.0,0.0,1.0820921999999999e-27,0.0,0.0,0.0,0.18814662098884585
113,1701611400,0.0,0.0,0.0,0.0,1.7401296999999994e-24,1.3116606000000002e-24,1.7367672e-24,1.736764e-24,0.0,0.0,0.0,0.0,0.0,0.0,0.0,0.0,0.0,0.0,0.0,0.0,0.0,0.0,0.0,45.72416,0.060559668,0.0,6.5969880000000005,6.166109300000001e-28,0.0,0.0,0.0,1.5747464999999998e-27,0.0,0.0,0.0,1.3208218e-24,6.4e-44,0.0,0.0,1.0820921999999999e-27,0.0,0.0,0.0,0.18814662098884585
113,1701612000,0.0,0.0,0.0,0.0,1.7401296999999994e-24,1.3116606000000002e-24,1.7367672e-24,1.736764e-24,0.0,0.0,0.0,0.0,0.0,0.0,0.0,0.0,0.0,0.0,0.0,0.0,0.0,0.0,0.0,45.72416,0.060559668,0.0,6.5969880000000005,6.166109300000001e-28,0.0,0.0,0.0,1.5747464999999998e-27,0.0,0.0,0.0,1.3208218e-24,6.4e-44,0.0,0.0,1.0820921999999999e-27,0.0,0.0,0.0,0.18814662098884585
113,1701612600,0.0,0.0,0.0,0.0,1.7401296999999994e-24,1.3116606000000002e-24,1.7367672e-24,1.736764e-24,0.0,0.0,0.0,0.0,0.0,0.0,0.0,0.0,0.0,0.0,0.0,0.0,0.0,0.0,0.0,45.72416,0.060559668,0.0,6.5969880000000005,6.166109300000001e-28,0.0,0.0,0.0,1.5747464999999998e-27,0.0,0.0,0.0,1.3208218e-24,6.4e-44,0.0,0.0,1.0820921999999999e-27,0.0,0.0,0.0,0.18814662098884585
113,1701613200,0.0,0.0,0.0,0.0,1.7401296999999994e-24,1.3116606000000002e-24,1.7367672e-24,1.736764e-24,0.0,0.0,0.0,0.0,0.0,0.0,0.0,0.0,0.0,0.0,0.0,0.0,0.0,0.0,0.0,45.72416,0.060559668,0.0,6.5969880000000005,6.166109300000001e-28,0.0,0.0,0.0,1.5747464999999998e-27,0.0,0.0,0.0,1.3208218e-24,6.4e-44,0.0,0.0,1.0820921999999999e-27,0.0,0.0,0.0,0.18814662098884585
113,1701613800,0.0,0.0,0.0,0.0,1.7401296999999994e-24,1.3116606000000002e-24,1.7367672e-24,1.736764e-24,0.0,0.0,0.0,0.0,0.0,0.0,0.0,0.0,0.0,0.0,0.0,0.0,0.0,0.0,0.0,45.72416,0.060559668,0.0,6.5969880000000005,6.166109300000001e-28,0.0,0.0,0.0,1.5747464999999998e-27,0.0,0.0,0.0,1.3208218e-24,6.4e-44,0.0,0.0,1.0820921999999999e-27,0.0,0.0,0.0,0.18814662098884585
113,1701614400,0.0,0.0,0.0,0.0,1.7401296999999994e-24,1.3116606000000002e-24,1.7367672e-24,1.736764e-24,0.0,0.0,0.0,0.0,0.0,0.0,0.0,0.0,0.0,0.0,0.0,0.0,0.0,0.0,0.0,45.72416,0.060559668,0.0,6.5969880000000005,6.166109300000001e-28,0.0,0.0,0.0,1.5747464999999998e-27,0.0,0.0,0.0,1.3208218e-24,6.4e-44,0.0,0.0,1.0820921999999999e-27,0.0,0.0,0.0,0.18814662098884585
113,1701615000,0.0,0.0,0.0,0.0,1.7401296999999994e-24,1.3116606000000002e-24,1.7367672e-24,1.736764e-24,0.0,0.0,0.0,0.0,0.0,0.0,0.0,0.0,0.0,0.0,0.0,0.0,0.0,0.0,0.0,45.72416,0.060559668,0.0,6.5969880000000005,6.166109300000001e-28,0.0,0.0,0.0,1.5747464999999998e-27,0.0,0.0,0.0,1.3208218e-24,6.4e-44,0.0,0.0,1.0820921999999999e-27,0.0,0.0,0.0,0.18814662098884585
113,1701615600,0.0,0.0,0.0,0.0,1.7401296999999994e-24,1.3116606000000002e-24,1.7367672e-24,1.736764e-24,0.0,0.0,0.0,0.0,0.0,0.0,0.0,0.0,0.0,0.0,0.0,0.0,0.0,0.0,0.0,45.72416,0.060559668,0.0,6.5969880000000005,6.166109300000001e-28,0.0,0.0,0.0,1.5747464999999998e-27,0.0,0.0,0.0,1.3208218e-24,6.4e-44,0.0,0.0,1.0820921999999999e-27,0.0,0.0,0.0,0.18814662098884585
113,1701616200,0.0,0.0,0.0,0.0,1.7401296999999994e-24,1.3116606000000002e-24,1.7367672e-24,1.736764e-24,0.0,0.0,0.0,0.0,0.0,0.0,0.0,0.0,0.0,0.0,0.0,0.0,0.0,0.0,0.0,45.72416,0.060559668,0.0,6.5969880000000005,6.166109300000001e-28,0.0,0.0,0.0,1.5747464999999998e-27,0.0,0.0,0.0,1.3208218e-24,6.4e-44,0.0,0.0,1.0820921999999999e-27,0.0,0.0,0.0,0.18814662098884585
113,1701616800,0.0,0.0,0.0,0.0,1.7401296999999994e-24,1.3116606000000002e-24,1.7367672e-24,1.736764e-24,0.0,0.0,0.0,0.0,0.0,0.0,0.0,0.0,0.0,0.0,0.0,0.0,0.0,0.0,0.0,45.72416,0.060559668,0.0,6.5969880000000005,6.166109300000001e-28,0.0,0.0,0.0,1.5747464999999998e-27,0.0,0.0,0.0,1.3208218e-24,6.4e-44,0.0,0.0,1.0820921999999999e-27,0.0,0.0,0.0,0.18814662098884585
113,1701617400,0.0,0.0,0.0,0.0,1.7401296999999994e-24,1.3116606000000002e-24,1.7367672e-24,1.736764e-24,0.0,0.0,0.0,0.0,0.0,0.0,0.0,0.0,0.0,0.0,0.0,0.0,0.0,0.0,0.0,45.72416,0.060559668,0.0,6.5969880000000005,6.166109300000001e-28,0.0,0.0,0.0,1.5747464999999998e-27,0.0,0.0,0.0,1.3208218e-24,6.4e-44,0.0,0.0,1.0820921999999999e-27,0.0,0.0,0.0,0.18814662098884585
113,1701618000,0.0,0.0,0.0,0.0,1.7401296999999994e-24,1.3116606000000002e-24,1.7367672e-24,1.736764e-24,0.0,0.0,0.0,0.0,0.0,0.0,0.0,0.0,0.0,0.0,0.0,0.0,0.0,0.0,0.0,45.72416,0.060559668,0.0,6.5969880000000005,6.166109300000001e-28,0.0,0.0,0.0,1.5747464999999998e-27,0.0,0.0,0.0,1.3208218e-24,6.4e-44,0.0,0.0,1.0820921999999999e-27,0.0,0.0,0.0,0.18814662098884585
113,1701618600,0.0,0.0,0.0,0.0,1.7401296999999994e-24,1.3116606000000002e-24,1.7367672e-24,1.736764e-24,0.0,0.0,0.0,0.0,0.0,0.0,0.0,0.0,0.0,0.0,0.0,0.0,0.0,0.0,0.0,45.72416,0.060559668,0.0,6.5969880000000005,6.166109300000001e-28,0.0,0.0,0.0,1.5747464999999998e-27,0.0,0.0,0.0,1.3208218e-24,6.4e-44,0.0,0.0,1.0820921999999999e-27,0.0,0.0,0.0,0.18814662098884585
113,1701619200,0.0,0.0,0.0,0.0,1.7401296999999994e-24,1.3116606000000002e-24,1.7367672e-24,1.736764e-24,0.0,0.0,0.0,0.0,0.0,0.0,0.0,0.0,0.0,0.0,0.0,0.0,0.0,0.0,0.0,45.72416,0.060559668,0.0,6.5969880000000005,6.166109300000001e-28,0.0,0.0,0.0,1.5747464999999998e-27,0.0,0.0,0.0,1.3208218e-24,6.4e-44,0.0,0.0,1.0820921999999999e-27,0.0,0.0,0.0,0.18814662098884585
113,1701619800,0.0,0.0,0.0,0.0,1.7401296999999994e-24,1.3116606000000002e-24,1.7367672e-24,1.736764e-24,0.0,0.0,0.0,0.0,0.0,0.0,0.0,0.0,0.0,0.0,0.0,0.0,0.0,0.0,0.0,45.72416,0.060559668,0.0,6.5969880000000005,6.166109300000001e-28,0.0,0.0,0.0,1.5747464999999998e-27,0.0,0.0,0.0,1.3208218e-24,6.4e-44,0.0,0.0,1.0820921999999999e-27,0.0,0.0,0.0,0.18814662098884585
113,1701620400,0.0,0.0,0.0,0.0,1.7401296999999994e-24,1.3116606000000002e-24,1.7367672e-24,1.736764e-24,0.0,0.0,0.0,0.0,0.0,0.0,0.0,0.0,0.0,0.0,0.0,0.0,0.0,0.0,0.0,45.72416,0.060559668,0.0,6.5969880000000005,6.166109300000001e-28,0.0,0.0,0.0,1.5747464999999998e-27,0.0,0.0,0.0,1.3208218e-24,6.4e-44,0.0,0.0,1.0820921999999999e-27,0.0,0.0,0.0,0.18814662098884585
113,1701621000,0.0,0.0,0.0,0.0,1.7401296999999994e-24,1.3116606000000002e-24,1.7367672e-24,1.736764e-24,0.0,0.0,0.0,0.0,0.0,0.0,0.0,0.0,0.0,0.0,0.0,0.0,0.0,0.0,0.0,45.72416,0.060559668,0.0,6.5969880000000005,6.166109300000001e-28,0.0,0.0,0.0,1.5747464999999998e-27,0.0,0.0,0.0,1.3208218e-24,6.4e-44,0.0,0.0,1.0820921999999999e-27,0.0,0.0,0.0,0.18814662098884585
113,1701621600,0.0,0.0,0.0,0.0,1.7401296999999994e-24,1.3116606000000002e-24,1.7367672e-24,1.736764e-24,0.0,0.0,0.0,0.0,0.0,0.0,0.0,0.0,0.0,0.0,0.0,0.0,0.0,0.0,0.0,45.72416,0.060559668,0.0,6.5969880000000005,6.166109300000001e-28,0.0,0.0,0.0,1.5747464999999998e-27,0.0,0.0,0.0,1.3208218e-24,6.4e-44,0.0,0.0,1.0820921999999999e-27,0.0,0.0,0.0,0.18814662098884585
113,1701622200,0.0,0.0,0.0,0.0,1.7401296999999994e-24,1.3116606000000002e-24,1.7367672e-24,1.736764e-24,0.0,0.0,0.0,0.0,0.0,0.0,0.0,0.0,0.0,0.0,0.0,0.0,0.0,0.0,0.0,45.72416,0.060559668,0.0,6.5969880000000005,6.166109300000001e-28,0.0,0.0,0.0,1.5747464999999998e-27,0.0,0.0,0.0,1.3208218e-24,6.4e-44,0.0,0.0,1.0820921999999999e-27,0.0,0.0,0.0,0.18814662098884585
113,1701622800,0.0,0.0,0.0,0.0,1.7401296999999994e-24,1.3116606000000002e-24,1.7367672e-24,1.736764e-24,0.0,0.0,0.0,0.0,0.0,0.0,0.0,0.0,0.0,0.0,0.0,0.0,0.0,0.0,0.0,45.72416,0.060559668,0.0,6.5969880000000005,6.166109300000001e-28,0.0,0.0,0.0,1.5747464999999998e-27,0.0,0.0,0.0,1.3208218e-24,6.4e-44,0.0,0.0,1.0820921999999999e-27,0.0,0.0,0.0,0.18814662098884585
113,1701623400,0.0,0.0,0.0,0.0,1.7401296999999994e-24,1.3116606000000002e-24,1.7367672e-24,1.736764e-24,0.0,0.0,0.0,0.0,0.0,0.0,0.0,0.0,0.0,0.0,0.0,0.0,0.0,0.0,0.0,45.72416,0.060559668,0.0,6.5969880000000005,6.166109300000001e-28,0.0,0.0,0.0,1.5747464999999998e-27,0.0,0.0,0.0,1.3208218e-24,6.4e-44,0.0,0.0,1.0820921999999999e-27,0.0,0.0,0.0,0.18814662098884585
113,1701624000,0.0,0.0,0.0,0.0,1.7401296999999994e-24,1.3116606000000002e-24,1.7367672e-24,1.736764e-24,0.0,0.0,0.0,0.0,0.0,0.0,0.0,0.0,0.0,0.0,0.0,0.0,0.0,0.0,0.0,45.72416,0.060559668,0.0,6.5969880000000005,6.166109300000001e-28,0.0,0.0,0.0,1.5747464999999998e-27,0.0,0.0,0.0,1.3208218e-24,6.4e-44,0.0,0.0,1.0820921999999999e-27,0.0,0.0,0.0,0.18814662098884585
113,1701624600,0.0,0.0,0.0,0.0,1.7401296999999994e-24,1.3116606000000002e-24,1.7367672e-24,1.736764e-24,0.0,0.0,0.0,0.0,0.0,0.0,0.0,0.0,0.0,0.0,0.0,0.0,0.0,0.0,0.0,45.72416,0.060559668,0.0,6.5969880000000005,6.166109300000001e-28,0.0,0.0,0.0,1.5747464999999998e-27,0.0,0.0,0.0,1.3208218e-24,6.4e-44,0.0,0.0,1.0820921999999999e-27,0.0,0.0,0.0,0.18814662098884585
113,1701625200,0.0,0.0,0.0,0.0,1.7401296999999994e-24,1.3116606000000002e-24,1.7367672e-24,1.736764e-24,0.0,0.0,0.0,0.0,0.0,0.0,0.0,0.0,0.0,0.0,0.0,0.0,0.0,0.0,0.0,45.72416,0.060559668,0.0,6.5969880000000005,6.166109300000001e-28,0.0,0.0,0.0,1.5747464999999998e-27,0.0,0.0,0.0,1.3208218e-24,6.4e-44,0.0,0.0,1.0820921999999999e-27,0.0,0.0,0.0,0.18814662098884585
113,1701625800,0.0,0.0,0.0,0.0,1.7401296999999994e-24,1.3116606000000002e-24,1.7367672e-24,1.736764e-24,0.0,0.0,0.0,0.0,0.0,0.0,0.0,0.0,0.0,0.0,0.0,0.0,0.0,0.0,0.0,45.72416,0.060559668,0.0,6.5969880000000005,6.166109300000001e-28,0.0,0.0,0.0,1.5747464999999998e-27,0.0,0.0,0.0,1.3208218e-24,6.4e-44,0.0,0.0,1.0820921999999999e-27,0.0,0.0,0.0,0.18814662098884585
113,1701626400,0.0,0.0,0.0,0.0,1.7401296999999994e-24,1.3116606000000002e-24,1.7367672e-24,1.736764e-24,0.0,0.0,0.0,0.0,0.0,0.0,0.0,0.0,0.0,0.0,0.0,0.0,0.0,0.0,0.0,45.72416,0.060559668,0.0,6.5969880000000005,6.166109300000001e-28,0.0,0.0,0.0,1.5747464999999998e-27,0.0,0.0,0.0,1.3208218e-24,6.4e-44,0.0,0.0,1.0820921999999999e-27,0.0,0.0,0.0,0.18814662098884585
113,1701627000,0.0,0.0,0.0,0.0,1.7401296999999994e-24,1.3116606000000002e-24,1.7367672e-24,1.736764e-24,0.0,0.0,0.0,0.0,0.0,0.0,0.0,0.0,0.0,0.0,0.0,0.0,0.0,0.0,0.0,45.72416,0.060559668,0.0,6.5969880000000005,6.166109300000001e-28,0.0,0.0,0.0,1.5747464999999998e-27,0.0,0.0,0.0,1.3208218e-24,6.4e-44,0.0,0.0,1.0820921999999999e-27,0.0,0.0,0.0,0.18814662098884585
113,1701627600,0.0,0.0,0.0,0.0,1.7401296999999994e-24,1.3116606000000002e-24,1.7367672e-24,1.736764e-24,0.0,0.0,0.0,0.0,0.0,0.0,0.0,0.0,0.0,0.0,0.0,0.0,0.0,0.0,0.0,45.72416,0.060559668,0.0,6.5969880000000005,6.166109300000001e-28,0.0,0.0,0.0,1.5747464999999998e-27,0.0,0.0,0.0,1.3208218e-24,6.4e-44,0.0,0.0,1.0820921999999999e-27,0.0,0.0,0.0,0.18814662098884585
113,1701628200,0.0,0.0,0.0,0.0,1.7401296999999994e-24,1.3116606000000002e-24,1.7367672e-24,1.736764e-24,0.0,0.0,0.0,0.0,0.0,0.0,0.0,0.0,0.0,0.0,0.0,0.0,0.0,0.0,0.0,45.72416,0.060559668,0.0,6.5969880000000005,6.166109300000001e-28,0.0,0.0,0.0,1.5747464999999998e-27,0.0,0.0,0.0,1.3208218e-24,6.4e-44,0.0,0.0,1.0820921999999999e-27,0.0,0.0,0.0,0.18814662098884585
113,1701628800,0.0,0.0,0.0,0.0,1.7401296999999994e-24,1.3116606000000002e-24,1.7367672e-24,1.736764e-24,0.0,0.0,0.0,0.0,0.0,0.0,0.0,0.0,0.0,0.0,0.0,0.0,0.0,0.0,0.0,45.72416,0.060559668,0.0,6.5969880000000005,6.166109300000001e-28,0.0,0.0,0.0,1.5747464999999998e-27,0.0,0.0,0.0,1.3208218e-24,6.4e-44,0.0,0.0,1.0820921999999999e-27,0.0,0.0,0.0,0.18814662098884585
113,1701629400,0.0,0.0,0.0,0.0,1.7401296999999994e-24,1.3116606000000002e-24,1.7367672e-24,1.736764e-24,0.0,0.0,0.0,0.0,0.0,0.0,0.0,0.0,0.0,0.0,0.0,0.0,0.0,0.0,0.0,45.72416,0.060559668,0.0,6.5969880000000005,6.166109300000001e-28,0.0,0.0,0.0,1.5747464999999998e-27,0.0,0.0,0.0,1.3208218e-24,6.4e-44,0.0,0.0,1.0820921999999999e-27,0.0,0.0,0.0,0.18814662098884585
113,1701630000,0.0,0.0,0.0,0.0,1.7401296999999994e-24,1.3116606000000002e-24,1.7367672e-24,1.736764e-24,0.0,0.0,0.0,0.0,0.0,0.0,0.0,0.0,0.0,0.0,0.0,0.0,0.0,0.0,0.0,45.72416,0.060559668,0.0,6.5969880000000005,6.166109300000001e-28,0.0,0.0,0.0,1.5747464999999998e-27,0.0,0.0,0.0,1.3208218e-24,6.4e-44,0.0,0.0,1.0820921999999999e-27,0.0,0.0,0.0,0.18814662098884585
113,1701630600,0.0,0.0,0.0,0.0,1.7401296999999994e-24,1.3116606000000002e-24,1.7367672e-24,1.736764e-24,0.0,0.0,0.0,0.0,0.0,0.0,0.0,0.0,0.0,0.0,0.0,0.0,0.0,0.0,0.0,45.72416,0.060559668,0.0,6.5969880000000005,6.166109300000001e-28,0.0,0.0,0.0,1.5747464999999998e-27,0.0,0.0,0.0,1.3208218e-24,6.4e-44,0.0,0.0,1.0820921999999999e-27,0.0,0.0,0.0,0.18814662098884585
113,1701631200,0.0,0.0,0.0,0.0,1.7401296999999994e-24,1.3116606000000002e-24,1.7367672e-24,1.736764e-24,0.0,0.0,0.0,0.0,0.0,0.0,0.0,0.0,0.0,0.0,0.0,0.0,0.0,0.0,0.0,45.72416,0.060559668,0.0,6.5969880000000005,6.166109300000001e-28,0.0,0.0,0.0,1.5747464999999998e-27,0.0,0.0,0.0,1.3208218e-24,6.4e-44,0.0,0.0,1.0820921999999999e-27,0.0,0.0,0.0,0.18814662098884585
113,1701631800,0.0,0.0,0.0,0.0,1.7401296999999994e-24,1.3116606000000002e-24,1.7367672e-24,1.736764e-24,0.0,0.0,0.0,0.0,0.0,0.0,0.0,0.0,0.0,0.0,0.0,0.0,0.0,0.0,0.0,45.72416,0.060559668,0.0,6.5969880000000005,6.166109300000001e-28,0.0,0.0,0.0,1.5747464999999998e-27,0.0,0.0,0.0,1.3208218e-24,6.4e-44,0.0,0.0,1.0820921999999999e-27,0.0,0.0,0.0,0.18814662098884585
113,1701632400,0.0,0.0,0.0,0.0,1.7401296999999994e-24,1.3116606000000002e-24,1.7367672e-24,1.736764e-24,0.0,0.0,0.0,0.0,0.0,0.0,0.0,0.0,0.0,0.0,0.0,0.0,0.0,0.0,0.0,45.72416,0.060559668,0.0,6.5969880000000005,6.166109300000001e-28,0.0,0.0,0.0,1.5747464999999998e-27,0.0,0.0,0.0,1.3208218e-24,6.4e-44,0.0,0.0,1.0820921999999999e-27,0.0,0.0,0.0,0.18814662098884585
113,1701633000,0.0,0.0,0.0,0.0,1.7401296999999994e-24,1.3116606000000002e-24,1.7367672e-24,1.736764e-24,0.0,0.0,0.0,0.0,0.0,0.0,0.0,0.0,0.0,0.0,0.0,0.0,0.0,0.0,0.0,45.72416,0.060559668,0.0,6.5969880000000005,6.166109300000001e-28,0.0,0.0,0.0,1.5747464999999998e-27,0.0,0.0,0.0,1.3208218e-24,6.4e-44,0.0,0.0,1.0820921999999999e-27,0.0,0.0,0.0,0.18814662098884585
113,1701633600,0.0,0.0,0.0,0.0,1.7401296999999994e-24,1.3116606000000002e-24,1.7367672e-24,1.736764e-24,0.0,0.0,0.0,0.0,0.0,0.0,0.0,0.0,0.0,0.0,0.0,0.0,0.0,0.0,0.0,45.72416,0.060559668,0.0,6.5969880000000005,6.166109300000001e-28,0.0,0.0,0.0,1.5747464999999998e-27,0.0,0.0,0.0,1.3208218e-24,6.4e-44,0.0,0.0,1.0820921999999999e-27,0.0,0.0,0.0,0.18814662098884585
113,1701634200,0.0,0.0,0.0,0.0,1.7401296999999994e-24,1.3116606000000002e-24,1.7367672e-24,1.736764e-24,0.0,0.0,0.0,0.0,0.0,0.0,0.0,0.0,0.0,0.0,0.0,0.0,0.0,0.0,0.0,45.72416,0.060559668,0.0,6.5969880000000005,6.166109300000001e-28,0.0,0.0,0.0,1.5747464999999998e-27,0.0,0.0,0.0,1.3208218e-24,6.4e-44,0.0,0.0,1.0820921999999999e-27,0.0,0.0,0.0,0.18814662098884585
113,1701634800,0.0,0.0,0.0,0.0,1.7401296999999994e-24,1.3116606000000002e-24,1.7367672e-24,1.736764e-24,0.0,0.0,0.0,0.0,0.0,0.0,0.0,0.0,0.0,0.0,0.0,0.0,0.0,0.0,0.0,45.72416,0.060559668,0.0,6.5969880000000005,6.166109300000001e-28,0.0,0.0,0.0,1.5747464999999998e-27,0.0,0.0,0.0,1.3208218e-24,6.4e-44,0.0,0.0,1.0820921999999999e-27,0.0,0.0,0.0,0.18814662098884585
113,1701635400,0.0,0.0,0.0,0.0,1.7401296999999994e-24,1.3116606000000002e-24,1.7367672e-24,1.736764e-24,0.0,0.0,0.0,0.0,0.0,0.0,0.0,0.0,0.0,0.0,0.0,0.0,0.0,0.0,0.0,45.72416,0.060559668,0.0,6.5969880000000005,6.166109300000001e-28,0.0,0.0,0.0,1.5747464999999998e-27,0.0,0.0,0.0,1.3208218e-24,6.4e-44,0.0,0.0,1.0820921999999999e-27,0.0,0.0,0.0,0.18814662098884585
113,1701636000,0.0,0.0,0.0,0.0,1.7401296999999994e-24,1.3116606000000002e-24,1.7367672e-24,1.736764e-24,0.0,0.0,0.0,0.0,0.0,0.0,0.0,0.0,0.0,0.0,0.0,0.0,0.0,0.0,0.0,45.72416,0.060559668,0.0,6.5969880000000005,6.166109300000001e-28,0.0,0.0,0.0,1.5747464999999998e-27,0.0,0.0,0.0,1.3208218e-24,6.4e-44,0.0,0.0,1.0820921999999999e-27,0.0,0.0,0.0,0.18814662098884585
113,1701636600,0.0,0.0,0.0,0.0,1.7401296999999994e-24,1.3116606000000002e-24,1.7367672e-24,1.736764e-24,0.0,0.0,0.0,0.0,0.0,0.0,0.0,0.0,0.0,0.0,0.0,0.0,0.0,0.0,0.0,45.72416,0.060559668,0.0,6.5969880000000005,6.166109300000001e-28,0.0,0.0,0.0,1.5747464999999998e-27,0.0,0.0,0.0,1.3208218e-24,6.4e-44,0.0,0.0,1.0820921999999999e-27,0.0,0.0,0.0,0.18814662098884585
113,1701637200,0.0,0.0,0.0,0.0,1.7401296999999994e-24,1.3116606000000002e-24,1.7367672e-24,1.736764e-24,0.0,0.0,0.0,0.0,0.0,0.0,0.0,0.0,0.0,0.0,0.0,0.0,0.0,0.0,0.0,45.72416,0.060559668,0.0,6.5969880000000005,6.166109300000001e-28,0.0,0.0,0.0,1.5747464999999998e-27,0.0,0.0,0.0,1.3208218e-24,6.4e-44,0.0,0.0,1.0820921999999999e-27,0.0,0.0,0.0,0.18814662098884585
113,1701637800,0.0,0.0,0.0,0.0,1.7401296999999994e-24,1.3116606000000002e-24,1.7367672e-24,1.736764e-24,0.0,0.0,0.0,0.0,0.0,0.0,0.0,0.0,0.0,0.0,0.0,0.0,0.0,0.0,0.0,45.72416,0.060559668,0.0,6.5969880000000005,6.166109300000001e-28,0.0,0.0,0.0,1.5747464999999998e-27,0.0,0.0,0.0,1.3208218e-24,6.4e-44,0.0,0.0,1.0820921999999999e-27,0.0,0.0,0.0,0.18814662098884585
113,1701638400,0.0,0.0,0.0,0.0,1.7401296999999994e-24,1.3116606000000002e-24,1.7367672e-24,1.736764e-24,0.0,0.0,0.0,0.0,0.0,0.0,0.0,0.0,0.0,0.0,0.0,0.0,0.0,0.0,0.0,45.72416,0.060559668,0.0,6.5969880000000005,6.166109300000001e-28,0.0,0.0,0.0,1.5747464999999998e-27,0.0,0.0,0.0,1.3208218e-24,6.4e-44,0.0,0.0,1.0820921999999999e-27,0.0,0.0,0.0,0.18814662098884585
113,1701639000,0.0,0.0,0.0,0.0,1.7401296999999994e-24,1.3116606000000002e-24,1.7367672e-24,1.736764e-24,0.0,0.0,0.0,0.0,0.0,0.0,0.0,0.0,0.0,0.0,0.0,0.0,0.0,0.0,0.0,45.72416,0.060559668,0.0,6.5969880000000005,6.166109300000001e-28,0.0,0.0,0.0,1.5747464999999998e-27,0.0,0.0,0.0,1.3208218e-24,6.4e-44,0.0,0.0,1.0820921999999999e-27,0.0,0.0,0.0,0.18814662098884585
113,1701639600,0.0,0.0,0.0,0.0,1.7401296999999994e-24,1.3116606000000002e-24,1.7367672e-24,1.736764e-24,0.0,0.0,0.0,0.0,0.0,0.0,0.0,0.0,0.0,0.0,0.0,0.0,0.0,0.0,0.0,45.72416,0.060559668,0.0,6.5969880000000005,6.166109300000001e-28,0.0,0.0,0.0,1.5747464999999998e-27,0.0,0.0,0.0,1.3208218e-24,6.4e-44,0.0,0.0,1.0820921999999999e-27,0.0,0.0,0.0,0.18814662098884585
113,1701640200,0.0,0.0,0.0,0.0,1.7401296999999994e-24,1.3116606000000002e-24,1.7367672e-24,1.736764e-24,0.0,0.0,0.0,0.0,0.0,0.0,0.0,0.0,0.0,0.0,0.0,0.0,0.0,0.0,0.0,45.72416,0.060559668,0.0,6.5969880000000005,6.166109300000001e-28,0.0,0.0,0.0,1.5747464999999998e-27,0.0,0.0,0.0,1.3208218e-24,6.4e-44,0.0,0.0,1.0820921999999999e-27,0.0,0.0,0.0,0.18814662098884585
113,1701640800,0.0,0.0,0.0,0.0,1.7401296999999994e-24,1.3116606000000002e-24,1.7367672e-24,1.736764e-24,0.0,0.0,0.0,0.0,0.0,0.0,0.0,0.0,0.0,0.0,0.0,0.0,0.0,0.0,0.0,45.72416,0.060559668,0.0,6.5969880000000005,6.166109300000001e-28,0.0,0.0,0.0,1.5747464999999998e-27,0.0,0.0,0.0,1.3208218e-24,6.4e-44,0.0,0.0,1.0820921999999999e-27,0.0,0.0,0.0,0.18814662098884585
113,1701641400,0.0,0.0,0.0,0.0,1.7401296999999994e-24,1.3116606000000002e-24,1.7367672e-24,1.736764e-24,0.0,0.0,0.0,0.0,0.0,0.0,0.0,0.0,0.0,0.0,0.0,0.0,0.0,0.0,0.0,45.72416,0.060559668,0.0,6.5969880000000005,6.166109300000001e-28,0.0,0.0,0.0,1.5747464999999998e-27,0.0,0.0,0.0,1.3208218e-24,6.4e-44,0.0,0.0,1.0820921999999999e-27,0.0,0.0,0.0,0.18814662098884585
113,1701642000,0.0,0.0,0.0,0.0,1.7401296999999994e-24,1.3116606000000002e-24,1.7367672e-24,1.736764e-24,0.0,0.0,0.0,0.0,0.0,0.0,0.0,0.0,0.0,0.0,0.0,0.0,0.0,0.0,0.0,45.72416,0.060559668,0.0,6.5969880000000005,6.166109300000001e-28,0.0,0.0,0.0,1.5747464999999998e-27,0.0,0.0,0.0,1.3208218e-24,6.4e-44,0.0,0.0,1.0820921999999999e-27,0.0,0.0,0.0,0.18814662098884585
113,1701642600,0.0,0.0,0.0,0.0,1.7401296999999994e-24,1.3116606000000002e-24,1.7367672e-24,1.736764e-24,0.0,0.0,0.0,0.0,0.0,0.0,0.0,0.0,0.0,0.0,0.0,0.0,0.0,0.0,0.0,45.72416,0.060559668,0.0,6.5969880000000005,6.166109300000001e-28,0.0,0.0,0.0,1.5747464999999998e-27,0.0,0.0,0.0,1.3208218e-24,6.4e-44,0.0,0.0,1.0820921999999999e-27,0.0,0.0,0.0,0.18814662098884585
113,1701643200,0.0,0.0,0.0,0.0,1.7401296999999994e-24,1.3116606000000002e-24,1.7367672e-24,1.736764e-24,0.0,0.0,0.0,0.0,0.0,0.0,0.0,0.0,0.0,0.0,0.0,0.0,0.0,0.0,0.0,45.72416,0.060559668,0.0,6.5969880000000005,6.166109300000001e-28,0.0,0.0,0.0,1.5747464999999998e-27,0.0,0.0,0.0,1.3208218e-24,6.4e-44,0.0,0.0,1.0820921999999999e-27,0.0,0.0,0.0,0.18814662098884585
113,1701643800,0.0,0.0,0.0,0.0,1.7401296999999994e-24,1.3116606000000002e-24,1.7367672e-24,1.736764e-24,0.0,0.0,0.0,0.0,0.0,0.0,0.0,0.0,0.0,0.0,0.0,0.0,0.0,0.0,0.0,45.72416,0.060559668,0.0,6.5969880000000005,6.166109300000001e-28,0.0,0.0,0.0,1.5747464999999998e-27,0.0,0.0,0.0,1.3208218e-24,6.4e-44,0.0,0.0,1.0820921999999999e-27,0.0,0.0,0.0,0.18814662098884585
113,1701644400,0.0,0.0,0.0,0.0,1.7401296999999994e-24,1.3116606000000002e-24,1.7367672e-24,1.736764e-24,0.0,0.0,0.0,0.0,0.0,0.0,0.0,0.0,0.0,0.0,0.0,0.0,0.0,0.0,0.0,45.72416,0.060559668,0.0,6.5969880000000005,6.166109300000001e-28,0.0,0.0,0.0,1.5747464999999998e-27,0.0,0.0,0.0,1.3208218e-24,6.4e-44,0.0,0.0,1.0820921999999999e-27,0.0,0.0,0.0,0.18814662098884585
113,1701645000,0.0,0.0,0.0,0.0,1.7401296999999994e-24,1.3116606000000002e-24,1.7367672e-24,1.736764e-24,0.0,0.0,0.0,0.0,0.0,0.0,0.0,0.0,0.0,0.0,0.0,0.0,0.0,0.0,0.0,45.72416,0.060559668,0.0,6.5969880000000005,6.166109300000001e-28,0.0,0.0,0.0,1.5747464999999998e-27,0.0,0.0,0.0,1.3208218e-24,6.4e-44,0.0,0.0,1.0820921999999999e-27,0.0,0.0,0.0,0.18814662098884585
113,1701645600,0.0,0.0,0.0,0.0,1.7401296999999994e-24,1.3116606000000002e-24,1.7367672e-24,1.736764e-24,0.0,0.0,0.0,0.0,0.0,0.0,0.0,0.0,0.0,0.0,0.0,0.0,0.0,0.0,0.0,45.72416,0.060559668,0.0,6.5969880000000005,6.166109300000001e-28,0.0,0.0,0.0,1.5747464999999998e-27,0.0,0.0,0.0,1.3208218e-24,6.4e-44,0.0,0.0,1.0820921999999999e-27,0.0,0.0,0.0,0.18814662098884585
113,1701646200,0.0,0.0,0.0,0.0,1.7401296999999994e-24,1.3116606000000002e-24,1.7367672e-24,1.736764e-24,0.0,0.0,0.0,0.0,0.0,0.0,0.0,0.0,0.0,0.0,0.0,0.0,0.0,0.0,0.0,45.72416,0.060559668,0.0,6.5969880000000005,6.166109300000001e-28,0.0,0.0,0.0,1.5747464999999998e-27,0.0,0.0,0.0,1.3208218e-24,6.4e-44,0.0,0.0,1.0820921999999999e-27,0.0,0.0,0.0,0.18814662098884585
113,1701646800,0.0,0.0,0.0,0.0,1.7401296999999994e-24,1.3116606000000002e-24,1.7367672e-24,1.736764e-24,0.0,0.0,0.0,0.0,0.0,0.0,0.0,0.0,0.0,0.0,0.0,0.0,0.0,0.0,0.0,45.72416,0.060559668,0.0,6.5969880000000005,6.166109300000001e-28,0.0,0.0,0.0,1.5747464999999998e-27,0.0,0.0,0.0,1.3208218e-24,6.4e-44,0.0,0.0,1.0820921999999999e-27,0.0,0.0,0.0,0.18814662098884585
113,1701647400,0.0,0.0,0.0,0.0,1.7401296999999994e-24,1.3116606000000002e-24,1.7367672e-24,1.736764e-24,0.0,0.0,0.0,0.0,0.0,0.0,0.0,0.0,0.0,0.0,0.0,0.0,0.0,0.0,0.0,45.72416,0.060559668,0.0,6.5969880000000005,6.166109300000001e-28,0.0,0.0,0.0,1.5747464999999998e-27,0.0,0.0,0.0,1.3208218e-24,6.4e-44,0.0,0.0,1.0820921999999999e-27,0.0,0.0,0.0,0.18814662098884585
113,1701648000,0.0,0.0,0.0,0.0,1.7401296999999994e-24,1.3116606000000002e-24,1.7367672e-24,1.736764e-24,0.0,0.0,0.0,0.0,0.0,0.0,0.0,0.0,0.0,0.0,0.0,0.0,0.0,0.0,0.0,45.72416,0.060559668,0.0,6.5969880000000005,6.166109300000001e-28,0.0,0.0,0.0,1.5747464999999998e-27,0.0,0.0,0.0,1.3208218e-24,6.4e-44,0.0,0.0,1.0820921999999999e-27,0.0,0.0,0.0,0.18814662098884585
113,1701648600,0.0,0.0,0.0,0.0,1.7401296999999994e-24,1.3116606000000002e-24,1.7367672e-24,1.736764e-24,0.0,0.0,0.0,0.0,0.0,0.0,0.0,0.0,0.0,0.0,0.0,0.0,0.0,0.0,0.0,45.72416,0.060559668,0.0,6.5969880000000005,6.166109300000001e-28,0.0,0.0,0.0,1.5747464999999998e-27,0.0,0.0,0.0,1.3208218e-24,6.4e-44,0.0,0.0,1.0820921999999999e-27,0.0,0.0,0.0,0.18814662098884585
113,1701649200,0.0,0.0,0.0,0.0,1.7401296999999994e-24,1.3116606000000002e-24,1.7367672e-24,1.736764e-24,0.0,0.0,0.0,0.0,0.0,0.0,0.0,0.0,0.0,0.0,0.0,0.0,0.0,0.0,0.0,45.72416,0.060559668,0.0,6.5969880000000005,6.166109300000001e-28,0.0,0.0,0.0,1.5747464999999998e-27,0.0,0.0,0.0,1.3208218e-24,6.4e-44,0.0,0.0,1.0820921999999999e-27,0.0,0.0,0.0,0.18814662098884585
113,1701649800,0.0,0.0,0.0,0.0,1.7401296999999994e-24,1.3116606000000002e-24,1.7367672e-24,1.736764e-24,0.0,0.0,0.0,0.0,0.0,0.0,0.0,0.0,0.0,0.0,0.0,0.0,0.0,0.0,0.0,45.72416,0.060559668,0.0,6.5969880000000005,6.166109300000001e-28,0.0,0.0,0.0,1.5747464999999998e-27,0.0,0.0,0.0,1.3208218e-24,6.4e-44,0.0,0.0,1.0820921999999999e-27,0.0,0.0,0.0,0.18814662098884585
113,1701650400,0.0,0.0,0.0,0.0,1.7401296999999994e-24,1.3116606000000002e-24,1.7367672e-24,1.736764e-24,0.0,0.0,0.0,0.0,0.0,0.0,0.0,0.0,0.0,0.0,0.0,0.0,0.0,0.0,0.0,45.72416,0.060559668,0.0,6.5969880000000005,6.166109300000001e-28,0.0,0.0,0.0,1.5747464999999998e-27,0.0,0.0,0.0,1.3208218e-24,6.4e-44,0.0,0.0,1.0820921999999999e-27,0.0,0.0,0.0,0.18814662098884585
113,1701651000,0.0,0.0,0.0,0.0,1.7401296999999994e-24,1.3116606000000002e-24,1.7367672e-24,1.736764e-24,0.0,0.0,0.0,0.0,0.0,0.0,0.0,0.0,0.0,0.0,0.0,0.0,0.0,0.0,0.0,45.72416,0.060559668,0.0,6.5969880000000005,6.166109300000001e-28,0.0,0.0,0.0,1.5747464999999998e-27,0.0,0.0,0.0,1.3208218e-24,6.4e-44,0.0,0.0,1.0820921999999999e-27,0.0,0.0,0.0,0.18814662098884585
113,1701651600,0.0,0.0,0.0,0.0,1.7401296999999994e-24,1.3116606000000002e-24,1.7367672e-24,1.736764e-24,0.0,0.0,0.0,0.0,0.0,0.0,0.0,0.0,0.0,0.0,0.0,0.0,0.0,0.0,0.0,45.72416,0.060559668,0.0,6.5969880000000005,6.166109300000001e-28,0.0,0.0,0.0,1.5747464999999998e-27,0.0,0.0,0.0,1.3208218e-24,6.4e-44,0.0,0.0,1.0820921999999999e-27,0.0,0.0,0.0,0.18814662098884585
113,1701652200,0.0,0.0,0.0,0.0,1.7401296999999994e-24,1.3116606000000002e-24,1.7367672e-24,1.736764e-24,0.0,0.0,0.0,0.0,0.0,0.0,0.0,0.0,0.0,0.0,0.0,0.0,0.0,0.0,0.0,45.72416,0.060559668,0.0,6.5969880000000005,6.166109300000001e-28,0.0,0.0,0.0,1.5747464999999998e-27,0.0,0.0,0.0,1.3208218e-24,6.4e-44,0.0,0.0,1.0820921999999999e-27,0.0,0.0,0.0,0.18814662098884585
113,1701652800,0.0,0.0,0.0,0.0,1.7401296999999994e-24,1.3116606000000002e-24,1.7367672e-24,1.736764e-24,0.0,0.0,0.0,0.0,0.0,0.0,0.0,0.0,0.0,0.0,0.0,0.0,0.0,0.0,0.0,45.72416,0.060559668,0.0,6.5969880000000005,6.166109300000001e-28,0.0,0.0,0.0,1.5747464999999998e-27,0.0,0.0,0.0,1.3208218e-24,6.4e-44,0.0,0.0,1.0820921999999999e-27,0.0,0.0,0.0,0.18814662098884585
113,1701653400,0.0,0.0,0.0,0.0,1.7401296999999994e-24,1.3116606000000002e-24,1.7367672e-24,1.736764e-24,0.0,0.0,0.0,0.0,0.0,0.0,0.0,0.0,0.0,0.0,0.0,0.0,0.0,0.0,0.0,45.72416,0.060559668,0.0,6.5969880000000005,6.166109300000001e-28,0.0,0.0,0.0,1.5747464999999998e-27,0.0,0.0,0.0,1.3208218e-24,6.4e-44,0.0,0.0,1.0820921999999999e-27,0.0,0.0,0.0,0.18814662098884585
113,1701654000,0.012320298074,0.012320298398009999,-2.100570841,91.37769499999999,0.95644870096,0.0025778306244999996,5.2833630749519544e-05,5.870284049279893e-13,0.029468881069654795,0.2624310814212781,0.6888111817000001,25.0,0.002958845157997,0.001930421200198,0.0006155178192356,0.00028452990095079997,0.00015386430736766,8.99595601285e-05,5.4443990164530006e-05,3.340781094366e-05,3.364453667056e-05,6.3748443915e-08,5.450985433700001e-06,42.58084229999999,1.2115345143999998,3.843155470665e-07,6.8910072000000016,0.0004943215116762,49.184058000276224,0.27774827012526254,0.026137802011783194,0.00043439602183499993,16.93056302438859,0.27774827012526254,0.026137802011783194,0.0022750544706999997,169.3242277384,0.27774827012526254,0.026137802011783194,0.00156595608156,113.90936383780429,0.27774827012526254,0.026137802011783194,0.20037438869476318
113,1701654600,0.0,0.0,0.0,0.0,1.7401296999999994e-24,1.3116606000000002e-24,1.7367672e-24,1.736764e-24,0.0,0.0,0.0,0.0,0.0,0.0,0.0,0.0,0.0,0.0,0.0,0.0,0.0,0.0,0.0,45.72416,0.060559668,0.0,6.5969880000000005,6.166109300000001e-28,0.0,0.0,0.0,1.5747464999999998e-27,0.0,0.0,0.0,1.3208218e-24,6.4e-44,0.0,0.0,1.0820921999999999e-27,0.0,0.0,0.0,0.18814662098884585
113,1701655200,0.0,0.0,0.0,0.0,1.7401296999999994e-24,1.3116606000000002e-24,1.7367672e-24,1.736764e-24,0.0,0.0,0.0,0.0,0.0,0.0,0.0,0.0,0.0,0.0,0.0,0.0,0.0,0.0,0.0,45.72416,0.060559668,0.0,6.5969880000000005,6.166109300000001e-28,0.0,0.0,0.0,1.5747464999999998e-27,0.0,0.0,0.0,1.3208218e-24,6.4e-44,0.0,0.0,1.0820921999999999e-27,0.0,0.0,0.0,0.18814662098884585
113,1701655800,0.0,0.0,0.0,0.0,1.7401296999999994e-24,1.3116606000000002e-24,1.7367672e-24,1.736764e-24,0.0,0.0,0.0,0.0,0.0,0.0,0.0,0.0,0.0,0.0,0.0,0.0,0.0,0.0,0.0,45.72416,0.060559668,0.0,6.5969880000000005,6.166109300000001e-28,0.0,0.0,0.0,1.5747464999999998e-27,0.0,0.0,0.0,1.3208218e-24,6.4e-44,0.0,0.0,1.0820921999999999e-27,0.0,0.0,0.0,0.18814662098884585
113,1701656400,0.012233858,0.012233858,-0.06599295999999999,32.04208,0.8684512,0.003548163,0.0004524722,9.068929e-06,0.045227434999999996,0.48055425000000007,1.4702797,20.0,0.0032850787,0.0019358993999999997,0.00051401397,0.00020387630999999998,9.3544094e-05,4.4203224e-05,2.0317613e-05,8.918624e-06,6.6160435e-06,2.0715770000000004e-08,4.439937e-06,42.7900941,0.6989250011999999,3.9315554999999996e-07,6.6982870000000005,0.00025717382999999996,7.755168,0.042798779999999995,0.0045556743,0.00120484615,114.03312000000001,0.042798779999999995,0.0045556743,0.0020539302,54.83813,0.042798779999999995,0.0045556743,0.0028850322999999997,167.41298999999998,0.042798779999999995,0.0045556743,0.2007702261209488
113,1701657000,4.7658337e-25,4.7658432e-25,0.0,0.0,1.8997411000015663e-12,4.987804000118049e-14,8.88128900156309e-15,7.820384630876001e-19,7.994874e-25,5.465776e-24,0.0,0.0,2.0668799999999998e-25,5.3209519999999994e-27,5.4786286e-28,2.2011189999999997e-28,1.9159717000000002e-28,1.0809719e-28,1.2042735e-28,1.5484598e-28,2.2984444e-26,5.224461699999999e-28,1.4338193e-27,45.9541377,0.9111968011999998,1.5579057e-29,6.744574600000002,1.383033800000555e-15,1.8245021e-23,4.8719923e-24,6.0802638e-25,4.832025000001418e-15,1.4560736e-22,4.8719923e-24,6.0802638e-25,3.3148928001188744e-14,8.813457000000002e-21,4.8719923e-24,6.0802638e-25,1.8611558000000974e-14,2.9782692999999997e-21,4.8719923e-24,6.0802638e-25,0.19441960453987123
113,1701657600,0.0,0.0,0.0,0.0,1.7401296999999994e-24,1.3116606000000002e-24,1.7367672e-24,1.736764e-24,0.0,0.0,0.0,0.0,0.0,0.0,0.0,0.0,0.0,0.0,0.0,0.0,0.0,0.0,0.0,45.72416,0.060559668,0.0,6.5969880000000005,6.166109300000001e-28,0.0,0.0,0.0,1.5747464999999998e-27,0.0,0.0,0.0,1.3208218e-24,6.4e-44,0.0,0.0,1.0820921999999999e-27,0.0,0.0,0.0,0.18814662098884585
113,1701658200,0.0,0.0,0.0,0.0,1.7401296999999994e-24,1.3116606000000002e-24,1.7367672e-24,1.736764e-24,0.0,0.0,0.0,0.0,0.0,0.0,0.0,0.0,0.0,0.0,0.0,0.0,0.0,0.0,0.0,45.72416,0.060559668,0.0,6.5969880000000005,6.166109300000001e-28,0.0,0.0,0.0,1.5747464999999998e-27,0.0,0.0,0.0,1.3208218e-24,6.4e-44,0.0,0.0,1.0820921999999999e-27,0.0,0.0,0.0,0.18814662098884585
113,1701658800,0.0,0.0,0.0,0.0,1.7401296999999994e-24,1.3116606000000002e-24,1.7367672e-24,1.736764e-24,0.0,0.0,0.0,0.0,0.0,0.0,0.0,0.0,0.0,0.0,0.0,0.0,0.0,0.0,0.0,45.72416,0.060559668,0.0,6.5969880000000005,6.166109300000001e-28,0.0,0.0,0.0,1.5747464999999998e-27,0.0,0.0,0.0,1.3208218e-24,6.4e-44,0.0,0.0,1.0820921999999999e-27,0.0,0.0,0.0,0.18814662098884585
113,1701659400,0.0,0.0,0.0,0.0,1.7401296999999994e-24,1.3116606000000002e-24,1.7367672e-24,1.736764e-24,0.0,0.0,0.0,0.0,0.0,0.0,0.0,0.0,0.0,0.0,0.0,0.0,0.0,0.0,0.0,45.72416,0.060559668,0.0,6.5969880000000005,6.166109300000001e-28,0.0,0.0,0.0,1.5747464999999998e-27,0.0,0.0,0.0,1.3208218e-24,6.4e-44,0.0,0.0,1.0820921999999999e-27,0.0,0.0,0.0,0.18814662098884585
113,1701660000,0.0,0.0,0.0,0.0,1.7401296999999994e-24,1.3116606000000002e-24,1.7367672e-24,1.736764e-24,0.0,0.0,0.0,0.0,0.0,0.0,0.0,0.0,0.0,0.0,0.0,0.0,0.0,0.0,0.0,45.72416,0.060559668,0.0,6.5969880000000005,6.166109300000001e-28,0.0,0.0,0.0,1.5747464999999998e-27,0.0,0.0,0.0,1.3208218e-24,6.4e-44,0.0,0.0,1.0820921999999999e-27,0.0,0.0,0.0,0.18814662098884585
113,1701660600,0.0,0.0,0.0,0.0,1.7401296999999994e-24,1.3116606000000002e-24,1.7367672e-24,1.736764e-24,0.0,0.0,0.0,0.0,0.0,0.0,0.0,0.0,0.0,0.0,0.0,0.0,0.0,0.0,0.0,45.72416,0.060559668,0.0,6.5969880000000005,6.166109300000001e-28,0.0,0.0,0.0,1.5747464999999998e-27,0.0,0.0,0.0,1.3208218e-24,6.4e-44,0.0,0.0,1.0820921999999999e-27,0.0,0.0,0.0,0.18814662098884585
113,1701661200,0.0,0.0,0.0,0.0,1.7401296999999994e-24,1.3116606000000002e-24,1.7367672e-24,1.736764e-24,0.0,0.0,0.0,0.0,0.0,0.0,0.0,0.0,0.0,0.0,0.0,0.0,0.0,0.0,0.0,45.72416,0.060559668,0.0,6.5969880000000005,6.166109300000001e-28,0.0,0.0,0.0,1.5747464999999998e-27,0.0,0.0,0.0,1.3208218e-24,6.4e-44,0.0,0.0,1.0820921999999999e-27,0.0,0.0,0.0,0.18814662098884585
113,1701661800,0.0,0.0,0.0,0.0,1.7401296999999994e-24,1.3116606000000002e-24,1.7367672e-24,1.736764e-24,0.0,0.0,0.0,0.0,0.0,0.0,0.0,0.0,0.0,0.0,0.0,0.0,0.0,0.0,0.0,45.72416,0.060559668,0.0,6.5969880000000005,6.166109300000001e-28,0.0,0.0,0.0,1.5747464999999998e-27,0.0,0.0,0.0,1.3208218e-24,6.4e-44,0.0,0.0,1.0820921999999999e-27,0.0,0.0,0.0,0.18814662098884585
113,1701662400,0.0,0.0,0.0,0.0,1.7401296999999994e-24,1.3116606000000002e-24,1.7367672e-24,1.736764e-24,0.0,0.0,0.0,0.0,0.0,0.0,0.0,0.0,0.0,0.0,0.0,0.0,0.0,0.0,0.0,45.72416,0.060559668,0.0,6.5969880000000005,6.166109300000001e-28,0.0,0.0,0.0,1.5747464999999998e-27,0.0,0.0,0.0,1.3208218e-24,6.4e-44,0.0,0.0,1.0820921999999999e-27,0.0,0.0,0.0,0.18814662098884585
113,1701663000,0.0,0.0,0.0,0.0,1.7401296999999994e-24,1.3116606000000002e-24,1.7367672e-24,1.736764e-24,0.0,0.0,0.0,0.0,0.0,0.0,0.0,0.0,0.0,0.0,0.0,0.0,0.0,0.0,0.0,45.72416,0.060559668,0.0,6.5969880000000005,6.166109300000001e-28,0.0,0.0,0.0,1.5747464999999998e-27,0.0,0.0,0.0,1.3208218e-24,6.4e-44,0.0,0.0,1.0820921999999999e-27,0.0,0.0,0.0,0.18814662098884585
113,1701663600,0.0,0.0,0.0,0.0,1.7401296999999994e-24,1.3116606000000002e-24,1.7367672e-24,1.736764e-24,0.0,0.0,0.0,0.0,0.0,0.0,0.0,0.0,0.0,0.0,0.0,0.0,0.0,0.0,0.0,45.72416,0.060559668,0.0,6.5969880000000005,6.166109300000001e-28,0.0,0.0,0.0,1.5747464999999998e-27,0.0,0.0,0.0,1.3208218e-24,6.4e-44,0.0,0.0,1.0820921999999999e-27,0.0,0.0,0.0,0.18814662098884585
113,1701664200,0.0,0.0,0.0,0.0,1.7401296999999994e-24,1.3116606000000002e-24,1.7367672e-24,1.736764e-24,0.0,0.0,0.0,0.0,0.0,0.0,0.0,0.0,0.0,0.0,0.0,0.0,0.0,0.0,0.0,45.72416,0.060559668,0.0,6.5969880000000005,6.166109300000001e-28,0.0,0.0,0.0,1.5747464999999998e-27,0.0,0.0,0.0,1.3208218e-24,6.4e-44,0.0,0.0,1.0820921999999999e-27,0.0,0.0,0.0,0.18814662098884585
113,1701664800,0.0,0.0,0.0,0.0,1.7401296999999994e-24,1.3116606000000002e-24,1.7367672e-24,1.736764e-24,0.0,0.0,0.0,0.0,0.0,0.0,0.0,0.0,0.0,0.0,0.0,0.0,0.0,0.0,0.0,45.72416,0.060559668,0.0,6.5969880000000005,6.166109300000001e-28,0.0,0.0,0.0,1.5747464999999998e-27,0.0,0.0,0.0,1.3208218e-24,6.4e-44,0.0,0.0,1.0820921999999999e-27,0.0,0.0,0.0,0.18814662098884585
113,1701665400,0.0,0.0,0.0,0.0,1.7401296999999994e-24,1.3116606000000002e-24,1.7367672e-24,1.736764e-24,0.0,0.0,0.0,0.0,0.0,0.0,0.0,0.0,0.0,0.0,0.0,0.0,0.0,0.0,0.0,45.72416,0.060559668,0.0,6.5969880000000005,6.166109300000001e-28,0.0,0.0,0.0,1.5747464999999998e-27,0.0,0.0,0.0,1.3208218e-24,6.4e-44,0.0,0.0,1.0820921999999999e-27,0.0,0.0,0.0,0.18814662098884585
113,1701666000,0.0,0.0,0.0,0.0,1.7401296999999994e-24,1.3116606000000002e-24,1.7367672e-24,1.736764e-24,0.0,0.0,0.0,0.0,0.0,0.0,0.0,0.0,0.0,0.0,0.0,0.0,0.0,0.0,0.0,45.72416,0.060559668,0.0,6.5969880000000005,6.166109300000001e-28,0.0,0.0,0.0,1.5747464999999998e-27,0.0,0.0,0.0,1.3208218e-24,6.4e-44,0.0,0.0,1.0820921999999999e-27,0.0,0.0,0.0,0.18814662098884585
113,1701666600,0.0,0.0,0.0,0.0,1.7401296999999994e-24,1.3116606000000002e-24,1.7367672e-24,1.736764e-24,0.0,0.0,0.0,0.0,0.0,0.0,0.0,0.0,0.0,0.0,0.0,0.0,0.0,0.0,0.0,45.72416,0.060559668,0.0,6.5969880000000005,6.166109300000001e-28,0.0,0.0,0.0,1.5747464999999998e-27,0.0,0.0,0.0,1.3208218e-24,6.4e-44,0.0,0.0,1.0820921999999999e-27,0.0,0.0,0.0,0.18814662098884585
113,1701667200,0.0,0.0,0.0,0.0,1.7401296999999994e-24,1.3116606000000002e-24,1.7367672e-24,1.736764e-24,0.0,0.0,0.0,0.0,0.0,0.0,0.0,0.0,0.0,0.0,0.0,0.0,0.0,0.0,0.0,45.72416,0.060559668,0.0,6.5969880000000005,6.166109300000001e-28,0.0,0.0,0.0,1.5747464999999998e-27,0.0,0.0,0.0,1.3208218e-24,6.4e-44,0.0,0.0,1.0820921999999999e-27,0.0,0.0,0.0,0.18814662098884585
113,1701667800,0.0,0.0,0.0,0.0,1.7401296999999994e-24,1.3116606000000002e-24,1.7367672e-24,1.736764e-24,0.0,0.0,0.0,0.0,0.0,0.0,0.0,0.0,0.0,0.0,0.0,0.0,0.0,0.0,0.0,45.72416,0.060559668,0.0,6.5969880000000005,6.166109300000001e-28,0.0,0.0,0.0,1.5747464999999998e-27,0.0,0.0,0.0,1.3208218e-24,6.4e-44,0.0,0.0,1.0820921999999999e-27,0.0,0.0,0.0,0.18814662098884585
113,1701668400,0.0,0.0,0.0,0.0,1.7401296999999994e-24,1.3116606000000002e-24,1.7367672e-24,1.736764e-24,0.0,0.0,0.0,0.0,0.0,0.0,0.0,0.0,0.0,0.0,0.0,0.0,0.0,0.0,0.0,45.72416,0.060559668,0.0,6.5969880000000005,6.166109300000001e-28,0.0,0.0,0.0,1.5747464999999998e-27,0.0,0.0,0.0,1.3208218e-24,6.4e-44,0.0,0.0,1.0820921999999999e-27,0.0,0.0,0.0,0.18814662098884585
113,1701669000,0.0,0.0,0.0,0.0,1.7401296999999994e-24,1.3116606000000002e-24,1.7367672e-24,1.736764e-24,0.0,0.0,0.0,0.0,0.0,0.0,0.0,0.0,0.0,0.0,0.0,0.0,0.0,0.0,0.0,45.72416,0.060559668,0.0,6.5969880000000005,6.166109300000001e-28,0.0,0.0,0.0,1.5747464999999998e-27,0.0,0.0,0.0,1.3208218e-24,6.4e-44,0.0,0.0,1.0820921999999999e-27,0.0,0.0,0.0,0.18814662098884585
113,1701669600,0.0,0.0,0.0,0.0,1.7401296999999994e-24,1.3116606000000002e-24,1.7367672e-24,1.736764e-24,0.0,0.0,0.0,0.0,0.0,0.0,0.0,0.0,0.0,0.0,0.0,0.0,0.0,0.0,0.0,45.72416,0.060559668,0.0,6.5969880000000005,6.166109300000001e-28,0.0,0.0,0.0,1.5747464999999998e-27,0.0,0.0,0.0,1.3208218e-24,6.4e-44,0.0,0.0,1.0820921999999999e-27,0.0,0.0,0.0,0.18814662098884585
113,1701670200,0.0,0.0,0.0,0.0,1.7401296999999994e-24,1.3116606000000002e-24,1.7367672e-24,1.736764e-24,0.0,0.0,0.0,0.0,0.0,0.0,0.0,0.0,0.0,0.0,0.0,0.0,0.0,0.0,0.0,45.72416,0.060559668,0.0,6.5969880000000005,6.166109300000001e-28,0.0,0.0,0.0,1.5747464999999998e-27,0.0,0.0,0.0,1.3208218e-24,6.4e-44,0.0,0.0,1.0820921999999999e-27,0.0,0.0,0.0,0.18814662098884585
113,1701670800,0.00014852653,0.00014852653,-1.4122029,47.011157000000004,0.044045390000000004,0.00039559845,0.00039746356,6.633480000000001e-05,0.00036881412,0.0027989326000000003,0.6188811299999999,25.5,6.188957e-05,1.0707745e-05,1.0986274e-06,2.7758254e-07,1.1401771e-07,4.7653907000000005e-08,2.668387e-08,1.8965599999999997e-08,2.4207370000000002e-08,3.359596e-09,5.485400999999999e-08,43.134950999999994,0.4538459712,4.945203e-09,6.673657050000001,3.758225e-05,0.012906700000000002,0.005860194599999999,0.0005517740999999999,0.00010562313,0.42979282999999996,0.005860194599999999,0.0005517740999999999,0.00034837753,3.596267,0.005860194599999999,0.0005517740999999999,0.0001076717,0.19758147,0.005860194599999999,0.0005517740999999999,0.22033354938030242
113,1701671400,1.94213461e-05,1.94213505e-05,0.0035831227200000004,0.1293102105,0.020647402000000002,0.0035020050999999995,0.00722705055,0.00560385199,1.99034832e-06,1.8629027449999997e-05,5.7185314300000005,23.2,1.121881275e-06,1.65523782e-06,1.051767075e-06,8.26179437e-07,5.63720232e-07,5.21359177e-07,3.6612630100000004e-07,3.20394484e-07,6.87989096e-07,1.65485849e-07,2.4304742100000005e-06,84.80405189999999,46.0302399,3.4412339799999995e-10,9.1937024,0.001452436,0.106625679,2.85354809e-06,4.80906776e-07,0.0014014058400000002,0.097303136,2.85354809e-06,4.80906776e-07,0.0008681869049999999,0.03732696419999999,2.85354809e-06,4.80906776e-07,0.00130653087,0.0857238736,2.85354809e-06,4.80906776e-07,2.325652599334717
113,1701672000,1.8700246899999998e-05,1.87002511e-05,-4.0720523999999285e-05,0.13113177809999998,0.0188920638,0.00343904472,0.007099827290000001,0.00552334807,1.8545483700000001e-06,1.6891995050000002e-05,5.45454545,23.9,1.0306372759999998e-06,1.52140907e-06,1.0246244970000001e-06,7.64454997e-07,5.5903914e-07,4.3886784399999997e-07,3.6314629700000003e-07,3.21760039e-07,6.978198219999999e-07,1.66470607e-07,2.4618578300000002e-06,85.54489760000001,47.4206776,3.23507294e-10,9.2022477,0.00141791621,0.09953728070000001,2.6525152400000002e-06,4.4057562400000005e-07,0.00139256535,0.0959944942,2.6525152400000002e-06,4.4057562400000005e-07,0.0008276527239999999,0.0338353067,2.6525152400000002e-06,4.4057562400000005e-07,0.00125297448,0.0768539199,2.6525152400000002e-06,4.4057562400000005e-07,2.390860676765442
113,1701672600,1.8403379399999996e-05,1.8403383300000002e-05,-0.018651225799999997,0.01416697657,0.0175998463,0.00342076522,0.007031233539999999,0.0054894112100000005,1.38384788e-06,1.240374255e-05,4.783216840000001,14.0,1.20219175e-06,1.47606967e-06,9.490739350000002e-07,6.547677470000001e-07,5.062382439999999e-07,4.2321681299999993e-07,3.5733509999999996e-07,3.12044863e-07,6.924265819999999e-07,1.6907825e-07,2.4592223400000003e-06,85.9442895,47.65046840000001,3.1700111099999997e-10,9.2057429,0.0013635565300000002,0.09026650649999998,3.26573723e-06,5.671315779999999e-07,0.00134666717,0.088678595,3.26573723e-06,5.671315779999999e-07,0.0008807830350000001,0.0398657578,3.26573723e-06,5.671315779999999e-07,0.00127969727,0.0800107027,3.26573723e-06,5.671315779999999e-07,2.395800805091858
113,1701673200,2.1312738500000002e-05,2.13127477e-05,-0.0236402807,0.4798937161,0.0205041782,0.0036515598599999996,0.00754504469,0.00584900602,2.77369676e-06,2.44661884e-05,7.5769231600000015,35.2,2.1970959899999997e-06,1.7939716e-06,9.808640550000002e-07,6.804357590000001e-07,5.23043832e-07,4.4549818e-07,3.6345032799999996e-07,3.22872499e-07,7.09004501e-07,1.7163067800000003e-07,2.46845853e-06,83.7724393,42.5592487,3.97160122e-10,9.1784424,0.00138457667,0.09240811010000001,1.4959750560000002e-05,1.8628425050000001e-06,0.00140847773,0.09747823660000002,1.4959750560000002e-05,1.8628425050000001e-06,0.0011764709149999998,0.08099290439999998,1.4959750560000002e-05,1.8628425050000001e-06,0.00146741456,0.107905018,1.4959750560000002e-05,1.8628425050000001e-06,2.377527952194214
113,1701673800,2.1707134300000002e-05,2.17071395e-05,-0.00308322727,0.074199691774,0.0194393388,0.0036840485100000002,0.007614285470000001,0.005912466600000001,2.37259418e-06,1.99918114e-05,8.510489600000001,26.8,2.31179358e-06,1.8842209199999998e-06,9.90215563e-07,6.901372959999999e-07,5.300253790000001e-07,4.34472114e-07,3.7119995400000003e-07,3.2167163900000006e-07,6.89408391e-07,1.7077279600000004e-07,2.45961023e-06,83.94304840000001,42.9477637,4.1290306600000004e-10,9.17759605,0.00138944465,0.09368775,6.786939289999999e-06,1.13779924e-06,0.0014283075099999999,0.0986720144,6.786939289999999e-06,1.13779924e-06,0.001177595633,0.08378885259999999,6.786939289999999e-06,1.13779924e-06,0.0014858197399999998,0.1141069548,6.786939289999999e-06,1.13779924e-06,2.384796476364136
113,1701674400,2.36228883e-05,2.36228991e-05,0.0195726184,0.38115160260000003,0.023679116700000002,0.0038206178400000007,0.00786443774,0.00610381157,3.4328726599999997e-06,2.67369973e-05,10.0349651,35.8,2.97425729e-06,2.1230508699999995e-06,1.000968152e-06,6.97267937e-07,5.44302971e-07,4.31111408e-07,3.6861736900000007e-07,3.245279289999999e-07,6.98546182e-07,1.6744020400000002e-07,2.48130581e-06,82.36825200000001,39.633912699999996,4.654461369999999e-10,9.157550149999999,0.0013979747,0.094796844,1.267456874e-05,1.983331698e-06,0.00145525989,0.1047635541,1.267456874e-05,1.983331698e-06,0.0014058024600000002,0.11232724359999999,1.267456874e-05,1.983331698e-06,0.00159152909,0.1332087686,1.267456874e-05,1.983331698e-06,2.3758381843566894
113,1701675000,2.08746872e-05,2.08746918e-05,-0.00281241563,0.3532805484,0.0221794196,0.0036135365199999997,0.007450483190000001,0.00578127596,2.5859717499999997e-06,2.29320984e-05,7.4545454399999995,32.6,1.4864123500000002e-06,1.69711393e-06,1.2011001310000002e-06,8.625647990000001e-07,6.40792676e-07,4.89761016e-07,3.99969281e-07,3.1503434900000004e-07,7.16763275e-07,1.66750383e-07,2.4610561600000002e-06,83.5800514,43.917326700000004,3.8013141499999995e-10,9.1807725,0.00148163978,0.1146407824,4.06611688e-06,6.891294599999999e-07,0.0014622677899999998,0.10784883249999999,4.06611688e-06,6.891294599999999e-07,0.001005019067,0.0508441355,4.06611688e-06,6.891294599999999e-07,0.00135663969,0.09111799090000001,4.06611688e-06,6.891294599999999e-07,2.38655309677124
113,1701675600,2.01756837e-05,2.0175688100000003e-05,-0.017321774419999998,0.032567153280000004,0.018695765300000004,0.00358256188,0.00737246724,0.005746695,1.72510659e-06,1.50765779e-05,6.701048930000001,21.9,1.7234921e-06,1.7191945500000001e-06,9.58620188e-07,7.04304972e-07,5.30376319e-07,4.4122999199999996e-07,3.5982844199999997e-07,3.19977676e-07,7.10551405e-07,1.6909302100000001e-07,2.451115e-06,84.166568,43.9955127,3.64486096e-10,9.1871528,0.00137903158,0.09237326800000001,5.6341912099999994e-06,9.222420940000002e-07,0.0014182352499999998,0.09754590849999999,5.6341912099999994e-06,9.222420940000002e-07,0.001095259175,0.061295075100000006,5.6341912099999994e-06,9.222420940000002e-07,0.00140784024,0.0964601701,5.6341912099999994e-06,9.222420940000002e-07,2.3923882246017456
113,1701676200,1.94840483e-05,1.9484053000000004e-05,0.0007105855050000005,0.30097754050000003,0.019772937600000002,0.00349998836,0.007189978380000001,0.00560720089,2.2981877200000002e-06,2.3308216200000002e-05,5.82692315,29.3,1.326482446e-06,1.5203268800000002e-06,1.1009456760000002e-06,8.052550980000001e-07,5.52020367e-07,4.2759236099999997e-07,3.58944642e-07,3.1644601499999995e-07,6.972713230000001e-07,1.6887180999999998e-07,2.46781443e-06,85.0182179,46.051358500000006,3.4462372399999995e-10,9.196068749999998,0.00140227658,0.0973313805,4.778792860000001e-06,6.904836740000001e-07,0.00140091317,0.10301700839999998,4.778792860000001e-06,6.904836740000001e-07,0.0009419936540000001,0.04522395119999999,4.778792860000001e-06,6.904836740000001e-07,0.00129382579,0.0816349454,4.778792860000001e-06,6.904836740000001e-07,2.402414059638977
113,1701676800,1.8702840000000003e-05,1.87028433e-05,-0.006464826380000002,0.01774940733,0.017595170599999998,0.00344576655,0.00710907817,0.00551491404,1.3862083099999998e-06,1.2238485949999999e-05,5.30769226,15.0,1.08389054e-06,1.55346505e-06,9.84746243e-07,7.41382056e-07,5.31459977e-07,4.4556022499999994e-07,3.4827103199999997e-07,3.22770403e-07,6.978453489999999e-07,1.6563818e-07,2.47636877e-06,85.634872,47.440094099999996,3.23300884e-10,9.202706150000001,0.0013946951,0.0955866521,2.5779853400000003e-06,4.5127221e-07,0.00139512714,0.09484797199999999,2.5779853400000003e-06,4.5127221e-07,0.0008386846680000001,0.03506664090000001,2.5779853400000003e-06,4.5127221e-07,0.00128621675,0.0801059469,2.5779853400000003e-06,4.5127221e-07,2.4121695041656492
113,1701677400,1.9558508199999998e-05,1.95585125e-05,-0.009784393629999999,0.25332902716,0.0190421939,0.00350594912,0.007239175819999999,0.0056179548,2.36978542e-06,2.005104525e-05,5.98951042,30.3,1.14460663e-06,1.6227154000000001e-06,1.1529102999999999e-06,8.250094299999999e-07,5.75884961e-07,4.48740051e-07,3.5590076899999993e-07,3.22527624e-07,6.95642674e-07,1.66839989e-07,2.4684085e-06,84.8237067,45.9823497,3.46049012e-10,9.193459500000001,0.00142099081,0.10442804050000001,2.6796600400000003e-06,4.865049389999999e-07,0.0014276285600000002,0.10219543950000001,2.6796600400000003e-06,4.865049389999999e-07,0.0008734033310000002,0.0377945334,2.6796600400000003e-06,4.865049389999999e-07,0.00131342791,0.08371799999999999,2.6796600400000003e-06,4.865049389999999e-07,2.412640404701233
113,1701678000,1.91092079e-05,1.91092119e-05,-0.00862885141,0.0940003117,0.0183069145,0.0034787290499999996,0.007156871689999999,0.00557496377,1.87583453e-06,1.8487001899999998e-05,5.6625874199999995,25.1,1.1047937600000002e-06,1.63640338e-06,1.080043945e-06,7.328549919999999e-07,5.588761149999999e-07,4.32772388e-07,3.63726244e-07,3.22501257e-07,6.90141485e-07,1.69975194e-07,2.46249029e-06,85.27078680000001,46.6348134,3.3402417099999996e-10,9.1997796,0.00139753926,0.0969083366,3.3622293599999995e-06,5.22281455e-07,0.00141451757,0.0998496024,3.3622293599999995e-06,5.22281455e-07,0.0008493248429999999,0.0362005142,3.3622293599999995e-06,5.22281455e-07,0.00130774836,0.08387210749999999,3.3622293599999995e-06,5.22281455e-07,2.411204433441162
113,1701678600,1.9469139699999998e-05,1.9469143799999997e-05,0.005790049589999999,0.17243140699999998,0.020251562600000002,0.00350493038,0.007244080159999999,0.0056285944,1.8203736599999997e-06,1.601598195e-05,6.0734265899999995,25.3,1.0734779e-06,1.6282938e-06,1.077820575e-06,8.469782179999999e-07,5.96815034e-07,4.623358560000001e-07,3.76632943e-07,3.2877742700000005e-07,7.12014119e-07,1.67674271e-07,2.46371739e-06,84.8103389,46.23596930000001,3.41924042e-10,9.19461285,0.0014503775,0.10560183440000001,2.69161723e-06,4.5629378300000003e-07,0.00142652398,0.10132136539999999,2.69161723e-06,4.5629378300000003e-07,0.000839989361,0.0349270526,2.69161723e-06,4.5629378300000003e-07,0.0013025271700000001,0.0828442891,2.69161723e-06,4.5629378300000003e-07,2.411741280555725
113,1701679200,1.9619504399999995e-05,1.9619507499999998e-05,-0.0035163517270000006,0.47043206337,0.0205364525,0.0035033710600000005,0.007221117359999999,0.005605042110000001,2.7808045300000003e-06,2.3710100999999998e-05,5.92482523,29.2,1.0952977100000003e-06,1.5674600699999998e-06,1.172750172e-06,8.932375890000003e-07,6.03924247e-07,4.5922130500000003e-07,3.74239669e-07,3.14003367e-07,7.03916393e-07,1.6964862100000001e-07,2.45604078e-06,84.63996619999999,46.03291399999999,3.4666608900000007e-10,9.192277099999998,0.00146141491,0.11115283309999999,2.45432758e-06,4.4578787400000004e-07,0.00141379366,0.10295600740000002,2.45432758e-06,4.4578787400000004e-07,0.000828648005,0.03419848130000001,2.45432758e-06,4.4578787400000004e-07,0.0013101462100000001,0.0825254525,2.45432758e-06,4.4578787400000004e-07,2.4109662055969237
113,1701679800,1.9898629099999997e-05,1.98986374e-05,0.0005822809799999999,0.3431404298,0.0198586024,0.0035247301000000003,0.00726520752,0.005653747129999999,2.6070316399999998e-06,2.4095492900000003e-05,6.10314683,31.0,1.2042131600000001e-06,1.62243896e-06,1.23084035e-06,8.638363920000002e-07,5.6846766e-07,4.4750792900000007e-07,3.7556661399999997e-07,3.1833872399999995e-07,6.89976253e-07,1.6829081099999998e-07,2.45982642e-06,84.56229440000001,45.595988399999996,3.55127938e-10,9.190901049999999,0.00143905031,0.10813862859999998,3.23976415e-06,5.303136690000001e-07,0.0014304380800000001,0.10580678299999999,3.23976415e-06,5.303136690000001e-07,0.0008859603249999999,0.039496538799999995,3.23976415e-06,5.303136690000001e-07,0.00132346146,0.08555294090000001,3.23976415e-06,5.303136690000001e-07,2.4092649698257445
113,1701680400,1.84644457e-05,1.84644518e-05,-0.009632900060000001,-0.0003057493000000008,0.017833495300000002,0.0034270782899999998,0.007067335949999999,0.00550327415,1.2278107900000003e-06,1.13116598e-05,4.9597902000000005,13.6,1.11527772e-06,1.5597003200000002e-06,9.509511700000001e-07,6.608751089999999e-07,5.38739108e-07,4.19657621e-07,3.67683087e-07,3.2146119799999997e-07,6.956987659999999e-07,1.67740482e-07,2.43441945e-06,85.78772710000001,47.4476292,3.1791641699999997e-10,9.2060588,0.0013805588200000002,0.0924603395,2.82698268e-06,4.7402864e-07,0.0013759060599999999,0.0910373579,2.82698268e-06,4.7402864e-07,0.000862451256,0.0367616483,2.82698268e-06,4.7402864e-07,0.00128703021,0.08056025459999999,2.82698268e-06,4.7402864e-07,2.409348797798157
113,1701681000,1.9547706000000002e-05,1.95477105e-05,0.0011112010000000005,0.27002716928700005,0.019684438300000003,0.0035032623800000003,0.00720786338,0.005602003500000001,2.2410047899999996e-06,2.01542266e-05,6.010489380000001,27.1,1.1487317159999998e-06,1.6352608199999998e-06,1.0699129229999999e-06,8.521780940000001e-07,5.772696310000001e-07,4.4330448400000007e-07,3.8129816800000003e-07,3.2844096100000004e-07,7.18161055e-07,1.7006110600000002e-07,2.44919371e-06,84.8010226,46.148734499999996,3.45501904e-10,9.1940589,0.0014097887800000003,0.1038302139,2.69231856e-06,4.77573466e-07,0.0014267367499999999,0.1021868534,2.69231856e-06,4.77573466e-07,0.000870271292,0.03786715089999999,2.69231856e-06,4.77573466e-07,0.0013154300700000002,0.0846143644,2.69231856e-06,4.77573466e-07,2.408023166656494
113,1701681600,0.007849792828318,0.007849792832318,-1.16054208702,46.61873315647999,0.43015854226000005,0.004195208305,0.003959225615,0.0028808372502000003,0.020211512065816,0.18206348646970302,4.33566433,46.5,0.00261120003919567,0.00047524969648962006,0.00044137203890351993,0.00026806247088247994,5.235509854504e-05,9.75550329071e-06,3.069985915202e-05,1.3447500074940003e-05,1.32653250013e-05,1.8035328254999998e-07,9.308294925200001e-06,69.29560910000001,33.4980042304,2.4846476968552e-07,8.290292769999999,0.0010908847332,11.420594187234,0.2302167866313487,0.02175835084791694,0.001288997285,27.096356498509998,0.2302167866313487,0.02175835084791694,0.0027292876765,157.467229073408,0.2302167866313487,0.02175835084791694,0.0014451712392,23.018384417884,0.2302167866313487,0.02175835084791694,1.3281469538807869
113,1701682200,0.0,0.0,0.0,0.0,1.7401296999999994e-24,1.3116606000000002e-24,1.7367672e-24,1.736764e-24,0.0,0.0,0.0,0.0,0.0,0.0,0.0,0.0,0.0,0.0,0.0,0.0,0.0,0.0,0.0,45.72416,0.060559668,0.0,6.5969880000000005,6.166109300000001e-28,0.0,0.0,0.0,1.5747464999999998e-27,0.0,0.0,0.0,1.3208218e-24,6.4e-44,0.0,0.0,1.0820921999999999e-27,0.0,0.0,0.0,0.18814662098884585
113,1701682800,0.0,0.0,0.0,0.0,1.7401296999999994e-24,1.3116606000000002e-24,1.7367672e-24,1.736764e-24,0.0,0.0,0.0,0.0,0.0,0.0,0.0,0.0,0.0,0.0,0.0,0.0,0.0,0.0,0.0,45.72416,0.060559668,0.0,6.5969880000000005,6.166109300000001e-28,0.0,0.0,0.0,1.5747464999999998e-27,0.0,0.0,0.0,1.3208218e-24,6.4e-44,0.0,0.0,1.0820921999999999e-27,0.0,0.0,0.0,0.18814662098884585
113,1701683400,0.0,0.0,0.0,0.0,1.7401296999999994e-24,1.3116606000000002e-24,1.7367672e-24,1.736764e-24,0.0,0.0,0.0,0.0,0.0,0.0,0.0,0.0,0.0,0.0,0.0,0.0,0.0,0.0,0.0,45.72416,0.060559668,0.0,6.5969880000000005,6.166109300000001e-28,0.0,0.0,0.0,1.5747464999999998e-27,0.0,0.0,0.0,1.3208218e-24,6.4e-44,0.0,0.0,1.0820921999999999e-27,0.0,0.0,0.0,0.18814662098884585
113,1701684000,0.0,0.0,0.0,0.0,1.7401296999999994e-24,1.3116606000000002e-24,1.7367672e-24,1.736764e-24,0.0,0.0,0.0,0.0,0.0,0.0,0.0,0.0,0.0,0.0,0.0,0.0,0.0,0.0,0.0,45.72416,0.060559668,0.0,6.5969880000000005,6.166109300000001e-28,0.0,0.0,0.0,1.5747464999999998e-27,0.0,0.0,0.0,1.3208218e-24,6.4e-44,0.0,0.0,1.0820921999999999e-27,0.0,0.0,0.0,0.18814662098884585
113,1701684600,0.0,0.0,0.0,0.0,1.7401296999999994e-24,1.3116606000000002e-24,1.7367672e-24,1.736764e-24,0.0,0.0,0.0,0.0,0.0,0.0,0.0,0.0,0.0,0.0,0.0,0.0,0.0,0.0,0.0,45.72416,0.060559668,0.0,6.5969880000000005,6.166109300000001e-28,0.0,0.0,0.0,1.5747464999999998e-27,0.0,0.0,0.0,1.3208218e-24,6.4e-44,0.0,0.0,1.0820921999999999e-27,0.0,0.0,0.0,0.18814662098884585
113,1701685200,0.0,0.0,0.0,0.0,1.7401296999999994e-24,1.3116606000000002e-24,1.7367672e-24,1.736764e-24,0.0,0.0,0.0,0.0,0.0,0.0,0.0,0.0,0.0,0.0,0.0,0.0,0.0,0.0,0.0,45.72416,0.060559668,0.0,6.5969880000000005,6.166109300000001e-28,0.0,0.0,0.0,1.5747464999999998e-27,0.0,0.0,0.0,1.3208218e-24,6.4e-44,0.0,0.0,1.0820921999999999e-27,0.0,0.0,0.0,0.18814662098884585
113,1701685800,0.0,0.0,0.0,0.0,1.7401296999999994e-24,1.3116606000000002e-24,1.7367672e-24,1.736764e-24,0.0,0.0,0.0,0.0,0.0,0.0,0.0,0.0,0.0,0.0,0.0,0.0,0.0,0.0,0.0,45.72416,0.060559668,0.0,6.5969880000000005,6.166109300000001e-28,0.0,0.0,0.0,1.5747464999999998e-27,0.0,0.0,0.0,1.3208218e-24,6.4e-44,0.0,0.0,1.0820921999999999e-27,0.0,0.0,0.0,0.18814662098884585
113,1701686400,0.0,0.0,0.0,0.0,1.7401296999999994e-24,1.3116606000000002e-24,1.7367672e-24,1.736764e-24,0.0,0.0,0.0,0.0,0.0,0.0,0.0,0.0,0.0,0.0,0.0,0.0,0.0,0.0,0.0,45.72416,0.060559668,0.0,6.5969880000000005,6.166109300000001e-28,0.0,0.0,0.0,1.5747464999999998e-27,0.0,0.0,0.0,1.3208218e-24,6.4e-44,0.0,0.0,1.0820921999999999e-27,0.0,0.0,0.0,0.18814662098884585
113,1701687000,0.0,0.0,0.0,0.0,1.7401296999999994e-24,1.3116606000000002e-24,1.7367672e-24,1.736764e-24,0.0,0.0,0.0,0.0,0.0,0.0,0.0,0.0,0.0,0.0,0.0,0.0,0.0,0.0,0.0,45.72416,0.060559668,0.0,6.5969880000000005,6.166109300000001e-28,0.0,0.0,0.0,1.5747464999999998e-27,0.0,0.0,0.0,1.3208218e-24,6.4e-44,0.0,0.0,1.0820921999999999e-27,0.0,0.0,0.0,0.18814662098884585
113,1701687600,0.0,0.0,0.0,0.0,1.7401296999999994e-24,1.3116606000000002e-24,1.7367672e-24,1.736764e-24,0.0,0.0,0.0,0.0,0.0,0.0,0.0,0.0,0.0,0.0,0.0,0.0,0.0,0.0,0.0,45.72416,0.060559668,0.0,6.5969880000000005,6.166109300000001e-28,0.0,0.0,0.0,1.5747464999999998e-27,0.0,0.0,0.0,1.3208218e-24,6.4e-44,0.0,0.0,1.0820921999999999e-27,0.0,0.0,0.0,0.18814662098884585
113,1701688200,0.0,0.0,0.0,0.0,1.7401296999999994e-24,1.3116606000000002e-24,1.7367672e-24,1.736764e-24,0.0,0.0,0.0,0.0,0.0,0.0,0.0,0.0,0.0,0.0,0.0,0.0,0.0,0.0,0.0,45.72416,0.060559668,0.0,6.5969880000000005,6.166109300000001e-28,0.0,0.0,0.0,1.5747464999999998e-27,0.0,0.0,0.0,1.3208218e-24,6.4e-44,0.0,0.0,1.0820921999999999e-27,0.0,0.0,0.0,0.18814662098884585
113,1701688800,0.0,0.0,0.0,0.0,1.7401296999999994e-24,1.3116606000000002e-24,1.7367672e-24,1.736764e-24,0.0,0.0,0.0,0.0,0.0,0.0,0.0,0.0,0.0,0.0,0.0,0.0,0.0,0.0,0.0,45.72416,0.060559668,0.0,6.5969880000000005,6.166109300000001e-28,0.0,0.0,0.0,1.5747464999999998e-27,0.0,0.0,0.0,1.3208218e-24,6.4e-44,0.0,0.0,1.0820921999999999e-27,0.0,0.0,0.0,0.18814662098884585
113,1701689400,0.0,0.0,0.0,0.0,1.7401296999999994e-24,1.3116606000000002e-24,1.7367672e-24,1.736764e-24,0.0,0.0,0.0,0.0,0.0,0.0,0.0,0.0,0.0,0.0,0.0,0.0,0.0,0.0,0.0,45.72416,0.060559668,0.0,6.5969880000000005,6.166109300000001e-28,0.0,0.0,0.0,1.5747464999999998e-27,0.0,0.0,0.0,1.3208218e-24,6.4e-44,0.0,0.0,1.0820921999999999e-27,0.0,0.0,0.0,0.18814662098884585
113,1701690000,0.0,0.0,0.0,0.0,1.7401296999999994e-24,1.3116606000000002e-24,1.7367672e-24,1.736764e-24,0.0,0.0,0.0,0.0,0.0,0.0,0.0,0.0,0.0,0.0,0.0,0.0,0.0,0.0,0.0,45.72416,0.060559668,0.0,6.5969880000000005,6.166109300000001e-28,0.0,0.0,0.0,1.5747464999999998e-27,0.0,0.0,0.0,1.3208218e-24,6.4e-44,0.0,0.0,1.0820921999999999e-27,0.0,0.0,0.0,0.18814662098884585
113,1701690600,0.0,0.0,0.0,0.0,1.7401296999999994e-24,1.3116606000000002e-24,1.7367672e-24,1.736764e-24,0.0,0.0,0.0,0.0,0.0,0.0,0.0,0.0,0.0,0.0,0.0,0.0,0.0,0.0,0.0,45.72416,0.060559668,0.0,6.5969880000000005,6.166109300000001e-28,0.0,0.0,0.0,1.5747464999999998e-27,0.0,0.0,0.0,1.3208218e-24,6.4e-44,0.0,0.0,1.0820921999999999e-27,0.0,0.0,0.0,0.18814662098884585
113,1701691200,0.0,0.0,0.0,0.0,1.7401296999999994e-24,1.3116606000000002e-24,1.7367672e-24,1.736764e-24,0.0,0.0,0.0,0.0,0.0,0.0,0.0,0.0,0.0,0.0,0.0,0.0,0.0,0.0,0.0,45.72416,0.060559668,0.0,6.5969880000000005,6.166109300000001e-28,0.0,0.0,0.0,1.5747464999999998e-27,0.0,0.0,0.0,1.3208218e-24,6.4e-44,0.0,0.0,1.0820921999999999e-27,0.0,0.0,0.0,0.18814662098884585
113,1701691800,0.0,0.0,0.0,0.0,1.7401296999999994e-24,1.3116606000000002e-24,1.7367672e-24,1.736764e-24,0.0,0.0,0.0,0.0,0.0,0.0,0.0,0.0,0.0,0.0,0.0,0.0,0.0,0.0,0.0,45.72416,0.060559668,0.0,6.5969880000000005,6.166109300000001e-28,0.0,0.0,0.0,1.5747464999999998e-27,0.0,0.0,0.0,1.3208218e-24,6.4e-44,0.0,0.0,1.0820921999999999e-27,0.0,0.0,0.0,0.18814662098884585
113,1701692400,0.0,0.0,0.0,0.0,1.7401296999999994e-24,1.3116606000000002e-24,1.7367672e-24,1.736764e-24,0.0,0.0,0.0,0.0,0.0,0.0,0.0,0.0,0.0,0.0,0.0,0.0,0.0,0.0,0.0,45.72416,0.060559668,0.0,6.5969880000000005,6.166109300000001e-28,0.0,0.0,0.0,1.5747464999999998e-27,0.0,0.0,0.0,1.3208218e-24,6.4e-44,0.0,0.0,1.0820921999999999e-27,0.0,0.0,0.0,0.18814662098884585
113,1701693000,0.0,0.0,0.0,0.0,1.7401296999999994e-24,1.3116606000000002e-24,1.7367672e-24,1.736764e-24,0.0,0.0,0.0,0.0,0.0,0.0,0.0,0.0,0.0,0.0,0.0,0.0,0.0,0.0,0.0,45.72416,0.060559668,0.0,6.5969880000000005,6.166109300000001e-28,0.0,0.0,0.0,1.5747464999999998e-27,0.0,0.0,0.0,1.3208218e-24,6.4e-44,0.0,0.0,1.0820921999999999e-27,0.0,0.0,0.0,0.18814662098884585
113,1701693600,0.0,0.0,0.0,0.0,1.7401296999999994e-24,1.3116606000000002e-24,1.7367672e-24,1.736764e-24,0.0,0.0,0.0,0.0,0.0,0.0,0.0,0.0,0.0,0.0,0.0,0.0,0.0,0.0,0.0,45.72416,0.060559668,0.0,6.5969880000000005,6.166109300000001e-28,0.0,0.0,0.0,1.5747464999999998e-27,0.0,0.0,0.0,1.3208218e-24,6.4e-44,0.0,0.0,1.0820921999999999e-27,0.0,0.0,0.0,0.18814662098884585
113,1701694200,0.0,0.0,0.0,0.0,1.7401296999999994e-24,1.3116606000000002e-24,1.7367672e-24,1.736764e-24,0.0,0.0,0.0,0.0,0.0,0.0,0.0,0.0,0.0,0.0,0.0,0.0,0.0,0.0,0.0,45.72416,0.060559668,0.0,6.5969880000000005,6.166109300000001e-28,0.0,0.0,0.0,1.5747464999999998e-27,0.0,0.0,0.0,1.3208218e-24,6.4e-44,0.0,0.0,1.0820921999999999e-27,0.0,0.0,0.0,0.18814662098884585
113,1701694800,0.0,0.0,0.0,0.0,1.7401296999999994e-24,1.3116606000000002e-24,1.7367672e-24,1.736764e-24,0.0,0.0,0.0,0.0,0.0,0.0,0.0,0.0,0.0,0.0,0.0,0.0,0.0,0.0,0.0,45.72416,0.060559668,0.0,6.5969880000000005,6.166109300000001e-28,0.0,0.0,0.0,1.5747464999999998e-27,0.0,0.0,0.0,1.3208218e-24,6.4e-44,0.0,0.0,1.0820921999999999e-27,0.0,0.0,0.0,0.18814662098884585
113,1701695400,0.0,0.0,0.0,0.0,1.7401296999999994e-24,1.3116606000000002e-24,1.7367672e-24,1.736764e-24,0.0,0.0,0.0,0.0,0.0,0.0,0.0,0.0,0.0,0.0,0.0,0.0,0.0,0.0,0.0,45.72416,0.060559668,0.0,6.5969880000000005,6.166109300000001e-28,0.0,0.0,0.0,1.5747464999999998e-27,0.0,0.0,0.0,1.3208218e-24,6.4e-44,0.0,0.0,1.0820921999999999e-27,0.0,0.0,0.0,0.18814662098884585
113,1701696000,0.0,0.0,0.0,0.0,1.7401296999999994e-24,1.3116606000000002e-24,1.7367672e-24,1.736764e-24,0.0,0.0,0.0,0.0,0.0,0.0,0.0,0.0,0.0,0.0,0.0,0.0,0.0,0.0,0.0,45.72416,0.060559668,0.0,6.5969880000000005,6.166109300000001e-28,0.0,0.0,0.0,1.5747464999999998e-27,0.0,0.0,0.0,1.3208218e-24,6.4e-44,0.0,0.0,1.0820921999999999e-27,0.0,0.0,0.0,0.18814662098884585
113,1701696600,0.0,0.0,0.0,0.0,1.7401296999999994e-24,1.3116606000000002e-24,1.7367672e-24,1.736764e-24,0.0,0.0,0.0,0.0,0.0,0.0,0.0,0.0,0.0,0.0,0.0,0.0,0.0,0.0,0.0,45.72416,0.060559668,0.0,6.5969880000000005,6.166109300000001e-28,0.0,0.0,0.0,1.5747464999999998e-27,0.0,0.0,0.0,1.3208218e-24,6.4e-44,0.0,0.0,1.0820921999999999e-27,0.0,0.0,0.0,0.18814662098884585
113,1701697200,0.0,0.0,0.0,0.0,1.7401296999999994e-24,1.3116606000000002e-24,1.7367672e-24,1.736764e-24,0.0,0.0,0.0,0.0,0.0,0.0,0.0,0.0,0.0,0.0,0.0,0.0,0.0,0.0,0.0,45.72416,0.060559668,0.0,6.5969880000000005,6.166109300000001e-28,0.0,0.0,0.0,1.5747464999999998e-27,0.0,0.0,0.0,1.3208218e-24,6.4e-44,0.0,0.0,1.0820921999999999e-27,0.0,0.0,0.0,0.18814662098884585
113,1701697800,0.0,0.0,0.0,0.0,1.7401296999999994e-24,1.3116606000000002e-24,1.7367672e-24,1.736764e-24,0.0,0.0,0.0,0.0,0.0,0.0,0.0,0.0,0.0,0.0,0.0,0.0,0.0,0.0,0.0,45.72416,0.060559668,0.0,6.5969880000000005,6.166109300000001e-28,0.0,0.0,0.0,1.5747464999999998e-27,0.0,0.0,0.0,1.3208218e-24,6.4e-44,0.0,0.0,1.0820921999999999e-27,0.0,0.0,0.0,0.18814662098884585
113,1701698400,0.0,0.0,0.0,0.0,1.7401296999999994e-24,1.3116606000000002e-24,1.7367672e-24,1.736764e-24,0.0,0.0,0.0,0.0,0.0,0.0,0.0,0.0,0.0,0.0,0.0,0.0,0.0,0.0,0.0,45.72416,0.060559668,0.0,6.5969880000000005,6.166109300000001e-28,0.0,0.0,0.0,1.5747464999999998e-27,0.0,0.0,0.0,1.3208218e-24,6.4e-44,0.0,0.0,1.0820921999999999e-27,0.0,0.0,0.0,0.18814662098884585
113,1701699000,0.0,0.0,0.0,0.0,1.7401296999999994e-24,1.3116606000000002e-24,1.7367672e-24,1.736764e-24,0.0,0.0,0.0,0.0,0.0,0.0,0.0,0.0,0.0,0.0,0.0,0.0,0.0,0.0,0.0,45.72416,0.060559668,0.0,6.5969880000000005,6.166109300000001e-28,0.0,0.0,0.0,1.5747464999999998e-27,0.0,0.0,0.0,1.3208218e-24,6.4e-44,0.0,0.0,1.0820921999999999e-27,0.0,0.0,0.0,0.18814662098884585
113,1701699600,0.0,0.0,0.0,0.0,1.7401296999999994e-24,1.3116606000000002e-24,1.7367672e-24,1.736764e-24,0.0,0.0,0.0,0.0,0.0,0.0,0.0,0.0,0.0,0.0,0.0,0.0,0.0,0.0,0.0,45.72416,0.060559668,0.0,6.5969880000000005,6.166109300000001e-28,0.0,0.0,0.0,1.5747464999999998e-27,0.0,0.0,0.0,1.3208218e-24,6.4e-44,0.0,0.0,1.0820921999999999e-27,0.0,0.0,0.0,0.18814662098884585
113,1701700200,0.0,0.0,0.0,0.0,1.7401296999999994e-24,1.3116606000000002e-24,1.7367672e-24,1.736764e-24,0.0,0.0,0.0,0.0,0.0,0.0,0.0,0.0,0.0,0.0,0.0,0.0,0.0,0.0,0.0,45.72416,0.060559668,0.0,6.5969880000000005,6.166109300000001e-28,0.0,0.0,0.0,1.5747464999999998e-27,0.0,0.0,0.0,1.3208218e-24,6.4e-44,0.0,0.0,1.0820921999999999e-27,0.0,0.0,0.0,0.18814662098884585
113,1701700800,0.0,0.0,0.0,0.0,1.7401296999999994e-24,1.3116606000000002e-24,1.7367672e-24,1.736764e-24,0.0,0.0,0.0,0.0,0.0,0.0,0.0,0.0,0.0,0.0,0.0,0.0,0.0,0.0,0.0,45.72416,0.060559668,0.0,6.5969880000000005,6.166109300000001e-28,0.0,0.0,0.0,1.5747464999999998e-27,0.0,0.0,0.0,1.3208218e-24,6.4e-44,0.0,0.0,1.0820921999999999e-27,0.0,0.0,0.0,0.18814662098884585
113,1701701400,0.0,0.0,0.0,0.0,1.7401296999999994e-24,1.3116606000000002e-24,1.7367672e-24,1.736764e-24,0.0,0.0,0.0,0.0,0.0,0.0,0.0,0.0,0.0,0.0,0.0,0.0,0.0,0.0,0.0,45.72416,0.060559668,0.0,6.5969880000000005,6.166109300000001e-28,0.0,0.0,0.0,1.5747464999999998e-27,0.0,0.0,0.0,1.3208218e-24,6.4e-44,0.0,0.0,1.0820921999999999e-27,0.0,0.0,0.0,0.18814662098884585
113,1701702000,0.0,0.0,0.0,0.0,1.7401296999999994e-24,1.3116606000000002e-24,1.7367672e-24,1.736764e-24,0.0,0.0,0.0,0.0,0.0,0.0,0.0,0.0,0.0,0.0,0.0,0.0,0.0,0.0,0.0,45.72416,0.060559668,0.0,6.5969880000000005,6.166109300000001e-28,0.0,0.0,0.0,1.5747464999999998e-27,0.0,0.0,0.0,1.3208218e-24,6.4e-44,0.0,0.0,1.0820921999999999e-27,0.0,0.0,0.0,0.18814662098884585
113,1701702600,0.0,0.0,0.0,0.0,1.7401296999999994e-24,1.3116606000000002e-24,1.7367672e-24,1.736764e-24,0.0,0.0,0.0,0.0,0.0,0.0,0.0,0.0,0.0,0.0,0.0,0.0,0.0,0.0,0.0,45.72416,0.060559668,0.0,6.5969880000000005,6.166109300000001e-28,0.0,0.0,0.0,1.5747464999999998e-27,0.0,0.0,0.0,1.3208218e-24,6.4e-44,0.0,0.0,1.0820921999999999e-27,0.0,0.0,0.0,0.18814662098884585
113,1701703200,0.0,0.0,0.0,0.0,1.7401296999999994e-24,1.3116606000000002e-24,1.7367672e-24,1.736764e-24,0.0,0.0,0.0,0.0,0.0,0.0,0.0,0.0,0.0,0.0,0.0,0.0,0.0,0.0,0.0,45.72416,0.060559668,0.0,6.5969880000000005,6.166109300000001e-28,0.0,0.0,0.0,1.5747464999999998e-27,0.0,0.0,0.0,1.3208218e-24,6.4e-44,0.0,0.0,1.0820921999999999e-27,0.0,0.0,0.0,0.18814662098884585
113,1701703800,0.0,0.0,0.0,0.0,1.7401296999999994e-24,1.3116606000000002e-24,1.7367672e-24,1.736764e-24,0.0,0.0,0.0,0.0,0.0,0.0,0.0,0.0,0.0,0.0,0.0,0.0,0.0,0.0,0.0,45.72416,0.060559668,0.0,6.5969880000000005,6.166109300000001e-28,0.0,0.0,0.0,1.5747464999999998e-27,0.0,0.0,0.0,1.3208218e-24,6.4e-44,0.0,0.0,1.0820921999999999e-27,0.0,0.0,0.0,0.18814662098884585
113,1701704400,0.0,0.0,0.0,0.0,1.7401296999999994e-24,1.3116606000000002e-24,1.7367672e-24,1.736764e-24,0.0,0.0,0.0,0.0,0.0,0.0,0.0,0.0,0.0,0.0,0.0,0.0,0.0,0.0,0.0,45.72416,0.060559668,0.0,6.5969880000000005,6.166109300000001e-28,0.0,0.0,0.0,1.5747464999999998e-27,0.0,0.0,0.0,1.3208218e-24,6.4e-44,0.0,0.0,1.0820921999999999e-27,0.0,0.0,0.0,0.18814662098884585
113,1701705000,0.0,0.0,0.0,0.0,1.7401296999999994e-24,1.3116606000000002e-24,1.7367672e-24,1.736764e-24,0.0,0.0,0.0,0.0,0.0,0.0,0.0,0.0,0.0,0.0,0.0,0.0,0.0,0.0,0.0,45.72416,0.060559668,0.0,6.5969880000000005,6.166109300000001e-28,0.0,0.0,0.0,1.5747464999999998e-27,0.0,0.0,0.0,1.3208218e-24,6.4e-44,0.0,0.0,1.0820921999999999e-27,0.0,0.0,0.0,0.18814662098884585
113,1701705600,0.0,0.0,0.0,0.0,1.7401296999999994e-24,1.3116606000000002e-24,1.7367672e-24,1.736764e-24,0.0,0.0,0.0,0.0,0.0,0.0,0.0,0.0,0.0,0.0,0.0,0.0,0.0,0.0,0.0,45.72416,0.060559668,0.0,6.5969880000000005,6.166109300000001e-28,0.0,0.0,0.0,1.5747464999999998e-27,0.0,0.0,0.0,1.3208218e-24,6.4e-44,0.0,0.0,1.0820921999999999e-27,0.0,0.0,0.0,0.18814662098884585
113,1701706200,0.0,0.0,0.0,0.0,1.7401296999999994e-24,1.3116606000000002e-24,1.7367672e-24,1.736764e-24,0.0,0.0,0.0,0.0,0.0,0.0,0.0,0.0,0.0,0.0,0.0,0.0,0.0,0.0,0.0,45.72416,0.060559668,0.0,6.5969880000000005,6.166109300000001e-28,0.0,0.0,0.0,1.5747464999999998e-27,0.0,0.0,0.0,1.3208218e-24,6.4e-44,0.0,0.0,1.0820921999999999e-27,0.0,0.0,0.0,0.18814662098884585
113,1701706800,0.0,0.0,0.0,0.0,1.7401296999999994e-24,1.3116606000000002e-24,1.7367672e-24,1.736764e-24,0.0,0.0,0.0,0.0,0.0,0.0,0.0,0.0,0.0,0.0,0.0,0.0,0.0,0.0,0.0,45.72416,0.060559668,0.0,6.5969880000000005,6.166109300000001e-28,0.0,0.0,0.0,1.5747464999999998e-27,0.0,0.0,0.0,1.3208218e-24,6.4e-44,0.0,0.0,1.0820921999999999e-27,0.0,0.0,0.0,0.18814662098884585
113,1701707400,0.0,0.0,0.0,0.0,1.7401296999999994e-24,1.3116606000000002e-24,1.7367672e-24,1.736764e-24,0.0,0.0,0.0,0.0,0.0,0.0,0.0,0.0,0.0,0.0,0.0,0.0,0.0,0.0,0.0,45.72416,0.060559668,0.0,6.5969880000000005,6.166109300000001e-28,0.0,0.0,0.0,1.5747464999999998e-27,0.0,0.0,0.0,1.3208218e-24,6.4e-44,0.0,0.0,1.0820921999999999e-27,0.0,0.0,0.0,0.18814662098884585
113,1701708000,0.0,0.0,0.0,0.0,1.7401296999999994e-24,1.3116606000000002e-24,1.7367672e-24,1.736764e-24,0.0,0.0,0.0,0.0,0.0,0.0,0.0,0.0,0.0,0.0,0.0,0.0,0.0,0.0,0.0,45.72416,0.060559668,0.0,6.5969880000000005,6.166109300000001e-28,0.0,0.0,0.0,1.5747464999999998e-27,0.0,0.0,0.0,1.3208218e-24,6.4e-44,0.0,0.0,1.0820921999999999e-27,0.0,0.0,0.0,0.18814662098884585
113,1701708600,0.0,0.0,0.0,0.0,1.7401296999999994e-24,1.3116606000000002e-24,1.7367672e-24,1.736764e-24,0.0,0.0,0.0,0.0,0.0,0.0,0.0,0.0,0.0,0.0,0.0,0.0,0.0,0.0,0.0,45.72416,0.060559668,0.0,6.5969880000000005,6.166109300000001e-28,0.0,0.0,0.0,1.5747464999999998e-27,0.0,0.0,0.0,1.3208218e-24,6.4e-44,0.0,0.0,1.0820921999999999e-27,0.0,0.0,0.0,0.18814662098884585
113,1701709200,0.0,0.0,0.0,0.0,1.7401296999999994e-24,1.3116606000000002e-24,1.7367672e-24,1.736764e-24,0.0,0.0,0.0,0.0,0.0,0.0,0.0,0.0,0.0,0.0,0.0,0.0,0.0,0.0,0.0,45.72416,0.060559668,0.0,6.5969880000000005,6.166109300000001e-28,0.0,0.0,0.0,1.5747464999999998e-27,0.0,0.0,0.0,1.3208218e-24,6.4e-44,0.0,0.0,1.0820921999999999e-27,0.0,0.0,0.0,0.18814662098884585
113,1701709800,0.0,0.0,0.0,0.0,1.7401296999999994e-24,1.3116606000000002e-24,1.7367672e-24,1.736764e-24,0.0,0.0,0.0,0.0,0.0,0.0,0.0,0.0,0.0,0.0,0.0,0.0,0.0,0.0,0.0,45.72416,0.060559668,0.0,6.5969880000000005,6.166109300000001e-28,0.0,0.0,0.0,1.5747464999999998e-27,0.0,0.0,0.0,1.3208218e-24,6.4e-44,0.0,0.0,1.0820921999999999e-27,0.0,0.0,0.0,0.18814662098884585
113,1701710400,0.0,0.0,0.0,0.0,1.7401296999999994e-24,1.3116606000000002e-24,1.7367672e-24,1.736764e-24,0.0,0.0,0.0,0.0,0.0,0.0,0.0,0.0,0.0,0.0,0.0,0.0,0.0,0.0,0.0,45.72416,0.060559668,0.0,6.5969880000000005,6.166109300000001e-28,0.0,0.0,0.0,1.5747464999999998e-27,0.0,0.0,0.0,1.3208218e-24,6.4e-44,0.0,0.0,1.0820921999999999e-27,0.0,0.0,0.0,0.18814662098884585
113,1701711000,0.0,0.0,0.0,0.0,1.7401296999999994e-24,1.3116606000000002e-24,1.7367672e-24,1.736764e-24,0.0,0.0,0.0,0.0,0.0,0.0,0.0,0.0,0.0,0.0,0.0,0.0,0.0,0.0,0.0,45.72416,0.060559668,0.0,6.5969880000000005,6.166109300000001e-28,0.0,0.0,0.0,1.5747464999999998e-27,0.0,0.0,0.0,1.3208218e-24,6.4e-44,0.0,0.0,1.0820921999999999e-27,0.0,0.0,0.0,0.18814662098884585
113,1701711600,0.0,0.0,0.0,0.0,1.7401296999999994e-24,1.3116606000000002e-24,1.7367672e-24,1.736764e-24,0.0,0.0,0.0,0.0,0.0,0.0,0.0,0.0,0.0,0.0,0.0,0.0,0.0,0.0,0.0,45.72416,0.060559668,0.0,6.5969880000000005,6.166109300000001e-28,0.0,0.0,0.0,1.5747464999999998e-27,0.0,0.0,0.0,1.3208218e-24,6.4e-44,0.0,0.0,1.0820921999999999e-27,0.0,0.0,0.0,0.18814662098884585
113,1701712200,0.0,0.0,0.0,0.0,1.7401296999999994e-24,1.3116606000000002e-24,1.7367672e-24,1.736764e-24,0.0,0.0,0.0,0.0,0.0,0.0,0.0,0.0,0.0,0.0,0.0,0.0,0.0,0.0,0.0,45.72416,0.060559668,0.0,6.5969880000000005,6.166109300000001e-28,0.0,0.0,0.0,1.5747464999999998e-27,0.0,0.0,0.0,1.3208218e-24,6.4e-44,0.0,0.0,1.0820921999999999e-27,0.0,0.0,0.0,0.18814662098884585
113,1701712800,0.0,0.0,0.0,0.0,1.7401296999999994e-24,1.3116606000000002e-24,1.7367672e-24,1.736764e-24,0.0,0.0,0.0,0.0,0.0,0.0,0.0,0.0,0.0,0.0,0.0,0.0,0.0,0.0,0.0,45.72416,0.060559668,0.0,6.5969880000000005,6.166109300000001e-28,0.0,0.0,0.0,1.5747464999999998e-27,0.0,0.0,0.0,1.3208218e-24,6.4e-44,0.0,0.0,1.0820921999999999e-27,0.0,0.0,0.0,0.18814662098884585
113,1701713400,0.0,0.0,0.0,0.0,1.7401296999999994e-24,1.3116606000000002e-24,1.7367672e-24,1.736764e-24,0.0,0.0,0.0,0.0,0.0,0.0,0.0,0.0,0.0,0.0,0.0,0.0,0.0,0.0,0.0,45.72416,0.060559668,0.0,6.5969880000000005,6.166109300000001e-28,0.0,0.0,0.0,1.5747464999999998e-27,0.0,0.0,0.0,1.3208218e-24,6.4e-44,0.0,0.0,1.0820921999999999e-27,0.0,0.0,0.0,0.18814662098884585
113,1701714000,0.0,0.0,0.0,0.0,1.7401296999999994e-24,1.3116606000000002e-24,1.7367672e-24,1.736764e-24,0.0,0.0,0.0,0.0,0.0,0.0,0.0,0.0,0.0,0.0,0.0,0.0,0.0,0.0,0.0,45.72416,0.060559668,0.0,6.5969880000000005,6.166109300000001e-28,0.0,0.0,0.0,1.5747464999999998e-27,0.0,0.0,0.0,1.3208218e-24,6.4e-44,0.0,0.0,1.0820921999999999e-27,0.0,0.0,0.0,0.18814662098884585
113,1701714600,0.0,0.0,0.0,0.0,1.7401296999999994e-24,1.3116606000000002e-24,1.7367672e-24,1.736764e-24,0.0,0.0,0.0,0.0,0.0,0.0,0.0,0.0,0.0,0.0,0.0,0.0,0.0,0.0,0.0,45.72416,0.060559668,0.0,6.5969880000000005,6.166109300000001e-28,0.0,0.0,0.0,1.5747464999999998e-27,0.0,0.0,0.0,1.3208218e-24,6.4e-44,0.0,0.0,1.0820921999999999e-27,0.0,0.0,0.0,0.18814662098884585
113,1701715200,0.0,0.0,0.0,0.0,1.7401296999999994e-24,1.3116606000000002e-24,1.7367672e-24,1.736764e-24,0.0,0.0,0.0,0.0,0.0,0.0,0.0,0.0,0.0,0.0,0.0,0.0,0.0,0.0,0.0,45.72416,0.060559668,0.0,6.5969880000000005,6.166109300000001e-28,0.0,0.0,0.0,1.5747464999999998e-27,0.0,0.0,0.0,1.3208218e-24,6.4e-44,0.0,0.0,1.0820921999999999e-27,0.0,0.0,0.0,0.18814662098884585
113,1701715800,0.0,0.0,0.0,0.0,1.7401296999999994e-24,1.3116606000000002e-24,1.7367672e-24,1.736764e-24,0.0,0.0,0.0,0.0,0.0,0.0,0.0,0.0,0.0,0.0,0.0,0.0,0.0,0.0,0.0,45.72416,0.060559668,0.0,6.5969880000000005,6.166109300000001e-28,0.0,0.0,0.0,1.5747464999999998e-27,0.0,0.0,0.0,1.3208218e-24,6.4e-44,0.0,0.0,1.0820921999999999e-27,0.0,0.0,0.0,0.18814662098884585
113,1701716400,0.0,0.0,0.0,0.0,1.7401296999999994e-24,1.3116606000000002e-24,1.7367672e-24,1.736764e-24,0.0,0.0,0.0,0.0,0.0,0.0,0.0,0.0,0.0,0.0,0.0,0.0,0.0,0.0,0.0,45.72416,0.060559668,0.0,6.5969880000000005,6.166109300000001e-28,0.0,0.0,0.0,1.5747464999999998e-27,0.0,0.0,0.0,1.3208218e-24,6.4e-44,0.0,0.0,1.0820921999999999e-27,0.0,0.0,0.0,0.18814662098884585
113,1701717000,0.0,0.0,0.0,0.0,1.7401296999999994e-24,1.3116606000000002e-24,1.7367672e-24,1.736764e-24,0.0,0.0,0.0,0.0,0.0,0.0,0.0,0.0,0.0,0.0,0.0,0.0,0.0,0.0,0.0,45.72416,0.060559668,0.0,6.5969880000000005,6.166109300000001e-28,0.0,0.0,0.0,1.5747464999999998e-27,0.0,0.0,0.0,1.3208218e-24,6.4e-44,0.0,0.0,1.0820921999999999e-27,0.0,0.0,0.0,0.18814662098884585
113,1701717600,0.0,0.0,0.0,0.0,1.7401296999999994e-24,1.3116606000000002e-24,1.7367672e-24,1.736764e-24,0.0,0.0,0.0,0.0,0.0,0.0,0.0,0.0,0.0,0.0,0.0,0.0,0.0,0.0,0.0,45.72416,0.060559668,0.0,6.5969880000000005,6.166109300000001e-28,0.0,0.0,0.0,1.5747464999999998e-27,0.0,0.0,0.0,1.3208218e-24,6.4e-44,0.0,0.0,1.0820921999999999e-27,0.0,0.0,0.0,0.18814662098884585
113,1701718200,0.0,0.0,0.0,0.0,1.7401296999999994e-24,1.3116606000000002e-24,1.7367672e-24,1.736764e-24,0.0,0.0,0.0,0.0,0.0,0.0,0.0,0.0,0.0,0.0,0.0,0.0,0.0,0.0,0.0,45.72416,0.060559668,0.0,6.5969880000000005,6.166109300000001e-28,0.0,0.0,0.0,1.5747464999999998e-27,0.0,0.0,0.0,1.3208218e-24,6.4e-44,0.0,0.0,1.0820921999999999e-27,0.0,0.0,0.0,0.18814662098884585
113,1701718800,0.0,0.0,0.0,0.0,1.7401296999999994e-24,1.3116606000000002e-24,1.7367672e-24,1.736764e-24,0.0,0.0,0.0,0.0,0.0,0.0,0.0,0.0,0.0,0.0,0.0,0.0,0.0,0.0,0.0,45.72416,0.060559668,0.0,6.5969880000000005,6.166109300000001e-28,0.0,0.0,0.0,1.5747464999999998e-27,0.0,0.0,0.0,1.3208218e-24,6.4e-44,0.0,0.0,1.0820921999999999e-27,0.0,0.0,0.0,0.18814662098884585
113,1701719400,0.0,0.0,0.0,0.0,1.7401296999999994e-24,1.3116606000000002e-24,1.7367672e-24,1.736764e-24,0.0,0.0,0.0,0.0,0.0,0.0,0.0,0.0,0.0,0.0,0.0,0.0,0.0,0.0,0.0,45.72416,0.060559668,0.0,6.5969880000000005,6.166109300000001e-28,0.0,0.0,0.0,1.5747464999999998e-27,0.0,0.0,0.0,1.3208218e-24,6.4e-44,0.0,0.0,1.0820921999999999e-27,0.0,0.0,0.0,0.18814662098884585
113,1701720000,0.0,0.0,0.0,0.0,1.7401296999999994e-24,1.3116606000000002e-24,1.7367672e-24,1.736764e-24,0.0,0.0,0.0,0.0,0.0,0.0,0.0,0.0,0.0,0.0,0.0,0.0,0.0,0.0,0.0,45.72416,0.060559668,0.0,6.5969880000000005,6.166109300000001e-28,0.0,0.0,0.0,1.5747464999999998e-27,0.0,0.0,0.0,1.3208218e-24,6.4e-44,0.0,0.0,1.0820921999999999e-27,0.0,0.0,0.0,0.18814662098884585
113,1701720600,0.0,0.0,0.0,0.0,1.7401296999999994e-24,1.3116606000000002e-24,1.7367672e-24,1.736764e-24,0.0,0.0,0.0,0.0,0.0,0.0,0.0,0.0,0.0,0.0,0.0,0.0,0.0,0.0,0.0,45.72416,0.060559668,0.0,6.5969880000000005,6.166109300000001e-28,0.0,0.0,0.0,1.5747464999999998e-27,0.0,0.0,0.0,1.3208218e-24,6.4e-44,0.0,0.0,1.0820921999999999e-27,0.0,0.0,0.0,0.18814662098884585
113,1701721200,0.0,0.0,0.0,0.0,1.7401296999999994e-24,1.3116606000000002e-24,1.7367672e-24,1.736764e-24,0.0,0.0,0.0,0.0,0.0,0.0,0.0,0.0,0.0,0.0,0.0,0.0,0.0,0.0,0.0,45.72416,0.060559668,0.0,6.5969880000000005,6.166109300000001e-28,0.0,0.0,0.0,1.5747464999999998e-27,0.0,0.0,0.0,1.3208218e-24,6.4e-44,0.0,0.0,1.0820921999999999e-27,0.0,0.0,0.0,0.18814662098884585
113,1701721800,0.0,0.0,0.0,0.0,1.7401296999999994e-24,1.3116606000000002e-24,1.7367672e-24,1.736764e-24,0.0,0.0,0.0,0.0,0.0,0.0,0.0,0.0,0.0,0.0,0.0,0.0,0.0,0.0,0.0,45.72416,0.060559668,0.0,6.5969880000000005,6.166109300000001e-28,0.0,0.0,0.0,1.5747464999999998e-27,0.0,0.0,0.0,1.3208218e-24,6.4e-44,0.0,0.0,1.0820921999999999e-27,0.0,0.0,0.0,0.18814662098884585
113,1701722400,0.0,0.0,0.0,0.0,1.7401296999999994e-24,1.3116606000000002e-24,1.7367672e-24,1.736764e-24,0.0,0.0,0.0,0.0,0.0,0.0,0.0,0.0,0.0,0.0,0.0,0.0,0.0,0.0,0.0,45.72416,0.060559668,0.0,6.5969880000000005,6.166109300000001e-28,0.0,0.0,0.0,1.5747464999999998e-27,0.0,0.0,0.0,1.3208218e-24,6.4e-44,0.0,0.0,1.0820921999999999e-27,0.0,0.0,0.0,0.18814662098884585
113,1701723000,0.0,0.0,0.0,0.0,1.7401296999999994e-24,1.3116606000000002e-24,1.7367672e-24,1.736764e-24,0.0,0.0,0.0,0.0,0.0,0.0,0.0,0.0,0.0,0.0,0.0,0.0,0.0,0.0,0.0,45.72416,0.060559668,0.0,6.5969880000000005,6.166109300000001e-28,0.0,0.0,0.0,1.5747464999999998e-27,0.0,0.0,0.0,1.3208218e-24,6.4e-44,0.0,0.0,1.0820921999999999e-27,0.0,0.0,0.0,0.18814662098884585
113,1701723600,0.0,0.0,0.0,0.0,1.7401296999999994e-24,1.3116606000000002e-24,1.7367672e-24,1.736764e-24,0.0,0.0,0.0,0.0,0.0,0.0,0.0,0.0,0.0,0.0,0.0,0.0,0.0,0.0,0.0,45.72416,0.060559668,0.0,6.5969880000000005,6.166109300000001e-28,0.0,0.0,0.0,1.5747464999999998e-27,0.0,0.0,0.0,1.3208218e-24,6.4e-44,0.0,0.0,1.0820921999999999e-27,0.0,0.0,0.0,0.18814662098884585
113,1701724200,0.0,0.0,0.0,0.0,1.7401296999999994e-24,1.3116606000000002e-24,1.7367672e-24,1.736764e-24,0.0,0.0,0.0,0.0,0.0,0.0,0.0,0.0,0.0,0.0,0.0,0.0,0.0,0.0,0.0,45.72416,0.060559668,0.0,6.5969880000000005,6.166109300000001e-28,0.0,0.0,0.0,1.5747464999999998e-27,0.0,0.0,0.0,1.3208218e-24,6.4e-44,0.0,0.0,1.0820921999999999e-27,0.0,0.0,0.0,0.18814662098884585
113,1701724800,0.0,0.0,0.0,0.0,1.7401296999999994e-24,1.3116606000000002e-24,1.7367672e-24,1.736764e-24,0.0,0.0,0.0,0.0,0.0,0.0,0.0,0.0,0.0,0.0,0.0,0.0,0.0,0.0,0.0,45.72416,0.060559668,0.0,6.5969880000000005,6.166109300000001e-28,0.0,0.0,0.0,1.5747464999999998e-27,0.0,0.0,0.0,1.3208218e-24,6.4e-44,0.0,0.0,1.0820921999999999e-27,0.0,0.0,0.0,0.18814662098884585
113,1701725400,0.0,0.0,0.0,0.0,1.7401296999999994e-24,1.3116606000000002e-24,1.7367672e-24,1.736764e-24,0.0,0.0,0.0,0.0,0.0,0.0,0.0,0.0,0.0,0.0,0.0,0.0,0.0,0.0,0.0,45.72416,0.060559668,0.0,6.5969880000000005,6.166109300000001e-28,0.0,0.0,0.0,1.5747464999999998e-27,0.0,0.0,0.0,1.3208218e-24,6.4e-44,0.0,0.0,1.0820921999999999e-27,0.0,0.0,0.0,0.18814662098884585
113,1701726000,0.0,0.0,0.0,0.0,1.7401296999999994e-24,1.3116606000000002e-24,1.7367672e-24,1.736764e-24,0.0,0.0,0.0,0.0,0.0,0.0,0.0,0.0,0.0,0.0,0.0,0.0,0.0,0.0,0.0,45.72416,0.060559668,0.0,6.5969880000000005,6.166109300000001e-28,0.0,0.0,0.0,1.5747464999999998e-27,0.0,0.0,0.0,1.3208218e-24,6.4e-44,0.0,0.0,1.0820921999999999e-27,0.0,0.0,0.0,0.18814662098884585
113,1701726600,0.0,0.0,0.0,0.0,1.7401296999999994e-24,1.3116606000000002e-24,1.7367672e-24,1.736764e-24,0.0,0.0,0.0,0.0,0.0,0.0,0.0,0.0,0.0,0.0,0.0,0.0,0.0,0.0,0.0,45.72416,0.060559668,0.0,6.5969880000000005,6.166109300000001e-28,0.0,0.0,0.0,1.5747464999999998e-27,0.0,0.0,0.0,1.3208218e-24,6.4e-44,0.0,0.0,1.0820921999999999e-27,0.0,0.0,0.0,0.18814662098884585
113,1701727200,0.0,0.0,0.0,0.0,1.7401296999999994e-24,1.3116606000000002e-24,1.7367672e-24,1.736764e-24,0.0,0.0,0.0,0.0,0.0,0.0,0.0,0.0,0.0,0.0,0.0,0.0,0.0,0.0,0.0,45.72416,0.060559668,0.0,6.5969880000000005,6.166109300000001e-28,0.0,0.0,0.0,1.5747464999999998e-27,0.0,0.0,0.0,1.3208218e-24,6.4e-44,0.0,0.0,1.0820921999999999e-27,0.0,0.0,0.0,0.18814662098884585
113,1701727800,0.0,0.0,0.0,0.0,1.7401296999999994e-24,1.3116606000000002e-24,1.7367672e-24,1.736764e-24,0.0,0.0,0.0,0.0,0.0,0.0,0.0,0.0,0.0,0.0,0.0,0.0,0.0,0.0,0.0,45.72416,0.060559668,0.0,6.5969880000000005,6.166109300000001e-28,0.0,0.0,0.0,1.5747464999999998e-27,0.0,0.0,0.0,1.3208218e-24,6.4e-44,0.0,0.0,1.0820921999999999e-27,0.0,0.0,0.0,0.18814662098884585
113,1701728400,0.0,0.0,0.0,0.0,1.7401296999999994e-24,1.3116606000000002e-24,1.7367672e-24,1.736764e-24,0.0,0.0,0.0,0.0,0.0,0.0,0.0,0.0,0.0,0.0,0.0,0.0,0.0,0.0,0.0,45.72416,0.060559668,0.0,6.5969880000000005,6.166109300000001e-28,0.0,0.0,0.0,1.5747464999999998e-27,0.0,0.0,0.0,1.3208218e-24,6.4e-44,0.0,0.0,1.0820921999999999e-27,0.0,0.0,0.0,0.18814662098884585
113,1701729000,0.0,0.0,0.0,0.0,1.7401296999999994e-24,1.3116606000000002e-24,1.7367672e-24,1.736764e-24,0.0,0.0,0.0,0.0,0.0,0.0,0.0,0.0,0.0,0.0,0.0,0.0,0.0,0.0,0.0,45.72416,0.060559668,0.0,6.5969880000000005,6.166109300000001e-28,0.0,0.0,0.0,1.5747464999999998e-27,0.0,0.0,0.0,1.3208218e-24,6.4e-44,0.0,0.0,1.0820921999999999e-27,0.0,0.0,0.0,0.18814662098884585
113,1701729600,0.0,0.0,0.0,0.0,1.7401296999999994e-24,1.3116606000000002e-24,1.7367672e-24,1.736764e-24,0.0,0.0,0.0,0.0,0.0,0.0,0.0,0.0,0.0,0.0,0.0,0.0,0.0,0.0,0.0,45.72416,0.060559668,0.0,6.5969880000000005,6.166109300000001e-28,0.0,0.0,0.0,1.5747464999999998e-27,0.0,0.0,0.0,1.3208218e-24,6.4e-44,0.0,0.0,1.0820921999999999e-27,0.0,0.0,0.0,0.18814662098884585
113,1701730200,0.0,0.0,0.0,0.0,1.7401296999999994e-24,1.3116606000000002e-24,1.7367672e-24,1.736764e-24,0.0,0.0,0.0,0.0,0.0,0.0,0.0,0.0,0.0,0.0,0.0,0.0,0.0,0.0,0.0,45.72416,0.060559668,0.0,6.5969880000000005,6.166109300000001e-28,0.0,0.0,0.0,1.5747464999999998e-27,0.0,0.0,0.0,1.3208218e-24,6.4e-44,0.0,0.0,1.0820921999999999e-27,0.0,0.0,0.0,0.18814662098884585
113,1701730800,0.0,0.0,0.0,0.0,1.7401296999999994e-24,1.3116606000000002e-24,1.7367672e-24,1.736764e-24,0.0,0.0,0.0,0.0,0.0,0.0,0.0,0.0,0.0,0.0,0.0,0.0,0.0,0.0,0.0,45.72416,0.060559668,0.0,6.5969880000000005,6.166109300000001e-28,0.0,0.0,0.0,1.5747464999999998e-27,0.0,0.0,0.0,1.3208218e-24,6.4e-44,0.0,0.0,1.0820921999999999e-27,0.0,0.0,0.0,0.18814662098884585
113,1701731400,0.0,0.0,0.0,0.0,1.7401296999999994e-24,1.3116606000000002e-24,1.7367672e-24,1.736764e-24,0.0,0.0,0.0,0.0,0.0,0.0,0.0,0.0,0.0,0.0,0.0,0.0,0.0,0.0,0.0,45.72416,0.060559668,0.0,6.5969880000000005,6.166109300000001e-28,0.0,0.0,0.0,1.5747464999999998e-27,0.0,0.0,0.0,1.3208218e-24,6.4e-44,0.0,0.0,1.0820921999999999e-27,0.0,0.0,0.0,0.18814662098884585
113,1701732000,0.0,0.0,0.0,0.0,1.7401296999999994e-24,1.3116606000000002e-24,1.7367672e-24,1.736764e-24,0.0,0.0,0.0,0.0,0.0,0.0,0.0,0.0,0.0,0.0,0.0,0.0,0.0,0.0,0.0,45.72416,0.060559668,0.0,6.5969880000000005,6.166109300000001e-28,0.0,0.0,0.0,1.5747464999999998e-27,0.0,0.0,0.0,1.3208218e-24,6.4e-44,0.0,0.0,1.0820921999999999e-27,0.0,0.0,0.0,0.18814662098884585
113,1701732600,0.0,0.0,0.0,0.0,1.7401296999999994e-24,1.3116606000000002e-24,1.7367672e-24,1.736764e-24,0.0,0.0,0.0,0.0,0.0,0.0,0.0,0.0,0.0,0.0,0.0,0.0,0.0,0.0,0.0,45.72416,0.060559668,0.0,6.5969880000000005,6.166109300000001e-28,0.0,0.0,0.0,1.5747464999999998e-27,0.0,0.0,0.0,1.3208218e-24,6.4e-44,0.0,0.0,1.0820921999999999e-27,0.0,0.0,0.0,0.18814662098884585
113,1701733200,0.0,0.0,0.0,0.0,1.7401296999999994e-24,1.3116606000000002e-24,1.7367672e-24,1.736764e-24,0.0,0.0,0.0,0.0,0.0,0.0,0.0,0.0,0.0,0.0,0.0,0.0,0.0,0.0,0.0,45.72416,0.060559668,0.0,6.5969880000000005,6.166109300000001e-28,0.0,0.0,0.0,1.5747464999999998e-27,0.0,0.0,0.0,1.3208218e-24,6.4e-44,0.0,0.0,1.0820921999999999e-27,0.0,0.0,0.0,0.18814662098884585
113,1701733800,0.0,0.0,0.0,0.0,1.7401296999999994e-24,1.3116606000000002e-24,1.7367672e-24,1.736764e-24,0.0,0.0,0.0,0.0,0.0,0.0,0.0,0.0,0.0,0.0,0.0,0.0,0.0,0.0,0.0,45.72416,0.060559668,0.0,6.5969880000000005,6.166109300000001e-28,0.0,0.0,0.0,1.5747464999999998e-27,0.0,0.0,0.0,1.3208218e-24,6.4e-44,0.0,0.0,1.0820921999999999e-27,0.0,0.0,0.0,0.18814662098884585
113,1701734400,0.0,0.0,0.0,0.0,1.7401296999999994e-24,1.3116606000000002e-24,1.7367672e-24,1.736764e-24,0.0,0.0,0.0,0.0,0.0,0.0,0.0,0.0,0.0,0.0,0.0,0.0,0.0,0.0,0.0,45.72416,0.060559668,0.0,6.5969880000000005,6.166109300000001e-28,0.0,0.0,0.0,1.5747464999999998e-27,0.0,0.0,0.0,1.3208218e-24,6.4e-44,0.0,0.0,1.0820921999999999e-27,0.0,0.0,0.0,0.18814662098884585
113,1701735000,0.0,0.0,0.0,0.0,1.7401296999999994e-24,1.3116606000000002e-24,1.7367672e-24,1.736764e-24,0.0,0.0,0.0,0.0,0.0,0.0,0.0,0.0,0.0,0.0,0.0,0.0,0.0,0.0,0.0,45.72416,0.060559668,0.0,6.5969880000000005,6.166109300000001e-28,0.0,0.0,0.0,1.5747464999999998e-27,0.0,0.0,0.0,1.3208218e-24,6.4e-44,0.0,0.0,1.0820921999999999e-27,0.0,0.0,0.0,0.18814662098884585
113,1701735600,0.0,0.0,0.0,0.0,1.7401296999999994e-24,1.3116606000000002e-24,1.7367672e-24,1.736764e-24,0.0,0.0,0.0,0.0,0.0,0.0,0.0,0.0,0.0,0.0,0.0,0.0,0.0,0.0,0.0,45.72416,0.060559668,0.0,6.5969880000000005,6.166109300000001e-28,0.0,0.0,0.0,1.5747464999999998e-27,0.0,0.0,0.0,1.3208218e-24,6.4e-44,0.0,0.0,1.0820921999999999e-27,0.0,0.0,0.0,0.18814662098884585
113,1701736200,0.0,0.0,0.0,0.0,1.7401296999999994e-24,1.3116606000000002e-24,1.7367672e-24,1.736764e-24,0.0,0.0,0.0,0.0,0.0,0.0,0.0,0.0,0.0,0.0,0.0,0.0,0.0,0.0,0.0,45.72416,0.060559668,0.0,6.5969880000000005,6.166109300000001e-28,0.0,0.0,0.0,1.5747464999999998e-27,0.0,0.0,0.0,1.3208218e-24,6.4e-44,0.0,0.0,1.0820921999999999e-27,0.0,0.0,0.0,0.18814662098884585
113,1701736800,0.0,0.0,0.0,0.0,1.7401296999999994e-24,1.3116606000000002e-24,1.7367672e-24,1.736764e-24,0.0,0.0,0.0,0.0,0.0,0.0,0.0,0.0,0.0,0.0,0.0,0.0,0.0,0.0,0.0,45.72416,0.060559668,0.0,6.5969880000000005,6.166109300000001e-28,0.0,0.0,0.0,1.5747464999999998e-27,0.0,0.0,0.0,1.3208218e-24,6.4e-44,0.0,0.0,1.0820921999999999e-27,0.0,0.0,0.0,0.18814662098884585
113,1701737400,0.0,0.0,0.0,0.0,1.7401296999999994e-24,1.3116606000000002e-24,1.7367672e-24,1.736764e-24,0.0,0.0,0.0,0.0,0.0,0.0,0.0,0.0,0.0,0.0,0.0,0.0,0.0,0.0,0.0,45.72416,0.060559668,0.0,6.5969880000000005,6.166109300000001e-28,0.0,0.0,0.0,1.5747464999999998e-27,0.0,0.0,0.0,1.3208218e-24,6.4e-44,0.0,0.0,1.0820921999999999e-27,0.0,0.0,0.0,0.18814662098884585
113,1701738000,0.0,0.0,0.0,0.0,1.7401296999999994e-24,1.3116606000000002e-24,1.7367672e-24,1.736764e-24,0.0,0.0,0.0,0.0,0.0,0.0,0.0,0.0,0.0,0.0,0.0,0.0,0.0,0.0,0.0,45.72416,0.060559668,0.0,6.5969880000000005,6.166109300000001e-28,0.0,0.0,0.0,1.5747464999999998e-27,0.0,0.0,0.0,1.3208218e-24,6.4e-44,0.0,0.0,1.0820921999999999e-27,0.0,0.0,0.0,0.18814662098884585
113,1701738600,0.0,0.0,0.0,0.0,1.7401296999999998e-24,1.3116606e-24,1.7367672e-24,1.736764e-24,0.0,0.0,0.0,0.0,0.0,0.0,0.0,0.0,0.0,0.0,0.0,0.0,0.0,0.0,0.0,45.72416,0.060559668,0.0,6.5969880000000005,6.1661093e-28,0.0,0.0,0.0,1.5747464999999998e-27,0.0,0.0,0.0,1.3208218e-24,6.4e-44,0.0,0.0,1.0820921999999999e-27,0.0,0.0,0.0,0.18814662098884585
113,1701739200,0.0,0.0,0.0,0.0,1.7401296999999994e-24,1.3116606000000002e-24,1.7367672e-24,1.736764e-24,0.0,0.0,0.0,0.0,0.0,0.0,0.0,0.0,0.0,0.0,0.0,0.0,0.0,0.0,0.0,45.72416,0.060559668,0.0,6.5969880000000005,6.166109300000001e-28,0.0,0.0,0.0,1.5747464999999998e-27,0.0,0.0,0.0,1.3208218e-24,6.4e-44,0.0,0.0,1.0820921999999999e-27,0.0,0.0,0.0,0.18814662098884585
113,1701739800,0.0,0.0,0.0,0.0,1.7401296999999994e-24,1.3116606000000002e-24,1.7367672e-24,1.736764e-24,0.0,0.0,0.0,0.0,0.0,0.0,0.0,0.0,0.0,0.0,0.0,0.0,0.0,0.0,0.0,45.72416,0.060559668,0.0,6.5969880000000005,6.166109300000001e-28,0.0,0.0,0.0,1.5747464999999998e-27,0.0,0.0,0.0,1.3208218e-24,6.4e-44,0.0,0.0,1.0820921999999999e-27,0.0,0.0,0.0,0.18814662098884585
113,1701740400,0.0,0.0,0.0,0.0,1.7401296999999994e-24,1.3116606000000002e-24,1.7367672e-24,1.736764e-24,0.0,0.0,0.0,0.0,0.0,0.0,0.0,0.0,0.0,0.0,0.0,0.0,0.0,0.0,0.0,45.72416,0.060559668,0.0,6.5969880000000005,6.166109300000001e-28,0.0,0.0,0.0,1.5747464999999998e-27,0.0,0.0,0.0,1.3208218e-24,6.4e-44,0.0,0.0,1.0820921999999999e-27,0.0,0.0,0.0,0.18814662098884585
113,1701741000,0.0,0.0,0.0,0.0,1.7401296999999994e-24,1.3116606000000002e-24,1.7367672e-24,1.736764e-24,0.0,0.0,0.0,0.0,0.0,0.0,0.0,0.0,0.0,0.0,0.0,0.0,0.0,0.0,0.0,45.72416,0.060559668,0.0,6.5969880000000005,6.166109300000001e-28,0.0,0.0,0.0,1.5747464999999998e-27,0.0,0.0,0.0,1.3208218e-24,6.4e-44,0.0,0.0,1.0820921999999999e-27,0.0,0.0,0.0,0.18814662098884585
113,1701741600,0.0,0.0,0.0,0.0,1.7401296999999994e-24,1.3116606000000002e-24,1.7367672e-24,1.736764e-24,0.0,0.0,0.0,0.0,0.0,0.0,0.0,0.0,0.0,0.0,0.0,0.0,0.0,0.0,0.0,45.72416,0.060559668,0.0,6.5969880000000005,6.166109300000001e-28,0.0,0.0,0.0,1.5747464999999998e-27,0.0,0.0,0.0,1.3208218e-24,6.4e-44,0.0,0.0,1.0820921999999999e-27,0.0,0.0,0.0,0.18814662098884585
113,1701742200,0.0,0.0,0.0,0.0,1.7401296999999994e-24,1.3116606000000002e-24,1.7367672e-24,1.736764e-24,0.0,0.0,0.0,0.0,0.0,0.0,0.0,0.0,0.0,0.0,0.0,0.0,0.0,0.0,0.0,45.72416,0.060559668,0.0,6.5969880000000005,6.166109300000001e-28,0.0,0.0,0.0,1.5747464999999998e-27,0.0,0.0,0.0,1.3208218e-24,6.4e-44,0.0,0.0,1.0820921999999999e-27,0.0,0.0,0.0,0.18814662098884585
113,1701742800,0.0,0.0,0.0,0.0,1.7401296999999994e-24,1.3116606000000002e-24,1.7367672e-24,1.736764e-24,0.0,0.0,0.0,0.0,0.0,0.0,0.0,0.0,0.0,0.0,0.0,0.0,0.0,0.0,0.0,45.72416,0.060559668,0.0,6.5969880000000005,6.166109300000001e-28,0.0,0.0,0.0,1.5747464999999998e-27,0.0,0.0,0.0,1.3208218e-24,6.4e-44,0.0,0.0,1.0820921999999999e-27,0.0,0.0,0.0,0.18814662098884585
113,1701743400,0.0,0.0,0.0,0.0,1.7401296999999994e-24,1.3116606000000002e-24,1.7367672e-24,1.736764e-24,0.0,0.0,0.0,0.0,0.0,0.0,0.0,0.0,0.0,0.0,0.0,0.0,0.0,0.0,0.0,45.72416,0.060559668,0.0,6.5969880000000005,6.166109300000001e-28,0.0,0.0,0.0,1.5747464999999998e-27,0.0,0.0,0.0,1.3208218e-24,6.4e-44,0.0,0.0,1.0820921999999999e-27,0.0,0.0,0.0,0.18814662098884585
113,1701744000,0.0,0.0,0.0,0.0,1.7401296999999994e-24,1.3116606000000002e-24,1.7367672e-24,1.736764e-24,0.0,0.0,0.0,0.0,0.0,0.0,0.0,0.0,0.0,0.0,0.0,0.0,0.0,0.0,0.0,45.72416,0.060559668,0.0,6.5969880000000005,6.166109300000001e-28,0.0,0.0,0.0,1.5747464999999998e-27,0.0,0.0,0.0,1.3208218e-24,6.4e-44,0.0,0.0,1.0820921999999999e-27,0.0,0.0,0.0,0.18814662098884585
113,1701744600,0.0,0.0,0.0,0.0,1.7401296999999994e-24,1.3116606000000002e-24,1.7367672e-24,1.736764e-24,0.0,0.0,0.0,0.0,0.0,0.0,0.0,0.0,0.0,0.0,0.0,0.0,0.0,0.0,0.0,45.72416,0.060559668,0.0,6.5969880000000005,6.166109300000001e-28,0.0,0.0,0.0,1.5747464999999998e-27,0.0,0.0,0.0,1.3208218e-24,6.4e-44,0.0,0.0,1.0820921999999999e-27,0.0,0.0,0.0,0.18814662098884585
113,1701745200,0.0,0.0,0.0,0.0,1.7401296999999994e-24,1.3116606000000002e-24,1.7367672e-24,1.736764e-24,0.0,0.0,0.0,0.0,0.0,0.0,0.0,0.0,0.0,0.0,0.0,0.0,0.0,0.0,0.0,45.72416,0.060559668,0.0,6.5969880000000005,6.166109300000001e-28,0.0,0.0,0.0,1.5747464999999998e-27,0.0,0.0,0.0,1.3208218e-24,6.4e-44,0.0,0.0,1.0820921999999999e-27,0.0,0.0,0.0,0.18814662098884585
113,1701745800,0.0,0.0,0.0,0.0,1.7401296999999994e-24,1.3116606000000002e-24,1.7367672e-24,1.736764e-24,0.0,0.0,0.0,0.0,0.0,0.0,0.0,0.0,0.0,0.0,0.0,0.0,0.0,0.0,0.0,45.72416,0.060559668,0.0,6.5969880000000005,6.166109300000001e-28,0.0,0.0,0.0,1.5747464999999998e-27,0.0,0.0,0.0,1.3208218e-24,6.4e-44,0.0,0.0,1.0820921999999999e-27,0.0,0.0,0.0,0.18814662098884585
113,1701746400,0.0,0.0,0.0,0.0,1.7401296999999994e-24,1.3116606000000002e-24,1.7367672e-24,1.736764e-24,0.0,0.0,0.0,0.0,0.0,0.0,0.0,0.0,0.0,0.0,0.0,0.0,0.0,0.0,0.0,45.72416,0.060559668,0.0,6.5969880000000005,6.166109300000001e-28,0.0,0.0,0.0,1.5747464999999998e-27,0.0,0.0,0.0,1.3208218e-24,6.4e-44,0.0,0.0,1.0820921999999999e-27,0.0,0.0,0.0,0.18814662098884585
113,1701747000,0.0,0.0,0.0,0.0,1.7401296999999994e-24,1.3116606000000002e-24,1.7367672e-24,1.736764e-24,0.0,0.0,0.0,0.0,0.0,0.0,0.0,0.0,0.0,0.0,0.0,0.0,0.0,0.0,0.0,45.72416,0.060559668,0.0,6.5969880000000005,6.166109300000001e-28,0.0,0.0,0.0,1.5747464999999998e-27,0.0,0.0,0.0,1.3208218e-24,6.4e-44,0.0,0.0,1.0820921999999999e-27,0.0,0.0,0.0,0.18814662098884585
113,1701747600,0.0,0.0,0.0,0.0,1.7401296999999994e-24,1.3116606000000002e-24,1.7367672e-24,1.736764e-24,0.0,0.0,0.0,0.0,0.0,0.0,0.0,0.0,0.0,0.0,0.0,0.0,0.0,0.0,0.0,45.72416,0.060559668,0.0,6.5969880000000005,6.166109300000001e-28,0.0,0.0,0.0,1.5747464999999998e-27,0.0,0.0,0.0,1.3208218e-24,6.4e-44,0.0,0.0,1.0820921999999999e-27,0.0,0.0,0.0,0.18814662098884585
113,1701748200,0.0,0.0,0.0,0.0,1.7401296999999994e-24,1.3116606000000002e-24,1.7367672e-24,1.736764e-24,0.0,0.0,0.0,0.0,0.0,0.0,0.0,0.0,0.0,0.0,0.0,0.0,0.0,0.0,0.0,45.72416,0.060559668,0.0,6.5969880000000005,6.166109300000001e-28,0.0,0.0,0.0,1.5747464999999998e-27,0.0,0.0,0.0,1.3208218e-24,6.4e-44,0.0,0.0,1.0820921999999999e-27,0.0,0.0,0.0,0.18814662098884585
113,1701748800,0.0,0.0,0.0,0.0,1.7401296999999994e-24,1.3116606000000002e-24,1.7367672e-24,1.736764e-24,0.0,0.0,0.0,0.0,0.0,0.0,0.0,0.0,0.0,0.0,0.0,0.0,0.0,0.0,0.0,45.72416,0.060559668,0.0,6.5969880000000005,6.166109300000001e-28,0.0,0.0,0.0,1.5747464999999998e-27,0.0,0.0,0.0,1.3208218e-24,6.4e-44,0.0,0.0,1.0820921999999999e-27,0.0,0.0,0.0,0.18814662098884585
113,1701749400,0.0,0.0,0.0,0.0,1.7401296999999994e-24,1.3116606000000002e-24,1.7367672e-24,1.736764e-24,0.0,0.0,0.0,0.0,0.0,0.0,0.0,0.0,0.0,0.0,0.0,0.0,0.0,0.0,0.0,45.72416,0.060559668,0.0,6.5969880000000005,6.166109300000001e-28,0.0,0.0,0.0,1.5747464999999998e-27,0.0,0.0,0.0,1.3208218e-24,6.4e-44,0.0,0.0,1.0820921999999999e-27,0.0,0.0,0.0,0.18814662098884585
113,1701750000,0.0,0.0,0.0,0.0,1.7401296999999994e-24,1.3116606000000002e-24,1.7367672e-24,1.736764e-24,0.0,0.0,0.0,0.0,0.0,0.0,0.0,0.0,0.0,0.0,0.0,0.0,0.0,0.0,0.0,45.72416,0.060559668,0.0,6.5969880000000005,6.166109300000001e-28,0.0,0.0,0.0,1.5747464999999998e-27,0.0,0.0,0.0,1.3208218e-24,6.4e-44,0.0,0.0,1.0820921999999999e-27,0.0,0.0,0.0,0.18814662098884585
113,1701750600,0.0,0.0,0.0,0.0,1.7401296999999994e-24,1.3116606000000002e-24,1.7367672e-24,1.736764e-24,0.0,0.0,0.0,0.0,0.0,0.0,0.0,0.0,0.0,0.0,0.0,0.0,0.0,0.0,0.0,45.72416,0.060559668,0.0,6.5969880000000005,6.166109300000001e-28,0.0,0.0,0.0,1.5747464999999998e-27,0.0,0.0,0.0,1.3208218e-24,6.4e-44,0.0,0.0,1.0820921999999999e-27,0.0,0.0,0.0,0.18814662098884585
113,1701751200,0.0,0.0,0.0,0.0,1.7401296999999994e-24,1.3116606000000002e-24,1.7367672e-24,1.736764e-24,0.0,0.0,0.0,0.0,0.0,0.0,0.0,0.0,0.0,0.0,0.0,0.0,0.0,0.0,0.0,45.72416,0.060559668,0.0,6.5969880000000005,6.166109300000001e-28,0.0,0.0,0.0,1.5747464999999998e-27,0.0,0.0,0.0,1.3208218e-24,6.4e-44,0.0,0.0,1.0820921999999999e-27,0.0,0.0,0.0,0.18814662098884585
113,1701751800,0.0,0.0,0.0,0.0,1.7401296999999994e-24,1.3116606000000002e-24,1.7367672e-24,1.736764e-24,0.0,0.0,0.0,0.0,0.0,0.0,0.0,0.0,0.0,0.0,0.0,0.0,0.0,0.0,0.0,45.72416,0.060559668,0.0,6.5969880000000005,6.166109300000001e-28,0.0,0.0,0.0,1.5747464999999998e-27,0.0,0.0,0.0,1.3208218e-24,6.4e-44,0.0,0.0,1.0820921999999999e-27,0.0,0.0,0.0,0.18814662098884585
113,1701752400,0.0,0.0,0.0,0.0,1.7401296999999994e-24,1.3116606000000002e-24,1.7367672e-24,1.736764e-24,0.0,0.0,0.0,0.0,0.0,0.0,0.0,0.0,0.0,0.0,0.0,0.0,0.0,0.0,0.0,45.72416,0.060559668,0.0,6.5969880000000005,6.166109300000001e-28,0.0,0.0,0.0,1.5747464999999998e-27,0.0,0.0,0.0,1.3208218e-24,6.4e-44,0.0,0.0,1.0820921999999999e-27,0.0,0.0,0.0,0.18814662098884585
113,1701753000,0.0,0.0,0.0,0.0,1.7401296999999994e-24,1.3116606000000002e-24,1.7367672e-24,1.736764e-24,0.0,0.0,0.0,0.0,0.0,0.0,0.0,0.0,0.0,0.0,0.0,0.0,0.0,0.0,0.0,45.72416,0.060559668,0.0,6.5969880000000005,6.166109300000001e-28,0.0,0.0,0.0,1.5747464999999998e-27,0.0,0.0,0.0,1.3208218e-24,6.4e-44,0.0,0.0,1.0820921999999999e-27,0.0,0.0,0.0,0.18814662098884585
113,1701753600,0.0,0.0,0.0,0.0,1.7401296999999994e-24,1.3116606000000002e-24,1.7367672e-24,1.736764e-24,0.0,0.0,0.0,0.0,0.0,0.0,0.0,0.0,0.0,0.0,0.0,0.0,0.0,0.0,0.0,45.72416,0.060559668,0.0,6.5969880000000005,6.166109300000001e-28,0.0,0.0,0.0,1.5747464999999998e-27,0.0,0.0,0.0,1.3208218e-24,6.4e-44,0.0,0.0,1.0820921999999999e-27,0.0,0.0,0.0,0.18814662098884585
113,1701754200,0.0,0.0,0.0,0.0,1.7401296999999994e-24,1.3116606000000002e-24,1.7367672e-24,1.736764e-24,0.0,0.0,0.0,0.0,0.0,0.0,0.0,0.0,0.0,0.0,0.0,0.0,0.0,0.0,0.0,45.72416,0.060559668,0.0,6.5969880000000005,6.166109300000001e-28,0.0,0.0,0.0,1.5747464999999998e-27,0.0,0.0,0.0,1.3208218e-24,6.4e-44,0.0,0.0,1.0820921999999999e-27,0.0,0.0,0.0,0.18814662098884585
113,1701754800,0.0,0.0,0.0,0.0,1.7401296999999994e-24,1.3116606000000002e-24,1.7367672e-24,1.736764e-24,0.0,0.0,0.0,0.0,0.0,0.0,0.0,0.0,0.0,0.0,0.0,0.0,0.0,0.0,0.0,45.72416,0.060559668,0.0,6.5969880000000005,6.166109300000001e-28,0.0,0.0,0.0,1.5747464999999998e-27,0.0,0.0,0.0,1.3208218e-24,6.4e-44,0.0,0.0,1.0820921999999999e-27,0.0,0.0,0.0,0.18814662098884585
113,1701755400,0.0,0.0,0.0,0.0,1.7401296999999994e-24,1.3116606000000002e-24,1.7367672e-24,1.736764e-24,0.0,0.0,0.0,0.0,0.0,0.0,0.0,0.0,0.0,0.0,0.0,0.0,0.0,0.0,0.0,45.72416,0.060559668,0.0,6.5969880000000005,6.166109300000001e-28,0.0,0.0,0.0,1.5747464999999998e-27,0.0,0.0,0.0,1.3208218e-24,6.4e-44,0.0,0.0,1.0820921999999999e-27,0.0,0.0,0.0,0.18814662098884585
113,1701756000,0.0,0.0,0.0,0.0,1.7401296999999994e-24,1.3116606000000002e-24,1.7367672e-24,1.736764e-24,0.0,0.0,0.0,0.0,0.0,0.0,0.0,0.0,0.0,0.0,0.0,0.0,0.0,0.0,0.0,45.72416,0.060559668,0.0,6.5969880000000005,6.166109300000001e-28,0.0,0.0,0.0,1.5747464999999998e-27,0.0,0.0,0.0,1.3208218e-24,6.4e-44,0.0,0.0,1.0820921999999999e-27,0.0,0.0,0.0,0.18814662098884585
113,1701756600,0.0,0.0,0.0,0.0,1.7401296999999994e-24,1.3116606000000002e-24,1.7367672e-24,1.736764e-24,0.0,0.0,0.0,0.0,0.0,0.0,0.0,0.0,0.0,0.0,0.0,0.0,0.0,0.0,0.0,45.72416,0.060559668,0.0,6.5969880000000005,6.166109300000001e-28,0.0,0.0,0.0,1.5747464999999998e-27,0.0,0.0,0.0,1.3208218e-24,6.4e-44,0.0,0.0,1.0820921999999999e-27,0.0,0.0,0.0,0.18814662098884585
113,1701757200,0.0,0.0,0.0,0.0,1.7401296999999994e-24,1.3116606000000002e-24,1.7367672e-24,1.736764e-24,0.0,0.0,0.0,0.0,0.0,0.0,0.0,0.0,0.0,0.0,0.0,0.0,0.0,0.0,0.0,45.72416,0.060559668,0.0,6.5969880000000005,6.166109300000001e-28,0.0,0.0,0.0,1.5747464999999998e-27,0.0,0.0,0.0,1.3208218e-24,6.4e-44,0.0,0.0,1.0820921999999999e-27,0.0,0.0,0.0,0.18814662098884585
113,1701757800,0.0,0.0,0.0,0.0,1.7401296999999994e-24,1.3116606000000002e-24,1.7367672e-24,1.736764e-24,0.0,0.0,0.0,0.0,0.0,0.0,0.0,0.0,0.0,0.0,0.0,0.0,0.0,0.0,0.0,45.72416,0.060559668,0.0,6.5969880000000005,6.166109300000001e-28,0.0,0.0,0.0,1.5747464999999998e-27,0.0,0.0,0.0,1.3208218e-24,6.4e-44,0.0,0.0,1.0820921999999999e-27,0.0,0.0,0.0,0.18814662098884585
113,1701758400,0.0,0.0,0.0,0.0,1.7401296999999994e-24,1.3116606000000002e-24,1.7367672e-24,1.736764e-24,0.0,0.0,0.0,0.0,0.0,0.0,0.0,0.0,0.0,0.0,0.0,0.0,0.0,0.0,0.0,45.72416,0.060559668,0.0,6.5969880000000005,6.166109300000001e-28,0.0,0.0,0.0,1.5747464999999998e-27,0.0,0.0,0.0,1.3208218e-24,6.4e-44,0.0,0.0,1.0820921999999999e-27,0.0,0.0,0.0,0.18814662098884585
113,1701759000,0.0,0.0,0.0,0.0,1.7401296999999994e-24,1.3116606000000002e-24,1.7367672e-24,1.736764e-24,0.0,0.0,0.0,0.0,0.0,0.0,0.0,0.0,0.0,0.0,0.0,0.0,0.0,0.0,0.0,45.72416,0.060559668,0.0,6.5969880000000005,6.166109300000001e-28,0.0,0.0,0.0,1.5747464999999998e-27,0.0,0.0,0.0,1.3208218e-24,6.4e-44,0.0,0.0,1.0820921999999999e-27,0.0,0.0,0.0,0.18814662098884585
113,1701759600,0.0,0.0,0.0,0.0,1.7401296999999994e-24,1.3116606000000002e-24,1.7367672e-24,1.736764e-24,0.0,0.0,0.0,0.0,0.0,0.0,0.0,0.0,0.0,0.0,0.0,0.0,0.0,0.0,0.0,45.72416,0.060559668,0.0,6.5969880000000005,6.166109300000001e-28,0.0,0.0,0.0,1.5747464999999998e-27,0.0,0.0,0.0,1.3208218e-24,6.4e-44,0.0,0.0,1.0820921999999999e-27,0.0,0.0,0.0,0.18814662098884585
113,1701760200,0.0,0.0,0.0,0.0,1.7401296999999994e-24,1.3116606000000002e-24,1.7367672e-24,1.736764e-24,0.0,0.0,0.0,0.0,0.0,0.0,0.0,0.0,0.0,0.0,0.0,0.0,0.0,0.0,0.0,45.72416,0.060559668,0.0,6.5969880000000005,6.166109300000001e-28,0.0,0.0,0.0,1.5747464999999998e-27,0.0,0.0,0.0,1.3208218e-24,6.4e-44,0.0,0.0,1.0820921999999999e-27,0.0,0.0,0.0,0.18814662098884585
113,1701760800,0.0,0.0,0.0,0.0,1.7401296999999994e-24,1.3116606000000002e-24,1.7367672e-24,1.736764e-24,0.0,0.0,0.0,0.0,0.0,0.0,0.0,0.0,0.0,0.0,0.0,0.0,0.0,0.0,0.0,45.72416,0.060559668,0.0,6.5969880000000005,6.166109300000001e-28,0.0,0.0,0.0,1.5747464999999998e-27,0.0,0.0,0.0,1.3208218e-24,6.4e-44,0.0,0.0,1.0820921999999999e-27,0.0,0.0,0.0,0.18814662098884585
113,1701761400,0.0,0.0,0.0,0.0,1.7401296999999994e-24,1.3116606000000002e-24,1.7367672e-24,1.736764e-24,0.0,0.0,0.0,0.0,0.0,0.0,0.0,0.0,0.0,0.0,0.0,0.0,0.0,0.0,0.0,45.72416,0.060559668,0.0,6.5969880000000005,6.166109300000001e-28,0.0,0.0,0.0,1.5747464999999998e-27,0.0,0.0,0.0,1.3208218e-24,6.4e-44,0.0,0.0,1.0820921999999999e-27,0.0,0.0,0.0,0.18814662098884585
113,1701762000,0.0,0.0,0.0,0.0,1.7401296999999994e-24,1.3116606000000002e-24,1.7367672e-24,1.736764e-24,0.0,0.0,0.0,0.0,0.0,0.0,0.0,0.0,0.0,0.0,0.0,0.0,0.0,0.0,0.0,45.72416,0.060559668,0.0,6.5969880000000005,6.166109300000001e-28,0.0,0.0,0.0,1.5747464999999998e-27,0.0,0.0,0.0,1.3208218e-24,6.4e-44,0.0,0.0,1.0820921999999999e-27,0.0,0.0,0.0,0.18814662098884585
113,1701762600,0.0,0.0,0.0,0.0,1.7401296999999994e-24,1.3116606000000002e-24,1.7367672e-24,1.736764e-24,0.0,0.0,0.0,0.0,0.0,0.0,0.0,0.0,0.0,0.0,0.0,0.0,0.0,0.0,0.0,45.72416,0.060559668,0.0,6.5969880000000005,6.166109300000001e-28,0.0,0.0,0.0,1.5747464999999998e-27,0.0,0.0,0.0,1.3208218e-24,6.4e-44,0.0,0.0,1.0820921999999999e-27,0.0,0.0,0.0,0.18814662098884585
113,1701763200,0.0,0.0,0.0,0.0,1.7401296999999994e-24,1.3116606000000002e-24,1.7367672e-24,1.736764e-24,0.0,0.0,0.0,0.0,0.0,0.0,0.0,0.0,0.0,0.0,0.0,0.0,0.0,0.0,0.0,45.72416,0.060559668,0.0,6.5969880000000005,6.166109300000001e-28,0.0,0.0,0.0,1.5747464999999998e-27,0.0,0.0,0.0,1.3208218e-24,6.4e-44,0.0,0.0,1.0820921999999999e-27,0.0,0.0,0.0,0.18814662098884585
113,1701763800,0.0,0.0,0.0,0.0,1.7401296999999994e-24,1.3116606000000002e-24,1.7367672e-24,1.736764e-24,0.0,0.0,0.0,0.0,0.0,0.0,0.0,0.0,0.0,0.0,0.0,0.0,0.0,0.0,0.0,45.72416,0.060559668,0.0,6.5969880000000005,6.166109300000001e-28,0.0,0.0,0.0,1.5747464999999998e-27,0.0,0.0,0.0,1.3208218e-24,6.4e-44,0.0,0.0,1.0820921999999999e-27,0.0,0.0,0.0,0.18814662098884585
113,1701764400,0.0,0.0,0.0,0.0,1.7401296999999994e-24,1.3116606000000002e-24,1.7367672e-24,1.736764e-24,0.0,0.0,0.0,0.0,0.0,0.0,0.0,0.0,0.0,0.0,0.0,0.0,0.0,0.0,0.0,45.72416,0.060559668,0.0,6.5969880000000005,6.166109300000001e-28,0.0,0.0,0.0,1.5747464999999998e-27,0.0,0.0,0.0,1.3208218e-24,6.4e-44,0.0,0.0,1.0820921999999999e-27,0.0,0.0,0.0,0.18814662098884585
113,1701765000,0.0,0.0,0.0,0.0,1.7401296999999994e-24,1.3116606000000002e-24,1.7367672e-24,1.736764e-24,0.0,0.0,0.0,0.0,0.0,0.0,0.0,0.0,0.0,0.0,0.0,0.0,0.0,0.0,0.0,45.72416,0.060559668,0.0,6.5969880000000005,6.166109300000001e-28,0.0,0.0,0.0,1.5747464999999998e-27,0.0,0.0,0.0,1.3208218e-24,6.4e-44,0.0,0.0,1.0820921999999999e-27,0.0,0.0,0.0,0.18814662098884585
113,1701765600,0.0,0.0,0.0,0.0,1.7401296999999994e-24,1.3116606000000002e-24,1.7367672e-24,1.736764e-24,0.0,0.0,0.0,0.0,0.0,0.0,0.0,0.0,0.0,0.0,0.0,0.0,0.0,0.0,0.0,45.72416,0.060559668,0.0,6.5969880000000005,6.166109300000001e-28,0.0,0.0,0.0,1.5747464999999998e-27,0.0,0.0,0.0,1.3208218e-24,6.4e-44,0.0,0.0,1.0820921999999999e-27,0.0,0.0,0.0,0.18814662098884585
113,1701766200,0.0,0.0,0.0,0.0,1.7401296999999994e-24,1.3116606000000002e-24,1.7367672e-24,1.736764e-24,0.0,0.0,0.0,0.0,0.0,0.0,0.0,0.0,0.0,0.0,0.0,0.0,0.0,0.0,0.0,45.72416,0.060559668,0.0,6.5969880000000005,6.166109300000001e-28,0.0,0.0,0.0,1.5747464999999998e-27,0.0,0.0,0.0,1.3208218e-24,6.4e-44,0.0,0.0,1.0820921999999999e-27,0.0,0.0,0.0,0.18814662098884585
113,1701766800,0.0,0.0,0.0,0.0,1.7401296999999994e-24,1.3116606000000002e-24,1.7367672e-24,1.736764e-24,0.0,0.0,0.0,0.0,0.0,0.0,0.0,0.0,0.0,0.0,0.0,0.0,0.0,0.0,0.0,45.72416,0.060559668,0.0,6.5969880000000005,6.166109300000001e-28,0.0,0.0,0.0,1.5747464999999998e-27,0.0,0.0,0.0,1.3208218e-24,6.4e-44,0.0,0.0,1.0820921999999999e-27,0.0,0.0,0.0,0.18814662098884585
113,1701767400,0.0,0.0,0.0,0.0,1.7401296999999994e-24,1.3116606000000002e-24,1.7367672e-24,1.736764e-24,0.0,0.0,0.0,0.0,0.0,0.0,0.0,0.0,0.0,0.0,0.0,0.0,0.0,0.0,0.0,45.72416,0.060559668,0.0,6.5969880000000005,6.166109300000001e-28,0.0,0.0,0.0,1.5747464999999998e-27,0.0,0.0,0.0,1.3208218e-24,6.4e-44,0.0,0.0,1.0820921999999999e-27,0.0,0.0,0.0,0.18814662098884585
113,1701768000,0.0,0.0,0.0,0.0,1.7401296999999994e-24,1.3116606000000002e-24,1.7367672e-24,1.736764e-24,0.0,0.0,0.0,0.0,0.0,0.0,0.0,0.0,0.0,0.0,0.0,0.0,0.0,0.0,0.0,45.72416,0.060559668,0.0,6.5969880000000005,6.166109300000001e-28,0.0,0.0,0.0,1.5747464999999998e-27,0.0,0.0,0.0,1.3208218e-24,6.4e-44,0.0,0.0,1.0820921999999999e-27,0.0,0.0,0.0,0.18814662098884585
113,1701768600,0.0,0.0,0.0,0.0,1.7401296999999994e-24,1.3116606000000002e-24,1.7367672e-24,1.736764e-24,0.0,0.0,0.0,0.0,0.0,0.0,0.0,0.0,0.0,0.0,0.0,0.0,0.0,0.0,0.0,45.72416,0.060559668,0.0,6.5969880000000005,6.166109300000001e-28,0.0,0.0,0.0,1.5747464999999998e-27,0.0,0.0,0.0,1.3208218e-24,6.4e-44,0.0,0.0,1.0820921999999999e-27,0.0,0.0,0.0,0.18814662098884585
113,1701769200,0.0,0.0,0.0,0.0,1.7401296999999994e-24,1.3116606000000002e-24,1.7367672e-24,1.736764e-24,0.0,0.0,0.0,0.0,0.0,0.0,0.0,0.0,0.0,0.0,0.0,0.0,0.0,0.0,0.0,45.72416,0.060559668,0.0,6.5969880000000005,6.166109300000001e-28,0.0,0.0,0.0,1.5747464999999998e-27,0.0,0.0,0.0,1.3208218e-24,6.4e-44,0.0,0.0,1.0820921999999999e-27,0.0,0.0,0.0,0.18814662098884585
113,1701769800,0.0,0.0,0.0,0.0,1.7401296999999994e-24,1.3116606000000002e-24,1.7367672e-24,1.736764e-24,0.0,0.0,0.0,0.0,0.0,0.0,0.0,0.0,0.0,0.0,0.0,0.0,0.0,0.0,0.0,45.72416,0.060559668,0.0,6.5969880000000005,6.166109300000001e-28,0.0,0.0,0.0,1.5747464999999998e-27,0.0,0.0,0.0,1.3208218e-24,6.4e-44,0.0,0.0,1.0820921999999999e-27,0.0,0.0,0.0,0.18814662098884585
113,1701770400,0.0,0.0,0.0,0.0,1.7401296999999994e-24,1.3116606000000002e-24,1.7367672e-24,1.736764e-24,0.0,0.0,0.0,0.0,0.0,0.0,0.0,0.0,0.0,0.0,0.0,0.0,0.0,0.0,0.0,45.72416,0.060559668,0.0,6.5969880000000005,6.166109300000001e-28,0.0,0.0,0.0,1.5747464999999998e-27,0.0,0.0,0.0,1.3208218e-24,6.4e-44,0.0,0.0,1.0820921999999999e-27,0.0,0.0,0.0,0.18814662098884585
113,1701771000,0.0,0.0,0.0,0.0,1.7401296999999994e-24,1.3116606000000002e-24,1.7367672e-24,1.736764e-24,0.0,0.0,0.0,0.0,0.0,0.0,0.0,0.0,0.0,0.0,0.0,0.0,0.0,0.0,0.0,45.72416,0.060559668,0.0,6.5969880000000005,6.166109300000001e-28,0.0,0.0,0.0,1.5747464999999998e-27,0.0,0.0,0.0,1.3208218e-24,6.4e-44,0.0,0.0,1.0820921999999999e-27,0.0,0.0,0.0,0.18814662098884585
113,1701771600,0.0,0.0,0.0,0.0,1.7401296999999994e-24,1.3116606000000002e-24,1.7367672e-24,1.736764e-24,0.0,0.0,0.0,0.0,0.0,0.0,0.0,0.0,0.0,0.0,0.0,0.0,0.0,0.0,0.0,45.72416,0.060559668,0.0,6.5969880000000005,6.166109300000001e-28,0.0,0.0,0.0,1.5747464999999998e-27,0.0,0.0,0.0,1.3208218e-24,6.4e-44,0.0,0.0,1.0820921999999999e-27,0.0,0.0,0.0,0.18814662098884585
113,1701772200,0.0,0.0,0.0,0.0,1.7401296999999994e-24,1.3116606000000002e-24,1.7367672e-24,1.736764e-24,0.0,0.0,0.0,0.0,0.0,0.0,0.0,0.0,0.0,0.0,0.0,0.0,0.0,0.0,0.0,45.72416,0.060559668,0.0,6.5969880000000005,6.166109300000001e-28,0.0,0.0,0.0,1.5747464999999998e-27,0.0,0.0,0.0,1.3208218e-24,6.4e-44,0.0,0.0,1.0820921999999999e-27,0.0,0.0,0.0,0.18814662098884585
113,1701772800,0.0,0.0,0.0,0.0,1.7401296999999994e-24,1.3116606000000002e-24,1.7367672e-24,1.736764e-24,0.0,0.0,0.0,0.0,0.0,0.0,0.0,0.0,0.0,0.0,0.0,0.0,0.0,0.0,0.0,45.72416,0.060559668,0.0,6.5969880000000005,6.166109300000001e-28,0.0,0.0,0.0,1.5747464999999998e-27,0.0,0.0,0.0,1.3208218e-24,6.4e-44,0.0,0.0,1.0820921999999999e-27,0.0,0.0,0.0,0.18814662098884585
113,1701773400,0.0,0.0,0.0,0.0,1.7401296999999994e-24,1.3116606000000002e-24,1.7367672e-24,1.736764e-24,0.0,0.0,0.0,0.0,0.0,0.0,0.0,0.0,0.0,0.0,0.0,0.0,0.0,0.0,0.0,45.72416,0.060559668,0.0,6.5969880000000005,6.166109300000001e-28,0.0,0.0,0.0,1.5747464999999998e-27,0.0,0.0,0.0,1.3208218e-24,6.4e-44,0.0,0.0,1.0820921999999999e-27,0.0,0.0,0.0,0.18814662098884585
113,1701774000,0.0,0.0,0.0,0.0,1.7401296999999994e-24,1.3116606000000002e-24,1.7367672e-24,1.736764e-24,0.0,0.0,0.0,0.0,0.0,0.0,0.0,0.0,0.0,0.0,0.0,0.0,0.0,0.0,0.0,45.72416,0.060559668,0.0,6.5969880000000005,6.166109300000001e-28,0.0,0.0,0.0,1.5747464999999998e-27,0.0,0.0,0.0,1.3208218e-24,6.4e-44,0.0,0.0,1.0820921999999999e-27,0.0,0.0,0.0,0.18814662098884585
113,1701774600,0.0,0.0,0.0,0.0,1.7401296999999994e-24,1.3116606000000002e-24,1.7367672e-24,1.736764e-24,0.0,0.0,0.0,0.0,0.0,0.0,0.0,0.0,0.0,0.0,0.0,0.0,0.0,0.0,0.0,45.72416,0.060559668,0.0,6.5969880000000005,6.166109300000001e-28,0.0,0.0,0.0,1.5747464999999998e-27,0.0,0.0,0.0,1.3208218e-24,6.4e-44,0.0,0.0,1.0820921999999999e-27,0.0,0.0,0.0,0.18814662098884585
113,1701775200,0.0,0.0,0.0,0.0,1.7401296999999994e-24,1.3116606000000002e-24,1.7367672e-24,1.736764e-24,0.0,0.0,0.0,0.0,0.0,0.0,0.0,0.0,0.0,0.0,0.0,0.0,0.0,0.0,0.0,45.72416,0.060559668,0.0,6.5969880000000005,6.166109300000001e-28,0.0,0.0,0.0,1.5747464999999998e-27,0.0,0.0,0.0,1.3208218e-24,6.4e-44,0.0,0.0,1.0820921999999999e-27,0.0,0.0,0.0,0.18814662098884585
113,1701775800,0.0,0.0,0.0,0.0,1.7401296999999994e-24,1.3116606000000002e-24,1.7367672e-24,1.736764e-24,0.0,0.0,0.0,0.0,0.0,0.0,0.0,0.0,0.0,0.0,0.0,0.0,0.0,0.0,0.0,45.72416,0.060559668,0.0,6.5969880000000005,6.166109300000001e-28,0.0,0.0,0.0,1.5747464999999998e-27,0.0,0.0,0.0,1.3208218e-24,6.4e-44,0.0,0.0,1.0820921999999999e-27,0.0,0.0,0.0,0.18814662098884585
113,1701776400,0.0,0.0,0.0,0.0,1.7401296999999994e-24,1.3116606000000002e-24,1.7367672e-24,1.736764e-24,0.0,0.0,0.0,0.0,0.0,0.0,0.0,0.0,0.0,0.0,0.0,0.0,0.0,0.0,0.0,45.72416,0.060559668,0.0,6.5969880000000005,6.166109300000001e-28,0.0,0.0,0.0,1.5747464999999998e-27,0.0,0.0,0.0,1.3208218e-24,6.4e-44,0.0,0.0,1.0820921999999999e-27,0.0,0.0,0.0,0.18814662098884585
113,1701777000,0.0,0.0,0.0,0.0,1.7401296999999994e-24,1.3116606000000002e-24,1.7367672e-24,1.736764e-24,0.0,0.0,0.0,0.0,0.0,0.0,0.0,0.0,0.0,0.0,0.0,0.0,0.0,0.0,0.0,45.72416,0.060559668,0.0,6.5969880000000005,6.166109300000001e-28,0.0,0.0,0.0,1.5747464999999998e-27,0.0,0.0,0.0,1.3208218e-24,6.4e-44,0.0,0.0,1.0820921999999999e-27,0.0,0.0,0.0,0.18814662098884585
113,1701777600,0.0,0.0,0.0,0.0,1.7401296999999994e-24,1.3116606000000002e-24,1.7367672e-24,1.736764e-24,0.0,0.0,0.0,0.0,0.0,0.0,0.0,0.0,0.0,0.0,0.0,0.0,0.0,0.0,0.0,45.72416,0.060559668,0.0,6.5969880000000005,6.166109300000001e-28,0.0,0.0,0.0,1.5747464999999998e-27,0.0,0.0,0.0,1.3208218e-24,6.4e-44,0.0,0.0,1.0820921999999999e-27,0.0,0.0,0.0,0.18814662098884585
113,1701778200,0.0,0.0,0.0,0.0,1.7401296999999994e-24,1.3116606000000002e-24,1.7367672e-24,1.736764e-24,0.0,0.0,0.0,0.0,0.0,0.0,0.0,0.0,0.0,0.0,0.0,0.0,0.0,0.0,0.0,45.72416,0.060559668,0.0,6.5969880000000005,6.166109300000001e-28,0.0,0.0,0.0,1.5747464999999998e-27,0.0,0.0,0.0,1.3208218e-24,6.4e-44,0.0,0.0,1.0820921999999999e-27,0.0,0.0,0.0,0.18814662098884585
113,1701778800,0.0,0.0,0.0,0.0,1.7401296999999994e-24,1.3116606000000002e-24,1.7367672e-24,1.736764e-24,0.0,0.0,0.0,0.0,0.0,0.0,0.0,0.0,0.0,0.0,0.0,0.0,0.0,0.0,0.0,45.72416,0.060559668,0.0,6.5969880000000005,6.166109300000001e-28,0.0,0.0,0.0,1.5747464999999998e-27,0.0,0.0,0.0,1.3208218e-24,6.4e-44,0.0,0.0,1.0820921999999999e-27,0.0,0.0,0.0,0.18814662098884585
113,1701779400,0.0,0.0,0.0,0.0,1.7401296999999994e-24,1.3116606000000002e-24,1.7367672e-24,1.736764e-24,0.0,0.0,0.0,0.0,0.0,0.0,0.0,0.0,0.0,0.0,0.0,0.0,0.0,0.0,0.0,45.72416,0.060559668,0.0,6.5969880000000005,6.166109300000001e-28,0.0,0.0,0.0,1.5747464999999998e-27,0.0,0.0,0.0,1.3208218e-24,6.4e-44,0.0,0.0,1.0820921999999999e-27,0.0,0.0,0.0,0.18814662098884585
113,1701780000,0.0,0.0,0.0,0.0,1.7401296999999994e-24,1.3116606000000002e-24,1.7367672e-24,1.736764e-24,0.0,0.0,0.0,0.0,0.0,0.0,0.0,0.0,0.0,0.0,0.0,0.0,0.0,0.0,0.0,45.72416,0.060559668,0.0,6.5969880000000005,6.166109300000001e-28,0.0,0.0,0.0,1.5747464999999998e-27,0.0,0.0,0.0,1.3208218e-24,6.4e-44,0.0,0.0,1.0820921999999999e-27,0.0,0.0,0.0,0.18814662098884585
113,1701780600,0.0,0.0,0.0,0.0,1.7401296999999994e-24,1.3116606000000002e-24,1.7367672e-24,1.736764e-24,0.0,0.0,0.0,0.0,0.0,0.0,0.0,0.0,0.0,0.0,0.0,0.0,0.0,0.0,0.0,45.72416,0.060559668,0.0,6.5969880000000005,6.166109300000001e-28,0.0,0.0,0.0,1.5747464999999998e-27,0.0,0.0,0.0,1.3208218e-24,6.4e-44,0.0,0.0,1.0820921999999999e-27,0.0,0.0,0.0,0.18814662098884585
113,1701781200,0.0,0.0,0.0,0.0,1.7401296999999994e-24,1.3116606000000002e-24,1.7367672e-24,1.736764e-24,0.0,0.0,0.0,0.0,0.0,0.0,0.0,0.0,0.0,0.0,0.0,0.0,0.0,0.0,0.0,45.72416,0.060559668,0.0,6.5969880000000005,6.166109300000001e-28,0.0,0.0,0.0,1.5747464999999998e-27,0.0,0.0,0.0,1.3208218e-24,6.4e-44,0.0,0.0,1.0820921999999999e-27,0.0,0.0,0.0,0.18814662098884585
113,1701781800,0.0,0.0,0.0,0.0,1.7401296999999994e-24,1.3116606000000002e-24,1.7367672e-24,1.736764e-24,0.0,0.0,0.0,0.0,0.0,0.0,0.0,0.0,0.0,0.0,0.0,0.0,0.0,0.0,0.0,45.72416,0.060559668,0.0,6.5969880000000005,6.166109300000001e-28,0.0,0.0,0.0,1.5747464999999998e-27,0.0,0.0,0.0,1.3208218e-24,6.4e-44,0.0,0.0,1.0820921999999999e-27,0.0,0.0,0.0,0.18814662098884585
113,1701782400,0.0,0.0,0.0,0.0,1.7401296999999994e-24,1.3116606000000002e-24,1.7367672e-24,1.736764e-24,0.0,0.0,0.0,0.0,0.0,0.0,0.0,0.0,0.0,0.0,0.0,0.0,0.0,0.0,0.0,45.72416,0.060559668,0.0,6.5969880000000005,6.166109300000001e-28,0.0,0.0,0.0,1.5747464999999998e-27,0.0,0.0,0.0,1.3208218e-24,6.4e-44,0.0,0.0,1.0820921999999999e-27,0.0,0.0,0.0,0.18814662098884585
113,1701783000,0.0,0.0,0.0,0.0,1.7401296999999994e-24,1.3116606000000002e-24,1.7367672e-24,1.736764e-24,0.0,0.0,0.0,0.0,0.0,0.0,0.0,0.0,0.0,0.0,0.0,0.0,0.0,0.0,0.0,45.72416,0.060559668,0.0,6.5969880000000005,6.166109300000001e-28,0.0,0.0,0.0,1.5747464999999998e-27,0.0,0.0,0.0,1.3208218e-24,6.4e-44,0.0,0.0,1.0820921999999999e-27,0.0,0.0,0.0,0.18814662098884585
113,1701783600,0.0,0.0,0.0,0.0,1.7401296999999994e-24,1.3116606000000002e-24,1.7367672e-24,1.736764e-24,0.0,0.0,0.0,0.0,0.0,0.0,0.0,0.0,0.0,0.0,0.0,0.0,0.0,0.0,0.0,45.72416,0.060559668,0.0,6.5969880000000005,6.166109300000001e-28,0.0,0.0,0.0,1.5747464999999998e-27,0.0,0.0,0.0,1.3208218e-24,6.4e-44,0.0,0.0,1.0820921999999999e-27,0.0,0.0,0.0,0.18814662098884585
113,1701784200,0.0,0.0,0.0,0.0,1.7401296999999994e-24,1.3116606000000002e-24,1.7367672e-24,1.736764e-24,0.0,0.0,0.0,0.0,0.0,0.0,0.0,0.0,0.0,0.0,0.0,0.0,0.0,0.0,0.0,45.72416,0.060559668,0.0,6.5969880000000005,6.166109300000001e-28,0.0,0.0,0.0,1.5747464999999998e-27,0.0,0.0,0.0,1.3208218e-24,6.4e-44,0.0,0.0,1.0820921999999999e-27,0.0,0.0,0.0,0.18814662098884585
113,1701784800,0.0,0.0,0.0,0.0,1.7401296999999994e-24,1.3116606000000002e-24,1.7367672e-24,1.736764e-24,0.0,0.0,0.0,0.0,0.0,0.0,0.0,0.0,0.0,0.0,0.0,0.0,0.0,0.0,0.0,45.72416,0.060559668,0.0,6.5969880000000005,6.166109300000001e-28,0.0,0.0,0.0,1.5747464999999998e-27,0.0,0.0,0.0,1.3208218e-24,6.4e-44,0.0,0.0,1.0820921999999999e-27,0.0,0.0,0.0,0.18814662098884585
113,1701785400,0.0,0.0,0.0,0.0,1.7401296999999994e-24,1.3116606000000002e-24,1.7367672e-24,1.736764e-24,0.0,0.0,0.0,0.0,0.0,0.0,0.0,0.0,0.0,0.0,0.0,0.0,0.0,0.0,0.0,45.72416,0.060559668,0.0,6.5969880000000005,6.166109300000001e-28,0.0,0.0,0.0,1.5747464999999998e-27,0.0,0.0,0.0,1.3208218e-24,6.4e-44,0.0,0.0,1.0820921999999999e-27,0.0,0.0,0.0,0.18814662098884585
113,1701786000,0.0,0.0,0.0,0.0,1.7401296999999994e-24,1.3116606000000002e-24,1.7367672e-24,1.736764e-24,0.0,0.0,0.0,0.0,0.0,0.0,0.0,0.0,0.0,0.0,0.0,0.0,0.0,0.0,0.0,45.72416,0.060559668,0.0,6.5969880000000005,6.166109300000001e-28,0.0,0.0,0.0,1.5747464999999998e-27,0.0,0.0,0.0,1.3208218e-24,6.4e-44,0.0,0.0,1.0820921999999999e-27,0.0,0.0,0.0,0.18814662098884585
113,1701786600,0.0,0.0,0.0,0.0,1.7401296999999994e-24,1.3116606000000002e-24,1.7367672e-24,1.736764e-24,0.0,0.0,0.0,0.0,0.0,0.0,0.0,0.0,0.0,0.0,0.0,0.0,0.0,0.0,0.0,45.72416,0.060559668,0.0,6.5969880000000005,6.166109300000001e-28,0.0,0.0,0.0,1.5747464999999998e-27,0.0,0.0,0.0,1.3208218e-24,6.4e-44,0.0,0.0,1.0820921999999999e-27,0.0,0.0,0.0,0.18814662098884585
113,1701787200,0.0,0.0,0.0,0.0,1.7401296999999994e-24,1.3116606000000002e-24,1.7367672e-24,1.736764e-24,0.0,0.0,0.0,0.0,0.0,0.0,0.0,0.0,0.0,0.0,0.0,0.0,0.0,0.0,0.0,45.72416,0.060559668,0.0,6.5969880000000005,6.166109300000001e-28,0.0,0.0,0.0,1.5747464999999998e-27,0.0,0.0,0.0,1.3208218e-24,6.4e-44,0.0,0.0,1.0820921999999999e-27,0.0,0.0,0.0,0.18814662098884585
113,1701787800,0.0,0.0,0.0,0.0,1.7401296999999994e-24,1.3116606000000002e-24,1.7367672e-24,1.736764e-24,0.0,0.0,0.0,0.0,0.0,0.0,0.0,0.0,0.0,0.0,0.0,0.0,0.0,0.0,0.0,45.72416,0.060559668,0.0,6.5969880000000005,6.166109300000001e-28,0.0,0.0,0.0,1.5747464999999998e-27,0.0,0.0,0.0,1.3208218e-24,6.4e-44,0.0,0.0,1.0820921999999999e-27,0.0,0.0,0.0,0.18814662098884585
113,1701788400,0.0,0.0,0.0,0.0,1.7401296999999994e-24,1.3116606000000002e-24,1.7367672e-24,1.736764e-24,0.0,0.0,0.0,0.0,0.0,0.0,0.0,0.0,0.0,0.0,0.0,0.0,0.0,0.0,0.0,45.72416,0.060559668,0.0,6.5969880000000005,6.166109300000001e-28,0.0,0.0,0.0,1.5747464999999998e-27,0.0,0.0,0.0,1.3208218e-24,6.4e-44,0.0,0.0,1.0820921999999999e-27,0.0,0.0,0.0,0.18814662098884585
113,1701789000,0.0,0.0,0.0,0.0,1.7401296999999994e-24,1.3116606000000002e-24,1.7367672e-24,1.736764e-24,0.0,0.0,0.0,0.0,0.0,0.0,0.0,0.0,0.0,0.0,0.0,0.0,0.0,0.0,0.0,45.72416,0.060559668,0.0,6.5969880000000005,6.166109300000001e-28,0.0,0.0,0.0,1.5747464999999998e-27,0.0,0.0,0.0,1.3208218e-24,6.4e-44,0.0,0.0,1.0820921999999999e-27,0.0,0.0,0.0,0.18814662098884585
113,1701789600,0.0,0.0,0.0,0.0,1.7401296999999994e-24,1.3116606000000002e-24,1.7367672e-24,1.736764e-24,0.0,0.0,0.0,0.0,0.0,0.0,0.0,0.0,0.0,0.0,0.0,0.0,0.0,0.0,0.0,45.72416,0.060559668,0.0,6.5969880000000005,6.166109300000001e-28,0.0,0.0,0.0,1.5747464999999998e-27,0.0,0.0,0.0,1.3208218e-24,6.4e-44,0.0,0.0,1.0820921999999999e-27,0.0,0.0,0.0,0.18814662098884585
113,1701790200,0.0,0.0,0.0,0.0,1.7401296999999994e-24,1.3116606000000002e-24,1.7367672e-24,1.736764e-24,0.0,0.0,0.0,0.0,0.0,0.0,0.0,0.0,0.0,0.0,0.0,0.0,0.0,0.0,0.0,45.72416,0.060559668,0.0,6.5969880000000005,6.166109300000001e-28,0.0,0.0,0.0,1.5747464999999998e-27,0.0,0.0,0.0,1.3208218e-24,6.4e-44,0.0,0.0,1.0820921999999999e-27,0.0,0.0,0.0,0.18814662098884585
113,1701790800,0.0,0.0,0.0,0.0,1.7401296999999994e-24,1.3116606000000002e-24,1.7367672e-24,1.736764e-24,0.0,0.0,0.0,0.0,0.0,0.0,0.0,0.0,0.0,0.0,0.0,0.0,0.0,0.0,0.0,45.72416,0.060559668,0.0,6.5969880000000005,6.166109300000001e-28,0.0,0.0,0.0,1.5747464999999998e-27,0.0,0.0,0.0,1.3208218e-24,6.4e-44,0.0,0.0,1.0820921999999999e-27,0.0,0.0,0.0,0.18814662098884585
113,1701791400,0.0,0.0,0.0,0.0,1.7401296999999994e-24,1.3116606000000002e-24,1.7367672e-24,1.736764e-24,0.0,0.0,0.0,0.0,0.0,0.0,0.0,0.0,0.0,0.0,0.0,0.0,0.0,0.0,0.0,45.72416,0.060559668,0.0,6.5969880000000005,6.166109300000001e-28,0.0,0.0,0.0,1.5747464999999998e-27,0.0,0.0,0.0,1.3208218e-24,6.4e-44,0.0,0.0,1.0820921999999999e-27,0.0,0.0,0.0,0.18814662098884585
113,1701792000,0.0,0.0,0.0,0.0,1.7401296999999994e-24,1.3116606000000002e-24,1.7367672e-24,1.736764e-24,0.0,0.0,0.0,0.0,0.0,0.0,0.0,0.0,0.0,0.0,0.0,0.0,0.0,0.0,0.0,45.72416,0.060559668,0.0,6.5969880000000005,6.166109300000001e-28,0.0,0.0,0.0,1.5747464999999998e-27,0.0,0.0,0.0,1.3208218e-24,6.4e-44,0.0,0.0,1.0820921999999999e-27,0.0,0.0,0.0,0.18814662098884585
113,1701792600,0.0,0.0,0.0,0.0,1.7401296999999994e-24,1.3116606000000002e-24,1.7367672e-24,1.736764e-24,0.0,0.0,0.0,0.0,0.0,0.0,0.0,0.0,0.0,0.0,0.0,0.0,0.0,0.0,0.0,45.72416,0.060559668,0.0,6.5969880000000005,6.166109300000001e-28,0.0,0.0,0.0,1.5747464999999998e-27,0.0,0.0,0.0,1.3208218e-24,6.4e-44,0.0,0.0,1.0820921999999999e-27,0.0,0.0,0.0,0.18814662098884585
113,1701793200,0.0,0.0,0.0,0.0,1.7401296999999994e-24,1.3116606000000002e-24,1.7367672e-24,1.736764e-24,0.0,0.0,0.0,0.0,0.0,0.0,0.0,0.0,0.0,0.0,0.0,0.0,0.0,0.0,0.0,45.72416,0.060559668,0.0,6.5969880000000005,6.166109300000001e-28,0.0,0.0,0.0,1.5747464999999998e-27,0.0,0.0,0.0,1.3208218e-24,6.4e-44,0.0,0.0,1.0820921999999999e-27,0.0,0.0,0.0,0.18814662098884585
113,1701793800,0.0,0.0,0.0,0.0,1.7401296999999994e-24,1.3116606000000002e-24,1.7367672e-24,1.736764e-24,0.0,0.0,0.0,0.0,0.0,0.0,0.0,0.0,0.0,0.0,0.0,0.0,0.0,0.0,0.0,45.72416,0.060559668,0.0,6.5969880000000005,6.166109300000001e-28,0.0,0.0,0.0,1.5747464999999998e-27,0.0,0.0,0.0,1.3208218e-24,6.4e-44,0.0,0.0,1.0820921999999999e-27,0.0,0.0,0.0,0.18814662098884585
113,1701794400,0.0,0.0,0.0,0.0,1.7401296999999994e-24,1.3116606000000002e-24,1.7367672e-24,1.736764e-24,0.0,0.0,0.0,0.0,0.0,0.0,0.0,0.0,0.0,0.0,0.0,0.0,0.0,0.0,0.0,45.72416,0.060559668,0.0,6.5969880000000005,6.166109300000001e-28,0.0,0.0,0.0,1.5747464999999998e-27,0.0,0.0,0.0,1.3208218e-24,6.4e-44,0.0,0.0,1.0820921999999999e-27,0.0,0.0,0.0,0.18814662098884585
113,1701795000,0.0,0.0,0.0,0.0,1.7401296999999994e-24,1.3116606000000002e-24,1.7367672e-24,1.736764e-24,0.0,0.0,0.0,0.0,0.0,0.0,0.0,0.0,0.0,0.0,0.0,0.0,0.0,0.0,0.0,45.72416,0.060559668,0.0,6.5969880000000005,6.166109300000001e-28,0.0,0.0,0.0,1.5747464999999998e-27,0.0,0.0,0.0,1.3208218e-24,6.4e-44,0.0,0.0,1.0820921999999999e-27,0.0,0.0,0.0,0.18814662098884585
113,1701795600,0.0,0.0,0.0,0.0,1.7401296999999994e-24,1.3116606000000002e-24,1.7367672e-24,1.736764e-24,0.0,0.0,0.0,0.0,0.0,0.0,0.0,0.0,0.0,0.0,0.0,0.0,0.0,0.0,0.0,45.72416,0.060559668,0.0,6.5969880000000005,6.166109300000001e-28,0.0,0.0,0.0,1.5747464999999998e-27,0.0,0.0,0.0,1.3208218e-24,6.4e-44,0.0,0.0,1.0820921999999999e-27,0.0,0.0,0.0,0.18814662098884585
113,1701796200,0.0,0.0,0.0,0.0,1.7401296999999994e-24,1.3116606000000002e-24,1.7367672e-24,1.736764e-24,0.0,0.0,0.0,0.0,0.0,0.0,0.0,0.0,0.0,0.0,0.0,0.0,0.0,0.0,0.0,45.72416,0.060559668,0.0,6.5969880000000005,6.166109300000001e-28,0.0,0.0,0.0,1.5747464999999998e-27,0.0,0.0,0.0,1.3208218e-24,6.4e-44,0.0,0.0,1.0820921999999999e-27,0.0,0.0,0.0,0.18814662098884585
113,1701796800,0.0,0.0,0.0,0.0,1.7401296999999994e-24,1.3116606000000002e-24,1.7367672e-24,1.736764e-24,0.0,0.0,0.0,0.0,0.0,0.0,0.0,0.0,0.0,0.0,0.0,0.0,0.0,0.0,0.0,45.72416,0.060559668,0.0,6.5969880000000005,6.166109300000001e-28,0.0,0.0,0.0,1.5747464999999998e-27,0.0,0.0,0.0,1.3208218e-24,6.4e-44,0.0,0.0,1.0820921999999999e-27,0.0,0.0,0.0,0.18814662098884585
113,1701797400,0.0,0.0,0.0,0.0,1.7401296999999994e-24,1.3116606000000002e-24,1.7367672e-24,1.736764e-24,0.0,0.0,0.0,0.0,0.0,0.0,0.0,0.0,0.0,0.0,0.0,0.0,0.0,0.0,0.0,45.72416,0.060559668,0.0,6.5969880000000005,6.166109300000001e-28,0.0,0.0,0.0,1.5747464999999998e-27,0.0,0.0,0.0,1.3208218e-24,6.4e-44,0.0,0.0,1.0820921999999999e-27,0.0,0.0,0.0,0.18814662098884585
113,1701798000,0.0,0.0,0.0,0.0,1.7401296999999994e-24,1.3116606000000002e-24,1.7367672e-24,1.736764e-24,0.0,0.0,0.0,0.0,0.0,0.0,0.0,0.0,0.0,0.0,0.0,0.0,0.0,0.0,0.0,45.72416,0.060559668,0.0,6.5969880000000005,6.166109300000001e-28,0.0,0.0,0.0,1.5747464999999998e-27,0.0,0.0,0.0,1.3208218e-24,6.4e-44,0.0,0.0,1.0820921999999999e-27,0.0,0.0,0.0,0.18814662098884585
113,1701798600,0.0,0.0,0.0,0.0,1.7401296999999994e-24,1.3116606000000002e-24,1.7367672e-24,1.736764e-24,0.0,0.0,0.0,0.0,0.0,0.0,0.0,0.0,0.0,0.0,0.0,0.0,0.0,0.0,0.0,45.72416,0.060559668,0.0,6.5969880000000005,6.166109300000001e-28,0.0,0.0,0.0,1.5747464999999998e-27,0.0,0.0,0.0,1.3208218e-24,6.4e-44,0.0,0.0,1.0820921999999999e-27,0.0,0.0,0.0,0.18814662098884585
113,1701799200,0.0,0.0,0.0,0.0,1.7401296999999994e-24,1.3116606000000002e-24,1.7367672e-24,1.736764e-24,0.0,0.0,0.0,0.0,0.0,0.0,0.0,0.0,0.0,0.0,0.0,0.0,0.0,0.0,0.0,45.72416,0.060559668,0.0,6.5969880000000005,6.166109300000001e-28,0.0,0.0,0.0,1.5747464999999998e-27,0.0,0.0,0.0,1.3208218e-24,6.4e-44,0.0,0.0,1.0820921999999999e-27,0.0,0.0,0.0,0.18814662098884585
113,1701799800,0.0,0.0,0.0,0.0,1.7401296999999994e-24,1.3116606000000002e-24,1.7367672e-24,1.736764e-24,0.0,0.0,0.0,0.0,0.0,0.0,0.0,0.0,0.0,0.0,0.0,0.0,0.0,0.0,0.0,45.72416,0.060559668,0.0,6.5969880000000005,6.166109300000001e-28,0.0,0.0,0.0,1.5747464999999998e-27,0.0,0.0,0.0,1.3208218e-24,6.4e-44,0.0,0.0,1.0820921999999999e-27,0.0,0.0,0.0,0.18814662098884585
113,1701800400,0.0,0.0,0.0,0.0,1.7401296999999994e-24,1.3116606000000002e-24,1.7367672e-24,1.736764e-24,0.0,0.0,0.0,0.0,0.0,0.0,0.0,0.0,0.0,0.0,0.0,0.0,0.0,0.0,0.0,45.72416,0.060559668,0.0,6.5969880000000005,6.166109300000001e-28,0.0,0.0,0.0,1.5747464999999998e-27,0.0,0.0,0.0,1.3208218e-24,6.4e-44,0.0,0.0,1.0820921999999999e-27,0.0,0.0,0.0,0.18814662098884585
113,1701801000,0.0,0.0,0.0,0.0,1.7401296999999994e-24,1.3116606000000002e-24,1.7367672e-24,1.736764e-24,0.0,0.0,0.0,0.0,0.0,0.0,0.0,0.0,0.0,0.0,0.0,0.0,0.0,0.0,0.0,45.72416,0.060559668,0.0,6.5969880000000005,6.166109300000001e-28,0.0,0.0,0.0,1.5747464999999998e-27,0.0,0.0,0.0,1.3208218e-24,6.4e-44,0.0,0.0,1.0820921999999999e-27,0.0,0.0,0.0,0.18814662098884585
113,1701801600,0.0,0.0,0.0,0.0,1.7401296999999994e-24,1.3116606000000002e-24,1.7367672e-24,1.736764e-24,0.0,0.0,0.0,0.0,0.0,0.0,0.0,0.0,0.0,0.0,0.0,0.0,0.0,0.0,0.0,45.72416,0.060559668,0.0,6.5969880000000005,6.166109300000001e-28,0.0,0.0,0.0,1.5747464999999998e-27,0.0,0.0,0.0,1.3208218e-24,6.4e-44,0.0,0.0,1.0820921999999999e-27,0.0,0.0,0.0,0.18814662098884585
113,1701802200,0.0,0.0,0.0,0.0,1.7401296999999994e-24,1.3116606000000002e-24,1.7367672e-24,1.736764e-24,0.0,0.0,0.0,0.0,0.0,0.0,0.0,0.0,0.0,0.0,0.0,0.0,0.0,0.0,0.0,45.72416,0.060559668,0.0,6.5969880000000005,6.166109300000001e-28,0.0,0.0,0.0,1.5747464999999998e-27,0.0,0.0,0.0,1.3208218e-24,6.4e-44,0.0,0.0,1.0820921999999999e-27,0.0,0.0,0.0,0.18814662098884585
113,1701802800,0.0,0.0,0.0,0.0,1.7401296999999994e-24,1.3116606000000002e-24,1.7367672e-24,1.736764e-24,0.0,0.0,0.0,0.0,0.0,0.0,0.0,0.0,0.0,0.0,0.0,0.0,0.0,0.0,0.0,45.72416,0.060559668,0.0,6.5969880000000005,6.166109300000001e-28,0.0,0.0,0.0,1.5747464999999998e-27,0.0,0.0,0.0,1.3208218e-24,6.4e-44,0.0,0.0,1.0820921999999999e-27,0.0,0.0,0.0,0.18814662098884585
113,1701803400,0.0,0.0,0.0,0.0,1.7401296999999994e-24,1.3116606000000002e-24,1.7367672e-24,1.736764e-24,0.0,0.0,0.0,0.0,0.0,0.0,0.0,0.0,0.0,0.0,0.0,0.0,0.0,0.0,0.0,45.72416,0.060559668,0.0,6.5969880000000005,6.166109300000001e-28,0.0,0.0,0.0,1.5747464999999998e-27,0.0,0.0,0.0,1.3208218e-24,6.4e-44,0.0,0.0,1.0820921999999999e-27,0.0,0.0,0.0,0.18814662098884585
113,1701804000,0.0,0.0,0.0,0.0,1.7401296999999994e-24,1.3116606000000002e-24,1.7367672e-24,1.736764e-24,0.0,0.0,0.0,0.0,0.0,0.0,0.0,0.0,0.0,0.0,0.0,0.0,0.0,0.0,0.0,45.72416,0.060559668,0.0,6.5969880000000005,6.166109300000001e-28,0.0,0.0,0.0,1.5747464999999998e-27,0.0,0.0,0.0,1.3208218e-24,6.4e-44,0.0,0.0,1.0820921999999999e-27,0.0,0.0,0.0,0.18814662098884585
113,1701804600,0.0,0.0,0.0,0.0,1.7401296999999994e-24,1.3116606000000002e-24,1.7367672e-24,1.736764e-24,0.0,0.0,0.0,0.0,0.0,0.0,0.0,0.0,0.0,0.0,0.0,0.0,0.0,0.0,0.0,45.72416,0.060559668,0.0,6.5969880000000005,6.166109300000001e-28,0.0,0.0,0.0,1.5747464999999998e-27,0.0,0.0,0.0,1.3208218e-24,6.4e-44,0.0,0.0,1.0820921999999999e-27,0.0,0.0,0.0,0.18814662098884585
113,1701805200,0.0,0.0,0.0,0.0,1.7401296999999994e-24,1.3116606000000002e-24,1.7367672e-24,1.736764e-24,0.0,0.0,0.0,0.0,0.0,0.0,0.0,0.0,0.0,0.0,0.0,0.0,0.0,0.0,0.0,45.72416,0.060559668,0.0,6.5969880000000005,6.166109300000001e-28,0.0,0.0,0.0,1.5747464999999998e-27,0.0,0.0,0.0,1.3208218e-24,6.4e-44,0.0,0.0,1.0820921999999999e-27,0.0,0.0,0.0,0.18814662098884585
113,1701805800,0.0,0.0,0.0,0.0,1.7401296999999994e-24,1.3116606000000002e-24,1.7367672e-24,1.736764e-24,0.0,0.0,0.0,0.0,0.0,0.0,0.0,0.0,0.0,0.0,0.0,0.0,0.0,0.0,0.0,45.72416,0.060559668,0.0,6.5969880000000005,6.166109300000001e-28,0.0,0.0,0.0,1.5747464999999998e-27,0.0,0.0,0.0,1.3208218e-24,6.4e-44,0.0,0.0,1.0820921999999999e-27,0.0,0.0,0.0,0.18814662098884585
113,1701806400,0.0,0.0,0.0,0.0,1.7401296999999994e-24,1.3116606000000002e-24,1.7367672e-24,1.736764e-24,0.0,0.0,0.0,0.0,0.0,0.0,0.0,0.0,0.0,0.0,0.0,0.0,0.0,0.0,0.0,45.72416,0.060559668,0.0,6.5969880000000005,6.166109300000001e-28,0.0,0.0,0.0,1.5747464999999998e-27,0.0,0.0,0.0,1.3208218e-24,6.4e-44,0.0,0.0,1.0820921999999999e-27,0.0,0.0,0.0,0.18814662098884585
113,1701807000,0.0,0.0,0.0,0.0,1.7401296999999994e-24,1.3116606000000002e-24,1.7367672e-24,1.736764e-24,0.0,0.0,0.0,0.0,0.0,0.0,0.0,0.0,0.0,0.0,0.0,0.0,0.0,0.0,0.0,45.72416,0.060559668,0.0,6.5969880000000005,6.166109300000001e-28,0.0,0.0,0.0,1.5747464999999998e-27,0.0,0.0,0.0,1.3208218e-24,6.4e-44,0.0,0.0,1.0820921999999999e-27,0.0,0.0,0.0,0.18814662098884585
113,1701807600,0.0,0.0,0.0,0.0,1.7401296999999994e-24,1.3116606000000002e-24,1.7367672e-24,1.736764e-24,0.0,0.0,0.0,0.0,0.0,0.0,0.0,0.0,0.0,0.0,0.0,0.0,0.0,0.0,0.0,45.72416,0.060559668,0.0,6.5969880000000005,6.166109300000001e-28,0.0,0.0,0.0,1.5747464999999998e-27,0.0,0.0,0.0,1.3208218e-24,6.4e-44,0.0,0.0,1.0820921999999999e-27,0.0,0.0,0.0,0.18814662098884585
113,1701808200,0.0,0.0,0.0,0.0,1.7401296999999994e-24,1.3116606000000002e-24,1.7367672e-24,1.736764e-24,0.0,0.0,0.0,0.0,0.0,0.0,0.0,0.0,0.0,0.0,0.0,0.0,0.0,0.0,0.0,45.72416,0.060559668,0.0,6.5969880000000005,6.166109300000001e-28,0.0,0.0,0.0,1.5747464999999998e-27,0.0,0.0,0.0,1.3208218e-24,6.4e-44,0.0,0.0,1.0820921999999999e-27,0.0,0.0,0.0,0.18814662098884585
113,1701808800,0.0,0.0,0.0,0.0,1.7401296999999994e-24,1.3116606000000002e-24,1.7367672e-24,1.736764e-24,0.0,0.0,0.0,0.0,0.0,0.0,0.0,0.0,0.0,0.0,0.0,0.0,0.0,0.0,0.0,45.72416,0.060559668,0.0,6.5969880000000005,6.166109300000001e-28,0.0,0.0,0.0,1.5747464999999998e-27,0.0,0.0,0.0,1.3208218e-24,6.4e-44,0.0,0.0,1.0820921999999999e-27,0.0,0.0,0.0,0.18814662098884585
113,1701809400,0.0,0.0,0.0,0.0,1.7401296999999994e-24,1.3116606000000002e-24,1.7367672e-24,1.736764e-24,0.0,0.0,0.0,0.0,0.0,0.0,0.0,0.0,0.0,0.0,0.0,0.0,0.0,0.0,0.0,45.72416,0.060559668,0.0,6.5969880000000005,6.166109300000001e-28,0.0,0.0,0.0,1.5747464999999998e-27,0.0,0.0,0.0,1.3208218e-24,6.4e-44,0.0,0.0,1.0820921999999999e-27,0.0,0.0,0.0,0.18814662098884585
113,1701810000,0.0,0.0,0.0,0.0,1.7401296999999994e-24,1.3116606000000002e-24,1.7367672e-24,1.736764e-24,0.0,0.0,0.0,0.0,0.0,0.0,0.0,0.0,0.0,0.0,0.0,0.0,0.0,0.0,0.0,45.72416,0.060559668,0.0,6.5969880000000005,6.166109300000001e-28,0.0,0.0,0.0,1.5747464999999998e-27,0.0,0.0,0.0,1.3208218e-24,6.4e-44,0.0,0.0,1.0820921999999999e-27,0.0,0.0,0.0,0.18814662098884585
113,1701810600,0.0,0.0,0.0,0.0,1.7401296999999994e-24,1.3116606000000002e-24,1.7367672e-24,1.736764e-24,0.0,0.0,0.0,0.0,0.0,0.0,0.0,0.0,0.0,0.0,0.0,0.0,0.0,0.0,0.0,45.72416,0.060559668,0.0,6.5969880000000005,6.166109300000001e-28,0.0,0.0,0.0,1.5747464999999998e-27,0.0,0.0,0.0,1.3208218e-24,6.4e-44,0.0,0.0,1.0820921999999999e-27,0.0,0.0,0.0,0.18814662098884585
113,1701811200,0.0,0.0,0.0,0.0,1.7401296999999994e-24,1.3116606000000002e-24,1.7367672e-24,1.736764e-24,0.0,0.0,0.0,0.0,0.0,0.0,0.0,0.0,0.0,0.0,0.0,0.0,0.0,0.0,0.0,45.72416,0.060559668,0.0,6.5969880000000005,6.166109300000001e-28,0.0,0.0,0.0,1.5747464999999998e-27,0.0,0.0,0.0,1.3208218e-24,6.4e-44,0.0,0.0,1.0820921999999999e-27,0.0,0.0,0.0,0.18814662098884585
113,1701811800,0.0,0.0,0.0,0.0,1.7401296999999994e-24,1.3116606000000002e-24,1.7367672e-24,1.736764e-24,0.0,0.0,0.0,0.0,0.0,0.0,0.0,0.0,0.0,0.0,0.0,0.0,0.0,0.0,0.0,45.72416,0.060559668,0.0,6.5969880000000005,6.166109300000001e-28,0.0,0.0,0.0,1.5747464999999998e-27,0.0,0.0,0.0,1.3208218e-24,6.4e-44,0.0,0.0,1.0820921999999999e-27,0.0,0.0,0.0,0.18814662098884585
113,1701812400,0.0,0.0,0.0,0.0,1.7401296999999994e-24,1.3116606000000002e-24,1.7367672e-24,1.736764e-24,0.0,0.0,0.0,0.0,0.0,0.0,0.0,0.0,0.0,0.0,0.0,0.0,0.0,0.0,0.0,45.72416,0.060559668,0.0,6.5969880000000005,6.166109300000001e-28,0.0,0.0,0.0,1.5747464999999998e-27,0.0,0.0,0.0,1.3208218e-24,6.4e-44,0.0,0.0,1.0820921999999999e-27,0.0,0.0,0.0,0.18814662098884585
113,1701813000,0.0,0.0,0.0,0.0,1.7401296999999994e-24,1.3116606000000002e-24,1.7367672e-24,1.736764e-24,0.0,0.0,0.0,0.0,0.0,0.0,0.0,0.0,0.0,0.0,0.0,0.0,0.0,0.0,0.0,45.72416,0.060559668,0.0,6.5969880000000005,6.166109300000001e-28,0.0,0.0,0.0,1.5747464999999998e-27,0.0,0.0,0.0,1.3208218e-24,6.4e-44,0.0,0.0,1.0820921999999999e-27,0.0,0.0,0.0,0.18814662098884585
113,1701813600,0.0,0.0,0.0,0.0,1.7401296999999994e-24,1.3116606000000002e-24,1.7367672e-24,1.736764e-24,0.0,0.0,0.0,0.0,0.0,0.0,0.0,0.0,0.0,0.0,0.0,0.0,0.0,0.0,0.0,45.72416,0.060559668,0.0,6.5969880000000005,6.166109300000001e-28,0.0,0.0,0.0,1.5747464999999998e-27,0.0,0.0,0.0,1.3208218e-24,6.4e-44,0.0,0.0,1.0820921999999999e-27,0.0,0.0,0.0,0.18814662098884585
113,1701814200,0.0,0.0,0.0,0.0,1.7401296999999994e-24,1.3116606000000002e-24,1.7367672e-24,1.736764e-24,0.0,0.0,0.0,0.0,0.0,0.0,0.0,0.0,0.0,0.0,0.0,0.0,0.0,0.0,0.0,45.72416,0.060559668,0.0,6.5969880000000005,6.166109300000001e-28,0.0,0.0,0.0,1.5747464999999998e-27,0.0,0.0,0.0,1.3208218e-24,6.4e-44,0.0,0.0,1.0820921999999999e-27,0.0,0.0,0.0,0.18814662098884585
113,1701814800,0.0,0.0,0.0,0.0,1.7401296999999994e-24,1.3116606000000002e-24,1.7367672e-24,1.736764e-24,0.0,0.0,0.0,0.0,0.0,0.0,0.0,0.0,0.0,0.0,0.0,0.0,0.0,0.0,0.0,45.72416,0.060559668,0.0,6.5969880000000005,6.166109300000001e-28,0.0,0.0,0.0,1.5747464999999998e-27,0.0,0.0,0.0,1.3208218e-24,6.4e-44,0.0,0.0,1.0820921999999999e-27,0.0,0.0,0.0,0.18814662098884585
113,1701815400,0.0,0.0,0.0,0.0,1.7401296999999994e-24,1.3116606000000002e-24,1.7367672e-24,1.736764e-24,0.0,0.0,0.0,0.0,0.0,0.0,0.0,0.0,0.0,0.0,0.0,0.0,0.0,0.0,0.0,45.72416,0.060559668,0.0,6.5969880000000005,6.166109300000001e-28,0.0,0.0,0.0,1.5747464999999998e-27,0.0,0.0,0.0,1.3208218e-24,6.4e-44,0.0,0.0,1.0820921999999999e-27,0.0,0.0,0.0,0.18814662098884585
113,1701816000,0.0,0.0,0.0,0.0,1.7401296999999994e-24,1.3116606000000002e-24,1.7367672e-24,1.736764e-24,0.0,0.0,0.0,0.0,0.0,0.0,0.0,0.0,0.0,0.0,0.0,0.0,0.0,0.0,0.0,45.72416,0.060559668,0.0,6.5969880000000005,6.166109300000001e-28,0.0,0.0,0.0,1.5747464999999998e-27,0.0,0.0,0.0,1.3208218e-24,6.4e-44,0.0,0.0,1.0820921999999999e-27,0.0,0.0,0.0,0.18814662098884585
113,1701816600,0.0,0.0,0.0,0.0,1.7401296999999994e-24,1.3116606000000002e-24,1.7367672e-24,1.736764e-24,0.0,0.0,0.0,0.0,0.0,0.0,0.0,0.0,0.0,0.0,0.0,0.0,0.0,0.0,0.0,45.72416,0.060559668,0.0,6.5969880000000005,6.166109300000001e-28,0.0,0.0,0.0,1.5747464999999998e-27,0.0,0.0,0.0,1.3208218e-24,6.4e-44,0.0,0.0,1.0820921999999999e-27,0.0,0.0,0.0,0.18814662098884585
113,1701817200,0.0,0.0,0.0,0.0,1.7401296999999994e-24,1.3116606000000002e-24,1.7367672e-24,1.736764e-24,0.0,0.0,0.0,0.0,0.0,0.0,0.0,0.0,0.0,0.0,0.0,0.0,0.0,0.0,0.0,45.72416,0.060559668,0.0,6.5969880000000005,6.166109300000001e-28,0.0,0.0,0.0,1.5747464999999998e-27,0.0,0.0,0.0,1.3208218e-24,6.4e-44,0.0,0.0,1.0820921999999999e-27,0.0,0.0,0.0,0.18814662098884585
113,1701817800,0.0,0.0,0.0,0.0,1.7401296999999994e-24,1.3116606000000002e-24,1.7367672e-24,1.736764e-24,0.0,0.0,0.0,0.0,0.0,0.0,0.0,0.0,0.0,0.0,0.0,0.0,0.0,0.0,0.0,45.72416,0.060559668,0.0,6.5969880000000005,6.166109300000001e-28,0.0,0.0,0.0,1.5747464999999998e-27,0.0,0.0,0.0,1.3208218e-24,6.4e-44,0.0,0.0,1.0820921999999999e-27,0.0,0.0,0.0,0.18814662098884585
113,1701818400,0.0,0.0,0.0,0.0,1.7401296999999994e-24,1.3116606000000002e-24,1.7367672e-24,1.736764e-24,0.0,0.0,0.0,0.0,0.0,0.0,0.0,0.0,0.0,0.0,0.0,0.0,0.0,0.0,0.0,45.72416,0.060559668,0.0,6.5969880000000005,6.166109300000001e-28,0.0,0.0,0.0,1.5747464999999998e-27,0.0,0.0,0.0,1.3208218e-24,6.4e-44,0.0,0.0,1.0820921999999999e-27,0.0,0.0,0.0,0.18814662098884585
113,1701819000,0.0,0.0,0.0,0.0,1.7401296999999994e-24,1.3116606000000002e-24,1.7367672e-24,1.736764e-24,0.0,0.0,0.0,0.0,0.0,0.0,0.0,0.0,0.0,0.0,0.0,0.0,0.0,0.0,0.0,45.72416,0.060559668,0.0,6.5969880000000005,6.166109300000001e-28,0.0,0.0,0.0,1.5747464999999998e-27,0.0,0.0,0.0,1.3208218e-24,6.4e-44,0.0,0.0,1.0820921999999999e-27,0.0,0.0,0.0,0.18814662098884585
113,1701819600,0.0,0.0,0.0,0.0,1.7401296999999994e-24,1.3116606000000002e-24,1.7367672e-24,1.736764e-24,0.0,0.0,0.0,0.0,0.0,0.0,0.0,0.0,0.0,0.0,0.0,0.0,0.0,0.0,0.0,45.72416,0.060559668,0.0,6.5969880000000005,6.166109300000001e-28,0.0,0.0,0.0,1.5747464999999998e-27,0.0,0.0,0.0,1.3208218e-24,6.4e-44,0.0,0.0,1.0820921999999999e-27,0.0,0.0,0.0,0.18814662098884585
113,1701820200,0.0,0.0,0.0,0.0,1.7401296999999994e-24,1.3116606000000002e-24,1.7367672e-24,1.736764e-24,0.0,0.0,0.0,0.0,0.0,0.0,0.0,0.0,0.0,0.0,0.0,0.0,0.0,0.0,0.0,45.72416,0.060559668,0.0,6.5969880000000005,6.166109300000001e-28,0.0,0.0,0.0,1.5747464999999998e-27,0.0,0.0,0.0,1.3208218e-24,6.4e-44,0.0,0.0,1.0820921999999999e-27,0.0,0.0,0.0,0.18814662098884585
113,1701820800,0.0,0.0,0.0,0.0,1.7401296999999994e-24,1.3116606000000002e-24,1.7367672e-24,1.736764e-24,0.0,0.0,0.0,0.0,0.0,0.0,0.0,0.0,0.0,0.0,0.0,0.0,0.0,0.0,0.0,45.72416,0.060559668,0.0,6.5969880000000005,6.166109300000001e-28,0.0,0.0,0.0,1.5747464999999998e-27,0.0,0.0,0.0,1.3208218e-24,6.4e-44,0.0,0.0,1.0820921999999999e-27,0.0,0.0,0.0,0.18814662098884585
113,1701821400,0.0,0.0,0.0,0.0,1.7401296999999994e-24,1.3116606000000002e-24,1.7367672e-24,1.736764e-24,0.0,0.0,0.0,0.0,0.0,0.0,0.0,0.0,0.0,0.0,0.0,0.0,0.0,0.0,0.0,45.72416,0.060559668,0.0,6.5969880000000005,6.166109300000001e-28,0.0,0.0,0.0,1.5747464999999998e-27,0.0,0.0,0.0,1.3208218e-24,6.4e-44,0.0,0.0,1.0820921999999999e-27,0.0,0.0,0.0,0.18814662098884585
113,1701822000,0.0,0.0,0.0,0.0,1.7401296999999994e-24,1.3116606000000002e-24,1.7367672e-24,1.736764e-24,0.0,0.0,0.0,0.0,0.0,0.0,0.0,0.0,0.0,0.0,0.0,0.0,0.0,0.0,0.0,45.72416,0.060559668,0.0,6.5969880000000005,6.166109300000001e-28,0.0,0.0,0.0,1.5747464999999998e-27,0.0,0.0,0.0,1.3208218e-24,6.4e-44,0.0,0.0,1.0820921999999999e-27,0.0,0.0,0.0,0.18814662098884585
113,1701822600,0.0,0.0,0.0,0.0,1.7401296999999994e-24,1.3116606000000002e-24,1.7367672e-24,1.736764e-24,0.0,0.0,0.0,0.0,0.0,0.0,0.0,0.0,0.0,0.0,0.0,0.0,0.0,0.0,0.0,45.72416,0.060559668,0.0,6.5969880000000005,6.166109300000001e-28,0.0,0.0,0.0,1.5747464999999998e-27,0.0,0.0,0.0,1.3208218e-24,6.4e-44,0.0,0.0,1.0820921999999999e-27,0.0,0.0,0.0,0.18814662098884585
113,1701823200,0.0,0.0,0.0,0.0,1.7401296999999994e-24,1.3116606000000002e-24,1.7367672e-24,1.736764e-24,0.0,0.0,0.0,0.0,0.0,0.0,0.0,0.0,0.0,0.0,0.0,0.0,0.0,0.0,0.0,45.72416,0.060559668,0.0,6.5969880000000005,6.166109300000001e-28,0.0,0.0,0.0,1.5747464999999998e-27,0.0,0.0,0.0,1.3208218e-24,6.4e-44,0.0,0.0,1.0820921999999999e-27,0.0,0.0,0.0,0.18814662098884585
113,1701823800,0.0,0.0,0.0,0.0,1.7401296999999994e-24,1.3116606000000002e-24,1.7367672e-24,1.736764e-24,0.0,0.0,0.0,0.0,0.0,0.0,0.0,0.0,0.0,0.0,0.0,0.0,0.0,0.0,0.0,45.72416,0.060559668,0.0,6.5969880000000005,6.166109300000001e-28,0.0,0.0,0.0,1.5747464999999998e-27,0.0,0.0,0.0,1.3208218e-24,6.4e-44,0.0,0.0,1.0820921999999999e-27,0.0,0.0,0.0,0.18814662098884585
113,1701824400,0.0,0.0,0.0,0.0,1.7401296999999994e-24,1.3116606000000002e-24,1.7367672e-24,1.736764e-24,0.0,0.0,0.0,0.0,0.0,0.0,0.0,0.0,0.0,0.0,0.0,0.0,0.0,0.0,0.0,45.72416,0.060559668,0.0,6.5969880000000005,6.166109300000001e-28,0.0,0.0,0.0,1.5747464999999998e-27,0.0,0.0,0.0,1.3208218e-24,6.4e-44,0.0,0.0,1.0820921999999999e-27,0.0,0.0,0.0,0.18814662098884585
113,1701825000,0.0,0.0,0.0,0.0,1.7401296999999994e-24,1.3116606000000002e-24,1.7367672e-24,1.736764e-24,0.0,0.0,0.0,0.0,0.0,0.0,0.0,0.0,0.0,0.0,0.0,0.0,0.0,0.0,0.0,45.72416,0.060559668,0.0,6.5969880000000005,6.166109300000001e-28,0.0,0.0,0.0,1.5747464999999998e-27,0.0,0.0,0.0,1.3208218e-24,6.4e-44,0.0,0.0,1.0820921999999999e-27,0.0,0.0,0.0,0.18814662098884585
113,1701825600,0.0,0.0,0.0,0.0,1.7401296999999994e-24,1.3116606000000002e-24,1.7367672e-24,1.736764e-24,0.0,0.0,0.0,0.0,0.0,0.0,0.0,0.0,0.0,0.0,0.0,0.0,0.0,0.0,0.0,45.72416,0.060559668,0.0,6.5969880000000005,6.166109300000001e-28,0.0,0.0,0.0,1.5747464999999998e-27,0.0,0.0,0.0,1.3208218e-24,6.4e-44,0.0,0.0,1.0820921999999999e-27,0.0,0.0,0.0,0.18814662098884585
113,1701826200,0.0,0.0,0.0,0.0,1.7401296999999994e-24,1.3116606000000002e-24,1.7367672e-24,1.736764e-24,0.0,0.0,0.0,0.0,0.0,0.0,0.0,0.0,0.0,0.0,0.0,0.0,0.0,0.0,0.0,45.72416,0.060559668,0.0,6.5969880000000005,6.166109300000001e-28,0.0,0.0,0.0,1.5747464999999998e-27,0.0,0.0,0.0,1.3208218e-24,6.4e-44,0.0,0.0,1.0820921999999999e-27,0.0,0.0,0.0,0.18814662098884585
113,1701826800,0.0,0.0,0.0,0.0,1.7401296999999994e-24,1.3116606000000002e-24,1.7367672e-24,1.736764e-24,0.0,0.0,0.0,0.0,0.0,0.0,0.0,0.0,0.0,0.0,0.0,0.0,0.0,0.0,0.0,45.72416,0.060559668,0.0,6.5969880000000005,6.166109300000001e-28,0.0,0.0,0.0,1.5747464999999998e-27,0.0,0.0,0.0,1.3208218e-24,6.4e-44,0.0,0.0,1.0820921999999999e-27,0.0,0.0,0.0,0.18814662098884585
113,1701827400,0.0,0.0,0.0,0.0,1.7401296999999994e-24,1.3116606000000002e-24,1.7367672e-24,1.736764e-24,0.0,0.0,0.0,0.0,0.0,0.0,0.0,0.0,0.0,0.0,0.0,0.0,0.0,0.0,0.0,45.72416,0.060559668,0.0,6.5969880000000005,6.166109300000001e-28,0.0,0.0,0.0,1.5747464999999998e-27,0.0,0.0,0.0,1.3208218e-24,6.4e-44,0.0,0.0,1.0820921999999999e-27,0.0,0.0,0.0,0.18814662098884585
113,1701828000,0.0,0.0,0.0,0.0,1.7401296999999994e-24,1.3116606000000002e-24,1.7367672e-24,1.736764e-24,0.0,0.0,0.0,0.0,0.0,0.0,0.0,0.0,0.0,0.0,0.0,0.0,0.0,0.0,0.0,45.72416,0.060559668,0.0,6.5969880000000005,6.166109300000001e-28,0.0,0.0,0.0,1.5747464999999998e-27,0.0,0.0,0.0,1.3208218e-24,6.4e-44,0.0,0.0,1.0820921999999999e-27,0.0,0.0,0.0,0.18814662098884585
113,1701828600,0.0,0.0,0.0,0.0,1.7401296999999994e-24,1.3116606000000002e-24,1.7367672e-24,1.736764e-24,0.0,0.0,0.0,0.0,0.0,0.0,0.0,0.0,0.0,0.0,0.0,0.0,0.0,0.0,0.0,45.72416,0.060559668,0.0,6.5969880000000005,6.166109300000001e-28,0.0,0.0,0.0,1.5747464999999998e-27,0.0,0.0,0.0,1.3208218e-24,6.4e-44,0.0,0.0,1.0820921999999999e-27,0.0,0.0,0.0,0.18814662098884585
113,1701829200,0.0,0.0,0.0,0.0,1.7401296999999994e-24,1.3116606000000002e-24,1.7367672e-24,1.736764e-24,0.0,0.0,0.0,0.0,0.0,0.0,0.0,0.0,0.0,0.0,0.0,0.0,0.0,0.0,0.0,45.72416,0.060559668,0.0,6.5969880000000005,6.166109300000001e-28,0.0,0.0,0.0,1.5747464999999998e-27,0.0,0.0,0.0,1.3208218e-24,6.4e-44,0.0,0.0,1.0820921999999999e-27,0.0,0.0,0.0,0.18814662098884585
113,1701829800,0.0,0.0,0.0,0.0,1.7401296999999994e-24,1.3116606000000002e-24,1.7367672e-24,1.736764e-24,0.0,0.0,0.0,0.0,0.0,0.0,0.0,0.0,0.0,0.0,0.0,0.0,0.0,0.0,0.0,45.72416,0.060559668,0.0,6.5969880000000005,6.166109300000001e-28,0.0,0.0,0.0,1.5747464999999998e-27,0.0,0.0,0.0,1.3208218e-24,6.4e-44,0.0,0.0,1.0820921999999999e-27,0.0,0.0,0.0,0.18814662098884585
113,1701830400,0.0,0.0,0.0,0.0,1.7401296999999994e-24,1.3116606000000002e-24,1.7367672e-24,1.736764e-24,0.0,0.0,0.0,0.0,0.0,0.0,0.0,0.0,0.0,0.0,0.0,0.0,0.0,0.0,0.0,45.72416,0.060559668,0.0,6.5969880000000005,6.166109300000001e-28,0.0,0.0,0.0,1.5747464999999998e-27,0.0,0.0,0.0,1.3208218e-24,6.4e-44,0.0,0.0,1.0820921999999999e-27,0.0,0.0,0.0,0.18814662098884585
113,1701831000,0.0,0.0,0.0,0.0,1.7401296999999994e-24,1.3116606000000002e-24,1.7367672e-24,1.736764e-24,0.0,0.0,0.0,0.0,0.0,0.0,0.0,0.0,0.0,0.0,0.0,0.0,0.0,0.0,0.0,45.72416,0.060559668,0.0,6.5969880000000005,6.166109300000001e-28,0.0,0.0,0.0,1.5747464999999998e-27,0.0,0.0,0.0,1.3208218e-24,6.4e-44,0.0,0.0,1.0820921999999999e-27,0.0,0.0,0.0,0.18814662098884585
113,1701831600,0.0,0.0,0.0,0.0,1.7401296999999994e-24,1.3116606000000002e-24,1.7367672e-24,1.736764e-24,0.0,0.0,0.0,0.0,0.0,0.0,0.0,0.0,0.0,0.0,0.0,0.0,0.0,0.0,0.0,45.72416,0.060559668,0.0,6.5969880000000005,6.166109300000001e-28,0.0,0.0,0.0,1.5747464999999998e-27,0.0,0.0,0.0,1.3208218e-24,6.4e-44,0.0,0.0,1.0820921999999999e-27,0.0,0.0,0.0,0.18814662098884585
113,1701832200,0.0,0.0,0.0,0.0,1.7401296999999994e-24,1.3116606000000002e-24,1.7367672e-24,1.736764e-24,0.0,0.0,0.0,0.0,0.0,0.0,0.0,0.0,0.0,0.0,0.0,0.0,0.0,0.0,0.0,45.72416,0.060559668,0.0,6.5969880000000005,6.166109300000001e-28,0.0,0.0,0.0,1.5747464999999998e-27,0.0,0.0,0.0,1.3208218e-24,6.4e-44,0.0,0.0,1.0820921999999999e-27,0.0,0.0,0.0,0.18814662098884585
113,1701832800,0.0,0.0,0.0,0.0,1.7401296999999994e-24,1.3116606000000002e-24,1.7367672e-24,1.736764e-24,0.0,0.0,0.0,0.0,0.0,0.0,0.0,0.0,0.0,0.0,0.0,0.0,0.0,0.0,0.0,45.72416,0.060559668,0.0,6.5969880000000005,6.166109300000001e-28,0.0,0.0,0.0,1.5747464999999998e-27,0.0,0.0,0.0,1.3208218e-24,6.4e-44,0.0,0.0,1.0820921999999999e-27,0.0,0.0,0.0,0.18814662098884585
113,1701833400,0.0,0.0,0.0,0.0,1.7401296999999994e-24,1.3116606000000002e-24,1.7367672e-24,1.736764e-24,0.0,0.0,0.0,0.0,0.0,0.0,0.0,0.0,0.0,0.0,0.0,0.0,0.0,0.0,0.0,45.72416,0.060559668,0.0,6.5969880000000005,6.166109300000001e-28,0.0,0.0,0.0,1.5747464999999998e-27,0.0,0.0,0.0,1.3208218e-24,6.4e-44,0.0,0.0,1.0820921999999999e-27,0.0,0.0,0.0,0.18814662098884585
113,1701834000,0.0,0.0,0.0,0.0,1.7401296999999994e-24,1.3116606000000002e-24,1.7367672e-24,1.736764e-24,0.0,0.0,0.0,0.0,0.0,0.0,0.0,0.0,0.0,0.0,0.0,0.0,0.0,0.0,0.0,45.72416,0.060559668,0.0,6.5969880000000005,6.166109300000001e-28,0.0,0.0,0.0,1.5747464999999998e-27,0.0,0.0,0.0,1.3208218e-24,6.4e-44,0.0,0.0,1.0820921999999999e-27,0.0,0.0,0.0,0.18814662098884585
113,1701834600,0.0,0.0,0.0,0.0,1.7401296999999994e-24,1.3116606000000002e-24,1.7367672e-24,1.736764e-24,0.0,0.0,0.0,0.0,0.0,0.0,0.0,0.0,0.0,0.0,0.0,0.0,0.0,0.0,0.0,45.72416,0.060559668,0.0,6.5969880000000005,6.166109300000001e-28,0.0,0.0,0.0,1.5747464999999998e-27,0.0,0.0,0.0,1.3208218e-24,6.4e-44,0.0,0.0,1.0820921999999999e-27,0.0,0.0,0.0,0.18814662098884585
113,1701835200,0.0,0.0,0.0,0.0,1.7401296999999994e-24,1.3116606000000002e-24,1.7367672e-24,1.736764e-24,0.0,0.0,0.0,0.0,0.0,0.0,0.0,0.0,0.0,0.0,0.0,0.0,0.0,0.0,0.0,45.72416,0.060559668,0.0,6.5969880000000005,6.166109300000001e-28,0.0,0.0,0.0,1.5747464999999998e-27,0.0,0.0,0.0,1.3208218e-24,6.4e-44,0.0,0.0,1.0820921999999999e-27,0.0,0.0,0.0,0.18814662098884585
113,1701835800,0.0,0.0,0.0,0.0,1.7401296999999994e-24,1.3116606000000002e-24,1.7367672e-24,1.736764e-24,0.0,0.0,0.0,0.0,0.0,0.0,0.0,0.0,0.0,0.0,0.0,0.0,0.0,0.0,0.0,45.72416,0.060559668,0.0,6.5969880000000005,6.166109300000001e-28,0.0,0.0,0.0,1.5747464999999998e-27,0.0,0.0,0.0,1.3208218e-24,6.4e-44,0.0,0.0,1.0820921999999999e-27,0.0,0.0,0.0,0.18814662098884585
113,1701836400,0.0,0.0,0.0,0.0,1.7401296999999994e-24,1.3116606000000002e-24,1.7367672e-24,1.736764e-24,0.0,0.0,0.0,0.0,0.0,0.0,0.0,0.0,0.0,0.0,0.0,0.0,0.0,0.0,0.0,45.72416,0.060559668,0.0,6.5969880000000005,6.166109300000001e-28,0.0,0.0,0.0,1.5747464999999998e-27,0.0,0.0,0.0,1.3208218e-24,6.4e-44,0.0,0.0,1.0820921999999999e-27,0.0,0.0,0.0,0.18814662098884585
113,1701837000,0.0,0.0,0.0,0.0,1.7401296999999994e-24,1.3116606000000002e-24,1.7367672e-24,1.736764e-24,0.0,0.0,0.0,0.0,0.0,0.0,0.0,0.0,0.0,0.0,0.0,0.0,0.0,0.0,0.0,45.72416,0.060559668,0.0,6.5969880000000005,6.166109300000001e-28,0.0,0.0,0.0,1.5747464999999998e-27,0.0,0.0,0.0,1.3208218e-24,6.4e-44,0.0,0.0,1.0820921999999999e-27,0.0,0.0,0.0,0.18814662098884585
113,1701837600,0.0,0.0,0.0,0.0,1.7401296999999994e-24,1.3116606000000002e-24,1.7367672e-24,1.736764e-24,0.0,0.0,0.0,0.0,0.0,0.0,0.0,0.0,0.0,0.0,0.0,0.0,0.0,0.0,0.0,45.72416,0.060559668,0.0,6.5969880000000005,6.166109300000001e-28,0.0,0.0,0.0,1.5747464999999998e-27,0.0,0.0,0.0,1.3208218e-24,6.4e-44,0.0,0.0,1.0820921999999999e-27,0.0,0.0,0.0,0.18814662098884585
113,1701838200,0.0,0.0,0.0,0.0,1.7401296999999994e-24,1.3116606000000002e-24,1.7367672e-24,1.736764e-24,0.0,0.0,0.0,0.0,0.0,0.0,0.0,0.0,0.0,0.0,0.0,0.0,0.0,0.0,0.0,45.72416,0.060559668,0.0,6.5969880000000005,6.166109300000001e-28,0.0,0.0,0.0,1.5747464999999998e-27,0.0,0.0,0.0,1.3208218e-24,6.4e-44,0.0,0.0,1.0820921999999999e-27,0.0,0.0,0.0,0.18814662098884585
113,1701838800,0.0,0.0,0.0,0.0,1.7401296999999994e-24,1.3116606000000002e-24,1.7367672e-24,1.736764e-24,0.0,0.0,0.0,0.0,0.0,0.0,0.0,0.0,0.0,0.0,0.0,0.0,0.0,0.0,0.0,45.72416,0.060559668,0.0,6.5969880000000005,6.166109300000001e-28,0.0,0.0,0.0,1.5747464999999998e-27,0.0,0.0,0.0,1.3208218e-24,6.4e-44,0.0,0.0,1.0820921999999999e-27,0.0,0.0,0.0,0.18814662098884585
113,1701839400,0.0,0.0,0.0,0.0,1.7401296999999994e-24,1.3116606000000002e-24,1.7367672e-24,1.736764e-24,0.0,0.0,0.0,0.0,0.0,0.0,0.0,0.0,0.0,0.0,0.0,0.0,0.0,0.0,0.0,45.72416,0.060559668,0.0,6.5969880000000005,6.166109300000001e-28,0.0,0.0,0.0,1.5747464999999998e-27,0.0,0.0,0.0,1.3208218e-24,6.4e-44,0.0,0.0,1.0820921999999999e-27,0.0,0.0,0.0,0.18814662098884585
113,1701840000,0.0,0.0,0.0,0.0,1.7401296999999994e-24,1.3116606000000002e-24,1.7367672e-24,1.736764e-24,0.0,0.0,0.0,0.0,0.0,0.0,0.0,0.0,0.0,0.0,0.0,0.0,0.0,0.0,0.0,45.72416,0.060559668,0.0,6.5969880000000005,6.166109300000001e-28,0.0,0.0,0.0,1.5747464999999998e-27,0.0,0.0,0.0,1.3208218e-24,6.4e-44,0.0,0.0,1.0820921999999999e-27,0.0,0.0,0.0,0.18814662098884585
113,1701840600,0.0,0.0,0.0,0.0,1.7401296999999994e-24,1.3116606000000002e-24,1.7367672e-24,1.736764e-24,0.0,0.0,0.0,0.0,0.0,0.0,0.0,0.0,0.0,0.0,0.0,0.0,0.0,0.0,0.0,45.72416,0.060559668,0.0,6.5969880000000005,6.166109300000001e-28,0.0,0.0,0.0,1.5747464999999998e-27,0.0,0.0,0.0,1.3208218e-24,6.4e-44,0.0,0.0,1.0820921999999999e-27,0.0,0.0,0.0,0.18814662098884585
113,1701841200,0.0,0.0,0.0,0.0,1.7401296999999994e-24,1.3116606000000002e-24,1.7367672e-24,1.736764e-24,0.0,0.0,0.0,0.0,0.0,0.0,0.0,0.0,0.0,0.0,0.0,0.0,0.0,0.0,0.0,45.72416,0.060559668,0.0,6.5969880000000005,6.166109300000001e-28,0.0,0.0,0.0,1.5747464999999998e-27,0.0,0.0,0.0,1.3208218e-24,6.4e-44,0.0,0.0,1.0820921999999999e-27,0.0,0.0,0.0,0.18814662098884585
113,1701841800,0.0,0.0,0.0,0.0,1.7401296999999994e-24,1.3116606000000002e-24,1.7367672e-24,1.736764e-24,0.0,0.0,0.0,0.0,0.0,0.0,0.0,0.0,0.0,0.0,0.0,0.0,0.0,0.0,0.0,45.72416,0.060559668,0.0,6.5969880000000005,6.166109300000001e-28,0.0,0.0,0.0,1.5747464999999998e-27,0.0,0.0,0.0,1.3208218e-24,6.4e-44,0.0,0.0,1.0820921999999999e-27,0.0,0.0,0.0,0.18814662098884585
113,1701842400,0.0,0.0,0.0,0.0,1.7401296999999994e-24,1.3116606000000002e-24,1.7367672e-24,1.736764e-24,0.0,0.0,0.0,0.0,0.0,0.0,0.0,0.0,0.0,0.0,0.0,0.0,0.0,0.0,0.0,45.72416,0.060559668,0.0,6.5969880000000005,6.166109300000001e-28,0.0,0.0,0.0,1.5747464999999998e-27,0.0,0.0,0.0,1.3208218e-24,6.4e-44,0.0,0.0,1.0820921999999999e-27,0.0,0.0,0.0,0.18814662098884585
113,1701843000,0.0,0.0,0.0,0.0,1.7401296999999994e-24,1.3116606000000002e-24,1.7367672e-24,1.736764e-24,0.0,0.0,0.0,0.0,0.0,0.0,0.0,0.0,0.0,0.0,0.0,0.0,0.0,0.0,0.0,45.72416,0.060559668,0.0,6.5969880000000005,6.166109300000001e-28,0.0,0.0,0.0,1.5747464999999998e-27,0.0,0.0,0.0,1.3208218e-24,6.4e-44,0.0,0.0,1.0820921999999999e-27,0.0,0.0,0.0,0.18814662098884585
113,1701843600,0.0,0.0,0.0,0.0,1.7401296999999994e-24,1.3116606000000002e-24,1.7367672e-24,1.736764e-24,0.0,0.0,0.0,0.0,0.0,0.0,0.0,0.0,0.0,0.0,0.0,0.0,0.0,0.0,0.0,45.72416,0.060559668,0.0,6.5969880000000005,6.166109300000001e-28,0.0,0.0,0.0,1.5747464999999998e-27,0.0,0.0,0.0,1.3208218e-24,6.4e-44,0.0,0.0,1.0820921999999999e-27,0.0,0.0,0.0,0.18814662098884585
113,1701844200,0.0,0.0,0.0,0.0,1.7401296999999994e-24,1.3116606000000002e-24,1.7367672e-24,1.736764e-24,0.0,0.0,0.0,0.0,0.0,0.0,0.0,0.0,0.0,0.0,0.0,0.0,0.0,0.0,0.0,45.72416,0.060559668,0.0,6.5969880000000005,6.166109300000001e-28,0.0,0.0,0.0,1.5747464999999998e-27,0.0,0.0,0.0,1.3208218e-24,6.4e-44,0.0,0.0,1.0820921999999999e-27,0.0,0.0,0.0,0.18814662098884585
113,1701844800,0.0,0.0,0.0,0.0,1.7401296999999994e-24,1.3116606000000002e-24,1.7367672e-24,1.736764e-24,0.0,0.0,0.0,0.0,0.0,0.0,0.0,0.0,0.0,0.0,0.0,0.0,0.0,0.0,0.0,45.72416,0.060559668,0.0,6.5969880000000005,6.166109300000001e-28,0.0,0.0,0.0,1.5747464999999998e-27,0.0,0.0,0.0,1.3208218e-24,6.4e-44,0.0,0.0,1.0820921999999999e-27,0.0,0.0,0.0,0.18814662098884585
113,1701845400,0.0,0.0,0.0,0.0,1.7401296999999994e-24,1.3116606000000002e-24,1.7367672e-24,1.736764e-24,0.0,0.0,0.0,0.0,0.0,0.0,0.0,0.0,0.0,0.0,0.0,0.0,0.0,0.0,0.0,45.72416,0.060559668,0.0,6.5969880000000005,6.166109300000001e-28,0.0,0.0,0.0,1.5747464999999998e-27,0.0,0.0,0.0,1.3208218e-24,6.4e-44,0.0,0.0,1.0820921999999999e-27,0.0,0.0,0.0,0.18814662098884585
113,1701846000,0.0,0.0,0.0,0.0,1.7401296999999994e-24,1.3116606000000002e-24,1.7367672e-24,1.736764e-24,0.0,0.0,0.0,0.0,0.0,0.0,0.0,0.0,0.0,0.0,0.0,0.0,0.0,0.0,0.0,45.72416,0.060559668,0.0,6.5969880000000005,6.166109300000001e-28,0.0,0.0,0.0,1.5747464999999998e-27,0.0,0.0,0.0,1.3208218e-24,6.4e-44,0.0,0.0,1.0820921999999999e-27,0.0,0.0,0.0,0.18814662098884585
113,1701846600,0.0,0.0,0.0,0.0,1.7401296999999994e-24,1.3116606000000002e-24,1.7367672e-24,1.736764e-24,0.0,0.0,0.0,0.0,0.0,0.0,0.0,0.0,0.0,0.0,0.0,0.0,0.0,0.0,0.0,45.72416,0.060559668,0.0,6.5969880000000005,6.166109300000001e-28,0.0,0.0,0.0,1.5747464999999998e-27,0.0,0.0,0.0,1.3208218e-24,6.4e-44,0.0,0.0,1.0820921999999999e-27,0.0,0.0,0.0,0.18814662098884585
113,1701847200,0.0,0.0,0.0,0.0,1.7401296999999994e-24,1.3116606000000002e-24,1.7367672e-24,1.736764e-24,0.0,0.0,0.0,0.0,0.0,0.0,0.0,0.0,0.0,0.0,0.0,0.0,0.0,0.0,0.0,45.72416,0.060559668,0.0,6.5969880000000005,6.166109300000001e-28,0.0,0.0,0.0,1.5747464999999998e-27,0.0,0.0,0.0,1.3208218e-24,6.4e-44,0.0,0.0,1.0820921999999999e-27,0.0,0.0,0.0,0.18814662098884585
113,1701847800,0.0,0.0,0.0,0.0,1.7401296999999994e-24,1.3116606000000002e-24,1.7367672e-24,1.736764e-24,0.0,0.0,0.0,0.0,0.0,0.0,0.0,0.0,0.0,0.0,0.0,0.0,0.0,0.0,0.0,45.72416,0.060559668,0.0,6.5969880000000005,6.166109300000001e-28,0.0,0.0,0.0,1.5747464999999998e-27,0.0,0.0,0.0,1.3208218e-24,6.4e-44,0.0,0.0,1.0820921999999999e-27,0.0,0.0,0.0,0.18814662098884585
113,1701848400,0.0,0.0,0.0,0.0,1.7401296999999994e-24,1.3116606000000002e-24,1.7367672e-24,1.736764e-24,0.0,0.0,0.0,0.0,0.0,0.0,0.0,0.0,0.0,0.0,0.0,0.0,0.0,0.0,0.0,45.72416,0.060559668,0.0,6.5969880000000005,6.166109300000001e-28,0.0,0.0,0.0,1.5747464999999998e-27,0.0,0.0,0.0,1.3208218e-24,6.4e-44,0.0,0.0,1.0820921999999999e-27,0.0,0.0,0.0,0.18814662098884585
113,1701849000,0.0,0.0,0.0,0.0,1.7401296999999994e-24,1.3116606000000002e-24,1.7367672e-24,1.736764e-24,0.0,0.0,0.0,0.0,0.0,0.0,0.0,0.0,0.0,0.0,0.0,0.0,0.0,0.0,0.0,45.72416,0.060559668,0.0,6.5969880000000005,6.166109300000001e-28,0.0,0.0,0.0,1.5747464999999998e-27,0.0,0.0,0.0,1.3208218e-24,6.4e-44,0.0,0.0,1.0820921999999999e-27,0.0,0.0,0.0,0.18814662098884585
113,1701849600,0.0,0.0,0.0,0.0,1.7401296999999994e-24,1.3116606000000002e-24,1.7367672e-24,1.736764e-24,0.0,0.0,0.0,0.0,0.0,0.0,0.0,0.0,0.0,0.0,0.0,0.0,0.0,0.0,0.0,45.72416,0.060559668,0.0,6.5969880000000005,6.166109300000001e-28,0.0,0.0,0.0,1.5747464999999998e-27,0.0,0.0,0.0,1.3208218e-24,6.4e-44,0.0,0.0,1.0820921999999999e-27,0.0,0.0,0.0,0.18814662098884585
113,1701850200,0.0,0.0,0.0,0.0,1.7401296999999994e-24,1.3116606000000002e-24,1.7367672e-24,1.736764e-24,0.0,0.0,0.0,0.0,0.0,0.0,0.0,0.0,0.0,0.0,0.0,0.0,0.0,0.0,0.0,45.72416,0.060559668,0.0,6.5969880000000005,6.166109300000001e-28,0.0,0.0,0.0,1.5747464999999998e-27,0.0,0.0,0.0,1.3208218e-24,6.4e-44,0.0,0.0,1.0820921999999999e-27,0.0,0.0,0.0,0.18814662098884585
113,1701850800,0.0,0.0,0.0,0.0,1.7401296999999994e-24,1.3116606000000002e-24,1.7367672e-24,1.736764e-24,0.0,0.0,0.0,0.0,0.0,0.0,0.0,0.0,0.0,0.0,0.0,0.0,0.0,0.0,0.0,45.72416,0.060559668,0.0,6.5969880000000005,6.166109300000001e-28,0.0,0.0,0.0,1.5747464999999998e-27,0.0,0.0,0.0,1.3208218e-24,6.4e-44,0.0,0.0,1.0820921999999999e-27,0.0,0.0,0.0,0.18814662098884585
113,1701851400,0.0,0.0,0.0,0.0,1.7401296999999994e-24,1.3116606000000002e-24,1.7367672e-24,1.736764e-24,0.0,0.0,0.0,0.0,0.0,0.0,0.0,0.0,0.0,0.0,0.0,0.0,0.0,0.0,0.0,45.72416,0.060559668,0.0,6.5969880000000005,6.166109300000001e-28,0.0,0.0,0.0,1.5747464999999998e-27,0.0,0.0,0.0,1.3208218e-24,6.4e-44,0.0,0.0,1.0820921999999999e-27,0.0,0.0,0.0,0.18814662098884585
113,1701852000,0.0,0.0,0.0,0.0,1.7401296999999994e-24,1.3116606000000002e-24,1.7367672e-24,1.736764e-24,0.0,0.0,0.0,0.0,0.0,0.0,0.0,0.0,0.0,0.0,0.0,0.0,0.0,0.0,0.0,45.72416,0.060559668,0.0,6.5969880000000005,6.166109300000001e-28,0.0,0.0,0.0,1.5747464999999998e-27,0.0,0.0,0.0,1.3208218e-24,6.4e-44,0.0,0.0,1.0820921999999999e-27,0.0,0.0,0.0,0.18814662098884585
113,1701852600,0.0,0.0,0.0,0.0,1.7401296999999994e-24,1.3116606000000002e-24,1.7367672e-24,1.736764e-24,0.0,0.0,0.0,0.0,0.0,0.0,0.0,0.0,0.0,0.0,0.0,0.0,0.0,0.0,0.0,45.72416,0.060559668,0.0,6.5969880000000005,6.166109300000001e-28,0.0,0.0,0.0,1.5747464999999998e-27,0.0,0.0,0.0,1.3208218e-24,6.4e-44,0.0,0.0,1.0820921999999999e-27,0.0,0.0,0.0,0.18814662098884585
113,1701853200,0.0,0.0,0.0,0.0,1.7401296999999994e-24,1.3116606000000002e-24,1.7367672e-24,1.736764e-24,0.0,0.0,0.0,0.0,0.0,0.0,0.0,0.0,0.0,0.0,0.0,0.0,0.0,0.0,0.0,45.72416,0.060559668,0.0,6.5969880000000005,6.166109300000001e-28,0.0,0.0,0.0,1.5747464999999998e-27,0.0,0.0,0.0,1.3208218e-24,6.4e-44,0.0,0.0,1.0820921999999999e-27,0.0,0.0,0.0,0.18814662098884585
113,1701853800,0.0,0.0,0.0,0.0,1.7401296999999994e-24,1.3116606000000002e-24,1.7367672e-24,1.736764e-24,0.0,0.0,0.0,0.0,0.0,0.0,0.0,0.0,0.0,0.0,0.0,0.0,0.0,0.0,0.0,45.72416,0.060559668,0.0,6.5969880000000005,6.166109300000001e-28,0.0,0.0,0.0,1.5747464999999998e-27,0.0,0.0,0.0,1.3208218e-24,6.4e-44,0.0,0.0,1.0820921999999999e-27,0.0,0.0,0.0,0.18814662098884585
113,1701854400,0.0,0.0,0.0,0.0,1.7401296999999994e-24,1.3116606000000002e-24,1.7367672e-24,1.736764e-24,0.0,0.0,0.0,0.0,0.0,0.0,0.0,0.0,0.0,0.0,0.0,0.0,0.0,0.0,0.0,45.72416,0.060559668,0.0,6.5969880000000005,6.166109300000001e-28,0.0,0.0,0.0,1.5747464999999998e-27,0.0,0.0,0.0,1.3208218e-24,6.4e-44,0.0,0.0,1.0820921999999999e-27,0.0,0.0,0.0,0.18814662098884585
113,1701855000,0.0,0.0,0.0,0.0,1.7401296999999994e-24,1.3116606000000002e-24,1.7367672e-24,1.736764e-24,0.0,0.0,0.0,0.0,0.0,0.0,0.0,0.0,0.0,0.0,0.0,0.0,0.0,0.0,0.0,45.72416,0.060559668,0.0,6.5969880000000005,6.166109300000001e-28,0.0,0.0,0.0,1.5747464999999998e-27,0.0,0.0,0.0,1.3208218e-24,6.4e-44,0.0,0.0,1.0820921999999999e-27,0.0,0.0,0.0,0.18814662098884585
113,1701855600,0.0,0.0,0.0,0.0,1.7401296999999994e-24,1.3116606000000002e-24,1.7367672e-24,1.736764e-24,0.0,0.0,0.0,0.0,0.0,0.0,0.0,0.0,0.0,0.0,0.0,0.0,0.0,0.0,0.0,45.72416,0.060559668,0.0,6.5969880000000005,6.166109300000001e-28,0.0,0.0,0.0,1.5747464999999998e-27,0.0,0.0,0.0,1.3208218e-24,6.4e-44,0.0,0.0,1.0820921999999999e-27,0.0,0.0,0.0,0.18814662098884585
113,1701856200,0.0,0.0,0.0,0.0,1.7401296999999994e-24,1.3116606000000002e-24,1.7367672e-24,1.736764e-24,0.0,0.0,0.0,0.0,0.0,0.0,0.0,0.0,0.0,0.0,0.0,0.0,0.0,0.0,0.0,45.72416,0.060559668,0.0,6.5969880000000005,6.166109300000001e-28,0.0,0.0,0.0,1.5747464999999998e-27,0.0,0.0,0.0,1.3208218e-24,6.4e-44,0.0,0.0,1.0820921999999999e-27,0.0,0.0,0.0,0.18814662098884585
113,1701856800,0.0,0.0,0.0,0.0,1.7401296999999994e-24,1.3116606000000002e-24,1.7367672e-24,1.736764e-24,0.0,0.0,0.0,0.0,0.0,0.0,0.0,0.0,0.0,0.0,0.0,0.0,0.0,0.0,0.0,45.72416,0.060559668,0.0,6.5969880000000005,6.166109300000001e-28,0.0,0.0,0.0,1.5747464999999998e-27,0.0,0.0,0.0,1.3208218e-24,6.4e-44,0.0,0.0,1.0820921999999999e-27,0.0,0.0,0.0,0.18814662098884585
113,1701857400,0.0,0.0,0.0,0.0,1.7401296999999994e-24,1.3116606000000002e-24,1.7367672e-24,1.736764e-24,0.0,0.0,0.0,0.0,0.0,0.0,0.0,0.0,0.0,0.0,0.0,0.0,0.0,0.0,0.0,45.72416,0.060559668,0.0,6.5969880000000005,6.166109300000001e-28,0.0,0.0,0.0,1.5747464999999998e-27,0.0,0.0,0.0,1.3208218e-24,6.4e-44,0.0,0.0,1.0820921999999999e-27,0.0,0.0,0.0,0.18814662098884585
113,1701858000,0.0,0.0,0.0,0.0,1.7401296999999994e-24,1.3116606000000002e-24,1.7367672e-24,1.736764e-24,0.0,0.0,0.0,0.0,0.0,0.0,0.0,0.0,0.0,0.0,0.0,0.0,0.0,0.0,0.0,45.72416,0.060559668,0.0,6.5969880000000005,6.166109300000001e-28,0.0,0.0,0.0,1.5747464999999998e-27,0.0,0.0,0.0,1.3208218e-24,6.4e-44,0.0,0.0,1.0820921999999999e-27,0.0,0.0,0.0,0.18814662098884585
113,1701858600,0.0,0.0,0.0,0.0,1.7401296999999994e-24,1.3116606000000002e-24,1.7367672e-24,1.736764e-24,0.0,0.0,0.0,0.0,0.0,0.0,0.0,0.0,0.0,0.0,0.0,0.0,0.0,0.0,0.0,45.72416,0.060559668,0.0,6.5969880000000005,6.166109300000001e-28,0.0,0.0,0.0,1.5747464999999998e-27,0.0,0.0,0.0,1.3208218e-24,6.4e-44,0.0,0.0,1.0820921999999999e-27,0.0,0.0,0.0,0.18814662098884585
113,1701859200,0.0,0.0,0.0,0.0,1.7401296999999994e-24,1.3116606000000002e-24,1.7367672e-24,1.736764e-24,0.0,0.0,0.0,0.0,0.0,0.0,0.0,0.0,0.0,0.0,0.0,0.0,0.0,0.0,0.0,45.72416,0.060559668,0.0,6.5969880000000005,6.166109300000001e-28,0.0,0.0,0.0,1.5747464999999998e-27,0.0,0.0,0.0,1.3208218e-24,6.4e-44,0.0,0.0,1.0820921999999999e-27,0.0,0.0,0.0,0.18814662098884585
113,1701859800,0.0,0.0,0.0,0.0,1.7401296999999994e-24,1.3116606000000002e-24,1.7367672e-24,1.736764e-24,0.0,0.0,0.0,0.0,0.0,0.0,0.0,0.0,0.0,0.0,0.0,0.0,0.0,0.0,0.0,45.72416,0.060559668,0.0,6.5969880000000005,6.166109300000001e-28,0.0,0.0,0.0,1.5747464999999998e-27,0.0,0.0,0.0,1.3208218e-24,6.4e-44,0.0,0.0,1.0820921999999999e-27,0.0,0.0,0.0,0.18814662098884585
113,1701860400,0.0,0.0,0.0,0.0,1.7401296999999994e-24,1.3116606000000002e-24,1.7367672e-24,1.736764e-24,0.0,0.0,0.0,0.0,0.0,0.0,0.0,0.0,0.0,0.0,0.0,0.0,0.0,0.0,0.0,45.72416,0.060559668,0.0,6.5969880000000005,6.166109300000001e-28,0.0,0.0,0.0,1.5747464999999998e-27,0.0,0.0,0.0,1.3208218e-24,6.4e-44,0.0,0.0,1.0820921999999999e-27,0.0,0.0,0.0,0.18814662098884585
113,1701861000,0.0,0.0,0.0,0.0,1.7401296999999994e-24,1.3116606000000002e-24,1.7367672e-24,1.736764e-24,0.0,0.0,0.0,0.0,0.0,0.0,0.0,0.0,0.0,0.0,0.0,0.0,0.0,0.0,0.0,45.72416,0.060559668,0.0,6.5969880000000005,6.166109300000001e-28,0.0,0.0,0.0,1.5747464999999998e-27,0.0,0.0,0.0,1.3208218e-24,6.4e-44,0.0,0.0,1.0820921999999999e-27,0.0,0.0,0.0,0.18814662098884585
113,1701861600,0.0,0.0,0.0,0.0,1.7401296999999994e-24,1.3116606000000002e-24,1.7367672e-24,1.736764e-24,0.0,0.0,0.0,0.0,0.0,0.0,0.0,0.0,0.0,0.0,0.0,0.0,0.0,0.0,0.0,45.72416,0.060559668,0.0,6.5969880000000005,6.166109300000001e-28,0.0,0.0,0.0,1.5747464999999998e-27,0.0,0.0,0.0,1.3208218e-24,6.4e-44,0.0,0.0,1.0820921999999999e-27,0.0,0.0,0.0,0.18814662098884585
113,1701862200,0.0,0.0,0.0,0.0,1.7401296999999994e-24,1.3116606000000002e-24,1.7367672e-24,1.736764e-24,0.0,0.0,0.0,0.0,0.0,0.0,0.0,0.0,0.0,0.0,0.0,0.0,0.0,0.0,0.0,45.72416,0.060559668,0.0,6.5969880000000005,6.166109300000001e-28,0.0,0.0,0.0,1.5747464999999998e-27,0.0,0.0,0.0,1.3208218e-24,6.4e-44,0.0,0.0,1.0820921999999999e-27,0.0,0.0,0.0,0.18814662098884585
113,1701862800,0.0,0.0,0.0,0.0,1.7401296999999994e-24,1.3116606000000002e-24,1.7367672e-24,1.736764e-24,0.0,0.0,0.0,0.0,0.0,0.0,0.0,0.0,0.0,0.0,0.0,0.0,0.0,0.0,0.0,45.72416,0.060559668,0.0,6.5969880000000005,6.166109300000001e-28,0.0,0.0,0.0,1.5747464999999998e-27,0.0,0.0,0.0,1.3208218e-24,6.4e-44,0.0,0.0,1.0820921999999999e-27,0.0,0.0,0.0,0.18814662098884585
113,1701863400,0.0,0.0,0.0,0.0,1.7401296999999994e-24,1.3116606000000002e-24,1.7367672e-24,1.736764e-24,0.0,0.0,0.0,0.0,0.0,0.0,0.0,0.0,0.0,0.0,0.0,0.0,0.0,0.0,0.0,45.72416,0.060559668,0.0,6.5969880000000005,6.166109300000001e-28,0.0,0.0,0.0,1.5747464999999998e-27,0.0,0.0,0.0,1.3208218e-24,6.4e-44,0.0,0.0,1.0820921999999999e-27,0.0,0.0,0.0,0.18814662098884585
113,1701864000,0.0,0.0,0.0,0.0,1.7401296999999994e-24,1.3116606000000002e-24,1.7367672e-24,1.736764e-24,0.0,0.0,0.0,0.0,0.0,0.0,0.0,0.0,0.0,0.0,0.0,0.0,0.0,0.0,0.0,45.72416,0.060559668,0.0,6.5969880000000005,6.166109300000001e-28,0.0,0.0,0.0,1.5747464999999998e-27,0.0,0.0,0.0,1.3208218e-24,6.4e-44,0.0,0.0,1.0820921999999999e-27,0.0,0.0,0.0,0.18814662098884585
113,1701864600,0.0,0.0,0.0,0.0,1.7401296999999994e-24,1.3116606000000002e-24,1.7367672e-24,1.736764e-24,0.0,0.0,0.0,0.0,0.0,0.0,0.0,0.0,0.0,0.0,0.0,0.0,0.0,0.0,0.0,45.72416,0.060559668,0.0,6.5969880000000005,6.166109300000001e-28,0.0,0.0,0.0,1.5747464999999998e-27,0.0,0.0,0.0,1.3208218e-24,6.4e-44,0.0,0.0,1.0820921999999999e-27,0.0,0.0,0.0,0.18814662098884585
113,1701865200,0.0,0.0,0.0,0.0,1.7401296999999994e-24,1.3116606000000002e-24,1.7367672e-24,1.736764e-24,0.0,0.0,0.0,0.0,0.0,0.0,0.0,0.0,0.0,0.0,0.0,0.0,0.0,0.0,0.0,45.72416,0.060559668,0.0,6.5969880000000005,6.166109300000001e-28,0.0,0.0,0.0,1.5747464999999998e-27,0.0,0.0,0.0,1.3208218e-24,6.4e-44,0.0,0.0,1.0820921999999999e-27,0.0,0.0,0.0,0.18814662098884585
113,1701865800,0.0,0.0,0.0,0.0,1.7401296999999994e-24,1.3116606000000002e-24,1.7367672e-24,1.736764e-24,0.0,0.0,0.0,0.0,0.0,0.0,0.0,0.0,0.0,0.0,0.0,0.0,0.0,0.0,0.0,45.72416,0.060559668,0.0,6.5969880000000005,6.166109300000001e-28,0.0,0.0,0.0,1.5747464999999998e-27,0.0,0.0,0.0,1.3208218e-24,6.4e-44,0.0,0.0,1.0820921999999999e-27,0.0,0.0,0.0,0.18814662098884585
113,1701866400,0.0,0.0,0.0,0.0,1.7401296999999994e-24,1.3116606000000002e-24,1.7367672e-24,1.736764e-24,0.0,0.0,0.0,0.0,0.0,0.0,0.0,0.0,0.0,0.0,0.0,0.0,0.0,0.0,0.0,45.72416,0.060559668,0.0,6.5969880000000005,6.166109300000001e-28,0.0,0.0,0.0,1.5747464999999998e-27,0.0,0.0,0.0,1.3208218e-24,6.4e-44,0.0,0.0,1.0820921999999999e-27,0.0,0.0,0.0,0.18814662098884585
113,1701867000,0.0,0.0,0.0,0.0,1.7401296999999994e-24,1.3116606000000002e-24,1.7367672e-24,1.736764e-24,0.0,0.0,0.0,0.0,0.0,0.0,0.0,0.0,0.0,0.0,0.0,0.0,0.0,0.0,0.0,45.72416,0.060559668,0.0,6.5969880000000005,6.166109300000001e-28,0.0,0.0,0.0,1.5747464999999998e-27,0.0,0.0,0.0,1.3208218e-24,6.4e-44,0.0,0.0,1.0820921999999999e-27,0.0,0.0,0.0,0.18814662098884585
113,1701867600,0.0,0.0,0.0,0.0,1.7401296999999994e-24,1.3116606000000002e-24,1.7367672e-24,1.736764e-24,0.0,0.0,0.0,0.0,0.0,0.0,0.0,0.0,0.0,0.0,0.0,0.0,0.0,0.0,0.0,45.72416,0.060559668,0.0,6.5969880000000005,6.166109300000001e-28,0.0,0.0,0.0,1.5747464999999998e-27,0.0,0.0,0.0,1.3208218e-24,6.4e-44,0.0,0.0,1.0820921999999999e-27,0.0,0.0,0.0,0.18814662098884585
113,1701868200,0.0,0.0,0.0,0.0,1.7401296999999994e-24,1.3116606000000002e-24,1.7367672e-24,1.736764e-24,0.0,0.0,0.0,0.0,0.0,0.0,0.0,0.0,0.0,0.0,0.0,0.0,0.0,0.0,0.0,45.72416,0.060559668,0.0,6.5969880000000005,6.166109300000001e-28,0.0,0.0,0.0,1.5747464999999998e-27,0.0,0.0,0.0,1.3208218e-24,6.4e-44,0.0,0.0,1.0820921999999999e-27,0.0,0.0,0.0,0.18814662098884585
113,1701868800,0.0,0.0,0.0,0.0,1.7401296999999994e-24,1.3116606000000002e-24,1.7367672e-24,1.736764e-24,0.0,0.0,0.0,0.0,0.0,0.0,0.0,0.0,0.0,0.0,0.0,0.0,0.0,0.0,0.0,45.72416,0.060559668,0.0,6.5969880000000005,6.166109300000001e-28,0.0,0.0,0.0,1.5747464999999998e-27,0.0,0.0,0.0,1.3208218e-24,6.4e-44,0.0,0.0,1.0820921999999999e-27,0.0,0.0,0.0,0.18814662098884585
113,1701869400,0.0,0.0,0.0,0.0,1.7401296999999994e-24,1.3116606000000002e-24,1.7367672e-24,1.736764e-24,0.0,0.0,0.0,0.0,0.0,0.0,0.0,0.0,0.0,0.0,0.0,0.0,0.0,0.0,0.0,45.72416,0.060559668,0.0,6.5969880000000005,6.166109300000001e-28,0.0,0.0,0.0,1.5747464999999998e-27,0.0,0.0,0.0,1.3208218e-24,6.4e-44,0.0,0.0,1.0820921999999999e-27,0.0,0.0,0.0,0.18814662098884585
113,1701870000,0.0,0.0,0.0,0.0,1.7401296999999994e-24,1.3116606000000002e-24,1.7367672e-24,1.736764e-24,0.0,0.0,0.0,0.0,0.0,0.0,0.0,0.0,0.0,0.0,0.0,0.0,0.0,0.0,0.0,45.72416,0.060559668,0.0,6.5969880000000005,6.166109300000001e-28,0.0,0.0,0.0,1.5747464999999998e-27,0.0,0.0,0.0,1.3208218e-24,6.4e-44,0.0,0.0,1.0820921999999999e-27,0.0,0.0,0.0,0.18814662098884585
113,1701870600,0.0,0.0,0.0,0.0,1.7401296999999994e-24,1.3116606000000002e-24,1.7367672e-24,1.736764e-24,0.0,0.0,0.0,0.0,0.0,0.0,0.0,0.0,0.0,0.0,0.0,0.0,0.0,0.0,0.0,45.72416,0.060559668,0.0,6.5969880000000005,6.166109300000001e-28,0.0,0.0,0.0,1.5747464999999998e-27,0.0,0.0,0.0,1.3208218e-24,6.4e-44,0.0,0.0,1.0820921999999999e-27,0.0,0.0,0.0,0.18814662098884585
113,1701871200,0.0,0.0,0.0,0.0,1.7401296999999994e-24,1.3116606000000002e-24,1.7367672e-24,1.736764e-24,0.0,0.0,0.0,0.0,0.0,0.0,0.0,0.0,0.0,0.0,0.0,0.0,0.0,0.0,0.0,45.72416,0.060559668,0.0,6.5969880000000005,6.166109300000001e-28,0.0,0.0,0.0,1.5747464999999998e-27,0.0,0.0,0.0,1.3208218e-24,6.4e-44,0.0,0.0,1.0820921999999999e-27,0.0,0.0,0.0,0.18814662098884585
113,1701871800,0.0,0.0,0.0,0.0,1.7401296999999994e-24,1.3116606000000002e-24,1.7367672e-24,1.736764e-24,0.0,0.0,0.0,0.0,0.0,0.0,0.0,0.0,0.0,0.0,0.0,0.0,0.0,0.0,0.0,45.72416,0.060559668,0.0,6.5969880000000005,6.166109300000001e-28,0.0,0.0,0.0,1.5747464999999998e-27,0.0,0.0,0.0,1.3208218e-24,6.4e-44,0.0,0.0,1.0820921999999999e-27,0.0,0.0,0.0,0.18814662098884585
113,1701872400,0.0,0.0,0.0,0.0,1.7401296999999994e-24,1.3116606000000002e-24,1.7367672e-24,1.736764e-24,0.0,0.0,0.0,0.0,0.0,0.0,0.0,0.0,0.0,0.0,0.0,0.0,0.0,0.0,0.0,45.72416,0.060559668,0.0,6.5969880000000005,6.166109300000001e-28,0.0,0.0,0.0,1.5747464999999998e-27,0.0,0.0,0.0,1.3208218e-24,6.4e-44,0.0,0.0,1.0820921999999999e-27,0.0,0.0,0.0,0.18814662098884585
113,1701873000,0.0,0.0,0.0,0.0,1.7401296999999994e-24,1.3116606000000002e-24,1.7367672e-24,1.736764e-24,0.0,0.0,0.0,0.0,0.0,0.0,0.0,0.0,0.0,0.0,0.0,0.0,0.0,0.0,0.0,45.72416,0.060559668,0.0,6.5969880000000005,6.166109300000001e-28,0.0,0.0,0.0,1.5747464999999998e-27,0.0,0.0,0.0,1.3208218e-24,6.4e-44,0.0,0.0,1.0820921999999999e-27,0.0,0.0,0.0,0.18814662098884585
113,1701873600,0.0,0.0,0.0,0.0,1.7401296999999994e-24,1.3116606000000002e-24,1.7367672e-24,1.736764e-24,0.0,0.0,0.0,0.0,0.0,0.0,0.0,0.0,0.0,0.0,0.0,0.0,0.0,0.0,0.0,45.72416,0.060559668,0.0,6.5969880000000005,6.166109300000001e-28,0.0,0.0,0.0,1.5747464999999998e-27,0.0,0.0,0.0,1.3208218e-24,6.4e-44,0.0,0.0,1.0820921999999999e-27,0.0,0.0,0.0,0.18814662098884585
113,1701874200,0.0,0.0,0.0,0.0,1.7401296999999994e-24,1.3116606000000002e-24,1.7367672e-24,1.736764e-24,0.0,0.0,0.0,0.0,0.0,0.0,0.0,0.0,0.0,0.0,0.0,0.0,0.0,0.0,0.0,45.72416,0.060559668,0.0,6.5969880000000005,6.166109300000001e-28,0.0,0.0,0.0,1.5747464999999998e-27,0.0,0.0,0.0,1.3208218e-24,6.4e-44,0.0,0.0,1.0820921999999999e-27,0.0,0.0,0.0,0.18814662098884585
113,1701874800,0.0,0.0,0.0,0.0,1.7401296999999998e-24,1.3116606e-24,1.7367672e-24,1.736764e-24,0.0,0.0,0.0,0.0,0.0,0.0,0.0,0.0,0.0,0.0,0.0,0.0,0.0,0.0,0.0,45.72416,0.060559668,0.0,6.5969880000000005,6.1661093e-28,0.0,0.0,0.0,1.5747464999999998e-27,0.0,0.0,0.0,1.3208218e-24,6.4e-44,0.0,0.0,1.0820921999999999e-27,0.0,0.0,0.0,0.18814662098884585
113,1701875400,0.0,0.0,0.0,0.0,1.7401296999999994e-24,1.3116606000000002e-24,1.7367672e-24,1.736764e-24,0.0,0.0,0.0,0.0,0.0,0.0,0.0,0.0,0.0,0.0,0.0,0.0,0.0,0.0,0.0,45.72416,0.060559668,0.0,6.5969880000000005,6.166109300000001e-28,0.0,0.0,0.0,1.5747464999999998e-27,0.0,0.0,0.0,1.3208218e-24,6.4e-44,0.0,0.0,1.0820921999999999e-27,0.0,0.0,0.0,0.18814662098884585
113,1701876000,0.0,0.0,0.0,0.0,1.7401296999999994e-24,1.3116606000000002e-24,1.7367672e-24,1.736764e-24,0.0,0.0,0.0,0.0,0.0,0.0,0.0,0.0,0.0,0.0,0.0,0.0,0.0,0.0,0.0,45.72416,0.060559668,0.0,6.5969880000000005,6.166109300000001e-28,0.0,0.0,0.0,1.5747464999999998e-27,0.0,0.0,0.0,1.3208218e-24,6.4e-44,0.0,0.0,1.0820921999999999e-27,0.0,0.0,0.0,0.18814662098884585
113,1701876600,0.0,0.0,0.0,0.0,1.7401296999999994e-24,1.3116606000000002e-24,1.7367672e-24,1.736764e-24,0.0,0.0,0.0,0.0,0.0,0.0,0.0,0.0,0.0,0.0,0.0,0.0,0.0,0.0,0.0,45.72416,0.060559668,0.0,6.5969880000000005,6.166109300000001e-28,0.0,0.0,0.0,1.5747464999999998e-27,0.0,0.0,0.0,1.3208218e-24,6.4e-44,0.0,0.0,1.0820921999999999e-27,0.0,0.0,0.0,0.18814662098884585
113,1701877200,0.0,0.0,0.0,0.0,1.7401296999999994e-24,1.3116606000000002e-24,1.7367672e-24,1.736764e-24,0.0,0.0,0.0,0.0,0.0,0.0,0.0,0.0,0.0,0.0,0.0,0.0,0.0,0.0,0.0,45.72416,0.060559668,0.0,6.5969880000000005,6.166109300000001e-28,0.0,0.0,0.0,1.5747464999999998e-27,0.0,0.0,0.0,1.3208218e-24,6.4e-44,0.0,0.0,1.0820921999999999e-27,0.0,0.0,0.0,0.18814662098884585
113,1701877800,0.0,0.0,0.0,0.0,1.7401296999999994e-24,1.3116606000000002e-24,1.7367672e-24,1.736764e-24,0.0,0.0,0.0,0.0,0.0,0.0,0.0,0.0,0.0,0.0,0.0,0.0,0.0,0.0,0.0,45.72416,0.060559668,0.0,6.5969880000000005,6.166109300000001e-28,0.0,0.0,0.0,1.5747464999999998e-27,0.0,0.0,0.0,1.3208218e-24,6.4e-44,0.0,0.0,1.0820921999999999e-27,0.0,0.0,0.0,0.18814662098884585
113,1701878400,0.0,0.0,0.0,0.0,1.7401296999999994e-24,1.3116606000000002e-24,1.7367672e-24,1.736764e-24,0.0,0.0,0.0,0.0,0.0,0.0,0.0,0.0,0.0,0.0,0.0,0.0,0.0,0.0,0.0,45.72416,0.060559668,0.0,6.5969880000000005,6.166109300000001e-28,0.0,0.0,0.0,1.5747464999999998e-27,0.0,0.0,0.0,1.3208218e-24,6.4e-44,0.0,0.0,1.0820921999999999e-27,0.0,0.0,0.0,0.18814662098884585
113,1701879000,0.0,0.0,0.0,0.0,1.7401296999999994e-24,1.3116606000000002e-24,1.7367672e-24,1.736764e-24,0.0,0.0,0.0,0.0,0.0,0.0,0.0,0.0,0.0,0.0,0.0,0.0,0.0,0.0,0.0,45.72416,0.060559668,0.0,6.5969880000000005,6.166109300000001e-28,0.0,0.0,0.0,1.5747464999999998e-27,0.0,0.0,0.0,1.3208218e-24,6.4e-44,0.0,0.0,1.0820921999999999e-27,0.0,0.0,0.0,0.18814662098884585
113,1701879600,0.0,0.0,0.0,0.0,1.7401296999999994e-24,1.3116606000000002e-24,1.7367672e-24,1.736764e-24,0.0,0.0,0.0,0.0,0.0,0.0,0.0,0.0,0.0,0.0,0.0,0.0,0.0,0.0,0.0,45.72416,0.060559668,0.0,6.5969880000000005,6.166109300000001e-28,0.0,0.0,0.0,1.5747464999999998e-27,0.0,0.0,0.0,1.3208218e-24,6.4e-44,0.0,0.0,1.0820921999999999e-27,0.0,0.0,0.0,0.18814662098884585
113,1701880200,0.0,0.0,0.0,0.0,1.7401296999999994e-24,1.3116606000000002e-24,1.7367672e-24,1.736764e-24,0.0,0.0,0.0,0.0,0.0,0.0,0.0,0.0,0.0,0.0,0.0,0.0,0.0,0.0,0.0,45.72416,0.060559668,0.0,6.5969880000000005,6.166109300000001e-28,0.0,0.0,0.0,1.5747464999999998e-27,0.0,0.0,0.0,1.3208218e-24,6.4e-44,0.0,0.0,1.0820921999999999e-27,0.0,0.0,0.0,0.18814662098884585
113,1701880800,0.0,0.0,0.0,0.0,1.7401296999999994e-24,1.3116606000000002e-24,1.7367672e-24,1.736764e-24,0.0,0.0,0.0,0.0,0.0,0.0,0.0,0.0,0.0,0.0,0.0,0.0,0.0,0.0,0.0,45.72416,0.060559668,0.0,6.5969880000000005,6.166109300000001e-28,0.0,0.0,0.0,1.5747464999999998e-27,0.0,0.0,0.0,1.3208218e-24,6.4e-44,0.0,0.0,1.0820921999999999e-27,0.0,0.0,0.0,0.18814662098884585
113,1701881400,0.0,0.0,0.0,0.0,1.7401296999999994e-24,1.3116606000000002e-24,1.7367672e-24,1.736764e-24,0.0,0.0,0.0,0.0,0.0,0.0,0.0,0.0,0.0,0.0,0.0,0.0,0.0,0.0,0.0,45.72416,0.060559668,0.0,6.5969880000000005,6.166109300000001e-28,0.0,0.0,0.0,1.5747464999999998e-27,0.0,0.0,0.0,1.3208218e-24,6.4e-44,0.0,0.0,1.0820921999999999e-27,0.0,0.0,0.0,0.18814662098884585
113,1701882000,0.0,0.0,0.0,0.0,1.7401296999999994e-24,1.3116606000000002e-24,1.7367672e-24,1.736764e-24,0.0,0.0,0.0,0.0,0.0,0.0,0.0,0.0,0.0,0.0,0.0,0.0,0.0,0.0,0.0,45.72416,0.060559668,0.0,6.5969880000000005,6.166109300000001e-28,0.0,0.0,0.0,1.5747464999999998e-27,0.0,0.0,0.0,1.3208218e-24,6.4e-44,0.0,0.0,1.0820921999999999e-27,0.0,0.0,0.0,0.18814662098884585
113,1701882600,0.0,0.0,0.0,0.0,1.7401296999999994e-24,1.3116606000000002e-24,1.7367672e-24,1.736764e-24,0.0,0.0,0.0,0.0,0.0,0.0,0.0,0.0,0.0,0.0,0.0,0.0,0.0,0.0,0.0,45.72416,0.060559668,0.0,6.5969880000000005,6.166109300000001e-28,0.0,0.0,0.0,1.5747464999999998e-27,0.0,0.0,0.0,1.3208218e-24,6.4e-44,0.0,0.0,1.0820921999999999e-27,0.0,0.0,0.0,0.18814662098884585
113,1701883200,0.0,0.0,0.0,0.0,1.7401296999999994e-24,1.3116606000000002e-24,1.7367672e-24,1.736764e-24,0.0,0.0,0.0,0.0,0.0,0.0,0.0,0.0,0.0,0.0,0.0,0.0,0.0,0.0,0.0,45.72416,0.060559668,0.0,6.5969880000000005,6.166109300000001e-28,0.0,0.0,0.0,1.5747464999999998e-27,0.0,0.0,0.0,1.3208218e-24,6.4e-44,0.0,0.0,1.0820921999999999e-27,0.0,0.0,0.0,0.18814662098884585
113,1701883800,0.0,0.0,0.0,0.0,1.7401296999999994e-24,1.3116606000000002e-24,1.7367672e-24,1.736764e-24,0.0,0.0,0.0,0.0,0.0,0.0,0.0,0.0,0.0,0.0,0.0,0.0,0.0,0.0,0.0,45.72416,0.060559668,0.0,6.5969880000000005,6.166109300000001e-28,0.0,0.0,0.0,1.5747464999999998e-27,0.0,0.0,0.0,1.3208218e-24,6.4e-44,0.0,0.0,1.0820921999999999e-27,0.0,0.0,0.0,0.18814662098884585
113,1701884400,0.0,0.0,0.0,0.0,1.7401296999999994e-24,1.3116606000000002e-24,1.7367672e-24,1.736764e-24,0.0,0.0,0.0,0.0,0.0,0.0,0.0,0.0,0.0,0.0,0.0,0.0,0.0,0.0,0.0,45.72416,0.060559668,0.0,6.5969880000000005,6.166109300000001e-28,0.0,0.0,0.0,1.5747464999999998e-27,0.0,0.0,0.0,1.3208218e-24,6.4e-44,0.0,0.0,1.0820921999999999e-27,0.0,0.0,0.0,0.18814662098884585
113,1701885000,0.0,0.0,0.0,0.0,1.7401296999999994e-24,1.3116606000000002e-24,1.7367672e-24,1.736764e-24,0.0,0.0,0.0,0.0,0.0,0.0,0.0,0.0,0.0,0.0,0.0,0.0,0.0,0.0,0.0,45.72416,0.060559668,0.0,6.5969880000000005,6.166109300000001e-28,0.0,0.0,0.0,1.5747464999999998e-27,0.0,0.0,0.0,1.3208218e-24,6.4e-44,0.0,0.0,1.0820921999999999e-27,0.0,0.0,0.0,0.18814662098884585
113,1701885600,0.0,0.0,0.0,0.0,1.7401296999999994e-24,1.3116606000000002e-24,1.7367672e-24,1.736764e-24,0.0,0.0,0.0,0.0,0.0,0.0,0.0,0.0,0.0,0.0,0.0,0.0,0.0,0.0,0.0,45.72416,0.060559668,0.0,6.5969880000000005,6.166109300000001e-28,0.0,0.0,0.0,1.5747464999999998e-27,0.0,0.0,0.0,1.3208218e-24,6.4e-44,0.0,0.0,1.0820921999999999e-27,0.0,0.0,0.0,0.18814662098884585
113,1701886200,0.0,0.0,0.0,0.0,1.7401296999999994e-24,1.3116606000000002e-24,1.7367672e-24,1.736764e-24,0.0,0.0,0.0,0.0,0.0,0.0,0.0,0.0,0.0,0.0,0.0,0.0,0.0,0.0,0.0,45.72416,0.060559668,0.0,6.5969880000000005,6.166109300000001e-28,0.0,0.0,0.0,1.5747464999999998e-27,0.0,0.0,0.0,1.3208218e-24,6.4e-44,0.0,0.0,1.0820921999999999e-27,0.0,0.0,0.0,0.18814662098884585
113,1701886800,0.0,0.0,0.0,0.0,1.7401296999999994e-24,1.3116606000000002e-24,1.7367672e-24,1.736764e-24,0.0,0.0,0.0,0.0,0.0,0.0,0.0,0.0,0.0,0.0,0.0,0.0,0.0,0.0,0.0,45.72416,0.060559668,0.0,6.5969880000000005,6.166109300000001e-28,0.0,0.0,0.0,1.5747464999999998e-27,0.0,0.0,0.0,1.3208218e-24,6.4e-44,0.0,0.0,1.0820921999999999e-27,0.0,0.0,0.0,0.18814662098884585
113,1701887400,0.0,0.0,0.0,0.0,1.7401296999999994e-24,1.3116606000000002e-24,1.7367672e-24,1.736764e-24,0.0,0.0,0.0,0.0,0.0,0.0,0.0,0.0,0.0,0.0,0.0,0.0,0.0,0.0,0.0,45.72416,0.060559668,0.0,6.5969880000000005,6.166109300000001e-28,0.0,0.0,0.0,1.5747464999999998e-27,0.0,0.0,0.0,1.3208218e-24,6.4e-44,0.0,0.0,1.0820921999999999e-27,0.0,0.0,0.0,0.18814662098884585
113,1701888000,0.0,0.0,0.0,0.0,1.7401296999999994e-24,1.3116606000000002e-24,1.7367672e-24,1.736764e-24,0.0,0.0,0.0,0.0,0.0,0.0,0.0,0.0,0.0,0.0,0.0,0.0,0.0,0.0,0.0,45.72416,0.060559668,0.0,6.5969880000000005,6.166109300000001e-28,0.0,0.0,0.0,1.5747464999999998e-27,0.0,0.0,0.0,1.3208218e-24,6.4e-44,0.0,0.0,1.0820921999999999e-27,0.0,0.0,0.0,0.18814662098884585
113,1701888600,0.0,0.0,0.0,0.0,1.7401296999999994e-24,1.3116606000000002e-24,1.7367672e-24,1.736764e-24,0.0,0.0,0.0,0.0,0.0,0.0,0.0,0.0,0.0,0.0,0.0,0.0,0.0,0.0,0.0,45.72416,0.060559668,0.0,6.5969880000000005,6.166109300000001e-28,0.0,0.0,0.0,1.5747464999999998e-27,0.0,0.0,0.0,1.3208218e-24,6.4e-44,0.0,0.0,1.0820921999999999e-27,0.0,0.0,0.0,0.18814662098884585
113,1701889200,0.0,0.0,0.0,0.0,1.7401296999999994e-24,1.3116606000000002e-24,1.7367672e-24,1.736764e-24,0.0,0.0,0.0,0.0,0.0,0.0,0.0,0.0,0.0,0.0,0.0,0.0,0.0,0.0,0.0,45.72416,0.060559668,0.0,6.5969880000000005,6.166109300000001e-28,0.0,0.0,0.0,1.5747464999999998e-27,0.0,0.0,0.0,1.3208218e-24,6.4e-44,0.0,0.0,1.0820921999999999e-27,0.0,0.0,0.0,0.18814662098884585
113,1701889800,0.0,0.0,0.0,0.0,1.7401296999999994e-24,1.3116606000000002e-24,1.7367672e-24,1.736764e-24,0.0,0.0,0.0,0.0,0.0,0.0,0.0,0.0,0.0,0.0,0.0,0.0,0.0,0.0,0.0,45.72416,0.060559668,0.0,6.5969880000000005,6.166109300000001e-28,0.0,0.0,0.0,1.5747464999999998e-27,0.0,0.0,0.0,1.3208218e-24,6.4e-44,0.0,0.0,1.0820921999999999e-27,0.0,0.0,0.0,0.18814662098884585
113,1701890400,0.0,0.0,0.0,0.0,1.7401296999999994e-24,1.3116606000000002e-24,1.7367672e-24,1.736764e-24,0.0,0.0,0.0,0.0,0.0,0.0,0.0,0.0,0.0,0.0,0.0,0.0,0.0,0.0,0.0,45.72416,0.060559668,0.0,6.5969880000000005,6.166109300000001e-28,0.0,0.0,0.0,1.5747464999999998e-27,0.0,0.0,0.0,1.3208218e-24,6.4e-44,0.0,0.0,1.0820921999999999e-27,0.0,0.0,0.0,0.18814662098884585
113,1701891000,0.0,0.0,0.0,0.0,1.7401296999999994e-24,1.3116606000000002e-24,1.7367672e-24,1.736764e-24,0.0,0.0,0.0,0.0,0.0,0.0,0.0,0.0,0.0,0.0,0.0,0.0,0.0,0.0,0.0,45.72416,0.060559668,0.0,6.5969880000000005,6.166109300000001e-28,0.0,0.0,0.0,1.5747464999999998e-27,0.0,0.0,0.0,1.3208218e-24,6.4e-44,0.0,0.0,1.0820921999999999e-27,0.0,0.0,0.0,0.18814662098884585
113,1701891600,0.0,0.0,0.0,0.0,1.7401296999999994e-24,1.3116606000000002e-24,1.7367672e-24,1.736764e-24,0.0,0.0,0.0,0.0,0.0,0.0,0.0,0.0,0.0,0.0,0.0,0.0,0.0,0.0,0.0,45.72416,0.060559668,0.0,6.5969880000000005,6.166109300000001e-28,0.0,0.0,0.0,1.5747464999999998e-27,0.0,0.0,0.0,1.3208218e-24,6.4e-44,0.0,0.0,1.0820921999999999e-27,0.0,0.0,0.0,0.18814662098884585
113,1701892200,0.0,0.0,0.0,0.0,1.7401296999999994e-24,1.3116606000000002e-24,1.7367672e-24,1.736764e-24,0.0,0.0,0.0,0.0,0.0,0.0,0.0,0.0,0.0,0.0,0.0,0.0,0.0,0.0,0.0,45.72416,0.060559668,0.0,6.5969880000000005,6.166109300000001e-28,0.0,0.0,0.0,1.5747464999999998e-27,0.0,0.0,0.0,1.3208218e-24,6.4e-44,0.0,0.0,1.0820921999999999e-27,0.0,0.0,0.0,0.18814662098884585
113,1701892800,0.0,0.0,0.0,0.0,1.7401296999999994e-24,1.3116606000000002e-24,1.7367672e-24,1.736764e-24,0.0,0.0,0.0,0.0,0.0,0.0,0.0,0.0,0.0,0.0,0.0,0.0,0.0,0.0,0.0,45.72416,0.060559668,0.0,6.5969880000000005,6.166109300000001e-28,0.0,0.0,0.0,1.5747464999999998e-27,0.0,0.0,0.0,1.3208218e-24,6.4e-44,0.0,0.0,1.0820921999999999e-27,0.0,0.0,0.0,0.18814662098884585
113,1701893400,0.0,0.0,0.0,0.0,1.7401296999999994e-24,1.3116606000000002e-24,1.7367672e-24,1.736764e-24,0.0,0.0,0.0,0.0,0.0,0.0,0.0,0.0,0.0,0.0,0.0,0.0,0.0,0.0,0.0,45.72416,0.060559668,0.0,6.5969880000000005,6.166109300000001e-28,0.0,0.0,0.0,1.5747464999999998e-27,0.0,0.0,0.0,1.3208218e-24,6.4e-44,0.0,0.0,1.0820921999999999e-27,0.0,0.0,0.0,0.18814662098884585
113,1701894000,0.0,0.0,0.0,0.0,1.7401296999999994e-24,1.3116606000000002e-24,1.7367672e-24,1.736764e-24,0.0,0.0,0.0,0.0,0.0,0.0,0.0,0.0,0.0,0.0,0.0,0.0,0.0,0.0,0.0,45.72416,0.060559668,0.0,6.5969880000000005,6.166109300000001e-28,0.0,0.0,0.0,1.5747464999999998e-27,0.0,0.0,0.0,1.3208218e-24,6.4e-44,0.0,0.0,1.0820921999999999e-27,0.0,0.0,0.0,0.18814662098884585
113,1701894600,0.0,0.0,0.0,0.0,1.7401296999999994e-24,1.3116606000000002e-24,1.7367672e-24,1.736764e-24,0.0,0.0,0.0,0.0,0.0,0.0,0.0,0.0,0.0,0.0,0.0,0.0,0.0,0.0,0.0,45.72416,0.060559668,0.0,6.5969880000000005,6.166109300000001e-28,0.0,0.0,0.0,1.5747464999999998e-27,0.0,0.0,0.0,1.3208218e-24,6.4e-44,0.0,0.0,1.0820921999999999e-27,0.0,0.0,0.0,0.18814662098884585
113,1701895200,0.0,0.0,0.0,0.0,1.7401296999999994e-24,1.3116606000000002e-24,1.7367672e-24,1.736764e-24,0.0,0.0,0.0,0.0,0.0,0.0,0.0,0.0,0.0,0.0,0.0,0.0,0.0,0.0,0.0,45.72416,0.060559668,0.0,6.5969880000000005,6.166109300000001e-28,0.0,0.0,0.0,1.5747464999999998e-27,0.0,0.0,0.0,1.3208218e-24,6.4e-44,0.0,0.0,1.0820921999999999e-27,0.0,0.0,0.0,0.18814662098884585
113,1701895800,0.0,0.0,0.0,0.0,1.7401296999999994e-24,1.3116606000000002e-24,1.7367672e-24,1.736764e-24,0.0,0.0,0.0,0.0,0.0,0.0,0.0,0.0,0.0,0.0,0.0,0.0,0.0,0.0,0.0,45.72416,0.060559668,0.0,6.5969880000000005,6.166109300000001e-28,0.0,0.0,0.0,1.5747464999999998e-27,0.0,0.0,0.0,1.3208218e-24,6.4e-44,0.0,0.0,1.0820921999999999e-27,0.0,0.0,0.0,0.18814662098884585
113,1701896400,0.0,0.0,0.0,0.0,1.7401296999999994e-24,1.3116606000000002e-24,1.7367672e-24,1.736764e-24,0.0,0.0,0.0,0.0,0.0,0.0,0.0,0.0,0.0,0.0,0.0,0.0,0.0,0.0,0.0,45.72416,0.060559668,0.0,6.5969880000000005,6.166109300000001e-28,0.0,0.0,0.0,1.5747464999999998e-27,0.0,0.0,0.0,1.3208218e-24,6.4e-44,0.0,0.0,1.0820921999999999e-27,0.0,0.0,0.0,0.18814662098884585
113,1701897000,0.0,0.0,0.0,0.0,1.7401296999999994e-24,1.3116606000000002e-24,1.7367672e-24,1.736764e-24,0.0,0.0,0.0,0.0,0.0,0.0,0.0,0.0,0.0,0.0,0.0,0.0,0.0,0.0,0.0,45.72416,0.060559668,0.0,6.5969880000000005,6.166109300000001e-28,0.0,0.0,0.0,1.5747464999999998e-27,0.0,0.0,0.0,1.3208218e-24,6.4e-44,0.0,0.0,1.0820921999999999e-27,0.0,0.0,0.0,0.18814662098884585
113,1701897600,0.0,0.0,0.0,0.0,1.7401296999999994e-24,1.3116606000000002e-24,1.7367672e-24,1.736764e-24,0.0,0.0,0.0,0.0,0.0,0.0,0.0,0.0,0.0,0.0,0.0,0.0,0.0,0.0,0.0,45.72416,0.060559668,0.0,6.5969880000000005,6.166109300000001e-28,0.0,0.0,0.0,1.5747464999999998e-27,0.0,0.0,0.0,1.3208218e-24,6.4e-44,0.0,0.0,1.0820921999999999e-27,0.0,0.0,0.0,0.18814662098884585
113,1701898200,0.0,0.0,0.0,0.0,1.7401296999999994e-24,1.3116606000000002e-24,1.7367672e-24,1.736764e-24,0.0,0.0,0.0,0.0,0.0,0.0,0.0,0.0,0.0,0.0,0.0,0.0,0.0,0.0,0.0,45.72416,0.060559668,0.0,6.5969880000000005,6.166109300000001e-28,0.0,0.0,0.0,1.5747464999999998e-27,0.0,0.0,0.0,1.3208218e-24,6.4e-44,0.0,0.0,1.0820921999999999e-27,0.0,0.0,0.0,0.18814662098884585
113,1701898800,0.0,0.0,0.0,0.0,1.7401296999999994e-24,1.3116606000000002e-24,1.7367672e-24,1.736764e-24,0.0,0.0,0.0,0.0,0.0,0.0,0.0,0.0,0.0,0.0,0.0,0.0,0.0,0.0,0.0,45.72416,0.060559668,0.0,6.5969880000000005,6.166109300000001e-28,0.0,0.0,0.0,1.5747464999999998e-27,0.0,0.0,0.0,1.3208218e-24,6.4e-44,0.0,0.0,1.0820921999999999e-27,0.0,0.0,0.0,0.18814662098884585
113,1701899400,0.0,0.0,0.0,0.0,1.7401296999999994e-24,1.3116606000000002e-24,1.7367672e-24,1.736764e-24,0.0,0.0,0.0,0.0,0.0,0.0,0.0,0.0,0.0,0.0,0.0,0.0,0.0,0.0,0.0,45.72416,0.060559668,0.0,6.5969880000000005,6.166109300000001e-28,0.0,0.0,0.0,1.5747464999999998e-27,0.0,0.0,0.0,1.3208218e-24,6.4e-44,0.0,0.0,1.0820921999999999e-27,0.0,0.0,0.0,0.18814662098884585
113,1701900000,0.0,0.0,0.0,0.0,1.7401296999999994e-24,1.3116606000000002e-24,1.7367672e-24,1.736764e-24,0.0,0.0,0.0,0.0,0.0,0.0,0.0,0.0,0.0,0.0,0.0,0.0,0.0,0.0,0.0,45.72416,0.060559668,0.0,6.5969880000000005,6.166109300000001e-28,0.0,0.0,0.0,1.5747464999999998e-27,0.0,0.0,0.0,1.3208218e-24,6.4e-44,0.0,0.0,1.0820921999999999e-27,0.0,0.0,0.0,0.18814662098884585
113,1701900600,0.0,0.0,0.0,0.0,1.7401296999999994e-24,1.3116606000000002e-24,1.7367672e-24,1.736764e-24,0.0,0.0,0.0,0.0,0.0,0.0,0.0,0.0,0.0,0.0,0.0,0.0,0.0,0.0,0.0,45.72416,0.060559668,0.0,6.5969880000000005,6.166109300000001e-28,0.0,0.0,0.0,1.5747464999999998e-27,0.0,0.0,0.0,1.3208218e-24,6.4e-44,0.0,0.0,1.0820921999999999e-27,0.0,0.0,0.0,0.18814662098884585
113,1701901200,0.0,0.0,0.0,0.0,1.7401296999999994e-24,1.3116606000000002e-24,1.7367672e-24,1.736764e-24,0.0,0.0,0.0,0.0,0.0,0.0,0.0,0.0,0.0,0.0,0.0,0.0,0.0,0.0,0.0,45.72416,0.060559668,0.0,6.5969880000000005,6.166109300000001e-28,0.0,0.0,0.0,1.5747464999999998e-27,0.0,0.0,0.0,1.3208218e-24,6.4e-44,0.0,0.0,1.0820921999999999e-27,0.0,0.0,0.0,0.18814662098884585
113,1701901800,0.0,0.0,0.0,0.0,1.7401296999999994e-24,1.3116606000000002e-24,1.7367672e-24,1.736764e-24,0.0,0.0,0.0,0.0,0.0,0.0,0.0,0.0,0.0,0.0,0.0,0.0,0.0,0.0,0.0,45.72416,0.060559668,0.0,6.5969880000000005,6.166109300000001e-28,0.0,0.0,0.0,1.5747464999999998e-27,0.0,0.0,0.0,1.3208218e-24,6.4e-44,0.0,0.0,1.0820921999999999e-27,0.0,0.0,0.0,0.18814662098884585
113,1701902400,0.0,0.0,0.0,0.0,1.7401296999999994e-24,1.3116606000000002e-24,1.7367672e-24,1.736764e-24,0.0,0.0,0.0,0.0,0.0,0.0,0.0,0.0,0.0,0.0,0.0,0.0,0.0,0.0,0.0,45.72416,0.060559668,0.0,6.5969880000000005,6.166109300000001e-28,0.0,0.0,0.0,1.5747464999999998e-27,0.0,0.0,0.0,1.3208218e-24,6.4e-44,0.0,0.0,1.0820921999999999e-27,0.0,0.0,0.0,0.18814662098884585
113,1701903000,0.0,0.0,0.0,0.0,1.7401296999999994e-24,1.3116606000000002e-24,1.7367672e-24,1.736764e-24,0.0,0.0,0.0,0.0,0.0,0.0,0.0,0.0,0.0,0.0,0.0,0.0,0.0,0.0,0.0,45.72416,0.060559668,0.0,6.5969880000000005,6.166109300000001e-28,0.0,0.0,0.0,1.5747464999999998e-27,0.0,0.0,0.0,1.3208218e-24,6.4e-44,0.0,0.0,1.0820921999999999e-27,0.0,0.0,0.0,0.18814662098884585
113,1701903600,0.0,0.0,0.0,0.0,1.7401296999999994e-24,1.3116606000000002e-24,1.7367672e-24,1.736764e-24,0.0,0.0,0.0,0.0,0.0,0.0,0.0,0.0,0.0,0.0,0.0,0.0,0.0,0.0,0.0,45.72416,0.060559668,0.0,6.5969880000000005,6.166109300000001e-28,0.0,0.0,0.0,1.5747464999999998e-27,0.0,0.0,0.0,1.3208218e-24,6.4e-44,0.0,0.0,1.0820921999999999e-27,0.0,0.0,0.0,0.18814662098884585
113,1701904200,0.0,0.0,0.0,0.0,1.7401296999999994e-24,1.3116606000000002e-24,1.7367672e-24,1.736764e-24,0.0,0.0,0.0,0.0,0.0,0.0,0.0,0.0,0.0,0.0,0.0,0.0,0.0,0.0,0.0,45.72416,0.060559668,0.0,6.5969880000000005,6.166109300000001e-28,0.0,0.0,0.0,1.5747464999999998e-27,0.0,0.0,0.0,1.3208218e-24,6.4e-44,0.0,0.0,1.0820921999999999e-27,0.0,0.0,0.0,0.18814662098884585
113,1701904800,0.0,0.0,0.0,0.0,1.7401296999999994e-24,1.3116606000000002e-24,1.7367672e-24,1.736764e-24,0.0,0.0,0.0,0.0,0.0,0.0,0.0,0.0,0.0,0.0,0.0,0.0,0.0,0.0,0.0,45.72416,0.060559668,0.0,6.5969880000000005,6.166109300000001e-28,0.0,0.0,0.0,1.5747464999999998e-27,0.0,0.0,0.0,1.3208218e-24,6.4e-44,0.0,0.0,1.0820921999999999e-27,0.0,0.0,0.0,0.18814662098884585
113,1701905400,0.0,0.0,0.0,0.0,1.7401296999999994e-24,1.3116606000000002e-24,1.7367672e-24,1.736764e-24,0.0,0.0,0.0,0.0,0.0,0.0,0.0,0.0,0.0,0.0,0.0,0.0,0.0,0.0,0.0,45.72416,0.060559668,0.0,6.5969880000000005,6.166109300000001e-28,0.0,0.0,0.0,1.5747464999999998e-27,0.0,0.0,0.0,1.3208218e-24,6.4e-44,0.0,0.0,1.0820921999999999e-27,0.0,0.0,0.0,0.18814662098884585
113,1701906000,0.0,0.0,0.0,0.0,1.7401296999999994e-24,1.3116606000000002e-24,1.7367672e-24,1.736764e-24,0.0,0.0,0.0,0.0,0.0,0.0,0.0,0.0,0.0,0.0,0.0,0.0,0.0,0.0,0.0,45.72416,0.060559668,0.0,6.5969880000000005,6.166109300000001e-28,0.0,0.0,0.0,1.5747464999999998e-27,0.0,0.0,0.0,1.3208218e-24,6.4e-44,0.0,0.0,1.0820921999999999e-27,0.0,0.0,0.0,0.18814662098884585
113,1701906600,0.0,0.0,0.0,0.0,1.7401296999999994e-24,1.3116606000000002e-24,1.7367672e-24,1.736764e-24,0.0,0.0,0.0,0.0,0.0,0.0,0.0,0.0,0.0,0.0,0.0,0.0,0.0,0.0,0.0,45.72416,0.060559668,0.0,6.5969880000000005,6.166109300000001e-28,0.0,0.0,0.0,1.5747464999999998e-27,0.0,0.0,0.0,1.3208218e-24,6.4e-44,0.0,0.0,1.0820921999999999e-27,0.0,0.0,0.0,0.18814662098884585
113,1701907200,0.0,0.0,0.0,0.0,1.7401296999999994e-24,1.3116606000000002e-24,1.7367672e-24,1.736764e-24,0.0,0.0,0.0,0.0,0.0,0.0,0.0,0.0,0.0,0.0,0.0,0.0,0.0,0.0,0.0,45.72416,0.060559668,0.0,6.5969880000000005,6.166109300000001e-28,0.0,0.0,0.0,1.5747464999999998e-27,0.0,0.0,0.0,1.3208218e-24,6.4e-44,0.0,0.0,1.0820921999999999e-27,0.0,0.0,0.0,0.18814662098884585
113,1701907800,0.0,0.0,0.0,0.0,1.7401296999999994e-24,1.3116606000000002e-24,1.7367672e-24,1.736764e-24,0.0,0.0,0.0,0.0,0.0,0.0,0.0,0.0,0.0,0.0,0.0,0.0,0.0,0.0,0.0,45.72416,0.060559668,0.0,6.5969880000000005,6.166109300000001e-28,0.0,0.0,0.0,1.5747464999999998e-27,0.0,0.0,0.0,1.3208218e-24,6.4e-44,0.0,0.0,1.0820921999999999e-27,0.0,0.0,0.0,0.18814662098884585
113,1701908400,0.0,0.0,0.0,0.0,1.7401296999999994e-24,1.3116606000000002e-24,1.7367672e-24,1.736764e-24,0.0,0.0,0.0,0.0,0.0,0.0,0.0,0.0,0.0,0.0,0.0,0.0,0.0,0.0,0.0,45.72416,0.060559668,0.0,6.5969880000000005,6.166109300000001e-28,0.0,0.0,0.0,1.5747464999999998e-27,0.0,0.0,0.0,1.3208218e-24,6.4e-44,0.0,0.0,1.0820921999999999e-27,0.0,0.0,0.0,0.18814662098884585
113,1701909000,0.0,0.0,0.0,0.0,1.7401296999999994e-24,1.3116606000000002e-24,1.7367672e-24,1.736764e-24,0.0,0.0,0.0,0.0,0.0,0.0,0.0,0.0,0.0,0.0,0.0,0.0,0.0,0.0,0.0,45.72416,0.060559668,0.0,6.5969880000000005,6.166109300000001e-28,0.0,0.0,0.0,1.5747464999999998e-27,0.0,0.0,0.0,1.3208218e-24,6.4e-44,0.0,0.0,1.0820921999999999e-27,0.0,0.0,0.0,0.18814662098884585
113,1701909600,0.0,0.0,0.0,0.0,1.7401296999999994e-24,1.3116606000000002e-24,1.7367672e-24,1.736764e-24,0.0,0.0,0.0,0.0,0.0,0.0,0.0,0.0,0.0,0.0,0.0,0.0,0.0,0.0,0.0,45.72416,0.060559668,0.0,6.5969880000000005,6.166109300000001e-28,0.0,0.0,0.0,1.5747464999999998e-27,0.0,0.0,0.0,1.3208218e-24,6.4e-44,0.0,0.0,1.0820921999999999e-27,0.0,0.0,0.0,0.18814662098884585
113,1701910200,0.0,0.0,0.0,0.0,1.7401296999999994e-24,1.3116606000000002e-24,1.7367672e-24,1.736764e-24,0.0,0.0,0.0,0.0,0.0,0.0,0.0,0.0,0.0,0.0,0.0,0.0,0.0,0.0,0.0,45.72416,0.060559668,0.0,6.5969880000000005,6.166109300000001e-28,0.0,0.0,0.0,1.5747464999999998e-27,0.0,0.0,0.0,1.3208218e-24,6.4e-44,0.0,0.0,1.0820921999999999e-27,0.0,0.0,0.0,0.18814662098884585
113,1701910800,0.0,0.0,0.0,0.0,1.7401296999999994e-24,1.3116606000000002e-24,1.7367672e-24,1.736764e-24,0.0,0.0,0.0,0.0,0.0,0.0,0.0,0.0,0.0,0.0,0.0,0.0,0.0,0.0,0.0,45.72416,0.060559668,0.0,6.5969880000000005,6.166109300000001e-28,0.0,0.0,0.0,1.5747464999999998e-27,0.0,0.0,0.0,1.3208218e-24,6.4e-44,0.0,0.0,1.0820921999999999e-27,0.0,0.0,0.0,0.18814662098884585
113,1701911400,0.0,0.0,0.0,0.0,1.7401296999999994e-24,1.3116606000000002e-24,1.7367672e-24,1.736764e-24,0.0,0.0,0.0,0.0,0.0,0.0,0.0,0.0,0.0,0.0,0.0,0.0,0.0,0.0,0.0,45.72416,0.060559668,0.0,6.5969880000000005,6.166109300000001e-28,0.0,0.0,0.0,1.5747464999999998e-27,0.0,0.0,0.0,1.3208218e-24,6.4e-44,0.0,0.0,1.0820921999999999e-27,0.0,0.0,0.0,0.18814662098884585
113,1701912000,0.0,0.0,0.0,0.0,1.7401296999999994e-24,1.3116606000000002e-24,1.7367672e-24,1.736764e-24,0.0,0.0,0.0,0.0,0.0,0.0,0.0,0.0,0.0,0.0,0.0,0.0,0.0,0.0,0.0,45.72416,0.060559668,0.0,6.5969880000000005,6.166109300000001e-28,0.0,0.0,0.0,1.5747464999999998e-27,0.0,0.0,0.0,1.3208218e-24,6.4e-44,0.0,0.0,1.0820921999999999e-27,0.0,0.0,0.0,0.18814662098884585
113,1701912600,0.0,0.0,0.0,0.0,1.7401296999999994e-24,1.3116606000000002e-24,1.7367672e-24,1.736764e-24,0.0,0.0,0.0,0.0,0.0,0.0,0.0,0.0,0.0,0.0,0.0,0.0,0.0,0.0,0.0,45.72416,0.060559668,0.0,6.5969880000000005,6.166109300000001e-28,0.0,0.0,0.0,1.5747464999999998e-27,0.0,0.0,0.0,1.3208218e-24,6.4e-44,0.0,0.0,1.0820921999999999e-27,0.0,0.0,0.0,0.18814662098884585
113,1701913200,0.0,0.0,0.0,0.0,1.7401296999999994e-24,1.3116606000000002e-24,1.7367672e-24,1.736764e-24,0.0,0.0,0.0,0.0,0.0,0.0,0.0,0.0,0.0,0.0,0.0,0.0,0.0,0.0,0.0,45.72416,0.060559668,0.0,6.5969880000000005,6.166109300000001e-28,0.0,0.0,0.0,1.5747464999999998e-27,0.0,0.0,0.0,1.3208218e-24,6.4e-44,0.0,0.0,1.0820921999999999e-27,0.0,0.0,0.0,0.18814662098884585
113,1701913800,0.0,0.0,0.0,0.0,1.7401296999999994e-24,1.3116606000000002e-24,1.7367672e-24,1.736764e-24,0.0,0.0,0.0,0.0,0.0,0.0,0.0,0.0,0.0,0.0,0.0,0.0,0.0,0.0,0.0,45.72416,0.060559668,0.0,6.5969880000000005,6.166109300000001e-28,0.0,0.0,0.0,1.5747464999999998e-27,0.0,0.0,0.0,1.3208218e-24,6.4e-44,0.0,0.0,1.0820921999999999e-27,0.0,0.0,0.0,0.18814662098884585
113,1701914400,0.0,0.0,0.0,0.0,1.7401296999999994e-24,1.3116606000000002e-24,1.7367672e-24,1.736764e-24,0.0,0.0,0.0,0.0,0.0,0.0,0.0,0.0,0.0,0.0,0.0,0.0,0.0,0.0,0.0,45.72416,0.060559668,0.0,6.5969880000000005,6.166109300000001e-28,0.0,0.0,0.0,1.5747464999999998e-27,0.0,0.0,0.0,1.3208218e-24,6.4e-44,0.0,0.0,1.0820921999999999e-27,0.0,0.0,0.0,0.18814662098884585
113,1701915000,0.0,0.0,0.0,0.0,1.7401296999999994e-24,1.3116606000000002e-24,1.7367672e-24,1.736764e-24,0.0,0.0,0.0,0.0,0.0,0.0,0.0,0.0,0.0,0.0,0.0,0.0,0.0,0.0,0.0,45.72416,0.060559668,0.0,6.5969880000000005,6.166109300000001e-28,0.0,0.0,0.0,1.5747464999999998e-27,0.0,0.0,0.0,1.3208218e-24,6.4e-44,0.0,0.0,1.0820921999999999e-27,0.0,0.0,0.0,0.18814662098884585
113,1701915600,0.0,0.0,0.0,0.0,1.7401296999999994e-24,1.3116606000000002e-24,1.7367672e-24,1.736764e-24,0.0,0.0,0.0,0.0,0.0,0.0,0.0,0.0,0.0,0.0,0.0,0.0,0.0,0.0,0.0,45.72416,0.060559668,0.0,6.5969880000000005,6.166109300000001e-28,0.0,0.0,0.0,1.5747464999999998e-27,0.0,0.0,0.0,1.3208218e-24,6.4e-44,0.0,0.0,1.0820921999999999e-27,0.0,0.0,0.0,0.18814662098884585
113,1701916200,0.0,0.0,0.0,0.0,1.7401296999999994e-24,1.3116606000000002e-24,1.7367672e-24,1.736764e-24,0.0,0.0,0.0,0.0,0.0,0.0,0.0,0.0,0.0,0.0,0.0,0.0,0.0,0.0,0.0,45.72416,0.060559668,0.0,6.5969880000000005,6.166109300000001e-28,0.0,0.0,0.0,1.5747464999999998e-27,0.0,0.0,0.0,1.3208218e-24,6.4e-44,0.0,0.0,1.0820921999999999e-27,0.0,0.0,0.0,0.18814662098884585
113,1701916800,0.0,0.0,0.0,0.0,1.7401296999999994e-24,1.3116606000000002e-24,1.7367672e-24,1.736764e-24,0.0,0.0,0.0,0.0,0.0,0.0,0.0,0.0,0.0,0.0,0.0,0.0,0.0,0.0,0.0,45.72416,0.060559668,0.0,6.5969880000000005,6.166109300000001e-28,0.0,0.0,0.0,1.5747464999999998e-27,0.0,0.0,0.0,1.3208218e-24,6.4e-44,0.0,0.0,1.0820921999999999e-27,0.0,0.0,0.0,0.18814662098884585
113,1701917400,0.0,0.0,0.0,0.0,1.7401296999999994e-24,1.3116606000000002e-24,1.7367672e-24,1.736764e-24,0.0,0.0,0.0,0.0,0.0,0.0,0.0,0.0,0.0,0.0,0.0,0.0,0.0,0.0,0.0,45.72416,0.060559668,0.0,6.5969880000000005,6.166109300000001e-28,0.0,0.0,0.0,1.5747464999999998e-27,0.0,0.0,0.0,1.3208218e-24,6.4e-44,0.0,0.0,1.0820921999999999e-27,0.0,0.0,0.0,0.18814662098884585
113,1701918000,0.0,0.0,0.0,0.0,1.7401296999999994e-24,1.3116606000000002e-24,1.7367672e-24,1.736764e-24,0.0,0.0,0.0,0.0,0.0,0.0,0.0,0.0,0.0,0.0,0.0,0.0,0.0,0.0,0.0,45.72416,0.060559668,0.0,6.5969880000000005,6.166109300000001e-28,0.0,0.0,0.0,1.5747464999999998e-27,0.0,0.0,0.0,1.3208218e-24,6.4e-44,0.0,0.0,1.0820921999999999e-27,0.0,0.0,0.0,0.18814662098884585
113,1701918600,0.0,0.0,0.0,0.0,1.7401296999999994e-24,1.3116606000000002e-24,1.7367672e-24,1.736764e-24,0.0,0.0,0.0,0.0,0.0,0.0,0.0,0.0,0.0,0.0,0.0,0.0,0.0,0.0,0.0,45.72416,0.060559668,0.0,6.5969880000000005,6.166109300000001e-28,0.0,0.0,0.0,1.5747464999999998e-27,0.0,0.0,0.0,1.3208218e-24,6.4e-44,0.0,0.0,1.0820921999999999e-27,0.0,0.0,0.0,0.18814662098884585
113,1701919200,0.0,0.0,0.0,0.0,1.7401296999999994e-24,1.3116606000000002e-24,1.7367672e-24,1.736764e-24,0.0,0.0,0.0,0.0,0.0,0.0,0.0,0.0,0.0,0.0,0.0,0.0,0.0,0.0,0.0,45.72416,0.060559668,0.0,6.5969880000000005,6.166109300000001e-28,0.0,0.0,0.0,1.5747464999999998e-27,0.0,0.0,0.0,1.3208218e-24,6.4e-44,0.0,0.0,1.0820921999999999e-27,0.0,0.0,0.0,0.18814662098884585
113,1701919800,0.0,0.0,0.0,0.0,1.7401296999999994e-24,1.3116606000000002e-24,1.7367672e-24,1.736764e-24,0.0,0.0,0.0,0.0,0.0,0.0,0.0,0.0,0.0,0.0,0.0,0.0,0.0,0.0,0.0,45.72416,0.060559668,0.0,6.5969880000000005,6.166109300000001e-28,0.0,0.0,0.0,1.5747464999999998e-27,0.0,0.0,0.0,1.3208218e-24,6.4e-44,0.0,0.0,1.0820921999999999e-27,0.0,0.0,0.0,0.18814662098884585
113,1701920400,0.0,0.0,0.0,0.0,1.7401296999999994e-24,1.3116606000000002e-24,1.7367672e-24,1.736764e-24,0.0,0.0,0.0,0.0,0.0,0.0,0.0,0.0,0.0,0.0,0.0,0.0,0.0,0.0,0.0,45.72416,0.060559668,0.0,6.5969880000000005,6.166109300000001e-28,0.0,0.0,0.0,1.5747464999999998e-27,0.0,0.0,0.0,1.3208218e-24,6.4e-44,0.0,0.0,1.0820921999999999e-27,0.0,0.0,0.0,0.18814662098884585
113,1701921000,0.0,0.0,0.0,0.0,1.7401296999999994e-24,1.3116606000000002e-24,1.7367672e-24,1.736764e-24,0.0,0.0,0.0,0.0,0.0,0.0,0.0,0.0,0.0,0.0,0.0,0.0,0.0,0.0,0.0,45.72416,0.060559668,0.0,6.5969880000000005,6.166109300000001e-28,0.0,0.0,0.0,1.5747464999999998e-27,0.0,0.0,0.0,1.3208218e-24,6.4e-44,0.0,0.0,1.0820921999999999e-27,0.0,0.0,0.0,0.18814662098884585
113,1701921600,0.0,0.0,0.0,0.0,1.7401296999999994e-24,1.3116606000000002e-24,1.7367672e-24,1.736764e-24,0.0,0.0,0.0,0.0,0.0,0.0,0.0,0.0,0.0,0.0,0.0,0.0,0.0,0.0,0.0,45.72416,0.060559668,0.0,6.5969880000000005,6.166109300000001e-28,0.0,0.0,0.0,1.5747464999999998e-27,0.0,0.0,0.0,1.3208218e-24,6.4e-44,0.0,0.0,1.0820921999999999e-27,0.0,0.0,0.0,0.18814662098884585
113,1701922200,0.0,0.0,0.0,0.0,1.7401296999999994e-24,1.3116606000000002e-24,1.7367672e-24,1.736764e-24,0.0,0.0,0.0,0.0,0.0,0.0,0.0,0.0,0.0,0.0,0.0,0.0,0.0,0.0,0.0,45.72416,0.060559668,0.0,6.5969880000000005,6.166109300000001e-28,0.0,0.0,0.0,1.5747464999999998e-27,0.0,0.0,0.0,1.3208218e-24,6.4e-44,0.0,0.0,1.0820921999999999e-27,0.0,0.0,0.0,0.18814662098884585
113,1701922800,0.0,0.0,0.0,0.0,1.7401296999999994e-24,1.3116606000000002e-24,1.7367672e-24,1.736764e-24,0.0,0.0,0.0,0.0,0.0,0.0,0.0,0.0,0.0,0.0,0.0,0.0,0.0,0.0,0.0,45.72416,0.060559668,0.0,6.5969880000000005,6.166109300000001e-28,0.0,0.0,0.0,1.5747464999999998e-27,0.0,0.0,0.0,1.3208218e-24,6.4e-44,0.0,0.0,1.0820921999999999e-27,0.0,0.0,0.0,0.18814662098884585
113,1701923400,0.0,0.0,0.0,0.0,1.7401296999999994e-24,1.3116606000000002e-24,1.7367672e-24,1.736764e-24,0.0,0.0,0.0,0.0,0.0,0.0,0.0,0.0,0.0,0.0,0.0,0.0,0.0,0.0,0.0,45.72416,0.060559668,0.0,6.5969880000000005,6.166109300000001e-28,0.0,0.0,0.0,1.5747464999999998e-27,0.0,0.0,0.0,1.3208218e-24,6.4e-44,0.0,0.0,1.0820921999999999e-27,0.0,0.0,0.0,0.18814662098884585
113,1701924000,0.0,0.0,0.0,0.0,1.7401296999999994e-24,1.3116606000000002e-24,1.7367672e-24,1.736764e-24,0.0,0.0,0.0,0.0,0.0,0.0,0.0,0.0,0.0,0.0,0.0,0.0,0.0,0.0,0.0,45.72416,0.060559668,0.0,6.5969880000000005,6.166109300000001e-28,0.0,0.0,0.0,1.5747464999999998e-27,0.0,0.0,0.0,1.3208218e-24,6.4e-44,0.0,0.0,1.0820921999999999e-27,0.0,0.0,0.0,0.18814662098884585
113,1701924600,0.0,0.0,0.0,0.0,1.7401296999999994e-24,1.3116606000000002e-24,1.7367672e-24,1.736764e-24,0.0,0.0,0.0,0.0,0.0,0.0,0.0,0.0,0.0,0.0,0.0,0.0,0.0,0.0,0.0,45.72416,0.060559668,0.0,6.5969880000000005,6.166109300000001e-28,0.0,0.0,0.0,1.5747464999999998e-27,0.0,0.0,0.0,1.3208218e-24,6.4e-44,0.0,0.0,1.0820921999999999e-27,0.0,0.0,0.0,0.18814662098884585
113,1701925200,0.0,0.0,0.0,0.0,1.7401296999999994e-24,1.3116606000000002e-24,1.7367672e-24,1.736764e-24,0.0,0.0,0.0,0.0,0.0,0.0,0.0,0.0,0.0,0.0,0.0,0.0,0.0,0.0,0.0,45.72416,0.060559668,0.0,6.5969880000000005,6.166109300000001e-28,0.0,0.0,0.0,1.5747464999999998e-27,0.0,0.0,0.0,1.3208218e-24,6.4e-44,0.0,0.0,1.0820921999999999e-27,0.0,0.0,0.0,0.18814662098884585
113,1701925800,0.0,0.0,0.0,0.0,1.7401296999999994e-24,1.3116606000000002e-24,1.7367672e-24,1.736764e-24,0.0,0.0,0.0,0.0,0.0,0.0,0.0,0.0,0.0,0.0,0.0,0.0,0.0,0.0,0.0,45.72416,0.060559668,0.0,6.5969880000000005,6.166109300000001e-28,0.0,0.0,0.0,1.5747464999999998e-27,0.0,0.0,0.0,1.3208218e-24,6.4e-44,0.0,0.0,1.0820921999999999e-27,0.0,0.0,0.0,0.18814662098884585
113,1701926400,0.0,0.0,0.0,0.0,1.7401296999999994e-24,1.3116606000000002e-24,1.7367672e-24,1.736764e-24,0.0,0.0,0.0,0.0,0.0,0.0,0.0,0.0,0.0,0.0,0.0,0.0,0.0,0.0,0.0,45.72416,0.060559668,0.0,6.5969880000000005,6.166109300000001e-28,0.0,0.0,0.0,1.5747464999999998e-27,0.0,0.0,0.0,1.3208218e-24,6.4e-44,0.0,0.0,1.0820921999999999e-27,0.0,0.0,0.0,0.18814662098884585
113,1701927000,0.0,0.0,0.0,0.0,1.7401296999999994e-24,1.3116606000000002e-24,1.7367672e-24,1.736764e-24,0.0,0.0,0.0,0.0,0.0,0.0,0.0,0.0,0.0,0.0,0.0,0.0,0.0,0.0,0.0,45.72416,0.060559668,0.0,6.5969880000000005,6.166109300000001e-28,0.0,0.0,0.0,1.5747464999999998e-27,0.0,0.0,0.0,1.3208218e-24,6.4e-44,0.0,0.0,1.0820921999999999e-27,0.0,0.0,0.0,0.18814662098884585
113,1701927600,0.0,0.0,0.0,0.0,1.7401296999999994e-24,1.3116606000000002e-24,1.7367672e-24,1.736764e-24,0.0,0.0,0.0,0.0,0.0,0.0,0.0,0.0,0.0,0.0,0.0,0.0,0.0,0.0,0.0,45.72416,0.060559668,0.0,6.5969880000000005,6.166109300000001e-28,0.0,0.0,0.0,1.5747464999999998e-27,0.0,0.0,0.0,1.3208218e-24,6.4e-44,0.0,0.0,1.0820921999999999e-27,0.0,0.0,0.0,0.18814662098884585
113,1701928200,0.0,0.0,0.0,0.0,1.7401296999999994e-24,1.3116606000000002e-24,1.7367672e-24,1.736764e-24,0.0,0.0,0.0,0.0,0.0,0.0,0.0,0.0,0.0,0.0,0.0,0.0,0.0,0.0,0.0,45.72416,0.060559668,0.0,6.5969880000000005,6.166109300000001e-28,0.0,0.0,0.0,1.5747464999999998e-27,0.0,0.0,0.0,1.3208218e-24,6.4e-44,0.0,0.0,1.0820921999999999e-27,0.0,0.0,0.0,0.18814662098884585
113,1701928800,0.0,0.0,0.0,0.0,1.7401296999999994e-24,1.3116606000000002e-24,1.7367672e-24,1.736764e-24,0.0,0.0,0.0,0.0,0.0,0.0,0.0,0.0,0.0,0.0,0.0,0.0,0.0,0.0,0.0,45.72416,0.060559668,0.0,6.5969880000000005,6.166109300000001e-28,0.0,0.0,0.0,1.5747464999999998e-27,0.0,0.0,0.0,1.3208218e-24,6.4e-44,0.0,0.0,1.0820921999999999e-27,0.0,0.0,0.0,0.18814662098884585
113,1701929400,0.0,0.0,0.0,0.0,1.7401296999999994e-24,1.3116606000000002e-24,1.7367672e-24,1.736764e-24,0.0,0.0,0.0,0.0,0.0,0.0,0.0,0.0,0.0,0.0,0.0,0.0,0.0,0.0,0.0,45.72416,0.060559668,0.0,6.5969880000000005,6.166109300000001e-28,0.0,0.0,0.0,1.5747464999999998e-27,0.0,0.0,0.0,1.3208218e-24,6.4e-44,0.0,0.0,1.0820921999999999e-27,0.0,0.0,0.0,0.18814662098884585
113,1701930000,0.0,0.0,0.0,0.0,1.7401296999999994e-24,1.3116606000000002e-24,1.7367672e-24,1.736764e-24,0.0,0.0,0.0,0.0,0.0,0.0,0.0,0.0,0.0,0.0,0.0,0.0,0.0,0.0,0.0,45.72416,0.060559668,0.0,6.5969880000000005,6.166109300000001e-28,0.0,0.0,0.0,1.5747464999999998e-27,0.0,0.0,0.0,1.3208218e-24,6.4e-44,0.0,0.0,1.0820921999999999e-27,0.0,0.0,0.0,0.18814662098884585
113,1701930600,0.0,0.0,0.0,0.0,1.7401296999999994e-24,1.3116606000000002e-24,1.7367672e-24,1.736764e-24,0.0,0.0,0.0,0.0,0.0,0.0,0.0,0.0,0.0,0.0,0.0,0.0,0.0,0.0,0.0,45.72416,0.060559668,0.0,6.5969880000000005,6.166109300000001e-28,0.0,0.0,0.0,1.5747464999999998e-27,0.0,0.0,0.0,1.3208218e-24,6.4e-44,0.0,0.0,1.0820921999999999e-27,0.0,0.0,0.0,0.18814662098884585
113,1701931200,0.0,0.0,0.0,0.0,1.7401296999999994e-24,1.3116606000000002e-24,1.7367672e-24,1.736764e-24,0.0,0.0,0.0,0.0,0.0,0.0,0.0,0.0,0.0,0.0,0.0,0.0,0.0,0.0,0.0,45.72416,0.060559668,0.0,6.5969880000000005,6.166109300000001e-28,0.0,0.0,0.0,1.5747464999999998e-27,0.0,0.0,0.0,1.3208218e-24,6.4e-44,0.0,0.0,1.0820921999999999e-27,0.0,0.0,0.0,0.18814662098884585
113,1701931800,0.0,0.0,0.0,0.0,1.7401296999999994e-24,1.3116606000000002e-24,1.7367672e-24,1.736764e-24,0.0,0.0,0.0,0.0,0.0,0.0,0.0,0.0,0.0,0.0,0.0,0.0,0.0,0.0,0.0,45.72416,0.060559668,0.0,6.5969880000000005,6.166109300000001e-28,0.0,0.0,0.0,1.5747464999999998e-27,0.0,0.0,0.0,1.3208218e-24,6.4e-44,0.0,0.0,1.0820921999999999e-27,0.0,0.0,0.0,0.18814662098884585
113,1701932400,0.0,0.0,0.0,0.0,1.7401296999999994e-24,1.3116606000000002e-24,1.7367672e-24,1.736764e-24,0.0,0.0,0.0,0.0,0.0,0.0,0.0,0.0,0.0,0.0,0.0,0.0,0.0,0.0,0.0,45.72416,0.060559668,0.0,6.5969880000000005,6.166109300000001e-28,0.0,0.0,0.0,1.5747464999999998e-27,0.0,0.0,0.0,1.3208218e-24,6.4e-44,0.0,0.0,1.0820921999999999e-27,0.0,0.0,0.0,0.18814662098884585
113,1701933000,0.0,0.0,0.0,0.0,1.7401296999999994e-24,1.3116606000000002e-24,1.7367672e-24,1.736764e-24,0.0,0.0,0.0,0.0,0.0,0.0,0.0,0.0,0.0,0.0,0.0,0.0,0.0,0.0,0.0,45.72416,0.060559668,0.0,6.5969880000000005,6.166109300000001e-28,0.0,0.0,0.0,1.5747464999999998e-27,0.0,0.0,0.0,1.3208218e-24,6.4e-44,0.0,0.0,1.0820921999999999e-27,0.0,0.0,0.0,0.18814662098884585
113,1701933600,0.0,0.0,0.0,0.0,1.7401296999999994e-24,1.3116606000000002e-24,1.7367672e-24,1.736764e-24,0.0,0.0,0.0,0.0,0.0,0.0,0.0,0.0,0.0,0.0,0.0,0.0,0.0,0.0,0.0,45.72416,0.060559668,0.0,6.5969880000000005,6.166109300000001e-28,0.0,0.0,0.0,1.5747464999999998e-27,0.0,0.0,0.0,1.3208218e-24,6.4e-44,0.0,0.0,1.0820921999999999e-27,0.0,0.0,0.0,0.18814662098884585
113,1701934200,0.0,0.0,0.0,0.0,1.7401296999999994e-24,1.3116606000000002e-24,1.7367672e-24,1.736764e-24,0.0,0.0,0.0,0.0,0.0,0.0,0.0,0.0,0.0,0.0,0.0,0.0,0.0,0.0,0.0,45.72416,0.060559668,0.0,6.5969880000000005,6.166109300000001e-28,0.0,0.0,0.0,1.5747464999999998e-27,0.0,0.0,0.0,1.3208218e-24,6.4e-44,0.0,0.0,1.0820921999999999e-27,0.0,0.0,0.0,0.18814662098884585
113,1701934800,0.0,0.0,0.0,0.0,1.7401296999999994e-24,1.3116606000000002e-24,1.7367672e-24,1.736764e-24,0.0,0.0,0.0,0.0,0.0,0.0,0.0,0.0,0.0,0.0,0.0,0.0,0.0,0.0,0.0,45.72416,0.060559668,0.0,6.5969880000000005,6.166109300000001e-28,0.0,0.0,0.0,1.5747464999999998e-27,0.0,0.0,0.0,1.3208218e-24,6.4e-44,0.0,0.0,1.0820921999999999e-27,0.0,0.0,0.0,0.18814662098884585
113,1701935400,0.0,0.0,0.0,0.0,1.7401296999999994e-24,1.3116606000000002e-24,1.7367672e-24,1.736764e-24,0.0,0.0,0.0,0.0,0.0,0.0,0.0,0.0,0.0,0.0,0.0,0.0,0.0,0.0,0.0,45.72416,0.060559668,0.0,6.5969880000000005,6.166109300000001e-28,0.0,0.0,0.0,1.5747464999999998e-27,0.0,0.0,0.0,1.3208218e-24,6.4e-44,0.0,0.0,1.0820921999999999e-27,0.0,0.0,0.0,0.18814662098884585
113,1701936000,0.0,0.0,0.0,0.0,1.7401296999999994e-24,1.3116606000000002e-24,1.7367672e-24,1.736764e-24,0.0,0.0,0.0,0.0,0.0,0.0,0.0,0.0,0.0,0.0,0.0,0.0,0.0,0.0,0.0,45.72416,0.060559668,0.0,6.5969880000000005,6.166109300000001e-28,0.0,0.0,0.0,1.5747464999999998e-27,0.0,0.0,0.0,1.3208218e-24,6.4e-44,0.0,0.0,1.0820921999999999e-27,0.0,0.0,0.0,0.18814662098884585
113,1701936600,0.0,0.0,0.0,0.0,1.7401296999999994e-24,1.3116606000000002e-24,1.7367672e-24,1.736764e-24,0.0,0.0,0.0,0.0,0.0,0.0,0.0,0.0,0.0,0.0,0.0,0.0,0.0,0.0,0.0,45.72416,0.060559668,0.0,6.5969880000000005,6.166109300000001e-28,0.0,0.0,0.0,1.5747464999999998e-27,0.0,0.0,0.0,1.3208218e-24,6.4e-44,0.0,0.0,1.0820921999999999e-27,0.0,0.0,0.0,0.18814662098884585
113,1701937200,0.0,0.0,0.0,0.0,1.7401296999999994e-24,1.3116606000000002e-24,1.7367672e-24,1.736764e-24,0.0,0.0,0.0,0.0,0.0,0.0,0.0,0.0,0.0,0.0,0.0,0.0,0.0,0.0,0.0,45.72416,0.060559668,0.0,6.5969880000000005,6.166109300000001e-28,0.0,0.0,0.0,1.5747464999999998e-27,0.0,0.0,0.0,1.3208218e-24,6.4e-44,0.0,0.0,1.0820921999999999e-27,0.0,0.0,0.0,0.18814662098884585
113,1701937800,0.0,0.0,0.0,0.0,1.7401296999999994e-24,1.3116606000000002e-24,1.7367672e-24,1.736764e-24,0.0,0.0,0.0,0.0,0.0,0.0,0.0,0.0,0.0,0.0,0.0,0.0,0.0,0.0,0.0,45.72416,0.060559668,0.0,6.5969880000000005,6.166109300000001e-28,0.0,0.0,0.0,1.5747464999999998e-27,0.0,0.0,0.0,1.3208218e-24,6.4e-44,0.0,0.0,1.0820921999999999e-27,0.0,0.0,0.0,0.18814662098884585
113,1701938400,0.0,0.0,0.0,0.0,1.7401296999999994e-24,1.3116606000000002e-24,1.7367672e-24,1.736764e-24,0.0,0.0,0.0,0.0,0.0,0.0,0.0,0.0,0.0,0.0,0.0,0.0,0.0,0.0,0.0,45.72416,0.060559668,0.0,6.5969880000000005,6.166109300000001e-28,0.0,0.0,0.0,1.5747464999999998e-27,0.0,0.0,0.0,1.3208218e-24,6.4e-44,0.0,0.0,1.0820921999999999e-27,0.0,0.0,0.0,0.18814662098884585
113,1701939000,0.0,0.0,0.0,0.0,1.7401296999999994e-24,1.3116606000000002e-24,1.7367672e-24,1.736764e-24,0.0,0.0,0.0,0.0,0.0,0.0,0.0,0.0,0.0,0.0,0.0,0.0,0.0,0.0,0.0,45.72416,0.060559668,0.0,6.5969880000000005,6.166109300000001e-28,0.0,0.0,0.0,1.5747464999999998e-27,0.0,0.0,0.0,1.3208218e-24,6.4e-44,0.0,0.0,1.0820921999999999e-27,0.0,0.0,0.0,0.18814662098884585
113,1701939600,0.0,0.0,0.0,0.0,1.7401296999999994e-24,1.3116606000000002e-24,1.7367672e-24,1.736764e-24,0.0,0.0,0.0,0.0,0.0,0.0,0.0,0.0,0.0,0.0,0.0,0.0,0.0,0.0,0.0,45.72416,0.060559668,0.0,6.5969880000000005,6.166109300000001e-28,0.0,0.0,0.0,1.5747464999999998e-27,0.0,0.0,0.0,1.3208218e-24,6.4e-44,0.0,0.0,1.0820921999999999e-27,0.0,0.0,0.0,0.18814662098884585
113,1701940200,0.0,0.0,0.0,0.0,1.7401296999999994e-24,1.3116606000000002e-24,1.7367672e-24,1.736764e-24,0.0,0.0,0.0,0.0,0.0,0.0,0.0,0.0,0.0,0.0,0.0,0.0,0.0,0.0,0.0,45.72416,0.060559668,0.0,6.5969880000000005,6.166109300000001e-28,0.0,0.0,0.0,1.5747464999999998e-27,0.0,0.0,0.0,1.3208218e-24,6.4e-44,0.0,0.0,1.0820921999999999e-27,0.0,0.0,0.0,0.18814662098884585
113,1701940800,0.0,0.0,0.0,0.0,1.7401296999999994e-24,1.3116606000000002e-24,1.7367672e-24,1.736764e-24,0.0,0.0,0.0,0.0,0.0,0.0,0.0,0.0,0.0,0.0,0.0,0.0,0.0,0.0,0.0,45.72416,0.060559668,0.0,6.5969880000000005,6.166109300000001e-28,0.0,0.0,0.0,1.5747464999999998e-27,0.0,0.0,0.0,1.3208218e-24,6.4e-44,0.0,0.0,1.0820921999999999e-27,0.0,0.0,0.0,0.18814662098884585
113,1701941400,0.0,0.0,0.0,0.0,1.7401296999999994e-24,1.3116606000000002e-24,1.7367672e-24,1.736764e-24,0.0,0.0,0.0,0.0,0.0,0.0,0.0,0.0,0.0,0.0,0.0,0.0,0.0,0.0,0.0,45.72416,0.060559668,0.0,6.5969880000000005,6.166109300000001e-28,0.0,0.0,0.0,1.5747464999999998e-27,0.0,0.0,0.0,1.3208218e-24,6.4e-44,0.0,0.0,1.0820921999999999e-27,0.0,0.0,0.0,0.18814662098884585
113,1701942000,0.0,0.0,0.0,0.0,1.7401296999999994e-24,1.3116606000000002e-24,1.7367672e-24,1.736764e-24,0.0,0.0,0.0,0.0,0.0,0.0,0.0,0.0,0.0,0.0,0.0,0.0,0.0,0.0,0.0,45.72416,0.060559668,0.0,6.5969880000000005,6.166109300000001e-28,0.0,0.0,0.0,1.5747464999999998e-27,0.0,0.0,0.0,1.3208218e-24,6.4e-44,0.0,0.0,1.0820921999999999e-27,0.0,0.0,0.0,0.18814662098884585
113,1701942600,0.0,0.0,0.0,0.0,1.7401296999999994e-24,1.3116606000000002e-24,1.7367672e-24,1.736764e-24,0.0,0.0,0.0,0.0,0.0,0.0,0.0,0.0,0.0,0.0,0.0,0.0,0.0,0.0,0.0,45.72416,0.060559668,0.0,6.5969880000000005,6.166109300000001e-28,0.0,0.0,0.0,1.5747464999999998e-27,0.0,0.0,0.0,1.3208218e-24,6.4e-44,0.0,0.0,1.0820921999999999e-27,0.0,0.0,0.0,0.18814662098884585
113,1701943200,0.0,0.0,0.0,0.0,1.7401296999999994e-24,1.3116606000000002e-24,1.7367672e-24,1.736764e-24,0.0,0.0,0.0,0.0,0.0,0.0,0.0,0.0,0.0,0.0,0.0,0.0,0.0,0.0,0.0,45.72416,0.060559668,0.0,6.5969880000000005,6.166109300000001e-28,0.0,0.0,0.0,1.5747464999999998e-27,0.0,0.0,0.0,1.3208218e-24,6.4e-44,0.0,0.0,1.0820921999999999e-27,0.0,0.0,0.0,0.18814662098884585
113,1701943800,0.0,0.0,0.0,0.0,1.7401296999999994e-24,1.3116606000000002e-24,1.7367672e-24,1.736764e-24,0.0,0.0,0.0,0.0,0.0,0.0,0.0,0.0,0.0,0.0,0.0,0.0,0.0,0.0,0.0,45.72416,0.060559668,0.0,6.5969880000000005,6.166109300000001e-28,0.0,0.0,0.0,1.5747464999999998e-27,0.0,0.0,0.0,1.3208218e-24,6.4e-44,0.0,0.0,1.0820921999999999e-27,0.0,0.0,0.0,0.18814662098884585
113,1701944400,0.0,0.0,0.0,0.0,1.7401296999999994e-24,1.3116606000000002e-24,1.7367672e-24,1.736764e-24,0.0,0.0,0.0,0.0,0.0,0.0,0.0,0.0,0.0,0.0,0.0,0.0,0.0,0.0,0.0,45.72416,0.060559668,0.0,6.5969880000000005,6.166109300000001e-28,0.0,0.0,0.0,1.5747464999999998e-27,0.0,0.0,0.0,1.3208218e-24,6.4e-44,0.0,0.0,1.0820921999999999e-27,0.0,0.0,0.0,0.18814662098884585
113,1701945000,0.0,0.0,0.0,0.0,1.7401296999999994e-24,1.3116606000000002e-24,1.7367672e-24,1.736764e-24,0.0,0.0,0.0,0.0,0.0,0.0,0.0,0.0,0.0,0.0,0.0,0.0,0.0,0.0,0.0,45.72416,0.060559668,0.0,6.5969880000000005,6.166109300000001e-28,0.0,0.0,0.0,1.5747464999999998e-27,0.0,0.0,0.0,1.3208218e-24,6.4e-44,0.0,0.0,1.0820921999999999e-27,0.0,0.0,0.0,0.18814662098884585
113,1701945600,0.0,0.0,0.0,0.0,1.7401296999999994e-24,1.3116606000000002e-24,1.7367672e-24,1.736764e-24,0.0,0.0,0.0,0.0,0.0,0.0,0.0,0.0,0.0,0.0,0.0,0.0,0.0,0.0,0.0,45.72416,0.060559668,0.0,6.5969880000000005,6.166109300000001e-28,0.0,0.0,0.0,1.5747464999999998e-27,0.0,0.0,0.0,1.3208218e-24,6.4e-44,0.0,0.0,1.0820921999999999e-27,0.0,0.0,0.0,0.18814662098884585
113,1701946200,0.0,0.0,0.0,0.0,1.7401296999999994e-24,1.3116606000000002e-24,1.7367672e-24,1.736764e-24,0.0,0.0,0.0,0.0,0.0,0.0,0.0,0.0,0.0,0.0,0.0,0.0,0.0,0.0,0.0,45.72416,0.060559668,0.0,6.5969880000000005,6.166109300000001e-28,0.0,0.0,0.0,1.5747464999999998e-27,0.0,0.0,0.0,1.3208218e-24,6.4e-44,0.0,0.0,1.0820921999999999e-27,0.0,0.0,0.0,0.18814662098884585
113,1701946800,0.0,0.0,0.0,0.0,1.7401296999999994e-24,1.3116606000000002e-24,1.7367672e-24,1.736764e-24,0.0,0.0,0.0,0.0,0.0,0.0,0.0,0.0,0.0,0.0,0.0,0.0,0.0,0.0,0.0,45.72416,0.060559668,0.0,6.5969880000000005,6.166109300000001e-28,0.0,0.0,0.0,1.5747464999999998e-27,0.0,0.0,0.0,1.3208218e-24,6.4e-44,0.0,0.0,1.0820921999999999e-27,0.0,0.0,0.0,0.18814662098884585
113,1701947400,0.0,0.0,0.0,0.0,1.7401296999999994e-24,1.3116606000000002e-24,1.7367672e-24,1.736764e-24,0.0,0.0,0.0,0.0,0.0,0.0,0.0,0.0,0.0,0.0,0.0,0.0,0.0,0.0,0.0,45.72416,0.060559668,0.0,6.5969880000000005,6.166109300000001e-28,0.0,0.0,0.0,1.5747464999999998e-27,0.0,0.0,0.0,1.3208218e-24,6.4e-44,0.0,0.0,1.0820921999999999e-27,0.0,0.0,0.0,0.18814662098884585
113,1701948000,0.0,0.0,0.0,0.0,1.7401296999999994e-24,1.3116606000000002e-24,1.7367672e-24,1.736764e-24,0.0,0.0,0.0,0.0,0.0,0.0,0.0,0.0,0.0,0.0,0.0,0.0,0.0,0.0,0.0,45.72416,0.060559668,0.0,6.5969880000000005,6.166109300000001e-28,0.0,0.0,0.0,1.5747464999999998e-27,0.0,0.0,0.0,1.3208218e-24,6.4e-44,0.0,0.0,1.0820921999999999e-27,0.0,0.0,0.0,0.18814662098884585
113,1701948600,0.0,0.0,0.0,0.0,1.7401296999999994e-24,1.3116606000000002e-24,1.7367672e-24,1.736764e-24,0.0,0.0,0.0,0.0,0.0,0.0,0.0,0.0,0.0,0.0,0.0,0.0,0.0,0.0,0.0,45.72416,0.060559668,0.0,6.5969880000000005,6.166109300000001e-28,0.0,0.0,0.0,1.5747464999999998e-27,0.0,0.0,0.0,1.3208218e-24,6.4e-44,0.0,0.0,1.0820921999999999e-27,0.0,0.0,0.0,0.18814662098884585
113,1701949200,0.0,0.0,0.0,0.0,1.7401296999999994e-24,1.3116606000000002e-24,1.7367672e-24,1.736764e-24,0.0,0.0,0.0,0.0,0.0,0.0,0.0,0.0,0.0,0.0,0.0,0.0,0.0,0.0,0.0,45.72416,0.060559668,0.0,6.5969880000000005,6.166109300000001e-28,0.0,0.0,0.0,1.5747464999999998e-27,0.0,0.0,0.0,1.3208218e-24,6.4e-44,0.0,0.0,1.0820921999999999e-27,0.0,0.0,0.0,0.18814662098884585
113,1701949800,0.0,0.0,0.0,0.0,1.7401296999999994e-24,1.3116606000000002e-24,1.7367672e-24,1.736764e-24,0.0,0.0,0.0,0.0,0.0,0.0,0.0,0.0,0.0,0.0,0.0,0.0,0.0,0.0,0.0,45.72416,0.060559668,0.0,6.5969880000000005,6.166109300000001e-28,0.0,0.0,0.0,1.5747464999999998e-27,0.0,0.0,0.0,1.3208218e-24,6.4e-44,0.0,0.0,1.0820921999999999e-27,0.0,0.0,0.0,0.18814662098884585
113,1701950400,0.0,0.0,0.0,0.0,1.7401296999999994e-24,1.3116606000000002e-24,1.7367672e-24,1.736764e-24,0.0,0.0,0.0,0.0,0.0,0.0,0.0,0.0,0.0,0.0,0.0,0.0,0.0,0.0,0.0,45.72416,0.060559668,0.0,6.5969880000000005,6.166109300000001e-28,0.0,0.0,0.0,1.5747464999999998e-27,0.0,0.0,0.0,1.3208218e-24,6.4e-44,0.0,0.0,1.0820921999999999e-27,0.0,0.0,0.0,0.18814662098884585
113,1701951000,0.0,0.0,0.0,0.0,1.7401296999999994e-24,1.3116606000000002e-24,1.7367672e-24,1.736764e-24,0.0,0.0,0.0,0.0,0.0,0.0,0.0,0.0,0.0,0.0,0.0,0.0,0.0,0.0,0.0,45.72416,0.060559668,0.0,6.5969880000000005,6.166109300000001e-28,0.0,0.0,0.0,1.5747464999999998e-27,0.0,0.0,0.0,1.3208218e-24,6.4e-44,0.0,0.0,1.0820921999999999e-27,0.0,0.0,0.0,0.18814662098884585
113,1701951600,0.0,0.0,0.0,0.0,1.7401296999999994e-24,1.3116606000000002e-24,1.7367672e-24,1.736764e-24,0.0,0.0,0.0,0.0,0.0,0.0,0.0,0.0,0.0,0.0,0.0,0.0,0.0,0.0,0.0,45.72416,0.060559668,0.0,6.5969880000000005,6.166109300000001e-28,0.0,0.0,0.0,1.5747464999999998e-27,0.0,0.0,0.0,1.3208218e-24,6.4e-44,0.0,0.0,1.0820921999999999e-27,0.0,0.0,0.0,0.18814662098884585
113,1701952200,0.0,0.0,0.0,0.0,1.7401296999999994e-24,1.3116606000000002e-24,1.7367672e-24,1.736764e-24,0.0,0.0,0.0,0.0,0.0,0.0,0.0,0.0,0.0,0.0,0.0,0.0,0.0,0.0,0.0,45.72416,0.060559668,0.0,6.5969880000000005,6.166109300000001e-28,0.0,0.0,0.0,1.5747464999999998e-27,0.0,0.0,0.0,1.3208218e-24,6.4e-44,0.0,0.0,1.0820921999999999e-27,0.0,0.0,0.0,0.18814662098884585
113,1701952800,0.0,0.0,0.0,0.0,1.7401296999999994e-24,1.3116606000000002e-24,1.7367672e-24,1.736764e-24,0.0,0.0,0.0,0.0,0.0,0.0,0.0,0.0,0.0,0.0,0.0,0.0,0.0,0.0,0.0,45.72416,0.060559668,0.0,6.5969880000000005,6.166109300000001e-28,0.0,0.0,0.0,1.5747464999999998e-27,0.0,0.0,0.0,1.3208218e-24,6.4e-44,0.0,0.0,1.0820921999999999e-27,0.0,0.0,0.0,0.18814662098884585
113,1701953400,0.0,0.0,0.0,0.0,1.7401296999999994e-24,1.3116606000000002e-24,1.7367672e-24,1.736764e-24,0.0,0.0,0.0,0.0,0.0,0.0,0.0,0.0,0.0,0.0,0.0,0.0,0.0,0.0,0.0,45.72416,0.060559668,0.0,6.5969880000000005,6.166109300000001e-28,0.0,0.0,0.0,1.5747464999999998e-27,0.0,0.0,0.0,1.3208218e-24,6.4e-44,0.0,0.0,1.0820921999999999e-27,0.0,0.0,0.0,0.18814662098884585
113,1701954000,0.0,0.0,0.0,0.0,1.7401296999999994e-24,1.3116606000000002e-24,1.7367672e-24,1.736764e-24,0.0,0.0,0.0,0.0,0.0,0.0,0.0,0.0,0.0,0.0,0.0,0.0,0.0,0.0,0.0,45.72416,0.060559668,0.0,6.5969880000000005,6.166109300000001e-28,0.0,0.0,0.0,1.5747464999999998e-27,0.0,0.0,0.0,1.3208218e-24,6.4e-44,0.0,0.0,1.0820921999999999e-27,0.0,0.0,0.0,0.18814662098884585
113,1701954600,0.0,0.0,0.0,0.0,1.7401296999999994e-24,1.3116606000000002e-24,1.7367672e-24,1.736764e-24,0.0,0.0,0.0,0.0,0.0,0.0,0.0,0.0,0.0,0.0,0.0,0.0,0.0,0.0,0.0,45.72416,0.060559668,0.0,6.5969880000000005,6.166109300000001e-28,0.0,0.0,0.0,1.5747464999999998e-27,0.0,0.0,0.0,1.3208218e-24,6.4e-44,0.0,0.0,1.0820921999999999e-27,0.0,0.0,0.0,0.18814662098884585
113,1701955200,0.0,0.0,0.0,0.0,1.7401296999999994e-24,1.3116606000000002e-24,1.7367672e-24,1.736764e-24,0.0,0.0,0.0,0.0,0.0,0.0,0.0,0.0,0.0,0.0,0.0,0.0,0.0,0.0,0.0,45.72416,0.060559668,0.0,6.5969880000000005,6.166109300000001e-28,0.0,0.0,0.0,1.5747464999999998e-27,0.0,0.0,0.0,1.3208218e-24,6.4e-44,0.0,0.0,1.0820921999999999e-27,0.0,0.0,0.0,0.18814662098884585
113,1701955800,0.0,0.0,0.0,0.0,1.7401296999999994e-24,1.3116606000000002e-24,1.7367672e-24,1.736764e-24,0.0,0.0,0.0,0.0,0.0,0.0,0.0,0.0,0.0,0.0,0.0,0.0,0.0,0.0,0.0,45.72416,0.060559668,0.0,6.5969880000000005,6.166109300000001e-28,0.0,0.0,0.0,1.5747464999999998e-27,0.0,0.0,0.0,1.3208218e-24,6.4e-44,0.0,0.0,1.0820921999999999e-27,0.0,0.0,0.0,0.18814662098884585
113,1701956400,0.0,0.0,0.0,0.0,1.7401296999999994e-24,1.3116606000000002e-24,1.7367672e-24,1.736764e-24,0.0,0.0,0.0,0.0,0.0,0.0,0.0,0.0,0.0,0.0,0.0,0.0,0.0,0.0,0.0,45.72416,0.060559668,0.0,6.5969880000000005,6.166109300000001e-28,0.0,0.0,0.0,1.5747464999999998e-27,0.0,0.0,0.0,1.3208218e-24,6.4e-44,0.0,0.0,1.0820921999999999e-27,0.0,0.0,0.0,0.18814662098884585
113,1701957000,0.0,0.0,0.0,0.0,1.7401296999999994e-24,1.3116606000000002e-24,1.7367672e-24,1.736764e-24,0.0,0.0,0.0,0.0,0.0,0.0,0.0,0.0,0.0,0.0,0.0,0.0,0.0,0.0,0.0,45.72416,0.060559668,0.0,6.5969880000000005,6.166109300000001e-28,0.0,0.0,0.0,1.5747464999999998e-27,0.0,0.0,0.0,1.3208218e-24,6.4e-44,0.0,0.0,1.0820921999999999e-27,0.0,0.0,0.0,0.18814662098884585
113,1701957600,0.0,0.0,0.0,0.0,1.7401296999999994e-24,1.3116606000000002e-24,1.7367672e-24,1.736764e-24,0.0,0.0,0.0,0.0,0.0,0.0,0.0,0.0,0.0,0.0,0.0,0.0,0.0,0.0,0.0,45.72416,0.060559668,0.0,6.5969880000000005,6.166109300000001e-28,0.0,0.0,0.0,1.5747464999999998e-27,0.0,0.0,0.0,1.3208218e-24,6.4e-44,0.0,0.0,1.0820921999999999e-27,0.0,0.0,0.0,0.18814662098884585
113,1701958200,0.0,0.0,0.0,0.0,1.7401296999999994e-24,1.3116606000000002e-24,1.7367672e-24,1.736764e-24,0.0,0.0,0.0,0.0,0.0,0.0,0.0,0.0,0.0,0.0,0.0,0.0,0.0,0.0,0.0,45.72416,0.060559668,0.0,6.5969880000000005,6.166109300000001e-28,0.0,0.0,0.0,1.5747464999999998e-27,0.0,0.0,0.0,1.3208218e-24,6.4e-44,0.0,0.0,1.0820921999999999e-27,0.0,0.0,0.0,0.18814662098884585
113,1701958800,0.0,0.0,0.0,0.0,1.7401296999999994e-24,1.3116606000000002e-24,1.7367672e-24,1.736764e-24,0.0,0.0,0.0,0.0,0.0,0.0,0.0,0.0,0.0,0.0,0.0,0.0,0.0,0.0,0.0,45.72416,0.060559668,0.0,6.5969880000000005,6.166109300000001e-28,0.0,0.0,0.0,1.5747464999999998e-27,0.0,0.0,0.0,1.3208218e-24,6.4e-44,0.0,0.0,1.0820921999999999e-27,0.0,0.0,0.0,0.18814662098884585
113,1701959400,0.0,0.0,0.0,0.0,1.7401296999999994e-24,1.3116606000000002e-24,1.7367672e-24,1.736764e-24,0.0,0.0,0.0,0.0,0.0,0.0,0.0,0.0,0.0,0.0,0.0,0.0,0.0,0.0,0.0,45.72416,0.060559668,0.0,6.5969880000000005,6.166109300000001e-28,0.0,0.0,0.0,1.5747464999999998e-27,0.0,0.0,0.0,1.3208218e-24,6.4e-44,0.0,0.0,1.0820921999999999e-27,0.0,0.0,0.0,0.18814662098884585
113,1701960000,0.0,0.0,0.0,0.0,1.7401296999999994e-24,1.3116606000000002e-24,1.7367672e-24,1.736764e-24,0.0,0.0,0.0,0.0,0.0,0.0,0.0,0.0,0.0,0.0,0.0,0.0,0.0,0.0,0.0,45.72416,0.060559668,0.0,6.5969880000000005,6.166109300000001e-28,0.0,0.0,0.0,1.5747464999999998e-27,0.0,0.0,0.0,1.3208218e-24,6.4e-44,0.0,0.0,1.0820921999999999e-27,0.0,0.0,0.0,0.18814662098884585
113,1701960600,0.0,0.0,0.0,0.0,1.7401296999999994e-24,1.3116606000000002e-24,1.7367672e-24,1.736764e-24,0.0,0.0,0.0,0.0,0.0,0.0,0.0,0.0,0.0,0.0,0.0,0.0,0.0,0.0,0.0,45.72416,0.060559668,0.0,6.5969880000000005,6.166109300000001e-28,0.0,0.0,0.0,1.5747464999999998e-27,0.0,0.0,0.0,1.3208218e-24,6.4e-44,0.0,0.0,1.0820921999999999e-27,0.0,0.0,0.0,0.18814662098884585
113,1701961200,0.0,0.0,0.0,0.0,1.7401296999999994e-24,1.3116606000000002e-24,1.7367672e-24,1.736764e-24,0.0,0.0,0.0,0.0,0.0,0.0,0.0,0.0,0.0,0.0,0.0,0.0,0.0,0.0,0.0,45.72416,0.060559668,0.0,6.5969880000000005,6.166109300000001e-28,0.0,0.0,0.0,1.5747464999999998e-27,0.0,0.0,0.0,1.3208218e-24,6.4e-44,0.0,0.0,1.0820921999999999e-27,0.0,0.0,0.0,0.18814662098884585
113,1701961800,0.0,0.0,0.0,0.0,1.7401296999999994e-24,1.3116606000000002e-24,1.7367672e-24,1.736764e-24,0.0,0.0,0.0,0.0,0.0,0.0,0.0,0.0,0.0,0.0,0.0,0.0,0.0,0.0,0.0,45.72416,0.060559668,0.0,6.5969880000000005,6.166109300000001e-28,0.0,0.0,0.0,1.5747464999999998e-27,0.0,0.0,0.0,1.3208218e-24,6.4e-44,0.0,0.0,1.0820921999999999e-27,0.0,0.0,0.0,0.18814662098884585
113,1701962400,0.0,0.0,0.0,0.0,1.7401296999999994e-24,1.3116606000000002e-24,1.7367672e-24,1.736764e-24,0.0,0.0,0.0,0.0,0.0,0.0,0.0,0.0,0.0,0.0,0.0,0.0,0.0,0.0,0.0,45.72416,0.060559668,0.0,6.5969880000000005,6.166109300000001e-28,0.0,0.0,0.0,1.5747464999999998e-27,0.0,0.0,0.0,1.3208218e-24,6.4e-44,0.0,0.0,1.0820921999999999e-27,0.0,0.0,0.0,0.18814662098884585
113,1701963000,0.0,0.0,0.0,0.0,1.7401296999999994e-24,1.3116606000000002e-24,1.7367672e-24,1.736764e-24,0.0,0.0,0.0,0.0,0.0,0.0,0.0,0.0,0.0,0.0,0.0,0.0,0.0,0.0,0.0,45.72416,0.060559668,0.0,6.5969880000000005,6.166109300000001e-28,0.0,0.0,0.0,1.5747464999999998e-27,0.0,0.0,0.0,1.3208218e-24,6.4e-44,0.0,0.0,1.0820921999999999e-27,0.0,0.0,0.0,0.18814662098884585
113,1701963600,0.0,0.0,0.0,0.0,1.7401296999999994e-24,1.3116606000000002e-24,1.7367672e-24,1.736764e-24,0.0,0.0,0.0,0.0,0.0,0.0,0.0,0.0,0.0,0.0,0.0,0.0,0.0,0.0,0.0,45.72416,0.060559668,0.0,6.5969880000000005,6.166109300000001e-28,0.0,0.0,0.0,1.5747464999999998e-27,0.0,0.0,0.0,1.3208218e-24,6.4e-44,0.0,0.0,1.0820921999999999e-27,0.0,0.0,0.0,0.18814662098884585
113,1701964200,0.0,0.0,0.0,0.0,1.7401296999999994e-24,1.3116606000000002e-24,1.7367672e-24,1.736764e-24,0.0,0.0,0.0,0.0,0.0,0.0,0.0,0.0,0.0,0.0,0.0,0.0,0.0,0.0,0.0,45.72416,0.060559668,0.0,6.5969880000000005,6.166109300000001e-28,0.0,0.0,0.0,1.5747464999999998e-27,0.0,0.0,0.0,1.3208218e-24,6.4e-44,0.0,0.0,1.0820921999999999e-27,0.0,0.0,0.0,0.18814662098884585
113,1701964800,0.0,0.0,0.0,0.0,1.7401296999999994e-24,1.3116606000000002e-24,1.7367672e-24,1.736764e-24,0.0,0.0,0.0,0.0,0.0,0.0,0.0,0.0,0.0,0.0,0.0,0.0,0.0,0.0,0.0,45.72416,0.060559668,0.0,6.5969880000000005,6.166109300000001e-28,0.0,0.0,0.0,1.5747464999999998e-27,0.0,0.0,0.0,1.3208218e-24,6.4e-44,0.0,0.0,1.0820921999999999e-27,0.0,0.0,0.0,0.18814662098884585
113,1701965400,0.0,0.0,0.0,0.0,1.7401296999999994e-24,1.3116606000000002e-24,1.7367672e-24,1.736764e-24,0.0,0.0,0.0,0.0,0.0,0.0,0.0,0.0,0.0,0.0,0.0,0.0,0.0,0.0,0.0,45.72416,0.060559668,0.0,6.5969880000000005,6.166109300000001e-28,0.0,0.0,0.0,1.5747464999999998e-27,0.0,0.0,0.0,1.3208218e-24,6.4e-44,0.0,0.0,1.0820921999999999e-27,0.0,0.0,0.0,0.18814662098884585
113,1701966000,0.0,0.0,0.0,0.0,1.7401296999999994e-24,1.3116606000000002e-24,1.7367672e-24,1.736764e-24,0.0,0.0,0.0,0.0,0.0,0.0,0.0,0.0,0.0,0.0,0.0,0.0,0.0,0.0,0.0,45.72416,0.060559668,0.0,6.5969880000000005,6.166109300000001e-28,0.0,0.0,0.0,1.5747464999999998e-27,0.0,0.0,0.0,1.3208218e-24,6.4e-44,0.0,0.0,1.0820921999999999e-27,0.0,0.0,0.0,0.18814662098884585
113,1701966600,0.0,0.0,0.0,0.0,1.7401296999999994e-24,1.3116606000000002e-24,1.7367672e-24,1.736764e-24,0.0,0.0,0.0,0.0,0.0,0.0,0.0,0.0,0.0,0.0,0.0,0.0,0.0,0.0,0.0,45.72416,0.060559668,0.0,6.5969880000000005,6.166109300000001e-28,0.0,0.0,0.0,1.5747464999999998e-27,0.0,0.0,0.0,1.3208218e-24,6.4e-44,0.0,0.0,1.0820921999999999e-27,0.0,0.0,0.0,0.18814662098884585
113,1701967200,0.0,0.0,0.0,0.0,1.7401296999999994e-24,1.3116606000000002e-24,1.7367672e-24,1.736764e-24,0.0,0.0,0.0,0.0,0.0,0.0,0.0,0.0,0.0,0.0,0.0,0.0,0.0,0.0,0.0,45.72416,0.060559668,0.0,6.5969880000000005,6.166109300000001e-28,0.0,0.0,0.0,1.5747464999999998e-27,0.0,0.0,0.0,1.3208218e-24,6.4e-44,0.0,0.0,1.0820921999999999e-27,0.0,0.0,0.0,0.18814662098884585
113,1701967800,0.0,0.0,0.0,0.0,1.7401296999999994e-24,1.3116606000000002e-24,1.7367672e-24,1.736764e-24,0.0,0.0,0.0,0.0,0.0,0.0,0.0,0.0,0.0,0.0,0.0,0.0,0.0,0.0,0.0,45.72416,0.060559668,0.0,6.5969880000000005,6.166109300000001e-28,0.0,0.0,0.0,1.5747464999999998e-27,0.0,0.0,0.0,1.3208218e-24,6.4e-44,0.0,0.0,1.0820921999999999e-27,0.0,0.0,0.0,0.18814662098884585
113,1701968400,0.0,0.0,0.0,0.0,1.7401296999999994e-24,1.3116606000000002e-24,1.7367672e-24,1.736764e-24,0.0,0.0,0.0,0.0,0.0,0.0,0.0,0.0,0.0,0.0,0.0,0.0,0.0,0.0,0.0,45.72416,0.060559668,0.0,6.5969880000000005,6.166109300000001e-28,0.0,0.0,0.0,1.5747464999999998e-27,0.0,0.0,0.0,1.3208218e-24,6.4e-44,0.0,0.0,1.0820921999999999e-27,0.0,0.0,0.0,0.18814662098884585
113,1701969000,0.0,0.0,0.0,0.0,1.7401296999999994e-24,1.3116606000000002e-24,1.7367672e-24,1.736764e-24,0.0,0.0,0.0,0.0,0.0,0.0,0.0,0.0,0.0,0.0,0.0,0.0,0.0,0.0,0.0,45.72416,0.060559668,0.0,6.5969880000000005,6.166109300000001e-28,0.0,0.0,0.0,1.5747464999999998e-27,0.0,0.0,0.0,1.3208218e-24,6.4e-44,0.0,0.0,1.0820921999999999e-27,0.0,0.0,0.0,0.18814662098884585
113,1701969600,0.0,0.0,0.0,0.0,1.7401296999999994e-24,1.3116606000000002e-24,1.7367672e-24,1.736764e-24,0.0,0.0,0.0,0.0,0.0,0.0,0.0,0.0,0.0,0.0,0.0,0.0,0.0,0.0,0.0,45.72416,0.060559668,0.0,6.5969880000000005,6.166109300000001e-28,0.0,0.0,0.0,1.5747464999999998e-27,0.0,0.0,0.0,1.3208218e-24,6.4e-44,0.0,0.0,1.0820921999999999e-27,0.0,0.0,0.0,0.18814662098884585
113,1701970200,0.0,0.0,0.0,0.0,1.7401296999999994e-24,1.3116606000000002e-24,1.7367672e-24,1.736764e-24,0.0,0.0,0.0,0.0,0.0,0.0,0.0,0.0,0.0,0.0,0.0,0.0,0.0,0.0,0.0,45.72416,0.060559668,0.0,6.5969880000000005,6.166109300000001e-28,0.0,0.0,0.0,1.5747464999999998e-27,0.0,0.0,0.0,1.3208218e-24,6.4e-44,0.0,0.0,1.0820921999999999e-27,0.0,0.0,0.0,0.18814662098884585
113,1701970800,0.0,0.0,0.0,0.0,1.7401296999999994e-24,1.3116606000000002e-24,1.7367672e-24,1.736764e-24,0.0,0.0,0.0,0.0,0.0,0.0,0.0,0.0,0.0,0.0,0.0,0.0,0.0,0.0,0.0,45.72416,0.060559668,0.0,6.5969880000000005,6.166109300000001e-28,0.0,0.0,0.0,1.5747464999999998e-27,0.0,0.0,0.0,1.3208218e-24,6.4e-44,0.0,0.0,1.0820921999999999e-27,0.0,0.0,0.0,0.18814662098884585
113,1701971400,0.0,0.0,0.0,0.0,1.7401296999999994e-24,1.3116606000000002e-24,1.7367672e-24,1.736764e-24,0.0,0.0,0.0,0.0,0.0,0.0,0.0,0.0,0.0,0.0,0.0,0.0,0.0,0.0,0.0,45.72416,0.060559668,0.0,6.5969880000000005,6.166109300000001e-28,0.0,0.0,0.0,1.5747464999999998e-27,0.0,0.0,0.0,1.3208218e-24,6.4e-44,0.0,0.0,1.0820921999999999e-27,0.0,0.0,0.0,0.18814662098884585
113,1701972000,0.0,0.0,0.0,0.0,1.7401296999999994e-24,1.3116606000000002e-24,1.7367672e-24,1.736764e-24,0.0,0.0,0.0,0.0,0.0,0.0,0.0,0.0,0.0,0.0,0.0,0.0,0.0,0.0,0.0,45.72416,0.060559668,0.0,6.5969880000000005,6.166109300000001e-28,0.0,0.0,0.0,1.5747464999999998e-27,0.0,0.0,0.0,1.3208218e-24,6.4e-44,0.0,0.0,1.0820921999999999e-27,0.0,0.0,0.0,0.18814662098884585
113,1701972600,0.0,0.0,0.0,0.0,1.7401296999999994e-24,1.3116606000000002e-24,1.7367672e-24,1.736764e-24,0.0,0.0,0.0,0.0,0.0,0.0,0.0,0.0,0.0,0.0,0.0,0.0,0.0,0.0,0.0,45.72416,0.060559668,0.0,6.5969880000000005,6.166109300000001e-28,0.0,0.0,0.0,1.5747464999999998e-27,0.0,0.0,0.0,1.3208218e-24,6.4e-44,0.0,0.0,1.0820921999999999e-27,0.0,0.0,0.0,0.18814662098884585
113,1701973200,0.0,0.0,0.0,0.0,1.7401296999999994e-24,1.3116606000000002e-24,1.7367672e-24,1.736764e-24,0.0,0.0,0.0,0.0,0.0,0.0,0.0,0.0,0.0,0.0,0.0,0.0,0.0,0.0,0.0,45.72416,0.060559668,0.0,6.5969880000000005,6.166109300000001e-28,0.0,0.0,0.0,1.5747464999999998e-27,0.0,0.0,0.0,1.3208218e-24,6.4e-44,0.0,0.0,1.0820921999999999e-27,0.0,0.0,0.0,0.18814662098884585
113,1701973800,0.0,0.0,0.0,0.0,1.7401296999999994e-24,1.3116606000000002e-24,1.7367672e-24,1.736764e-24,0.0,0.0,0.0,0.0,0.0,0.0,0.0,0.0,0.0,0.0,0.0,0.0,0.0,0.0,0.0,45.72416,0.060559668,0.0,6.5969880000000005,6.166109300000001e-28,0.0,0.0,0.0,1.5747464999999998e-27,0.0,0.0,0.0,1.3208218e-24,6.4e-44,0.0,0.0,1.0820921999999999e-27,0.0,0.0,0.0,0.18814662098884585
113,1701974400,0.0,0.0,0.0,0.0,1.7401296999999994e-24,1.3116606000000002e-24,1.7367672e-24,1.736764e-24,0.0,0.0,0.0,0.0,0.0,0.0,0.0,0.0,0.0,0.0,0.0,0.0,0.0,0.0,0.0,45.72416,0.060559668,0.0,6.5969880000000005,6.166109300000001e-28,0.0,0.0,0.0,1.5747464999999998e-27,0.0,0.0,0.0,1.3208218e-24,6.4e-44,0.0,0.0,1.0820921999999999e-27,0.0,0.0,0.0,0.18814662098884585
113,1701975000,0.0,0.0,0.0,0.0,1.7401296999999994e-24,1.3116606000000002e-24,1.7367672e-24,1.736764e-24,0.0,0.0,0.0,0.0,0.0,0.0,0.0,0.0,0.0,0.0,0.0,0.0,0.0,0.0,0.0,45.72416,0.060559668,0.0,6.5969880000000005,6.166109300000001e-28,0.0,0.0,0.0,1.5747464999999998e-27,0.0,0.0,0.0,1.3208218e-24,6.4e-44,0.0,0.0,1.0820921999999999e-27,0.0,0.0,0.0,0.18814662098884585
113,1701975600,0.0,0.0,0.0,0.0,1.7401296999999994e-24,1.3116606000000002e-24,1.7367672e-24,1.736764e-24,0.0,0.0,0.0,0.0,0.0,0.0,0.0,0.0,0.0,0.0,0.0,0.0,0.0,0.0,0.0,45.72416,0.060559668,0.0,6.5969880000000005,6.166109300000001e-28,0.0,0.0,0.0,1.5747464999999998e-27,0.0,0.0,0.0,1.3208218e-24,6.4e-44,0.0,0.0,1.0820921999999999e-27,0.0,0.0,0.0,0.18814662098884585
113,1701976200,0.0,0.0,0.0,0.0,1.7401296999999994e-24,1.3116606000000002e-24,1.7367672e-24,1.736764e-24,0.0,0.0,0.0,0.0,0.0,0.0,0.0,0.0,0.0,0.0,0.0,0.0,0.0,0.0,0.0,45.72416,0.060559668,0.0,6.5969880000000005,6.166109300000001e-28,0.0,0.0,0.0,1.5747464999999998e-27,0.0,0.0,0.0,1.3208218e-24,6.4e-44,0.0,0.0,1.0820921999999999e-27,0.0,0.0,0.0,0.18814662098884585
113,1701976800,0.0,0.0,0.0,0.0,1.7401296999999994e-24,1.3116606000000002e-24,1.7367672e-24,1.736764e-24,0.0,0.0,0.0,0.0,0.0,0.0,0.0,0.0,0.0,0.0,0.0,0.0,0.0,0.0,0.0,45.72416,0.060559668,0.0,6.5969880000000005,6.166109300000001e-28,0.0,0.0,0.0,1.5747464999999998e-27,0.0,0.0,0.0,1.3208218e-24,6.4e-44,0.0,0.0,1.0820921999999999e-27,0.0,0.0,0.0,0.18814662098884585
113,1701977400,0.0,0.0,0.0,0.0,1.7401296999999994e-24,1.3116606000000002e-24,1.7367672e-24,1.736764e-24,0.0,0.0,0.0,0.0,0.0,0.0,0.0,0.0,0.0,0.0,0.0,0.0,0.0,0.0,0.0,45.72416,0.060559668,0.0,6.5969880000000005,6.166109300000001e-28,0.0,0.0,0.0,1.5747464999999998e-27,0.0,0.0,0.0,1.3208218e-24,6.4e-44,0.0,0.0,1.0820921999999999e-27,0.0,0.0,0.0,0.18814662098884585
113,1701978000,0.0,0.0,0.0,0.0,1.7401296999999994e-24,1.3116606000000002e-24,1.7367672e-24,1.736764e-24,0.0,0.0,0.0,0.0,0.0,0.0,0.0,0.0,0.0,0.0,0.0,0.0,0.0,0.0,0.0,45.72416,0.060559668,0.0,6.5969880000000005,6.166109300000001e-28,0.0,0.0,0.0,1.5747464999999998e-27,0.0,0.0,0.0,1.3208218e-24,6.4e-44,0.0,0.0,1.0820921999999999e-27,0.0,0.0,0.0,0.18814662098884585
113,1701978600,0.0,0.0,0.0,0.0,1.7401296999999994e-24,1.3116606000000002e-24,1.7367672e-24,1.736764e-24,0.0,0.0,0.0,0.0,0.0,0.0,0.0,0.0,0.0,0.0,0.0,0.0,0.0,0.0,0.0,45.72416,0.060559668,0.0,6.5969880000000005,6.166109300000001e-28,0.0,0.0,0.0,1.5747464999999998e-27,0.0,0.0,0.0,1.3208218e-24,6.4e-44,0.0,0.0,1.0820921999999999e-27,0.0,0.0,0.0,0.18814662098884585
113,1701979200,0.0,0.0,0.0,0.0,1.7401296999999994e-24,1.3116606000000002e-24,1.7367672e-24,1.736764e-24,0.0,0.0,0.0,0.0,0.0,0.0,0.0,0.0,0.0,0.0,0.0,0.0,0.0,0.0,0.0,45.72416,0.060559668,0.0,6.5969880000000005,6.166109300000001e-28,0.0,0.0,0.0,1.5747464999999998e-27,0.0,0.0,0.0,1.3208218e-24,6.4e-44,0.0,0.0,1.0820921999999999e-27,0.0,0.0,0.0,0.18814662098884585
113,1701979800,0.0,0.0,0.0,0.0,1.7401296999999994e-24,1.3116606000000002e-24,1.7367672e-24,1.736764e-24,0.0,0.0,0.0,0.0,0.0,0.0,0.0,0.0,0.0,0.0,0.0,0.0,0.0,0.0,0.0,45.72416,0.060559668,0.0,6.5969880000000005,6.166109300000001e-28,0.0,0.0,0.0,1.5747464999999998e-27,0.0,0.0,0.0,1.3208218e-24,6.4e-44,0.0,0.0,1.0820921999999999e-27,0.0,0.0,0.0,0.18814662098884585
113,1701980400,0.0,0.0,0.0,0.0,1.7401296999999994e-24,1.3116606000000002e-24,1.7367672e-24,1.736764e-24,0.0,0.0,0.0,0.0,0.0,0.0,0.0,0.0,0.0,0.0,0.0,0.0,0.0,0.0,0.0,45.72416,0.060559668,0.0,6.5969880000000005,6.166109300000001e-28,0.0,0.0,0.0,1.5747464999999998e-27,0.0,0.0,0.0,1.3208218e-24,6.4e-44,0.0,0.0,1.0820921999999999e-27,0.0,0.0,0.0,0.18814662098884585
113,1701981000,0.0,0.0,0.0,0.0,1.7401296999999994e-24,1.3116606000000002e-24,1.7367672e-24,1.736764e-24,0.0,0.0,0.0,0.0,0.0,0.0,0.0,0.0,0.0,0.0,0.0,0.0,0.0,0.0,0.0,45.72416,0.060559668,0.0,6.5969880000000005,6.166109300000001e-28,0.0,0.0,0.0,1.5747464999999998e-27,0.0,0.0,0.0,1.3208218e-24,6.4e-44,0.0,0.0,1.0820921999999999e-27,0.0,0.0,0.0,0.18814662098884585
113,1701981600,0.0,0.0,0.0,0.0,1.7401296999999994e-24,1.3116606000000002e-24,1.7367672e-24,1.736764e-24,0.0,0.0,0.0,0.0,0.0,0.0,0.0,0.0,0.0,0.0,0.0,0.0,0.0,0.0,0.0,45.72416,0.060559668,0.0,6.5969880000000005,6.166109300000001e-28,0.0,0.0,0.0,1.5747464999999998e-27,0.0,0.0,0.0,1.3208218e-24,6.4e-44,0.0,0.0,1.0820921999999999e-27,0.0,0.0,0.0,0.18814662098884585
113,1701982200,0.0,0.0,0.0,0.0,1.7401296999999994e-24,1.3116606000000002e-24,1.7367672e-24,1.736764e-24,0.0,0.0,0.0,0.0,0.0,0.0,0.0,0.0,0.0,0.0,0.0,0.0,0.0,0.0,0.0,45.72416,0.060559668,0.0,6.5969880000000005,6.166109300000001e-28,0.0,0.0,0.0,1.5747464999999998e-27,0.0,0.0,0.0,1.3208218e-24,6.4e-44,0.0,0.0,1.0820921999999999e-27,0.0,0.0,0.0,0.18814662098884585
113,1701982800,0.0,0.0,0.0,0.0,1.7401296999999994e-24,1.3116606000000002e-24,1.7367672e-24,1.736764e-24,0.0,0.0,0.0,0.0,0.0,0.0,0.0,0.0,0.0,0.0,0.0,0.0,0.0,0.0,0.0,45.72416,0.060559668,0.0,6.5969880000000005,6.166109300000001e-28,0.0,0.0,0.0,1.5747464999999998e-27,0.0,0.0,0.0,1.3208218e-24,6.4e-44,0.0,0.0,1.0820921999999999e-27,0.0,0.0,0.0,0.18814662098884585
113,1701983400,0.0,0.0,0.0,0.0,1.7401296999999994e-24,1.3116606000000002e-24,1.7367672e-24,1.736764e-24,0.0,0.0,0.0,0.0,0.0,0.0,0.0,0.0,0.0,0.0,0.0,0.0,0.0,0.0,0.0,45.72416,0.060559668,0.0,6.5969880000000005,6.166109300000001e-28,0.0,0.0,0.0,1.5747464999999998e-27,0.0,0.0,0.0,1.3208218e-24,6.4e-44,0.0,0.0,1.0820921999999999e-27,0.0,0.0,0.0,0.18814662098884585
113,1701984000,0.0,0.0,0.0,0.0,1.7401296999999994e-24,1.3116606000000002e-24,1.7367672e-24,1.736764e-24,0.0,0.0,0.0,0.0,0.0,0.0,0.0,0.0,0.0,0.0,0.0,0.0,0.0,0.0,0.0,45.72416,0.060559668,0.0,6.5969880000000005,6.166109300000001e-28,0.0,0.0,0.0,1.5747464999999998e-27,0.0,0.0,0.0,1.3208218e-24,6.4e-44,0.0,0.0,1.0820921999999999e-27,0.0,0.0,0.0,0.18814662098884585
113,1701984600,0.0,0.0,0.0,0.0,1.7401296999999994e-24,1.3116606000000002e-24,1.7367672e-24,1.736764e-24,0.0,0.0,0.0,0.0,0.0,0.0,0.0,0.0,0.0,0.0,0.0,0.0,0.0,0.0,0.0,45.72416,0.060559668,0.0,6.5969880000000005,6.166109300000001e-28,0.0,0.0,0.0,1.5747464999999998e-27,0.0,0.0,0.0,1.3208218e-24,6.4e-44,0.0,0.0,1.0820921999999999e-27,0.0,0.0,0.0,0.18814662098884585
113,1701985200,0.0,0.0,0.0,0.0,1.7401296999999994e-24,1.3116606000000002e-24,1.7367672e-24,1.736764e-24,0.0,0.0,0.0,0.0,0.0,0.0,0.0,0.0,0.0,0.0,0.0,0.0,0.0,0.0,0.0,45.72416,0.060559668,0.0,6.5969880000000005,6.166109300000001e-28,0.0,0.0,0.0,1.5747464999999998e-27,0.0,0.0,0.0,1.3208218e-24,6.4e-44,0.0,0.0,1.0820921999999999e-27,0.0,0.0,0.0,0.18814662098884585
113,1701985800,0.0,0.0,0.0,0.0,1.7401296999999994e-24,1.3116606000000002e-24,1.7367672e-24,1.736764e-24,0.0,0.0,0.0,0.0,0.0,0.0,0.0,0.0,0.0,0.0,0.0,0.0,0.0,0.0,0.0,45.72416,0.060559668,0.0,6.5969880000000005,6.166109300000001e-28,0.0,0.0,0.0,1.5747464999999998e-27,0.0,0.0,0.0,1.3208218e-24,6.4e-44,0.0,0.0,1.0820921999999999e-27,0.0,0.0,0.0,0.18814662098884585
113,1701986400,0.0,0.0,0.0,0.0,1.7401296999999994e-24,1.3116606000000002e-24,1.7367672e-24,1.736764e-24,0.0,0.0,0.0,0.0,0.0,0.0,0.0,0.0,0.0,0.0,0.0,0.0,0.0,0.0,0.0,45.72416,0.060559668,0.0,6.5969880000000005,6.166109300000001e-28,0.0,0.0,0.0,1.5747464999999998e-27,0.0,0.0,0.0,1.3208218e-24,6.4e-44,0.0,0.0,1.0820921999999999e-27,0.0,0.0,0.0,0.18814662098884585
113,1701987000,0.0,0.0,0.0,0.0,1.7401296999999994e-24,1.3116606000000002e-24,1.7367672e-24,1.736764e-24,0.0,0.0,0.0,0.0,0.0,0.0,0.0,0.0,0.0,0.0,0.0,0.0,0.0,0.0,0.0,45.72416,0.060559668,0.0,6.5969880000000005,6.166109300000001e-28,0.0,0.0,0.0,1.5747464999999998e-27,0.0,0.0,0.0,1.3208218e-24,6.4e-44,0.0,0.0,1.0820921999999999e-27,0.0,0.0,0.0,0.18814662098884585
113,1701987600,0.0,0.0,0.0,0.0,1.7401296999999994e-24,1.3116606000000002e-24,1.7367672e-24,1.736764e-24,0.0,0.0,0.0,0.0,0.0,0.0,0.0,0.0,0.0,0.0,0.0,0.0,0.0,0.0,0.0,45.72416,0.060559668,0.0,6.5969880000000005,6.166109300000001e-28,0.0,0.0,0.0,1.5747464999999998e-27,0.0,0.0,0.0,1.3208218e-24,6.4e-44,0.0,0.0,1.0820921999999999e-27,0.0,0.0,0.0,0.18814662098884585
113,1701988200,0.0,0.0,0.0,0.0,1.7401296999999994e-24,1.3116606000000002e-24,1.7367672e-24,1.736764e-24,0.0,0.0,0.0,0.0,0.0,0.0,0.0,0.0,0.0,0.0,0.0,0.0,0.0,0.0,0.0,45.72416,0.060559668,0.0,6.5969880000000005,6.166109300000001e-28,0.0,0.0,0.0,1.5747464999999998e-27,0.0,0.0,0.0,1.3208218e-24,6.4e-44,0.0,0.0,1.0820921999999999e-27,0.0,0.0,0.0,0.18814662098884585
113,1701988800,0.0,0.0,0.0,0.0,1.7401296999999994e-24,1.3116606000000002e-24,1.7367672e-24,1.736764e-24,0.0,0.0,0.0,0.0,0.0,0.0,0.0,0.0,0.0,0.0,0.0,0.0,0.0,0.0,0.0,45.72416,0.060559668,0.0,6.5969880000000005,6.166109300000001e-28,0.0,0.0,0.0,1.5747464999999998e-27,0.0,0.0,0.0,1.3208218e-24,6.4e-44,0.0,0.0,1.0820921999999999e-27,0.0,0.0,0.0,0.18814662098884585
113,1701989400,0.0,0.0,0.0,0.0,1.7401296999999994e-24,1.3116606000000002e-24,1.7367672e-24,1.736764e-24,0.0,0.0,0.0,0.0,0.0,0.0,0.0,0.0,0.0,0.0,0.0,0.0,0.0,0.0,0.0,45.72416,0.060559668,0.0,6.5969880000000005,6.166109300000001e-28,0.0,0.0,0.0,1.5747464999999998e-27,0.0,0.0,0.0,1.3208218e-24,6.4e-44,0.0,0.0,1.0820921999999999e-27,0.0,0.0,0.0,0.18814662098884585
113,1701990000,0.0,0.0,0.0,0.0,1.7401296999999994e-24,1.3116606000000002e-24,1.7367672e-24,1.736764e-24,0.0,0.0,0.0,0.0,0.0,0.0,0.0,0.0,0.0,0.0,0.0,0.0,0.0,0.0,0.0,45.72416,0.060559668,0.0,6.5969880000000005,6.166109300000001e-28,0.0,0.0,0.0,1.5747464999999998e-27,0.0,0.0,0.0,1.3208218e-24,6.4e-44,0.0,0.0,1.0820921999999999e-27,0.0,0.0,0.0,0.18814662098884585
113,1701990600,0.0,0.0,0.0,0.0,1.7401296999999994e-24,1.3116606000000002e-24,1.7367672e-24,1.736764e-24,0.0,0.0,0.0,0.0,0.0,0.0,0.0,0.0,0.0,0.0,0.0,0.0,0.0,0.0,0.0,45.72416,0.060559668,0.0,6.5969880000000005,6.166109300000001e-28,0.0,0.0,0.0,1.5747464999999998e-27,0.0,0.0,0.0,1.3208218e-24,6.4e-44,0.0,0.0,1.0820921999999999e-27,0.0,0.0,0.0,0.18814662098884585
113,1701991200,0.0,0.0,0.0,0.0,1.7401296999999994e-24,1.3116606000000002e-24,1.7367672e-24,1.736764e-24,0.0,0.0,0.0,0.0,0.0,0.0,0.0,0.0,0.0,0.0,0.0,0.0,0.0,0.0,0.0,45.72416,0.060559668,0.0,6.5969880000000005,6.166109300000001e-28,0.0,0.0,0.0,1.5747464999999998e-27,0.0,0.0,0.0,1.3208218e-24,6.4e-44,0.0,0.0,1.0820921999999999e-27,0.0,0.0,0.0,0.18814662098884585
113,1701991800,0.0,0.0,0.0,0.0,1.7401296999999994e-24,1.3116606000000002e-24,1.7367672e-24,1.736764e-24,0.0,0.0,0.0,0.0,0.0,0.0,0.0,0.0,0.0,0.0,0.0,0.0,0.0,0.0,0.0,45.72416,0.060559668,0.0,6.5969880000000005,6.166109300000001e-28,0.0,0.0,0.0,1.5747464999999998e-27,0.0,0.0,0.0,1.3208218e-24,6.4e-44,0.0,0.0,1.0820921999999999e-27,0.0,0.0,0.0,0.18814662098884585
113,1701992400,0.0,0.0,0.0,0.0,1.7401296999999994e-24,1.3116606000000002e-24,1.7367672e-24,1.736764e-24,0.0,0.0,0.0,0.0,0.0,0.0,0.0,0.0,0.0,0.0,0.0,0.0,0.0,0.0,0.0,45.72416,0.060559668,0.0,6.5969880000000005,6.166109300000001e-28,0.0,0.0,0.0,1.5747464999999998e-27,0.0,0.0,0.0,1.3208218e-24,6.4e-44,0.0,0.0,1.0820921999999999e-27,0.0,0.0,0.0,0.18814662098884585
113,1701993000,0.0,0.0,0.0,0.0,1.7401296999999994e-24,1.3116606000000002e-24,1.7367672e-24,1.736764e-24,0.0,0.0,0.0,0.0,0.0,0.0,0.0,0.0,0.0,0.0,0.0,0.0,0.0,0.0,0.0,45.72416,0.060559668,0.0,6.5969880000000005,6.166109300000001e-28,0.0,0.0,0.0,1.5747464999999998e-27,0.0,0.0,0.0,1.3208218e-24,6.4e-44,0.0,0.0,1.0820921999999999e-27,0.0,0.0,0.0,0.18814662098884585
113,1701993600,0.0,0.0,0.0,0.0,1.7401296999999994e-24,1.3116606000000002e-24,1.7367672e-24,1.736764e-24,0.0,0.0,0.0,0.0,0.0,0.0,0.0,0.0,0.0,0.0,0.0,0.0,0.0,0.0,0.0,45.72416,0.060559668,0.0,6.5969880000000005,6.166109300000001e-28,0.0,0.0,0.0,1.5747464999999998e-27,0.0,0.0,0.0,1.3208218e-24,6.4e-44,0.0,0.0,1.0820921999999999e-27,0.0,0.0,0.0,0.18814662098884585
113,1701994200,0.0,0.0,0.0,0.0,1.7401296999999994e-24,1.3116606000000002e-24,1.7367672e-24,1.736764e-24,0.0,0.0,0.0,0.0,0.0,0.0,0.0,0.0,0.0,0.0,0.0,0.0,0.0,0.0,0.0,45.72416,0.060559668,0.0,6.5969880000000005,6.166109300000001e-28,0.0,0.0,0.0,1.5747464999999998e-27,0.0,0.0,0.0,1.3208218e-24,6.4e-44,0.0,0.0,1.0820921999999999e-27,0.0,0.0,0.0,0.18814662098884585
113,1701994800,0.0,0.0,0.0,0.0,1.7401296999999994e-24,1.3116606000000002e-24,1.7367672e-24,1.736764e-24,0.0,0.0,0.0,0.0,0.0,0.0,0.0,0.0,0.0,0.0,0.0,0.0,0.0,0.0,0.0,45.72416,0.060559668,0.0,6.5969880000000005,6.166109300000001e-28,0.0,0.0,0.0,1.5747464999999998e-27,0.0,0.0,0.0,1.3208218e-24,6.4e-44,0.0,0.0,1.0820921999999999e-27,0.0,0.0,0.0,0.18814662098884585
113,1701995400,0.0,0.0,0.0,0.0,1.7401296999999994e-24,1.3116606000000002e-24,1.7367672e-24,1.736764e-24,0.0,0.0,0.0,0.0,0.0,0.0,0.0,0.0,0.0,0.0,0.0,0.0,0.0,0.0,0.0,45.72416,0.060559668,0.0,6.5969880000000005,6.166109300000001e-28,0.0,0.0,0.0,1.5747464999999998e-27,0.0,0.0,0.0,1.3208218e-24,6.4e-44,0.0,0.0,1.0820921999999999e-27,0.0,0.0,0.0,0.18814662098884585
113,1701996000,0.0,0.0,0.0,0.0,1.7401296999999994e-24,1.3116606000000002e-24,1.7367672e-24,1.736764e-24,0.0,0.0,0.0,0.0,0.0,0.0,0.0,0.0,0.0,0.0,0.0,0.0,0.0,0.0,0.0,45.72416,0.060559668,0.0,6.5969880000000005,6.166109300000001e-28,0.0,0.0,0.0,1.5747464999999998e-27,0.0,0.0,0.0,1.3208218e-24,6.4e-44,0.0,0.0,1.0820921999999999e-27,0.0,0.0,0.0,0.18814662098884585
113,1701996600,0.0,0.0,0.0,0.0,1.7401296999999994e-24,1.3116606000000002e-24,1.7367672e-24,1.736764e-24,0.0,0.0,0.0,0.0,0.0,0.0,0.0,0.0,0.0,0.0,0.0,0.0,0.0,0.0,0.0,45.72416,0.060559668,0.0,6.5969880000000005,6.166109300000001e-28,0.0,0.0,0.0,1.5747464999999998e-27,0.0,0.0,0.0,1.3208218e-24,6.4e-44,0.0,0.0,1.0820921999999999e-27,0.0,0.0,0.0,0.18814662098884585
113,1701997200,0.0,0.0,0.0,0.0,1.7401296999999994e-24,1.3116606000000002e-24,1.7367672e-24,1.736764e-24,0.0,0.0,0.0,0.0,0.0,0.0,0.0,0.0,0.0,0.0,0.0,0.0,0.0,0.0,0.0,45.72416,0.060559668,0.0,6.5969880000000005,6.166109300000001e-28,0.0,0.0,0.0,1.5747464999999998e-27,0.0,0.0,0.0,1.3208218e-24,6.4e-44,0.0,0.0,1.0820921999999999e-27,0.0,0.0,0.0,0.18814662098884585
113,1701997800,0.0,0.0,0.0,0.0,1.7401296999999994e-24,1.3116606000000002e-24,1.7367672e-24,1.736764e-24,0.0,0.0,0.0,0.0,0.0,0.0,0.0,0.0,0.0,0.0,0.0,0.0,0.0,0.0,0.0,45.72416,0.060559668,0.0,6.5969880000000005,6.166109300000001e-28,0.0,0.0,0.0,1.5747464999999998e-27,0.0,0.0,0.0,1.3208218e-24,6.4e-44,0.0,0.0,1.0820921999999999e-27,0.0,0.0,0.0,0.18814662098884585
113,1701998400,0.0,0.0,0.0,0.0,1.7401296999999994e-24,1.3116606000000002e-24,1.7367672e-24,1.736764e-24,0.0,0.0,0.0,0.0,0.0,0.0,0.0,0.0,0.0,0.0,0.0,0.0,0.0,0.0,0.0,45.72416,0.060559668,0.0,6.5969880000000005,6.166109300000001e-28,0.0,0.0,0.0,1.5747464999999998e-27,0.0,0.0,0.0,1.3208218e-24,6.4e-44,0.0,0.0,1.0820921999999999e-27,0.0,0.0,0.0,0.18814662098884585
113,1701999000,0.0,0.0,0.0,0.0,1.7401296999999994e-24,1.3116606000000002e-24,1.7367672e-24,1.736764e-24,0.0,0.0,0.0,0.0,0.0,0.0,0.0,0.0,0.0,0.0,0.0,0.0,0.0,0.0,0.0,45.72416,0.060559668,0.0,6.5969880000000005,6.166109300000001e-28,0.0,0.0,0.0,1.5747464999999998e-27,0.0,0.0,0.0,1.3208218e-24,6.4e-44,0.0,0.0,1.0820921999999999e-27,0.0,0.0,0.0,0.18814662098884585
113,1701999600,0.0,0.0,0.0,0.0,1.7401296999999994e-24,1.3116606000000002e-24,1.7367672e-24,1.736764e-24,0.0,0.0,0.0,0.0,0.0,0.0,0.0,0.0,0.0,0.0,0.0,0.0,0.0,0.0,0.0,45.72416,0.060559668,0.0,6.5969880000000005,6.166109300000001e-28,0.0,0.0,0.0,1.5747464999999998e-27,0.0,0.0,0.0,1.3208218e-24,6.4e-44,0.0,0.0,1.0820921999999999e-27,0.0,0.0,0.0,0.18814662098884585
113,1702000200,0.0,0.0,0.0,0.0,1.7401296999999994e-24,1.3116606000000002e-24,1.7367672e-24,1.736764e-24,0.0,0.0,0.0,0.0,0.0,0.0,0.0,0.0,0.0,0.0,0.0,0.0,0.0,0.0,0.0,45.72416,0.060559668,0.0,6.5969880000000005,6.166109300000001e-28,0.0,0.0,0.0,1.5747464999999998e-27,0.0,0.0,0.0,1.3208218e-24,6.4e-44,0.0,0.0,1.0820921999999999e-27,0.0,0.0,0.0,0.18814662098884585
113,1702000800,0.0,0.0,0.0,0.0,1.7401296999999994e-24,1.3116606000000002e-24,1.7367672e-24,1.736764e-24,0.0,0.0,0.0,0.0,0.0,0.0,0.0,0.0,0.0,0.0,0.0,0.0,0.0,0.0,0.0,45.72416,0.060559668,0.0,6.5969880000000005,6.166109300000001e-28,0.0,0.0,0.0,1.5747464999999998e-27,0.0,0.0,0.0,1.3208218e-24,6.4e-44,0.0,0.0,1.0820921999999999e-27,0.0,0.0,0.0,0.18814662098884585
113,1702001400,0.0,0.0,0.0,0.0,1.7401296999999994e-24,1.3116606000000002e-24,1.7367672e-24,1.736764e-24,0.0,0.0,0.0,0.0,0.0,0.0,0.0,0.0,0.0,0.0,0.0,0.0,0.0,0.0,0.0,45.72416,0.060559668,0.0,6.5969880000000005,6.166109300000001e-28,0.0,0.0,0.0,1.5747464999999998e-27,0.0,0.0,0.0,1.3208218e-24,6.4e-44,0.0,0.0,1.0820921999999999e-27,0.0,0.0,0.0,0.18814662098884585
113,1702002000,0.0,0.0,0.0,0.0,1.7401296999999994e-24,1.3116606000000002e-24,1.7367672e-24,1.736764e-24,0.0,0.0,0.0,0.0,0.0,0.0,0.0,0.0,0.0,0.0,0.0,0.0,0.0,0.0,0.0,45.72416,0.060559668,0.0,6.5969880000000005,6.166109300000001e-28,0.0,0.0,0.0,1.5747464999999998e-27,0.0,0.0,0.0,1.3208218e-24,6.4e-44,0.0,0.0,1.0820921999999999e-27,0.0,0.0,0.0,0.18814662098884585
113,1702002600,0.0,0.0,0.0,0.0,1.7401296999999994e-24,1.3116606000000002e-24,1.7367672e-24,1.736764e-24,0.0,0.0,0.0,0.0,0.0,0.0,0.0,0.0,0.0,0.0,0.0,0.0,0.0,0.0,0.0,45.72416,0.060559668,0.0,6.5969880000000005,6.166109300000001e-28,0.0,0.0,0.0,1.5747464999999998e-27,0.0,0.0,0.0,1.3208218e-24,6.4e-44,0.0,0.0,1.0820921999999999e-27,0.0,0.0,0.0,0.18814662098884585
113,1702003200,0.0,0.0,0.0,0.0,1.7401296999999994e-24,1.3116606000000002e-24,1.7367672e-24,1.736764e-24,0.0,0.0,0.0,0.0,0.0,0.0,0.0,0.0,0.0,0.0,0.0,0.0,0.0,0.0,0.0,45.72416,0.060559668,0.0,6.5969880000000005,6.166109300000001e-28,0.0,0.0,0.0,1.5747464999999998e-27,0.0,0.0,0.0,1.3208218e-24,6.4e-44,0.0,0.0,1.0820921999999999e-27,0.0,0.0,0.0,0.18814662098884585
113,1702003800,0.0,0.0,0.0,0.0,1.7401296999999994e-24,1.3116606000000002e-24,1.7367672e-24,1.736764e-24,0.0,0.0,0.0,0.0,0.0,0.0,0.0,0.0,0.0,0.0,0.0,0.0,0.0,0.0,0.0,45.72416,0.060559668,0.0,6.5969880000000005,6.166109300000001e-28,0.0,0.0,0.0,1.5747464999999998e-27,0.0,0.0,0.0,1.3208218e-24,6.4e-44,0.0,0.0,1.0820921999999999e-27,0.0,0.0,0.0,0.18814662098884585
113,1702004400,0.0,0.0,0.0,0.0,1.7401296999999994e-24,1.3116606000000002e-24,1.7367672e-24,1.736764e-24,0.0,0.0,0.0,0.0,0.0,0.0,0.0,0.0,0.0,0.0,0.0,0.0,0.0,0.0,0.0,45.72416,0.060559668,0.0,6.5969880000000005,6.166109300000001e-28,0.0,0.0,0.0,1.5747464999999998e-27,0.0,0.0,0.0,1.3208218e-24,6.4e-44,0.0,0.0,1.0820921999999999e-27,0.0,0.0,0.0,0.18814662098884585
113,1702005000,0.0,0.0,0.0,0.0,1.7401296999999994e-24,1.3116606000000002e-24,1.7367672e-24,1.736764e-24,0.0,0.0,0.0,0.0,0.0,0.0,0.0,0.0,0.0,0.0,0.0,0.0,0.0,0.0,0.0,45.72416,0.060559668,0.0,6.5969880000000005,6.166109300000001e-28,0.0,0.0,0.0,1.5747464999999998e-27,0.0,0.0,0.0,1.3208218e-24,6.4e-44,0.0,0.0,1.0820921999999999e-27,0.0,0.0,0.0,0.18814662098884585
113,1702005600,0.0,0.0,0.0,0.0,1.7401296999999994e-24,1.3116606000000002e-24,1.7367672e-24,1.736764e-24,0.0,0.0,0.0,0.0,0.0,0.0,0.0,0.0,0.0,0.0,0.0,0.0,0.0,0.0,0.0,45.72416,0.060559668,0.0,6.5969880000000005,6.166109300000001e-28,0.0,0.0,0.0,1.5747464999999998e-27,0.0,0.0,0.0,1.3208218e-24,6.4e-44,0.0,0.0,1.0820921999999999e-27,0.0,0.0,0.0,0.18814662098884585
113,1702006200,0.0,0.0,0.0,0.0,1.7401296999999994e-24,1.3116606000000002e-24,1.7367672e-24,1.736764e-24,0.0,0.0,0.0,0.0,0.0,0.0,0.0,0.0,0.0,0.0,0.0,0.0,0.0,0.0,0.0,45.72416,0.060559668,0.0,6.5969880000000005,6.166109300000001e-28,0.0,0.0,0.0,1.5747464999999998e-27,0.0,0.0,0.0,1.3208218e-24,6.4e-44,0.0,0.0,1.0820921999999999e-27,0.0,0.0,0.0,0.18814662098884585
113,1702006800,0.0,0.0,0.0,0.0,1.7401296999999994e-24,1.3116606000000002e-24,1.7367672e-24,1.736764e-24,0.0,0.0,0.0,0.0,0.0,0.0,0.0,0.0,0.0,0.0,0.0,0.0,0.0,0.0,0.0,45.72416,0.060559668,0.0,6.5969880000000005,6.166109300000001e-28,0.0,0.0,0.0,1.5747464999999998e-27,0.0,0.0,0.0,1.3208218e-24,6.4e-44,0.0,0.0,1.0820921999999999e-27,0.0,0.0,0.0,0.18814662098884585
113,1702007400,0.0,0.0,0.0,0.0,1.7401296999999994e-24,1.3116606000000002e-24,1.7367672e-24,1.736764e-24,0.0,0.0,0.0,0.0,0.0,0.0,0.0,0.0,0.0,0.0,0.0,0.0,0.0,0.0,0.0,45.72416,0.060559668,0.0,6.5969880000000005,6.166109300000001e-28,0.0,0.0,0.0,1.5747464999999998e-27,0.0,0.0,0.0,1.3208218e-24,6.4e-44,0.0,0.0,1.0820921999999999e-27,0.0,0.0,0.0,0.18814662098884585
113,1702008000,0.0,0.0,0.0,0.0,1.7401296999999994e-24,1.3116606000000002e-24,1.7367672e-24,1.736764e-24,0.0,0.0,0.0,0.0,0.0,0.0,0.0,0.0,0.0,0.0,0.0,0.0,0.0,0.0,0.0,45.72416,0.060559668,0.0,6.5969880000000005,6.166109300000001e-28,0.0,0.0,0.0,1.5747464999999998e-27,0.0,0.0,0.0,1.3208218e-24,6.4e-44,0.0,0.0,1.0820921999999999e-27,0.0,0.0,0.0,0.18814662098884585
113,1702008600,0.0,0.0,0.0,0.0,1.7401296999999994e-24,1.3116606000000002e-24,1.7367672e-24,1.736764e-24,0.0,0.0,0.0,0.0,0.0,0.0,0.0,0.0,0.0,0.0,0.0,0.0,0.0,0.0,0.0,45.72416,0.060559668,0.0,6.5969880000000005,6.166109300000001e-28,0.0,0.0,0.0,1.5747464999999998e-27,0.0,0.0,0.0,1.3208218e-24,6.4e-44,0.0,0.0,1.0820921999999999e-27,0.0,0.0,0.0,0.18814662098884585
113,1702009200,0.0,0.0,0.0,0.0,1.7401296999999994e-24,1.3116606000000002e-24,1.7367672e-24,1.736764e-24,0.0,0.0,0.0,0.0,0.0,0.0,0.0,0.0,0.0,0.0,0.0,0.0,0.0,0.0,0.0,45.72416,0.060559668,0.0,6.5969880000000005,6.166109300000001e-28,0.0,0.0,0.0,1.5747464999999998e-27,0.0,0.0,0.0,1.3208218e-24,6.4e-44,0.0,0.0,1.0820921999999999e-27,0.0,0.0,0.0,0.18814662098884585
113,1702009800,0.0,0.0,0.0,0.0,1.7401296999999994e-24,1.3116606000000002e-24,1.7367672e-24,1.736764e-24,0.0,0.0,0.0,0.0,0.0,0.0,0.0,0.0,0.0,0.0,0.0,0.0,0.0,0.0,0.0,45.72416,0.060559668,0.0,6.5969880000000005,6.166109300000001e-28,0.0,0.0,0.0,1.5747464999999998e-27,0.0,0.0,0.0,1.3208218e-24,6.4e-44,0.0,0.0,1.0820921999999999e-27,0.0,0.0,0.0,0.18814662098884585
113,1702010400,0.0,0.0,0.0,0.0,1.7401296999999994e-24,1.3116606000000002e-24,1.7367672e-24,1.736764e-24,0.0,0.0,0.0,0.0,0.0,0.0,0.0,0.0,0.0,0.0,0.0,0.0,0.0,0.0,0.0,45.72416,0.060559668,0.0,6.5969880000000005,6.166109300000001e-28,0.0,0.0,0.0,1.5747464999999998e-27,0.0,0.0,0.0,1.3208218e-24,6.4e-44,0.0,0.0,1.0820921999999999e-27,0.0,0.0,0.0,0.18814662098884585
113,1702011000,0.0,0.0,0.0,0.0,1.7401296999999994e-24,1.3116606000000002e-24,1.7367672e-24,1.736764e-24,0.0,0.0,0.0,0.0,0.0,0.0,0.0,0.0,0.0,0.0,0.0,0.0,0.0,0.0,0.0,45.72416,0.060559668,0.0,6.5969880000000005,6.166109300000001e-28,0.0,0.0,0.0,1.5747464999999998e-27,0.0,0.0,0.0,1.3208218e-24,6.4e-44,0.0,0.0,1.0820921999999999e-27,0.0,0.0,0.0,0.18814662098884585
113,1702011600,0.0,0.0,0.0,0.0,1.7401296999999994e-24,1.3116606000000002e-24,1.7367672e-24,1.736764e-24,0.0,0.0,0.0,0.0,0.0,0.0,0.0,0.0,0.0,0.0,0.0,0.0,0.0,0.0,0.0,45.72416,0.060559668,0.0,6.5969880000000005,6.166109300000001e-28,0.0,0.0,0.0,1.5747464999999998e-27,0.0,0.0,0.0,1.3208218e-24,6.4e-44,0.0,0.0,1.0820921999999999e-27,0.0,0.0,0.0,0.18814662098884585
113,1702012200,0.0,0.0,0.0,0.0,1.7401296999999998e-24,1.3116606e-24,1.7367672e-24,1.736764e-24,0.0,0.0,0.0,0.0,0.0,0.0,0.0,0.0,0.0,0.0,0.0,0.0,0.0,0.0,0.0,45.72416,0.060559668,0.0,6.5969880000000005,6.1661093e-28,0.0,0.0,0.0,1.5747464999999998e-27,0.0,0.0,0.0,1.3208218e-24,6.4e-44,0.0,0.0,1.0820921999999999e-27,0.0,0.0,0.0,0.18814662098884585
113,1702012800,0.0,0.0,0.0,0.0,1.7401296999999994e-24,1.3116606000000002e-24,1.7367672e-24,1.736764e-24,0.0,0.0,0.0,0.0,0.0,0.0,0.0,0.0,0.0,0.0,0.0,0.0,0.0,0.0,0.0,45.72416,0.060559668,0.0,6.5969880000000005,6.166109300000001e-28,0.0,0.0,0.0,1.5747464999999998e-27,0.0,0.0,0.0,1.3208218e-24,6.4e-44,0.0,0.0,1.0820921999999999e-27,0.0,0.0,0.0,0.18814662098884585
113,1702013400,0.0,0.0,0.0,0.0,1.7401296999999994e-24,1.3116606000000002e-24,1.7367672e-24,1.736764e-24,0.0,0.0,0.0,0.0,0.0,0.0,0.0,0.0,0.0,0.0,0.0,0.0,0.0,0.0,0.0,45.72416,0.060559668,0.0,6.5969880000000005,6.166109300000001e-28,0.0,0.0,0.0,1.5747464999999998e-27,0.0,0.0,0.0,1.3208218e-24,6.4e-44,0.0,0.0,1.0820921999999999e-27,0.0,0.0,0.0,0.18814662098884585
113,1702014000,0.0,0.0,0.0,0.0,1.7401296999999994e-24,1.3116606000000002e-24,1.7367672e-24,1.736764e-24,0.0,0.0,0.0,0.0,0.0,0.0,0.0,0.0,0.0,0.0,0.0,0.0,0.0,0.0,0.0,45.72416,0.060559668,0.0,6.5969880000000005,6.166109300000001e-28,0.0,0.0,0.0,1.5747464999999998e-27,0.0,0.0,0.0,1.3208218e-24,6.4e-44,0.0,0.0,1.0820921999999999e-27,0.0,0.0,0.0,0.18814662098884585
113,1702014600,0.0,0.0,0.0,0.0,1.7401296999999994e-24,1.3116606000000002e-24,1.7367672e-24,1.736764e-24,0.0,0.0,0.0,0.0,0.0,0.0,0.0,0.0,0.0,0.0,0.0,0.0,0.0,0.0,0.0,45.72416,0.060559668,0.0,6.5969880000000005,6.166109300000001e-28,0.0,0.0,0.0,1.5747464999999998e-27,0.0,0.0,0.0,1.3208218e-24,6.4e-44,0.0,0.0,1.0820921999999999e-27,0.0,0.0,0.0,0.18814662098884585
113,1702015200,0.0,0.0,0.0,0.0,1.7401296999999994e-24,1.3116606000000002e-24,1.7367672e-24,1.736764e-24,0.0,0.0,0.0,0.0,0.0,0.0,0.0,0.0,0.0,0.0,0.0,0.0,0.0,0.0,0.0,45.72416,0.060559668,0.0,6.5969880000000005,6.166109300000001e-28,0.0,0.0,0.0,1.5747464999999998e-27,0.0,0.0,0.0,1.3208218e-24,6.4e-44,0.0,0.0,1.0820921999999999e-27,0.0,0.0,0.0,0.18814662098884585
113,1702015800,0.0,0.0,0.0,0.0,1.7401296999999994e-24,1.3116606000000002e-24,1.7367672e-24,1.736764e-24,0.0,0.0,0.0,0.0,0.0,0.0,0.0,0.0,0.0,0.0,0.0,0.0,0.0,0.0,0.0,45.72416,0.060559668,0.0,6.5969880000000005,6.166109300000001e-28,0.0,0.0,0.0,1.5747464999999998e-27,0.0,0.0,0.0,1.3208218e-24,6.4e-44,0.0,0.0,1.0820921999999999e-27,0.0,0.0,0.0,0.18814662098884585
113,1702016400,0.0,0.0,0.0,0.0,1.7401296999999994e-24,1.3116606000000002e-24,1.7367672e-24,1.736764e-24,0.0,0.0,0.0,0.0,0.0,0.0,0.0,0.0,0.0,0.0,0.0,0.0,0.0,0.0,0.0,45.72416,0.060559668,0.0,6.5969880000000005,6.166109300000001e-28,0.0,0.0,0.0,1.5747464999999998e-27,0.0,0.0,0.0,1.3208218e-24,6.4e-44,0.0,0.0,1.0820921999999999e-27,0.0,0.0,0.0,0.18814662098884585
113,1702017000,0.0,0.0,0.0,0.0,1.7401296999999994e-24,1.3116606000000002e-24,1.7367672e-24,1.736764e-24,0.0,0.0,0.0,0.0,0.0,0.0,0.0,0.0,0.0,0.0,0.0,0.0,0.0,0.0,0.0,45.72416,0.060559668,0.0,6.5969880000000005,6.166109300000001e-28,0.0,0.0,0.0,1.5747464999999998e-27,0.0,0.0,0.0,1.3208218e-24,6.4e-44,0.0,0.0,1.0820921999999999e-27,0.0,0.0,0.0,0.18814662098884585
113,1702017600,0.0,0.0,0.0,0.0,1.7401296999999994e-24,1.3116606000000002e-24,1.7367672e-24,1.736764e-24,0.0,0.0,0.0,0.0,0.0,0.0,0.0,0.0,0.0,0.0,0.0,0.0,0.0,0.0,0.0,45.72416,0.060559668,0.0,6.5969880000000005,6.166109300000001e-28,0.0,0.0,0.0,1.5747464999999998e-27,0.0,0.0,0.0,1.3208218e-24,6.4e-44,0.0,0.0,1.0820921999999999e-27,0.0,0.0,0.0,0.18814662098884585
113,1702018200,0.0,0.0,0.0,0.0,1.7401296999999994e-24,1.3116606000000002e-24,1.7367672e-24,1.736764e-24,0.0,0.0,0.0,0.0,0.0,0.0,0.0,0.0,0.0,0.0,0.0,0.0,0.0,0.0,0.0,45.72416,0.060559668,0.0,6.5969880000000005,6.166109300000001e-28,0.0,0.0,0.0,1.5747464999999998e-27,0.0,0.0,0.0,1.3208218e-24,6.4e-44,0.0,0.0,1.0820921999999999e-27,0.0,0.0,0.0,0.18814662098884585
113,1702018800,0.0,0.0,0.0,0.0,1.7401296999999994e-24,1.3116606000000002e-24,1.7367672e-24,1.736764e-24,0.0,0.0,0.0,0.0,0.0,0.0,0.0,0.0,0.0,0.0,0.0,0.0,0.0,0.0,0.0,45.72416,0.060559668,0.0,6.5969880000000005,6.166109300000001e-28,0.0,0.0,0.0,1.5747464999999998e-27,0.0,0.0,0.0,1.3208218e-24,6.4e-44,0.0,0.0,1.0820921999999999e-27,0.0,0.0,0.0,0.18814662098884585
113,1702019400,0.0,0.0,0.0,0.0,1.7401296999999994e-24,1.3116606000000002e-24,1.7367672e-24,1.736764e-24,0.0,0.0,0.0,0.0,0.0,0.0,0.0,0.0,0.0,0.0,0.0,0.0,0.0,0.0,0.0,45.72416,0.060559668,0.0,6.5969880000000005,6.166109300000001e-28,0.0,0.0,0.0,1.5747464999999998e-27,0.0,0.0,0.0,1.3208218e-24,6.4e-44,0.0,0.0,1.0820921999999999e-27,0.0,0.0,0.0,0.18814662098884585
113,1702020000,0.0,0.0,0.0,0.0,1.7401296999999994e-24,1.3116606000000002e-24,1.7367672e-24,1.736764e-24,0.0,0.0,0.0,0.0,0.0,0.0,0.0,0.0,0.0,0.0,0.0,0.0,0.0,0.0,0.0,45.72416,0.060559668,0.0,6.5969880000000005,6.166109300000001e-28,0.0,0.0,0.0,1.5747464999999998e-27,0.0,0.0,0.0,1.3208218e-24,6.4e-44,0.0,0.0,1.0820921999999999e-27,0.0,0.0,0.0,0.18814662098884585
113,1702020600,0.0,0.0,0.0,0.0,1.7401296999999994e-24,1.3116606000000002e-24,1.7367672e-24,1.736764e-24,0.0,0.0,0.0,0.0,0.0,0.0,0.0,0.0,0.0,0.0,0.0,0.0,0.0,0.0,0.0,45.72416,0.060559668,0.0,6.5969880000000005,6.166109300000001e-28,0.0,0.0,0.0,1.5747464999999998e-27,0.0,0.0,0.0,1.3208218e-24,6.4e-44,0.0,0.0,1.0820921999999999e-27,0.0,0.0,0.0,0.18814662098884585
113,1702021200,0.0,0.0,0.0,0.0,1.7401296999999994e-24,1.3116606000000002e-24,1.7367672e-24,1.736764e-24,0.0,0.0,0.0,0.0,0.0,0.0,0.0,0.0,0.0,0.0,0.0,0.0,0.0,0.0,0.0,45.72416,0.060559668,0.0,6.5969880000000005,6.166109300000001e-28,0.0,0.0,0.0,1.5747464999999998e-27,0.0,0.0,0.0,1.3208218e-24,6.4e-44,0.0,0.0,1.0820921999999999e-27,0.0,0.0,0.0,0.18814662098884585
113,1702021800,0.0,0.0,0.0,0.0,1.7401296999999994e-24,1.3116606000000002e-24,1.7367672e-24,1.736764e-24,0.0,0.0,0.0,0.0,0.0,0.0,0.0,0.0,0.0,0.0,0.0,0.0,0.0,0.0,0.0,45.72416,0.060559668,0.0,6.5969880000000005,6.166109300000001e-28,0.0,0.0,0.0,1.5747464999999998e-27,0.0,0.0,0.0,1.3208218e-24,6.4e-44,0.0,0.0,1.0820921999999999e-27,0.0,0.0,0.0,0.18814662098884585
113,1702022400,0.0,0.0,0.0,0.0,1.7401296999999994e-24,1.3116606000000002e-24,1.7367672e-24,1.736764e-24,0.0,0.0,0.0,0.0,0.0,0.0,0.0,0.0,0.0,0.0,0.0,0.0,0.0,0.0,0.0,45.72416,0.060559668,0.0,6.5969880000000005,6.166109300000001e-28,0.0,0.0,0.0,1.5747464999999998e-27,0.0,0.0,0.0,1.3208218e-24,6.4e-44,0.0,0.0,1.0820921999999999e-27,0.0,0.0,0.0,0.18814662098884585
113,1702023000,0.0,0.0,0.0,0.0,1.7401296999999994e-24,1.3116606000000002e-24,1.7367672e-24,1.736764e-24,0.0,0.0,0.0,0.0,0.0,0.0,0.0,0.0,0.0,0.0,0.0,0.0,0.0,0.0,0.0,45.72416,0.060559668,0.0,6.5969880000000005,6.166109300000001e-28,0.0,0.0,0.0,1.5747464999999998e-27,0.0,0.0,0.0,1.3208218e-24,6.4e-44,0.0,0.0,1.0820921999999999e-27,0.0,0.0,0.0,0.18814662098884585
113,1702023600,0.0,0.0,0.0,0.0,1.7401296999999994e-24,1.3116606000000002e-24,1.7367672e-24,1.736764e-24,0.0,0.0,0.0,0.0,0.0,0.0,0.0,0.0,0.0,0.0,0.0,0.0,0.0,0.0,0.0,45.72416,0.060559668,0.0,6.5969880000000005,6.166109300000001e-28,0.0,0.0,0.0,1.5747464999999998e-27,0.0,0.0,0.0,1.3208218e-24,6.4e-44,0.0,0.0,1.0820921999999999e-27,0.0,0.0,0.0,0.18814662098884585
113,1702024200,0.0,0.0,0.0,0.0,1.7401296999999994e-24,1.3116606000000002e-24,1.7367672e-24,1.736764e-24,0.0,0.0,0.0,0.0,0.0,0.0,0.0,0.0,0.0,0.0,0.0,0.0,0.0,0.0,0.0,45.72416,0.060559668,0.0,6.5969880000000005,6.166109300000001e-28,0.0,0.0,0.0,1.5747464999999998e-27,0.0,0.0,0.0,1.3208218e-24,6.4e-44,0.0,0.0,1.0820921999999999e-27,0.0,0.0,0.0,0.18814662098884585
113,1702024800,0.0,0.0,0.0,0.0,1.7401296999999994e-24,1.3116606000000002e-24,1.7367672e-24,1.736764e-24,0.0,0.0,0.0,0.0,0.0,0.0,0.0,0.0,0.0,0.0,0.0,0.0,0.0,0.0,0.0,45.72416,0.060559668,0.0,6.5969880000000005,6.166109300000001e-28,0.0,0.0,0.0,1.5747464999999998e-27,0.0,0.0,0.0,1.3208218e-24,6.4e-44,0.0,0.0,1.0820921999999999e-27,0.0,0.0,0.0,0.18814662098884585
113,1702025400,0.0,0.0,0.0,0.0,1.7401296999999994e-24,1.3116606000000002e-24,1.7367672e-24,1.736764e-24,0.0,0.0,0.0,0.0,0.0,0.0,0.0,0.0,0.0,0.0,0.0,0.0,0.0,0.0,0.0,45.72416,0.060559668,0.0,6.5969880000000005,6.166109300000001e-28,0.0,0.0,0.0,1.5747464999999998e-27,0.0,0.0,0.0,1.3208218e-24,6.4e-44,0.0,0.0,1.0820921999999999e-27,0.0,0.0,0.0,0.18814662098884585
113,1702026000,0.0,0.0,0.0,0.0,1.7401296999999994e-24,1.3116606000000002e-24,1.7367672e-24,1.736764e-24,0.0,0.0,0.0,0.0,0.0,0.0,0.0,0.0,0.0,0.0,0.0,0.0,0.0,0.0,0.0,45.72416,0.060559668,0.0,6.5969880000000005,6.166109300000001e-28,0.0,0.0,0.0,1.5747464999999998e-27,0.0,0.0,0.0,1.3208218e-24,6.4e-44,0.0,0.0,1.0820921999999999e-27,0.0,0.0,0.0,0.18814662098884585
113,1702026600,0.0,0.0,0.0,0.0,1.7401296999999994e-24,1.3116606000000002e-24,1.7367672e-24,1.736764e-24,0.0,0.0,0.0,0.0,0.0,0.0,0.0,0.0,0.0,0.0,0.0,0.0,0.0,0.0,0.0,45.72416,0.060559668,0.0,6.5969880000000005,6.166109300000001e-28,0.0,0.0,0.0,1.5747464999999998e-27,0.0,0.0,0.0,1.3208218e-24,6.4e-44,0.0,0.0,1.0820921999999999e-27,0.0,0.0,0.0,0.18814662098884585
113,1702027200,0.0,0.0,0.0,0.0,1.7401296999999994e-24,1.3116606000000002e-24,1.7367672e-24,1.736764e-24,0.0,0.0,0.0,0.0,0.0,0.0,0.0,0.0,0.0,0.0,0.0,0.0,0.0,0.0,0.0,45.72416,0.060559668,0.0,6.5969880000000005,6.166109300000001e-28,0.0,0.0,0.0,1.5747464999999998e-27,0.0,0.0,0.0,1.3208218e-24,6.4e-44,0.0,0.0,1.0820921999999999e-27,0.0,0.0,0.0,0.18814662098884585
113,1702027800,0.0,0.0,0.0,0.0,1.7401296999999994e-24,1.3116606000000002e-24,1.7367672e-24,1.736764e-24,0.0,0.0,0.0,0.0,0.0,0.0,0.0,0.0,0.0,0.0,0.0,0.0,0.0,0.0,0.0,45.72416,0.060559668,0.0,6.5969880000000005,6.166109300000001e-28,0.0,0.0,0.0,1.5747464999999998e-27,0.0,0.0,0.0,1.3208218e-24,6.4e-44,0.0,0.0,1.0820921999999999e-27,0.0,0.0,0.0,0.18814662098884585
113,1702028400,0.0,0.0,0.0,0.0,1.7401296999999994e-24,1.3116606000000002e-24,1.7367672e-24,1.736764e-24,0.0,0.0,0.0,0.0,0.0,0.0,0.0,0.0,0.0,0.0,0.0,0.0,0.0,0.0,0.0,45.72416,0.060559668,0.0,6.5969880000000005,6.166109300000001e-28,0.0,0.0,0.0,1.5747464999999998e-27,0.0,0.0,0.0,1.3208218e-24,6.4e-44,0.0,0.0,1.0820921999999999e-27,0.0,0.0,0.0,0.18814662098884585
113,1702029000,0.0,0.0,0.0,0.0,1.7401296999999994e-24,1.3116606000000002e-24,1.7367672e-24,1.736764e-24,0.0,0.0,0.0,0.0,0.0,0.0,0.0,0.0,0.0,0.0,0.0,0.0,0.0,0.0,0.0,45.72416,0.060559668,0.0,6.5969880000000005,6.166109300000001e-28,0.0,0.0,0.0,1.5747464999999998e-27,0.0,0.0,0.0,1.3208218e-24,6.4e-44,0.0,0.0,1.0820921999999999e-27,0.0,0.0,0.0,0.18814662098884585
113,1702029600,0.0,0.0,0.0,0.0,1.7401296999999994e-24,1.3116606000000002e-24,1.7367672e-24,1.736764e-24,0.0,0.0,0.0,0.0,0.0,0.0,0.0,0.0,0.0,0.0,0.0,0.0,0.0,0.0,0.0,45.72416,0.060559668,0.0,6.5969880000000005,6.166109300000001e-28,0.0,0.0,0.0,1.5747464999999998e-27,0.0,0.0,0.0,1.3208218e-24,6.4e-44,0.0,0.0,1.0820921999999999e-27,0.0,0.0,0.0,0.18814662098884585
113,1702030200,0.0,0.0,0.0,0.0,1.7401296999999994e-24,1.3116606000000002e-24,1.7367672e-24,1.736764e-24,0.0,0.0,0.0,0.0,0.0,0.0,0.0,0.0,0.0,0.0,0.0,0.0,0.0,0.0,0.0,45.72416,0.060559668,0.0,6.5969880000000005,6.166109300000001e-28,0.0,0.0,0.0,1.5747464999999998e-27,0.0,0.0,0.0,1.3208218e-24,6.4e-44,0.0,0.0,1.0820921999999999e-27,0.0,0.0,0.0,0.18814662098884585
113,1702030800,0.0,0.0,0.0,0.0,1.7401296999999994e-24,1.3116606000000002e-24,1.7367672e-24,1.736764e-24,0.0,0.0,0.0,0.0,0.0,0.0,0.0,0.0,0.0,0.0,0.0,0.0,0.0,0.0,0.0,45.72416,0.060559668,0.0,6.5969880000000005,6.166109300000001e-28,0.0,0.0,0.0,1.5747464999999998e-27,0.0,0.0,0.0,1.3208218e-24,6.4e-44,0.0,0.0,1.0820921999999999e-27,0.0,0.0,0.0,0.18814662098884585
113,1702031400,0.0,0.0,0.0,0.0,1.7401296999999994e-24,1.3116606000000002e-24,1.7367672e-24,1.736764e-24,0.0,0.0,0.0,0.0,0.0,0.0,0.0,0.0,0.0,0.0,0.0,0.0,0.0,0.0,0.0,45.72416,0.060559668,0.0,6.5969880000000005,6.166109300000001e-28,0.0,0.0,0.0,1.5747464999999998e-27,0.0,0.0,0.0,1.3208218e-24,6.4e-44,0.0,0.0,1.0820921999999999e-27,0.0,0.0,0.0,0.18814662098884585
113,1702032000,0.0,0.0,0.0,0.0,1.7401296999999994e-24,1.3116606000000002e-24,1.7367672e-24,1.736764e-24,0.0,0.0,0.0,0.0,0.0,0.0,0.0,0.0,0.0,0.0,0.0,0.0,0.0,0.0,0.0,45.72416,0.060559668,0.0,6.5969880000000005,6.166109300000001e-28,0.0,0.0,0.0,1.5747464999999998e-27,0.0,0.0,0.0,1.3208218e-24,6.4e-44,0.0,0.0,1.0820921999999999e-27,0.0,0.0,0.0,0.18814662098884585
113,1702032600,0.0,0.0,0.0,0.0,1.7401296999999994e-24,1.3116606000000002e-24,1.7367672e-24,1.736764e-24,0.0,0.0,0.0,0.0,0.0,0.0,0.0,0.0,0.0,0.0,0.0,0.0,0.0,0.0,0.0,45.72416,0.060559668,0.0,6.5969880000000005,6.166109300000001e-28,0.0,0.0,0.0,1.5747464999999998e-27,0.0,0.0,0.0,1.3208218e-24,6.4e-44,0.0,0.0,1.0820921999999999e-27,0.0,0.0,0.0,0.18814662098884585
113,1702033200,0.0,0.0,0.0,0.0,1.7401296999999994e-24,1.3116606000000002e-24,1.7367672e-24,1.736764e-24,0.0,0.0,0.0,0.0,0.0,0.0,0.0,0.0,0.0,0.0,0.0,0.0,0.0,0.0,0.0,45.72416,0.060559668,0.0,6.5969880000000005,6.166109300000001e-28,0.0,0.0,0.0,1.5747464999999998e-27,0.0,0.0,0.0,1.3208218e-24,6.4e-44,0.0,0.0,1.0820921999999999e-27,0.0,0.0,0.0,0.18814662098884585
113,1702033800,0.0,0.0,0.0,0.0,1.7401296999999994e-24,1.3116606000000002e-24,1.7367672e-24,1.736764e-24,0.0,0.0,0.0,0.0,0.0,0.0,0.0,0.0,0.0,0.0,0.0,0.0,0.0,0.0,0.0,45.72416,0.060559668,0.0,6.5969880000000005,6.166109300000001e-28,0.0,0.0,0.0,1.5747464999999998e-27,0.0,0.0,0.0,1.3208218e-24,6.4e-44,0.0,0.0,1.0820921999999999e-27,0.0,0.0,0.0,0.18814662098884585
113,1702034400,0.0,0.0,0.0,0.0,1.7401296999999994e-24,1.3116606000000002e-24,1.7367672e-24,1.736764e-24,0.0,0.0,0.0,0.0,0.0,0.0,0.0,0.0,0.0,0.0,0.0,0.0,0.0,0.0,0.0,45.72416,0.060559668,0.0,6.5969880000000005,6.166109300000001e-28,0.0,0.0,0.0,1.5747464999999998e-27,0.0,0.0,0.0,1.3208218e-24,6.4e-44,0.0,0.0,1.0820921999999999e-27,0.0,0.0,0.0,0.18814662098884585
113,1702035000,0.0,0.0,0.0,0.0,1.7401296999999994e-24,1.3116606000000002e-24,1.7367672e-24,1.736764e-24,0.0,0.0,0.0,0.0,0.0,0.0,0.0,0.0,0.0,0.0,0.0,0.0,0.0,0.0,0.0,45.72416,0.060559668,0.0,6.5969880000000005,6.166109300000001e-28,0.0,0.0,0.0,1.5747464999999998e-27,0.0,0.0,0.0,1.3208218e-24,6.4e-44,0.0,0.0,1.0820921999999999e-27,0.0,0.0,0.0,0.18814662098884585
113,1702035600,0.0,0.0,0.0,0.0,1.7401296999999994e-24,1.3116606000000002e-24,1.7367672e-24,1.736764e-24,0.0,0.0,0.0,0.0,0.0,0.0,0.0,0.0,0.0,0.0,0.0,0.0,0.0,0.0,0.0,45.72416,0.060559668,0.0,6.5969880000000005,6.166109300000001e-28,0.0,0.0,0.0,1.5747464999999998e-27,0.0,0.0,0.0,1.3208218e-24,6.4e-44,0.0,0.0,1.0820921999999999e-27,0.0,0.0,0.0,0.18814662098884585
113,1702036200,0.0,0.0,0.0,0.0,1.7401296999999994e-24,1.3116606000000002e-24,1.7367672e-24,1.736764e-24,0.0,0.0,0.0,0.0,0.0,0.0,0.0,0.0,0.0,0.0,0.0,0.0,0.0,0.0,0.0,45.72416,0.060559668,0.0,6.5969880000000005,6.166109300000001e-28,0.0,0.0,0.0,1.5747464999999998e-27,0.0,0.0,0.0,1.3208218e-24,6.4e-44,0.0,0.0,1.0820921999999999e-27,0.0,0.0,0.0,0.18814662098884585
113,1702036800,0.0,0.0,0.0,0.0,1.7401296999999994e-24,1.3116606000000002e-24,1.7367672e-24,1.736764e-24,0.0,0.0,0.0,0.0,0.0,0.0,0.0,0.0,0.0,0.0,0.0,0.0,0.0,0.0,0.0,45.72416,0.060559668,0.0,6.5969880000000005,6.166109300000001e-28,0.0,0.0,0.0,1.5747464999999998e-27,0.0,0.0,0.0,1.3208218e-24,6.4e-44,0.0,0.0,1.0820921999999999e-27,0.0,0.0,0.0,0.18814662098884585
113,1702037400,0.0,0.0,0.0,0.0,1.7401296999999994e-24,1.3116606000000002e-24,1.7367672e-24,1.736764e-24,0.0,0.0,0.0,0.0,0.0,0.0,0.0,0.0,0.0,0.0,0.0,0.0,0.0,0.0,0.0,45.72416,0.060559668,0.0,6.5969880000000005,6.166109300000001e-28,0.0,0.0,0.0,1.5747464999999998e-27,0.0,0.0,0.0,1.3208218e-24,6.4e-44,0.0,0.0,1.0820921999999999e-27,0.0,0.0,0.0,0.18814662098884585
113,1702038000,0.0,0.0,0.0,0.0,1.7401296999999994e-24,1.3116606000000002e-24,1.7367672e-24,1.736764e-24,0.0,0.0,0.0,0.0,0.0,0.0,0.0,0.0,0.0,0.0,0.0,0.0,0.0,0.0,0.0,45.72416,0.060559668,0.0,6.5969880000000005,6.166109300000001e-28,0.0,0.0,0.0,1.5747464999999998e-27,0.0,0.0,0.0,1.3208218e-24,6.4e-44,0.0,0.0,1.0820921999999999e-27,0.0,0.0,0.0,0.18814662098884585
113,1702038600,0.0,0.0,0.0,0.0,1.7401296999999994e-24,1.3116606000000002e-24,1.7367672e-24,1.736764e-24,0.0,0.0,0.0,0.0,0.0,0.0,0.0,0.0,0.0,0.0,0.0,0.0,0.0,0.0,0.0,45.72416,0.060559668,0.0,6.5969880000000005,6.166109300000001e-28,0.0,0.0,0.0,1.5747464999999998e-27,0.0,0.0,0.0,1.3208218e-24,6.4e-44,0.0,0.0,1.0820921999999999e-27,0.0,0.0,0.0,0.18814662098884585
113,1702039200,0.0,0.0,0.0,0.0,1.7401296999999994e-24,1.3116606000000002e-24,1.7367672e-24,1.736764e-24,0.0,0.0,0.0,0.0,0.0,0.0,0.0,0.0,0.0,0.0,0.0,0.0,0.0,0.0,0.0,45.72416,0.060559668,0.0,6.5969880000000005,6.166109300000001e-28,0.0,0.0,0.0,1.5747464999999998e-27,0.0,0.0,0.0,1.3208218e-24,6.4e-44,0.0,0.0,1.0820921999999999e-27,0.0,0.0,0.0,0.18814662098884585
113,1702039800,0.0,0.0,0.0,0.0,1.7401296999999994e-24,1.3116606000000002e-24,1.7367672e-24,1.736764e-24,0.0,0.0,0.0,0.0,0.0,0.0,0.0,0.0,0.0,0.0,0.0,0.0,0.0,0.0,0.0,45.72416,0.060559668,0.0,6.5969880000000005,6.166109300000001e-28,0.0,0.0,0.0,1.5747464999999998e-27,0.0,0.0,0.0,1.3208218e-24,6.4e-44,0.0,0.0,1.0820921999999999e-27,0.0,0.0,0.0,0.18814662098884585
113,1702040400,0.0,0.0,0.0,0.0,1.7401296999999994e-24,1.3116606000000002e-24,1.7367672e-24,1.736764e-24,0.0,0.0,0.0,0.0,0.0,0.0,0.0,0.0,0.0,0.0,0.0,0.0,0.0,0.0,0.0,45.72416,0.060559668,0.0,6.5969880000000005,6.166109300000001e-28,0.0,0.0,0.0,1.5747464999999998e-27,0.0,0.0,0.0,1.3208218e-24,6.4e-44,0.0,0.0,1.0820921999999999e-27,0.0,0.0,0.0,0.18814662098884585
113,1702041000,0.0,0.0,0.0,0.0,1.7401296999999994e-24,1.3116606000000002e-24,1.7367672e-24,1.736764e-24,0.0,0.0,0.0,0.0,0.0,0.0,0.0,0.0,0.0,0.0,0.0,0.0,0.0,0.0,0.0,45.72416,0.060559668,0.0,6.5969880000000005,6.166109300000001e-28,0.0,0.0,0.0,1.5747464999999998e-27,0.0,0.0,0.0,1.3208218e-24,6.4e-44,0.0,0.0,1.0820921999999999e-27,0.0,0.0,0.0,0.18814662098884585
113,1702041600,0.0,0.0,0.0,0.0,1.7401296999999994e-24,1.3116606000000002e-24,1.7367672e-24,1.736764e-24,0.0,0.0,0.0,0.0,0.0,0.0,0.0,0.0,0.0,0.0,0.0,0.0,0.0,0.0,0.0,45.72416,0.060559668,0.0,6.5969880000000005,6.166109300000001e-28,0.0,0.0,0.0,1.5747464999999998e-27,0.0,0.0,0.0,1.3208218e-24,6.4e-44,0.0,0.0,1.0820921999999999e-27,0.0,0.0,0.0,0.18814662098884585
113,1702042200,0.0,0.0,0.0,0.0,1.7401296999999994e-24,1.3116606000000002e-24,1.7367672e-24,1.736764e-24,0.0,0.0,0.0,0.0,0.0,0.0,0.0,0.0,0.0,0.0,0.0,0.0,0.0,0.0,0.0,45.72416,0.060559668,0.0,6.5969880000000005,6.166109300000001e-28,0.0,0.0,0.0,1.5747464999999998e-27,0.0,0.0,0.0,1.3208218e-24,6.4e-44,0.0,0.0,1.0820921999999999e-27,0.0,0.0,0.0,0.18814662098884585
113,1702042800,0.0,0.0,0.0,0.0,1.7401296999999994e-24,1.3116606000000002e-24,1.7367672e-24,1.736764e-24,0.0,0.0,0.0,0.0,0.0,0.0,0.0,0.0,0.0,0.0,0.0,0.0,0.0,0.0,0.0,45.72416,0.060559668,0.0,6.5969880000000005,6.166109300000001e-28,0.0,0.0,0.0,1.5747464999999998e-27,0.0,0.0,0.0,1.3208218e-24,6.4e-44,0.0,0.0,1.0820921999999999e-27,0.0,0.0,0.0,0.18814662098884585
113,1702043400,0.0,0.0,0.0,0.0,1.7401296999999994e-24,1.3116606000000002e-24,1.7367672e-24,1.736764e-24,0.0,0.0,0.0,0.0,0.0,0.0,0.0,0.0,0.0,0.0,0.0,0.0,0.0,0.0,0.0,45.72416,0.060559668,0.0,6.5969880000000005,6.166109300000001e-28,0.0,0.0,0.0,1.5747464999999998e-27,0.0,0.0,0.0,1.3208218e-24,6.4e-44,0.0,0.0,1.0820921999999999e-27,0.0,0.0,0.0,0.18814662098884585
113,1702044000,0.0,0.0,0.0,0.0,1.7401296999999994e-24,1.3116606000000002e-24,1.7367672e-24,1.736764e-24,0.0,0.0,0.0,0.0,0.0,0.0,0.0,0.0,0.0,0.0,0.0,0.0,0.0,0.0,0.0,45.72416,0.060559668,0.0,6.5969880000000005,6.166109300000001e-28,0.0,0.0,0.0,1.5747464999999998e-27,0.0,0.0,0.0,1.3208218e-24,6.4e-44,0.0,0.0,1.0820921999999999e-27,0.0,0.0,0.0,0.18814662098884585
113,1702044600,0.0,0.0,0.0,0.0,1.7401296999999994e-24,1.3116606000000002e-24,1.7367672e-24,1.736764e-24,0.0,0.0,0.0,0.0,0.0,0.0,0.0,0.0,0.0,0.0,0.0,0.0,0.0,0.0,0.0,45.72416,0.060559668,0.0,6.5969880000000005,6.166109300000001e-28,0.0,0.0,0.0,1.5747464999999998e-27,0.0,0.0,0.0,1.3208218e-24,6.4e-44,0.0,0.0,1.0820921999999999e-27,0.0,0.0,0.0,0.18814662098884585
113,1702045200,0.0,0.0,0.0,0.0,1.7401296999999994e-24,1.3116606000000002e-24,1.7367672e-24,1.736764e-24,0.0,0.0,0.0,0.0,0.0,0.0,0.0,0.0,0.0,0.0,0.0,0.0,0.0,0.0,0.0,45.72416,0.060559668,0.0,6.5969880000000005,6.166109300000001e-28,0.0,0.0,0.0,1.5747464999999998e-27,0.0,0.0,0.0,1.3208218e-24,6.4e-44,0.0,0.0,1.0820921999999999e-27,0.0,0.0,0.0,0.18814662098884585
113,1702045800,0.0,0.0,0.0,0.0,1.7401296999999994e-24,1.3116606000000002e-24,1.7367672e-24,1.736764e-24,0.0,0.0,0.0,0.0,0.0,0.0,0.0,0.0,0.0,0.0,0.0,0.0,0.0,0.0,0.0,45.72416,0.060559668,0.0,6.5969880000000005,6.166109300000001e-28,0.0,0.0,0.0,1.5747464999999998e-27,0.0,0.0,0.0,1.3208218e-24,6.4e-44,0.0,0.0,1.0820921999999999e-27,0.0,0.0,0.0,0.18814662098884585
113,1702046400,0.0,0.0,0.0,0.0,1.7401296999999994e-24,1.3116606000000002e-24,1.7367672e-24,1.736764e-24,0.0,0.0,0.0,0.0,0.0,0.0,0.0,0.0,0.0,0.0,0.0,0.0,0.0,0.0,0.0,45.72416,0.060559668,0.0,6.5969880000000005,6.166109300000001e-28,0.0,0.0,0.0,1.5747464999999998e-27,0.0,0.0,0.0,1.3208218e-24,6.4e-44,0.0,0.0,1.0820921999999999e-27,0.0,0.0,0.0,0.18814662098884585
113,1702047000,0.0,0.0,0.0,0.0,1.7401296999999994e-24,1.3116606000000002e-24,1.7367672e-24,1.736764e-24,0.0,0.0,0.0,0.0,0.0,0.0,0.0,0.0,0.0,0.0,0.0,0.0,0.0,0.0,0.0,45.72416,0.060559668,0.0,6.5969880000000005,6.166109300000001e-28,0.0,0.0,0.0,1.5747464999999998e-27,0.0,0.0,0.0,1.3208218e-24,6.4e-44,0.0,0.0,1.0820921999999999e-27,0.0,0.0,0.0,0.18814662098884585
113,1702047600,0.0,0.0,0.0,0.0,1.7401296999999994e-24,1.3116606000000002e-24,1.7367672e-24,1.736764e-24,0.0,0.0,0.0,0.0,0.0,0.0,0.0,0.0,0.0,0.0,0.0,0.0,0.0,0.0,0.0,45.72416,0.060559668,0.0,6.5969880000000005,6.166109300000001e-28,0.0,0.0,0.0,1.5747464999999998e-27,0.0,0.0,0.0,1.3208218e-24,6.4e-44,0.0,0.0,1.0820921999999999e-27,0.0,0.0,0.0,0.18814662098884585
113,1702048200,0.0,0.0,0.0,0.0,1.7401296999999994e-24,1.3116606000000002e-24,1.7367672e-24,1.736764e-24,0.0,0.0,0.0,0.0,0.0,0.0,0.0,0.0,0.0,0.0,0.0,0.0,0.0,0.0,0.0,45.72416,0.060559668,0.0,6.5969880000000005,6.166109300000001e-28,0.0,0.0,0.0,1.5747464999999998e-27,0.0,0.0,0.0,1.3208218e-24,6.4e-44,0.0,0.0,1.0820921999999999e-27,0.0,0.0,0.0,0.18814662098884585
113,1702048800,0.0,0.0,0.0,0.0,1.7401296999999994e-24,1.3116606000000002e-24,1.7367672e-24,1.736764e-24,0.0,0.0,0.0,0.0,0.0,0.0,0.0,0.0,0.0,0.0,0.0,0.0,0.0,0.0,0.0,45.72416,0.060559668,0.0,6.5969880000000005,6.166109300000001e-28,0.0,0.0,0.0,1.5747464999999998e-27,0.0,0.0,0.0,1.3208218e-24,6.4e-44,0.0,0.0,1.0820921999999999e-27,0.0,0.0,0.0,0.18814662098884585
113,1702049400,0.0,0.0,0.0,0.0,1.7401296999999994e-24,1.3116606000000002e-24,1.7367672e-24,1.736764e-24,0.0,0.0,0.0,0.0,0.0,0.0,0.0,0.0,0.0,0.0,0.0,0.0,0.0,0.0,0.0,45.72416,0.060559668,0.0,6.5969880000000005,6.166109300000001e-28,0.0,0.0,0.0,1.5747464999999998e-27,0.0,0.0,0.0,1.3208218e-24,6.4e-44,0.0,0.0,1.0820921999999999e-27,0.0,0.0,0.0,0.18814662098884585
113,1702050000,0.0,0.0,0.0,0.0,1.7401296999999994e-24,1.3116606000000002e-24,1.7367672e-24,1.736764e-24,0.0,0.0,0.0,0.0,0.0,0.0,0.0,0.0,0.0,0.0,0.0,0.0,0.0,0.0,0.0,45.72416,0.060559668,0.0,6.5969880000000005,6.166109300000001e-28,0.0,0.0,0.0,1.5747464999999998e-27,0.0,0.0,0.0,1.3208218e-24,6.4e-44,0.0,0.0,1.0820921999999999e-27,0.0,0.0,0.0,0.18814662098884585
113,1702050600,0.0,0.0,0.0,0.0,1.7401296999999994e-24,1.3116606000000002e-24,1.7367672e-24,1.736764e-24,0.0,0.0,0.0,0.0,0.0,0.0,0.0,0.0,0.0,0.0,0.0,0.0,0.0,0.0,0.0,45.72416,0.060559668,0.0,6.5969880000000005,6.166109300000001e-28,0.0,0.0,0.0,1.5747464999999998e-27,0.0,0.0,0.0,1.3208218e-24,6.4e-44,0.0,0.0,1.0820921999999999e-27,0.0,0.0,0.0,0.18814662098884585
113,1702051200,0.0,0.0,0.0,0.0,1.7401296999999994e-24,1.3116606000000002e-24,1.7367672e-24,1.736764e-24,0.0,0.0,0.0,0.0,0.0,0.0,0.0,0.0,0.0,0.0,0.0,0.0,0.0,0.0,0.0,45.72416,0.060559668,0.0,6.5969880000000005,6.166109300000001e-28,0.0,0.0,0.0,1.5747464999999998e-27,0.0,0.0,0.0,1.3208218e-24,6.4e-44,0.0,0.0,1.0820921999999999e-27,0.0,0.0,0.0,0.18814662098884585
113,1702051800,0.0,0.0,0.0,0.0,1.7401296999999994e-24,1.3116606000000002e-24,1.7367672e-24,1.736764e-24,0.0,0.0,0.0,0.0,0.0,0.0,0.0,0.0,0.0,0.0,0.0,0.0,0.0,0.0,0.0,45.72416,0.060559668,0.0,6.5969880000000005,6.166109300000001e-28,0.0,0.0,0.0,1.5747464999999998e-27,0.0,0.0,0.0,1.3208218e-24,6.4e-44,0.0,0.0,1.0820921999999999e-27,0.0,0.0,0.0,0.18814662098884585
113,1702052400,0.0,0.0,0.0,0.0,1.7401296999999994e-24,1.3116606000000002e-24,1.7367672e-24,1.736764e-24,0.0,0.0,0.0,0.0,0.0,0.0,0.0,0.0,0.0,0.0,0.0,0.0,0.0,0.0,0.0,45.72416,0.060559668,0.0,6.5969880000000005,6.166109300000001e-28,0.0,0.0,0.0,1.5747464999999998e-27,0.0,0.0,0.0,1.3208218e-24,6.4e-44,0.0,0.0,1.0820921999999999e-27,0.0,0.0,0.0,0.18814662098884585
113,1702053000,0.0,0.0,0.0,0.0,1.7401296999999994e-24,1.3116606000000002e-24,1.7367672e-24,1.736764e-24,0.0,0.0,0.0,0.0,0.0,0.0,0.0,0.0,0.0,0.0,0.0,0.0,0.0,0.0,0.0,45.72416,0.060559668,0.0,6.5969880000000005,6.166109300000001e-28,0.0,0.0,0.0,1.5747464999999998e-27,0.0,0.0,0.0,1.3208218e-24,6.4e-44,0.0,0.0,1.0820921999999999e-27,0.0,0.0,0.0,0.18814662098884585
113,1702053600,0.0,0.0,0.0,0.0,1.7401296999999994e-24,1.3116606000000002e-24,1.7367672e-24,1.736764e-24,0.0,0.0,0.0,0.0,0.0,0.0,0.0,0.0,0.0,0.0,0.0,0.0,0.0,0.0,0.0,45.72416,0.060559668,0.0,6.5969880000000005,6.166109300000001e-28,0.0,0.0,0.0,1.5747464999999998e-27,0.0,0.0,0.0,1.3208218e-24,6.4e-44,0.0,0.0,1.0820921999999999e-27,0.0,0.0,0.0,0.18814662098884585
113,1702054200,0.0,0.0,0.0,0.0,1.7401296999999994e-24,1.3116606000000002e-24,1.7367672e-24,1.736764e-24,0.0,0.0,0.0,0.0,0.0,0.0,0.0,0.0,0.0,0.0,0.0,0.0,0.0,0.0,0.0,45.72416,0.060559668,0.0,6.5969880000000005,6.166109300000001e-28,0.0,0.0,0.0,1.5747464999999998e-27,0.0,0.0,0.0,1.3208218e-24,6.4e-44,0.0,0.0,1.0820921999999999e-27,0.0,0.0,0.0,0.18814662098884585
113,1702054800,0.0,0.0,0.0,0.0,1.7401296999999994e-24,1.3116606000000002e-24,1.7367672e-24,1.736764e-24,0.0,0.0,0.0,0.0,0.0,0.0,0.0,0.0,0.0,0.0,0.0,0.0,0.0,0.0,0.0,45.72416,0.060559668,0.0,6.5969880000000005,6.166109300000001e-28,0.0,0.0,0.0,1.5747464999999998e-27,0.0,0.0,0.0,1.3208218e-24,6.4e-44,0.0,0.0,1.0820921999999999e-27,0.0,0.0,0.0,0.18814662098884585
113,1702055400,0.0,0.0,0.0,0.0,1.7401296999999994e-24,1.3116606000000002e-24,1.7367672e-24,1.736764e-24,0.0,0.0,0.0,0.0,0.0,0.0,0.0,0.0,0.0,0.0,0.0,0.0,0.0,0.0,0.0,45.72416,0.060559668,0.0,6.5969880000000005,6.166109300000001e-28,0.0,0.0,0.0,1.5747464999999998e-27,0.0,0.0,0.0,1.3208218e-24,6.4e-44,0.0,0.0,1.0820921999999999e-27,0.0,0.0,0.0,0.18814662098884585
113,1702056000,0.0,0.0,0.0,0.0,1.7401296999999994e-24,1.3116606000000002e-24,1.7367672e-24,1.736764e-24,0.0,0.0,0.0,0.0,0.0,0.0,0.0,0.0,0.0,0.0,0.0,0.0,0.0,0.0,0.0,45.72416,0.060559668,0.0,6.5969880000000005,6.166109300000001e-28,0.0,0.0,0.0,1.5747464999999998e-27,0.0,0.0,0.0,1.3208218e-24,6.4e-44,0.0,0.0,1.0820921999999999e-27,0.0,0.0,0.0,0.18814662098884585
113,1702056600,0.0,0.0,0.0,0.0,1.7401296999999994e-24,1.3116606000000002e-24,1.7367672e-24,1.736764e-24,0.0,0.0,0.0,0.0,0.0,0.0,0.0,0.0,0.0,0.0,0.0,0.0,0.0,0.0,0.0,45.72416,0.060559668,0.0,6.5969880000000005,6.166109300000001e-28,0.0,0.0,0.0,1.5747464999999998e-27,0.0,0.0,0.0,1.3208218e-24,6.4e-44,0.0,0.0,1.0820921999999999e-27,0.0,0.0,0.0,0.18814662098884585
113,1702057200,0.0,0.0,0.0,0.0,1.7401296999999994e-24,1.3116606000000002e-24,1.7367672e-24,1.736764e-24,0.0,0.0,0.0,0.0,0.0,0.0,0.0,0.0,0.0,0.0,0.0,0.0,0.0,0.0,0.0,45.72416,0.060559668,0.0,6.5969880000000005,6.166109300000001e-28,0.0,0.0,0.0,1.5747464999999998e-27,0.0,0.0,0.0,1.3208218e-24,6.4e-44,0.0,0.0,1.0820921999999999e-27,0.0,0.0,0.0,0.18814662098884585
113,1702057800,0.0,0.0,0.0,0.0,1.7401296999999994e-24,1.3116606000000002e-24,1.7367672e-24,1.736764e-24,0.0,0.0,0.0,0.0,0.0,0.0,0.0,0.0,0.0,0.0,0.0,0.0,0.0,0.0,0.0,45.72416,0.060559668,0.0,6.5969880000000005,6.166109300000001e-28,0.0,0.0,0.0,1.5747464999999998e-27,0.0,0.0,0.0,1.3208218e-24,6.4e-44,0.0,0.0,1.0820921999999999e-27,0.0,0.0,0.0,0.18814662098884585
113,1702058400,0.0,0.0,0.0,0.0,1.7401296999999994e-24,1.3116606000000002e-24,1.7367672e-24,1.736764e-24,0.0,0.0,0.0,0.0,0.0,0.0,0.0,0.0,0.0,0.0,0.0,0.0,0.0,0.0,0.0,45.72416,0.060559668,0.0,6.5969880000000005,6.166109300000001e-28,0.0,0.0,0.0,1.5747464999999998e-27,0.0,0.0,0.0,1.3208218e-24,6.4e-44,0.0,0.0,1.0820921999999999e-27,0.0,0.0,0.0,0.18814662098884585
113,1702059000,0.0,0.0,0.0,0.0,1.7401296999999994e-24,1.3116606000000002e-24,1.7367672e-24,1.736764e-24,0.0,0.0,0.0,0.0,0.0,0.0,0.0,0.0,0.0,0.0,0.0,0.0,0.0,0.0,0.0,45.72416,0.060559668,0.0,6.5969880000000005,6.166109300000001e-28,0.0,0.0,0.0,1.5747464999999998e-27,0.0,0.0,0.0,1.3208218e-24,6.4e-44,0.0,0.0,1.0820921999999999e-27,0.0,0.0,0.0,0.18814662098884585
113,1702059600,0.0,0.0,0.0,0.0,1.7401296999999994e-24,1.3116606000000002e-24,1.7367672e-24,1.736764e-24,0.0,0.0,0.0,0.0,0.0,0.0,0.0,0.0,0.0,0.0,0.0,0.0,0.0,0.0,0.0,45.72416,0.060559668,0.0,6.5969880000000005,6.166109300000001e-28,0.0,0.0,0.0,1.5747464999999998e-27,0.0,0.0,0.0,1.3208218e-24,6.4e-44,0.0,0.0,1.0820921999999999e-27,0.0,0.0,0.0,0.18814662098884585
113,1702060200,0.0,0.0,0.0,0.0,1.7401296999999994e-24,1.3116606000000002e-24,1.7367672e-24,1.736764e-24,0.0,0.0,0.0,0.0,0.0,0.0,0.0,0.0,0.0,0.0,0.0,0.0,0.0,0.0,0.0,45.72416,0.060559668,0.0,6.5969880000000005,6.166109300000001e-28,0.0,0.0,0.0,1.5747464999999998e-27,0.0,0.0,0.0,1.3208218e-24,6.4e-44,0.0,0.0,1.0820921999999999e-27,0.0,0.0,0.0,0.18814662098884585
113,1702060800,0.0,0.0,0.0,0.0,1.7401296999999994e-24,1.3116606000000002e-24,1.7367672e-24,1.736764e-24,0.0,0.0,0.0,0.0,0.0,0.0,0.0,0.0,0.0,0.0,0.0,0.0,0.0,0.0,0.0,45.72416,0.060559668,0.0,6.5969880000000005,6.166109300000001e-28,0.0,0.0,0.0,1.5747464999999998e-27,0.0,0.0,0.0,1.3208218e-24,6.4e-44,0.0,0.0,1.0820921999999999e-27,0.0,0.0,0.0,0.18814662098884585
113,1702061400,0.0,0.0,0.0,0.0,1.7401296999999994e-24,1.3116606000000002e-24,1.7367672e-24,1.736764e-24,0.0,0.0,0.0,0.0,0.0,0.0,0.0,0.0,0.0,0.0,0.0,0.0,0.0,0.0,0.0,45.72416,0.060559668,0.0,6.5969880000000005,6.166109300000001e-28,0.0,0.0,0.0,1.5747464999999998e-27,0.0,0.0,0.0,1.3208218e-24,6.4e-44,0.0,0.0,1.0820921999999999e-27,0.0,0.0,0.0,0.18814662098884585
113,1702062000,0.0,0.0,0.0,0.0,1.7401296999999994e-24,1.3116606000000002e-24,1.7367672e-24,1.736764e-24,0.0,0.0,0.0,0.0,0.0,0.0,0.0,0.0,0.0,0.0,0.0,0.0,0.0,0.0,0.0,45.72416,0.060559668,0.0,6.5969880000000005,6.166109300000001e-28,0.0,0.0,0.0,1.5747464999999998e-27,0.0,0.0,0.0,1.3208218e-24,6.4e-44,0.0,0.0,1.0820921999999999e-27,0.0,0.0,0.0,0.18814662098884585
113,1702062600,0.0,0.0,0.0,0.0,1.7401296999999994e-24,1.3116606000000002e-24,1.7367672e-24,1.736764e-24,0.0,0.0,0.0,0.0,0.0,0.0,0.0,0.0,0.0,0.0,0.0,0.0,0.0,0.0,0.0,45.72416,0.060559668,0.0,6.5969880000000005,6.166109300000001e-28,0.0,0.0,0.0,1.5747464999999998e-27,0.0,0.0,0.0,1.3208218e-24,6.4e-44,0.0,0.0,1.0820921999999999e-27,0.0,0.0,0.0,0.18814662098884585
113,1702063200,0.0,0.0,0.0,0.0,1.7401296999999994e-24,1.3116606000000002e-24,1.7367672e-24,1.736764e-24,0.0,0.0,0.0,0.0,0.0,0.0,0.0,0.0,0.0,0.0,0.0,0.0,0.0,0.0,0.0,45.72416,0.060559668,0.0,6.5969880000000005,6.166109300000001e-28,0.0,0.0,0.0,1.5747464999999998e-27,0.0,0.0,0.0,1.3208218e-24,6.4e-44,0.0,0.0,1.0820921999999999e-27,0.0,0.0,0.0,0.18814662098884585
113,1702063800,0.0,0.0,0.0,0.0,1.7401296999999994e-24,1.3116606000000002e-24,1.7367672e-24,1.736764e-24,0.0,0.0,0.0,0.0,0.0,0.0,0.0,0.0,0.0,0.0,0.0,0.0,0.0,0.0,0.0,45.72416,0.060559668,0.0,6.5969880000000005,6.166109300000001e-28,0.0,0.0,0.0,1.5747464999999998e-27,0.0,0.0,0.0,1.3208218e-24,6.4e-44,0.0,0.0,1.0820921999999999e-27,0.0,0.0,0.0,0.18814662098884585
113,1702064400,0.0,0.0,0.0,0.0,1.7401296999999994e-24,1.3116606000000002e-24,1.7367672e-24,1.736764e-24,0.0,0.0,0.0,0.0,0.0,0.0,0.0,0.0,0.0,0.0,0.0,0.0,0.0,0.0,0.0,45.72416,0.060559668,0.0,6.5969880000000005,6.166109300000001e-28,0.0,0.0,0.0,1.5747464999999998e-27,0.0,0.0,0.0,1.3208218e-24,6.4e-44,0.0,0.0,1.0820921999999999e-27,0.0,0.0,0.0,0.18814662098884585
113,1702065000,0.0,0.0,0.0,0.0,1.7401296999999994e-24,1.3116606000000002e-24,1.7367672e-24,1.736764e-24,0.0,0.0,0.0,0.0,0.0,0.0,0.0,0.0,0.0,0.0,0.0,0.0,0.0,0.0,0.0,45.72416,0.060559668,0.0,6.5969880000000005,6.166109300000001e-28,0.0,0.0,0.0,1.5747464999999998e-27,0.0,0.0,0.0,1.3208218e-24,6.4e-44,0.0,0.0,1.0820921999999999e-27,0.0,0.0,0.0,0.18814662098884585
113,1702065600,0.0,0.0,0.0,0.0,1.7401296999999994e-24,1.3116606000000002e-24,1.7367672e-24,1.736764e-24,0.0,0.0,0.0,0.0,0.0,0.0,0.0,0.0,0.0,0.0,0.0,0.0,0.0,0.0,0.0,45.72416,0.060559668,0.0,6.5969880000000005,6.166109300000001e-28,0.0,0.0,0.0,1.5747464999999998e-27,0.0,0.0,0.0,1.3208218e-24,6.4e-44,0.0,0.0,1.0820921999999999e-27,0.0,0.0,0.0,0.18814662098884585
113,1702066200,0.0,0.0,0.0,0.0,1.7401296999999994e-24,1.3116606000000002e-24,1.7367672e-24,1.736764e-24,0.0,0.0,0.0,0.0,0.0,0.0,0.0,0.0,0.0,0.0,0.0,0.0,0.0,0.0,0.0,45.72416,0.060559668,0.0,6.5969880000000005,6.166109300000001e-28,0.0,0.0,0.0,1.5747464999999998e-27,0.0,0.0,0.0,1.3208218e-24,6.4e-44,0.0,0.0,1.0820921999999999e-27,0.0,0.0,0.0,0.18814662098884585
113,1702066800,0.0,0.0,0.0,0.0,1.7401296999999994e-24,1.3116606000000002e-24,1.7367672e-24,1.736764e-24,0.0,0.0,0.0,0.0,0.0,0.0,0.0,0.0,0.0,0.0,0.0,0.0,0.0,0.0,0.0,45.72416,0.060559668,0.0,6.5969880000000005,6.166109300000001e-28,0.0,0.0,0.0,1.5747464999999998e-27,0.0,0.0,0.0,1.3208218e-24,6.4e-44,0.0,0.0,1.0820921999999999e-27,0.0,0.0,0.0,0.18814662098884585
113,1702067400,0.0,0.0,0.0,0.0,1.7401296999999994e-24,1.3116606000000002e-24,1.7367672e-24,1.736764e-24,0.0,0.0,0.0,0.0,0.0,0.0,0.0,0.0,0.0,0.0,0.0,0.0,0.0,0.0,0.0,45.72416,0.060559668,0.0,6.5969880000000005,6.166109300000001e-28,0.0,0.0,0.0,1.5747464999999998e-27,0.0,0.0,0.0,1.3208218e-24,6.4e-44,0.0,0.0,1.0820921999999999e-27,0.0,0.0,0.0,0.18814662098884585
113,1702068000,0.0,0.0,0.0,0.0,1.7401296999999994e-24,1.3116606000000002e-24,1.7367672e-24,1.736764e-24,0.0,0.0,0.0,0.0,0.0,0.0,0.0,0.0,0.0,0.0,0.0,0.0,0.0,0.0,0.0,45.72416,0.060559668,0.0,6.5969880000000005,6.166109300000001e-28,0.0,0.0,0.0,1.5747464999999998e-27,0.0,0.0,0.0,1.3208218e-24,6.4e-44,0.0,0.0,1.0820921999999999e-27,0.0,0.0,0.0,0.18814662098884585
113,1702068600,0.0,0.0,0.0,0.0,1.7401296999999994e-24,1.3116606000000002e-24,1.7367672e-24,1.736764e-24,0.0,0.0,0.0,0.0,0.0,0.0,0.0,0.0,0.0,0.0,0.0,0.0,0.0,0.0,0.0,45.72416,0.060559668,0.0,6.5969880000000005,6.166109300000001e-28,0.0,0.0,0.0,1.5747464999999998e-27,0.0,0.0,0.0,1.3208218e-24,6.4e-44,0.0,0.0,1.0820921999999999e-27,0.0,0.0,0.0,0.18814662098884585
113,1702069200,0.0,0.0,0.0,0.0,1.7401296999999994e-24,1.3116606000000002e-24,1.7367672e-24,1.736764e-24,0.0,0.0,0.0,0.0,0.0,0.0,0.0,0.0,0.0,0.0,0.0,0.0,0.0,0.0,0.0,45.72416,0.060559668,0.0,6.5969880000000005,6.166109300000001e-28,0.0,0.0,0.0,1.5747464999999998e-27,0.0,0.0,0.0,1.3208218e-24,6.4e-44,0.0,0.0,1.0820921999999999e-27,0.0,0.0,0.0,0.18814662098884585
113,1702069800,0.0,0.0,0.0,0.0,1.7401296999999994e-24,1.3116606000000002e-24,1.7367672e-24,1.736764e-24,0.0,0.0,0.0,0.0,0.0,0.0,0.0,0.0,0.0,0.0,0.0,0.0,0.0,0.0,0.0,45.72416,0.060559668,0.0,6.5969880000000005,6.166109300000001e-28,0.0,0.0,0.0,1.5747464999999998e-27,0.0,0.0,0.0,1.3208218e-24,6.4e-44,0.0,0.0,1.0820921999999999e-27,0.0,0.0,0.0,0.18814662098884585
113,1702070400,0.0,0.0,0.0,0.0,1.7401296999999994e-24,1.3116606000000002e-24,1.7367672e-24,1.736764e-24,0.0,0.0,0.0,0.0,0.0,0.0,0.0,0.0,0.0,0.0,0.0,0.0,0.0,0.0,0.0,45.72416,0.060559668,0.0,6.5969880000000005,6.166109300000001e-28,0.0,0.0,0.0,1.5747464999999998e-27,0.0,0.0,0.0,1.3208218e-24,6.4e-44,0.0,0.0,1.0820921999999999e-27,0.0,0.0,0.0,0.18814662098884585
113,1702071000,0.0,0.0,0.0,0.0,1.7401296999999994e-24,1.3116606000000002e-24,1.7367672e-24,1.736764e-24,0.0,0.0,0.0,0.0,0.0,0.0,0.0,0.0,0.0,0.0,0.0,0.0,0.0,0.0,0.0,45.72416,0.060559668,0.0,6.5969880000000005,6.166109300000001e-28,0.0,0.0,0.0,1.5747464999999998e-27,0.0,0.0,0.0,1.3208218e-24,6.4e-44,0.0,0.0,1.0820921999999999e-27,0.0,0.0,0.0,0.18814662098884585
113,1702071600,0.0,0.0,0.0,0.0,1.7401296999999994e-24,1.3116606000000002e-24,1.7367672e-24,1.736764e-24,0.0,0.0,0.0,0.0,0.0,0.0,0.0,0.0,0.0,0.0,0.0,0.0,0.0,0.0,0.0,45.72416,0.060559668,0.0,6.5969880000000005,6.166109300000001e-28,0.0,0.0,0.0,1.5747464999999998e-27,0.0,0.0,0.0,1.3208218e-24,6.4e-44,0.0,0.0,1.0820921999999999e-27,0.0,0.0,0.0,0.18814662098884585
113,1702072200,0.0,0.0,0.0,0.0,1.7401296999999994e-24,1.3116606000000002e-24,1.7367672e-24,1.736764e-24,0.0,0.0,0.0,0.0,0.0,0.0,0.0,0.0,0.0,0.0,0.0,0.0,0.0,0.0,0.0,45.72416,0.060559668,0.0,6.5969880000000005,6.166109300000001e-28,0.0,0.0,0.0,1.5747464999999998e-27,0.0,0.0,0.0,1.3208218e-24,6.4e-44,0.0,0.0,1.0820921999999999e-27,0.0,0.0,0.0,0.18814662098884585
113,1702072800,0.0,0.0,0.0,0.0,1.7401296999999994e-24,1.3116606000000002e-24,1.7367672e-24,1.736764e-24,0.0,0.0,0.0,0.0,0.0,0.0,0.0,0.0,0.0,0.0,0.0,0.0,0.0,0.0,0.0,45.72416,0.060559668,0.0,6.5969880000000005,6.166109300000001e-28,0.0,0.0,0.0,1.5747464999999998e-27,0.0,0.0,0.0,1.3208218e-24,6.4e-44,0.0,0.0,1.0820921999999999e-27,0.0,0.0,0.0,0.18814662098884585
113,1702073400,0.0,0.0,0.0,0.0,1.7401296999999994e-24,1.3116606000000002e-24,1.7367672e-24,1.736764e-24,0.0,0.0,0.0,0.0,0.0,0.0,0.0,0.0,0.0,0.0,0.0,0.0,0.0,0.0,0.0,45.72416,0.060559668,0.0,6.5969880000000005,6.166109300000001e-28,0.0,0.0,0.0,1.5747464999999998e-27,0.0,0.0,0.0,1.3208218e-24,6.4e-44,0.0,0.0,1.0820921999999999e-27,0.0,0.0,0.0,0.18814662098884585
113,1702074000,0.0,0.0,0.0,0.0,1.7401296999999994e-24,1.3116606000000002e-24,1.7367672e-24,1.736764e-24,0.0,0.0,0.0,0.0,0.0,0.0,0.0,0.0,0.0,0.0,0.0,0.0,0.0,0.0,0.0,45.72416,0.060559668,0.0,6.5969880000000005,6.166109300000001e-28,0.0,0.0,0.0,1.5747464999999998e-27,0.0,0.0,0.0,1.3208218e-24,6.4e-44,0.0,0.0,1.0820921999999999e-27,0.0,0.0,0.0,0.18814662098884585
113,1702074600,0.0,0.0,0.0,0.0,1.7401296999999994e-24,1.3116606000000002e-24,1.7367672e-24,1.736764e-24,0.0,0.0,0.0,0.0,0.0,0.0,0.0,0.0,0.0,0.0,0.0,0.0,0.0,0.0,0.0,45.72416,0.060559668,0.0,6.5969880000000005,6.166109300000001e-28,0.0,0.0,0.0,1.5747464999999998e-27,0.0,0.0,0.0,1.3208218e-24,6.4e-44,0.0,0.0,1.0820921999999999e-27,0.0,0.0,0.0,0.18814662098884585
113,1702075200,0.0,0.0,0.0,0.0,1.7401296999999994e-24,1.3116606000000002e-24,1.7367672e-24,1.736764e-24,0.0,0.0,0.0,0.0,0.0,0.0,0.0,0.0,0.0,0.0,0.0,0.0,0.0,0.0,0.0,45.72416,0.060559668,0.0,6.5969880000000005,6.166109300000001e-28,0.0,0.0,0.0,1.5747464999999998e-27,0.0,0.0,0.0,1.3208218e-24,6.4e-44,0.0,0.0,1.0820921999999999e-27,0.0,0.0,0.0,0.18814662098884585
113,1702075800,0.0,0.0,0.0,0.0,1.7401296999999994e-24,1.3116606000000002e-24,1.7367672e-24,1.736764e-24,0.0,0.0,0.0,0.0,0.0,0.0,0.0,0.0,0.0,0.0,0.0,0.0,0.0,0.0,0.0,45.72416,0.060559668,0.0,6.5969880000000005,6.166109300000001e-28,0.0,0.0,0.0,1.5747464999999998e-27,0.0,0.0,0.0,1.3208218e-24,6.4e-44,0.0,0.0,1.0820921999999999e-27,0.0,0.0,0.0,0.18814662098884585
113,1702076400,0.0,0.0,0.0,0.0,1.7401296999999994e-24,1.3116606000000002e-24,1.7367672e-24,1.736764e-24,0.0,0.0,0.0,0.0,0.0,0.0,0.0,0.0,0.0,0.0,0.0,0.0,0.0,0.0,0.0,45.72416,0.060559668,0.0,6.5969880000000005,6.166109300000001e-28,0.0,0.0,0.0,1.5747464999999998e-27,0.0,0.0,0.0,1.3208218e-24,6.4e-44,0.0,0.0,1.0820921999999999e-27,0.0,0.0,0.0,0.18814662098884585
113,1702077000,0.0,0.0,0.0,0.0,1.7401296999999994e-24,1.3116606000000002e-24,1.7367672e-24,1.736764e-24,0.0,0.0,0.0,0.0,0.0,0.0,0.0,0.0,0.0,0.0,0.0,0.0,0.0,0.0,0.0,45.72416,0.060559668,0.0,6.5969880000000005,6.166109300000001e-28,0.0,0.0,0.0,1.5747464999999998e-27,0.0,0.0,0.0,1.3208218e-24,6.4e-44,0.0,0.0,1.0820921999999999e-27,0.0,0.0,0.0,0.18814662098884585
113,1702077600,0.0,0.0,0.0,0.0,1.7401296999999994e-24,1.3116606000000002e-24,1.7367672e-24,1.736764e-24,0.0,0.0,0.0,0.0,0.0,0.0,0.0,0.0,0.0,0.0,0.0,0.0,0.0,0.0,0.0,45.72416,0.060559668,0.0,6.5969880000000005,6.166109300000001e-28,0.0,0.0,0.0,1.5747464999999998e-27,0.0,0.0,0.0,1.3208218e-24,6.4e-44,0.0,0.0,1.0820921999999999e-27,0.0,0.0,0.0,0.18814662098884585
113,1702078200,0.0,0.0,0.0,0.0,1.7401296999999994e-24,1.3116606000000002e-24,1.7367672e-24,1.736764e-24,0.0,0.0,0.0,0.0,0.0,0.0,0.0,0.0,0.0,0.0,0.0,0.0,0.0,0.0,0.0,45.72416,0.060559668,0.0,6.5969880000000005,6.166109300000001e-28,0.0,0.0,0.0,1.5747464999999998e-27,0.0,0.0,0.0,1.3208218e-24,6.4e-44,0.0,0.0,1.0820921999999999e-27,0.0,0.0,0.0,0.18814662098884585
113,1702078800,0.0,0.0,0.0,0.0,1.7401296999999994e-24,1.3116606000000002e-24,1.7367672e-24,1.736764e-24,0.0,0.0,0.0,0.0,0.0,0.0,0.0,0.0,0.0,0.0,0.0,0.0,0.0,0.0,0.0,45.72416,0.060559668,0.0,6.5969880000000005,6.166109300000001e-28,0.0,0.0,0.0,1.5747464999999998e-27,0.0,0.0,0.0,1.3208218e-24,6.4e-44,0.0,0.0,1.0820921999999999e-27,0.0,0.0,0.0,0.18814662098884585
113,1702079400,0.0,0.0,0.0,0.0,1.7401296999999994e-24,1.3116606000000002e-24,1.7367672e-24,1.736764e-24,0.0,0.0,0.0,0.0,0.0,0.0,0.0,0.0,0.0,0.0,0.0,0.0,0.0,0.0,0.0,45.72416,0.060559668,0.0,6.5969880000000005,6.166109300000001e-28,0.0,0.0,0.0,1.5747464999999998e-27,0.0,0.0,0.0,1.3208218e-24,6.4e-44,0.0,0.0,1.0820921999999999e-27,0.0,0.0,0.0,0.18814662098884585
113,1702080000,0.0,0.0,0.0,0.0,1.7401296999999994e-24,1.3116606000000002e-24,1.7367672e-24,1.736764e-24,0.0,0.0,0.0,0.0,0.0,0.0,0.0,0.0,0.0,0.0,0.0,0.0,0.0,0.0,0.0,45.72416,0.060559668,0.0,6.5969880000000005,6.166109300000001e-28,0.0,0.0,0.0,1.5747464999999998e-27,0.0,0.0,0.0,1.3208218e-24,6.4e-44,0.0,0.0,1.0820921999999999e-27,0.0,0.0,0.0,0.18814662098884585
113,1702080600,0.0,0.0,0.0,0.0,1.7401296999999994e-24,1.3116606000000002e-24,1.7367672e-24,1.736764e-24,0.0,0.0,0.0,0.0,0.0,0.0,0.0,0.0,0.0,0.0,0.0,0.0,0.0,0.0,0.0,45.72416,0.060559668,0.0,6.5969880000000005,6.166109300000001e-28,0.0,0.0,0.0,1.5747464999999998e-27,0.0,0.0,0.0,1.3208218e-24,6.4e-44,0.0,0.0,1.0820921999999999e-27,0.0,0.0,0.0,0.18814662098884585
113,1702081200,0.0,0.0,0.0,0.0,1.7401296999999994e-24,1.3116606000000002e-24,1.7367672e-24,1.736764e-24,0.0,0.0,0.0,0.0,0.0,0.0,0.0,0.0,0.0,0.0,0.0,0.0,0.0,0.0,0.0,45.72416,0.060559668,0.0,6.5969880000000005,6.166109300000001e-28,0.0,0.0,0.0,1.5747464999999998e-27,0.0,0.0,0.0,1.3208218e-24,6.4e-44,0.0,0.0,1.0820921999999999e-27,0.0,0.0,0.0,0.18814662098884585
113,1702081800,0.0,0.0,0.0,0.0,1.7401296999999994e-24,1.3116606000000002e-24,1.7367672e-24,1.736764e-24,0.0,0.0,0.0,0.0,0.0,0.0,0.0,0.0,0.0,0.0,0.0,0.0,0.0,0.0,0.0,45.72416,0.060559668,0.0,6.5969880000000005,6.166109300000001e-28,0.0,0.0,0.0,1.5747464999999998e-27,0.0,0.0,0.0,1.3208218e-24,6.4e-44,0.0,0.0,1.0820921999999999e-27,0.0,0.0,0.0,0.18814662098884585
113,1702082400,0.0,0.0,0.0,0.0,1.7401296999999994e-24,1.3116606000000002e-24,1.7367672e-24,1.736764e-24,0.0,0.0,0.0,0.0,0.0,0.0,0.0,0.0,0.0,0.0,0.0,0.0,0.0,0.0,0.0,45.72416,0.060559668,0.0,6.5969880000000005,6.166109300000001e-28,0.0,0.0,0.0,1.5747464999999998e-27,0.0,0.0,0.0,1.3208218e-24,6.4e-44,0.0,0.0,1.0820921999999999e-27,0.0,0.0,0.0,0.18814662098884585
113,1702083000,0.0,0.0,0.0,0.0,1.7401296999999994e-24,1.3116606000000002e-24,1.7367672e-24,1.736764e-24,0.0,0.0,0.0,0.0,0.0,0.0,0.0,0.0,0.0,0.0,0.0,0.0,0.0,0.0,0.0,45.72416,0.060559668,0.0,6.5969880000000005,6.166109300000001e-28,0.0,0.0,0.0,1.5747464999999998e-27,0.0,0.0,0.0,1.3208218e-24,6.4e-44,0.0,0.0,1.0820921999999999e-27,0.0,0.0,0.0,0.18814662098884585
113,1702083600,0.0,0.0,0.0,0.0,1.7401296999999994e-24,1.3116606000000002e-24,1.7367672e-24,1.736764e-24,0.0,0.0,0.0,0.0,0.0,0.0,0.0,0.0,0.0,0.0,0.0,0.0,0.0,0.0,0.0,45.72416,0.060559668,0.0,6.5969880000000005,6.166109300000001e-28,0.0,0.0,0.0,1.5747464999999998e-27,0.0,0.0,0.0,1.3208218e-24,6.4e-44,0.0,0.0,1.0820921999999999e-27,0.0,0.0,0.0,0.18814662098884585
113,1702084200,0.0,0.0,0.0,0.0,1.7401296999999994e-24,1.3116606000000002e-24,1.7367672e-24,1.736764e-24,0.0,0.0,0.0,0.0,0.0,0.0,0.0,0.0,0.0,0.0,0.0,0.0,0.0,0.0,0.0,45.72416,0.060559668,0.0,6.5969880000000005,6.166109300000001e-28,0.0,0.0,0.0,1.5747464999999998e-27,0.0,0.0,0.0,1.3208218e-24,6.4e-44,0.0,0.0,1.0820921999999999e-27,0.0,0.0,0.0,0.18814662098884585
113,1702084800,0.0,0.0,0.0,0.0,1.7401296999999994e-24,1.3116606000000002e-24,1.7367672e-24,1.736764e-24,0.0,0.0,0.0,0.0,0.0,0.0,0.0,0.0,0.0,0.0,0.0,0.0,0.0,0.0,0.0,45.72416,0.060559668,0.0,6.5969880000000005,6.166109300000001e-28,0.0,0.0,0.0,1.5747464999999998e-27,0.0,0.0,0.0,1.3208218e-24,6.4e-44,0.0,0.0,1.0820921999999999e-27,0.0,0.0,0.0,0.18814662098884585
113,1702085400,0.0,0.0,0.0,0.0,1.7401296999999994e-24,1.3116606000000002e-24,1.7367672e-24,1.736764e-24,0.0,0.0,0.0,0.0,0.0,0.0,0.0,0.0,0.0,0.0,0.0,0.0,0.0,0.0,0.0,45.72416,0.060559668,0.0,6.5969880000000005,6.166109300000001e-28,0.0,0.0,0.0,1.5747464999999998e-27,0.0,0.0,0.0,1.3208218e-24,6.4e-44,0.0,0.0,1.0820921999999999e-27,0.0,0.0,0.0,0.18814662098884585
113,1702086000,0.0,0.0,0.0,0.0,1.7401296999999994e-24,1.3116606000000002e-24,1.7367672e-24,1.736764e-24,0.0,0.0,0.0,0.0,0.0,0.0,0.0,0.0,0.0,0.0,0.0,0.0,0.0,0.0,0.0,45.72416,0.060559668,0.0,6.5969880000000005,6.166109300000001e-28,0.0,0.0,0.0,1.5747464999999998e-27,0.0,0.0,0.0,1.3208218e-24,6.4e-44,0.0,0.0,1.0820921999999999e-27,0.0,0.0,0.0,0.18814662098884585
113,1702086600,0.0,0.0,0.0,0.0,1.7401296999999994e-24,1.3116606000000002e-24,1.7367672e-24,1.736764e-24,0.0,0.0,0.0,0.0,0.0,0.0,0.0,0.0,0.0,0.0,0.0,0.0,0.0,0.0,0.0,45.72416,0.060559668,0.0,6.5969880000000005,6.166109300000001e-28,0.0,0.0,0.0,1.5747464999999998e-27,0.0,0.0,0.0,1.3208218e-24,6.4e-44,0.0,0.0,1.0820921999999999e-27,0.0,0.0,0.0,0.18814662098884585
113,1702087200,0.0,0.0,0.0,0.0,1.7401296999999994e-24,1.3116606000000002e-24,1.7367672e-24,1.736764e-24,0.0,0.0,0.0,0.0,0.0,0.0,0.0,0.0,0.0,0.0,0.0,0.0,0.0,0.0,0.0,45.72416,0.060559668,0.0,6.5969880000000005,6.166109300000001e-28,0.0,0.0,0.0,1.5747464999999998e-27,0.0,0.0,0.0,1.3208218e-24,6.4e-44,0.0,0.0,1.0820921999999999e-27,0.0,0.0,0.0,0.18814662098884585
113,1702087800,0.0,0.0,0.0,0.0,1.7401296999999994e-24,1.3116606000000002e-24,1.7367672e-24,1.736764e-24,0.0,0.0,0.0,0.0,0.0,0.0,0.0,0.0,0.0,0.0,0.0,0.0,0.0,0.0,0.0,45.72416,0.060559668,0.0,6.5969880000000005,6.166109300000001e-28,0.0,0.0,0.0,1.5747464999999998e-27,0.0,0.0,0.0,1.3208218e-24,6.4e-44,0.0,0.0,1.0820921999999999e-27,0.0,0.0,0.0,0.18814662098884585
113,1702088400,0.0,0.0,0.0,0.0,1.7401296999999994e-24,1.3116606000000002e-24,1.7367672e-24,1.736764e-24,0.0,0.0,0.0,0.0,0.0,0.0,0.0,0.0,0.0,0.0,0.0,0.0,0.0,0.0,0.0,45.72416,0.060559668,0.0,6.5969880000000005,6.166109300000001e-28,0.0,0.0,0.0,1.5747464999999998e-27,0.0,0.0,0.0,1.3208218e-24,6.4e-44,0.0,0.0,1.0820921999999999e-27,0.0,0.0,0.0,0.18814662098884585
113,1702089000,0.0,0.0,0.0,0.0,1.7401296999999994e-24,1.3116606000000002e-24,1.7367672e-24,1.736764e-24,0.0,0.0,0.0,0.0,0.0,0.0,0.0,0.0,0.0,0.0,0.0,0.0,0.0,0.0,0.0,45.72416,0.060559668,0.0,6.5969880000000005,6.166109300000001e-28,0.0,0.0,0.0,1.5747464999999998e-27,0.0,0.0,0.0,1.3208218e-24,6.4e-44,0.0,0.0,1.0820921999999999e-27,0.0,0.0,0.0,0.18814662098884585
113,1702089600,0.0,0.0,0.0,0.0,1.7401296999999994e-24,1.3116606000000002e-24,1.7367672e-24,1.736764e-24,0.0,0.0,0.0,0.0,0.0,0.0,0.0,0.0,0.0,0.0,0.0,0.0,0.0,0.0,0.0,45.72416,0.060559668,0.0,6.5969880000000005,6.166109300000001e-28,0.0,0.0,0.0,1.5747464999999998e-27,0.0,0.0,0.0,1.3208218e-24,6.4e-44,0.0,0.0,1.0820921999999999e-27,0.0,0.0,0.0,0.18814662098884585
113,1702090200,0.0,0.0,0.0,0.0,1.7401296999999994e-24,1.3116606000000002e-24,1.7367672e-24,1.736764e-24,0.0,0.0,0.0,0.0,0.0,0.0,0.0,0.0,0.0,0.0,0.0,0.0,0.0,0.0,0.0,45.72416,0.060559668,0.0,6.5969880000000005,6.166109300000001e-28,0.0,0.0,0.0,1.5747464999999998e-27,0.0,0.0,0.0,1.3208218e-24,6.4e-44,0.0,0.0,1.0820921999999999e-27,0.0,0.0,0.0,0.18814662098884585
113,1702090800,0.0,0.0,0.0,0.0,1.7401296999999994e-24,1.3116606000000002e-24,1.7367672e-24,1.736764e-24,0.0,0.0,0.0,0.0,0.0,0.0,0.0,0.0,0.0,0.0,0.0,0.0,0.0,0.0,0.0,45.72416,0.060559668,0.0,6.5969880000000005,6.166109300000001e-28,0.0,0.0,0.0,1.5747464999999998e-27,0.0,0.0,0.0,1.3208218e-24,6.4e-44,0.0,0.0,1.0820921999999999e-27,0.0,0.0,0.0,0.18814662098884585
113,1702091400,0.0,0.0,0.0,0.0,1.7401296999999994e-24,1.3116606000000002e-24,1.7367672e-24,1.736764e-24,0.0,0.0,0.0,0.0,0.0,0.0,0.0,0.0,0.0,0.0,0.0,0.0,0.0,0.0,0.0,45.72416,0.060559668,0.0,6.5969880000000005,6.166109300000001e-28,0.0,0.0,0.0,1.5747464999999998e-27,0.0,0.0,0.0,1.3208218e-24,6.4e-44,0.0,0.0,1.0820921999999999e-27,0.0,0.0,0.0,0.18814662098884585
113,1702092000,0.0,0.0,0.0,0.0,1.7401296999999994e-24,1.3116606000000002e-24,1.7367672e-24,1.736764e-24,0.0,0.0,0.0,0.0,0.0,0.0,0.0,0.0,0.0,0.0,0.0,0.0,0.0,0.0,0.0,45.72416,0.060559668,0.0,6.5969880000000005,6.166109300000001e-28,0.0,0.0,0.0,1.5747464999999998e-27,0.0,0.0,0.0,1.3208218e-24,6.4e-44,0.0,0.0,1.0820921999999999e-27,0.0,0.0,0.0,0.18814662098884585
113,1702092600,0.0,0.0,0.0,0.0,1.7401296999999994e-24,1.3116606000000002e-24,1.7367672e-24,1.736764e-24,0.0,0.0,0.0,0.0,0.0,0.0,0.0,0.0,0.0,0.0,0.0,0.0,0.0,0.0,0.0,45.72416,0.060559668,0.0,6.5969880000000005,6.166109300000001e-28,0.0,0.0,0.0,1.5747464999999998e-27,0.0,0.0,0.0,1.3208218e-24,6.4e-44,0.0,0.0,1.0820921999999999e-27,0.0,0.0,0.0,0.18814662098884585
113,1702093200,0.0,0.0,0.0,0.0,1.7401296999999994e-24,1.3116606000000002e-24,1.7367672e-24,1.736764e-24,0.0,0.0,0.0,0.0,0.0,0.0,0.0,0.0,0.0,0.0,0.0,0.0,0.0,0.0,0.0,45.72416,0.060559668,0.0,6.5969880000000005,6.166109300000001e-28,0.0,0.0,0.0,1.5747464999999998e-27,0.0,0.0,0.0,1.3208218e-24,6.4e-44,0.0,0.0,1.0820921999999999e-27,0.0,0.0,0.0,0.18814662098884585
113,1702093800,0.0,0.0,0.0,0.0,1.7401296999999994e-24,1.3116606000000002e-24,1.7367672e-24,1.736764e-24,0.0,0.0,0.0,0.0,0.0,0.0,0.0,0.0,0.0,0.0,0.0,0.0,0.0,0.0,0.0,45.72416,0.060559668,0.0,6.5969880000000005,6.166109300000001e-28,0.0,0.0,0.0,1.5747464999999998e-27,0.0,0.0,0.0,1.3208218e-24,6.4e-44,0.0,0.0,1.0820921999999999e-27,0.0,0.0,0.0,0.18814662098884585
113,1702094400,0.0,0.0,0.0,0.0,1.7401296999999994e-24,1.3116606000000002e-24,1.7367672e-24,1.736764e-24,0.0,0.0,0.0,0.0,0.0,0.0,0.0,0.0,0.0,0.0,0.0,0.0,0.0,0.0,0.0,45.72416,0.060559668,0.0,6.5969880000000005,6.166109300000001e-28,0.0,0.0,0.0,1.5747464999999998e-27,0.0,0.0,0.0,1.3208218e-24,6.4e-44,0.0,0.0,1.0820921999999999e-27,0.0,0.0,0.0,0.18814662098884585
113,1702095000,0.0,0.0,0.0,0.0,1.7401296999999994e-24,1.3116606000000002e-24,1.7367672e-24,1.736764e-24,0.0,0.0,0.0,0.0,0.0,0.0,0.0,0.0,0.0,0.0,0.0,0.0,0.0,0.0,0.0,45.72416,0.060559668,0.0,6.5969880000000005,6.166109300000001e-28,0.0,0.0,0.0,1.5747464999999998e-27,0.0,0.0,0.0,1.3208218e-24,6.4e-44,0.0,0.0,1.0820921999999999e-27,0.0,0.0,0.0,0.18814662098884585
113,1702095600,0.0,0.0,0.0,0.0,1.7401296999999994e-24,1.3116606000000002e-24,1.7367672e-24,1.736764e-24,0.0,0.0,0.0,0.0,0.0,0.0,0.0,0.0,0.0,0.0,0.0,0.0,0.0,0.0,0.0,45.72416,0.060559668,0.0,6.5969880000000005,6.166109300000001e-28,0.0,0.0,0.0,1.5747464999999998e-27,0.0,0.0,0.0,1.3208218e-24,6.4e-44,0.0,0.0,1.0820921999999999e-27,0.0,0.0,0.0,0.18814662098884585
113,1702096200,0.0,0.0,0.0,0.0,1.7401296999999994e-24,1.3116606000000002e-24,1.7367672e-24,1.736764e-24,0.0,0.0,0.0,0.0,0.0,0.0,0.0,0.0,0.0,0.0,0.0,0.0,0.0,0.0,0.0,45.72416,0.060559668,0.0,6.5969880000000005,6.166109300000001e-28,0.0,0.0,0.0,1.5747464999999998e-27,0.0,0.0,0.0,1.3208218e-24,6.4e-44,0.0,0.0,1.0820921999999999e-27,0.0,0.0,0.0,0.18814662098884585
113,1702096800,0.0,0.0,0.0,0.0,1.7401296999999994e-24,1.3116606000000002e-24,1.7367672e-24,1.736764e-24,0.0,0.0,0.0,0.0,0.0,0.0,0.0,0.0,0.0,0.0,0.0,0.0,0.0,0.0,0.0,45.72416,0.060559668,0.0,6.5969880000000005,6.166109300000001e-28,0.0,0.0,0.0,1.5747464999999998e-27,0.0,0.0,0.0,1.3208218e-24,6.4e-44,0.0,0.0,1.0820921999999999e-27,0.0,0.0,0.0,0.18814662098884585
113,1702097400,0.0,0.0,0.0,0.0,1.7401296999999994e-24,1.3116606000000002e-24,1.7367672e-24,1.736764e-24,0.0,0.0,0.0,0.0,0.0,0.0,0.0,0.0,0.0,0.0,0.0,0.0,0.0,0.0,0.0,45.72416,0.060559668,0.0,6.5969880000000005,6.166109300000001e-28,0.0,0.0,0.0,1.5747464999999998e-27,0.0,0.0,0.0,1.3208218e-24,6.4e-44,0.0,0.0,1.0820921999999999e-27,0.0,0.0,0.0,0.18814662098884585
113,1702098000,0.0,0.0,0.0,0.0,1.7401296999999994e-24,1.3116606000000002e-24,1.7367672e-24,1.736764e-24,0.0,0.0,0.0,0.0,0.0,0.0,0.0,0.0,0.0,0.0,0.0,0.0,0.0,0.0,0.0,45.72416,0.060559668,0.0,6.5969880000000005,6.166109300000001e-28,0.0,0.0,0.0,1.5747464999999998e-27,0.0,0.0,0.0,1.3208218e-24,6.4e-44,0.0,0.0,1.0820921999999999e-27,0.0,0.0,0.0,0.18814662098884585
113,1702098600,0.0,0.0,0.0,0.0,1.7401296999999994e-24,1.3116606000000002e-24,1.7367672e-24,1.736764e-24,0.0,0.0,0.0,0.0,0.0,0.0,0.0,0.0,0.0,0.0,0.0,0.0,0.0,0.0,0.0,45.72416,0.060559668,0.0,6.5969880000000005,6.166109300000001e-28,0.0,0.0,0.0,1.5747464999999998e-27,0.0,0.0,0.0,1.3208218e-24,6.4e-44,0.0,0.0,1.0820921999999999e-27,0.0,0.0,0.0,0.18814662098884585
113,1702099200,0.0,0.0,0.0,0.0,1.7401296999999994e-24,1.3116606000000002e-24,1.7367672e-24,1.736764e-24,0.0,0.0,0.0,0.0,0.0,0.0,0.0,0.0,0.0,0.0,0.0,0.0,0.0,0.0,0.0,45.72416,0.060559668,0.0,6.5969880000000005,6.166109300000001e-28,0.0,0.0,0.0,1.5747464999999998e-27,0.0,0.0,0.0,1.3208218e-24,6.4e-44,0.0,0.0,1.0820921999999999e-27,0.0,0.0,0.0,0.18814662098884585
113,1702099800,0.0,0.0,0.0,0.0,1.7401296999999994e-24,1.3116606000000002e-24,1.7367672e-24,1.736764e-24,0.0,0.0,0.0,0.0,0.0,0.0,0.0,0.0,0.0,0.0,0.0,0.0,0.0,0.0,0.0,45.72416,0.060559668,0.0,6.5969880000000005,6.166109300000001e-28,0.0,0.0,0.0,1.5747464999999998e-27,0.0,0.0,0.0,1.3208218e-24,6.4e-44,0.0,0.0,1.0820921999999999e-27,0.0,0.0,0.0,0.18814662098884585
113,1702100400,0.0,0.0,0.0,0.0,1.7401296999999994e-24,1.3116606000000002e-24,1.7367672e-24,1.736764e-24,0.0,0.0,0.0,0.0,0.0,0.0,0.0,0.0,0.0,0.0,0.0,0.0,0.0,0.0,0.0,45.72416,0.060559668,0.0,6.5969880000000005,6.166109300000001e-28,0.0,0.0,0.0,1.5747464999999998e-27,0.0,0.0,0.0,1.3208218e-24,6.4e-44,0.0,0.0,1.0820921999999999e-27,0.0,0.0,0.0,0.18814662098884585
113,1702101000,0.0,0.0,0.0,0.0,1.7401296999999994e-24,1.3116606000000002e-24,1.7367672e-24,1.736764e-24,0.0,0.0,0.0,0.0,0.0,0.0,0.0,0.0,0.0,0.0,0.0,0.0,0.0,0.0,0.0,45.72416,0.060559668,0.0,6.5969880000000005,6.166109300000001e-28,0.0,0.0,0.0,1.5747464999999998e-27,0.0,0.0,0.0,1.3208218e-24,6.4e-44,0.0,0.0,1.0820921999999999e-27,0.0,0.0,0.0,0.18814662098884585
113,1702101600,0.0,0.0,0.0,0.0,1.7401296999999994e-24,1.3116606000000002e-24,1.7367672e-24,1.736764e-24,0.0,0.0,0.0,0.0,0.0,0.0,0.0,0.0,0.0,0.0,0.0,0.0,0.0,0.0,0.0,45.72416,0.060559668,0.0,6.5969880000000005,6.166109300000001e-28,0.0,0.0,0.0,1.5747464999999998e-27,0.0,0.0,0.0,1.3208218e-24,6.4e-44,0.0,0.0,1.0820921999999999e-27,0.0,0.0,0.0,0.18814662098884585
113,1702102200,0.0,0.0,0.0,0.0,1.7401296999999994e-24,1.3116606000000002e-24,1.7367672e-24,1.736764e-24,0.0,0.0,0.0,0.0,0.0,0.0,0.0,0.0,0.0,0.0,0.0,0.0,0.0,0.0,0.0,45.72416,0.060559668,0.0,6.5969880000000005,6.166109300000001e-28,0.0,0.0,0.0,1.5747464999999998e-27,0.0,0.0,0.0,1.3208218e-24,6.4e-44,0.0,0.0,1.0820921999999999e-27,0.0,0.0,0.0,0.18814662098884585
113,1702102800,0.0,0.0,0.0,0.0,1.7401296999999994e-24,1.3116606000000002e-24,1.7367672e-24,1.736764e-24,0.0,0.0,0.0,0.0,0.0,0.0,0.0,0.0,0.0,0.0,0.0,0.0,0.0,0.0,0.0,45.72416,0.060559668,0.0,6.5969880000000005,6.166109300000001e-28,0.0,0.0,0.0,1.5747464999999998e-27,0.0,0.0,0.0,1.3208218e-24,6.4e-44,0.0,0.0,1.0820921999999999e-27,0.0,0.0,0.0,0.18814662098884585
113,1702103400,0.0,0.0,0.0,0.0,1.7401296999999994e-24,1.3116606000000002e-24,1.7367672e-24,1.736764e-24,0.0,0.0,0.0,0.0,0.0,0.0,0.0,0.0,0.0,0.0,0.0,0.0,0.0,0.0,0.0,45.72416,0.060559668,0.0,6.5969880000000005,6.166109300000001e-28,0.0,0.0,0.0,1.5747464999999998e-27,0.0,0.0,0.0,1.3208218e-24,6.4e-44,0.0,0.0,1.0820921999999999e-27,0.0,0.0,0.0,0.18814662098884585
113,1702104000,0.0,0.0,0.0,0.0,1.7401296999999994e-24,1.3116606000000002e-24,1.7367672e-24,1.736764e-24,0.0,0.0,0.0,0.0,0.0,0.0,0.0,0.0,0.0,0.0,0.0,0.0,0.0,0.0,0.0,45.72416,0.060559668,0.0,6.5969880000000005,6.166109300000001e-28,0.0,0.0,0.0,1.5747464999999998e-27,0.0,0.0,0.0,1.3208218e-24,6.4e-44,0.0,0.0,1.0820921999999999e-27,0.0,0.0,0.0,0.18814662098884585
113,1702104600,0.0,0.0,0.0,0.0,1.7401296999999994e-24,1.3116606000000002e-24,1.7367672e-24,1.736764e-24,0.0,0.0,0.0,0.0,0.0,0.0,0.0,0.0,0.0,0.0,0.0,0.0,0.0,0.0,0.0,45.72416,0.060559668,0.0,6.5969880000000005,6.166109300000001e-28,0.0,0.0,0.0,1.5747464999999998e-27,0.0,0.0,0.0,1.3208218e-24,6.4e-44,0.0,0.0,1.0820921999999999e-27,0.0,0.0,0.0,0.18814662098884585
113,1702105200,0.0,0.0,0.0,0.0,1.7401296999999994e-24,1.3116606000000002e-24,1.7367672e-24,1.736764e-24,0.0,0.0,0.0,0.0,0.0,0.0,0.0,0.0,0.0,0.0,0.0,0.0,0.0,0.0,0.0,45.72416,0.060559668,0.0,6.5969880000000005,6.166109300000001e-28,0.0,0.0,0.0,1.5747464999999998e-27,0.0,0.0,0.0,1.3208218e-24,6.4e-44,0.0,0.0,1.0820921999999999e-27,0.0,0.0,0.0,0.18814662098884585
113,1702105800,0.0,0.0,0.0,0.0,1.7401296999999994e-24,1.3116606000000002e-24,1.7367672e-24,1.736764e-24,0.0,0.0,0.0,0.0,0.0,0.0,0.0,0.0,0.0,0.0,0.0,0.0,0.0,0.0,0.0,45.72416,0.060559668,0.0,6.5969880000000005,6.166109300000001e-28,0.0,0.0,0.0,1.5747464999999998e-27,0.0,0.0,0.0,1.3208218e-24,6.4e-44,0.0,0.0,1.0820921999999999e-27,0.0,0.0,0.0,0.18814662098884585
113,1702106400,0.0,0.0,0.0,0.0,1.7401296999999994e-24,1.3116606000000002e-24,1.7367672e-24,1.736764e-24,0.0,0.0,0.0,0.0,0.0,0.0,0.0,0.0,0.0,0.0,0.0,0.0,0.0,0.0,0.0,45.72416,0.060559668,0.0,6.5969880000000005,6.166109300000001e-28,0.0,0.0,0.0,1.5747464999999998e-27,0.0,0.0,0.0,1.3208218e-24,6.4e-44,0.0,0.0,1.0820921999999999e-27,0.0,0.0,0.0,0.18814662098884585
113,1702107000,0.0,0.0,0.0,0.0,1.7401296999999994e-24,1.3116606000000002e-24,1.7367672e-24,1.736764e-24,0.0,0.0,0.0,0.0,0.0,0.0,0.0,0.0,0.0,0.0,0.0,0.0,0.0,0.0,0.0,45.72416,0.060559668,0.0,6.5969880000000005,6.166109300000001e-28,0.0,0.0,0.0,1.5747464999999998e-27,0.0,0.0,0.0,1.3208218e-24,6.4e-44,0.0,0.0,1.0820921999999999e-27,0.0,0.0,0.0,0.18814662098884585
113,1702107600,0.0,0.0,0.0,0.0,1.7401296999999994e-24,1.3116606000000002e-24,1.7367672e-24,1.736764e-24,0.0,0.0,0.0,0.0,0.0,0.0,0.0,0.0,0.0,0.0,0.0,0.0,0.0,0.0,0.0,45.72416,0.060559668,0.0,6.5969880000000005,6.166109300000001e-28,0.0,0.0,0.0,1.5747464999999998e-27,0.0,0.0,0.0,1.3208218e-24,6.4e-44,0.0,0.0,1.0820921999999999e-27,0.0,0.0,0.0,0.18814662098884585
113,1702108200,0.0,0.0,0.0,0.0,1.7401296999999994e-24,1.3116606000000002e-24,1.7367672e-24,1.736764e-24,0.0,0.0,0.0,0.0,0.0,0.0,0.0,0.0,0.0,0.0,0.0,0.0,0.0,0.0,0.0,45.72416,0.060559668,0.0,6.5969880000000005,6.166109300000001e-28,0.0,0.0,0.0,1.5747464999999998e-27,0.0,0.0,0.0,1.3208218e-24,6.4e-44,0.0,0.0,1.0820921999999999e-27,0.0,0.0,0.0,0.18814662098884585
113,1702108800,0.0,0.0,0.0,0.0,1.7401296999999994e-24,1.3116606000000002e-24,1.7367672e-24,1.736764e-24,0.0,0.0,0.0,0.0,0.0,0.0,0.0,0.0,0.0,0.0,0.0,0.0,0.0,0.0,0.0,45.72416,0.060559668,0.0,6.5969880000000005,6.166109300000001e-28,0.0,0.0,0.0,1.5747464999999998e-27,0.0,0.0,0.0,1.3208218e-24,6.4e-44,0.0,0.0,1.0820921999999999e-27,0.0,0.0,0.0,0.18814662098884585
113,1702109400,0.0,0.0,0.0,0.0,1.7401296999999994e-24,1.3116606000000002e-24,1.7367672e-24,1.736764e-24,0.0,0.0,0.0,0.0,0.0,0.0,0.0,0.0,0.0,0.0,0.0,0.0,0.0,0.0,0.0,45.72416,0.060559668,0.0,6.5969880000000005,6.166109300000001e-28,0.0,0.0,0.0,1.5747464999999998e-27,0.0,0.0,0.0,1.3208218e-24,6.4e-44,0.0,0.0,1.0820921999999999e-27,0.0,0.0,0.0,0.18814662098884585
113,1702110000,0.0,0.0,0.0,0.0,1.7401296999999994e-24,1.3116606000000002e-24,1.7367672e-24,1.736764e-24,0.0,0.0,0.0,0.0,0.0,0.0,0.0,0.0,0.0,0.0,0.0,0.0,0.0,0.0,0.0,45.72416,0.060559668,0.0,6.5969880000000005,6.166109300000001e-28,0.0,0.0,0.0,1.5747464999999998e-27,0.0,0.0,0.0,1.3208218e-24,6.4e-44,0.0,0.0,1.0820921999999999e-27,0.0,0.0,0.0,0.18814662098884585
113,1702110600,0.0,0.0,0.0,0.0,1.7401296999999994e-24,1.3116606000000002e-24,1.7367672e-24,1.736764e-24,0.0,0.0,0.0,0.0,0.0,0.0,0.0,0.0,0.0,0.0,0.0,0.0,0.0,0.0,0.0,45.72416,0.060559668,0.0,6.5969880000000005,6.166109300000001e-28,0.0,0.0,0.0,1.5747464999999998e-27,0.0,0.0,0.0,1.3208218e-24,6.4e-44,0.0,0.0,1.0820921999999999e-27,0.0,0.0,0.0,0.18814662098884585
113,1702111200,0.0,0.0,0.0,0.0,1.7401296999999994e-24,1.3116606000000002e-24,1.7367672e-24,1.736764e-24,0.0,0.0,0.0,0.0,0.0,0.0,0.0,0.0,0.0,0.0,0.0,0.0,0.0,0.0,0.0,45.72416,0.060559668,0.0,6.5969880000000005,6.166109300000001e-28,0.0,0.0,0.0,1.5747464999999998e-27,0.0,0.0,0.0,1.3208218e-24,6.4e-44,0.0,0.0,1.0820921999999999e-27,0.0,0.0,0.0,0.18814662098884585
113,1702111800,0.0,0.0,0.0,0.0,1.7401296999999994e-24,1.3116606000000002e-24,1.7367672e-24,1.736764e-24,0.0,0.0,0.0,0.0,0.0,0.0,0.0,0.0,0.0,0.0,0.0,0.0,0.0,0.0,0.0,45.72416,0.060559668,0.0,6.5969880000000005,6.166109300000001e-28,0.0,0.0,0.0,1.5747464999999998e-27,0.0,0.0,0.0,1.3208218e-24,6.4e-44,0.0,0.0,1.0820921999999999e-27,0.0,0.0,0.0,0.18814662098884585
113,1702112400,0.0,0.0,0.0,0.0,1.7401296999999994e-24,1.3116606000000002e-24,1.7367672e-24,1.736764e-24,0.0,0.0,0.0,0.0,0.0,0.0,0.0,0.0,0.0,0.0,0.0,0.0,0.0,0.0,0.0,45.72416,0.060559668,0.0,6.5969880000000005,6.166109300000001e-28,0.0,0.0,0.0,1.5747464999999998e-27,0.0,0.0,0.0,1.3208218e-24,6.4e-44,0.0,0.0,1.0820921999999999e-27,0.0,0.0,0.0,0.18814662098884585
113,1702113000,0.0,0.0,0.0,0.0,1.7401296999999994e-24,1.3116606000000002e-24,1.7367672e-24,1.736764e-24,0.0,0.0,0.0,0.0,0.0,0.0,0.0,0.0,0.0,0.0,0.0,0.0,0.0,0.0,0.0,45.72416,0.060559668,0.0,6.5969880000000005,6.166109300000001e-28,0.0,0.0,0.0,1.5747464999999998e-27,0.0,0.0,0.0,1.3208218e-24,6.4e-44,0.0,0.0,1.0820921999999999e-27,0.0,0.0,0.0,0.18814662098884585
113,1702113600,0.0,0.0,0.0,0.0,1.7401296999999994e-24,1.3116606000000002e-24,1.7367672e-24,1.736764e-24,0.0,0.0,0.0,0.0,0.0,0.0,0.0,0.0,0.0,0.0,0.0,0.0,0.0,0.0,0.0,45.72416,0.060559668,0.0,6.5969880000000005,6.166109300000001e-28,0.0,0.0,0.0,1.5747464999999998e-27,0.0,0.0,0.0,1.3208218e-24,6.4e-44,0.0,0.0,1.0820921999999999e-27,0.0,0.0,0.0,0.18814662098884585
113,1702114200,0.0,0.0,0.0,0.0,1.7401296999999994e-24,1.3116606000000002e-24,1.7367672e-24,1.736764e-24,0.0,0.0,0.0,0.0,0.0,0.0,0.0,0.0,0.0,0.0,0.0,0.0,0.0,0.0,0.0,45.72416,0.060559668,0.0,6.5969880000000005,6.166109300000001e-28,0.0,0.0,0.0,1.5747464999999998e-27,0.0,0.0,0.0,1.3208218e-24,6.4e-44,0.0,0.0,1.0820921999999999e-27,0.0,0.0,0.0,0.18814662098884585
113,1702114800,0.0,0.0,0.0,0.0,1.7401296999999994e-24,1.3116606000000002e-24,1.7367672e-24,1.736764e-24,0.0,0.0,0.0,0.0,0.0,0.0,0.0,0.0,0.0,0.0,0.0,0.0,0.0,0.0,0.0,45.72416,0.060559668,0.0,6.5969880000000005,6.166109300000001e-28,0.0,0.0,0.0,1.5747464999999998e-27,0.0,0.0,0.0,1.3208218e-24,6.4e-44,0.0,0.0,1.0820921999999999e-27,0.0,0.0,0.0,0.18814662098884585
113,1702115400,0.0,0.0,0.0,0.0,1.7401296999999994e-24,1.3116606000000002e-24,1.7367672e-24,1.736764e-24,0.0,0.0,0.0,0.0,0.0,0.0,0.0,0.0,0.0,0.0,0.0,0.0,0.0,0.0,0.0,45.72416,0.060559668,0.0,6.5969880000000005,6.166109300000001e-28,0.0,0.0,0.0,1.5747464999999998e-27,0.0,0.0,0.0,1.3208218e-24,6.4e-44,0.0,0.0,1.0820921999999999e-27,0.0,0.0,0.0,0.18814662098884585
113,1702116000,0.0,0.0,0.0,0.0,1.7401296999999994e-24,1.3116606000000002e-24,1.7367672e-24,1.736764e-24,0.0,0.0,0.0,0.0,0.0,0.0,0.0,0.0,0.0,0.0,0.0,0.0,0.0,0.0,0.0,45.72416,0.060559668,0.0,6.5969880000000005,6.166109300000001e-28,0.0,0.0,0.0,1.5747464999999998e-27,0.0,0.0,0.0,1.3208218e-24,6.4e-44,0.0,0.0,1.0820921999999999e-27,0.0,0.0,0.0,0.18814662098884585
113,1702116600,0.0,0.0,0.0,0.0,1.7401296999999994e-24,1.3116606000000002e-24,1.7367672e-24,1.736764e-24,0.0,0.0,0.0,0.0,0.0,0.0,0.0,0.0,0.0,0.0,0.0,0.0,0.0,0.0,0.0,45.72416,0.060559668,0.0,6.5969880000000005,6.166109300000001e-28,0.0,0.0,0.0,1.5747464999999998e-27,0.0,0.0,0.0,1.3208218e-24,6.4e-44,0.0,0.0,1.0820921999999999e-27,0.0,0.0,0.0,0.18814662098884585
113,1702117200,0.0,0.0,0.0,0.0,1.7401296999999994e-24,1.3116606000000002e-24,1.7367672e-24,1.736764e-24,0.0,0.0,0.0,0.0,0.0,0.0,0.0,0.0,0.0,0.0,0.0,0.0,0.0,0.0,0.0,45.72416,0.060559668,0.0,6.5969880000000005,6.166109300000001e-28,0.0,0.0,0.0,1.5747464999999998e-27,0.0,0.0,0.0,1.3208218e-24,6.4e-44,0.0,0.0,1.0820921999999999e-27,0.0,0.0,0.0,0.18814662098884585
113,1702117800,0.0,0.0,0.0,0.0,1.7401296999999994e-24,1.3116606000000002e-24,1.7367672e-24,1.736764e-24,0.0,0.0,0.0,0.0,0.0,0.0,0.0,0.0,0.0,0.0,0.0,0.0,0.0,0.0,0.0,45.72416,0.060559668,0.0,6.5969880000000005,6.166109300000001e-28,0.0,0.0,0.0,1.5747464999999998e-27,0.0,0.0,0.0,1.3208218e-24,6.4e-44,0.0,0.0,1.0820921999999999e-27,0.0,0.0,0.0,0.18814662098884585
113,1702118400,0.0,0.0,0.0,0.0,1.7401296999999994e-24,1.3116606000000002e-24,1.7367672e-24,1.736764e-24,0.0,0.0,0.0,0.0,0.0,0.0,0.0,0.0,0.0,0.0,0.0,0.0,0.0,0.0,0.0,45.72416,0.060559668,0.0,6.5969880000000005,6.166109300000001e-28,0.0,0.0,0.0,1.5747464999999998e-27,0.0,0.0,0.0,1.3208218e-24,6.4e-44,0.0,0.0,1.0820921999999999e-27,0.0,0.0,0.0,0.18814662098884585
113,1702119000,0.0,0.0,0.0,0.0,1.7401296999999994e-24,1.3116606000000002e-24,1.7367672e-24,1.736764e-24,0.0,0.0,0.0,0.0,0.0,0.0,0.0,0.0,0.0,0.0,0.0,0.0,0.0,0.0,0.0,45.72416,0.060559668,0.0,6.5969880000000005,6.166109300000001e-28,0.0,0.0,0.0,1.5747464999999998e-27,0.0,0.0,0.0,1.3208218e-24,6.4e-44,0.0,0.0,1.0820921999999999e-27,0.0,0.0,0.0,0.18814662098884585
113,1702119600,0.0,0.0,0.0,0.0,1.7401296999999994e-24,1.3116606000000002e-24,1.7367672e-24,1.736764e-24,0.0,0.0,0.0,0.0,0.0,0.0,0.0,0.0,0.0,0.0,0.0,0.0,0.0,0.0,0.0,45.72416,0.060559668,0.0,6.5969880000000005,6.166109300000001e-28,0.0,0.0,0.0,1.5747464999999998e-27,0.0,0.0,0.0,1.3208218e-24,6.4e-44,0.0,0.0,1.0820921999999999e-27,0.0,0.0,0.0,0.18814662098884585
113,1702120200,0.0,0.0,0.0,0.0,1.7401296999999994e-24,1.3116606000000002e-24,1.7367672e-24,1.736764e-24,0.0,0.0,0.0,0.0,0.0,0.0,0.0,0.0,0.0,0.0,0.0,0.0,0.0,0.0,0.0,45.72416,0.060559668,0.0,6.5969880000000005,6.166109300000001e-28,0.0,0.0,0.0,1.5747464999999998e-27,0.0,0.0,0.0,1.3208218e-24,6.4e-44,0.0,0.0,1.0820921999999999e-27,0.0,0.0,0.0,0.18814662098884585
113,1702120800,0.0,0.0,0.0,0.0,1.7401296999999994e-24,1.3116606000000002e-24,1.7367672e-24,1.736764e-24,0.0,0.0,0.0,0.0,0.0,0.0,0.0,0.0,0.0,0.0,0.0,0.0,0.0,0.0,0.0,45.72416,0.060559668,0.0,6.5969880000000005,6.166109300000001e-28,0.0,0.0,0.0,1.5747464999999998e-27,0.0,0.0,0.0,1.3208218e-24,6.4e-44,0.0,0.0,1.0820921999999999e-27,0.0,0.0,0.0,0.18814662098884585
113,1702121400,0.0,0.0,0.0,0.0,1.7401296999999994e-24,1.3116606000000002e-24,1.7367672e-24,1.736764e-24,0.0,0.0,0.0,0.0,0.0,0.0,0.0,0.0,0.0,0.0,0.0,0.0,0.0,0.0,0.0,45.72416,0.060559668,0.0,6.5969880000000005,6.166109300000001e-28,0.0,0.0,0.0,1.5747464999999998e-27,0.0,0.0,0.0,1.3208218e-24,6.4e-44,0.0,0.0,1.0820921999999999e-27,0.0,0.0,0.0,0.18814662098884585
113,1702122000,0.0,0.0,0.0,0.0,1.7401296999999994e-24,1.3116606000000002e-24,1.7367672e-24,1.736764e-24,0.0,0.0,0.0,0.0,0.0,0.0,0.0,0.0,0.0,0.0,0.0,0.0,0.0,0.0,0.0,45.72416,0.060559668,0.0,6.5969880000000005,6.166109300000001e-28,0.0,0.0,0.0,1.5747464999999998e-27,0.0,0.0,0.0,1.3208218e-24,6.4e-44,0.0,0.0,1.0820921999999999e-27,0.0,0.0,0.0,0.18814662098884585
113,1702122600,0.0,0.0,0.0,0.0,1.7401296999999994e-24,1.3116606000000002e-24,1.7367672e-24,1.736764e-24,0.0,0.0,0.0,0.0,0.0,0.0,0.0,0.0,0.0,0.0,0.0,0.0,0.0,0.0,0.0,45.72416,0.060559668,0.0,6.5969880000000005,6.166109300000001e-28,0.0,0.0,0.0,1.5747464999999998e-27,0.0,0.0,0.0,1.3208218e-24,6.4e-44,0.0,0.0,1.0820921999999999e-27,0.0,0.0,0.0,0.18814662098884585
113,1702123200,0.0,0.0,0.0,0.0,1.7401296999999994e-24,1.3116606000000002e-24,1.7367672e-24,1.736764e-24,0.0,0.0,0.0,0.0,0.0,0.0,0.0,0.0,0.0,0.0,0.0,0.0,0.0,0.0,0.0,45.72416,0.060559668,0.0,6.5969880000000005,6.166109300000001e-28,0.0,0.0,0.0,1.5747464999999998e-27,0.0,0.0,0.0,1.3208218e-24,6.4e-44,0.0,0.0,1.0820921999999999e-27,0.0,0.0,0.0,0.18814662098884585
113,1702123800,0.0,0.0,0.0,0.0,1.7401296999999994e-24,1.3116606000000002e-24,1.7367672e-24,1.736764e-24,0.0,0.0,0.0,0.0,0.0,0.0,0.0,0.0,0.0,0.0,0.0,0.0,0.0,0.0,0.0,45.72416,0.060559668,0.0,6.5969880000000005,6.166109300000001e-28,0.0,0.0,0.0,1.5747464999999998e-27,0.0,0.0,0.0,1.3208218e-24,6.4e-44,0.0,0.0,1.0820921999999999e-27,0.0,0.0,0.0,0.18814662098884585
113,1702124400,0.0,0.0,0.0,0.0,1.7401296999999994e-24,1.3116606000000002e-24,1.7367672e-24,1.736764e-24,0.0,0.0,0.0,0.0,0.0,0.0,0.0,0.0,0.0,0.0,0.0,0.0,0.0,0.0,0.0,45.72416,0.060559668,0.0,6.5969880000000005,6.166109300000001e-28,0.0,0.0,0.0,1.5747464999999998e-27,0.0,0.0,0.0,1.3208218e-24,6.4e-44,0.0,0.0,1.0820921999999999e-27,0.0,0.0,0.0,0.18814662098884585
113,1702125000,0.0,0.0,0.0,0.0,1.7401296999999994e-24,1.3116606000000002e-24,1.7367672e-24,1.736764e-24,0.0,0.0,0.0,0.0,0.0,0.0,0.0,0.0,0.0,0.0,0.0,0.0,0.0,0.0,0.0,45.72416,0.060559668,0.0,6.5969880000000005,6.166109300000001e-28,0.0,0.0,0.0,1.5747464999999998e-27,0.0,0.0,0.0,1.3208218e-24,6.4e-44,0.0,0.0,1.0820921999999999e-27,0.0,0.0,0.0,0.18814662098884585
113,1702125600,0.0,0.0,0.0,0.0,1.7401296999999994e-24,1.3116606000000002e-24,1.7367672e-24,1.736764e-24,0.0,0.0,0.0,0.0,0.0,0.0,0.0,0.0,0.0,0.0,0.0,0.0,0.0,0.0,0.0,45.72416,0.060559668,0.0,6.5969880000000005,6.166109300000001e-28,0.0,0.0,0.0,1.5747464999999998e-27,0.0,0.0,0.0,1.3208218e-24,6.4e-44,0.0,0.0,1.0820921999999999e-27,0.0,0.0,0.0,0.18814662098884585
113,1702126200,0.0,0.0,0.0,0.0,1.7401296999999994e-24,1.3116606000000002e-24,1.7367672e-24,1.736764e-24,0.0,0.0,0.0,0.0,0.0,0.0,0.0,0.0,0.0,0.0,0.0,0.0,0.0,0.0,0.0,45.72416,0.060559668,0.0,6.5969880000000005,6.166109300000001e-28,0.0,0.0,0.0,1.5747464999999998e-27,0.0,0.0,0.0,1.3208218e-24,6.4e-44,0.0,0.0,1.0820921999999999e-27,0.0,0.0,0.0,0.18814662098884585
113,1702126800,0.0,0.0,0.0,0.0,1.7401296999999994e-24,1.3116606000000002e-24,1.7367672e-24,1.736764e-24,0.0,0.0,0.0,0.0,0.0,0.0,0.0,0.0,0.0,0.0,0.0,0.0,0.0,0.0,0.0,45.72416,0.060559668,0.0,6.5969880000000005,6.166109300000001e-28,0.0,0.0,0.0,1.5747464999999998e-27,0.0,0.0,0.0,1.3208218e-24,6.4e-44,0.0,0.0,1.0820921999999999e-27,0.0,0.0,0.0,0.18814662098884585
113,1702127400,0.0,0.0,0.0,0.0,1.7401296999999994e-24,1.3116606000000002e-24,1.7367672e-24,1.736764e-24,0.0,0.0,0.0,0.0,0.0,0.0,0.0,0.0,0.0,0.0,0.0,0.0,0.0,0.0,0.0,45.72416,0.060559668,0.0,6.5969880000000005,6.166109300000001e-28,0.0,0.0,0.0,1.5747464999999998e-27,0.0,0.0,0.0,1.3208218e-24,6.4e-44,0.0,0.0,1.0820921999999999e-27,0.0,0.0,0.0,0.18814662098884585
113,1702128000,0.0,0.0,0.0,0.0,1.7401296999999994e-24,1.3116606000000002e-24,1.7367672e-24,1.736764e-24,0.0,0.0,0.0,0.0,0.0,0.0,0.0,0.0,0.0,0.0,0.0,0.0,0.0,0.0,0.0,45.72416,0.060559668,0.0,6.5969880000000005,6.166109300000001e-28,0.0,0.0,0.0,1.5747464999999998e-27,0.0,0.0,0.0,1.3208218e-24,6.4e-44,0.0,0.0,1.0820921999999999e-27,0.0,0.0,0.0,0.18814662098884585
113,1702128600,0.0,0.0,0.0,0.0,1.7401296999999994e-24,1.3116606000000002e-24,1.7367672e-24,1.736764e-24,0.0,0.0,0.0,0.0,0.0,0.0,0.0,0.0,0.0,0.0,0.0,0.0,0.0,0.0,0.0,45.72416,0.060559668,0.0,6.5969880000000005,6.166109300000001e-28,0.0,0.0,0.0,1.5747464999999998e-27,0.0,0.0,0.0,1.3208218e-24,6.4e-44,0.0,0.0,1.0820921999999999e-27,0.0,0.0,0.0,0.18814662098884585
113,1702129200,0.0,0.0,0.0,0.0,1.7401296999999994e-24,1.3116606000000002e-24,1.7367672e-24,1.736764e-24,0.0,0.0,0.0,0.0,0.0,0.0,0.0,0.0,0.0,0.0,0.0,0.0,0.0,0.0,0.0,45.72416,0.060559668,0.0,6.5969880000000005,6.166109300000001e-28,0.0,0.0,0.0,1.5747464999999998e-27,0.0,0.0,0.0,1.3208218e-24,6.4e-44,0.0,0.0,1.0820921999999999e-27,0.0,0.0,0.0,0.18814662098884585
113,1702129800,0.0,0.0,0.0,0.0,1.7401296999999994e-24,1.3116606000000002e-24,1.7367672e-24,1.736764e-24,0.0,0.0,0.0,0.0,0.0,0.0,0.0,0.0,0.0,0.0,0.0,0.0,0.0,0.0,0.0,45.72416,0.060559668,0.0,6.5969880000000005,6.166109300000001e-28,0.0,0.0,0.0,1.5747464999999998e-27,0.0,0.0,0.0,1.3208218e-24,6.4e-44,0.0,0.0,1.0820921999999999e-27,0.0,0.0,0.0,0.18814662098884585
113,1702130400,0.0,0.0,0.0,0.0,1.7401296999999994e-24,1.3116606000000002e-24,1.7367672e-24,1.736764e-24,0.0,0.0,0.0,0.0,0.0,0.0,0.0,0.0,0.0,0.0,0.0,0.0,0.0,0.0,0.0,45.72416,0.060559668,0.0,6.5969880000000005,6.166109300000001e-28,0.0,0.0,0.0,1.5747464999999998e-27,0.0,0.0,0.0,1.3208218e-24,6.4e-44,0.0,0.0,1.0820921999999999e-27,0.0,0.0,0.0,0.18814662098884585
113,1702131000,0.0,0.0,0.0,0.0,1.7401296999999994e-24,1.3116606000000002e-24,1.7367672e-24,1.736764e-24,0.0,0.0,0.0,0.0,0.0,0.0,0.0,0.0,0.0,0.0,0.0,0.0,0.0,0.0,0.0,45.72416,0.060559668,0.0,6.5969880000000005,6.166109300000001e-28,0.0,0.0,0.0,1.5747464999999998e-27,0.0,0.0,0.0,1.3208218e-24,6.4e-44,0.0,0.0,1.0820921999999999e-27,0.0,0.0,0.0,0.18814662098884585
113,1702131600,0.0,0.0,0.0,0.0,1.7401296999999994e-24,1.3116606000000002e-24,1.7367672e-24,1.736764e-24,0.0,0.0,0.0,0.0,0.0,0.0,0.0,0.0,0.0,0.0,0.0,0.0,0.0,0.0,0.0,45.72416,0.060559668,0.0,6.5969880000000005,6.166109300000001e-28,0.0,0.0,0.0,1.5747464999999998e-27,0.0,0.0,0.0,1.3208218e-24,6.4e-44,0.0,0.0,1.0820921999999999e-27,0.0,0.0,0.0,0.18814662098884585
113,1702132200,0.0,0.0,0.0,0.0,1.7401296999999994e-24,1.3116606000000002e-24,1.7367672e-24,1.736764e-24,0.0,0.0,0.0,0.0,0.0,0.0,0.0,0.0,0.0,0.0,0.0,0.0,0.0,0.0,0.0,45.72416,0.060559668,0.0,6.5969880000000005,6.166109300000001e-28,0.0,0.0,0.0,1.5747464999999998e-27,0.0,0.0,0.0,1.3208218e-24,6.4e-44,0.0,0.0,1.0820921999999999e-27,0.0,0.0,0.0,0.18814662098884585
113,1702132800,0.0,0.0,0.0,0.0,1.7401296999999994e-24,1.3116606000000002e-24,1.7367672e-24,1.736764e-24,0.0,0.0,0.0,0.0,0.0,0.0,0.0,0.0,0.0,0.0,0.0,0.0,0.0,0.0,0.0,45.72416,0.060559668,0.0,6.5969880000000005,6.166109300000001e-28,0.0,0.0,0.0,1.5747464999999998e-27,0.0,0.0,0.0,1.3208218e-24,6.4e-44,0.0,0.0,1.0820921999999999e-27,0.0,0.0,0.0,0.18814662098884585
113,1702133400,0.0,0.0,0.0,0.0,1.7401296999999994e-24,1.3116606000000002e-24,1.7367672e-24,1.736764e-24,0.0,0.0,0.0,0.0,0.0,0.0,0.0,0.0,0.0,0.0,0.0,0.0,0.0,0.0,0.0,45.72416,0.060559668,0.0,6.5969880000000005,6.166109300000001e-28,0.0,0.0,0.0,1.5747464999999998e-27,0.0,0.0,0.0,1.3208218e-24,6.4e-44,0.0,0.0,1.0820921999999999e-27,0.0,0.0,0.0,0.18814662098884585
113,1702134000,1.9672765e-11,1.9672765e-11,-15.748761000000002,2604.3617000000004,1.1957247e-05,3.087156e-08,9.008620000001562e-12,8.233796700156308e-14,7.7237056e-11,8.23216e-10,0.0,0.0,8.204041e-14,2.0715179e-13,2.083727e-13,2.0840385e-13,2.0840703e-13,2.0840762e-13,2.0840776999999995e-13,2.0840781000000002e-13,6.052755e-13,6.0527664e-13,7.085866600000001e-12,53.899955,12.8359897012,3.1518257e-17,6.889681600000001,1.5873083e-08,6.631173599999999e-08,9.2621865e-13,8.8531987e-14,9.266099e-09,6.93675e-09,9.2621865e-13,8.8531987e-14,5.0171824000000014e-09,7.2019106e-10,9.2621865e-13,8.8531987e-14,1.5535635e-08,1.6304653999999998e-08,9.2621865e-13,8.8531987e-14,0.1881466180086136
113,1702134600,1.5731417e-10,1.5731417e-10,-5.567915999999999,325.27764,1.2590687999999998e-05,2.3921073e-07,2.5399e-07,3.1964137e-08,2.4558287e-10,1.7854731e-09,0.0,0.0,6.7867756e-13,1.6851024e-12,1.6828247000000002e-12,1.692241e-12,1.6647848e-12,1.6493290999999999e-12,1.6639007999999999e-12,1.6700686e-12,4.755314e-12,4.856328e-12,5.6645400000000007e-11,53.9021835,12.8337957012,1.3133507e-15,6.876526400000001,9.814621e-08,2.9324056e-07,1.0596598e-11,1.2569285000000001e-12,1.0271505000000001e-07,1.3879824e-07,1.0596598e-11,1.2569285000000001e-12,6.455832700000001e-08,2.1731329000000003e-08,1.0596598e-11,1.2569285000000001e-12,9.443465e-08,6.516934999999999e-08,1.0596598e-11,1.2569285000000001e-12,0.18814661353826523
113,1702135200,0.0,0.0,0.0,0.0,1.7401296999999994e-24,1.3116606000000002e-24,1.7367672e-24,1.736764e-24,0.0,0.0,0.0,0.0,0.0,0.0,0.0,0.0,0.0,0.0,0.0,0.0,0.0,0.0,0.0,45.72416,0.060559668,0.0,6.5969880000000005,6.166109300000001e-28,0.0,0.0,0.0,1.5747464999999998e-27,0.0,0.0,0.0,1.3208218e-24,6.4e-44,0.0,0.0,1.0820921999999999e-27,0.0,0.0,0.0,0.18814662098884585
113,1702135800,0.0,0.0,0.0,0.0,1.7401296999999994e-24,1.3116606000000002e-24,1.7367672e-24,1.736764e-24,0.0,0.0,0.0,0.0,0.0,0.0,0.0,0.0,0.0,0.0,0.0,0.0,0.0,0.0,0.0,45.72416,0.060559668,0.0,6.5969880000000005,6.166109300000001e-28,0.0,0.0,0.0,1.5747464999999998e-27,0.0,0.0,0.0,1.3208218e-24,6.4e-44,0.0,0.0,1.0820921999999999e-27,0.0,0.0,0.0,0.18814662098884585
113,1702136400,0.0,0.0,0.0,0.0,1.7401296999999994e-24,1.3116606000000002e-24,1.7367672e-24,1.736764e-24,0.0,0.0,0.0,0.0,0.0,0.0,0.0,0.0,0.0,0.0,0.0,0.0,0.0,0.0,0.0,45.72416,0.060559668,0.0,6.5969880000000005,6.166109300000001e-28,0.0,0.0,0.0,1.5747464999999998e-27,0.0,0.0,0.0,1.3208218e-24,6.4e-44,0.0,0.0,1.0820921999999999e-27,0.0,0.0,0.0,0.18814662098884585
113,1702137000,0.0,0.0,0.0,0.0,1.7401296999999994e-24,1.3116606000000002e-24,1.7367672e-24,1.736764e-24,0.0,0.0,0.0,0.0,0.0,0.0,0.0,0.0,0.0,0.0,0.0,0.0,0.0,0.0,0.0,45.72416,0.060559668,0.0,6.5969880000000005,6.166109300000001e-28,0.0,0.0,0.0,1.5747464999999998e-27,0.0,0.0,0.0,1.3208218e-24,6.4e-44,0.0,0.0,1.0820921999999999e-27,0.0,0.0,0.0,0.18814662098884585
